game_id,title,year,n_obs,adj_mean,se,post_sd,z,lb_adj,lower_1,lower_post_1_96,expected_quality_pref,underratedness_pref,min_alt_resid,n_decile,vol_band_label,users_rated,rank_current,num_weights,is_reimplementation,weight,cat_str,share_heavy_500plus,share_heavy_250plus,share_light_10_24,share_own,mean_delta_pool,has_heavy_light_diff,mean_low_10_49_vs_500,mean_high_10_49_vs_500,diff_10_49_vs_500,mean_low_10_24_vs_1000,mean_high_10_24_vs_1000,disposition,disposition_reason,edition_flag,wellknown_flag,insuf_hidden_flag,niche_flag
156372,Heart of Crown: Fairy Garden,2013.0,305,8.433134886513713,0.06837225550959439,0.0681590942211892,22.781752319292114,8.299125265714908,8.364762631004119,8.299543061840183,6.875495095982778,1.557639790530935,1.5299719227317237,D6,200-499,350,4946,14,False,2.5714,Card Game; Fantasy,0.2131147540983606,0.4393442622950819,0.0557377049180327,0.7016393442622951,-0.4208398045465029,True,8.544186046511628,7.516923076923077,1.0272629695885511,8.411764705882353,7.0718749999999995,likely_hidden_gem_candidate,"heavy mean 7.52>=7.5 with n_low 43 vs n_high 65 and share_own 0.702 in [0.45,0.78]",False,False,False,False
1447,1841: Railways in Northern Italy,1994.0,343,8.792287096941868,0.0644737256055823,0.06429489503654842,22.675705917255446,8.665918594754926,8.727813371336286,8.666269102670233,7.330299855719861,1.4619872412220065,1.391565189487399,D6,200-499,375,4571,46,False,4.3913,Economic; Post-Napoleonic; Trains; Transportation,0.3323615160349854,0.629737609329446,0.0204081632653061,0.4548104956268221,-0.919867271868978,True,8.391304347826088,7.500350877192982,0.8909534706331055,9.0,7.0748,likely_hidden_gem_candidate,"heavy mean 7.50>=7.5 with n_low 23 vs n_high 114 and share_own 0.455 in [0.45,0.78]",False,False,False,False
3097,1849: The Game of Sicilian Railways,1998.0,942,8.92429353549263,0.038904906436849386,0.03886551005353453,36.9603387775475,8.848039918876406,8.88538862905578,8.848117135787703,7.486355013477889,1.4379385220147416,1.3279707294053242,D8,500-999,1057,1865,43,False,4.1628,Economic; Post-Napoleonic; Trains; Transportation,0.2876857749469214,0.583864118895966,0.0159235668789808,0.5881104033970276,-0.8330928985499635,True,8.269387755102041,7.766088560885608,0.5032991942164333,7.98,7.322297297297296,likely_hidden_gem_candidate,"heavy mean 7.77>=7.5 with n_low 49 vs n_high 271 and share_own 0.588 in [0.45,0.78]",False,False,False,False
63170,1817,2010.0,764,9.361686538785822,0.04319994036708914,0.043146021710534055,30.3175112560333,9.277014655666328,9.318486598418733,9.277120336233175,8.05197186044663,1.3097146783391924,1.2980828770105308,D8,500-999,890,1783,115,False,4.8,Economic; Trains; Transportation,0.281413612565445,0.5602094240837696,0.0274869109947644,0.5418848167539267,-0.8041093136549329,True,9.145454545454545,8.014186046511629,1.1312684989429158,8.976190476190476,7.840163934426229,likely_hidden_gem_candidate,"heavy mean 8.01>=7.5 with n_low 55 vs n_high 215 and share_own 0.542 in [0.45,0.78]",False,False,False,False
398162,MicroMacro: Crime City – Showdown,2023.0,452,8.277190611219277,0.056164333461957316,0.0560459990967448,22.818357825669437,8.16710851763384,8.22102627775732,8.167340452989658,6.9956127532441155,1.2815778579751615,1.1098665185218453,D7,200-499,813,2737,15,False,1.0,Deduction; Murder / Mystery,0.2831858407079646,0.5199115044247787,0.0309734513274336,0.7765486725663717,-0.3509440625467188,True,8.384065121951219,7.729818515625,0.6542466063262182,7.803333571428571,7.354081632653061,likely_hidden_gem_candidate,"heavy mean 7.73>=7.5 with n_low 41 vs n_high 128 and share_own 0.777 in [0.45,0.78]",False,False,False,False
194923,Techno Bowl: Arcade Football Unplugged,2017.0,262,8.564608858310077,0.07376989765630591,0.073502367136521,17.315308120918992,8.420019858903718,8.490838960653772,8.420544218722496,7.28726035034248,1.2773485079675968,1.2489924035417062,D5,200-499,321,4893,21,False,2.8095,Sports; Video Game Theme,0.2137404580152671,0.3625954198473282,0.0801526717557251,0.7519083969465649,-0.1988248125085489,True,9.014,7.682142857142858,1.3318571428571415,9.247619047619047,7.376190476190477,likely_hidden_gem_candidate,"heavy mean 7.68>=7.5 with n_low 50 vs n_high 56 and share_own 0.752 in [0.45,0.78]",False,False,False,False
39336,Mégawatts,2008.0,441,8.148456354629896,0.056860481350062685,0.056737701685268406,21.320769216034392,8.037009811183774,8.091595873279834,8.03725045932677,6.936147154252582,1.2123092003773142,1.0417011596093788,D7,200-499,463,4116,30,False,3.0333,Economic; Industry / Manufacturing,0.2607709750566893,0.4807256235827664,0.0294784580498866,0.5532879818594104,-0.3542537922716178,True,7.829496792452831,7.681043478260871,0.1484533141919604,8.257948461538462,7.945263157894737,likely_hidden_gem_candidate,"heavy mean 7.68>=7.5 with n_low 53 vs n_high 115 and share_own 0.553 in [0.45,0.78]",False,False,False,False
32424,1848: Australia,2007.0,577,8.656367553407017,0.04970978903519868,0.04962768734877146,23.30408842662936,8.558936366898028,8.60665776437182,8.559097286203425,7.497926234061657,1.1584413193453607,1.0986735963657406,D7,500-999,652,3136,33,False,3.8182,Economic; Trains; Transportation,0.3587521663778162,0.6655112651646446,0.0155979202772963,0.537261698440208,-0.7838198930950594,True,8.056521739130435,7.5696135265700475,0.48690821256038763,8.0,7.459722222222222,likely_hidden_gem_candidate,"heavy mean 7.57>=7.5 with n_low 23 vs n_high 207 and share_own 0.537 in [0.45,0.78]",False,False,False,False
12750,1860: Railways on the Isle of Wight,2004.0,982,8.703660115126953,0.038104308329865784,0.03806729208671099,29.648950823364057,8.628975670800415,8.665555806797087,8.629048222637,7.5739073512964605,1.129752763830492,1.0231864174432195,D8,500-999,1060,2163,94,False,4.1277,Economic; Trains; Transportation,0.3360488798370672,0.6262729124236253,0.0122199592668024,0.5784114052953157,-0.8139418564711527,True,8.372727272727273,7.513464636363636,0.8592626363636366,8.75,7.302870370370369,likely_hidden_gem_candidate,"heavy mean 7.51>=7.5 with n_low 44 vs n_high 330 and share_own 0.578 in [0.45,0.78]",False,False,False,False
18485,18MEX,2005.0,647,8.570115671167796,0.046943739941752556,0.04687457663664633,23.448646763325122,8.478105940881962,8.523171931226043,8.47824150095997,7.469348495524244,1.1007671756435524,1.030685529490606,D7,500-999,707,3184,38,False,3.8421,Economic; Trains; Transportation,0.3183925811437403,0.6599690880989181,0.0108191653786707,0.4837712519319938,-0.9127375104259148,True,8.036,7.553252427184466,0.4827475728155335,8.628571428571428,7.629642857142857,likely_hidden_gem_candidate,"heavy mean 7.55>=7.5 with n_low 25 vs n_high 206 and share_own 0.484 in [0.45,0.78]",False,False,False,False
199182,Commands & Colors Tricorne: The American Revolution,2017.0,303,8.497727718756414,0.0685975353803461,0.0683822667432328,15.794813165516924,8.363276549410935,8.429130183376067,8.363698475939678,7.41424246380891,1.0834852549475036,1.0682802972934873,D6,200-499,355,4610,24,False,2.4583,Age of Reason; American Revolutionary War; Wargame,0.2376237623762376,0.3894389438943894,0.0792079207920792,0.7623762376237624,-0.2838913821227561,True,8.31622641509434,8.140727916666666,0.1754984984276735,8.419166666666667,7.937371785714285,likely_hidden_gem_candidate,"heavy mean 8.14>=7.5 with n_low 53 vs n_high 72 and share_own 0.762 in [0.45,0.78]",False,False,False,False
295574,Dice Masters,2014.0,234,8.09500181766312,0.0780588049112976,0.07774205299786442,13.436701143688296,7.942006560036976,8.016943012751822,7.942627393787305,7.046148984436545,1.048852833226574,0.9720725028744983,D5,200-499,295,5577,14,False,2.7857,Collectible Components; Comic Book / Strip; Dice; Game System,0.2136752136752137,0.4273504273504274,0.0341880341880341,0.6837606837606838,-0.1889291680904706,True,8.513793103448275,7.6184199999999995,0.8953731034482759,8.5,7.3075624999999995,likely_hidden_gem_candidate,"heavy mean 7.62>=7.5 with n_low 29 vs n_high 50 and share_own 0.684 in [0.45,0.78]",False,False,False,False
364766,MicroMacro: Crime City – All In,2022.0,1234,8.138129938631547,0.033991650033621555,0.033965364545406725,30.776960442981245,8.071506304565649,8.104138288597925,8.07155782412255,7.091970270155114,1.0461596684764327,1.0541818400995329,D9,1k-2.5k,1715,1466,41,False,1.0732,Deduction; Humor; Murder / Mystery,0.2285251215559157,0.4489465153970826,0.0170178282009724,0.7463533225283631,-0.2921763973025353,True,7.959663865546219,7.664385354609928,0.2952785109362903,8.061904761904762,7.395882352941176,likely_hidden_gem_candidate,"heavy mean 7.66>=7.5 with n_low 119 vs n_high 282 and share_own 0.746 in [0.45,0.78]",False,False,False,False
250396,Terminator Genisys: Rise of the Resistance,2018.0,607,8.03113777629878,0.04846581063075038,0.048389710410788024,21.445627108385583,7.936144787462508,7.982671965668029,7.936293943893634,6.991758074006077,1.0393797022927025,0.7704596810737012,D7,500-999,701,3139,34,False,2.5588,Miniatures; Movies / TV / Radio theme; Science Fiction,0.1317957166392092,0.2899505766062603,0.1070840197693575,0.7380560131795717,-0.0650092754750647,True,8.420072463768115,7.595999999999999,0.8240724637681156,8.481538461538461,7.7112,likely_hidden_gem_candidate,"heavy mean 7.60>=7.5 with n_low 138 vs n_high 80 and share_own 0.738 in [0.45,0.78]",False,False,False,False
4205,On to Richmond!,1998.0,226,8.302188931812749,0.07942836210354509,0.07909471532232966,12.411604149215785,8.1465093420898,8.222760569709203,8.147163289780982,7.316355543162975,0.9858333886497741,0.9681832489390176,D5,200-499,237,6077,30,False,3.3333,American Civil War; Wargame,0.1769911504424778,0.3672566371681416,0.0884955752212389,0.7256637168141593,-0.3396520734056687,True,8.495238095238095,7.738333249999999,0.756904845238096,8.465,7.911764705882353,likely_hidden_gem_candidate,"heavy mean 7.74>=7.5 with n_low 42 vs n_high 40 and share_own 0.726 in [0.45,0.78]",False,False,False,False
267304,Mega Empires: The West,2019.0,366,8.654935243872105,0.06241504441685287,0.06225276076499692,15.605118670829654,8.532601756815072,8.592520199455253,8.532919832772711,7.680941068902012,0.9739941749700929,0.859676586634337,D6,200-499,472,3844,18,False,3.2222,Ancient; Bluffing; City Building; Civilization; Economic; Memory; Mythology; Nautical; Negotiation; Pirates; Political; Prehistoric; Real-time; Territory Building,0.2540983606557377,0.5081967213114754,0.0382513661202185,0.5355191256830601,-0.5312467192819462,True,8.78888888888889,7.578924731182796,1.2099641577060938,8.464285714285714,7.707741935483872,likely_hidden_gem_candidate,"heavy mean 7.58>=7.5 with n_low 45 vs n_high 93 and share_own 0.536 in [0.45,0.78]",False,False,False,False
31790,"Crusade and Revolution: The Spanish Civil War, 1936-1939",2013.0,546,8.815376528973973,0.05110148316625884,0.051012303511929896,18.923719606874585,8.715217621968105,8.764275045807715,8.71539241409059,7.848346390040269,0.9670301389337039,0.9726143594598042,D7,500-999,632,2711,70,False,3.3286,Civil War; Wargame,0.1465201465201465,0.3131868131868132,0.0915750915750915,0.7307692307692307,-0.3143142579117016,True,8.992622950819671,7.818250000000001,1.17437295081967,9.06,7.285714285714286,likely_hidden_gem_candidate,"heavy mean 7.82>=7.5 with n_low 122 vs n_high 80 and share_own 0.731 in [0.45,0.78]",False,False,False,False
373105,Legendary Encounters: The Matrix,2023.0,245,8.416420322121468,0.0762863409192595,0.0759905992963024,12.624388750218612,8.266899093919719,8.340133981202209,8.267478747500714,7.453351898025026,0.9630684240964413,0.8790901484538534,D5,200-499,508,3452,20,False,2.85,Card Game; Fighting; Movies / TV / Radio theme; Science Fiction,0.2244897959183673,0.4612244897959183,0.0408163265306122,0.7306122448979592,-0.2090189751826864,True,8.53448275862069,7.925090909090909,0.6093918495297812,8.2,8.18235294117647,likely_hidden_gem_candidate,"heavy mean 7.93>=7.5 with n_low 29 vs n_high 55 and share_own 0.731 in [0.45,0.78]",False,False,False,False
270871,Agemonia,2024.0,650,9.135647450048715,0.04683528294677856,0.04676659721139372,20.24125404100413,9.04385029547303,9.088812167101937,9.043984919514383,8.187642589840662,0.9480048602080533,0.8601323378070749,D7,500-999,1462,1206,92,False,3.3152,Adventure; Exploration; Fantasy,0.1769230769230769,0.3107692307692307,0.0907692307692307,0.6661538461538462,-0.3111089885102608,True,9.33290322580645,8.185217391304347,1.147685834502104,9.389830508474576,8.136585365853657,likely_hidden_gem_candidate,"heavy mean 8.19>=7.5 with n_low 155 vs n_high 115 and share_own 0.666 in [0.45,0.78]",False,False,False,False
69601,1880: China,2010.0,571,8.682921213211504,0.04997027879623995,0.04988688181397258,18.9242356173657,8.584979466770873,8.632950934415264,8.585142924856118,7.737271883406006,0.945649329805498,0.92452280495948,D7,500-999,656,3131,42,False,4.1667,Economic; Trains,0.3274956217162872,0.6427320490367776,0.0140105078809106,0.5236427320490368,-0.7737040503393486,True,8.432692307692308,7.668021390374331,0.7646709173179778,7.75,7.9186764705882355,likely_hidden_gem_candidate,"heavy mean 7.67>=7.5 with n_low 26 vs n_high 187 and share_own 0.524 in [0.45,0.78]",False,False,False,False
265752,Exceed: Street Fighter – Ryu Box,2019.0,221,8.25618680623385,0.08032184760121595,0.07997686327096923,11.263608605287006,8.098755984935467,8.175864958632635,8.09943215422275,7.351472952400243,0.9047138538336075,0.8991910637288889,D5,200-499,242,6252,7,False,2.5714,Card Game; Fighting; Video Game Theme,0.2760180995475113,0.4705882352941176,0.0090497737556561,0.7285067873303167,-0.4498519646048916,True,7.9,7.695081967213114,0.20491803278688625,,,likely_hidden_gem_candidate,"heavy mean 7.70>=7.5 with n_low 15 vs n_high 61 and share_own 0.729 in [0.45,0.78]",False,False,False,False
212346,Shadows of Brimstone: Forbidden Fortress,2018.0,678,8.525346186817313,0.04585798624177283,0.04579350528335391,19.647651059073887,8.435464533783438,8.47948820057554,8.435590916461939,7.624344474867149,0.9010017119501637,0.8768251376284617,D8,500-999,830,2491,27,False,3.5556,Adventure; Exploration; Fantasy; Fighting; Horror; Miniatures,0.1091445427728613,0.2551622418879056,0.107669616519174,0.7787610619469026,-0.1293186499441548,True,8.759677419354839,7.597162162162163,1.162515257192676,8.856164383561644,7.1246875,likely_hidden_gem_candidate,"heavy mean 7.60>=7.5 with n_low 186 vs n_high 74 and share_own 0.779 in [0.45,0.78]",False,False,False,False
289247,Verdun 1916: Steel Inferno,2020.0,327,8.642456427102646,0.06603222787564088,0.06584015192507317,13.290504339983576,8.51303326046639,8.576424199227006,8.513409729329503,7.764854815942656,0.8776016111599896,0.8207208361340337,D6,200-499,461,3860,21,False,2.5714,Wargame; World War I,0.2140672782874617,0.4128440366972477,0.0764525993883792,0.7431192660550459,-0.4210496992738996,True,8.566666666666666,7.771428571428571,0.7952380952380951,8.56,7.669999999999999,likely_hidden_gem_candidate,"heavy mean 7.77>=7.5 with n_low 57 vs n_high 70 and share_own 0.743 in [0.45,0.78]",False,False,False,False
282435,1882: Assiniboia,2019.0,717,8.905151930695896,0.04459336535666275,0.044534066394113433,19.528354471365706,8.817748934596837,8.860558565339232,8.817865160563434,8.034316884939866,0.8708350457560297,0.856861592657129,D8,500-999,800,2571,33,False,3.8788,Economic; Trains; Transportation,0.2887029288702928,0.610878661087866,0.0167364016736401,0.5118549511854951,-0.8879273839734437,True,8.629032258064516,7.634299516908213,0.9947327411563034,8.625,7.439107142857142,likely_hidden_gem_candidate,"heavy mean 7.63>=7.5 with n_low 31 vs n_high 207 and share_own 0.512 in [0.45,0.78]",False,False,False,False
277538,1822MX,2019.0,265,8.955476065677736,0.07335114367176006,0.07308812706335754,11.812006002154225,8.811707824081086,8.882124922005977,8.812223336633556,8.08905191636203,0.8664241493157068,0.8304462894020368,D5,200-499,327,4787,17,False,4.2353,Economic; Trains,0.3547169811320755,0.6603773584905661,0.0113207547169811,0.5509433962264151,-0.8388722920928351,True,8.861538461538462,7.760106382978723,1.1014320785597391,9.566666666666666,7.515,likely_hidden_gem_candidate,"heavy mean 7.76>=7.5 with n_low 13 vs n_high 94 and share_own 0.551 in [0.45,0.78]",False,False,False,False
296345,Sherlock Holmes Consulting Detective: The Baker Street Irregulars,2020.0,1404,8.416718743234867,0.031867373660689445,0.031845711632774235,27.07528716089927,8.354258690859915,8.384851369574177,8.35430114843463,7.5539004503080225,0.8628182929268444,0.875717336308508,D9,1k-2.5k,1819,1079,37,False,2.2703,Deduction; Murder / Mystery; Novel-based,0.116096866096866,0.2478632478632478,0.0925925925925925,0.7592592592592593,-0.2418773614685041,True,8.351597232142858,7.847208588957056,0.504388643185802,8.446512846153848,7.5434090909090905,likely_hidden_gem_candidate,"heavy mean 7.85>=7.5 with n_low 336 vs n_high 163 and share_own 0.759 in [0.45,0.78]",False,False,False,False
233261,Tidal Blades 2: Rise of the Unfolders,2024.0,291,8.813865650359931,0.06999762940654855,0.06976895318007352,12.186157182576453,8.676670296723096,8.743868020953382,8.677118502126987,7.960863536003995,0.8530021143559363,0.7264180124549036,D5,200-499,953,1834,45,False,2.9778,Adventure; Fantasy; Miniatures,0.2233676975945017,0.4054982817869416,0.0481099656357388,0.7216494845360825,-0.2563169562018558,True,8.9375,8.189076923076923,0.7484230769230766,9.428571428571429,7.6863636363636365,likely_hidden_gem_candidate,"heavy mean 8.19>=7.5 with n_low 40 vs n_high 65 and share_own 0.722 in [0.45,0.78]",False,False,False,False
343844,Bullet★,2022.0,993,8.384034269426367,0.037892669535011005,0.03785626607141958,22.509076988350408,8.309764637137746,8.346141599891356,8.309835987926386,7.531105253568684,0.8529290158576828,0.7403193267892103,D8,500-999,1471,1575,25,False,2.08,Fighting; Puzzle; Real-time; Science Fiction,0.202416918429003,0.4028197381671702,0.0412890231621349,0.7462235649546828,-0.414880190876516,True,8.38642857142857,7.529601990049751,0.8568265813788196,8.646341463414634,7.402857142857144,likely_hidden_gem_candidate,"heavy mean 7.53>=7.5 with n_low 140 vs n_high 201 and share_own 0.746 in [0.45,0.78]",False,False,False,False
281474,Lands of Galzyr,2022.0,1712,8.194467779780267,0.028858778605548165,0.028842687948087115,29.051035752459775,8.137904573713392,8.165609001174719,8.137936111402016,7.3560903707381655,0.838377409042101,0.7992970259925762,D9,1k-2.5k,2317,1049,100,False,1.71,Adventure; Animals; Dice; Exploration; Fantasy,0.1682242990654205,0.3656542056074766,0.0619158878504672,0.7067757009345794,-0.2562981944998897,True,8.442424218181818,7.524229166666667,0.9181950515151511,8.516981132075472,7.129845360824741,likely_hidden_gem_candidate,"heavy mean 7.52>=7.5 with n_low 275 vs n_high 288 and share_own 0.707 in [0.45,0.78]",False,False,False,False
96026,18OE: On the Rails of the Orient Express,2014.0,291,8.699956279949367,0.06999762940654855,0.06976895318007352,11.968239927280164,8.562760926312531,8.629958650542818,8.563209131716423,7.862207856870953,0.8377484230784145,0.8131759169130799,D5,200-499,319,5167,54,False,4.5185,Economic; Trains; Transportation,0.3505154639175257,0.6323024054982818,0.0309278350515463,0.5292096219931272,-0.7018463143136298,True,8.911764705882353,7.839705882352942,1.072058823529411,9.166666666666666,7.627631578947369,likely_hidden_gem_candidate,"heavy mean 7.84>=7.5 with n_low 17 vs n_high 102 and share_own 0.529 in [0.45,0.78]",False,False,False,False
155496,Holdfast: Russia 1941-42,2014.0,229,8.000761207056277,0.07890637378459743,0.0785792348952443,10.5055916069136,7.846104714438466,7.921854833271679,7.846745906661598,7.171803068892823,0.8289581381634541,0.8244613466984196,D5,200-499,242,6714,32,False,2.125,Wargame; World War II,0.3187772925764192,0.554585152838428,0.0305676855895196,0.5414847161572053,-0.3742365782353218,True,8.304347826086957,7.554440273972603,0.7499075521143537,8.5,7.25,likely_hidden_gem_candidate,"heavy mean 7.55>=7.5 with n_low 23 vs n_high 73 and share_own 0.541 in [0.45,0.78]",False,False,False,False
214296,Tenkatoitsu,2016.0,220,8.647106909100552,0.0805041902821926,0.08015686127184184,10.215498752662496,8.489318696147455,8.566602718818359,8.489999461007741,7.824716453688709,0.8223904554118429,0.8207912820743868,D5,200-499,258,5573,29,False,3.4138,Pike and Shot; Renaissance; Wargame,0.1318181818181818,0.3318181818181818,0.0727272727272727,0.7136363636363636,-0.3864250909187324,True,8.576595744680851,7.860344827586206,0.7162509170946452,8.675,7.1000000000000005,likely_hidden_gem_candidate,"heavy mean 7.86>=7.5 with n_low 47 vs n_high 29 and share_own 0.714 in [0.45,0.78]",False,False,False,False
364655,Kinfire Chronicles: Night's Fall,2023.0,571,8.625735590447867,0.04997027879623995,0.04988688181397258,16.330154649210815,8.527793844007237,8.575765311651628,8.527957302092481,7.809713209841089,0.8160223806067783,0.7753750126406391,D7,500-999,1451,1430,47,False,2.6809,Adventure; Fantasy,0.211908931698774,0.4010507880910683,0.0840630472854641,0.6287215411558669,-0.3358056429872811,True,8.853061224489796,7.956198347107438,0.8968628773823584,8.96875,8.092857142857142,likely_hidden_gem_candidate,"heavy mean 7.96>=7.5 with n_low 98 vs n_high 121 and share_own 0.629 in [0.45,0.78]",False,False,False,False
345266,Tales from the Red Dragon Inn,2023.0,519,8.66496780188543,0.05241386040301802,0.052317644998938824,15.545784108020507,8.562236635495514,8.612553941482412,8.56242521768751,7.850153243792187,0.8148145580932429,0.7886353838479749,D7,500-999,936,2102,34,False,2.6471,Card Game; Dice; Exploration; Fantasy; Miniatures,0.1599229287090559,0.3622350674373796,0.0558766859344894,0.7129094412331407,-0.3100737749104749,True,8.74,7.819277108433735,0.9207228915662649,8.844827586206897,7.7371428571428575,likely_hidden_gem_candidate,"heavy mean 7.82>=7.5 with n_low 75 vs n_high 83 and share_own 0.713 in [0.45,0.78]",False,False,False,False
363625,Fateforge: Chronicles of Kaan,2024.0,407,8.615426640144564,0.05918785783529022,0.059049413462731064,13.743989742766322,8.499418438787396,8.556238782309274,8.499689789757612,7.801949329160024,0.8134773109845401,0.6302764214653536,D6,200-499,1347,1656,41,False,2.7805,Adventure; Fantasy,0.1818181818181818,0.3783783783783784,0.0761670761670761,0.6953316953316954,-0.3578099325278629,True,8.82716049382716,7.687162162162163,1.139998331664997,8.693548387096774,6.941071428571428,likely_hidden_gem_candidate,"heavy mean 7.69>=7.5 with n_low 81 vs n_high 74 and share_own 0.695 in [0.45,0.78]",False,False,False,False
129122,Band of Brothers: Ghost Panzer,2013.0,421,8.218505907939022,0.058195416224104214,0.0580638045500854,13.9369997148064,8.104442892139778,8.160310491714919,8.104700851020855,7.407436408620642,0.8110694993183802,0.7519451898865999,D6,200-499,459,4166,40,False,2.725,Wargame; World War II,0.1900237529691211,0.3610451306413301,0.0641330166270783,0.7268408551068883,-0.3311332238535109,True,8.121830985915492,7.651048750000001,0.4707822359154914,8.148148148148149,7.5993,likely_hidden_gem_candidate,"heavy mean 7.65>=7.5 with n_low 71 vs n_high 80 and share_own 0.727 in [0.45,0.78]",False,False,False,False
193867,1822: The Railways of Great Britain,2016.0,642,8.883187049575545,0.04712618812236057,0.047056216467318245,17.07713197883627,8.790819720855719,8.836060861453184,8.7909568652996,8.078406915350527,0.8047801342250178,0.7999363170332039,D7,500-999,717,2693,33,False,4.3636,Economic; Trains; Transportation,0.2881619937694704,0.5841121495327102,0.0218068535825545,0.5809968847352025,-0.794540632130054,True,8.448717948717949,7.844108108108108,0.6046098406098412,8.607142857142858,7.835,likely_hidden_gem_candidate,"heavy mean 7.84>=7.5 with n_low 39 vs n_high 185 and share_own 0.581 in [0.45,0.78]",False,False,False,False
3263,Ukraine '43: The Soviet Summer Offensive Against Army Group South,2000.0,476,8.265970604559664,0.05473011368359826,0.05462059775990211,14.577206634644906,8.15869958173981,8.211240490876065,8.158914232950256,7.468158428256245,0.7978121763034185,0.7004232897065146,D7,200-499,521,3870,60,False,3.5167,Wargame; World War II,0.1218487394957983,0.3046218487394958,0.0588235294117647,0.7563025210084033,-0.3725076633831895,True,8.095360824742269,7.595661379310345,0.4996994454319239,8.392857142857142,7.605555555555556,likely_hidden_gem_candidate,"heavy mean 7.60>=7.5 with n_low 97 vs n_high 58 and share_own 0.756 in [0.45,0.78]",False,False,False,False
422374,Lone Wolves,2024.0,233,8.314989390268016,0.07822613373120726,0.07790734877248769,9.762470452397885,8.16166616815485,8.23676325653681,8.16229098667394,7.551309071111779,0.7636803191562365,0.6698628327991898,D5,200-499,998,2688,32,False,1.9375,Card Game,0.4420600858369098,0.6738197424892703,0.0429184549356223,0.6437768240343348,-0.412113853787332,True,7.833333333333333,7.766990291262136,0.06634304207119701,8.15,7.684615384615384,likely_hidden_gem_candidate,"heavy mean 7.77>=7.5 with n_low 15 vs n_high 103 and share_own 0.644 in [0.45,0.78]",False,False,False,False
184424,Mega Civilization,2015.0,1038,8.61928457710298,0.03706219611913911,0.03702813196000344,20.49502750918892,8.546642672709467,8.58222238098384,8.546709438461372,7.859693848090268,0.7595907290127109,0.7144283369888402,D8,1k-2.5k,1153,1808,85,False,3.7059,Ancient; Bluffing; City Building; Civilization; Economic; Mythology; Nautical; Negotiation; Pirates; Political; Prehistoric; Territory Building,0.2803468208092485,0.5298651252408477,0.0472061657032755,0.4527938342967245,-0.5014231994536567,True,8.817948717948719,7.604123711340207,1.213825006608512,9.010204081632653,7.212020202020202,likely_hidden_gem_candidate,"heavy mean 7.60>=7.5 with n_low 117 vs n_high 291 and share_own 0.453 in [0.45,0.78]",False,False,False,False
66837,1862: Railway Mania in the Eastern Counties,2013.0,1217,8.881380384195118,0.03422823755653932,0.034201399820008166,22.042515226769442,8.814293038584301,8.84715214663858,8.814345640547902,8.126903936669619,0.7544764475254997,0.7482359138350478,D9,1k-2.5k,1410,1380,118,False,4.5932,Economic; Trains,0.257189811010682,0.5349219391947412,0.0320460147904683,0.6984387838948234,-0.6772053636528134,True,8.605,7.843450479233227,0.7615495207667733,8.494871794871795,7.544893617021277,likely_hidden_gem_candidate,"heavy mean 7.84>=7.5 with n_low 100 vs n_high 313 and share_own 0.698 in [0.45,0.78]",False,False,False,False
187687,Pathfinder Adventure Card Game: Mummy's Mask – Base Set,2016.0,592,8.101675733964873,0.04907597914613867,0.048996973071364344,15.173192628549291,8.005486814838441,8.052599754818734,8.005641666745,7.357036448945843,0.74463928501903,0.7644317167021217,D7,500-999,638,3441,16,False,2.8125,Card Game; Fantasy; Fighting,0.1773648648648648,0.3699324324324324,0.0844594594594594,0.7381756756756757,-0.2426648218027059,True,7.858897637795276,7.671989523809523,0.18690811398575313,8.0176,7.6571428571428575,likely_hidden_gem_candidate,"heavy mean 7.67>=7.5 with n_low 127 vs n_high 105 and share_own 0.738 in [0.45,0.78]",False,False,False,False
227127,Europe in Turmoil: Prelude to the Great War,2018.0,305,8.447008654529867,0.06837225550959439,0.0681590942211892,10.800650261508698,8.312999033731062,8.378636399020273,8.313416829856337,7.708543835180227,0.7384648193496401,0.7155403406106986,D6,200-499,360,4797,27,False,2.8519,Political; Post-Napoleonic; Wargame,0.2426229508196721,0.4590163934426229,0.0360655737704918,0.6163934426229508,-0.5449758676446196,True,8.251351351351351,7.749594594594595,0.5017567567567562,7.818181818181818,7.325769230769231,likely_hidden_gem_candidate,"heavy mean 7.75>=7.5 with n_low 37 vs n_high 74 and share_own 0.616 in [0.45,0.78]",False,False,False,False
293207,Eila and Something Shiny,2021.0,1257,8.226961455084627,0.03367923263593169,0.03365366473434156,21.65180843415266,8.160950159118201,8.193282222448696,8.161000272205317,7.497745161842172,0.7292162932424553,0.7461257615678338,D9,1k-2.5k,2199,1086,82,False,2.0122,Adventure; Animals; Fantasy,0.1901352426412092,0.3691328560063643,0.0525059665871121,0.6229116945107399,-0.2586930939072132,True,8.428866995073891,7.566652719665273,0.8622142754086184,8.507575757575758,7.455555555555557,likely_hidden_gem_candidate,"heavy mean 7.57>=7.5 with n_low 203 vs n_high 239 and share_own 0.623 in [0.45,0.78]",False,False,False,False
173442,Empires: Age of Discovery,2015.0,2283,8.328076738230656,0.024990610796279976,0.024980159710730216,28.20941668616764,8.279095141069948,8.303086127434376,8.279115625197624,7.623106185036555,0.7049705531941015,0.6497329371524998,D9,1k-2.5k,2396,1010,96,False,3.3125,Civilization; Exploration; Renaissance,0.2987297415681121,0.6005256241787122,0.0236530880420499,0.4848883048620236,-0.505712944976173,True,8.551338028169013,7.509907917888564,1.0414301102804489,8.742592592592594,7.406785294117648,likely_hidden_gem_candidate,"heavy mean 7.51>=7.5 with n_low 142 vs n_high 682 and share_own 0.485 in [0.45,0.78]",False,False,False,False
209003,Commands & Colors: Medieval,2019.0,544,8.526124585098128,0.051195333535803245,0.05110566249265415,13.59873498005062,8.425781731367953,8.474929251562324,8.425957486612525,7.829932812129441,0.6961917729686862,0.697037399437419,D7,500-999,662,2989,30,False,2.6333,Medieval; Wargame,0.2279411764705882,0.4044117647058823,0.0625,0.7224264705882353,-0.3293966439216587,True,8.446582278481012,7.760806451612902,0.6857758268681096,8.808235294117647,7.633829787234043,likely_hidden_gem_candidate,"heavy mean 7.76>=7.5 with n_low 79 vs n_high 124 and share_own 0.722 in [0.45,0.78]",False,False,False,False
223931,Sherlock Holmes Consulting Detective: Carlton House & Queen's Park,2017.0,1404,8.008210005971675,0.031867373660689445,0.031845711632774235,21.320885755761786,7.9457499535967235,7.976342632310986,7.945792411171437,7.328769372815943,0.6794406331557319,0.6808320071237546,D9,1k-2.5k,1636,1653,25,False,2.24,Deduction; Murder / Mystery; Novel-based; Post-Napoleonic; Puzzle; Spies / Secret Agents,0.1296296296296296,0.2905982905982905,0.0904558404558404,0.7407407407407407,-0.2374105544047283,True,7.819431172638438,7.561071428571428,0.25835974406700934,7.7829644094488195,7.4875454545454545,likely_hidden_gem_candidate,"heavy mean 7.56>=7.5 with n_low 307 vs n_high 182 and share_own 0.741 in [0.45,0.78]",False,False,False,False
29285,Case Blue,2007.0,293,8.568516070249974,0.06975832057135248,0.06953197417658989,9.695841701584241,8.431789761930123,8.49875774967862,8.432233400863858,7.8921504366217725,0.6763656336282011,0.632206492491802,D5,200-499,327,5124,71,False,4.5352,Wargame; World War II,0.1399317406143344,0.3174061433447099,0.0750853242320819,0.6552901023890785,-0.3822020770759121,True,8.548245614035087,7.742439024390244,0.8058065896448436,9.079545454545455,7.2775,likely_hidden_gem_candidate,"heavy mean 7.74>=7.5 with n_low 57 vs n_high 41 and share_own 0.655 in [0.45,0.78]",False,False,False,False
379583,Patterns,2023.0,360,8.17285494447676,0.0629330204719034,0.06276667367426492,10.64765045562635,8.04950622435183,8.109921924004858,8.049832264075201,7.502766140375156,0.6700888041016047,0.5263993959350177,D6,200-499,549,3911,21,False,1.8571,Abstract Strategy; Puzzle,0.4472222222222222,0.7472222222222222,0.0083333333333333,0.7083333333333334,-0.470452166698987,False,,,,7.0,7.464772727272727,likely_hidden_gem_candidate,no diff n>=10 but moderate share_own 0.708 share_heavy 0.447 num_weights 21 n 360 resid 0.67,False,False,False,False
15369,The Devil's Cauldron: The Battles for Arnhem and Nijmegen,2008.0,401,8.523162039899711,0.059629015674999925,0.05948745990342611,11.204376629964733,8.406289169176711,8.463533024224711,8.406566618488997,7.855056090202941,0.6681059496967698,0.6084405222368687,D6,200-499,434,4121,86,False,3.8372,Wargame; World War II,0.1596009975062344,0.3241895261845386,0.1022443890274314,0.655860349127182,-0.3317006932662925,True,8.767978723404257,7.62296875,1.1450099734042567,8.86951219512195,6.879615384615385,likely_hidden_gem_candidate,"heavy mean 7.62>=7.5 with n_low 94 vs n_high 64 and share_own 0.656 in [0.45,0.78]",False,False,False,False
277030,1824: Austrian-Hungarian Railway,2019.0,324,8.58846574072724,0.06633722824173979,0.06614248626382174,9.957568213410704,8.458444773373431,8.522128512485502,8.45882646765015,7.927908265421522,0.6605574753057191,0.5947502132568356,D6,200-499,373,4714,23,False,4.0,Economic; Trains,0.3302469135802469,0.6080246913580247,0.0246913580246913,0.6049382716049383,-0.7158762345544057,True,7.947368421052632,7.728691588785046,0.21867683226758583,8.3125,7.329142857142856,likely_hidden_gem_candidate,"heavy mean 7.73>=7.5 with n_low 19 vs n_high 107 and share_own 0.605 in [0.45,0.78]",False,False,False,False
257518,Claustrophobia 1643,2019.0,1489,8.182238933093712,0.030944429314712633,0.030924594278396146,20.98138247310536,8.121587851636876,8.151294503778999,8.121626728308057,7.532982026229753,0.6492569068639593,0.6538258285352931,D9,1k-2.5k,1642,1494,54,False,2.7407,Adventure; Exploration; Fantasy; Fighting; Horror; Medieval; Miniatures,0.1631967763599731,0.3720617864338482,0.0691739422431161,0.712558764271323,-0.2274968847391066,True,8.376819409448819,7.587004115226338,0.789815294222481,8.583042038834952,7.541388888888889,likely_hidden_gem_candidate,"heavy mean 7.59>=7.5 with n_low 254 vs n_high 243 and share_own 0.713 in [0.45,0.78]",False,False,False,False
28181,Combat Commander: Pacific,2008.0,1711,8.476966419201103,0.028867210681288526,0.028851105923274726,21.632781168795727,8.420386686265777,8.448099208519814,8.420418251591485,7.852488367579266,0.6244780516218373,0.6232597986278359,D9,1k-2.5k,1845,1100,173,False,3.2486,Wargame; World War II,0.1858562244301577,0.3711279953243717,0.0590298071303331,0.6797194623027469,-0.3796652502940065,True,8.475189113475178,7.758962264150944,0.7162268493242339,8.28072603960396,7.270899999999999,likely_hidden_gem_candidate,"heavy mean 7.76>=7.5 with n_low 282 vs n_high 318 and share_own 0.680 in [0.45,0.78]",False,False,False,False
336847,Tyrants of the Underdark: Board Game,2021.0,2602,8.562404123551204,0.023408639881100757,0.023400049889714176,26.588890935733204,8.516523189384246,8.538995483670103,8.516540025767364,7.939994350798761,0.6224097727524427,0.6385799801361927,D9,2.5k-5k,3488,,106,False,2.4623,Fantasy; Fighting,0.1179861644888547,0.3105303612605687,0.0603382013835511,0.7106072252113759,-0.3745724556034606,True,8.59158802247191,7.680504885993485,0.9110831364784255,8.700636942675159,7.5470588235294125,likely_hidden_gem_candidate,"heavy mean 7.68>=7.5 with n_low 445 vs n_high 307 and share_own 0.711 in [0.45,0.78]",False,False,False,False
383206,Freelancers: A Crossroads Game,2023.0,905,8.176023121952609,0.039692233450730884,0.03965039911476207,15.118332325879305,8.098226344389175,8.136330888501877,8.098308339687675,7.575942745888076,0.6000803760645326,0.49377078896818105,D8,500-999,1317,1944,17,False,2.1176,Adventure; Dice; Fantasy,0.2552486187845304,0.4607734806629834,0.0508287292817679,0.6685082872928176,-0.3467329893559324,True,8.066956521739131,7.565545454545455,0.5014110671936765,8.304347826086957,7.32191011235955,likely_hidden_gem_candidate,"heavy mean 7.57>=7.5 with n_low 115 vs n_high 231 and share_own 0.669 in [0.45,0.78]",False,False,False,False
255249,Monikers: More Monikers,2018.0,452,8.575100419740723,0.056164333461957316,0.0560459990967448,40.451787386583405,8.465018326155286,8.518936086278766,8.465250261511104,6.303152743828454,2.271947675912269,2.1775906449677116,D7,200-499,521,3227,2,False,1.0,Card Game; Humor; Mature / Adult; Party Game,0.1703539823008849,0.3938053097345132,0.0243362831858407,0.8448275862068966,-0.3146099993867349,True,8.571063829787233,7.719736842105264,0.8513269876819693,8.597575454545455,7.657894736842105,high_quality_but_niche_only,"share_own 0.845>=0.78 and share_light 0.024<=0.04 and users 521<1500 — high owner concentration, limited light reach",True,False,False,True
179448,Monikers: Shmonikers,2015.0,319,8.298090461297656,0.06685509112221476,0.06665576642038216,30.73755194604677,8.167054482698115,8.231235370175442,8.167445159113708,6.24312862507089,2.0549618362267665,1.8707341218839106,D6,200-499,326,4747,3,False,1.0,Party Game,0.1943573667711599,0.4043887147335423,0.0250783699059561,0.8714733542319749,-0.2935136587898178,True,8.39102564102564,7.4840322580645156,0.906993382961125,8.5,7.41,high_quality_but_niche_only,"share_own 0.871>=0.78 and share_light 0.025<=0.04 and users 326<1500 — high owner concentration, limited light reach",True,False,False,True
195709,Monikers: Something Something,2016.0,246,8.326053699826828,0.07613112948498164,0.07583718239119763,26.645113955035704,8.176836686036264,8.249922570341846,8.17741282234008,6.297531079173913,2.0285226206529146,1.8620260094236851,D5,200-499,255,5504,1,False,1.0,Party Game,0.1910569105691057,0.4105691056910569,0.024390243902439,0.8699186991869918,-0.2884520738105622,True,8.5,7.530851063829787,0.969148936170213,8.666666666666666,7.230769230769231,high_quality_but_niche_only,"share_own 0.870>=0.78 and share_light 0.024<=0.04 and users 255<1500 — high owner concentration, limited light reach",False,False,False,True
221248,Monikers: The Shut Up & Sit Down Nonsense Box,2017.0,465,8.355972846068445,0.05537367535070639,0.055260258533507065,36.017006273510006,8.24744044238106,8.300599170717739,8.247662739342772,6.361578833574747,1.9943940124936983,1.75440541822827,D7,200-499,484,3607,4,False,1.0,Party Game,0.1591397849462365,0.3741935483870968,0.0236559139784946,0.8236559139784946,-0.3137470396168255,True,8.387755102040817,7.466351351351351,0.9214037506894659,8.363636363636363,7.190476190476191,high_quality_but_niche_only,"share_own 0.824>=0.78 and share_light 0.024<=0.04 and users 484<1500 — high owner concentration, limited light reach",True,False,False,True
283152,Monikers: Serious Nonsense,2019.0,500,8.484233854417955,0.05340043864348165,0.05329869782500807,36.241872383931714,8.379568994676731,8.430833415774472,8.379768406680938,6.548901971854917,1.9353318825630375,1.961280749037103,D7,500-999,609,2928,8,False,1.0,Humor; Mature / Adult; Party Game,0.126,0.37,0.02,0.868,-0.279123854417952,True,8.604999999999999,7.756349206349206,0.8486507936507923,9.2,7.366666666666666,high_quality_but_niche_only,"share_own 0.868>=0.78 and share_light 0.020<=0.04 and users 609<1500 — high owner concentration, limited light reach",True,False,False,True
283151,Monikers: Classics,2019.0,263,8.44793025351443,0.0736295171339382,0.07336350550679736,26.124735926140474,8.303616399931911,8.374300736380492,8.304137782721108,6.5243785620210595,1.9235516914933708,1.7872213214028267,D5,200-499,343,,4,False,1.0,Party Game,0.1292775665399239,0.3460076045627376,0.0342205323193916,0.8821292775665399,-0.2598630672026435,True,8.689583437500001,7.602352941176471,1.0872304963235306,8.899999999999999,8.166666666666666,high_quality_but_niche_only,"share_own 0.882>=0.78 and share_light 0.034<=0.04 and users 343<1500 — high owner concentration, limited light reach",True,False,False,True
4385,A Gamut of Games,1969.0,434,8.077552795635295,0.057317199380590704,0.05719144385920347,33.5133390557693,7.965211084849337,8.020235596254704,7.965457565671256,6.156662059066429,1.9208907365688663,1.8471629865065147,D7,200-499,445,,34,False,2.3235,Abstract Strategy; Book; Card Game; Deduction; Dice; Sports,0.368663594470046,0.6036866359447004,0.0230414746543778,0.7880184331797235,-0.3171033486306887,True,8.676470588235293,7.4167816250000005,1.259688963235293,8.95,7.121176470588235,high_quality_but_niche_only,"share_own 0.788>=0.78 and share_light 0.023<=0.04 and users 445<1500 — high owner concentration, limited light reach",False,False,False,True
295260,It's a Wonderful World: Heritage Edition,2019.0,921,8.64791593037037,0.0393459478059599,0.03930519774832921,35.65944658365533,8.570797872670688,8.608569982564411,8.570877742783646,7.2448612063004525,1.4030547240699178,1.3482288750143114,D8,500-999,995,,40,False,2.325,Card Game; Civilization; Science Fiction,0.2193268186753528,0.4690553745928338,0.0380021715526601,0.8002171552660152,-0.2751461149523431,True,8.835346534653464,7.925965346534653,0.909381188118811,9.158285714285714,7.708124999999999,high_quality_but_niche_only,"share_own 0.800>=0.78 and share_light 0.038<=0.04 and users 995<1500 — high owner concentration, limited light reach",True,False,False,True
322045,Cartographers Heroes: Collector's Edition,2021.0,706,8.433110527826395,0.04493942135345921,0.04487873300955391,30.17199100949711,8.345029261973615,8.388171106472935,8.34514821112767,7.077198710777822,1.3559118170485736,1.3180731984812057,D8,500-999,819,,11,False,2.0909,Fantasy; Territory Building,0.2492917847025495,0.471671388101983,0.0269121813031161,0.8512747875354107,-0.2934136439737057,True,8.254285714285714,7.886681818181819,0.3676038961038959,8.484210526315788,7.542419354838709,high_quality_but_niche_only,"share_own 0.851>=0.78 and share_light 0.027<=0.04 and users 819<1500 — high owner concentration, limited light reach",True,False,False,True
405752,Project L: Collector's Edition,2023.0,245,8.395544251296808,0.0762863409192595,0.0759905992963024,13.705101982782196,8.24602302309506,8.31925791037755,8.246602676676055,7.3500321691050665,1.0455120821917419,0.965173095296672,D5,200-499,365,,6,False,1.6667,Abstract Strategy; Puzzle; Video Game Theme,0.1346938775510204,0.3469387755102041,0.0326530612244898,0.8693877551020408,-0.2503779655825237,True,8.33448275862069,7.665212121212122,0.6692706374085677,9.25,7.2229090909090905,high_quality_but_niche_only,"share_own 0.869>=0.78 and share_light 0.033<=0.04 and users 365<1500 — high owner concentration, limited light reach",True,False,False,True
251830,Alhambra: Mega Box,2019.0,223,8.258348691036948,0.07996084870623364,0.07962047536030542,13.065818024810952,8.101625427572731,8.178387842330714,8.102292559330749,7.213594792731859,1.044753898305089,0.9994154745715402,D5,200-499,241,,12,False,2.5,City Building; Medieval,0.3408071748878923,0.5515695067264574,0.0313901345291479,0.8295964125560538,-0.2421827717544365,True,8.1875,7.890197368421053,0.29730263157894665,8.857142857142858,7.874074074074075,high_quality_but_niche_only,"share_own 0.830>=0.78 and share_light 0.031<=0.04 and users 241<1500 — high owner concentration, limited light reach",False,False,False,True
339263,Summoner Wars (Second Edition): Starter Set,2021.0,472,8.478973985487492,0.05496153168696613,0.05485062348562175,17.169487529741076,8.37124938338104,8.424012453800525,8.371466763455674,7.535312652572658,0.943661332914834,0.7902313602683,D7,200-499,565,3303,9,False,2.5556,Card Game; Fantasy; Fighting,0.2033898305084745,0.4364406779661016,0.0338983050847457,0.8135593220338984,-0.3002027990468122,True,8.512280701754385,7.801354166666667,0.7109265350877179,8.4375,7.889333333333334,high_quality_but_niche_only,"share_own 0.814>=0.78 and share_light 0.034<=0.04 and users 565<1500 — high owner concentration, limited light reach",True,False,False,True
246912,Take 5 & Take A Number,2018.0,1113,7.700343978405802,0.035791693230064495,0.03576101069117289,21.532688264112547,7.6301922596748755,7.664552285175738,7.630252397451103,6.929652605638076,0.7706913727677263,0.7461268474708236,D8,1k-2.5k,1361,,20,False,1.4,Card Game; Number,0.1293800539083558,0.339622641509434,0.0377358490566037,0.8310871518418689,-0.1941629900859502,True,7.585343653846155,7.313125000000001,0.27221865384615374,8.011904761904763,7.257575757575758,high_quality_but_niche_only,"share_own 0.831>=0.78 and share_light 0.038<=0.04 and users 1361<1500 — high owner concentration, limited light reach",False,False,False,True
410209,Hitster: Summer Party,2024.0,454,7.810435529022256,0.05604048693095398,0.05592293201357404,13.242044944415415,7.700596174637586,7.754395042091303,7.700826582275651,7.068344882375639,0.7420906466466173,0.5496355808836251,D7,200-499,987,2854,14,False,1.0,Card Game; Music; Party Game; Trivia,0.2004405286343612,0.394273127753304,0.039647577092511,0.8105726872246696,-0.2654795818857013,True,7.68135593220339,7.332417582417582,0.34893834978580784,7.76111111111111,6.984375,high_quality_but_niche_only,"share_own 0.811>=0.78 and share_light 0.040<=0.04 and users 987<1500 — high owner concentration, limited light reach",False,False,False,True
392513,Mindbug: Beyond Eternity,2023.0,510,8.38827138465265,0.052874313116720015,0.052775544427276055,13.810354303120718,8.28463773094388,8.335397071535931,8.28483131757519,7.658058386976604,0.7302129976760465,0.6988037143359529,D7,500-999,862,2409,11,False,2.1818,Card Game; Fantasy; Fighting; Science Fiction,0.2078431372549019,0.4098039215686274,0.0313725490196078,0.8215686274509804,-0.2924870709271605,True,8.455,7.863679245283019,0.591320754716981,9.0,7.598648648648648,high_quality_but_niche_only,"share_own 0.822>=0.78 and share_light 0.031<=0.04 and users 862<1500 — high owner concentration, limited light reach",False,False,False,True
376893,Cyberion,2023.0,546,8.232090856609027,0.05110148316625884,0.051012303511929896,13.856594856995057,8.131931949603159,8.180989373442769,8.132106741725645,7.523998307782625,0.7080925488264018,0.6712822915158085,D7,500-999,986,2313,31,False,1.9355,Science Fiction,0.271062271062271,0.5091575091575091,0.0311355311355311,0.8608058608058609,-0.255523091041258,True,8.19,7.809412162162163,0.3805878378378367,8.588235294117647,7.4982456140350875,high_quality_but_niche_only,"share_own 0.861>=0.78 and share_light 0.031<=0.04 and users 986<1500 — high owner concentration, limited light reach",False,False,False,True
349703,Race! Formula 90: 2nd Edition,2023.0,240,9.034393567096242,0.07707689406414556,0.07677189944748257,9.073858234863332,8.883322854730517,8.957316673032096,8.883920644179176,8.335008757174606,0.6993848099216358,0.6213767443772209,D5,200-499,328,,27,False,3.8889,Racing; Sports,0.2291666666666666,0.4708333333333333,0.0375,0.7916666666666666,-0.3536852337629113,True,9.172413793103448,8.232727272727272,0.939686520376176,9.11111111111111,8.505555555555555,high_quality_but_niche_only,"share_own 0.792>=0.78 and share_light 0.037<=0.04 and users 328<1500 — high owner concentration, limited light reach",True,False,False,True
378979,Nusfjord: Big Box,2024.0,353,8.67882596408189,0.06355393916326109,0.06338263338044081,10.721145214373015,8.554260243321899,8.615272024918628,8.554596002656226,7.997454953367139,0.6813710107147504,0.5177261572914311,D6,200-499,1139,,30,False,3.0333,Economic,0.1586402266288951,0.4135977337110481,0.0283286118980169,0.8526912181303116,-0.3874378620988848,True,8.770967741935483,8.050892857142857,0.7200748847926253,8.85,8.18421052631579,high_quality_but_niche_only,"share_own 0.853>=0.78 and share_light 0.028<=0.04 and users 1139<1500 — high owner concentration, limited light reach",True,False,False,True
351735,Newton & Great Discoveries,2021.0,342,8.325994550401854,0.06456791663550472,0.0643883033318308,9.808070257803589,8.199441433796265,8.261426633766348,8.199793475871465,7.692707887640818,0.6332866627610354,0.5408996282925216,D6,200-499,457,,32,False,3.0312,Age of Reason; Travel,0.2485380116959064,0.5116959064327485,0.0146198830409356,0.7865497076023392,-0.4197080006942549,True,7.892857142857143,7.783529411764705,0.10932773109243854,8.6,7.808333333333334,high_quality_but_niche_only,"share_own 0.787>=0.78 and share_light 0.015<=0.04 and users 457<1500 — high owner concentration, limited light reach",False,False,False,True
140135,Small World Designer Edition,2015.0,246,9.099995391367383,0.07613112948498164,0.07583718239119763,28.925216360405496,8.95077837757682,9.023864261882402,8.951354513880636,6.897885999252242,2.2021093921151405,2.1730016316275034,D5,200-499,266,,12,False,2.5833,Civilization; Fantasy; Territory Building,0.3008130081300813,0.5162601626016261,0.0365853658536585,0.6951219512195121,-0.2002600255137262,True,9.214166666666666,8.609728378378378,0.6044382882882875,9.088888888888889,8.503240540540542,duplicate_or_edition_related,"title contains edition keyword (Small World Designer Edition) — special/deluxe/big-box/collector variant, family reach not proof of broad appeal",True,False,False,False
230262,Time's Up! Party Edition,2004.0,553,7.9139121525426015,0.05077702602452552,0.05068953138739593,36.69630356306717,7.814389181534532,7.863135126518076,7.8145606710233055,6.050582991516851,1.8633291610257503,1.8258689834621196,D7,500-999,714,3245,15,False,1.1333,Humor; Party Game,0.18625678119349,0.3526220614828209,0.0325497287522604,0.7305605786618445,-0.338926763754166,True,7.750781975308643,7.317961165048545,0.43282081026009767,7.861111111111111,7.110714285714287,duplicate_or_edition_related,"title contains edition keyword (Time's Up! Party Edition) — special/deluxe/big-box/collector variant, family reach not proof of broad appeal",True,False,False,False
147170,El Grande Decennial Edition,2006.0,978,8.775819467745654,0.03818215173751835,0.0381449083906937,45.1085117950196,8.700982450340119,8.737637316008136,8.701055447299895,7.053479425734579,1.7223400420110746,1.5284236796610795,D8,500-999,1063,,39,False,2.9487,Medieval; Political,0.2934560327198364,0.532719836400818,0.0347648261758691,0.7075664621676891,-0.4481964309358436,True,8.717441860465117,8.134264808362369,0.583177052102748,8.861764705882353,7.928493670886078,duplicate_or_edition_related,"title contains edition keyword (El Grande Decennial Edition) — special/deluxe/big-box/collector variant, family reach not proof of broad appeal",True,False,False,False
37141,Time's Up! Deluxe,2008.0,1024,7.836466049829559,0.037314690885978635,0.037279926418207786,40.22046516008632,7.763329255693041,7.79915135894358,7.763397394049871,6.335651825090665,1.5008142247388943,1.4799620305707126,D8,1k-2.5k,1053,2678,42,False,1.3095,Electronic; Humor; Party Game,0.3134765625,0.556640625,0.0224609375,0.578125,-0.3861603857670608,True,7.8467246376811595,7.180464174454829,0.6662604632263305,8.208695652173914,6.927061403508771,duplicate_or_edition_related,"title contains edition keyword (Time's Up! Deluxe) — special/deluxe/big-box/collector variant, family reach not proof of broad appeal",True,False,False,False
141008,Carcassonne Big Box 2,2008.0,454,7.894067250687539,0.05604048693095398,0.05592293201357404,25.989384302029553,7.784227896302869,7.838026763756585,7.784458303940934,6.437609499366111,1.4564577513214276,1.2107562766638607,D7,200-499,503,,19,False,2.0,City Building; Medieval,0.1475770925110132,0.2753303964757709,0.1145374449339207,0.8105726872246696,-0.1787368542117724,True,7.992500000000001,7.343283582089552,0.6492164179104485,7.971153846153846,7.4639999999999995,duplicate_or_edition_related,"title contains edition keyword (Carcassonne Big Box 2) — special/deluxe/big-box/collector variant, family reach not proof of broad appeal",True,False,False,False
215946,Sub Terra: Collector's Edition,2017.0,333,7.8736353646256925,0.06543463886151822,0.06524771601703075,21.022126205118184,7.7453834724571164,7.808200725764174,7.745749841232312,6.498060128292526,1.3755752363331668,1.3393495883088997,D6,200-499,364,,7,False,1.7143,Exploration; Horror,0.1471471471471471,0.2972972972972972,0.06006006006006,0.7597597597597597,-0.0939259952563188,True,8.34754716981132,7.307163265306122,1.0403839045051972,8.318,7.076368421052631,duplicate_or_edition_related,"title contains edition keyword (Sub Terra: Collector's Edition) — special/deluxe/big-box/collector variant, family reach not proof of broad appeal",True,False,False,False
181289,Terra Mystica: Big Box,2015.0,447,8.89497594202739,0.0564775781301743,0.05635725699760846,23.921380198072153,8.784279888892248,8.838498363897216,8.784515718312077,7.5439543229091655,1.3510216191182245,1.2453887431279176,D7,200-499,480,,24,False,4.0,Civilization; Economic; Fantasy; Territory Building,0.1700223713646532,0.3870246085011186,0.0447427293064877,0.7225950782997763,-0.3703814230117307,True,8.779710144927536,8.57860197368421,0.2011081712433267,8.965,8.148863636363636,duplicate_or_edition_related,"title contains edition keyword (Terra Mystica: Big Box) — special/deluxe/big-box/collector variant, family reach not proof of broad appeal",True,False,False,False
391288,Firefly: The Game – 10th Anniversary Collector's Edition,2024.0,345,8.811497408472974,0.06428657361249815,0.064109291564073,20.383807463039368,8.685495724192478,8.747210834860475,8.68584319700739,7.501092269497304,1.3104051389756695,1.145315753833386,D6,200-499,722,,19,False,2.9474,Adventure; Movies / TV / Radio theme; Science Fiction; Space Exploration; Travel,0.1333333333333333,0.3101449275362319,0.0956521739130434,0.8695652173913043,-0.1307437852845735,True,9.042857142857143,7.889347826086956,1.1535093167701866,9.01818181818182,7.6899999999999995,duplicate_or_edition_related,"title contains edition keyword (Firefly: The Game – 10th Anniversary Collector's Edition) — special/deluxe/big-box/collector variant, family reach not proof of broad appeal",True,False,False,False
186567,Baseball Highlights: 2045 – Super Deluxe Edition,2015.0,513,8.157433358092474,0.05271948317051604,0.0526215780019264,24.127855928440717,8.054103171078262,8.104713874921957,8.054295065208699,6.885425263532408,1.272008094560066,1.2147403805068127,D7,500-999,531,,16,False,2.125,Card Game; Science Fiction; Sports,0.2553606237816764,0.5107212475633528,0.0311890838206627,0.672514619883041,-0.3124561066304863,True,8.004545454545454,7.511068702290077,0.49347675225537735,7.90625,7.2285714285714295,duplicate_or_edition_related,"title contains edition keyword (Baseball Highlights: 2045 – Super Deluxe Edition) — special/deluxe/big-box/collector variant, family reach not proof of broad appeal",True,False,False,False
232894,Escape: The Curse of the Temple – Big Box Second Edition,2017.0,564,8.010289619364363,0.05027942178180837,0.05019447002661097,25.071137390510287,7.911741952672018,7.960010197582554,7.9119084581122054,6.749727327957229,1.2605622914071333,1.2134953866883276,D7,500-999,613,,9,False,1.8889,Adventure; Dice; Exploration; Real-time,0.1595744680851063,0.3794326241134751,0.0443262411347517,0.8102836879432624,-0.1838475448962895,True,8.210462916666668,7.5905555555555555,0.6199073611111121,8.132,6.922222222222222,duplicate_or_edition_related,"title contains edition keyword (Escape: The Curse of the Temple – Big Box Second Edition) — special/deluxe/big-box/collector variant, family reach not proof of broad appeal",True,False,False,False
216849,Dominion (Second Edition) Big Box,2016.0,983,8.295108221541138,0.038084921756069624,0.038047961928379684,32.96652042888387,8.220461774899242,8.257023299785068,8.220534216161514,7.039580870437225,1.255527351103913,1.095478443420232,D8,500-999,1230,,23,False,2.2609,Card Game; Medieval,0.0701932858596134,0.1800610376398779,0.1200406917599186,0.8351983723296033,-0.1877527383264934,True,8.285394321766562,7.921304347826088,0.36408997394047393,8.478983050847457,8.06625,duplicate_or_edition_related,"title contains edition keyword (Dominion (Second Edition) Big Box) — special/deluxe/big-box/collector variant, family reach not proof of broad appeal",True,False,False,False
141007,Carcassonne Big Box 3,2010.0,895,7.954872444928441,0.03991336181048477,0.03987082513666386,31.30152086290491,7.876642255779891,7.914959083117956,7.87672562766058,6.70552351750888,1.249348927419561,1.057780291347039,D8,500-999,960,,35,False,2.0857,City Building; Medieval,0.0960893854748603,0.2346368715083798,0.1027932960893854,0.8301675977653631,-0.0988985119675456,True,8.067136752136753,7.352906976744186,0.7142297753925666,8.020760869565217,7.234615384615385,duplicate_or_edition_related,"title contains edition keyword (Carcassonne Big Box 3) — special/deluxe/big-box/collector variant, family reach not proof of broad appeal",True,False,False,False
229130,Kingdom Builder: Big Box (Second Edition),2017.0,689,8.258470767459746,0.04549044818570828,0.04542750310287631,27.178006549039097,8.169309489015758,8.212980319274038,8.169432861378109,7.022131068749843,1.2363396987099033,1.1023341821679953,D8,500-999,749,,18,False,2.1667,Medieval; Territory Building,0.227866473149492,0.4716981132075472,0.0319303338171262,0.7677793904208998,-0.2734591564292729,True,8.177464788732394,7.801375796178344,0.3760889925540498,8.409090909090908,7.999227272727273,duplicate_or_edition_related,"title contains edition keyword (Kingdom Builder: Big Box (Second Edition)) — special/deluxe/big-box/collector variant, family reach not proof of broad appeal",True,False,False,False
188076,Taluva Deluxe,2015.0,440,8.133567177396616,0.056925058862470554,0.05680186129914571,21.396064852547614,8.021994062026174,8.076642118534146,8.02223552925029,6.9155949262401055,1.2179722511565103,1.1254651288825315,D7,200-499,474,,8,False,2.375,Abstract Strategy; Territory Building,0.3863636363636363,0.634090909090909,0.0136363636363636,0.55,-0.5139270183057004,True,7.954545454545454,7.361500000000001,0.5930454545454529,8.666666666666666,7.469833333333333,duplicate_or_edition_related,"title contains edition keyword (Taluva Deluxe) — special/deluxe/big-box/collector variant, family reach not proof of broad appeal",True,False,False,False
156455,Viticulture: Complete Collector's Edition,2014.0,806,8.613503816925709,0.04205932569582812,0.04200956128215799,28.91557892122764,8.531067538561885,8.571444491229881,8.531165076812679,7.397334065394373,1.2161697515313357,1.1683795555560659,D8,500-999,836,,50,False,3.32,Economic; Farming,0.260545905707196,0.5235732009925558,0.0272952853598014,0.7630272952853598,-0.3090228367768405,True,8.713559322033898,8.020333333333333,0.693225988700565,8.85909090909091,7.831341463414635,duplicate_or_edition_related,"title contains edition keyword (Viticulture: Complete Collector's Edition) — special/deluxe/big-box/collector variant, family reach not proof of broad appeal",True,False,False,False
174458,Baseball Highlights: 2045 – Deluxe Edition,2015.0,545,8.159939107806816,0.05114834377506605,0.05105891898886197,23.731958577813412,8.059688354007687,8.108790764031749,8.059863626588646,6.946088732013187,1.213850375793628,1.1574674954902537,D7,500-999,565,,25,False,2.28,Card Game; Science Fiction; Sports,0.3009174311926605,0.5486238532110093,0.0220183486238532,0.653211009174312,-0.2864253463389304,True,8.371794871794872,7.810975609756097,0.5608192620387751,8.291666666666666,7.716071428571429,duplicate_or_edition_related,"title contains edition keyword (Baseball Highlights: 2045 – Deluxe Edition) — special/deluxe/big-box/collector variant, family reach not proof of broad appeal",True,False,False,False
158976,Ascension: Year One Collector's Edition,2015.0,434,7.9746348150014725,0.057317199380590704,0.05719144385920347,21.127965299729066,7.862293104215515,7.917317615620882,7.8625395850374336,6.7636390154107,1.2109957995907727,1.1326985332412791,D7,200-499,460,,14,False,2.2857,Card Game; Fantasy,0.1543778801843318,0.3225806451612903,0.0898617511520737,0.7258064516129032,-0.1515702988724385,True,8.34731182795699,7.382835820895522,0.9644760070614673,8.371794871794872,6.844117647058823,duplicate_or_edition_related,"title contains edition keyword (Ascension: Year One Collector's Edition) — special/deluxe/big-box/collector variant, family reach not proof of broad appeal",True,False,False,False
185257,Innovation Deluxe,2017.0,826,8.739449435807309,0.04154701271968819,0.041499042684237916,28.656298320593063,8.65801729087672,8.697902423087621,8.658111312146202,7.5488658449824495,1.1905835908248594,1.1819001930773574,D8,500-999,894,,23,False,3.087,Card Game; Civilization,0.324455205811138,0.5871670702179177,0.0193704600484261,0.7058111380145279,-0.4627085157104577,True,8.328301886792453,8.25062686567164,0.07767502112081281,8.7125,8.204827956989247,duplicate_or_edition_related,"title contains edition keyword (Innovation Deluxe) — special/deluxe/big-box/collector variant, family reach not proof of broad appeal",True,False,False,False
213788,Ascension: Year Three Collector's Edition,2016.0,218,8.071168834991477,0.08087263243725189,0.08052053359872066,14.272577976678049,7.912658475414463,7.990296202554225,7.913348589137985,6.916907882351577,1.1542609526399001,1.135750679415617,D5,200-499,232,,2,False,2.5,Card Game; Fantasy,0.146788990825688,0.3394495412844037,0.0825688073394495,0.7706422018348624,-0.1374185138905603,True,8.583204186046512,7.61875,0.9644541860465115,8.476543333333334,7.057142857142857,duplicate_or_edition_related,"title contains edition keyword (Ascension: Year Three Collector's Edition) — special/deluxe/big-box/collector variant, family reach not proof of broad appeal",True,False,False,False
147190,Yggdrasil (Second Edition with Asgard Expansion),2013.0,250,7.944625401737751,0.07551962456628408,0.07523267735196296,15.276055961508634,7.796606937587834,7.869105777171467,7.797169354127903,6.790983390671073,1.1536420110666779,1.112153660066875,D5,200-499,261,,18,False,2.3889,Mythology,0.208,0.404,0.064,0.628,-0.270425401737753,True,7.954545454545454,7.250961538461539,0.7035839160839155,8.0,7.23125,duplicate_or_edition_related,"title contains edition keyword (Yggdrasil (Second Edition with Asgard Expansion)) — special/deluxe/big-box/collector variant, family reach not proof of broad appeal",True,False,False,False
171905,Orléans: Deluxe Edition,2015.0,1666,8.695188544694979,0.029254476306173286,0.029237715036727507,38.93052199404208,8.63784977113488,8.665934068388806,8.637882623222993,7.556296511433317,1.138892033261662,1.0573545577057093,D9,1k-2.5k,1725,,76,False,3.0789,Medieval; Religious; Travel,0.2617046818727491,0.539015606242497,0.0216086434573829,0.7106842737094838,-0.3524563658234398,True,8.583962264150943,8.120425,0.46353726415094343,8.488888888888887,7.88954184397163,duplicate_or_edition_related,"title contains edition keyword (Orléans: Deluxe Edition) — special/deluxe/big-box/collector variant, family reach not proof of broad appeal",True,False,False,False
157820,Escape: The Curse of the Temple – Big Box,2014.0,1654,7.69513433567972,0.02936040716444899,0.029343463262171084,38.16470759055377,7.6375879376374,7.665773928515271,7.637621147685865,6.574602981508924,1.1205313541707955,1.0057157991052854,D9,1k-2.5k,1726,,51,False,1.5294,Adventure; Dice; Exploration; Real-time,0.1414752116082225,0.3361547762998791,0.0362756952841596,0.7315598548972189,-0.1830940212903438,True,7.880190925110132,7.1956410256410255,0.6845498994691068,7.768944500000001,7.181451612903226,duplicate_or_edition_related,"title contains edition keyword (Escape: The Curse of the Temple – Big Box) — special/deluxe/big-box/collector variant, family reach not proof of broad appeal",True,False,False,False
326869,The Quacks of Quedlinburg: Big Box,2020.0,482,8.22312931639834,0.05438840307760661,0.054280921666769656,20.398142700622383,8.116528046366232,8.168740913320734,8.116738709931472,7.113706909162351,1.1094224072359893,0.9217547727861506,D7,200-499,703,,15,False,2.0667,Medieval,0.0892116182572614,0.2302904564315352,0.0975103734439834,0.8132780082987552,-0.270563611004147,True,8.216902654867257,7.743023255813953,0.47387939905330345,8.341702127659575,7.46875,duplicate_or_edition_related,"title contains edition keyword (The Quacks of Quedlinburg: Big Box) — special/deluxe/big-box/collector variant, family reach not proof of broad appeal",True,False,False,False
359065,Blitz Bowl: Ultimate Edition,2022.0,250,8.579868116875398,0.07551962456628408,0.07523267735196296,14.247017175424842,8.43184965272548,8.504348492309113,8.43241206926555,7.5039387285979124,1.0759293882774852,1.0065572635961697,D5,200-499,316,4862,11,False,2.2727,Dice; Fantasy; Fighting; Miniatures; Sports,0.204,0.396,0.064,0.82,-0.356641436875398,True,8.629545454545454,7.9068627450980395,0.7226827094474144,9.40625,7.4,duplicate_or_edition_related,"title contains edition keyword (Blitz Bowl: Ultimate Edition) — special/deluxe/big-box/collector variant, family reach not proof of broad appeal",True,False,False,False
60153,War of the Ring Collector's Edition,2010.0,1056,9.029933548417548,0.03674496749270423,0.03671176979019317,28.769208921317244,8.957913412131846,8.993188580924844,8.95797847962877,7.972809901812929,1.0571236466046185,1.0234971240100084,D8,1k-2.5k,1112,,122,False,3.959,Adventure; Dice; Fantasy; Miniatures; Novel-based; Territory Building; Wargame,0.2357954545454545,0.4422348484848485,0.065340909090909,0.5691287878787878,-0.3543803855387654,True,9.238527607361965,8.088072289156626,1.1504553182053385,9.271014492753624,7.911071428571428,duplicate_or_edition_related,"title contains edition keyword (War of the Ring Collector's Edition) — special/deluxe/big-box/collector variant, family reach not proof of broad appeal",True,False,False,False
282391,Stockpile: Epic Edition,2019.0,981,8.273942983253004,0.03812372453919197,0.03808665173690519,27.496461384748184,8.199220483156187,8.235819258713812,8.19929314584867,7.225675463618336,1.0482675196346687,0.9147407445506746,D8,500-999,1117,,28,False,2.2143,Economic,0.2059123343527013,0.4882772680937818,0.019367991845056,0.745158002038736,-0.3495565918156916,True,8.022105263157895,7.799777227722771,0.22232803543512425,8.567368421052631,7.3637209302325575,duplicate_or_edition_related,"title contains edition keyword (Stockpile: Epic Edition) — special/deluxe/big-box/collector variant, family reach not proof of broad appeal",True,False,False,False
319422,Everdell: Collector's Edition,2018.0,2156,8.66868871902264,0.025716120277794376,0.025704732706996504,40.59283927638168,8.618285123278163,8.642972598744846,8.618307442916928,7.624798381774033,1.043890337248607,1.0153529195208026,D9,1k-2.5k,2721,,64,False,2.8594,Animals; Card Game; City Building; Fantasy,0.1094619666048237,0.2509276437847866,0.0950834879406308,0.825139146567718,-0.1761948971302188,True,8.667614503816793,7.9768644067796615,0.6907500970371316,8.74388619512195,7.814363636363637,duplicate_or_edition_related,"title contains edition keyword (Everdell: Collector's Edition) — special/deluxe/big-box/collector variant, family reach not proof of broad appeal",True,False,False,False
331259,Sleeping Gods: Kickstarter Edition,2021.0,315,8.680019337619258,0.06727822883448371,0.067075106967794,15.486860635335386,8.548154009103671,8.612741108784775,8.548552127962383,7.638090783867407,1.041928553751852,0.9612383517104846,D6,200-499,351,,8,False,3.0,Adventure; Exploration; Nautical,0.273015873015873,0.4920634920634921,0.0317460317460317,0.7333333333333333,-0.2287177503176654,True,8.709677419354838,8.220348837209302,0.48932858214553576,9.2,8.3375,duplicate_or_edition_related,"title contains edition keyword (Sleeping Gods: Kickstarter Edition) — special/deluxe/big-box/collector variant, family reach not proof of broad appeal",True,False,False,False
17419,CATAN 3D Collector's Edition,2005.0,1030,8.106731371201406,0.03720584858056755,0.0371713871567282,27.828895600768462,8.033807907983492,8.069525522620838,8.033875452374218,7.071333695314792,1.035397675886614,0.9188613816661722,D8,1k-2.5k,1088,,121,False,2.6446,Negotiation,0.2611650485436893,0.4553398058252427,0.0650485436893203,0.5631067961165048,-0.2647039245994581,True,8.45625,7.284157137546469,1.1720928624535318,8.451492537313433,7.213398058252428,duplicate_or_edition_related,"title contains edition keyword (CATAN 3D Collector's Edition) — special/deluxe/big-box/collector variant, family reach not proof of broad appeal",True,False,False,False
308970,A Touch of Evil: 10 Year Anniversary Edition,2020.0,222,8.204590433748162,0.0801407383570052,0.07979807244490703,12.90943444817238,8.047514586568433,8.124449695391156,8.048186211756144,7.17001882530027,1.0345716084478926,1.0204151824697707,D5,200-499,252,5749,8,False,2.5,Adventure; Fighting; Horror; Murder / Mystery,0.1531531531531531,0.3738738738738738,0.063063063063063,0.8513513513513513,-0.0095003436580715,True,8.887878787878789,7.304705882352941,1.5831729055258474,8.985714285714286,6.264615384615384,duplicate_or_edition_related,"title contains edition keyword (A Touch of Evil: 10 Year Anniversary Edition) — special/deluxe/big-box/collector variant, family reach not proof of broad appeal",True,False,False,False
317030,Quest: Avalon Big Box Edition,2021.0,323,8.281424874076253,0.0664398380915311,0.0662441937040863,15.384999976901081,8.151202791416852,8.214985035984721,8.151586254416243,7.259247966572735,1.0221769075035176,0.913165433880847,D6,200-499,380,,14,False,2.0,Bluffing; Card Game; Deduction; Fantasy; Medieval; Negotiation; Party Game; Spies / Secret Agents,0.2383900928792569,0.479876160990712,0.0309597523219814,0.7089783281733746,-0.3834372579771911,True,8.54,7.634415584415585,0.9055844155844142,8.35,7.427586206896552,duplicate_or_edition_related,"title contains edition keyword (Quest: Avalon Big Box Edition) — special/deluxe/big-box/collector variant, family reach not proof of broad appeal",True,False,False,False
142131,Dominion: Big Box,2010.0,979,8.008042372516828,0.03816264616703085,0.038125459813425404,26.5474753437193,7.933243586029447,7.969879726349797,7.933316471282514,6.994920464346492,1.0131219081703353,0.8473326986044594,D8,500-999,1083,,47,False,2.7234,Card Game; Fantasy; Medieval,0.1082737487231869,0.2216547497446374,0.1123595505617977,0.7711950970377937,-0.1340791447333731,True,8.031075268817204,7.6928301886792445,0.33824508013795995,8.254545454545454,7.56375,duplicate_or_edition_related,"title contains edition keyword (Dominion: Big Box) — special/deluxe/big-box/collector variant, family reach not proof of broad appeal",True,False,False,False
319031,Project L: Kickstarter Edition,2020.0,522,8.188430621894538,0.052263028837344586,0.05216764017493812,19.322194141524893,8.085995085373343,8.136167593057193,8.08618204715166,7.178594232275252,1.0098363896192861,1.0153668021318705,D7,500-999,592,,8,False,1.625,Abstract Strategy; Puzzle; Video Game Theme,0.2835249042145594,0.5229885057471264,0.0191570881226053,0.7720306513409961,-0.3134976717029704,True,8.4,7.6547635135135135,0.7452364864864869,8.15,7.6795245901639335,duplicate_or_edition_related,"title contains edition keyword (Project L: Kickstarter Edition) — special/deluxe/big-box/collector variant, family reach not proof of broad appeal",True,False,False,False
184866,Wings for the Baron (Second Edition),2015.0,298,7.954422753023588,0.06917062416354874,0.0689499324407979,14.580696965910914,7.818848329663032,7.885252128860039,7.819280885439624,6.945866843151968,1.0085559098716192,0.9381937359134493,D6,200-499,315,6074,19,False,2.4211,Aviation / Flight; Industry / Manufacturing; World War I,0.3859060402684564,0.6208053691275168,0.0268456375838926,0.4664429530201342,-0.544187853694732,True,8.590909090909092,6.966956521739131,1.623952569169961,8.75,7.0150943396226415,duplicate_or_edition_related,"title contains edition keyword (Wings for the Baron (Second Edition)) — special/deluxe/big-box/collector variant, family reach not proof of broad appeal",True,False,False,False
418470,Endeavor: Deep Sea Deluxe Edition,2024.0,322,8.902125037616546,0.06654292556716794,0.06634637177916371,15.131723359212879,8.771700903504897,8.835582112049378,8.772086148929386,7.895215896421467,1.006909141195079,0.8594113896878302,D6,200-499,1045,,34,False,2.8824,Environmental; Exploration; Nautical,0.2608695652173913,0.5093167701863354,0.031055900621118,0.7391304347826086,-0.3649200686724468,True,8.862857142857145,8.2325,0.6303571428571448,8.95,8.246153846153847,duplicate_or_edition_related,"title contains edition keyword (Endeavor: Deep Sea Deluxe Edition) — special/deluxe/big-box/collector variant, family reach not proof of broad appeal",True,False,False,False
245422,Werewords Deluxe Edition,2018.0,2097,7.876358202039535,0.02607537791040242,0.02606350660537333,38.411364019895146,7.825250461335147,7.850282824129133,7.825273729093003,6.874767369166735,1.0015908328728003,0.9693125524973647,D9,1k-2.5k,2425,1288,32,False,1.3125,Bluffing; Deduction; Fantasy; Party Game; Real-time; Word Game,0.2131616595135908,0.4573199809251311,0.0343347639484978,0.7005245588936576,-0.3474166998935992,True,7.910896860986548,7.21972706935123,0.6911697916353177,7.963888888888889,7.056519736842104,duplicate_or_edition_related,"title contains edition keyword (Werewords Deluxe Edition) — special/deluxe/big-box/collector variant, family reach not proof of broad appeal",True,False,False,False
364405,Carcassonne Big Box 7,2021.0,602,8.267113700465906,0.04866666441565234,0.048589615643777465,20.423405891600304,8.171727038211227,8.218447036050254,8.171878053804102,7.273174659714737,0.9939390407511688,0.9113334105134712,D7,500-999,1381,,26,False,1.9615,City Building; Medieval; Territory Building,0.0348837209302325,0.0996677740863787,0.2425249169435216,0.8920265780730897,-0.0800040659144203,True,8.332965299684544,7.456666666666667,0.8762986330178766,8.32876712328767,6.625,duplicate_or_edition_related,"title contains edition keyword (Carcassonne Big Box 7) — special/deluxe/big-box/collector variant, family reach not proof of broad appeal",True,False,False,False
186375,Tokaido: Deluxe Edition,2015.0,1105,7.866678971651128,0.03592102226293946,0.03589000620630937,27.17047494899056,7.796273768015767,7.830757949388189,7.796334559486762,6.890687736113799,0.9759912355373288,0.8910432545978697,D8,1k-2.5k,1270,,27,False,1.6667,Travel,0.1158371040723982,0.2678733031674208,0.0823529411764705,0.7963800904977375,-0.1201485553615479,True,7.98124060150376,7.307499999999999,0.673740601503761,7.947912087912088,6.7558823529411764,duplicate_or_edition_related,"title contains edition keyword (Tokaido: Deluxe Edition) — special/deluxe/big-box/collector variant, family reach not proof of broad appeal",True,False,False,False
317519,Frostgrave: Second Edition,2020.0,302,8.637838342418666,0.06871101359750442,0.06849467822912214,14.039090348567077,8.503164755767557,8.569127328821162,8.503588773089588,7.673198214581681,0.9646401278369856,0.9179857939956895,D6,200-499,400,4080,8,False,2.625,Book; Fantasy; Miniatures; Wargame,0.1125827814569536,0.2549668874172185,0.1092715231788079,0.8675496688741722,-0.1533019185776011,True,8.82857142857143,7.985294117647059,0.8432773109243703,8.924242424242424,8.2,duplicate_or_edition_related,"title contains edition keyword (Frostgrave: Second Edition) — special/deluxe/big-box/collector variant, family reach not proof of broad appeal",True,False,False,False
272743,Hanabi Deluxe II,2019.0,315,8.159381376749737,0.06727822883448371,0.067075106967794,14.281405004911825,8.02751604823415,8.092103147915253,8.027914167092861,7.198553742751338,0.9608276339983988,0.900149257275185,D6,200-499,393,,8,False,2.375,Card Game; Deduction; Memory,0.1714285714285714,0.3238095238095238,0.0539682539682539,0.726984126984127,-0.3673020116703724,True,7.904878048780488,7.501944444444445,0.4029336043360434,8.241176470588234,7.141136363636363,duplicate_or_edition_related,"title contains edition keyword (Hanabi Deluxe II) — special/deluxe/big-box/collector variant, family reach not proof of broad appeal",True,False,False,False
369258,Isle of Skye: Big Box,2022.0,354,8.230581157514644,0.06346411022908809,0.06329352785883248,14.81844520294356,8.10619150146563,8.167117047285556,8.106525842911331,7.290141717731332,0.9404394397833116,0.809891169597198,D6,200-499,591,,16,False,2.125,Economic; Territory Building,0.2288135593220339,0.4830508474576271,0.0423728813559322,0.7203389830508474,-0.3159342648592831,True,7.774285714285715,7.830987654320987,-0.05670194003527218,7.973333333333333,8.041666666666666,duplicate_or_edition_related,"title contains edition keyword (Isle of Skye: Big Box) — special/deluxe/big-box/collector variant, family reach not proof of broad appeal",True,False,False,False
140068,Galaxy Trucker: Anniversary Edition,2012.0,2868,8.402337542597717,0.022296682678331375,0.022289259205632884,42.086329873026706,8.358636044548188,8.380040859919387,8.358650594554677,7.463952000323262,0.9383855422744549,0.875298346198111,D10,2.5k-5k,2962,,140,False,2.8286,Real-time; Science Fiction; Space Exploration; Transportation,0.1429567642956764,0.3347280334728033,0.054044630404463,0.7587168758716876,-0.2657012106591039,True,8.326120857699804,7.767646341463416,0.5584745162363882,8.534193548387096,7.574869565217392,duplicate_or_edition_related,"title contains edition keyword (Galaxy Trucker: Anniversary Edition) — special/deluxe/big-box/collector variant, family reach not proof of broad appeal",True,False,False,False
252526,Pictomania (Second Edition),2018.0,2398,7.96593464037067,0.024384016145699076,0.02437430747959566,38.48186430407081,7.9181419687251,7.941550624224971,7.918160997710663,7.027592239863607,0.9383424005070635,0.9132393924005715,D9,1k-2.5k,2774,1101,57,False,1.4386,Action / Dexterity; Humor; Party Game; Real-time,0.2314428690575479,0.4728940783986656,0.0254378648874061,0.6651376146788991,-0.3919431516300551,True,7.911352216981133,7.269019459459459,0.6423327575216735,8.196830655737704,7.097500000000001,duplicate_or_edition_related,"title contains edition keyword (Pictomania (Second Edition)) — special/deluxe/big-box/collector variant, family reach not proof of broad appeal",True,False,False,False
22766,Die Siedler von Catan: Das Kartenspiel – 10th Anniversary Special Edition Tin Box,2006.0,395,7.637578753148233,0.060080187421923704,0.05993540193692237,15.557992514853831,7.519821585801263,7.57749856572631,7.520105365351865,6.702851646946929,0.9347271062013043,0.7519725301652276,D6,200-499,425,,20,False,2.55,Card Game; Fantasy; Medieval,0.1848101265822784,0.3974683544303797,0.0683544303797468,0.8151898734177215,-0.1443035632748105,True,7.461038961038961,7.386050684931508,0.07498827610745273,7.537037037037037,7.452723333333334,duplicate_or_edition_related,"title contains edition keyword (Die Siedler von Catan: Das Kartenspiel – 10th Anniversary Special Edition Tin Box) — special/deluxe/big-box/collector variant, family reach not proof of broad appeal",True,False,False,False
171908,El Grande Big Box,2015.0,3320,8.530474611911607,0.02072338926304353,0.02071742854969389,45.00664954070585,8.489856768956042,8.509751222648564,8.489868451954207,7.597784294054181,0.9326903178574266,0.91077464852318,D10,2.5k-5k,3605,,125,False,2.8,Renaissance,0.1728915662650602,0.425,0.0343373493975903,0.7024096385542169,-0.3385562384176256,True,8.439295647668393,8.105153832752617,0.33414181491577644,8.43936947368421,7.814739716312057,duplicate_or_edition_related,"title contains edition keyword (El Grande Big Box) — special/deluxe/big-box/collector variant, family reach not proof of broad appeal",True,False,False,False
174610,Alien Frontiers: Big Box,2017.0,389,8.00358030796862,0.060541757746184977,0.06039361783745664,15.30394141757257,7.884918462786098,7.943038550222436,7.885208817007205,7.0770527941041355,0.9265275138644853,0.8314811357152907,D6,200-499,412,,6,False,2.8333,Civilization; Dice; Science Fiction; Territory Building,0.2827763496143959,0.5347043701799485,0.0308483290488431,0.7300771208226221,-0.3043258092539648,True,7.872413793103449,7.474090909090909,0.3983228840125399,8.233333333333333,7.409259259259259,duplicate_or_edition_related,"title contains edition keyword (Alien Frontiers: Big Box) — special/deluxe/big-box/collector variant, family reach not proof of broad appeal",True,False,False,False
191475,Wizard: Jubiläumsedition,2016.0,564,7.861486944787635,0.05027942178180837,0.05019447002661097,18.180390035087054,7.76293927809529,7.811207523005827,7.763105783535478,6.947387446055707,0.914099498731928,0.862506275193275,D7,500-999,720,3417,19,False,1.9474,Card Game,0.1400709219858156,0.2960992907801418,0.0833333333333333,0.8280141843971631,-0.2316931327309016,True,7.947025615384614,6.9817215189873405,0.9653040963972739,8.093617021276595,6.762777777777777,duplicate_or_edition_related,"title contains edition keyword (Wizard: Jubiläumsedition) — special/deluxe/big-box/collector variant, family reach not proof of broad appeal",True,False,False,False
253786,Don't Mess with Cthulhu Deluxe,2018.0,749,7.656403501972156,0.043630372189343895,0.043574827812604466,20.907456211771926,7.570887972481042,7.612773129782813,7.570996839459451,6.744203405920137,0.9122000960520191,0.891095238487928,D8,500-999,894,3304,17,False,1.2353,Bluffing; Card Game; Deduction; Horror; Negotiation; Party Game,0.1962616822429906,0.4312416555407209,0.0467289719626168,0.69826435246996,-0.3318584819454577,True,7.691269795918367,6.9723945578231294,0.7188752380952375,7.928571428571429,6.500851063829788,duplicate_or_edition_related,"title contains edition keyword (Don't Mess with Cthulhu Deluxe) — special/deluxe/big-box/collector variant, family reach not proof of broad appeal",True,False,False,False
313010,Cosmic Encounter: 42nd Anniversary Edition,2018.0,1360,8.423828568024932,0.03237877190902793,0.03235605092757063,28.148855233672116,8.360366175083238,8.391449796115904,8.360410708206894,7.512403204913616,0.9114253631113165,0.9262591924223909,D9,1k-2.5k,1880,1128,51,False,2.5098,Bluffing; Negotiation; Science Fiction; Space Exploration,0.0705882352941176,0.2044117647058823,0.0926470588235294,0.7691176470588236,-0.3284317518484556,True,8.466107852941176,7.496145833333333,0.9699620196078431,8.518650793650792,6.941666666666667,duplicate_or_edition_related,"title contains edition keyword (Cosmic Encounter: 42nd Anniversary Edition) — special/deluxe/big-box/collector variant, family reach not proof of broad appeal",True,False,False,False
392449,Welcome To...: Collector's Edition,2023.0,664,8.499365342107666,0.0463389071163546,0.04627237909573657,19.638075133492972,8.40854108415961,8.453026434991312,8.408671479080022,7.589358402552742,0.9100069395549237,0.8415179052554969,D7,500-999,1181,1551,32,False,2.0938,City Building,0.1129518072289156,0.2740963855421687,0.0466867469879518,0.8990963855421686,-0.2047300107823676,True,8.331272727272728,8.086626666666668,0.2446460606060601,8.346774193548388,7.773913043478261,duplicate_or_edition_related,"title contains edition keyword (Welcome To...: Collector's Edition) — special/deluxe/big-box/collector variant, family reach not proof of broad appeal",True,False,False,False
164127,Carcassonne Big Box 5,2014.0,2024,7.9119434646657005,0.02654144554930834,0.026528926548929896,34.25846033661074,7.859922231389056,7.885402019116392,7.859946768629798,7.002674405038407,0.9092690596272934,0.7515742458064096,D9,1k-2.5k,2240,,76,False,2.2237,City Building; Medieval; Territory Building,0.0508893280632411,0.1645256916996047,0.1467391304347826,0.8542490118577075,-0.0792148727684549,True,7.978468477951639,7.588300970873787,0.39016750707785164,8.109281717171719,7.534354838709677,duplicate_or_edition_related,"title contains edition keyword (Carcassonne Big Box 5) — special/deluxe/big-box/collector variant, family reach not proof of broad appeal",True,False,False,False
131014,Carcassonne: Winter Edition,2012.0,1949,7.658817942823403,0.027047299311203376,0.0270340511429815,33.45085698556785,7.6058052361734445,7.6317706435122,7.605831202583159,6.754062601718491,0.9047553411049121,0.6780451489452091,D9,1k-2.5k,2132,1569,81,False,1.7778,Medieval; Territory Building,0.2160082093381221,0.4079014879425346,0.0738840430990251,0.6793227296049256,-0.188189692438583,True,7.661616122448979,7.049303562945369,0.6123125595036107,7.720215277777779,6.97418181818182,duplicate_or_edition_related,"title contains edition keyword (Carcassonne: Winter Edition) — special/deluxe/big-box/collector variant, family reach not proof of broad appeal",True,False,False,False
288316,Rurik: Dawn of Kiev – Kickstarter Edition,2019.0,321,8.252982994999565,0.06664649438558819,0.06644902412993192,13.227141145965525,8.122355866003812,8.186336500613976,8.122742907704898,7.371440406877591,0.8815425881219738,0.7706891483709608,D6,200-499,359,,5,False,2.8,Civilization; Medieval; Miniatures; Territory Building,0.308411214953271,0.557632398753894,0.02803738317757,0.6853582554517134,-0.3174014685198117,True,8.741071428571429,7.641313131313131,1.0997582972582975,8.944444444444445,7.420000000000002,duplicate_or_edition_related,"title contains edition keyword (Rurik: Dawn of Kiev – Kickstarter Edition) — special/deluxe/big-box/collector variant, family reach not proof of broad appeal",True,False,False,False
367396,Avalon: Big Box,2022.0,399,8.350278428357212,0.059778275021588764,0.05963565613188276,14.574820816770174,8.233113009314899,8.290500153335623,8.233392542338722,7.479020781181948,0.8712576471752644,0.7097854427648027,D6,200-499,790,2874,17,False,2.1765,Bluffing; Card Game; Deduction; Fantasy; Medieval; Negotiation; Party Game; Spies / Secret Agents,0.0977443609022556,0.2205513784461152,0.1102756892230576,0.7543859649122807,-0.2974822880063394,True,8.386290322580646,7.423076923076923,0.9632133995037222,8.829545454545455,6.318181818181818,duplicate_or_edition_related,"title contains edition keyword (Avalon: Big Box) — special/deluxe/big-box/collector variant, family reach not proof of broad appeal",True,False,False,False
338697,CATAN: 3D Edition,2021.0,341,8.028568871572238,0.06466252169230181,0.06448211992726471,13.463901475261501,7.9018303290553265,7.963906349879936,7.902183916514799,7.157959050365127,0.8706098212071112,0.764104902388123,D6,200-499,468,,6,False,1.8333,Economic; Negotiation,0.2140762463343108,0.4046920821114369,0.064516129032258,0.8123167155425219,-0.1643623026572794,True,8.241666666666667,7.417945205479452,0.8237214611872155,7.954545454545454,7.357777777777778,duplicate_or_edition_related,"title contains edition keyword (CATAN: 3D Edition) — special/deluxe/big-box/collector variant, family reach not proof of broad appeal",True,False,False,False
180616,Ascension: Year Two Collector's Edition,2015.0,281,7.9579594050310805,0.07123225067446562,0.0709913015378807,12.140302323276547,7.818344193709128,7.886727154356615,7.818816454016834,7.093178346675648,0.8647810583554323,0.848347383453623,D5,200-499,294,,2,False,3.0,Card Game; Fantasy,0.1530249110320284,0.3167259786476868,0.096085409252669,0.7188612099644128,-0.1879000811876599,True,8.355621940298509,7.2046511627906975,1.150970777507811,8.374074074074073,7.20625,duplicate_or_edition_related,"title contains edition keyword (Ascension: Year Two Collector's Edition) — special/deluxe/big-box/collector variant, family reach not proof of broad appeal",True,False,False,False
140711,Carcassonne Big Box 4,2012.0,1207,7.761644751348218,0.034369735628021925,0.03434256394018421,25.101484456815733,7.694280069517295,7.7272750157201955,7.694333326025457,6.89891336669656,0.8627313846516582,0.7206733551175795,D9,1k-2.5k,1324,,68,False,2.0441,City Building; Medieval; Territory Building,0.0654515327257663,0.1855840927920464,0.1367025683512841,0.8251864125932062,-0.057729979185833,True,7.8989603960396035,7.183820253164557,0.7151401428750468,7.910303030303029,7.521739130434782,duplicate_or_edition_related,"title contains edition keyword (Carcassonne Big Box 4) — special/deluxe/big-box/collector variant, family reach not proof of broad appeal",True,False,False,False
30804,Song of Blades and Heroes: Revised Edition,2007.0,369,7.759842689290129,0.06216080692665351,0.06200049323688627,13.757735759197272,7.638007507713888,7.697681882363475,7.6383217225458315,6.90465073301475,0.8551919562753785,0.7967352663435117,D6,200-499,412,4988,42,False,2.2143,Book; Fantasy; Fighting; Miniatures; Print & Play; Wargame,0.1029810298102981,0.2411924119241192,0.1111111111111111,0.8238482384823849,-0.1031218220814612,True,8.161057692307692,7.228947368421053,0.9321103238866391,8.480487804878049,6.75,duplicate_or_edition_related,"title contains edition keyword (Song of Blades and Heroes: Revised Edition) — special/deluxe/big-box/collector variant, family reach not proof of broad appeal",True,False,False,False
186659,Tiny Epic Galaxies: Deluxe Edition,2015.0,1400,7.804794740147398,0.031912866008847594,0.03189111114075185,26.33567277009396,7.742245522770056,7.77288187413855,7.7422881623115245,6.964347943782533,0.8404467963648647,0.7555584954003658,D9,1k-2.5k,1460,,35,False,2.1429,Dice; Science Fiction; Space Exploration,0.1642857142857142,0.3785714285714285,0.045,0.7992857142857143,-0.1274930758616857,True,8.159372741935483,7.22844347826087,0.9309292636746127,8.387195714285713,7.0952702702702695,duplicate_or_edition_related,"title contains edition keyword (Tiny Epic Galaxies: Deluxe Edition) — special/deluxe/big-box/collector variant, family reach not proof of broad appeal",True,False,False,False
142057,Carcassonne Big Box,2006.0,1181,7.6930892188918305,0.03474600499892574,0.03471793183637395,24.152173377881688,7.624987049093936,7.658343213892905,7.625042072492538,6.853897681969032,0.8391915369227982,0.692752090383908,D8,1k-2.5k,1306,,38,False,2.2632,City Building; Medieval,0.0821337849280271,0.1947502116850127,0.117696867061812,0.8137171888230313,-0.1501583721517812,True,7.72572625698324,7.238742268041237,0.48698398894200245,7.703669064748201,7.514285714285714,duplicate_or_edition_related,"title contains edition keyword (Carcassonne Big Box) — special/deluxe/big-box/collector variant, family reach not proof of broad appeal",True,False,False,False
429653,Andromeda's Edge: Deluxe Edition,2024.0,225,9.114709175477822,0.07960467389008775,0.07926880971970919,10.529631039931067,8.95868401465325,9.035104501587734,8.959342308427193,8.276501330361164,0.8382078451166581,0.7305340965982285,D5,200-499,777,,21,False,3.7619,Dice; Fighting; Science Fiction; Space Exploration; Territory Building,0.2133333333333333,0.4399999999999999,0.0711111111111111,0.7466666666666667,-0.3116869532556001,True,9.15625,8.283333333333333,0.8729166666666668,9.3125,8.01764705882353,duplicate_or_edition_related,"title contains edition keyword (Andromeda's Edge: Deluxe Edition) — special/deluxe/big-box/collector variant, family reach not proof of broad appeal",True,False,False,False
89952,Carcassonne: 10 Year Special Edition,2011.0,1698,7.724121214301449,0.028977504613928538,0.02896121465808422,28.87380155109202,7.6673253052581485,7.69514370968752,7.667357233571604,6.887430496633023,0.836690717668426,0.6840679051848984,D9,1k-2.5k,1826,,103,False,2.0194,City Building; Medieval,0.1372202591283863,0.2756183745583039,0.1189634864546525,0.7838633686690224,-0.068971626551162,True,7.860881696428572,7.441712446351932,0.4191692500766395,7.860024752475247,7.4742696629213485,duplicate_or_edition_related,"title contains edition keyword (Carcassonne: 10 Year Special Edition) — special/deluxe/big-box/collector variant, family reach not proof of broad appeal",True,False,False,False
231942,Last Night on Earth: The Zombie Game – 10 Year Anniversary Edition,2017.0,271,7.9681232118120375,0.0725345934432043,0.07228023292163857,11.418997083287456,7.825955408663357,7.8955886183688335,7.826453955285626,7.139850900846646,0.8282723109653913,0.8168916854980521,D5,200-499,308,,10,False,2.7,Fighting; Horror; Miniatures; Zombies,0.1660516605166051,0.3542435424354243,0.084870848708487,0.7822878228782287,-0.0244239498194205,True,8.559259259259258,7.365555555555555,1.1937037037037035,9.043478260869565,6.860555555555555,duplicate_or_edition_related,"title contains edition keyword (Last Night on Earth: The Zombie Game – 10 Year Anniversary Edition) — special/deluxe/big-box/collector variant, family reach not proof of broad appeal",True,False,False,False
281073,Cat Lady: Premium Edition,2019.0,477,7.612736508725405,0.05467271449246967,0.05456354209139931,15.013585610422215,7.505577988320164,7.558063794232935,7.505791966226262,6.79190302913854,0.8208334795868648,0.7037980156732129,D7,200-499,518,,10,False,1.5,Animals; Card Game,0.2348008385744234,0.4675052410901467,0.0524109014675052,0.7547169811320755,-0.1724444122893445,True,7.735229827586207,7.246616071428571,0.488613756157636,8.04,7.165181818181819,duplicate_or_edition_related,"title contains edition keyword (Cat Lady: Premium Edition) — special/deluxe/big-box/collector variant, family reach not proof of broad appeal",True,False,False,False
63091,Space Hulk (Second Edition),1996.0,623,7.650207713070194,0.04783940872062031,0.047766216801313016,17.082140249542665,7.556442471977778,7.602368304349573,7.55658592813962,6.8330082238493635,0.8171994892208305,0.7396687034265801,D7,500-999,673,3932,35,False,2.6857,Fighting; Miniatures; Science Fiction,0.1765650080256821,0.3306581059390048,0.1011235955056179,0.6484751203852327,-0.2275859955742124,True,7.8163981879194635,6.949909090909091,0.8664890970103727,7.785714285714286,6.636060606060607,duplicate_or_edition_related,"title contains edition keyword (Space Hulk (Second Edition)) — special/deluxe/big-box/collector variant, family reach not proof of broad appeal",True,False,False,False
259571,Quarriors! Qultimate Quedition,2019.0,334,7.851988768826539,0.06533660938495758,0.06515052300059106,12.417515157974064,7.723929014432022,7.786652159441581,7.72429374374538,7.040670431418198,0.8113183374083413,0.7421433300220723,D6,200-499,372,,6,False,2.1667,Dice; Fantasy; Fighting,0.1946107784431137,0.3862275449101796,0.0568862275449101,0.7574850299401198,-0.1775576311019821,True,7.886274509803921,7.411538461538462,0.47473604826545923,7.815789473684211,6.93125,duplicate_or_edition_related,"title contains edition keyword (Quarriors! Qultimate Quedition) — special/deluxe/big-box/collector variant, family reach not proof of broad appeal",True,False,False,False
176103,Shogun Big Box,2015.0,576,8.268878983401475,0.049752921181304845,0.04967060594948191,16.01916481461805,8.171363257886117,8.21912606222017,8.17152459574049,7.471878738989451,0.7970002444120237,0.7168828015380164,D7,500-999,645,,16,False,3.3125,Economic; Territory Building,0.21875,0.4548611111111111,0.0190972222222222,0.7309027777777778,-0.3226422820125879,True,8.39666673076923,7.732134920634921,0.6645318101343092,8.818181818181818,7.4470294117647065,duplicate_or_edition_related,"title contains edition keyword (Shogun Big Box) — special/deluxe/big-box/collector variant, family reach not proof of broad appeal",True,False,False,False
319196,Gùgōng: Deluxe Big Box,2020.0,367,8.545695146459744,0.062329952292192015,0.06216832975690636,12.564760666771956,8.423528439967047,8.483365194167552,8.423845220136208,7.762534213537037,0.7831609329227067,0.6941236236682489,D6,200-499,418,,14,False,3.4286,Civilization; Medieval; Travel,0.2506811989100818,0.5286103542234333,0.0190735694822888,0.7656675749318801,-0.3644390156695499,True,8.147619047619047,7.9164130434782605,0.23120600414078663,8.72857142857143,7.645483870967742,duplicate_or_edition_related,"title contains edition keyword (Gùgōng: Deluxe Big Box) — special/deluxe/big-box/collector variant, family reach not proof of broad appeal",True,False,False,False
170815,Lancaster: Big Box,2015.0,543,8.184208243075311,0.05124245304281922,0.05115253461041279,15.17390884616799,8.083773035111385,8.132965790032491,8.083949275238902,7.4066599315495285,0.7775483115257824,0.7070202210886585,D7,500-999,590,,24,False,3.125,Medieval,0.2965009208103131,0.5819521178637201,0.007366482504604,0.6648250460405156,-0.4253991638856192,True,8.314285714285715,7.518944099378881,0.7953416149068335,8.5,7.320327868852459,duplicate_or_edition_related,"title contains edition keyword (Lancaster: Big Box) — special/deluxe/big-box/collector variant, family reach not proof of broad appeal",True,False,False,False
275564,Maximum Apocalypse: Legendary Edition,2020.0,421,7.993629601778215,0.058195416224104214,0.0580638045500854,13.30188654839208,7.879566585978971,7.935434185554111,7.879824544860048,7.219520777528725,0.77410882424949,0.666613797486618,D6,200-499,462,,15,False,2.4667,Card Game; Exploration; Miniatures; Science Fiction,0.1235154394299287,0.2779097387173396,0.0665083135391924,0.7743467933491687,-0.0959098868138492,True,8.10488888888889,7.741346153846154,0.3635427350427367,8.446428571428571,7.821428571428571,duplicate_or_edition_related,"title contains edition keyword (Maximum Apocalypse: Legendary Edition) — special/deluxe/big-box/collector variant, family reach not proof of broad appeal",True,False,False,False
155731,Tokaido Collector's Edition,2015.0,1409,7.790101006630348,0.03181078087289227,0.0317892339700072,24.246419309983185,7.727751876119479,7.758290225757455,7.7277941080491335,7.018803475008209,0.7712975316221389,0.6998943092157006,D9,1k-2.5k,1515,,36,False,1.9444,Travel,0.1973030518097941,0.4024130589070263,0.0525195173882186,0.7154009936124911,-0.209572795132833,True,8.112841797235022,7.195503597122302,0.9173382001127202,8.032432432432433,6.857317073170733,duplicate_or_edition_related,"title contains edition keyword (Tokaido Collector's Edition) — special/deluxe/big-box/collector variant, family reach not proof of broad appeal",True,False,False,False
422332,Star Wars: The Deckbuilding Game – Clone Wars Edition,2024.0,585,8.339593029816518,0.04936872299008764,0.04928829694659808,15.342798872456612,8.242830332755947,8.290224306826431,8.242987967801186,7.5821386423895785,0.7574543874269395,0.6418050852219483,D7,500-999,1770,1282,31,False,2.2903,Card Game; Fighting; Movies / TV / Radio theme; Science Fiction,0.1914529914529914,0.3829059829059829,0.0683760683760683,0.8205128205128205,-0.2714966537481474,True,8.447663551401869,7.819807589285714,0.6278559621161541,8.5875,7.76551724137931,duplicate_or_edition_related,"title contains edition keyword (Star Wars: The Deckbuilding Game – Clone Wars Edition) — special/deluxe/big-box/collector variant, family reach not proof of broad appeal",True,False,False,False
177352,Carson City: Big Box,2015.0,2161,8.340928350091534,0.0256863527944085,0.02567500470518238,28.945641488607933,8.290583098614494,8.315241997297125,8.290605340869377,7.597420390954683,0.743507959136851,0.6863880253183545,D9,1k-2.5k,2521,,102,False,3.2059,American West; City Building; Economic,0.2628412771864877,0.5469689958352615,0.0198981952799629,0.6839426191577973,-0.3688871423173585,True,8.42788493150685,7.672143221830987,0.7557417096758625,8.71139534883721,7.678878205128205,duplicate_or_edition_related,"title contains edition keyword (Carson City: Big Box) — special/deluxe/big-box/collector variant, family reach not proof of broad appeal",True,False,False,False
216725,Villages of Valeria: Deluxe Kickstarter Edition,2016.0,467,7.501542632360114,0.0552549749454947,0.0551422844536236,13.387062726665858,7.393242881466945,7.4462876574146195,7.393463754831012,6.761840816804426,0.739701815555688,0.6399651601866205,D7,200-499,486,,12,False,2.0833,Card Game; City Building; Fantasy,0.3597430406852248,0.6188436830835118,0.012847965738758,0.6445396145610278,-0.2721062297905228,True,7.674074074074074,7.01547619047619,0.6585978835978841,8.833333333333334,7.1017241379310345,duplicate_or_edition_related,"title contains edition keyword (Villages of Valeria: Deluxe Kickstarter Edition) — special/deluxe/big-box/collector variant, family reach not proof of broad appeal",True,False,False,False
366748,Northgard: Uncharted Lands – Warchief Collector Edition,2022.0,233,8.36411298156227,0.07822613373120726,0.07790734877248769,9.41154031404173,8.210789759449105,8.285886847831064,8.211414577968194,7.627884570339393,0.7362284112228767,0.6692655673689094,D5,200-499,292,,7,False,2.8571,Fantasy; Medieval; Territory Building; Video Game Theme,0.1545064377682403,0.3133047210300429,0.0772532188841201,0.7811158798283262,-0.2319241403605559,True,8.820754716981131,7.633333333333334,1.1874213836477976,8.805555555555555,7.107142857142857,duplicate_or_edition_related,"title contains edition keyword (Northgard: Uncharted Lands – Warchief Collector Edition) — special/deluxe/big-box/collector variant, family reach not proof of broad appeal",True,False,False,False
260678,Stone Age: Anniversary,2018.0,2151,8.127686021475848,0.02574599149274057,0.025734564210902332,28.551349484626513,8.077223878150075,8.101940029983107,8.077246275622478,7.3926032205383905,0.735082800937457,0.6583906468465415,D9,1k-2.5k,2351,,77,False,2.3117,Dice; Prehistoric,0.1548117154811715,0.3398419339841934,0.0627615062761506,0.7391910739191074,-0.1888141618756577,True,8.152153179347827,7.707438438438439,0.44471474090938834,8.27154014814815,7.579775510204082,duplicate_or_edition_related,"title contains edition keyword (Stone Age: Anniversary) — special/deluxe/big-box/collector variant, family reach not proof of broad appeal",True,False,False,False
161617,Dungeon Lords: Happy Anniversary,2014.0,1051,8.42805986523779,0.03683226856014319,0.03679883389076573,19.82888680834103,8.35586861885991,8.391227596677647,8.355934150811889,7.697716981064293,0.7303428841734974,0.7092209587561573,D8,1k-2.5k,1095,,56,False,3.9643,Adventure; Economic; Fantasy; Fighting; Humor,0.2264509990485252,0.4272121788772597,0.0380589914367269,0.7526165556612749,-0.3022460973976443,True,8.28704918032787,7.841037815126053,0.4460113652018167,8.6555,7.816197183098592,duplicate_or_edition_related,"title contains edition keyword (Dungeon Lords: Happy Anniversary) — special/deluxe/big-box/collector variant, family reach not proof of broad appeal",True,False,False,False
307621,K2: Big Box,2020.0,256,7.834876352333044,0.07462938177195727,0.07435242625369795,9.758377078276014,7.688602764060008,7.760246970561087,7.689145596875796,7.1066147038836665,0.7282616484493776,0.6953923749633084,D5,200-499,310,,16,False,2.1875,Exploration; Sports,0.1484375,0.3984375,0.03515625,0.765625,-0.186339164833045,True,7.813939393939394,7.482894736842105,0.3310446570972898,8.084444444444443,7.290909090909091,duplicate_or_edition_related,"title contains edition keyword (K2: Big Box) — special/deluxe/big-box/collector variant, family reach not proof of broad appeal",True,False,False,False
418556,Rebel Princess Deluxe Edition,2024.0,347,8.218833313669402,0.06410104198863835,0.063925286240948,11.20012639399883,8.09319527137167,8.154732271680762,8.093539752637144,7.500893541409626,0.7179397722597756,0.5673937116021266,D6,200-499,1717,,29,False,1.8276,Card Game,0.3746397694524496,0.590778097982709,0.0230547550432276,0.6685878962536023,-0.4244240917673854,True,8.25,7.54276923076923,0.7072307692307698,8.3125,7.3925,duplicate_or_edition_related,"title contains edition keyword (Rebel Princess Deluxe Edition) — special/deluxe/big-box/collector variant, family reach not proof of broad appeal",True,False,False,False
10226,"Thunder at the Crossroads: The Battle of Gettysburg, July 1-3, 1863  (Second Edition)",1993.0,204,8.011901134461672,0.0836016295828758,0.08321284433703988,8.548562602412659,7.848041940479235,7.9282995048787965,7.8488039595610735,7.297227370308744,0.7146737641529279,0.7073154695382184,D4,200-499,219,7030,33,False,3.4242,American Civil War; Wargame,0.1274509803921568,0.2990196078431372,0.0441176470588235,0.7401960784313726,-0.247379075638143,True,8.316666666666666,6.887019230769231,1.4296474358974356,9.155555555555557,6.5625,duplicate_or_edition_related,"title contains edition keyword (Thunder at the Crossroads: The Battle of Gettysburg, July 1-3, 1863  (Second Edition)) — special/deluxe/big-box/collector variant, family reach not proof of broad appeal",True,False,False,False
22143,EastFront: The War in Russia 1941-45 – Second Edition,2006.0,588,8.479927636571619,0.04924262132056558,0.049162809002236026,14.468003044288828,8.38341209878331,8.430685015251052,8.383568530927237,7.767485241396914,0.7124423951747048,0.723125148944062,D7,500-999,638,3113,95,False,3.4842,Wargame; World War II,0.1853741496598639,0.369047619047619,0.086734693877551,0.6564625850340136,-0.4915262760273998,True,8.56933962264151,7.427339449541284,1.1420001731002252,8.745098039215685,6.9389473684210525,duplicate_or_edition_related,"title contains edition keyword (EastFront: The War in Russia 1941-45 – Second Edition) — special/deluxe/big-box/collector variant, family reach not proof of broad appeal",True,False,False,False
308762,Mystic Vale: Essential Edition,2020.0,611,8.130305898759818,0.04830690590584956,0.04823155060183009,14.5069994898119,8.035624363184354,8.081998992853968,8.035772059580232,7.4295176394292675,0.700788259330551,0.6903312591960908,D7,500-999,886,,22,False,2.3636,Card Game; Fantasy,0.1620294599018003,0.4157119476268412,0.0261865793780687,0.762684124386252,-0.3119152768285569,True,8.037096774193548,7.570101010101011,0.4669957640925375,8.40625,7.5920000000000005,duplicate_or_edition_related,"title contains edition keyword (Mystic Vale: Essential Edition) — special/deluxe/big-box/collector variant, family reach not proof of broad appeal",True,False,False,False
139993,Kingdom Builder: Big Box,2014.0,1251,7.778304902196505,0.033759901572178334,0.03373414964908293,20.509932592412664,7.712135495115036,7.744545000624327,7.712185968884302,7.085891596624641,0.692413305571864,0.534899183131393,D9,1k-2.5k,1329,,40,False,2.325,Medieval; Territory Building,0.1790567545963229,0.416466826538769,0.035171862509992,0.7002398081534772,-0.2435337830917991,True,7.645605095541402,7.293223214285715,0.35238188125568737,7.556818181818182,7.325472972972974,duplicate_or_edition_related,"title contains edition keyword (Kingdom Builder: Big Box) — special/deluxe/big-box/collector variant, family reach not proof of broad appeal",True,False,False,False
165838,Space Hulk (Fourth Edition),2014.0,1734,8.089280750997085,0.028675122378142622,0.028659336803433855,24.019971271514407,8.033077511135925,8.060605628618942,8.033108450862356,7.40050513526694,0.6887756157301457,0.6143806199572719,D9,1k-2.5k,1929,1360,97,False,2.7113,Fighting; Miniatures; Science Fiction,0.1464821222606689,0.317762399077278,0.1136101499423298,0.7001153402537486,-0.2084622215853235,True,8.357682119205297,7.334409448818897,1.0232726703864001,8.47741116751269,6.964512195121951,duplicate_or_edition_related,"title contains edition keyword (Space Hulk (Fourth Edition)) — special/deluxe/big-box/collector variant, family reach not proof of broad appeal",True,False,False,False
144568,Dawn of the Zeds (Second Edition),2013.0,645,7.999928166910973,0.04701646460183929,0.046946979833620395,14.628810307692696,7.907775896291367,7.952911702309134,7.907912086437077,7.312133224912317,0.6877949419986553,0.6857826675117913,D7,500-999,668,3276,58,False,3.1724,Horror; Zombies,0.1922480620155038,0.4,0.0465116279069767,0.6294573643410852,-0.2360289421047539,True,8.391764705882352,6.995967741935484,1.395796963946868,8.583333333333334,6.606122448979591,duplicate_or_edition_related,"title contains edition keyword (Dawn of the Zeds (Second Edition)) — special/deluxe/big-box/collector variant, family reach not proof of broad appeal",True,False,False,False
278693,Castle Panic: Big Box,2019.0,214,7.700644456358308,0.08162495219497747,0.081262979559011,8.413771871019767,7.540659550056152,7.61901950416333,7.541369016422647,7.013870729606873,0.6867737267514347,0.68873455877584,D4,200-499,254,,8,False,2.125,Fantasy; Fighting; Medieval,0.1355140186915887,0.2943925233644859,0.0841121495327102,0.8691588785046729,-0.0753952507508338,True,7.9,7.251724137931035,0.6482758620689655,7.833333333333333,7.163636363636363,duplicate_or_edition_related,"title contains edition keyword (Castle Panic: Big Box) — special/deluxe/big-box/collector variant, family reach not proof of broad appeal",True,False,False,False
276502,Roads & Boats: 20th Anniversary Edition,2019.0,513,8.877935135912196,0.05271948317051604,0.0526215780019264,12.890052343341091,8.774604948897984,8.82521565274168,8.77479684302842,8.198378238330355,0.6795568975818416,0.6631036632965834,D7,500-999,584,,30,False,4.2667,City Building; Civilization; Economic; Industry / Manufacturing; Transportation,0.2222222222222222,0.5107212475633528,0.0272904483430799,0.7309941520467836,-0.5933883522864638,True,8.761290322580646,7.76359649122807,0.9976938313525752,8.864285714285714,7.576086956521739,duplicate_or_edition_related,"title contains edition keyword (Roads & Boats: 20th Anniversary Edition) — special/deluxe/big-box/collector variant, family reach not proof of broad appeal",True,False,False,False
363289,Fantasy Realms: Deluxe Edition,2022.0,969,8.101911996377199,0.03835905840706064,0.03832129550013595,17.680860711370546,8.02672824189936,8.063552937970139,8.026802257196932,7.423690827662632,0.6782211687145665,0.5766123084509829,D8,500-999,1386,,24,False,2.0417,Card Game; Fantasy,0.2125902992776057,0.4633642930856553,0.0299277605779153,0.7120743034055728,-0.3805196021563532,True,7.966666666666667,7.430708252427185,0.5359584142394818,8.089655172413792,7.178301886792454,duplicate_or_edition_related,"title contains edition keyword (Fantasy Realms: Deluxe Edition) — special/deluxe/big-box/collector variant, family reach not proof of broad appeal",True,False,False,False
10156,The Russian Campaign: 4th Edition,2003.0,265,7.940029140371037,0.07335114367176006,0.07308812706335754,9.243985745468002,7.796260898774387,7.866677996699276,7.796776411326856,7.261972213855511,0.6780569265155254,0.673397794303388,D5,200-499,294,6111,41,False,2.9024,Wargame; World War II,0.1622641509433962,0.4226415094339623,0.0754716981132075,0.6528301886792452,-0.3205698950880189,True,8.341860465116278,7.603411627906976,0.7384488372093028,8.66,7.888888888888889,duplicate_or_edition_related,"title contains edition keyword (The Russian Campaign: 4th Edition) — special/deluxe/big-box/collector variant, family reach not proof of broad appeal",True,False,False,False
134520,Phantom Leader: Deluxe Edition,2013.0,534,8.103607453932053,0.05167246718058199,0.051580270065583946,13.060357204470948,8.002329418258112,8.051934986751471,8.002510124603509,7.4287465749173505,0.6748608790147026,0.6608109174554704,D7,500-999,609,3496,41,False,2.6341,Aviation / Flight; Vietnam War; Wargame,0.1217228464419475,0.2640449438202247,0.1385767790262172,0.7808988764044944,-0.0841005812728766,True,8.44500965317919,7.487384615384616,0.9576250377945739,8.467387432432433,7.756842105263158,duplicate_or_edition_related,"title contains edition keyword (Phantom Leader: Deluxe Edition) — special/deluxe/big-box/collector variant, family reach not proof of broad appeal",True,False,False,False
322543,Don't Get Got!: Shut Up & Sit Down Special Edition,2021.0,491,7.5192775229932165,0.05388762962494229,0.05378308414510106,12.481236095601284,7.41365776892833,7.4653898933682745,7.413862678068819,6.846693295011994,0.6725842279812229,0.5317042151295777,D7,200-499,567,4528,5,False,1.2,Bluffing; Humor; Party Game,0.1262729124236252,0.3279022403258655,0.0407331975560081,0.8289205702647657,-0.2620582358241762,True,7.778676470588236,6.897225806451613,0.8814506641366231,8.2,6.785714285714286,duplicate_or_edition_related,"title contains edition keyword (Don't Get Got!: Shut Up & Sit Down Special Edition) — special/deluxe/big-box/collector variant, family reach not proof of broad appeal",True,False,False,False
329841,Ticket to Ride: Europe – 15th Anniversary,2021.0,4003,8.29388130354549,0.018872830156760712,0.01886832760259265,34.66828868618389,8.25689055643824,8.275008473388729,8.25689938144441,7.639592579345592,0.6542887241998976,0.6113486124876815,D10,2.5k-5k,4902,,100,False,1.87,Trains; Travel,0.1156632525605795,0.2915313514863852,0.0801898576067949,0.8928303772170871,-0.1267718781145538,True,8.346751456647398,8.05797840172786,0.2887730549195382,8.433790249221184,7.789464285714287,duplicate_or_edition_related,"title contains edition keyword (Ticket to Ride: Europe – 15th Anniversary) — special/deluxe/big-box/collector variant, family reach not proof of broad appeal",True,False,False,False
359612,Trick Shot (Second Edition),2024.0,356,8.469031591449754,0.063285589171568,0.06311643844443263,10.262257198294412,8.344991836673481,8.405746002278187,8.345323372098667,7.819578598425528,0.6494529930242265,0.49671550748978177,D6,200-499,536,3524,14,False,2.5,Dice; Miniatures; Sports,0.2191011235955056,0.4550561797752809,0.0449438202247191,0.7780898876404494,-0.3364473217868393,True,8.602380952380953,7.630769230769231,0.9716117216117217,8.90625,7.6692307692307695,duplicate_or_edition_related,"title contains edition keyword (Trick Shot (Second Edition)) — special/deluxe/big-box/collector variant, family reach not proof of broad appeal",True,False,False,False
328326,Fleet: The Dice Game (Second Edition),2020.0,1337,8.120977897194537,0.03265608538975378,0.0326327760229062,19.852763937603488,8.05697196983062,8.088321811804784,8.057017656189641,7.472664342825533,0.648313554369004,0.5786863426531124,D9,1k-2.5k,1604,1614,44,False,2.2273,Dice; Nautical,0.2086761406133133,0.4472700074794316,0.0149588631264023,0.7359760658189978,-0.3434441126021684,True,8.032710280373832,7.456795698924731,0.5759145814491013,8.025,7.339319148936171,duplicate_or_edition_related,"title contains edition keyword (Fleet: The Dice Game (Second Edition)) — special/deluxe/big-box/collector variant, family reach not proof of broad appeal",True,False,False,False
84838,Yomi (Second Edition),2014.0,560,7.799485509147904,0.05045867162586279,0.05037280960332848,12.80487667743046,7.700586512761213,7.749026837522042,7.70075480232538,7.1533684416717715,0.6461170674761325,0.6365693403018904,D7,500-999,599,4361,34,False,2.7353,Card Game; Fantasy; Fighting; Print & Play,0.2589285714285714,0.4642857142857143,0.0535714285714285,0.5625,-0.4673176520050555,True,8.309782608695652,6.6044965517241385,1.7052860569715138,8.3,6.495555555555556,duplicate_or_edition_related,"title contains edition keyword (Yomi (Second Edition)) — special/deluxe/big-box/collector variant, family reach not proof of broad appeal",True,False,False,False
10174,Bitter Woods Deluxe Edition,2003.0,281,7.940972370013321,0.07123225067446562,0.0709913015378807,8.955961359259627,7.801357158691368,7.869740119338855,7.801829418999074,7.303019085439711,0.6379532845736096,0.6235457891358926,D5,200-499,305,6030,52,False,3.0769,Wargame; World War II,0.1637010676156583,0.3594306049822064,0.0640569395017793,0.6797153024911032,-0.3688639358496218,True,7.825,7.237227608695652,0.5877723913043482,8.194444444444445,7.213125,duplicate_or_edition_related,"title contains edition keyword (Bitter Woods Deluxe Edition) — special/deluxe/big-box/collector variant, family reach not proof of broad appeal",True,False,False,False
286344,Conflict of Heroes: Storms of Steel – Kursk 1943 (Third Edition),2019.0,369,8.510376485827106,0.06216080692665351,0.06200049323688627,10.145644769777654,8.388541304250865,8.448215678900452,8.388855519082808,7.879715020146545,0.6306614656805607,0.571122491237702,D6,200-499,457,3962,23,False,2.9565,Wargame; World War II,0.1436314363143631,0.3089430894308943,0.1056910569105691,0.7886178861788617,-0.1886962690249384,True,8.486559139784946,8.145283018867925,0.341276120917021,8.54102564102564,8.178571428571429,duplicate_or_edition_related,"title contains edition keyword (Conflict of Heroes: Storms of Steel – Kursk 1943 (Third Edition)) — special/deluxe/big-box/collector variant, family reach not proof of broad appeal",True,False,False,False
325810,Ascension: 10 Year Anniversary Edition,2022.0,841,7.9737350681210435,0.041174831322459186,0.04112813748931083,15.275758666135836,7.893032398729024,7.932560236798584,7.893123918641995,7.344758281720306,0.6289767864007372,0.5520922575126246,D8,500-999,1250,2112,43,False,1.814,Card Game; Fantasy,0.1414982164090368,0.3234244946492271,0.0713436385255648,0.6741973840665874,-0.2246157458856139,True,8.07652577464789,7.310252100840335,0.7662736738075537,8.1665555,7.161842105263157,duplicate_or_edition_related,"title contains edition keyword (Ascension: 10 Year Anniversary Edition) — special/deluxe/big-box/collector variant, family reach not proof of broad appeal",True,False,False,False
231327,The Grizzled: Armistice Edition,2018.0,899,7.875234843244121,0.03982446779854429,0.039782214401532616,15.790361896526532,7.7971788863589735,7.835410375445576,7.797261703017116,7.246392084368539,0.6288427588755816,0.5956860072815058,D8,500-999,1000,2599,26,False,2.3462,Card Game; World War I,0.2202447163515016,0.4427141268075639,0.0545050055617352,0.692992213570634,-0.2166888143230978,True,7.793932936507937,7.483116161616161,0.3108167748917756,7.952426326530611,7.4511666666666665,duplicate_or_edition_related,"title contains edition keyword (The Grizzled: Armistice Edition) — special/deluxe/big-box/collector variant, family reach not proof of broad appeal",True,False,False,False
109125,Wallenstein (Second Edition),2012.0,1371,8.084465006697354,0.032248617356619456,0.03222616908365937,19.378737242704798,8.02125771667838,8.052216389340733,8.021301715293381,7.459527524502896,0.6249374821944578,0.5073287832116584,D9,1k-2.5k,1423,1999,100,False,3.23,Economic; Pike and Shot; Renaissance; Territory Building,0.3377097009482129,0.5900802334062727,0.0218818380743982,0.4383661560904449,-0.5187954224522666,True,8.089361702127661,7.353159827213822,0.7362018749138395,8.41,7.109539473684211,duplicate_or_edition_related,"title contains edition keyword (Wallenstein (Second Edition)) — special/deluxe/big-box/collector variant, family reach not proof of broad appeal",True,False,False,False
302189,Merlin: Big Box,2020.0,315,8.37028666967191,0.06727822883448371,0.067075106967794,9.095805228867015,8.238421341156322,8.303008440837425,8.238819460015034,7.758337004050301,0.6119496656216086,0.5452415085387736,D6,200-499,399,,17,False,3.3529,Medieval,0.3682539682539683,0.6603174603174604,0.0126984126984126,0.7746031746031746,-0.2645723839576172,False,,,,9.125,7.728,duplicate_or_edition_related,"title contains edition keyword (Merlin: Big Box) — special/deluxe/big-box/collector variant, family reach not proof of broad appeal",True,False,False,False
406767,Hegemony: Lead Your Class to Victory – Extended Edition,2023.0,202,9.10038840826003,0.08401447964718198,0.08361993330169236,7.243992516883305,8.935720028151554,9.016373928612849,8.936493338988713,8.491788146386,0.6086002618740309,0.5437217387704774,D4,200-499,495,,20,False,4.3,Economic; Educational; Negotiation; Political,0.1732673267326732,0.396039603960396,0.0841584158415841,0.7326732673267327,-0.2810814775669636,True,9.147727272727273,8.431428571428572,0.716298701298701,9.411764705882353,7.888888888888889,duplicate_or_edition_related,"title contains edition keyword (Hegemony: Lead Your Class to Victory – Extended Edition) — special/deluxe/big-box/collector variant, family reach not proof of broad appeal",True,False,False,False
271321,CABO (Second Edition),2019.0,1743,7.556050486387104,0.028600994406542943,0.02858533087058514,21.24569669225959,7.49999253735028,7.527449491980561,7.500023237880757,6.948402434128679,0.6076480522584244,0.5680204414615151,D9,1k-2.5k,2342,1721,50,False,1.22,Card Game; Fantasy,0.2369477911646586,0.459552495697074,0.0545037292025243,0.6706827309236948,-0.2895577153027682,True,7.842530120481928,6.728680387409202,1.1138497330727262,7.888000000000002,6.2801470588235295,duplicate_or_edition_related,"title contains edition keyword (CABO (Second Edition)) — special/deluxe/big-box/collector variant, family reach not proof of broad appeal",True,False,False,False
147537,Malifaux (Second Edition),2013.0,400,8.224182193556096,0.05970350541756582,0.059561419744099536,10.097124655321762,8.107163322937668,8.16447868813853,8.107441810857662,7.621348456995256,0.6028337365608403,0.5473772531375021,D6,200-499,430,4380,32,False,3.6562,Collectible Components; Horror; Miniatures; Science Fiction; Wargame,0.1325,0.265,0.1275,0.715,-0.2967238685560939,True,8.275297589285714,7.107547169811321,1.1677504194743928,8.067320196078432,6.75,duplicate_or_edition_related,"title contains edition keyword (Malifaux (Second Edition)) — special/deluxe/big-box/collector variant, family reach not proof of broad appeal",True,False,False,False
36553,Time's Up! Title Recall!,2008.0,3629,8.027215708183324,0.01982149204496052,0.019816276005554107,97.33036943649174,7.988365583775201,8.007394216138364,7.988375807212438,6.097982564664834,1.9292331435184895,1.679417786165093,D10,2.5k-5k,3787,731,95,False,1.1895,Humor; Movies / TV / Radio theme; Party Game,0.2424910443648388,0.4866354367594379,0.0198401763571231,0.6332322953981813,-0.3581215913467317,True,7.958774193548386,7.375882181818183,0.5828920117302037,7.986944444444443,7.164936335877862,insufficient_hiddenness_evidence,users 3787>=5000 or rank 731.0<1000 — not obscure (hiddenness dim 3),False,False,True,False
153016,Telestrations: 12 Player Party Pack,2011.0,3141,7.964557605643798,0.02130570249537513,0.021299225213735656,68.49965647517911,7.922798428752863,7.943251903148423,7.922811124224877,6.505124303748236,1.4594333018955625,1.416640587945822,D10,2.5k-5k,3505,757,52,False,1.0577,Humor; Party Game; Real-time,0.1716014008277618,0.3836357847819166,0.0480738618274434,0.6959567016873607,-0.2420280863824123,True,8.096350581896553,7.334664749536177,0.7616858323603761,8.294701986754967,7.122845394736843,insufficient_hiddenness_evidence,users 3505>=5000 or rank 757.0<1000 — not obscure (hiddenness dim 3),False,False,True,False
295564,Unmatched Game System,2019.0,2194,8.527517717721375,0.02549244640888376,0.025481353274207957,47.47074649612093,8.477552522759963,8.502025271312492,8.477574265303927,7.317372256679306,1.2101454610420692,1.1845324516177005,D9,1k-2.5k,3056,555,90,False,1.9333,Card Game; Fantasy; Fighting,0.1973564266180492,0.402461257976299,0.048313582497721,0.4758432087511394,-0.3380438070559294,True,8.83848412121212,7.606803695150115,1.231680426062006,9.208553490566038,7.097786885245902,insufficient_hiddenness_evidence,users 3056>=5000 or rank 555.0<1000 — not obscure (hiddenness dim 3),False,False,True,False
23540,Shikoku 1889,2004.0,2196,8.710357198506726,0.025480835182406264,0.02546975719225041,45.078228857651986,8.660414761549209,8.68487636332432,8.660436474409915,7.561726278670106,1.14863091983662,1.035741771808798,D9,1k-2.5k,2733,719,117,False,3.8205,Economic; Trains; Transportation,0.2604735883424408,0.5510018214936248,0.0204918032786885,0.529143897996357,-0.7342460873956032,True,8.34623091503268,7.6360839160839165,0.7101469989487628,8.351111111111111,7.332585034013604,insufficient_hiddenness_evidence,users 2733>=5000 or rank 719.0<1000 — not obscure (hiddenness dim 3),False,False,True,False
1353,Time's Up!,1999.0,5962,7.640844399971531,0.015464427282654125,0.015461949858083749,73.35578062160337,7.610534122497529,7.625379972688877,7.610538978249687,6.506439264786417,1.1344051351851139,1.1557663470847679,D10,5k-10k,6292,795,343,False,1.2012,Humor; Party Game,0.2359946326735994,0.463770546796377,0.0350553505535055,0.4597450519959745,-0.3679256512294903,True,7.466562986003111,6.980228855721394,0.48633413028171724,7.641148325358851,6.8442821782178225,insufficient_hiddenness_evidence,users 6292>=5000 or rank 795.0<1000 — not obscure (hiddenness dim 3),False,False,True,False
16747,Tumblin' Dice,2004.0,4787,7.622097598491516,0.017258303927421375,0.01725486068466292,64.14150010167528,7.58827132279377,7.604839294564095,7.588278071549577,6.515124095376075,1.1069735031154408,0.8709972082894595,D10,2.5k-5k,5252,906,244,False,1.0492,Action / Dexterity; Dice; Party Game,0.3605598495926467,0.6503029036975141,0.0127428452057656,0.4888238980572383,-0.3835430256901825,True,7.763684210526315,6.9843642757821565,0.7793199347441586,8.062295081967214,6.820568858800774,insufficient_hiddenness_evidence,users 5252>=5000 or rank 906.0<1000 — not obscure (hiddenness dim 3),False,False,True,False
160069,Ticket to Ride: 10th Anniversary,2014.0,5355,8.343025824113349,0.01631736728170895,0.016314456984408424,66.91873569330744,8.3110437842412,8.326708456831641,8.311049488423908,7.251088235778045,1.0919375883353037,1.0154810964924312,D10,5k-10k,5670,,232,False,1.8879,Trains; Travel,0.1400560224089636,0.3127917833800187,0.0799253034547152,0.8141923436041083,-0.1243860332637165,True,8.489632151260503,7.932378026666668,0.5572541245938352,8.577284859813085,7.8649222110552754,insufficient_hiddenness_evidence,users 5670>=5000 or rank None<1000 — not obscure (hiddenness dim 3),True,False,True,False
284777,Unmatched: Jurassic Park – InGen vs Raptors,2020.0,2489,8.238938946101287,0.02393411526895371,0.023924933941637094,44.12503960238543,8.192028080174138,8.215004830832333,8.192046075575679,7.182845162010647,1.0560937840906401,0.9003882800660516,D9,1k-2.5k,2934,679,36,False,2.0556,Animals; Card Game; Fantasy; Fighting; Movies / TV / Radio theme,0.1518682201687424,0.3157894736842105,0.0650863800723182,0.7938931297709924,-0.1384510754705096,True,8.450635964912282,7.628968253968254,0.8216677109440278,8.546913580246914,7.296770833333333,insufficient_hiddenness_evidence,users 2934>=5000 or rank 679.0<1000 — not obscure (hiddenness dim 3),False,False,True,False
371433,Terrorscape,2023.0,1386,8.441308656716403,0.032073637132192155,0.03205155204196583,31.13529761715692,8.378444327937308,8.40923501958421,8.37848761471415,7.442686418940905,0.9986222377754981,0.8398049373913477,D9,1k-2.5k,3573,601,96,False,2.2708,Horror; Movies / TV / Radio theme,0.1782106782106782,0.3571428571428571,0.0822510822510822,0.5800865800865801,-0.3040444647972186,True,8.662253205574913,7.547812348178138,1.114440857396775,8.75,7.41628205128205,insufficient_hiddenness_evidence,users 3573>=5000 or rank 601.0<1000 — not obscure (hiddenness dim 3),False,False,True,False
363622,The Castles of Burgundy: Special Edition,2023.0,7544,9.37409384919825,0.013747666454149009,0.013745925818944335,72.58916182050044,9.347148422948118,9.3603461827441,9.347151834593118,8.376162264303762,0.9979315848944879,0.9709061329270625,D10,5k-10k,12010,,309,False,2.8382,Dice; Medieval; Territory Building,0.1171792152704135,0.3108430540827147,0.0604453870625662,0.8345705196182397,-0.2388172200890189,True,9.23849140898705,8.93008823529412,0.30840317369293047,9.259593048245613,8.80736956521739,insufficient_hiddenness_evidence,users 12010>=5000 or rank None<1000 — not obscure (hiddenness dim 3),True,False,True,False
121288,Dixit: Journey,2012.0,4551,7.58160315261104,0.017700128075058153,0.017696413614155828,53.953921215873585,7.546910901583925,7.563903024535982,7.546918181927294,6.62661183693848,0.9549913156725598,0.8963585705721915,D10,2.5k-5k,4737,905,133,False,1.2556,Card Game; Humor; Party Game,0.1735882223687101,0.3623379477038013,0.05713030103274,0.6772137991650187,-0.2057525703214162,True,7.687140378096481,7.019672151898735,0.6674682261977454,7.767307692307693,6.858692307692308,insufficient_hiddenness_evidence,users 4737>=5000 or rank 905.0<1000 — not obscure (hiddenness dim 3),False,False,True,False
373600,Cthulhu: Death May Die – Fear of the Unknown,2024.0,502,8.929212243821514,0.0532939571045424,0.05319282254215531,17.901122102784356,8.82475608789661,8.87591828671697,8.824954311638889,7.9751906103525485,0.9540216334689653,0.9147859924998034,D7,500-999,1787,786,48,False,2.7083,Fantasy; Fighting; Horror; Miniatures; Novel-based,0.1713147410358566,0.3625498007968127,0.0836653386454183,0.8545816733067729,-0.1798556701163416,True,8.949238095238096,8.435941860465116,0.5132962347729801,8.938571428571429,7.742307692307692,insufficient_hiddenness_evidence,users 1787>=5000 or rank 786.0<1000 — not obscure (hiddenness dim 3),False,False,True,False
150,PitchCar,1995.0,11177,7.6181849962466535,0.01129450497729432,0.011293539706389485,83.27092959356061,7.596047766491156,7.606890491269359,7.59604965842213,6.677681067488258,0.9405039287583952,0.9189662226786082,D10,10k-25k,11831,531,690,False,1.1203,Action / Dexterity; Children's Game; Party Game; Racing; Sports,0.2294891294622886,0.4855506844412633,0.0218305448689272,0.5312695714413528,-0.3560583155631514,True,7.549443686006827,7.032066042884989,0.5173776431218373,7.65233606557377,6.927853194650819,insufficient_hiddenness_evidence,users 11831>=5000 or rank 531.0<1000 — not obscure (hiddenness dim 3),False,False,True,False
415776,Kingdom Legacy: Feudal Kingdom,2024.0,567,8.714294283767142,0.050146231026564014,0.050061951469523,17.680620744143994,8.616007670955076,8.664148052740577,8.616172858886877,7.827677791238237,0.8866164925289048,0.8101419233708649,D7,500-999,3285,605,106,False,2.2547,Adventure; Card Game; City Building; Civilization; Economic; Exploration; Medieval,0.1746031746031746,0.3985890652557319,0.0723104056437389,0.8589065255731922,-0.3093648305043583,True,8.805102040816328,8.067171717171718,0.7379303236446102,9.080487804878048,8.15,insufficient_hiddenness_evidence,users 3285>=5000 or rank 605.0<1000 — not obscure (hiddenness dim 3),False,False,True,False
254708,Roll Player Adventures,2021.0,1948,8.396680261911651,0.027054240745761703,0.027040982379868968,32.301502832108575,8.343653950049958,8.369626021165889,8.343679936447108,7.522787627841883,0.8738926340697688,0.8377234792998189,D9,1k-2.5k,2477,839,76,False,2.3421,Adventure; Dice; Exploration; Fantasy,0.1960985626283367,0.4004106776180698,0.0616016427104722,0.6796714579055442,-0.2698326130410188,True,8.573449477351916,7.629471204188482,0.9439782731634345,8.6,7.294918032786885,insufficient_hiddenness_evidence,users 2477>=5000 or rank 839.0<1000 — not obscure (hiddenness dim 3),False,False,True,False
230914,Carcassonne Big Box 6,2017.0,4395,8.060954186939634,0.018011520922149762,0.018007606993777556,47.00579532962345,8.02565160593222,8.042942666017485,8.02565927723183,7.214308320897832,0.8466458660418024,0.7004310349387666,D10,2.5k-5k,5342,,144,False,1.9514,City Building; Medieval; Territory Building,0.0436860068259385,0.128782707622298,0.1676905574516496,0.872127417519909,-0.0511505214106323,True,8.123096501706485,7.811083125,0.312013376706485,8.222458439620082,7.7779992156862745,insufficient_hiddenness_evidence,users 5342>=5000 or rank None<1000 — not obscure (hiddenness dim 3),True,False,True,False
3201,Lord of the Rings: The Confrontation,2002.0,6911,7.55528221878546,0.014363470280262611,0.014361485139126988,55.7838451898479,7.527129817036145,7.540918748505198,7.527133707912771,6.754032616282309,0.8012496025031508,0.6540098604160596,D10,5k-10k,7238,811,703,False,2.1494,Adventure; Bluffing; Card Game; Deduction; Fantasy; Movies / TV / Radio theme; Novel-based,0.2252930111416582,0.4472579945015193,0.0486181449862537,0.5761828968311388,-0.3596702943172277,True,7.538251599147122,6.905014990366088,0.6332366087810337,7.635119047619047,6.810084415584415,insufficient_hiddenness_evidence,users 7238>=5000 or rank 811.0<1000 — not obscure (hiddenness dim 3),False,False,True,False
241590,Smart10,2017.0,3377,7.759984078845031,0.020547751096250195,0.02054194061727395,38.49445372532865,7.719710486696381,7.7394363277487805,7.719721875235174,6.969009625110857,0.7909744537341741,0.6676789783135337,D10,2.5k-5k,4416,860,105,False,1.1714,Party Game; Trivia,0.1646431744151613,0.3665975718092982,0.0447142434113118,0.7142434113118152,-0.2995760095527729,True,7.677266644444444,7.090370557553957,0.5868960868904871,7.798476754966887,6.795833333333333,insufficient_hiddenness_evidence,users 4416>=5000 or rank 860.0<1000 — not obscure (hiddenness dim 3),False,False,True,False
220,High Society,1995.0,14542,7.574683927951448,0.009901882225289385,0.009901231775518958,78.02232472004725,7.555276238789881,7.564782045726159,7.555277513671431,6.802116057630256,0.7725678703211925,0.6450996860776543,D10,10k-25k,16848,535,737,False,1.4817,Card Game,0.2096685462797414,0.4652042360060514,0.0268876358135057,0.6178654930546005,-0.4014377891809657,True,7.4527022746781135,6.939929163660215,0.5127731110178981,7.518678593350385,6.799272251308901,insufficient_hiddenness_evidence,users 16848>=5000 or rank 535.0<1000 — not obscure (hiddenness dim 3),False,False,True,False
31999,TZAAR,2007.0,3915,8.056302667283026,0.019083759878504417,0.01907910470160822,40.25136829806081,8.018898497921157,8.03721890740452,8.018907622067873,7.288155219901588,0.7681474473814376,0.692357473521886,D10,2.5k-5k,4190,655,231,False,2.4805,Abstract Strategy,0.2922094508301405,0.5335887611749681,0.0280970625798212,0.6347381864623244,-0.4075897426342211,True,8.12495238095238,7.298307954545456,0.826644426406923,8.291818181818183,7.146408201058201,insufficient_hiddenness_evidence,users 4190>=5000 or rank 655.0<1000 — not obscure (hiddenness dim 3),False,False,True,False
422732,Agent Avenue,2024.0,596,8.177768915927185,0.048911017404951386,0.04883280409044011,15.322763065594822,8.081903321813481,8.128857898522234,8.082056619909922,7.4283169849339306,0.7494519309932546,0.6789497073965602,D7,500-999,7067,520,174,False,1.2184,Animals; Bluffing; Card Game; Spies / Secret Agents,0.3003355704697986,0.5369127516778524,0.0436241610738255,0.6510067114093959,-0.3725340165983319,True,8.105263157894736,7.4308379888268155,0.6744251690679208,8.430769230769231,7.233064516129031,insufficient_hiddenness_evidence,users 7067>=5000 or rank 520.0<1000 — not obscure (hiddenness dim 3),False,False,True,False
387866,Star Wars: Unlimited,2024.0,2153,8.357932705140609,0.025734030520437545,0.025722619150671026,28.776637002389663,8.307494005320551,8.332198674620171,8.307516371605294,7.617393850245561,0.740538854895048,0.44812961009398755,D9,1k-2.5k,3294,632,72,False,2.3333,Card Game; Collectible Components; Movies / TV / Radio theme; Science Fiction,0.2104040873200185,0.4226660473757547,0.0548072457036693,0.6367858801672085,-0.3123985992418697,True,8.689093313253013,7.430590684326711,1.2585026289263013,8.819934830508474,7.072014925373134,insufficient_hiddenness_evidence,users 3294>=5000 or rank 632.0<1000 — not obscure (hiddenness dim 3),False,False,True,False
283864,Trails of Tucana,2019.0,4776,7.717029952458705,0.017278167009402354,0.017274711866553334,42.063931688086726,7.683164745120276,7.699751785449303,7.68317151720026,6.9902423156798505,0.7267876367788544,0.6039093773113109,D10,2.5k-5k,5371,804,136,False,1.2721,Exploration,0.2717755443886097,0.5314070351758794,0.0188442211055276,0.6333752093802345,-0.3472142929109882,True,7.585015384615385,7.153594938366718,0.4314204462486675,7.74,6.9866805164319254,insufficient_hiddenness_evidence,users 5371>=5000 or rank 804.0<1000 — not obscure (hiddenness dim 3),False,False,True,False
293141,King of Tokyo: Dark Edition,2020.0,5422,7.835411263152287,0.016216236516332,0.016213379986690268,44.24141718189424,7.803627439580277,7.819195026635955,7.803633038378374,7.117981978312976,0.7174292848393113,0.5175615128970348,D10,5k-10k,6179,527,143,False,1.6294,Dice; Fighting; Movies / TV / Radio theme; Science Fiction,0.1097381040206565,0.2713021025451863,0.0800442641091848,0.7268535595721136,-0.1933133638531326,True,7.92994610212766,7.216236974789916,0.7137091273377445,8.01167435483871,7.060924855491329,insufficient_hiddenness_evidence,users 6179>=5000 or rank 527.0<1000 — not obscure (hiddenness dim 3),True,False,True,False
294612,Unlock!: Epic Adventures,2019.0,2503,8.078354370748299,0.023867086208800847,0.023857981775084063,28.73191835146172,8.031574881779049,8.054487284539498,8.031592726469134,7.392607198509735,0.685747172238564,0.6505169329246971,D9,2.5k-5k,2907,961,25,False,2.12,Card Game; Exploration; Fantasy; Horror; Puzzle; Real-time; Spies / Secret Agents,0.2688773471833799,0.5077906512185377,0.0267678785457451,0.3911306432281262,-0.3870516020707201,True,7.6642283796296296,7.5783437295690925,0.08588465006053703,7.709253731343283,7.355545454545454,insufficient_hiddenness_evidence,users 2907>=5000 or rank 961.0<1000 — not obscure (hiddenness dim 3),False,False,True,False
17405,1846: The Race for the Midwest,2005.0,3000,8.539247382960468,0.021800637786221794,0.021793698680626864,31.22707400262942,8.496518132899473,8.517446745174247,8.496531733546439,7.858477253505601,0.6807701294548671,0.6110241196275155,D10,2.5k-5k,3283,662,192,False,3.9948,Economic; Trains,0.266,0.5426666666666666,0.024,0.5656666666666667,-0.6449627162937956,True,8.336500000000001,7.584097744360903,0.7524022556390983,8.473611111111111,7.455893719806764,insufficient_hiddenness_evidence,users 3283>=5000 or rank 662.0<1000 — not obscure (hiddenness dim 3),False,False,True,False
150997,Shadows of Brimstone: Swamps of Death,2014.0,2296,8.117201044924434,0.024919761686243776,0.024909399199530027,27.16644389995733,8.068358312019395,8.09228128323819,8.068378622493356,7.440219737074786,0.6769813078496476,0.6404033135385392,D9,1k-2.5k,2527,946,87,False,3.4023,Adventure; American West; Exploration; Fantasy; Horror; Miniatures,0.134581881533101,0.2948606271777003,0.102787456445993,0.6929442508710801,-0.1776165022414982,True,8.519561567944251,7.124142394822005,1.3954191731222458,8.790113008474577,6.8246153846153845,insufficient_hiddenness_evidence,users 2527>=5000 or rank 946.0<1000 — not obscure (hiddenness dim 3),False,False,True,False
256952,Zombie Kidz Evolution,2018.0,5298,7.757903919929508,0.016404909905822204,0.01640195252407359,41.05031101715096,7.7257502965140965,7.741499010023686,7.725756092982324,7.084477266087166,0.6734266538423421,0.6715330228185028,D10,5k-10k,6319,576,162,False,1.3765,Children's Game; Fighting; Horror; Zombies,0.1370328425821064,0.3176670441676104,0.0660626651566629,0.7610419026047565,-0.1917232951654316,True,7.853492579979361,7.1902641873278235,0.6632283926515372,8.129463114285715,6.873627906976745,insufficient_hiddenness_evidence,users 6319>=5000 or rank 576.0<1000 — not obscure (hiddenness dim 3),False,False,True,False
338834,MicroMacro: Crime City – Full House,2021.0,4494,7.98070070419812,0.017812024858601717,0.017808239520216672,36.733512130286876,7.945789135475261,7.962888679339518,7.945796554738496,7.326402472989702,0.6542982312084176,0.5905413931164922,D10,2.5k-5k,5467,539,99,False,1.1616,Deduction; Murder / Mystery,0.1953716065865598,0.4241210502892746,0.0246995994659546,0.7071651090342679,-0.315545721999632,True,7.927303370786516,7.4711560364464695,0.45614733434004684,7.926666666666666,7.2553125,insufficient_hiddenness_evidence,users 5467>=5000 or rank 539.0<1000 — not obscure (hiddenness dim 3),False,False,True,False
151022,Baseball Highlights: 2045,2015.0,4597,7.874623779780387,0.017611347023328408,0.017607688164468657,37.10849886398715,7.840105539614663,7.857012432757058,7.840112710978028,7.221093128771921,0.6535306510084657,0.5466749420259527,D10,2.5k-5k,4906,714,168,False,2.1964,Card Game; Science Fiction; Sports,0.2490754840113117,0.5048944964107027,0.0274091798999347,0.519686752229715,-0.3686183806070174,True,8.161477486486485,7.1150064628820955,1.046471023604389,8.222777777777777,6.917068862275449,insufficient_hiddenness_evidence,users 4906>=5000 or rank 714.0<1000 — not obscure (hiddenness dim 3),False,False,True,False
300905,Top Ten,2020.0,3993,7.820516893321198,0.018896447773505753,0.018891928298624384,34.154929220901415,7.783479855685127,7.801620445547692,7.783488713855894,7.175110057090649,0.6454068362305492,0.46260244426961616,D10,2.5k-5k,5404,810,121,False,1.0744,Party Game,0.1745554720761332,0.3779113448534936,0.0435762584522915,0.6093163035311796,-0.3740017593367211,True,7.7681508078994606,7.132539454806314,0.6356113530931466,7.9448275862068956,6.9510476190476185,insufficient_hiddenness_evidence,users 5404>=5000 or rank 810.0<1000 — not obscure (hiddenness dim 3),False,False,True,False
135779,A Fake Artist Goes to New York,2011.0,9131,7.516824147799332,0.012495989603774894,0.012494682388531317,51.0204519624234,7.492332008175933,7.504328158195556,7.49233457031781,6.879273110496992,0.6375510373023392,0.4337151680632605,D10,5k-10k,10808,764,188,False,1.0957,Bluffing; Deduction; Party Game,0.198992443324937,0.4343445405760596,0.0307742854013799,0.6066148286058483,-0.3954914591562332,True,7.51255224049332,6.839635481563016,0.6729167589303042,7.701352313167259,6.6742799188641,insufficient_hiddenness_evidence,users 10808>=5000 or rank 764.0<1000 — not obscure (hiddenness dim 3),False,False,True,False
251219,Istanbul: Big Box,2018.0,4279,8.246505611002364,0.018254026781153468,0.018249952660131238,34.675168584143854,8.210727718511304,8.22825158422121,8.210735703788506,7.613544155026391,0.6329614559759733,0.5464702699531516,D10,2.5k-5k,5209,,122,False,2.5082,Economic,0.1096050479083898,0.3010049076887123,0.054451974760458,0.8156111240944146,-0.2583535754800454,True,8.194286407624634,7.892590618336886,0.30169578928774854,8.379742489270386,7.71417,insufficient_hiddenness_evidence,users 5209>=5000 or rank None<1000 — not obscure (hiddenness dim 3),True,False,True,False
256788,Detective Club,2018.0,4340,7.6656585576229315,0.018125289914465888,0.01812130136663492,34.55204124862173,7.630132989390578,7.647533267708465,7.630140806944327,7.039392792855079,0.6262657647678527,0.6205613221639243,D10,2.5k-5k,4937,900,78,False,1.2308,Bluffing; Card Game; Deduction; Humor; Party Game,0.2168202764976958,0.4414746543778802,0.0389400921658986,0.5900921658986175,-0.3066974147657811,True,7.78716794921875,6.991783209351754,0.7953847398669964,7.865838224852072,6.863087452471483,insufficient_hiddenness_evidence,users 4937>=5000 or rank 900.0<1000 — not obscure (hiddenness dim 3),False,False,True,False
62222,Commands & Colors: Napoleonics,2010.0,3184,8.352742748644364,0.02116134643181288,0.021154999880854692,29.39685541802502,8.31126650963801,8.331581402212551,8.311278948877888,7.730665707137621,0.6220770415067429,0.6395429521884841,D10,2.5k-5k,3554,564,287,False,2.7422,Napoleonic; Wargame,0.1699120603015075,0.3596105527638191,0.0763190954773869,0.657035175879397,-0.3478044100765099,True,8.484390243902439,7.500900184842883,0.9834900590595561,8.58477366255144,7.307607361963189,insufficient_hiddenness_evidence,users 3554>=5000 or rank 564.0<1000 — not obscure (hiddenness dim 3),False,False,True,False
325635,Unmatched: Little Red Riding Hood vs. Beowulf,2020.0,3010,8.23929609789142,0.02176439397431374,0.021757489409291293,28.53997631574627,8.196637885701765,8.217531703917107,8.19665141864921,7.618140809337936,0.621155288553485,0.6016916438397804,D10,2.5k-5k,3741,534,40,False,2.0,Card Game; Fantasy; Fighting; Mythology; Novel-based,0.1232558139534883,0.2764119601328904,0.0740863787375415,0.792358803986711,-0.1503902307817894,True,8.403947368421052,7.606495956873315,0.7974514115477378,8.525590448430492,7.142000000000001,insufficient_hiddenness_evidence,users 3741>=5000 or rank 534.0<1000 — not obscure (hiddenness dim 3),False,False,True,False
46,Medici,1995.0,8446,7.641007782430028,0.01299284591424197,0.012991376505987043,47.69847357992331,7.615541804438114,7.628014936515786,7.6155446844782935,7.021268864861543,0.6197389175684851,0.6050447576756355,D10,5k-10k,9164,727,648,False,2.216,Renaissance,0.2899597442576367,0.5691451574709921,0.0191806772436656,0.4841345015391901,-0.4677980938200513,True,7.466834264432029,7.083557525520622,0.3832767389114071,7.529938271604938,7.04463378176383,insufficient_hiddenness_evidence,users 9164>=5000 or rank 727.0<1000 — not obscure (hiddenness dim 3),False,False,True,False
196326,Love Letter: Premium Edition,2016.0,6017,7.68239136017307,0.015393586656923789,0.015391143117587698,39.71644932702435,7.652219930325499,7.6669977735161465,7.652224719662598,7.071012755752198,0.6113786044208718,0.5545181089709592,D10,5k-10k,6505,659,126,False,1.2937,Card Game; Deduction,0.1452551105201928,0.3320591656971913,0.0568389562905102,0.6385241814857903,-0.2744241373045147,True,7.848964156219866,6.9393737643020605,0.9095903919178054,7.913216374269006,6.750183035714286,insufficient_hiddenness_evidence,users 6505>=5000 or rank 659.0<1000 — not obscure (hiddenness dim 3),True,False,True,False
286749,Hansa Teutonica: Big Box,2020.0,5948,8.806470255587715,0.01548261614737643,0.015480129972275773,39.27472330715171,8.776124327938858,8.790987639440338,8.776129200842055,8.198394790328667,0.6080754652590485,0.5683144740826727,D10,5k-10k,7520,,208,False,2.9567,Medieval,0.1368527236045729,0.3846671149966375,0.0329522528581035,0.7365501008742434,-0.4393053043436207,True,8.710341483180429,8.008667076167074,0.7016744070133552,8.825816326530612,7.794967532467532,insufficient_hiddenness_evidence,users 7520>=5000 or rank None<1000 — not obscure (hiddenness dim 3),True,False,True,False
117959,Las Vegas,2012.0,11630,7.545033448213617,0.011072354174688603,0.011071444743825336,54.65901735716515,7.523331634031228,7.533961094038929,7.52333341651572,6.939829449194633,0.6052039990189844,0.45819964551075465,D10,10k-25k,12523,631,492,False,1.1667,Dice,0.2636285468615649,0.53731728288908,0.0199484092863284,0.5473774720550301,-0.3845489735790566,True,7.547260929032257,6.917517090671887,0.62974383836037,7.633500948275861,6.825134474327631,insufficient_hiddenness_evidence,users 12523>=5000 or rank 631.0<1000 — not obscure (hiddenness dim 3),False,False,True,False
57660,Time's Up! Edición Azul,2006.0,1365,7.682923039538827,0.03231941572362617,0.032296819381230794,54.43985294121695,7.61957698472052,7.650603623815201,7.619621273551615,5.9234588003985635,1.7594642391402635,1.5025791776747885,D9,1k-2.5k,1463,2142,59,False,1.2203,Humor; Movies / TV / Radio theme; Party Game,0.2139194139194139,0.432967032967033,0.0388278388278388,0.6285714285714286,-0.3131912300150141,True,7.420555581395349,7.132270547945204,0.288285033450145,7.219916226415094,6.891954022988505,insufficient_broad_appeal_evidence,"heavy mean 7.13<7.5 (n_low 172 vs n_high 292) — audience evidence is proxy-only (share_heavy/mean(delta)/category) not cross-audience proof; 902/910 robust had overlap but gap is severity not taste, no external sales/plays",False,False,False,False
186279,Finska Mini,2011.0,468,7.81827053461861,0.05519591028409631,0.05508358005291336,31.336563020292747,7.7100865504617815,7.7630746243345135,7.7103067177149,6.088620413538601,1.7296501210800086,1.5311721656728183,D7,200-499,566,4068,13,False,1.1538,Action / Dexterity; Party Game,0.4230769230769231,0.6816239316239316,0.0128205128205128,0.6282051282051282,-0.3867605773536521,True,7.827777777777778,7.220555555555556,0.6072222222222221,7.506666666666667,7.224096385542169,insufficient_broad_appeal_evidence,"heavy mean 7.22<7.5 (n_low 18 vs n_high 198) — audience evidence is proxy-only (share_heavy/mean(delta)/category) not cross-audience proof; 902/910 robust had overlap but gap is severity not taste, no external sales/plays",False,False,False,False
97683,Age of Rail: South Africa,2011.0,277,8.731868234394135,0.07174471951683402,0.07149855048498309,24.07576969652548,8.59124858414114,8.6601235148773,8.591731075443567,7.004558890365022,1.7273093440291127,1.6008429145563277,D5,200-499,605,3481,23,False,3.0,Economic; Trains; Transportation,0.4584837545126353,0.7761732851985559,0.0108303249097472,0.5126353790613718,-0.9962364654410674,False,,,,9.333333333333334,7.100930232558141,insufficient_broad_appeal_evidence,"no heavy/light diff with n>=10 both sides at required thresholds — audience evidence is proxy-only (share_heavy/mean(delta)/category) not cross-audience proof; 902/910 robust had overlap but gap is severity not taste, no external sales/plays",False,False,False,False
541,Das Motorsportspiel,1995.0,381,7.887413009970863,0.0611740647973232,0.061021246424908075,26.63386114464162,7.767511842968109,7.8262389451735395,7.767811366978043,6.2581114625056475,1.6293015474652153,1.5315957953175054,D6,200-499,399,5127,41,False,2.0,Racing; Real-time; Sports,0.4461942257217848,0.6902887139107612,0.0236220472440944,0.5643044619422573,-0.4433317238816278,True,7.781481481481482,7.111635117647058,0.6698463638344236,7.888888888888889,6.922727272727272,insufficient_broad_appeal_evidence,"heavy mean 7.11<7.5 (n_low 27 vs n_high 170) — audience evidence is proxy-only (share_heavy/mean(delta)/category) not cross-audience proof; 902/910 robust had overlap but gap is severity not taste, no external sales/plays",False,False,False,False
2470,The Extraordinary Adventures of Baron Munchausen,1998.0,379,7.54525753295777,0.061335261558451024,0.06118123499064002,26.446512900216366,7.425040420303206,7.483922271399319,7.425342312376116,5.92315374691405,1.62210378604372,1.3847650401471512,D6,200-499,402,5572,28,False,1.4643,Adventure; Novel-based; Party Game,0.258575197889182,0.4722955145118733,0.0422163588390501,0.7308707124010554,-0.3112219920606777,True,8.08918918918919,6.859790510204081,1.2293986789851088,8.0,6.7592592592592595,insufficient_broad_appeal_evidence,"heavy mean 6.86<7.5 (n_low 37 vs n_high 98) — audience evidence is proxy-only (share_heavy/mean(delta)/category) not cross-audience proof; 902/910 robust had overlap but gap is severity not taste, no external sales/plays",False,False,False,False
188530,My Favourite Things,2015.0,375,7.904247931315976,0.061661515251316454,0.061505023980719296,25.847403035929,7.783391361423396,7.84258641606466,7.783698084313766,6.310457894809117,1.5937900365068591,1.5282237054851038,D6,200-499,1039,3091,21,False,1.2857,Card Game; Deduction; Humor; Party Game,0.4426666666666666,0.7066666666666667,0.0106666666666666,0.5333333333333333,-0.5969679313159801,True,8.232,7.048192771084337,1.1838072289156623,7.25,6.8390625,insufficient_broad_appeal_evidence,"heavy mean 7.05<7.5 (n_low 20 vs n_high 166) — audience evidence is proxy-only (share_heavy/mean(delta)/category) not cross-audience proof; 902/910 robust had overlap but gap is severity not taste, no external sales/plays",False,False,False,False
6688,Ninety-Nine,1974.0,554,7.8875174234250345,0.05073117768468018,0.0506439194325842,31.25026402929694,7.788084315163061,7.836786245740354,7.78825534133717,6.302154726261602,1.5853626971634327,1.6055539743911638,D7,500-999,616,4287,38,False,2.0789,Card Game,0.4963898916967509,0.7509025270758123,0.0108303249097472,0.2256317689530685,-0.7077736689123971,True,7.621739130434783,6.845083781818182,0.7766553486166012,8.833333333333334,6.686086956521739,insufficient_broad_appeal_evidence,"heavy mean 6.85<7.5 (n_low 23 vs n_high 275) — audience evidence is proxy-only (share_heavy/mean(delta)/category) not cross-audience proof; 902/910 robust had overlap but gap is severity not taste, no external sales/plays",False,False,False,False
7935,1844: Schweiz,2003.0,212,8.944929193026972,0.08200907173870452,0.08164198778819969,19.204892199267267,8.784191412419112,8.862920121288267,8.784910896962101,7.369953810923176,1.574975382103796,1.5294762955143355,D4,200-499,221,5973,21,False,4.0952,Economic; Trains,0.410377358490566,0.6745283018867925,0.0188679245283018,0.419811320754717,-0.8160565515175398,True,8.25,7.641494252873563,0.6085057471264372,8.25,7.172580645161291,insufficient_broad_appeal_evidence,"heavy mean 7.64>=7.5 but share_own 0.420 outside moderate range — audience evidence is proxy-only (share_heavy/mean(delta)/category) not cross-audience proof; 902/910 robust had overlap but gap is severity not taste, no external sales/plays",False,False,False,False
14188,Bughouse Chess,1960.0,362,7.931501559865473,0.06275893156171718,0.0625939578122295,24.912966976154884,7.808494054004507,7.868742628303756,7.808817402553503,6.3679903704096485,1.5635111894558245,1.533648966006104,D6,200-499,377,5581,41,False,2.7805,Abstract Strategy,0.2845303867403315,0.5441988950276243,0.0386740331491712,0.3149171270718232,-0.6178773333461458,True,8.034782608695652,6.904193883495146,1.1305887252005062,7.714285714285714,6.567931034482759,insufficient_broad_appeal_evidence,"heavy mean 6.90<7.5 (n_low 46 vs n_high 103) — audience evidence is proxy-only (share_heavy/mean(delta)/category) not cross-audience proof; 902/910 robust had overlap but gap is severity not taste, no external sales/plays",False,False,False,False
46158,Time's Up! Academy,2009.0,575,7.670961954710387,0.0497961657971885,0.04971363609264657,31.3605085453053,7.573361469747898,7.621165788913199,7.5735232279688,6.109328871704218,1.5616330830061695,1.5059773938542147,D7,500-999,630,4036,22,False,1.0909,Humor; Party Game,0.2695652173913043,0.4730434782608695,0.0347826086956521,0.6730434782608695,-0.3296344242756027,True,7.599903333333333,7.151870967741935,0.4480323655913976,7.325,6.884181818181818,insufficient_broad_appeal_evidence,"heavy mean 7.15<7.5 (n_low 69 vs n_high 155) — audience evidence is proxy-only (share_heavy/mean(delta)/category) not cross-audience proof; 902/910 robust had overlap but gap is severity not taste, no external sales/plays",False,False,False,False
62814,Tumblin-Dice Medium,2008.0,215,7.617532002847592,0.08143490548264927,0.08107544419343134,19.144068627035452,7.4579195881016,7.536097097364943,7.458624132228467,6.058536583651609,1.5589954191959832,1.3892836467060716,D4,200-499,233,7196,13,False,1.0,Action / Dexterity; Dice,0.3720930232558139,0.6,0.027906976744186,0.5813953488372093,-0.3436048865685246,True,7.791666666666667,7.0337625,0.757904166666667,8.666666666666666,6.764472222222222,insufficient_broad_appeal_evidence,"heavy mean 7.03<7.5 (n_low 12 vs n_high 80) — audience evidence is proxy-only (share_heavy/mean(delta)/category) not cross-audience proof; 902/910 robust had overlap but gap is severity not taste, no external sales/plays",False,False,False,False
38713,Time's Up! Edición Amarilla,2008.0,1622,7.776110651589741,0.029648614388831655,0.029631166896923525,52.13588447814983,7.717999367387631,7.74646203720091,7.718033564471771,6.230353916876403,1.545756734713338,1.4724850763957402,D9,1k-2.5k,1950,1550,54,False,1.0741,Humor; Party Game,0.1621454993834772,0.3520345252774353,0.0524044389642416,0.720098643649815,-0.230726601034879,True,7.707041356589148,7.21509505703422,0.49194629955492797,7.845176470588235,6.784677419354838,insufficient_broad_appeal_evidence,"heavy mean 7.22<7.5 (n_low 258 vs n_high 263) — audience evidence is proxy-only (share_heavy/mean(delta)/category) not cross-audience proof; 902/910 robust had overlap but gap is severity not taste, no external sales/plays",False,False,False,False
207951,Tintas,2016.0,312,8.108775292800281,0.06760090804223721,0.06739485846546765,22.50757022316298,7.9762775130374965,8.041174384758044,7.976681370207965,6.587243107890044,1.521532184910237,1.4333722775455584,D6,200-499,363,5082,12,False,1.4167,Abstract Strategy,0.4423076923076923,0.6634615384615384,0.0288461538461538,0.5673076923076923,-0.5046727286977216,True,8.041666666666666,7.285144927536232,0.7565217391304344,8.166666666666666,7.278225806451613,insufficient_broad_appeal_evidence,"heavy mean 7.29<7.5 (n_low 24 vs n_high 138) — audience evidence is proxy-only (share_heavy/mean(delta)/category) not cross-audience proof; 902/910 robust had overlap but gap is severity not taste, no external sales/plays",False,False,False,False
172844,Charms,2014.0,254,8.13592622137582,0.07492262212269835,0.07464240131275177,20.254874263653182,7.989077882015332,8.061003599253121,7.989627114802827,6.618377930777365,1.5175482905984552,1.3390433542906752,D5,200-499,347,5832,11,False,2.0909,Card Game,0.5708661417322834,0.8503937007874016,0.0,0.5551181102362205,-0.774902599328575,False,,,,,,insufficient_broad_appeal_evidence,"no heavy/light diff with n>=10 both sides at required thresholds — audience evidence is proxy-only (share_heavy/mean(delta)/category) not cross-audience proof; 902/910 robust had overlap but gap is severity not taste, no external sales/plays",False,False,False,False
2981,Breaking Away,1991.0,460,7.885794837701699,0.05567380587068175,0.05555853869701675,27.179005334156095,7.7766741781951625,7.830121031831017,7.776900101855546,6.372636170969669,1.5131586667320303,1.4166968466945322,D7,200-499,472,4795,59,False,2.2712,Abstract Strategy; Racing; Sports,0.5108695652173914,0.75,0.0130434782608695,0.4608695652173913,-0.5776593377017076,True,7.3573335,7.323768765957448,0.033564734042552224,5.75,7.164324324324325,insufficient_broad_appeal_evidence,"heavy mean 7.32<7.5 (n_low 20 vs n_high 235) — audience evidence is proxy-only (share_heavy/mean(delta)/category) not cross-audience proof; 902/910 robust had overlap but gap is severity not taste, no external sales/plays",False,False,False,False
161880,The Quiet Year,2013.0,407,7.934596303968436,0.05918785783529022,0.059049413462731064,25.467521276866595,7.818588102611267,7.875408446133146,7.818859453581483,6.427228275216027,1.507368028752409,1.3804458565968334,D6,200-499,501,4429,13,False,1.3846,Card Game; Print & Play,0.1498771498771498,0.3366093366093365,0.0884520884520884,0.6584766584766585,-0.3652842646563936,True,7.975,7.1088524590163935,0.8661475409836061,8.333333333333334,6.740625,insufficient_broad_appeal_evidence,"heavy mean 7.11<7.5 (n_low 88 vs n_high 61) — audience evidence is proxy-only (share_heavy/mean(delta)/category) not cross-audience proof; 902/910 robust had overlap but gap is severity not taste, no external sales/plays",False,False,False,False
383010,Clank! Legacy 2: Acquisitions Incorporated – Darkest Magic,2024.0,234,9.388286665065793,0.0780588049112976,0.07774205299786442,19.31061076377329,9.23529140743965,9.310227860154496,9.235912241189979,7.880923466738411,1.5073631983273827,1.414877666054224,D5,200-499,1126,1484,16,False,2.75,Adventure; Fantasy; Miniatures,0.2393162393162393,0.5256410256410257,0.047008547008547,0.782051282051282,-0.3049105966897257,True,9.603846153846153,8.745535714285714,0.8583104395604391,9.636363636363637,8.884615384615385,insufficient_broad_appeal_evidence,"heavy mean 8.75>=7.5 but share_own 0.782 outside moderate range — audience evidence is proxy-only (share_heavy/mean(delta)/category) not cross-audience proof; 902/910 robust had overlap but gap is severity not taste, no external sales/plays",False,False,False,False
141067,History Maker Baseball,2013.0,208,8.226316042073334,0.08279386542614448,0.08241619046077037,18.01451332585199,8.06404006583809,8.14352217664719,8.064780308770224,6.734824850055258,1.491491192018076,1.388693085086521,D4,200-499,268,5867,15,False,2.2,Sports,0.1490384615384615,0.3269230769230769,0.1538461538461538,0.8605769230769231,-0.0429025805348761,True,8.373015873015873,7.583870967741936,0.7891449052739379,8.328125,8.196428571428571,insufficient_broad_appeal_evidence,"heavy mean 7.58>=7.5 but share_own 0.861 outside moderate range — audience evidence is proxy-only (share_heavy/mean(delta)/category) not cross-audience proof; 902/910 robust had overlap but gap is severity not taste, no external sales/plays",False,False,False,False
5217,Eleusis,1956.0,216,7.789503408526181,0.08124618007140409,0.08088920122315567,17.77523229519437,7.630260895586229,7.708257228454777,7.630960574128796,6.345333684659781,1.4441697238663993,1.492235668590034,D5,200-499,239,7241,16,False,2.875,Card Game; Deduction; Educational,0.4351851851851852,0.6851851851851852,0.0231481481481481,0.4259259259259259,-0.5057534085261817,True,8.245454545454546,7.014787234042553,1.2306673114119926,8.14,6.565128205128204,insufficient_broad_appeal_evidence,"heavy mean 7.01<7.5 (n_low 11 vs n_high 94) — audience evidence is proxy-only (share_heavy/mean(delta)/category) not cross-audience proof; 902/910 robust had overlap but gap is severity not taste, no external sales/plays",False,False,False,False
237009,Urbino,2017.0,207,8.44382920781132,0.08299360966198083,0.08261320717401617,17.384358453429744,8.281161732873837,8.360835598149338,8.281907321750248,7.0010385481034145,1.4427906597079048,1.4389636588638552,D4,200-499,256,5646,9,False,2.1111,Abstract Strategy; City Building,0.3864734299516908,0.6376811594202898,0.0193236714975845,0.6618357487922706,-0.4884668889707401,True,8.178571428571429,7.397499999999999,0.7810714285714297,8.25,7.163043478260869,insufficient_broad_appeal_evidence,"heavy mean 7.40<7.5 (n_low 14 vs n_high 80) — audience evidence is proxy-only (share_heavy/mean(delta)/category) not cross-audience proof; 902/910 robust had overlap but gap is severity not taste, no external sales/plays",False,False,False,False
2251,Strat-O-Matic Baseball,1962.0,1074,7.917197503250477,0.036435747682446236,0.03640338031744691,39.1747044184401,7.845783437792882,7.88076175556803,7.845846877828281,6.489837857525782,1.427359645724695,1.3957936639818884,D8,1k-2.5k,1279,2183,110,False,2.3909,Sports,0.1601489757914339,0.3445065176908752,0.1201117318435754,0.723463687150838,-0.2388655013882889,True,8.29078431372549,6.847375406976744,1.4434089067487461,8.439922480620154,6.489824561403508,insufficient_broad_appeal_evidence,"heavy mean 6.85<7.5 (n_low 255 vs n_high 172) — audience evidence is proxy-only (share_heavy/mean(delta)/category) not cross-audience proof; 902/910 robust had overlap but gap is severity not taste, no external sales/plays",False,False,False,False
7290,Dynasty League Baseball Powered by Pursue the Pennant,1985.0,223,7.843287542043037,0.07996084870623364,0.07962047536030542,17.802631600656575,7.686564278578819,7.763326693336803,7.687231410336839,6.419774010050123,1.4235135319929144,1.404870690703846,D5,200-499,273,6585,28,False,2.5357,Sports,0.1973094170403587,0.3811659192825112,0.0941704035874439,0.6816143497757847,-0.1717873178277915,True,8.608333333333333,6.8501034090909085,1.758229924242424,8.523809523809524,7.214285714285714,insufficient_broad_appeal_evidence,"heavy mean 6.85<7.5 (n_low 48 vs n_high 44) — audience evidence is proxy-only (share_heavy/mean(delta)/category) not cross-audience proof; 902/910 robust had overlap but gap is severity not taste, no external sales/plays",False,False,False,False
1278,Dutch InterCity,1999.0,209,7.9124297994252455,0.08259555648167365,0.08222057659942501,16.89911553124313,7.750542508721165,7.829834242943572,7.751277469290373,6.516637948074125,1.3957918513511203,1.2160850651018418,D4,200-499,275,7383,11,True,2.4545,Trains,0.4497607655502392,0.7942583732057417,0.0047846889952153,0.4593301435406698,-0.9791762109085022,False,,,,,,insufficient_broad_appeal_evidence,"no heavy/light diff with n>=10 both sides at required thresholds — audience evidence is proxy-only (share_heavy/mean(delta)/category) not cross-audience proof; 902/910 robust had overlap but gap is severity not taste, no external sales/plays",False,False,False,False
165595,JamSumo,2014.0,350,7.739102835939163,0.06382573201769519,0.06365222502659613,21.316751895538154,7.614004401184481,7.675277103921468,7.614344474887035,6.378545541966849,1.360557293972314,1.217228568612847,D6,200-499,381,5586,6,False,1.1667,Action / Dexterity; Dice,0.5257142857142857,0.7914285714285714,0.0114285714285714,0.54,-0.4558056930820223,True,8.153846153846153,6.998451086956521,1.155395066889632,7.75,6.769642857142857,insufficient_broad_appeal_evidence,"heavy mean 7.00<7.5 (n_low 13 vs n_high 184) — audience evidence is proxy-only (share_heavy/mean(delta)/category) not cross-audience proof; 902/910 robust had overlap but gap is severity not taste, no external sales/plays",False,False,False,False
252657,luz,2014.0,228,8.078734549404025,0.07907922475577406,0.07874994024774574,17.1368980426206,7.923739268882708,7.999655324648251,7.924384666518444,6.723561937474846,1.355172611929179,1.2627876630728707,D5,200-499,283,6664,2,False,2.0,Card Game,0.5964912280701754,0.8245614035087718,0.0087719298245614,0.4692982456140351,-0.780488935368938,False,,,,,,insufficient_broad_appeal_evidence,"no heavy/light diff with n>=10 both sides at required thresholds — audience evidence is proxy-only (share_heavy/mean(delta)/category) not cross-audience proof; 902/910 robust had overlap but gap is severity not taste, no external sales/plays",False,False,False,False
5243,Montage,1973.0,209,7.714862070131721,0.08259555648167365,0.08222057659942501,16.30984599638176,7.5529747794276405,7.632266513650047,7.553709739996848,6.3677412639301725,1.3471208062015485,1.3680939186203673,D4,200-499,216,7776,13,False,2.5385,Word Game,0.6411483253588517,0.8325358851674641,0.0239234449760765,0.4736842105263157,-0.5148333619977554,False,,,,6.734,7.264411764705883,insufficient_broad_appeal_evidence,"no heavy/light diff with n>=10 both sides at required thresholds — audience evidence is proxy-only (share_heavy/mean(delta)/category) not cross-audience proof; 902/910 robust had overlap but gap is severity not taste, no external sales/plays",False,False,False,False
345976,System Gateway (fan expansion for Android: Netrunner),2021.0,660,9.455061525003762,0.046479115930316756,0.04641198306984634,28.88549096203839,9.36396245778034,9.408582409073444,9.364094038186863,8.112489441875063,1.3425720831286991,1.3101064521358978,D7,500-999,1025,1373,26,False,3.5,Bluffing; Card Game; Fan Expansion; Science Fiction; Third-party Expansion,0.0909090909090909,0.2651515151515151,0.0863636363636363,0.806060606060606,-0.3638797068219463,True,9.385714285714286,8.291666666666666,1.09404761904762,9.394736842105264,7.9818181818181815,insufficient_broad_appeal_evidence,"heavy mean 8.29>=7.5 but share_own 0.806 outside moderate range — audience evidence is proxy-only (share_heavy/mean(delta)/category) not cross-audience proof; 902/910 robust had overlap but gap is severity not taste, no external sales/plays",False,False,False,False
223952,Boast or Nothing,2017.0,364,7.91144485364556,0.06258627942837915,0.06242265994153084,21.113717043937775,7.788775745965937,7.84885857421718,7.78909644016016,6.590015858961939,1.3214289946836209,1.195396284538738,D6,200-499,481,5066,12,False,1.4167,Card Game,0.5,0.7802197802197802,0.0082417582417582,0.3846153846153846,-0.7162800184807282,False,,,,8.666666666666666,6.681492537313432,insufficient_broad_appeal_evidence,"no heavy/light diff with n>=10 both sides at required thresholds — audience evidence is proxy-only (share_heavy/mean(delta)/category) not cross-audience proof; 902/910 robust had overlap but gap is severity not taste, no external sales/plays",False,False,False,False
4079,What's My Word?,1972.0,375,7.514073571576935,0.061661515251316454,0.061505023980719296,21.089838773579714,7.393217001684355,7.452412056325619,7.393523724574725,6.213642156392044,1.3004314151848906,1.2240740562211672,D6,200-499,386,5800,35,False,2.1143,Deduction; Word Game,0.4106666666666667,0.648,0.032,0.624,-0.3885802382436017,True,7.531578947368421,6.910129870129871,0.6214490772385499,7.375,6.7312,insufficient_broad_appeal_evidence,"heavy mean 6.91<7.5 (n_low 19 vs n_high 154) — audience evidence is proxy-only (share_heavy/mean(delta)/category) not cross-audience proof; 902/910 robust had overlap but gap is severity not taste, no external sales/plays",False,False,False,False
238094,Mutabo,2017.0,521,7.7507527872962925,0.05231316125063355,0.052217498327405465,24.768546209814893,7.6482189912450504,7.698439626045659,7.648406490574578,6.4550318354784775,1.295720951817815,1.3075509255151125,D7,500-999,608,3978,23,False,1.0435,Humor; Party Game,0.1516314779270633,0.381957773512476,0.0249520153550863,0.7140115163147792,-0.285883958121635,True,7.891878727272727,7.148101265822786,0.7437774614499411,8.338461538461539,6.714285714285714,insufficient_broad_appeal_evidence,"heavy mean 7.15<7.5 (n_low 55 vs n_high 79) — audience evidence is proxy-only (share_heavy/mean(delta)/category) not cross-audience proof; 902/910 robust had overlap but gap is severity not taste, no external sales/plays",False,False,False,False
70918,Hanabi & Ikebana,2010.0,639,7.890855106858719,0.04723668343962964,0.047166219184969126,26.79504158142432,7.798271207317045,7.843618423419089,7.79840931725618,6.625146209925266,1.2657088969334538,1.1648974548944082,D7,500-999,645,,59,False,1.7627,Card Game; Deduction,0.4287949921752738,0.6682316118935837,0.0156494522691705,0.4960876369327073,-0.4888519769682612,True,7.884615384615385,7.162335766423358,0.7222796181920268,7.75,6.9440983606557385,insufficient_broad_appeal_evidence,"heavy mean 7.16<7.5 (n_low 26 vs n_high 274) — audience evidence is proxy-only (share_heavy/mean(delta)/category) not cross-audience proof; 902/910 robust had overlap but gap is severity not taste, no external sales/plays",False,False,False,False
244258,The Red Dragon Inn 7: The Tavern Crew,2018.0,311,7.856514053043052,0.06770950394845422,0.06750246280561971,18.647778458865943,7.723803425304082,7.788804549094598,7.724209225944038,6.593882223852569,1.2626318291904832,1.2176854404868225,D6,200-499,381,5107,5,False,1.6,Card Game; Fantasy; Humor; Party Game,0.0868167202572347,0.1897106109324758,0.1254019292604501,0.8295819935691319,0.0545317025839513,True,8.504494382022472,6.888888888888889,1.6156054931335824,8.64102564102564,7.166666666666667,insufficient_broad_appeal_evidence,"heavy mean 6.89<7.5 (n_low 89 vs n_high 27) — audience evidence is proxy-only (share_heavy/mean(delta)/category) not cross-audience proof; 902/910 robust had overlap but gap is severity not taste, no external sales/plays",False,False,False,False
99358,Stonewall Jackson's Way II: Battles of Bull Run,2013.0,324,9.1043448300926,0.06633722824173979,0.06614248626382174,18.96052559303283,8.97432386273879,9.038007601850861,8.97470555701551,7.8465561162442325,1.2577887138483677,1.2357787436450165,D6,200-499,354,4039,30,False,3.6667,American Civil War; Wargame,0.1296296296296296,0.3024691358024691,0.0771604938271604,0.8549382716049383,-0.4403756942901289,True,8.948031746031747,8.135714285714286,0.8123174603174608,9.21304,7.45,insufficient_broad_appeal_evidence,"heavy mean 8.14>=7.5 but share_own 0.855 outside moderate range — audience evidence is proxy-only (share_heavy/mean(delta)/category) not cross-audience proof; 902/910 robust had overlap but gap is severity not taste, no external sales/plays",False,False,False,False
4688,Angola,1988.0,540,8.533583787903833,0.051384596042763714,0.0512939285753823,24.378040795680924,8.432869979660016,8.482199191861069,8.433047687896083,7.2809280093037545,1.2526557786000785,1.267639970601559,D7,500-999,599,3270,50,False,3.18,Civil War; Modern Warfare; Wargame,0.2703703703703703,0.5185185185185185,0.0314814814814814,0.6,-0.5372874916075498,True,8.521698113207547,7.490410958904109,1.0312871543034383,8.588235294117647,7.480208333333334,insufficient_broad_appeal_evidence,"heavy mean 7.49<7.5 (n_low 53 vs n_high 146) — audience evidence is proxy-only (share_heavy/mean(delta)/category) not cross-audience proof; 902/910 robust had overlap but gap is severity not taste, no external sales/plays",False,False,False,False
209136,Q.E.,2017.0,318,7.996596486075978,0.06696012667970884,0.06675986384182198,18.409999101903285,7.865354637783748,7.9296363593962695,7.865747152946007,6.763860614039208,1.2327358720367698,1.0904693941741943,D6,200-499,342,5790,6,False,1.8333,Economic,0.559748427672956,0.8333333333333333,0.0094339622641509,0.3553459119496855,-0.7187034043149646,False,,,,9.333333333333334,6.804050632911392,insufficient_broad_appeal_evidence,"no heavy/light diff with n>=10 both sides at required thresholds — audience evidence is proxy-only (share_heavy/mean(delta)/category) not cross-audience proof; 902/910 robust had overlap but gap is severity not taste, no external sales/plays",False,False,False,False
261321,Ascension: Deliverance,2018.0,219,8.070024589331416,0.08068778046425086,0.08033808009346623,15.100931951298355,7.911876539621484,7.989336808867165,7.912561952348222,6.851563907239463,1.218460682091953,1.2235669273885428,D5,200-499,252,6173,2,False,2.0,Card Game; Fantasy,0.2602739726027397,0.4611872146118721,0.0593607305936073,0.6894977168949772,-0.2130839500620096,True,8.422222222222222,7.419239824561403,1.0029823976608192,8.615384615384615,7.292307692307692,insufficient_broad_appeal_evidence,"heavy mean 7.42<7.5 (n_low 36 vs n_high 57) — audience evidence is proxy-only (share_heavy/mean(delta)/category) not cross-audience proof; 902/910 robust had overlap but gap is severity not taste, no external sales/plays",False,False,False,False
319604,Ricochet: A la poursuite du Comte courant,2020.0,223,7.740419680529235,0.07996084870623364,0.07962047536030542,15.161642246833408,7.583696417065017,7.660458831823001,7.5843635488230365,6.5280818986921485,1.2123377818370864,1.209307509192091,D5,200-499,254,6693,11,False,1.3636,Word Game,0.2242152466367712,0.4394618834080717,0.0313901345291479,0.5246636771300448,-0.2124226850135364,True,7.5,7.229,0.2709999999999999,8.285714285714286,7.045238095238095,insufficient_broad_appeal_evidence,"heavy mean 7.23<7.5 (n_low 21 vs n_high 50) — audience evidence is proxy-only (share_heavy/mean(delta)/category) not cross-audience proof; 902/910 robust had overlap but gap is severity not taste, no external sales/plays",False,False,False,False
248878,FlickFleet,2019.0,214,8.149331495383011,0.08162495219497747,0.081262979559011,14.750594453634482,7.9893465890808555,8.067706543188034,7.99005605544735,6.945314928257597,1.2040165671254144,1.1005473605523246,D4,200-499,295,6013,10,False,1.7,Action / Dexterity; Print & Play; Science Fiction,0.2757009345794392,0.4579439252336448,0.0514018691588785,0.7710280373831776,-0.3552146729531022,True,8.54814814814815,7.097305084745763,1.4508430634023863,8.363636363636363,7.012272727272727,insufficient_broad_appeal_evidence,"heavy mean 7.10<7.5 (n_low 27 vs n_high 59) — audience evidence is proxy-only (share_heavy/mean(delta)/category) not cross-audience proof; 902/910 robust had overlap but gap is severity not taste, no external sales/plays",False,False,False,False
324157,Hidden Games Crime Scene: Green Poison,2020.0,254,8.434634644969691,0.07492262212269835,0.07464240131275177,15.657802335357632,8.287786305609202,8.359712022846992,8.288335538396698,7.261511037325787,1.1731236076439036,1.1409945856610326,D5,200-499,349,4780,12,False,2.25,Deduction; Murder / Mystery,0.2362204724409448,0.4724409448818897,0.0354330708661417,0.4133858267716535,-0.3341622040248041,True,8.454545454545455,7.91,0.5445454545454549,8.555555555555555,7.875,insufficient_broad_appeal_evidence,"heavy mean 7.91>=7.5 but share_own 0.413 outside moderate range — audience evidence is proxy-only (share_heavy/mean(delta)/category) not cross-audience proof; 902/910 robust had overlap but gap is severity not taste, no external sales/plays",False,False,False,False
177877,SiXeS,2016.0,321,7.513414979305591,0.06664649438558819,0.06644902412993192,17.575575334656822,7.382787850309838,7.446768484920003,7.383174892010925,6.342064496440903,1.1713504828646881,1.0075227946327816,D6,200-499,399,5898,6,False,1.0,Card Game; Party Game; Trivia; Word Game,0.3302180685358255,0.5919003115264797,0.0373831775700934,0.6105919003115264,-0.4200909917666506,True,7.370967741935484,6.769877358490565,0.6010903834449186,7.916666666666667,6.545454545454546,insufficient_broad_appeal_evidence,"heavy mean 6.77<7.5 (n_low 31 vs n_high 106) — audience evidence is proxy-only (share_heavy/mean(delta)/category) not cross-audience proof; 902/910 robust had overlap but gap is severity not taste, no external sales/plays",False,False,False,False
324711,Schadenfreude,2020.0,821,8.336214551491842,0.041673334120090305,0.04162492571259188,27.98627703422009,8.254534816616465,8.294541217371751,8.254629697095162,7.169933077867379,1.1662814736244638,1.0840835001479716,D8,500-999,1488,1768,34,False,1.7647,Card Game,0.3995127892813642,0.7015834348355665,0.0207064555420219,0.5140073081607796,-0.6692169875454349,True,8.29,7.357926829268293,0.932073170731706,8.5,7.167117117117117,insufficient_broad_appeal_evidence,"heavy mean 7.36<7.5 (n_low 30 vs n_high 328) — audience evidence is proxy-only (share_heavy/mean(delta)/category) not cross-audience proof; 902/910 robust had overlap but gap is severity not taste, no external sales/plays",False,False,False,False
332230,Unlock!: Heroic Adventures – Insert Coin,2018.0,229,7.987401214583923,0.07890637378459743,0.0785792348952443,14.70831419406215,7.832744721966113,7.908494840799325,7.833385914189244,6.826821477045955,1.1605797375379678,1.1567839484542022,D5,200-499,283,6067,4,False,1.75,Card Game; Exploration; Puzzle; Real-time,0.3973799126637555,0.6026200873362446,0.0174672489082969,0.2008733624454148,-0.4346646643655822,True,8.033333333333333,7.342307692307692,0.6910256410256412,8.5,6.947222222222222,insufficient_broad_appeal_evidence,"heavy mean 7.34<7.5 (n_low 15 vs n_high 91) — audience evidence is proxy-only (share_heavy/mean(delta)/category) not cross-audience proof; 902/910 robust had overlap but gap is severity not taste, no external sales/plays",False,False,False,False
119866,Wings of Glory: WW1 Rules and Accessories Pack,2012.0,591,7.991923181630011,0.04911748103866857,0.049038274679523194,23.394446070490464,7.895652918794221,7.942805700591343,7.895808163258146,6.8428469203525415,1.1490762612774699,1.1545324929425957,D7,500-999,692,3366,28,False,2.0,Aviation / Flight; Card Game; Miniatures; Wargame; World War I,0.1370558375634517,0.3299492385786802,0.1099830795262267,0.7580372250423012,-0.1078791883982001,True,8.433088235294116,7.2579012345679015,1.1751870007262148,8.343076923076922,6.75,insufficient_broad_appeal_evidence,"heavy mean 7.26<7.5 (n_low 136 vs n_high 81) — audience evidence is proxy-only (share_heavy/mean(delta)/category) not cross-audience proof; 902/910 robust had overlap but gap is severity not taste, no external sales/plays",False,False,False,False
264476,Rangers of Shadow Deep,2018.0,493,8.506693316208976,0.05377821300520041,0.05367430183315148,21.282281291055853,8.401288018718782,8.452915103203775,8.401491684616,7.3621702597019825,1.1445230565069933,1.0425659977657933,D7,200-499,638,3338,18,False,2.2778,Book; Dice; Fantasy; Fighting; Miniatures; Wargame,0.101419878296146,0.2373225152129817,0.1379310344827586,0.8296146044624746,-0.1188907401440665,True,8.765243902439025,7.388,1.3772439024390248,9.073529411764707,7.205263157894737,insufficient_broad_appeal_evidence,"heavy mean 7.39<7.5 (n_low 164 vs n_high 50) — audience evidence is proxy-only (share_heavy/mean(delta)/category) not cross-audience proof; 902/910 robust had overlap but gap is severity not taste, no external sales/plays",False,False,False,False
32944,Neue Heimat,2007.0,793,8.021297298368168,0.04240267282699043,0.04235168117963438,26.986052602372258,7.938188059627267,7.9788946255411775,7.938288003256084,6.8770165389778235,1.1442807593903446,1.0133514897339273,D8,500-999,815,3409,64,False,2.6406,City Building; Economic,0.5573770491803278,0.7969735182849936,0.0050441361916771,0.3480453972257251,-0.7526983071953994,True,8.23076923076923,6.970542986425339,1.2602262443438912,8.25,6.77296511627907,insufficient_broad_appeal_evidence,"heavy mean 6.97<7.5 (n_low 13 vs n_high 442) — audience evidence is proxy-only (share_heavy/mean(delta)/category) not cross-audience proof; 902/910 robust had overlap but gap is severity not taste, no external sales/plays",False,False,False,False
249552,Ascension: Delirium,2018.0,280,7.995349114430408,0.07135933775262562,0.0711171010498916,16.02852889633019,7.855484812435262,7.923989776677782,7.855959596372621,6.851563907239463,1.1437852071909456,1.1204667523928107,D5,200-499,309,5607,6,False,2.0,Card Game; Fantasy,0.2607142857142857,0.4714285714285714,0.0392857142857142,0.6392857142857142,-0.2856347930018381,True,8.111764705882353,7.342009178082192,0.7697555278001609,8.545454545454545,7.134375,insufficient_broad_appeal_evidence,"heavy mean 7.34<7.5 (n_low 34 vs n_high 73) — audience evidence is proxy-only (share_heavy/mean(delta)/category) not cross-audience proof; 902/910 robust had overlap but gap is severity not taste, no external sales/plays",False,False,False,False
313,Big Boss,1994.0,917,7.678153288581255,0.03943166892675353,0.03939065222573294,29.00661284476519,7.600867217484818,7.638721619654501,7.600947610218818,6.5343741341999575,1.1437791543812974,1.049985957146542,D8,500-999,1190,2974,46,False,2.3696,Economic; Industry / Manufacturing; Territory Building,0.4133042529989095,0.6281352235550709,0.0229007633587786,0.52453653217012,-0.4518238120272826,True,7.714452968750001,6.927741319261213,0.7867116494887876,8.09047619047619,6.662565789473684,insufficient_broad_appeal_evidence,"heavy mean 6.93<7.5 (n_low 64 vs n_high 379) — audience evidence is proxy-only (share_heavy/mean(delta)/category) not cross-audience proof; 902/910 robust had overlap but gap is severity not taste, no external sales/plays",False,False,False,False
225482,Seas of Strife,2015.0,1743,7.880067618089139,0.028600994406542943,0.02858533087058514,39.906835513998374,7.824009669052315,7.8514666236825965,7.824040369582793,6.7386924387704425,1.1413751793186968,0.953680780408801,D9,1k-2.5k,2632,1386,55,False,1.3091,American West; Card Game; Nautical,0.4566838783706253,0.7171543316121629,0.0068846815834767,0.561675272518646,-0.5717765452262622,True,8.009803921568627,7.10144095477387,0.9083629667947575,8.6,7.025499999999999,insufficient_broad_appeal_evidence,"heavy mean 7.10<7.5 (n_low 51 vs n_high 796) — audience evidence is proxy-only (share_heavy/mean(delta)/category) not cross-audience proof; 902/910 robust had overlap but gap is severity not taste, no external sales/plays",False,False,False,False
38429,Cornerstone,2008.0,231,7.583773679630917,0.07856404516905435,0.07824112826448706,14.523946018854675,7.4297881510995705,7.505209634461862,7.430421068232522,6.442713728572711,1.1410599510582058,1.0320906584670277,D5,200-499,241,7838,28,False,1.6786,Action / Dexterity,0.4199134199134199,0.6320346320346321,0.0389610389610389,0.3896103896103896,-0.4642931601503982,True,7.973684210526316,6.759278350515464,1.214405860010852,7.777777777777778,6.958163265306122,insufficient_broad_appeal_evidence,"heavy mean 6.76<7.5 (n_low 19 vs n_high 97) — audience evidence is proxy-only (share_heavy/mean(delta)/category) not cross-audience proof; 902/910 robust had overlap but gap is severity not taste, no external sales/plays",False,False,False,False
373835,Unlock! Kids: Stories from the Past,2022.0,252,8.083641691369786,0.07521934653984602,0.07493579576705149,15.101710598040583,7.9362117721516885,8.00842234482994,7.936767531666366,6.9477008885513065,1.1359408028184799,1.0641175031856704,D5,200-499,401,4639,8,False,1.5,Adventure; American West; Ancient; Children's Game; Deduction; Prehistoric,0.2579365079365079,0.5079365079365079,0.0158730158730158,0.6666666666666666,-0.3019882389888355,True,8.24,7.413692307692307,0.8263076923076929,9.0,7.131578947368421,insufficient_broad_appeal_evidence,"heavy mean 7.41<7.5 (n_low 20 vs n_high 65) — audience evidence is proxy-only (share_heavy/mean(delta)/category) not cross-audience proof; 902/910 robust had overlap but gap is severity not taste, no external sales/plays",False,False,False,False
394735,Exit: The Game – Advent Calendar: The Missing Hollywood Star,2023.0,339,8.059965452734092,0.06485298608623394,0.06467098998220124,17.43082348566247,7.932853600005074,7.995112466647858,7.933210312368978,6.929524499746824,1.1304409529872679,1.0097857724893844,D6,200-499,685,3170,24,False,1.75,Deduction; Movies / TV / Radio theme; Murder / Mystery; Puzzle,0.3244837758112094,0.56047197640118,0.023598820058997,0.3421828908554572,-0.3431679011116751,True,7.445,7.552727272727273,-0.10772727272727245,7.5,7.373529411764705,insufficient_broad_appeal_evidence,"heavy mean 7.55>=7.5 but share_own 0.342 outside moderate range — audience evidence is proxy-only (share_heavy/mean(delta)/category) not cross-audience proof; 902/910 robust had overlap but gap is severity not taste, no external sales/plays",False,False,False,False
199723,"UltraQuest: Gold, Ruhm! und Ehre!",2016.0,533,8.342929630931755,0.051720917699599925,0.05162846146036693,21.81123887898863,8.241556632240538,8.291208713232155,8.241737846469436,7.21483233994527,1.128097290986485,1.1204566338564543,D7,500-999,623,3258,31,False,2.6129,Adventure; Fantasy,0.0919324577861163,0.2889305816135085,0.0600375234521576,0.8067542213883677,-0.2655687678923595,True,8.53859652631579,7.281632653061225,1.2569638732545645,8.8052084375,6.607142857142857,insufficient_broad_appeal_evidence,"heavy mean 7.28<7.5 (n_low 95 vs n_high 49) — audience evidence is proxy-only (share_heavy/mean(delta)/category) not cross-audience proof; 902/910 robust had overlap but gap is severity not taste, no external sales/plays",False,False,False,False
355200,Marvel Zombies: X-Men Resistance,2023.0,590,8.534802982034199,0.04915908839982599,0.04907968090865811,22.927093024759696,8.43845116877054,8.485643893634373,8.43860680745323,7.407727989279003,1.1270749927551957,0.9694323075886562,D7,500-999,952,2026,17,False,2.5294,Comic Book / Strip; Horror; Miniatures; Movies / TV / Radio theme; Zombies,0.1254237288135593,0.2864406779661017,0.1067796610169491,0.8694915254237288,-0.0812289820341977,True,8.843765546875,7.725675675675674,1.1180898711993255,9.007968095238095,7.370833333333334,insufficient_broad_appeal_evidence,"heavy mean 7.73>=7.5 but share_own 0.869 outside moderate range — audience evidence is proxy-only (share_heavy/mean(delta)/category) not cross-audience proof; 902/910 robust had overlap but gap is severity not taste, no external sales/plays",False,False,False,False
215565,Roads to Gettysburg II: Lee Strikes North,2018.0,258,9.232457178599374,0.07433955783524689,0.07406580468233205,15.082977385085213,9.08675164524229,9.158117620764127,9.087288201422004,8.11119530895311,1.121261869646263,1.1035538695156433,D5,200-499,283,4587,22,False,3.5909,American Civil War; Wargame,0.1434108527131783,0.2790697674418604,0.0736434108527131,0.872093023255814,-0.3917595041807742,True,9.092592592592593,8.22162162162162,0.8709709709709728,9.210526315789474,7.5,insufficient_broad_appeal_evidence,"heavy mean 8.22>=7.5 but share_own 0.872 outside moderate range — audience evidence is proxy-only (share_heavy/mean(delta)/category) not cross-audience proof; 902/910 robust had overlap but gap is severity not taste, no external sales/plays",False,False,False,False
139131,Hoplomachus: Rise of Rome,2013.0,389,8.214212746426409,0.060541757746184977,0.06039361783745664,18.49890818130851,8.095550901243886,8.153670988680224,8.095841255464993,7.094256328744709,1.1199564176816992,1.0498216026599323,D6,200-499,403,4437,19,False,2.9474,Dice; Fighting,0.2210796915167095,0.4190231362467866,0.0385604113110539,0.6529562982005142,-0.2573147001539051,True,8.531884130434783,7.170465116279071,1.3614190141557119,8.951111333333333,6.786666666666667,insufficient_broad_appeal_evidence,"heavy mean 7.17<7.5 (n_low 46 vs n_high 86) — audience evidence is proxy-only (share_heavy/mean(delta)/category) not cross-audience proof; 902/910 robust had overlap but gap is severity not taste, no external sales/plays",False,False,False,False
212956,Room 25 Ultimate,2016.0,873,7.597656703849035,0.040413150180506466,0.0403689972813444,27.590454184588555,7.5184469294952425,7.5572435536685285,7.5185334691776,6.482639535338874,1.1150171685101604,0.9304990402708473,D8,500-999,1022,,28,False,2.1429,Bluffing; Horror; Maze; Movies / TV / Radio theme; Science Fiction,0.1912943871706758,0.3974799541809851,0.0607101947308132,0.6071019473081328,-0.2910569787631309,True,7.633383863636364,6.925131736526946,0.708252127109418,7.716981132075472,6.582608695652173,insufficient_broad_appeal_evidence,"heavy mean 6.93<7.5 (n_low 132 vs n_high 167) — audience evidence is proxy-only (share_heavy/mean(delta)/category) not cross-audience proof; 902/910 robust had overlap but gap is severity not taste, no external sales/plays",False,False,False,False
377969,Marvel United: Multiverse,2024.0,406,8.593884866976557,0.05926070445711897,0.059121749475636316,18.69797308443825,8.477733886240603,8.534624162519439,8.47800623800431,7.485829810072497,1.1080550569040604,0.9261336047687365,D6,200-499,850,2203,23,False,1.9565,Card Game; Comic Book / Strip; Fighting; Science Fiction,0.1748768472906404,0.3522167487684729,0.0738916256157635,0.8226600985221675,-0.0766705812622729,True,8.731645569620252,7.977323943661972,0.7543216259582799,8.833333333333334,8.033,insufficient_broad_appeal_evidence,"heavy mean 7.98>=7.5 but share_own 0.823 outside moderate range — audience evidence is proxy-only (share_heavy/mean(delta)/category) not cross-audience proof; 902/910 robust had overlap but gap is severity not taste, no external sales/plays",False,False,False,False
294693,Nokosu Dice,2016.0,1222,8.259715471277216,0.034158140744166704,0.034131467426762985,32.415823509422204,8.19276551541865,8.22555733053305,8.19281779512076,7.152451209504305,1.1072642617729116,1.0648429032580307,D9,1k-2.5k,2263,1241,43,False,2.0698,Card Game; Dice,0.4599018003273322,0.7348608837970539,0.0122749590834697,0.4427168576104746,-0.6726270915718112,True,8.1,7.324540925266904,0.7754590747330958,8.333333333333334,7.09414423076923,insufficient_broad_appeal_evidence,"heavy mean 7.32<7.5 (n_low 28 vs n_high 562) — audience evidence is proxy-only (share_heavy/mean(delta)/category) not cross-audience proof; 902/910 robust had overlap but gap is severity not taste, no external sales/plays",False,False,False,False
384,TurfMaster,1998.0,1030,7.685978993096232,0.03720584858056755,0.0371713871567282,29.680780084527726,7.61305552987832,7.648773144515665,7.613123074269045,6.581680383518169,1.1042986095780636,1.0716801797782631,D8,1k-2.5k,1078,3051,100,False,1.94,Animals; Racing; Sports,0.441747572815534,0.7194174757281553,0.0126213592233009,0.4116504854368932,-0.4764225853292448,True,8.365853658536585,7.01376065934066,1.352092999195925,8.384615384615385,6.798489247311829,insufficient_broad_appeal_evidence,"heavy mean 7.01<7.5 (n_low 41 vs n_high 455) — audience evidence is proxy-only (share_heavy/mean(delta)/category) not cross-audience proof; 902/910 robust had overlap but gap is severity not taste, no external sales/plays",False,False,False,False
138704,Northern Pacific,2013.0,1083,7.80800218552503,0.03628403676252201,0.03625207167556905,30.42308323018966,7.736885473470487,7.771718148762508,7.7369481250409144,6.704129915171562,1.1038722703534685,1.0024431506119384,D8,1k-2.5k,1238,2992,31,False,1.4516,Trains,0.4118190212373038,0.6952908587257618,0.0147737765466297,0.484764542936288,-0.7508646047309295,True,7.672413793103448,6.7654260089686105,0.9069877841348379,7.5625,6.66043165467626,insufficient_broad_appeal_evidence,"heavy mean 6.77<7.5 (n_low 29 vs n_high 446) — audience evidence is proxy-only (share_heavy/mean(delta)/category) not cross-audience proof; 902/910 robust had overlap but gap is severity not taste, no external sales/plays",False,False,False,False
41090,Magnate,2008.0,210,7.68565865894028,0.08239866572134366,0.08202634902034195,13.39056374495671,7.524157274126447,7.603259993218937,7.52488701486041,6.5822940730992485,1.1033645858410317,0.946416424034787,D4,200-499,224,7557,23,False,2.1739,Card Game; City Building; Economic; Print & Play,0.3333333333333333,0.580952380952381,0.0428571428571428,0.4619047619047619,-0.4694253256069465,True,8.047619047619047,6.845128571428571,1.2024904761904764,8.0,6.608695652173913,insufficient_broad_appeal_evidence,"heavy mean 6.85<7.5 (n_low 21 vs n_high 70) — audience evidence is proxy-only (share_heavy/mean(delta)/category) not cross-audience proof; 902/910 robust had overlap but gap is severity not taste, no external sales/plays",False,False,False,False
94373,Dien Bien Phu: The Final Gamble,2014.0,259,8.693961733958083,0.0741959063815285,0.07392373134267032,14.779196373182069,8.548537757450287,8.619765827576556,8.54907122052645,7.597405863459241,1.0965558704988423,1.0999640734083984,D5,200-499,322,4891,27,False,3.037,Modern Warfare; Vietnam War; Wargame,0.1505791505791505,0.3204633204633205,0.1119691119691119,0.806949806949807,-0.2790968690932242,True,9.008730158730158,7.884615384615385,1.1241147741147728,9.456896551724139,7.7,insufficient_broad_appeal_evidence,"heavy mean 7.88>=7.5 but share_own 0.807 outside moderate range — audience evidence is proxy-only (share_heavy/mean(delta)/category) not cross-audience proof; 902/910 robust had overlap but gap is severity not taste, no external sales/plays",False,False,False,False
379908,Marvel United: Spider-Geddon,2023.0,440,8.47546872020177,0.056925058862470554,0.05680186129914571,19.22857884023848,8.363895604831328,8.4185436613393,8.364137072055444,7.380880737879538,1.0945879823222313,0.9224061897284193,D7,200-499,807,2498,17,False,1.8235,Card Game; Comic Book / Strip; Fighting,0.1727272727272727,0.3931818181818182,0.0613636363636363,0.8409090909090909,-0.1336050838381263,True,8.513513513513514,7.910131578947368,0.603381934566146,8.555555555555555,8.28695652173913,insufficient_broad_appeal_evidence,"heavy mean 7.91>=7.5 but share_own 0.841 outside moderate range — audience evidence is proxy-only (share_heavy/mean(delta)/category) not cross-audience proof; 902/910 robust had overlap but gap is severity not taste, no external sales/plays",False,False,False,False
178940,Push It,2015.0,501,7.570258286752357,0.053347118172228244,0.05324568123666871,20.444272358733283,7.46569793513479,7.516911168580129,7.465896751528486,6.479615273285793,1.090643013466564,1.0707626408496518,D7,500-999,532,4778,16,False,1.0625,Action / Dexterity; Children's Game,0.3393213572854291,0.6087824351297405,0.0159680638722554,0.6846307385229541,-0.4467852328601411,True,7.434782608695652,6.86735294117647,0.5674296675191819,7.625,6.729117647058823,insufficient_broad_appeal_evidence,"heavy mean 6.87<7.5 (n_low 23 vs n_high 170) — audience evidence is proxy-only (share_heavy/mean(delta)/category) not cross-audience proof; 902/910 robust had overlap but gap is severity not taste, no external sales/plays",False,False,False,False
224483,Exceed Fighting System,2016.0,587,8.431473806735207,0.04928454778309524,0.04920453175944885,21.98237009760595,8.334876093080341,8.382189258952112,8.335032924486688,7.348082637274063,1.0833911694611444,1.1055577616702852,D7,500-999,705,3101,23,False,2.6522,Bluffing; Card Game; Fantasy; Fighting; Video Game Theme,0.2129471890971039,0.4173764906303236,0.0562180579216354,0.545144804088586,-0.5134329208749052,True,8.535576923076924,7.3951199999999995,1.1404569230769246,8.681818181818182,6.979523809523809,insufficient_broad_appeal_evidence,"heavy mean 7.40<7.5 (n_low 104 vs n_high 125) — audience evidence is proxy-only (share_heavy/mean(delta)/category) not cross-audience proof; 902/910 robust had overlap but gap is severity not taste, no external sales/plays",False,False,False,False
83040,Leader 1: Hell of the North,2011.0,480,7.9153836851213315,0.054501594465554484,0.05439344193156161,19.662904885463405,7.808560559968845,7.860882090655777,7.808772538935471,6.843724017039035,1.0716596680822965,0.9221834197772658,D7,200-499,502,4189,45,False,2.7111,Racing; Sports,0.2770833333333333,0.4979166666666667,0.0395833333333333,0.5916666666666667,-0.2821322267880017,True,8.325,7.100451127819548,1.224548872180451,7.894736842105263,7.188979591836734,insufficient_broad_appeal_evidence,"heavy mean 7.10<7.5 (n_low 56 vs n_high 133) — audience evidence is proxy-only (share_heavy/mean(delta)/category) not cross-audience proof; 902/910 robust had overlap but gap is severity not taste, no external sales/plays",False,False,False,False
309917,Hidden Games Crime Scene: The Midnight Crown,2020.0,341,8.204383962844666,0.06466252169230181,0.06448211992726471,16.472801471896382,8.077645420327755,8.139721441152364,8.077999007787227,7.139211080335185,1.065172882509481,0.9890401865537637,D6,200-499,426,4359,14,False,2.0,Deduction; Murder / Mystery,0.219941348973607,0.4222873900293255,0.0557184750733137,0.3988269794721407,-0.299408390997161,True,7.955263157894737,7.501333333333334,0.45392982456140274,7.936842105263159,7.4639999999999995,insufficient_broad_appeal_evidence,"heavy mean 7.50>=7.5 but share_own 0.399 outside moderate range — audience evidence is proxy-only (share_heavy/mean(delta)/category) not cross-audience proof; 902/910 robust had overlap but gap is severity not taste, no external sales/plays",False,False,False,False
327778,ito,2019.0,980,7.7119083114397196,0.03814317045962975,0.03810604095403111,27.760287373225488,7.637147697338845,7.67376514098009,7.637220471169819,6.6530429381544725,1.058865373285247,0.9845408616645139,D8,500-999,4008,1051,81,False,1.0123,Card Game; Number,0.3387755102040816,0.5857142857142857,0.0295918367346938,0.5612244897959183,-0.4832574542968669,True,7.652796896551724,6.946679759036145,0.7061171375155793,7.910114827586207,6.545121951219512,insufficient_broad_appeal_evidence,"heavy mean 6.95<7.5 (n_low 87 vs n_high 332) — audience evidence is proxy-only (share_heavy/mean(delta)/category) not cross-audience proof; 902/910 robust had overlap but gap is severity not taste, no external sales/plays",False,False,False,False
104,Extrablatt,1991.0,271,7.6759516220577,0.0725345934432043,0.07228023292163857,14.44125541655323,7.533783818909019,7.603417028614496,7.534282365531288,6.6284610316085395,1.0474905904491605,0.9816104128471652,D5,200-499,273,7421,30,False,2.9,Territory Building,0.6309963099630996,0.8376383763837638,0.003690036900369,0.4464944649446494,-0.7078352013934955,False,,,,,,insufficient_broad_appeal_evidence,"no heavy/light diff with n>=10 both sides at required thresholds — audience evidence is proxy-only (share_heavy/mean(delta)/category) not cross-audience proof; 902/910 robust had overlap but gap is severity not taste, no external sales/plays",False,False,False,False
153625,Han,2014.0,354,7.730670177766345,0.06346411022908809,0.06329352785883248,16.47851184555354,7.606280521717332,7.667206067537257,7.606614863163033,6.684876085588801,1.0457940921775437,0.8659675778404923,D6,200-499,392,5664,19,False,2.1579,Ancient; Territory Building,0.4519774011299435,0.7090395480225989,0.0084745762711864,0.4632768361581921,-0.6308622681618193,False,,,,8.0,6.646268656716418,insufficient_broad_appeal_evidence,"no heavy/light diff with n>=10 both sides at required thresholds — audience evidence is proxy-only (share_heavy/mean(delta)/category) not cross-audience proof; 902/910 robust had overlap but gap is severity not taste, no external sales/plays",False,False,False,False
32928,Mü and Lots More,2007.0,852,7.885468287643457,0.04090816784924297,0.040862374367673815,25.49978833141861,7.80528827865894,7.844560119794214,7.805378033882817,6.842318666461617,1.0431496211818398,0.9401976810612735,D8,500-999,884,,66,False,2.4394,Card Game; Game System,0.4741784037558685,0.733568075117371,0.0058685446009389,0.6044600938967136,-0.5150164097091735,True,8.168,7.202061881188119,0.9659381188118799,8.2,7.1625862068965525,insufficient_broad_appeal_evidence,"heavy mean 7.20<7.5 (n_low 25 vs n_high 404) — audience evidence is proxy-only (share_heavy/mean(delta)/category) not cross-audience proof; 902/910 robust had overlap but gap is severity not taste, no external sales/plays",False,False,False,False
359211,The Old Prince 1871,2022.0,215,9.400119858160345,0.08143490548264927,0.08107544419343134,12.78811194028382,9.240507443414351,9.318684952677696,9.241211987541218,8.358721171001793,1.0413986871585514,0.9874194761752335,D4,200-499,298,4590,15,False,4.1333,Economic; Print & Play; Trains; Transportation,0.3209302325581395,0.6511627906976745,0.0186046511627906,0.2697674418604651,-1.0961198581603482,True,9.045454545454545,7.5834782608695654,1.4619762845849795,8.625,7.0,insufficient_broad_appeal_evidence,"heavy mean 7.58>=7.5 but share_own 0.270 outside moderate range — audience evidence is proxy-only (share_heavy/mean(delta)/category) not cross-audience proof; 902/910 robust had overlap but gap is severity not taste, no external sales/plays",False,False,False,False
119637,Zug um Zug: Deutschland,2012.0,911,7.7774893531487495,0.03956130764008352,0.03951988548372231,26.31295167711306,7.699949190174186,7.737928045508666,7.700030377600654,6.736514576931828,1.0409747762169212,0.9017734486150548,D8,500-999,1032,2773,33,False,1.9091,Trains; Travel,0.2030735455543358,0.4182217343578485,0.0559824368825466,0.6904500548847421,-0.2711464991421534,True,7.733986928104576,7.484513513513513,0.24947341459106287,7.931372549019608,7.447734375,insufficient_broad_appeal_evidence,"heavy mean 7.48<7.5 (n_low 153 vs n_high 185) — audience evidence is proxy-only (share_heavy/mean(delta)/category) not cross-audience proof; 902/910 robust had overlap but gap is severity not taste, no external sales/plays",False,False,False,False
147887,Allegiance: A Realm Divided,2015.0,301,8.169317317883312,0.06882505685207563,0.0686076459131546,15.069163164907904,8.034420206453245,8.100492261031237,8.03484633189353,7.132181306345322,1.0371360115379904,1.0137298092860743,D6,200-499,352,5402,20,False,2.95,Fantasy,0.2491694352159468,0.4418604651162791,0.0797342192691029,0.5714285714285714,-0.3765266202088863,True,8.520833333333334,7.2573333333333325,1.2635000000000014,9.0,7.239705882352941,insufficient_broad_appeal_evidence,"heavy mean 7.26<7.5 (n_low 48 vs n_high 75) — audience evidence is proxy-only (share_heavy/mean(delta)/category) not cross-audience proof; 902/910 robust had overlap but gap is severity not taste, no external sales/plays",False,False,False,False
299317,Aeon's End: Outcasts,2020.0,1088,8.80978567083973,0.036200567508273544,0.03616882232280868,28.516363591611448,8.738832558523514,8.773585103331456,8.738894779087024,7.777477125551126,1.032308545288604,1.039858269232857,D8,1k-2.5k,1304,1302,27,False,3.0,Card Game; Fantasy; Science Fiction,0.1654411764705882,0.3556985294117647,0.0634191176470588,0.7886029411764706,-0.3000751928985496,True,8.792039800995026,8.114722222222223,0.6773175787728025,8.789855072463768,7.868484848484849,insufficient_broad_appeal_evidence,"heavy mean 8.11>=7.5 but share_own 0.789 outside moderate range — audience evidence is proxy-only (share_heavy/mean(delta)/category) not cross-audience proof; 902/910 robust had overlap but gap is severity not taste, no external sales/plays",False,False,False,False
939,Star Wars: The Queen's Gambit,2000.0,2224,7.9205162733767205,0.02531992617913375,0.025309056646534253,40.528252160725366,7.870889218065618,7.895196347197587,7.870910522349513,6.894343920497836,1.0261723528788842,0.9372270502812743,D9,1k-2.5k,2327,1326,200,False,2.475,Fighting; Miniatures; Movies / TV / Radio theme; Science Fiction; Wargame,0.2693345323741007,0.5152877697841727,0.0418165467625899,0.5530575539568345,-0.3506789981968628,True,7.905963302752293,7.377058597662772,0.5289047050895217,7.880107526881719,7.296651376146789,insufficient_broad_appeal_evidence,"heavy mean 7.38<7.5 (n_low 218 vs n_high 599) — audience evidence is proxy-only (share_heavy/mean(delta)/category) not cross-audience proof; 902/910 robust had overlap but gap is severity not taste, no external sales/plays",False,False,False,False
16000,1825 Unit 2,2000.0,212,8.107306162147118,0.08200907173870452,0.08164198778819969,12.460675847096006,7.946568381539257,8.025297090408413,7.947287866082247,7.085417702689879,1.021888459457239,0.9982179296238378,D4,200-499,222,7126,15,False,3.5333,Trains; Transportation,0.4716981132075472,0.75,0.0188679245283018,0.5424528301886793,-0.7014099357320235,True,7.95,7.349500000000001,0.6004999999999994,8.125,7.1720930232558135,insufficient_broad_appeal_evidence,"heavy mean 7.35<7.5 (n_low 10 vs n_high 100) — audience evidence is proxy-only (share_heavy/mean(delta)/category) not cross-audience proof; 902/910 robust had overlap but gap is severity not taste, no external sales/plays",False,False,False,False
33767,Yavalath,2007.0,257,7.589886120393687,0.07448404690808583,0.07420870033161667,13.713597364456357,7.443897388453839,7.5154020734856015,7.444437067743718,6.5684418910209175,1.0214442293727695,0.9042443132053437,D5,200-499,305,7230,24,False,2.1667,Abstract Strategy; Print & Play,0.4085603112840467,0.6303501945525292,0.046692607003891,0.4513618677042801,-0.5468900114442689,True,7.952173913043478,6.603333333333333,1.3488405797101457,7.875,6.602127659574467,insufficient_broad_appeal_evidence,"heavy mean 6.60<7.5 (n_low 23 vs n_high 105) — audience evidence is proxy-only (share_heavy/mean(delta)/category) not cross-audience proof; 902/910 robust had overlap but gap is severity not taste, no external sales/plays",False,False,False,False
631,Daytona 500,1990.0,1007,7.504065254319675,0.037628342753956885,0.03759269509030535,27.10627037626191,7.43031370252192,7.466436911565719,7.430383571942677,6.484101221820264,1.019964032499411,0.8945913670206007,D8,1k-2.5k,1039,3355,104,True,1.7788,Card Game; Racing; Sports,0.3435948361469711,0.5988083416087389,0.025819265143992,0.5551142005958292,-0.391627558192564,True,7.2858024691358025,6.860591791907514,0.4252106772282884,7.505769230769231,6.701099290780142,insufficient_broad_appeal_evidence,"heavy mean 6.86<7.5 (n_low 81 vs n_high 346) — audience evidence is proxy-only (share_heavy/mean(delta)/category) not cross-audience proof; 902/910 robust had overlap but gap is severity not taste, no external sales/plays",False,False,False,False
756,Black Vienna,1987.0,474,7.535498715801848,0.05484545651687628,0.05473524811859682,18.47990543694429,7.42800162102877,7.4806532592849715,7.428217629489398,6.521959865723934,1.0135388500779134,0.9046772948739408,D7,200-499,488,5401,50,False,2.62,Card Game; Deduction; Spies / Secret Agents,0.5147679324894514,0.740506329113924,0.0168776371308016,0.4198312236286919,-0.5361758255064873,True,7.894736842105263,6.906061680327869,0.9886751617773939,8.0,6.649256198347107,insufficient_broad_appeal_evidence,"heavy mean 6.91<7.5 (n_low 19 vs n_high 244) — audience evidence is proxy-only (share_heavy/mean(delta)/category) not cross-audience proof; 902/910 robust had overlap but gap is severity not taste, no external sales/plays",False,False,False,False
424975,Wilmot's Warehouse,2024.0,477,8.156372726673306,0.05467271449246967,0.05456354209139931,18.531316126233538,8.049214206268065,8.101700012180837,8.049428184174163,7.1432153709340405,1.0131573557392652,0.8192724469277595,D7,200-499,1672,1852,29,False,1.1724,Memory; Video Game Theme,0.3081761006289308,0.5408805031446542,0.0335429769392033,0.6415094339622641,-0.4840079467990958,True,8.282051282051283,7.3372448979591836,0.9448063840920993,8.8125,7.12962962962963,insufficient_broad_appeal_evidence,"heavy mean 7.34<7.5 (n_low 39 vs n_high 147) — audience evidence is proxy-only (share_heavy/mean(delta)/category) not cross-audience proof; 902/910 robust had overlap but gap is severity not taste, no external sales/plays",False,False,False,False
75360,Texas & Pacific,2010.0,224,7.85785402786632,0.07978216502211899,0.07944405879216679,12.602443887338945,7.701480984422966,7.7780718628442,7.702143672633673,6.852403769964649,1.0054502579016704,0.8816772165933058,D5,200-499,257,7875,19,False,2.7895,American West; Economic; Trains,0.5178571428571429,0.7857142857142858,0.0089285714285714,0.4241071428571428,-0.9301308135806048,False,,,,,,insufficient_broad_appeal_evidence,"no heavy/light diff with n>=10 both sides at required thresholds — audience evidence is proxy-only (share_heavy/mean(delta)/category) not cross-audience proof; 902/910 robust had overlap but gap is severity not taste, no external sales/plays",False,False,False,False
125943,Corporate America,2013.0,482,7.5635230948815755,0.05438840307760661,0.054280921666769656,18.45756938815531,7.456921824849466,7.509134691803969,7.4571324884147066,6.559645371165692,1.0038777237158838,0.9047275802806416,D7,200-499,524,5109,32,False,2.1562,Economic; Humor; Political,0.3112033195020747,0.5622406639004149,0.0331950207468879,0.437759336099585,-0.4481911446740999,True,8.037777777777778,6.797933333333334,1.2398444444444445,7.978125,6.506181818181819,insufficient_broad_appeal_evidence,"heavy mean 6.80<7.5 (n_low 45 vs n_high 150) — audience evidence is proxy-only (share_heavy/mean(delta)/category) not cross-audience proof; 902/910 robust had overlap but gap is severity not taste, no external sales/plays",False,False,False,False
204801,Kneipenquiz: Das Original,2016.0,1026,7.700865211714493,0.03727830405052197,0.037243641089290784,26.809676936512254,7.62779973577547,7.663586907663971,7.627867675179483,6.701445923378923,0.9994192883355701,1.0136081228639924,D8,1k-2.5k,1191,2622,36,False,1.3889,Humor; Party Game; Trivia,0.182261208576998,0.4454191033138401,0.0194931773879142,0.7202729044834308,-0.3493541688295135,True,7.496969659090909,7.3016042780748664,0.1953653810160425,7.475,7.117460317460317,insufficient_broad_appeal_evidence,"heavy mean 7.30<7.5 (n_low 88 vs n_high 187) — audience evidence is proxy-only (share_heavy/mean(delta)/category) not cross-audience proof; 902/910 robust had overlap but gap is severity not taste, no external sales/plays",False,False,False,False
36424,"Gulf, Mobile & Ohio",2008.0,525,8.012646734478684,0.05211349196765742,0.05201891827457892,18.959051846484254,7.910504290222076,7.960533242511027,7.910689654660509,7.024624338362527,0.9880223961161576,0.8445545929865705,D7,500-999,588,4518,23,False,2.8261,Economic; Trains,0.4552380952380953,0.7333333333333334,0.0076190476190476,0.4971428571428571,-0.893846734478682,True,6.833333333333333,6.854351464435147,-0.02101813110181361,7.5,6.511125000000002,insufficient_broad_appeal_evidence,"heavy mean 6.85<7.5 (n_low 12 vs n_high 239) — audience evidence is proxy-only (share_heavy/mean(delta)/category) not cross-audience proof; 902/910 robust had overlap but gap is severity not taste, no external sales/plays",False,False,False,False
324344,Twinkle Starship,2020.0,264,7.958033691386667,0.07348993498540846,0.07322542793264306,13.379035068329204,7.813993418815267,7.884543756401259,7.814511852638687,6.974809274047654,0.983224417339013,0.9049520101302377,D5,200-499,331,6256,9,False,1.7778,Card Game; Science Fiction,0.5378787878787878,0.8636363636363635,0.0,0.4801444043321299,-0.8038670247200033,False,,,,,,insufficient_broad_appeal_evidence,"no heavy/light diff with n>=10 both sides at required thresholds — audience evidence is proxy-only (share_heavy/mean(delta)/category) not cross-audience proof; 902/910 robust had overlap but gap is severity not taste, no external sales/plays",False,False,False,False
149910,Six Making,2013.0,246,7.609388895880708,0.07613112948498164,0.07583718239119763,12.90683577882003,7.460171882090144,7.533257766395726,7.460748018393961,6.626776909961967,0.9826119859187417,0.8895564417118988,D5,200-499,290,6792,19,False,1.7895,Abstract Strategy,0.3861788617886179,0.6016260162601627,0.0447154471544715,0.5121951219512195,-0.301340115392903,True,8.645833333333334,6.676842105263157,1.968991228070177,9.227272727272727,6.542553191489362,insufficient_broad_appeal_evidence,"heavy mean 6.68<7.5 (n_low 24 vs n_high 95) — audience evidence is proxy-only (share_heavy/mean(delta)/category) not cross-audience proof; 902/910 robust had overlap but gap is severity not taste, no external sales/plays",False,False,False,False
215616,Ascension: Gift of the Elements,2017.0,483,7.841967778239953,0.05433207121052079,0.054224922762894624,18.07433961837665,7.735476918667332,7.787635707029432,7.73568692962468,6.8599514710111755,0.9820163072287773,0.8843751090633427,D7,200-499,519,4341,8,False,2.125,Card Game; Fantasy,0.2587991718426501,0.4720496894409938,0.0434782608695652,0.5942028985507246,-0.3232341550515454,True,7.7749999999999995,7.07321336,0.7017866399999999,7.690476190476191,6.917346938775511,insufficient_broad_appeal_evidence,"heavy mean 7.07<7.5 (n_low 66 vs n_high 125) — audience evidence is proxy-only (share_heavy/mean(delta)/category) not cross-audience proof; 902/910 robust had overlap but gap is severity not taste, no external sales/plays",False,False,False,False
200247,Austerlitz 1805: Rising Eagles,2016.0,256,8.60456413143851,0.07462938177195727,0.07435242625369795,13.139412619318831,8.458290543165473,8.529934749666552,8.458833375981262,7.623977890812092,0.9805862406264181,0.9621684490615197,D5,200-499,309,5099,22,False,3.0909,Napoleonic; Wargame,0.08984375,0.234375,0.1171875,0.84765625,-0.2039391314385115,True,8.878823529411765,8.108695652173912,0.7701278772378526,9.05,7.583333333333333,insufficient_broad_appeal_evidence,"heavy mean 8.11>=7.5 but share_own 0.848 outside moderate range — audience evidence is proxy-only (share_heavy/mean(delta)/category) not cross-audience proof; 902/910 robust had overlap but gap is severity not taste, no external sales/plays",False,False,False,False
189190,9 Lives,2015.0,852,7.6954469258665315,0.04090816784924297,0.040862374367673815,23.865721701367836,7.615266916882015,7.654538758017289,7.615356672105891,6.719143976663656,0.9763029492028759,0.890997176024789,D8,500-999,1158,3098,23,False,1.5217,Animals; Card Game,0.4577464788732394,0.7394366197183099,0.0152582159624413,0.5821596244131455,-0.600247395350094,True,7.330526315789474,6.984666666666667,0.345859649122807,7.538461538461538,6.783120567375886,insufficient_broad_appeal_evidence,"heavy mean 6.98<7.5 (n_low 38 vs n_high 390) — audience evidence is proxy-only (share_heavy/mean(delta)/category) not cross-audience proof; 902/910 robust had overlap but gap is severity not taste, no external sales/plays",False,False,False,False
180543,"Exceed: Red Horizon – Reese, Heidi, Nehtali, and Vincent",2016.0,218,7.950862618629072,0.08087263243725189,0.08052053359872066,12.056193159683412,7.792352259052058,7.86998998619182,7.79304237277558,6.975846540633485,0.975016077995587,0.9625731104531692,D5,200-499,234,7002,15,False,2.2667,Card Game; Fighting,0.2981651376146789,0.4908256880733945,0.055045871559633,0.6192660550458715,-0.3293488571611811,True,8.7,7.105230769230769,1.5947692307692307,8.975,6.46074074074074,insufficient_broad_appeal_evidence,"heavy mean 7.11<7.5 (n_low 36 vs n_high 65) — audience evidence is proxy-only (share_heavy/mean(delta)/category) not cross-audience proof; 902/910 robust had overlap but gap is severity not taste, no external sales/plays",False,False,False,False
274075,The Quest Kids,2021.0,306,7.507010971932951,0.06826044471440433,0.06804832424173035,14.254450749096561,7.373220500292719,7.438750527218547,7.37363625641916,6.533995824640046,0.9730151472929052,0.9012590524426587,D6,200-499,439,5708,18,False,1.0556,Adventure; Children's Game; Exploration; Fantasy,0.1470588235294117,0.3464052287581699,0.0784313725490196,0.7973856209150327,-0.0673704490571381,True,7.8180327868852455,7.187333333333333,0.6306994535519124,7.891666666666667,7.312857142857142,insufficient_broad_appeal_evidence,"heavy mean 7.19<7.5 (n_low 61 vs n_high 45) — audience evidence is proxy-only (share_heavy/mean(delta)/category) not cross-audience proof; 902/910 robust had overlap but gap is severity not taste, no external sales/plays",False,False,False,False
336755,King of Tokyo: Monster Box,2021.0,1226,7.810779955363167,0.034102372313921145,0.034075829326832695,28.51785725752479,7.743939305627882,7.7766775830492465,7.743991329882575,6.838253369571799,0.9725265857913685,0.7721693529808116,D9,1k-2.5k,1760,,42,False,1.4286,Dice; Fighting; Movies / TV / Radio theme; Science Fiction,0.066068515497553,0.1867862969004894,0.1084828711256117,0.866231647634584,-0.1116962114806183,True,7.840720221606648,7.386049382716049,0.4546708388905989,7.869924812030075,7.208695652173914,insufficient_broad_appeal_evidence,"heavy mean 7.39<7.5 (n_low 361 vs n_high 81) — audience evidence is proxy-only (share_heavy/mean(delta)/category) not cross-audience proof; 902/910 robust had overlap but gap is severity not taste, no external sales/plays",False,False,False,False
218933,Warhammer Quest: Shadows Over Hammerhal,2017.0,230,7.722600635145962,0.07873465133124496,0.07840963485980895,12.26693886583287,7.568280718536722,7.643865983814718,7.568917750820737,6.756767480642914,0.9658331545030485,0.9716497561087447,D5,200-499,267,7218,2,False,2.0,Adventure; Dice; Exploration; Fantasy; Fighting; Miniatures,0.1217391304347826,0.2521739130434782,0.1869565217391304,0.7565217391304347,-0.0378615047111809,True,8.126506024096386,6.292857142857143,1.8336488812392435,8.255813953488373,6.678571428571429,insufficient_broad_appeal_evidence,"heavy mean 6.29<7.5 (n_low 83 vs n_high 28) — audience evidence is proxy-only (share_heavy/mean(delta)/category) not cross-audience proof; 902/910 robust had overlap but gap is severity not taste, no external sales/plays",False,False,False,False
231962,Krazy Wordz,2016.0,754,7.547237431486118,0.04348546852709977,0.04343047503442286,22.168767458529818,7.4620059131730025,7.503751962959019,7.462113700418649,6.583218191883626,0.964019239602492,0.7896014995702005,D8,500-999,931,3448,25,False,1.16,Party Game; Word Game,0.2254641909814323,0.4350132625994695,0.0251989389920424,0.6936339522546419,-0.3417953492579982,True,7.361500000000001,7.096705882352942,0.2647941176470594,7.184210526315789,6.972413793103449,insufficient_broad_appeal_evidence,"heavy mean 7.10<7.5 (n_low 80 vs n_high 170) — audience evidence is proxy-only (share_heavy/mean(delta)/category) not cross-audience proof; 902/910 robust had overlap but gap is severity not taste, no external sales/plays",False,False,False,False
257145,Teenage Mutant Ninja Turtles Adventures: City Fall,2020.0,221,8.31829662331979,0.08032184760121595,0.07997686327096923,11.982984235684219,8.160865802021407,8.237974775718575,8.16154197130869,7.3558011897333895,0.9624954335864011,0.8284454617323096,D5,200-499,270,5634,7,False,3.1429,Animals; Comic Book / Strip; Miniatures; Movies / TV / Radio theme,0.1131221719457013,0.2624434389140271,0.1357466063348416,0.832579185520362,0.0358662726078121,True,8.6484375,7.984,0.6644375,8.85,7.666666666666667,insufficient_broad_appeal_evidence,"heavy mean 7.98>=7.5 but share_own 0.833 outside moderate range — audience evidence is proxy-only (share_heavy/mean(delta)/category) not cross-audience proof; 902/910 robust had overlap but gap is severity not taste, no external sales/plays",False,False,False,False
257601,The Duke: Lord's Legacy,2018.0,391,7.996947380825907,0.060386720980169895,0.06023971348235471,15.897298507390833,7.878589407704775,7.936560659845737,7.878877542400492,7.036961651521626,0.9599857293042815,0.8260864484343049,D6,200-499,441,4439,12,False,2.0833,Abstract Strategy; Medieval,0.2225063938618925,0.40153452685422,0.0460358056265984,0.7621483375959079,-0.2893881225138868,True,8.301754385964912,7.284701149425287,1.017053236539625,8.355555555555556,7.028571428571429,insufficient_broad_appeal_evidence,"heavy mean 7.28<7.5 (n_low 57 vs n_high 87) — audience evidence is proxy-only (share_heavy/mean(delta)/category) not cross-audience proof; 902/910 robust had overlap but gap is severity not taste, no external sales/plays",False,False,False,False
344415,Trek 12: Amazonia,2021.0,383,7.598395442925051,0.061014132328132756,0.060862506437983833,15.691320657563066,7.478807743561911,7.537381310596919,7.479104930306603,6.641003127921335,0.957392315003716,0.8417458469678145,D6,200-499,511,4672,13,False,1.4615,Adventure; Animals; Dice,0.2402088772845953,0.4177545691906005,0.0261096605744125,0.6945169712793734,-0.2305277405751839,True,7.737036944444444,7.091304347826088,0.6457325966183562,7.651999999999999,6.776666666666667,insufficient_broad_appeal_evidence,"heavy mean 7.09<7.5 (n_low 36 vs n_high 92) — audience evidence is proxy-only (share_heavy/mean(delta)/category) not cross-audience proof; 902/910 robust had overlap but gap is severity not taste, no external sales/plays",False,False,False,False
304847,Hidden Games Crime Scene: The New Haven Case,2019.0,664,8.376989226690556,0.0463389071163546,0.04627237909573657,20.626251955111986,8.2861649687425,8.330650319574202,8.286295363662912,7.4211912531840944,0.9557979735064617,0.9631856665789851,D7,500-999,851,2513,30,False,2.4333,Deduction; Murder / Mystery,0.1837349397590361,0.3900602409638554,0.0466867469879518,0.4487951807228915,-0.3045578411483886,True,8.192045454545454,8.000409836065574,0.19163561847988042,8.174193548387096,7.7711538461538465,insufficient_broad_appeal_evidence,"heavy mean 8.00>=7.5 but share_own 0.449 outside moderate range — audience evidence is proxy-only (share_heavy/mean(delta)/category) not cross-audience proof; 902/910 robust had overlap but gap is severity not taste, no external sales/plays",False,False,False,False
3406,Lines of Action,1969.0,557,7.541946186166499,0.050594374259862934,0.05050781881455108,18.820297967733016,7.442781212617168,7.491351811906636,7.4429508612899795,6.589744987104877,0.9522011990616219,0.9389540405115229,D7,500-999,612,4624,52,False,2.6923,Abstract Strategy,0.3967684021543985,0.6175942549371634,0.0412926391382405,0.3590664272890485,-0.4710333315884022,True,8.054901960784314,6.589962850678733,1.4649391101055809,8.021739130434783,6.572115384615385,insufficient_broad_appeal_evidence,"heavy mean 6.59<7.5 (n_low 51 vs n_high 221) — audience evidence is proxy-only (share_heavy/mean(delta)/category) not cross-audience proof; 902/910 robust had overlap but gap is severity not taste, no external sales/plays",False,False,False,False
371140,Ticket to Ride: Northern Lights,2022.0,224,8.095783429281497,0.07978216502211899,0.07944405879216679,11.874293131393172,7.939410385838143,8.016001264259378,7.94007307404885,7.148426615151672,0.9473568141298241,0.9082484704308662,D5,200-499,593,3644,13,False,1.6154,Trains,0.34375,0.5044642857142857,0.0580357142857142,0.6160714285714286,-0.332390572138642,True,8.342424242424244,7.461038961038961,0.8813852813852829,7.961538461538462,7.488095238095238,insufficient_broad_appeal_evidence,"heavy mean 7.46<7.5 (n_low 33 vs n_high 77) — audience evidence is proxy-only (share_heavy/mean(delta)/category) not cross-audience proof; 902/910 robust had overlap but gap is severity not taste, no external sales/plays",False,False,False,False
355997,Thunder Road: Vendetta – Maximum Chrome,2023.0,1072,8.910926639005368,0.03646972041493837,0.03643726250805877,25.92607043366248,8.839445986992088,8.874456918590429,8.839509604489573,7.965410098831697,0.9455165401736707,0.9615530733764297,D8,1k-2.5k,2687,,61,False,2.2787,Dice; Fighting; Miniatures; Racing,0.1819029850746268,0.4011194029850746,0.0513059701492537,0.816231343283582,-0.2274605382591084,True,8.934611849315068,8.30923076923077,0.6253810800842992,8.994545454545454,8.17767857142857,insufficient_broad_appeal_evidence,"heavy mean 8.31>=7.5 but share_own 0.816 outside moderate range — audience evidence is proxy-only (share_heavy/mean(delta)/category) not cross-audience proof; 902/910 robust had overlap but gap is severity not taste, no external sales/plays",False,False,False,False
374400,Unlock!: Extraordinary Adventures,2022.0,463,8.00709168424682,0.055493144044815756,0.05537899306629122,16.998037772204146,7.898325121918981,7.951598540202005,7.898548857836889,7.063817125674676,0.9432745585721438,0.7274603007567073,D7,200-499,762,3177,9,False,2.1111,Deduction; Movies / TV / Radio theme; Puzzle; Real-time; Science Fiction; Video Game Theme,0.4082073434125269,0.6285097192224621,0.0129589632829373,0.4103671706263499,-0.4546168462338548,True,7.0588235294117645,7.429554761904761,-0.37073123249299655,7.0,7.1625000000000005,insufficient_broad_appeal_evidence,"heavy mean 7.43<7.5 (n_low 17 vs n_high 189) — audience evidence is proxy-only (share_heavy/mean(delta)/category) not cross-audience proof; 902/910 robust had overlap but gap is severity not taste, no external sales/plays",False,False,False,False
266722,Rumble Nation,2017.0,1228,7.9691062630455365,0.03407459033593787,0.03404811211653646,27.56142034821038,7.902320065987098,7.935031672709599,7.902371963297125,7.029962155603686,0.9391441074418507,0.7772569688669195,D9,1k-2.5k,3426,1037,86,False,1.8256,Civil War; Medieval; Territory Building,0.3249185667752443,0.5977198697068404,0.013843648208469,0.508957654723127,-0.545011890081359,True,7.9171641791044784,7.070373433583959,0.8467907455205195,8.294117647058824,6.859579310344827,insufficient_broad_appeal_evidence,"heavy mean 7.07<7.5 (n_low 67 vs n_high 399) — audience evidence is proxy-only (share_heavy/mean(delta)/category) not cross-audience proof; 902/910 robust had overlap but gap is severity not taste, no external sales/plays",False,False,False,False
424774,Dorfromantik: Sakura,2024.0,372,8.448721983741645,0.061909651124092,0.06175126786074946,15.148135282960304,8.327379067538425,8.386812332617554,8.327689498734577,7.510906213193024,0.937815770548621,0.755767678008592,D6,200-499,1908,1171,47,False,1.9362,City Building; Environmental; Puzzle; Territory Building; Video Game Theme,0.2150537634408602,0.4059139784946236,0.0725806451612903,0.8333333333333334,-0.2432112310534668,True,8.583529411764706,7.726875,0.8566544117647066,9.055555555555555,7.515151515151516,insufficient_broad_appeal_evidence,"heavy mean 7.73>=7.5 but share_own 0.833 outside moderate range — audience evidence is proxy-only (share_heavy/mean(delta)/category) not cross-audience proof; 902/910 robust had overlap but gap is severity not taste, no external sales/plays",False,False,False,False
180942,A Touch of Evil: Dark Gothic – Colonial Horror,2015.0,215,7.592942571511923,0.08143490548264927,0.08107544419343134,11.511376296181666,7.433330156765931,7.5115076660292734,7.434034700892798,6.65551473085716,0.9374278406547631,0.9028376365502808,D4,200-499,236,7185,2,False,2.0,Card Game; Horror,0.2465116279069767,0.4976744186046512,0.0325581395348837,0.7488372093023256,-0.1861983854654098,True,7.859999999999999,7.115094339622642,0.7449056603773574,8.342857142857143,7.225,insufficient_broad_appeal_evidence,"heavy mean 7.12<7.5 (n_low 20 vs n_high 53) — audience evidence is proxy-only (share_heavy/mean(delta)/category) not cross-audience proof; 902/910 robust had overlap but gap is severity not taste, no external sales/plays",False,False,False,False
23604,The World Cup Game,2006.0,742,7.527398698453197,0.04383569272194254,0.043779361503369855,21.382050809264484,7.44148074071819,7.483563005731255,7.441591149906593,6.590101689413316,0.9372970090398809,0.8446292011075549,D8,500-999,772,4107,103,False,1.9806,Sports,0.412398921832884,0.6792452830188679,0.0188679245283018,0.4002695417789757,-0.4657035502052156,True,7.756756756756757,6.817966666666666,0.938790090090091,7.714285714285714,6.519272727272726,insufficient_broad_appeal_evidence,"heavy mean 6.82<7.5 (n_low 37 vs n_high 306) — audience evidence is proxy-only (share_heavy/mean(delta)/category) not cross-audience proof; 902/910 robust had overlap but gap is severity not taste, no external sales/plays",False,False,False,False
263938,Paupers' Ladder,2019.0,251,7.903529881612017,0.07536903692977383,0.07508379636154483,12.392226196197793,7.7558065692296605,7.828160844682243,7.756365640743389,6.969539727788675,0.9339901538233422,0.9069298822201892,D5,200-499,591,3863,22,False,2.1818,Adventure; Exploration; Fantasy; Fighting,0.2749003984063745,0.450199203187251,0.047808764940239,0.6932270916334662,-0.2302231087036461,True,8.533333333333333,7.040579710144928,1.4927536231884053,8.416666666666666,6.630434782608695,insufficient_broad_appeal_evidence,"heavy mean 7.04<7.5 (n_low 30 vs n_high 69) — audience evidence is proxy-only (share_heavy/mean(delta)/category) not cross-audience proof; 902/910 robust had overlap but gap is severity not taste, no external sales/plays",False,False,False,False
75448,Tanto Cuore: Romantic Vacation,2010.0,459,7.688563296169419,0.0557344197219172,0.055618776434951986,16.72727551678635,7.5793238335144615,7.632828876447502,7.579550494356913,6.756278301712699,0.9322849944567198,0.7656357930138515,D7,200-499,492,4656,22,False,2.4545,Card Game,0.2069716775599128,0.355119825708061,0.0893246187363834,0.7494553376906318,-0.2567780674112476,True,7.864485981308412,6.612105263157894,1.2523807181505173,7.895121951219512,6.29054054054054,insufficient_broad_appeal_evidence,"heavy mean 6.61<7.5 (n_low 107 vs n_high 95) — audience evidence is proxy-only (share_heavy/mean(delta)/category) not cross-audience proof; 902/910 robust had overlap but gap is severity not taste, no external sales/plays",False,False,False,False
278292,Anachrony: Infinity Box,2020.0,1492,9.225832524198713,0.030913303309201338,0.030893528028750544,30.114678471933544,9.165242449712679,9.194919220889512,9.165281209262362,8.294888334536756,0.9309441896619575,0.900343480102153,D9,1k-2.5k,1708,,69,False,4.0,Economic; Miniatures; Science Fiction,0.1648793565683646,0.396112600536193,0.0408847184986595,0.8230563002680965,-0.2648506207134586,True,9.300638297872341,8.647439024390243,0.6531992734820982,9.406338852459015,8.304109589041095,insufficient_broad_appeal_evidence,"heavy mean 8.65>=7.5 but share_own 0.823 outside moderate range — audience evidence is proxy-only (share_heavy/mean(delta)/category) not cross-audience proof; 902/910 robust had overlap but gap is severity not taste, no external sales/plays",False,False,False,False
297658,[kosmopoli:t],2020.0,666,7.885014506972309,0.04626927686347232,0.046203047865427095,20.0798717028649,7.7943267243199035,7.838745230108837,7.7944565331560725,6.95593336376945,0.9290811432028594,0.7608241861186844,D8,500-999,858,3073,20,False,1.3,Party Game; Real-time,0.1936936936936937,0.3798798798798799,0.051051051051051,0.6591591591591591,-0.2180425249903258,True,7.998687978723404,7.237984496124032,0.7607034825993724,8.132352941176471,6.74,insufficient_broad_appeal_evidence,"heavy mean 7.24<7.5 (n_low 94 vs n_high 129) — audience evidence is proxy-only (share_heavy/mean(delta)/category) not cross-audience proof; 902/910 robust had overlap but gap is severity not taste, no external sales/plays",False,False,False,False
326933,Unmatched: Redemption Row,2022.0,1188,8.321899298738376,0.034643487584760546,0.03461566197908712,26.770938127748767,8.253998063072245,8.287255811153615,8.254052601259366,7.394460636077319,0.9274386626610571,0.8423807260270628,D8,1k-2.5k,1538,1377,9,False,2.1111,Card Game; Comic Book / Strip; Fantasy; Fighting; Movies / TV / Radio theme,0.1616161616161616,0.3122895622895623,0.069023569023569,0.797979797979798,-0.1182205613646382,True,8.667962616822429,7.7582118229166666,0.9097507939057623,8.729634146341464,7.151785714285714,insufficient_broad_appeal_evidence,"heavy mean 7.76>=7.5 but share_own 0.798 outside moderate range — audience evidence is proxy-only (share_heavy/mean(delta)/category) not cross-audience proof; 902/910 robust had overlap but gap is severity not taste, no external sales/plays",False,False,False,False
415945,Unmatched: Slings and Arrows,2024.0,440,8.692136171535765,0.056925058862470554,0.05680186129914571,16.25569099955045,8.580563056165323,8.635211112673295,8.580804523389439,7.766780004536223,0.925356166999542,0.7240828585899095,D7,200-499,1235,1531,12,False,2.4167,Card Game; Fantasy; Fighting,0.1954545454545454,0.3545454545454545,0.0636363636363636,0.8272727272727273,-0.085113444263036,True,8.726578947368422,8.302093023255814,0.42448592411260755,8.839285714285714,7.8,insufficient_broad_appeal_evidence,"heavy mean 8.30>=7.5 but share_own 0.827 outside moderate range — audience evidence is proxy-only (share_heavy/mean(delta)/category) not cross-audience proof; 902/910 robust had overlap but gap is severity not taste, no external sales/plays",False,False,False,False
292811,American Bookshop,2019.0,537,7.860808583097076,0.05152792852771954,0.05143650156798868,17.917317164877954,7.759813843182745,7.809280654569356,7.759993040023818,6.937566344816762,0.9232422382803138,0.8719371323706406,D7,500-999,674,4160,10,False,1.4,Card Game,0.5046554934823091,0.776536312849162,0.0074487895716946,0.4562383612662942,-0.7019631454806893,False,,,,7.75,6.873711340206185,insufficient_broad_appeal_evidence,"no heavy/light diff with n>=10 both sides at required thresholds — audience evidence is proxy-only (share_heavy/mean(delta)/category) not cross-audience proof; 902/910 robust had overlap but gap is severity not taste, no external sales/plays",False,False,False,False
1796,Pampas Railroads,2001.0,240,7.890425637520839,0.07707689406414556,0.07677189944748257,11.942364424117086,7.739354925155114,7.813348743456694,7.739952714603773,6.969945279927746,0.9204803575930933,0.8519392269989341,D5,200-499,248,7647,28,False,3.3214,Economic; Trains,0.475,0.7625,0.0083333333333333,0.4166666666666667,-0.826883970854171,False,,,,,,insufficient_broad_appeal_evidence,"no heavy/light diff with n>=10 both sides at required thresholds — audience evidence is proxy-only (share_heavy/mean(delta)/category) not cross-audience proof; 902/910 robust had overlap but gap is severity not taste, no external sales/plays",False,False,False,False
124839,Hoplomachus: The Lost Cities,2012.0,555,7.979495047878261,0.05068545331515134,0.050598430385595874,18.122387662160143,7.880151559380565,7.92880959456311,7.880322124322493,7.060953614068769,0.9185414338094926,0.871619918629138,D7,500-999,582,3773,27,False,2.5185,Ancient; Fighting; Sports,0.2018018018018018,0.4126126126126126,0.045045045045045,0.6630630630630631,-0.2076301830134037,True,8.35,7.153571428571429,1.1964285714285703,8.758,7.05897435897436,insufficient_broad_appeal_evidence,"heavy mean 7.15<7.5 (n_low 77 vs n_high 112) — audience evidence is proxy-only (share_heavy/mean(delta)/category) not cross-audience proof; 902/910 robust had overlap but gap is severity not taste, no external sales/plays",False,False,False,False
123609,Puzzle Strike Shadows,2012.0,642,8.114610095622949,0.04712618812236057,0.047056216467318245,19.47703620580714,8.022242766903123,8.067483907500588,8.022379911347004,7.196731623322053,0.9178784723008953,0.9032331334422619,D7,500-999,670,3390,30,False,3.0333,Card Game; Fantasy; Video Game Theme,0.2757009345794392,0.4953271028037382,0.057632398753894,0.6417445482866043,-0.4109278526323041,True,8.727570093457944,6.8833898305084755,1.8441802629494681,8.937837837837838,6.676470588235294,insufficient_broad_appeal_evidence,"heavy mean 6.88<7.5 (n_low 107 vs n_high 177) — audience evidence is proxy-only (share_heavy/mean(delta)/category) not cross-audience proof; 902/910 robust had overlap but gap is severity not taste, no external sales/plays",False,False,False,False
27976,Heroscape Master Set: Swarm of the Marro,2007.0,2334,7.745103353549313,0.024716069101557353,0.02470595854775524,37.09899212644163,7.6966598581102605,7.720387284447756,7.696679674795712,6.828162100554049,0.9169412529952634,0.7587791269930335,D9,1k-2.5k,2449,1244,117,False,2.265,Adventure; Fantasy; Fighting; Miniatures; Science Fiction,0.1585261353898886,0.3526135389888603,0.0831191088260497,0.7296486718080548,-0.1275940690591738,True,8.02706131078224,7.119540540540541,0.9075207702416996,8.096134020618557,6.903728813559322,insufficient_broad_appeal_evidence,"heavy mean 7.12<7.5 (n_low 473 vs n_high 370) — audience evidence is proxy-only (share_heavy/mean(delta)/category) not cross-audience proof; 902/910 robust had overlap but gap is severity not taste, no external sales/plays",False,False,False,False
153480,Scharfe Schoten,2014.0,367,7.679186871095587,0.062329952292192015,0.06216832975690636,14.70457960199528,7.557020164602891,7.616856918803395,7.557336944772051,6.762651126026482,0.9165357450691056,0.788099039969917,D6,200-499,426,5701,17,False,2.1176,Card Game,0.5967302452316077,0.8392370572207085,0.0054495912806539,0.4741144414168937,-0.7104321027032187,False,,,,,,insufficient_broad_appeal_evidence,"no heavy/light diff with n>=10 both sides at required thresholds — audience evidence is proxy-only (share_heavy/mean(delta)/category) not cross-audience proof; 902/910 robust had overlap but gap is severity not taste, no external sales/plays",False,False,False,False
283474,Star Wars: Legion – Clone Wars Core Set,2019.0,238,8.377701581352476,0.07740006904156596,0.07709123727322657,11.81645956772233,8.225997446031005,8.30030151231091,8.226602756296952,7.4631067949838945,0.914594786368581,0.8268908449792445,D5,200-499,286,5419,5,False,3.0,Miniatures; Movies / TV / Radio theme; Science Fiction; Wargame,0.0756302521008403,0.2394957983193277,0.1008403361344537,0.819327731092437,-0.1165671275709654,True,8.355555555555556,7.411111111111111,0.9444444444444446,8.854166666666666,7.0,insufficient_broad_appeal_evidence,"heavy mean 7.41<7.5 (n_low 63 vs n_high 18) — audience evidence is proxy-only (share_heavy/mean(delta)/category) not cross-audience proof; 902/910 robust had overlap but gap is severity not taste, no external sales/plays",False,False,False,False
320698,Blitz Bowl: Season 2,2020.0,292,8.285502699402459,0.069877667657023,0.06965016131699239,13.077028909313961,8.148542470794693,8.215625031745436,8.148988383221154,7.371710419336136,0.913792280066323,0.8575586091773175,D5,200-499,333,4874,8,False,2.375,Fantasy; Fighting; Miniatures; Sports,0.1917808219178082,0.4006849315068493,0.047945205479452,0.8013698630136986,-0.2428657131010903,True,7.94,7.891964285714285,0.048035714285715514,7.928571428571429,7.533333333333333,insufficient_broad_appeal_evidence,"heavy mean 7.89>=7.5 but share_own 0.801 outside moderate range — audience evidence is proxy-only (share_heavy/mean(delta)/category) not cross-audience proof; 902/910 robust had overlap but gap is severity not taste, no external sales/plays",False,False,False,False
187988,Pyramid Arcade,2016.0,813,7.9482053381052875,0.04187786704999408,0.04182874321433387,21.80886797488511,7.866124718687299,7.9063274710552935,7.866221001405193,7.034896464542175,0.9133088735631123,0.9095848934529487,D8,500-999,924,,13,False,2.3077,Abstract Strategy; Animals; Dice; Game System; Science Fiction; Space Exploration,0.2337023370233702,0.5055350553505535,0.051660516605166,0.7367773677736777,-0.2110970970228778,True,8.394318181818182,7.180494736842106,1.213823444976076,8.588095238095239,7.009565217391304,insufficient_broad_appeal_evidence,"heavy mean 7.18<7.5 (n_low 88 vs n_high 190) — audience evidence is proxy-only (share_heavy/mean(delta)/category) not cross-audience proof; 902/910 robust had overlap but gap is severity not taste, no external sales/plays",False,False,False,False
185123,Ascension: Dreamscape,2015.0,764,7.89838649861476,0.04319994036708914,0.043146021710534055,21.135826045861073,7.813714615495265,7.85518655824767,7.813820296062113,6.985320073824392,0.9130664247903679,0.9117071483388157,D8,500-999,819,3102,18,False,2.2778,Card Game; Fantasy,0.2238219895287957,0.4332460732984293,0.056282722513089,0.5929319371727748,-0.2857556085624051,True,8.047391304347826,7.314912280701754,0.7324790236460723,8.053488372093023,7.139705882352941,insufficient_broad_appeal_evidence,"heavy mean 7.31<7.5 (n_low 115 vs n_high 171) — audience evidence is proxy-only (share_heavy/mean(delta)/category) not cross-audience proof; 902/910 robust had overlap but gap is severity not taste, no external sales/plays",False,False,False,False
2125,Amazons,1992.0,327,7.6007803336870765,0.06603222787564088,0.06584015192507317,13.806123764912309,7.4713571670508205,7.534748105811436,7.4717336359139335,6.689131223163086,0.9116491105239906,0.8584340598513176,D6,200-499,355,6246,34,False,2.8235,Abstract Strategy,0.3425076452599388,0.5443425076452599,0.0764525993883792,0.3669724770642202,-0.4804133612100102,True,7.911111111111111,6.705357142857143,1.2057539682539682,8.16,6.526999999999999,insufficient_broad_appeal_evidence,"heavy mean 6.71<7.5 (n_low 45 vs n_high 112) — audience evidence is proxy-only (share_heavy/mean(delta)/category) not cross-audience proof; 902/910 robust had overlap but gap is severity not taste, no external sales/plays",False,False,False,False
309752,The Field of the Cloth of Gold,2020.0,459,7.850475106911222,0.0557344197219172,0.055618776434951986,16.35305578463693,7.741235644256265,7.7947406871893055,7.741462305098716,6.939047032074342,0.9114280748368806,0.7429176193529514,D7,200-499,528,4989,18,False,1.6111,Renaissance,0.3769063180827887,0.6710239651416122,0.0108932461873638,0.4901960784313725,-0.762305172270693,True,7.4,6.803468208092486,0.5965317919075144,8.2,6.519811320754717,insufficient_broad_appeal_evidence,"heavy mean 6.80<7.5 (n_low 15 vs n_high 173) — audience evidence is proxy-only (share_heavy/mean(delta)/category) not cross-audience proof; 902/910 robust had overlap but gap is severity not taste, no external sales/plays",False,False,False,False
158889,Summoner Wars: Alliances Master Set,2014.0,1794,8.287873262903615,0.02819152746030658,0.028176526731091153,32.28350487722067,8.232617869081414,8.259681735443309,8.232647270510675,7.377751948642507,0.910121314261108,0.9289337783012321,D9,1k-2.5k,1858,1199,51,False,2.7647,Card Game; Fantasy; Fighting,0.177257525083612,0.3913043478260869,0.0473801560758082,0.664994425863991,-0.2785241937843267,True,8.479833321428572,7.44919465408805,1.0306386673405221,8.7,7.343510638297872,insufficient_broad_appeal_evidence,"heavy mean 7.45<7.5 (n_low 280 vs n_high 318) — audience evidence is proxy-only (share_heavy/mean(delta)/category) not cross-audience proof; 902/910 robust had overlap but gap is severity not taste, no external sales/plays",False,False,False,False
324320,Planet etuC,2020.0,280,7.682582292524465,0.07135933775262562,0.0711171010498916,12.739995708544116,7.542717990529319,7.611222954771839,7.543192774466678,6.7734646357914645,0.9091176567330006,0.8114637928643127,D5,200-499,324,7147,5,False,1.4,Card Game; Science Fiction,0.5321428571428571,0.8214285714285714,0.0071428571428571,0.4163822525597269,-0.8182965782387471,False,,,,,,insufficient_broad_appeal_evidence,"no heavy/light diff with n>=10 both sides at required thresholds — audience evidence is proxy-only (share_heavy/mean(delta)/category) not cross-audience proof; 902/910 robust had overlap but gap is severity not taste, no external sales/plays",False,False,False,False
374866,Robotrick,2020.0,547,8.197525543576822,0.05105475111883754,0.05096581547849686,17.764033061967076,8.0974582313839,8.146470792457984,8.097632545238968,7.290587256731291,0.9069382868455307,0.8645976415289969,D7,500-999,933,2751,27,False,1.9259,Card Game,0.4570383912248629,0.7550274223034734,0.0146252285191956,0.5575868372943327,-0.6701946477815647,True,8.3,7.378400000000001,0.9215999999999998,8.3125,7.3741176470588226,insufficient_broad_appeal_evidence,"heavy mean 7.38<7.5 (n_low 15 vs n_high 250) — audience evidence is proxy-only (share_heavy/mean(delta)/category) not cross-audience proof; 902/910 robust had overlap but gap is severity not taste, no external sales/plays",False,False,False,False
3553,Close Action: The Age of Fighting Sail Vol. 1,1997.0,369,8.100234138905961,0.06216080692665351,0.06200049323688627,14.554791604642844,7.97839895732972,8.038073331979307,7.9787131721616635,7.19549654811208,0.9047375907938813,0.8209663442132786,D6,200-499,401,4905,79,True,3.5063,Age of Reason; American Revolutionary War; Napoleonic; Nautical; Wargame,0.1680216802168022,0.3441734417344173,0.089430894308943,0.6910569105691057,-0.3407012662772394,True,7.999876543209877,7.228671451612904,0.7712050915969728,8.077272727272728,7.072916666666667,insufficient_broad_appeal_evidence,"heavy mean 7.23<7.5 (n_low 81 vs n_high 62) — audience evidence is proxy-only (share_heavy/mean(delta)/category) not cross-audience proof; 902/910 robust had overlap but gap is severity not taste, no external sales/plays",False,False,False,False
326934,Unmatched: Hell's Kitchen,2022.0,1133,8.354198665953568,0.035474384722707385,0.035444510333804545,25.497691933915778,8.284668871897061,8.31872428123086,8.28472742569931,7.449683732748767,0.9045149332048013,0.825295338653639,D8,1k-2.5k,1480,1414,13,False,2.2308,Card Game; Comic Book / Strip; Fantasy; Fighting; Movies / TV / Radio theme,0.1668137687555163,0.3186231244483671,0.0626654898499558,0.8146513680494263,-0.1221189395634514,True,8.596207499999998,7.77984126984127,0.8163662301587289,8.799999999999999,7.336956521739131,insufficient_broad_appeal_evidence,"heavy mean 7.78>=7.5 but share_own 0.815 outside moderate range — audience evidence is proxy-only (share_heavy/mean(delta)/category) not cross-audience proof; 902/910 robust had overlap but gap is severity not taste, no external sales/plays",False,False,False,False
14634,Homeworlds,2001.0,458,7.898910068316372,0.05579523198192927,0.055679210531791645,16.188466523382854,7.7895514136317905,7.8431148363344425,7.78977881567406,6.99567082321253,0.9032392451038422,0.7863240839367718,D7,200-499,785,3451,55,False,3.3818,Abstract Strategy; Fighting; Science Fiction,0.2860262008733624,0.5043668122270742,0.0633187772925764,0.5262008733624454,-0.4253947844735748,True,8.586,6.634732824427481,1.9512671755725197,8.948275862068966,6.011627906976744,insufficient_broad_appeal_evidence,"heavy mean 6.63<7.5 (n_low 60 vs n_high 131) — audience evidence is proxy-only (share_heavy/mean(delta)/category) not cross-audience proof; 902/910 robust had overlap but gap is severity not taste, no external sales/plays",False,False,False,False
285157,Legendary: A James Bond Deck Building Game,2019.0,674,7.944035190242627,0.04599386205434128,0.045928807044567754,19.60138889430842,7.8538872206161185,7.898041328188286,7.854014728435274,7.042491613364309,0.9015435768783187,0.7319774333445617,D8,500-999,816,2913,29,False,2.4828,Card Game; Movies / TV / Radio theme; Spies / Secret Agents,0.2062314540059347,0.4272997032640949,0.0548961424332344,0.7433234421364985,-0.1917245522604243,True,7.970857142857143,7.23431654676259,0.736540596094553,7.8605405405405415,7.05377358490566,insufficient_broad_appeal_evidence,"heavy mean 7.23<7.5 (n_low 105 vs n_high 139) — audience evidence is proxy-only (share_heavy/mean(delta)/category) not cross-audience proof; 902/910 robust had overlap but gap is severity not taste, no external sales/plays",False,False,False,False
160610,Thunderbirds,2015.0,1906,7.681513758603308,0.027350695750890466,0.02733699696585028,32.90321319267712,7.627906394931562,7.654163062852417,7.627933244550241,6.781587985343711,0.8999257732595973,0.5884084467296953,D9,1k-2.5k,2093,1641,85,False,2.4706,Adventure; Movies / TV / Radio theme; Science Fiction,0.2518363064008395,0.4496327387198321,0.0498426023084994,0.6594963273871983,-0.2100708729789724,True,8.015142857142857,6.960946041666667,1.0541968154761898,8.154736842105264,6.8161275132275145,insufficient_broad_appeal_evidence,"heavy mean 6.96<7.5 (n_low 280 vs n_high 480) — audience evidence is proxy-only (share_heavy/mean(delta)/category) not cross-audience proof; 902/910 robust had overlap but gap is severity not taste, no external sales/plays",False,False,False,False
84889,Cave Evil,2011.0,538,8.140300532130821,0.05148001784462355,0.05138884522352157,17.340058023792995,8.039399697155359,8.088820514286198,8.039578395492718,7.24763403563915,0.8926664964916711,0.8979112752312766,D7,500-999,654,3487,59,False,3.5085,Adventure; Ancient; Exploration; Fantasy; Fighting; Horror; Mature / Adult,0.224907063197026,0.4237918215613383,0.0724907063197026,0.6356877323420075,-0.3864802161456815,True,8.667838383838383,6.806198347107437,1.8616400367309458,9.010666666666667,6.564634146341463,insufficient_broad_appeal_evidence,"heavy mean 6.81<7.5 (n_low 99 vs n_high 121) — audience evidence is proxy-only (share_heavy/mean(delta)/category) not cross-audience proof; 902/910 robust had overlap but gap is severity not taste, no external sales/plays",False,False,False,False
17857,18Scan,2005.0,269,8.08116202300187,0.07280373942707556,0.07254654695150875,12.210561797268703,7.938466693724801,8.008358283574793,7.938970790976913,7.192187463655316,0.8889745593465541,0.8065825407687086,D5,200-499,279,6550,26,False,3.6538,Economic; Trains; Transportation,0.4386617100371747,0.7100371747211895,0.0074349442379182,0.4312267657992565,-0.7750281940055885,True,6.295454545454546,7.2470338983050855,-0.9515793528505396,,,insufficient_broad_appeal_evidence,"heavy mean 7.25<7.5 (n_low 11 vs n_high 118) — audience evidence is proxy-only (share_heavy/mean(delta)/category) not cross-audience proof; 902/910 robust had overlap but gap is severity not taste, no external sales/plays",False,False,False,False
406174,Kinfire Delve: Callous' Lab,2024.0,284,8.429192769951792,0.07085502515944446,0.07061787108214851,12.545003945451745,8.290316920639281,8.358337744792347,8.29078174263078,7.540316199771478,0.8888765701803134,0.7650463400803869,D5,200-499,1570,1474,33,False,2.2121,Card Game; Fantasy; Horror,0.1936619718309859,0.4119718309859155,0.0704225352112676,0.8098591549295775,-0.1623899530503824,True,8.65,7.793272727272727,0.856727272727273,8.845,7.9174999999999995,insufficient_broad_appeal_evidence,"heavy mean 7.79>=7.5 but share_own 0.810 outside moderate range — audience evidence is proxy-only (share_heavy/mean(delta)/category) not cross-audience proof; 902/910 robust had overlap but gap is severity not taste, no external sales/plays",False,False,False,False
270131,KLASK 4,2019.0,563,7.836890092819141,0.05032405509888136,0.050238877289601865,17.662473286080647,7.738254944825334,7.7865660377202595,7.738421893331521,6.9480428139878985,0.8888472788312427,0.7768858370108145,D7,500-999,671,3769,7,False,1.1429,Action / Dexterity; Real-time,0.3676731793960923,0.61101243339254,0.0159857904085257,0.4937833037300178,-0.3979938761228677,True,7.524444333333333,7.1501702415458945,0.37427409178743876,7.271111111111111,6.976,insufficient_broad_appeal_evidence,"heavy mean 7.15<7.5 (n_low 30 vs n_high 207) — audience evidence is proxy-only (share_heavy/mean(delta)/category) not cross-audience proof; 902/910 robust had overlap but gap is severity not taste, no external sales/plays",False,False,False,False
195372,Krazy Wordz: Nicht 100% jugendfrei,2016.0,1080,7.59302277254771,0.03633439631036966,0.036302298060894043,24.313792269085777,7.521807355779385,7.55668837623734,7.521870268348358,6.709595808434745,0.8834269641129646,0.7086813912924521,D8,1k-2.5k,1119,2898,31,False,1.0968,Party Game; Word Game,0.225,0.4527777777777778,0.0324074074074074,0.6768518518518518,-0.3195714947699247,True,7.739428571428571,7.194609053497942,0.5448195179306294,7.614285714285714,7.2073033707865175,insufficient_broad_appeal_evidence,"heavy mean 7.19<7.5 (n_low 105 vs n_high 243) — audience evidence is proxy-only (share_heavy/mean(delta)/category) not cross-audience proof; 902/910 robust had overlap but gap is severity not taste, no external sales/plays",False,False,False,False
286428,"Wits & Wagers: It's Vegas, Baby!",2019.0,1026,7.679175942288175,0.03727830405052197,0.037243641089290784,23.669143418727653,7.606110466349152,7.641897638237653,7.606178405753165,6.796830417309435,0.8823455249787404,0.7902206602871118,D8,1k-2.5k,1252,2460,17,False,1.1176,Party Game; Trivia,0.1617933723196881,0.3645224171539961,0.0428849902534113,0.8070175438596491,-0.2691879598320373,True,7.586085833333333,7.213969879518072,0.3721159538152605,7.52416659090909,6.794897959183674,insufficient_broad_appeal_evidence,"heavy mean 7.21<7.5 (n_low 132 vs n_high 166) — audience evidence is proxy-only (share_heavy/mean(delta)/category) not cross-audience proof; 902/910 robust had overlap but gap is severity not taste, no external sales/plays",False,False,False,False
5684,18EU,2001.0,420,8.261351310914984,0.05826465529228563,0.05813257436290449,15.129781501144043,8.147152586542104,8.203086655622698,8.14741146516369,7.379819807103226,0.8815315038117575,0.7786844303107134,D6,200-499,436,4741,37,False,4.2432,Economic; Negotiation; Print & Play; Trains; Transportation,0.4023809523809524,0.661904761904762,0.0142857142857142,0.5,-0.7774310252007044,True,8.107142857142858,7.2144172781065095,0.8927255790363482,8.0,7.079375000000001,insufficient_broad_appeal_evidence,"heavy mean 7.21<7.5 (n_low 21 vs n_high 169) — audience evidence is proxy-only (share_heavy/mean(delta)/category) not cross-audience proof; 902/910 robust had overlap but gap is severity not taste, no external sales/plays",False,False,False,False
21373,Federation Commander: Romulan Border,2006.0,247,7.858035662080605,0.07597686158687786,0.07568469094695074,11.580420700911386,7.709121013370324,7.782058800493727,7.709693667824581,6.978191641369645,0.8798440207109595,0.799375302681181,D5,200-499,269,6374,41,False,3.5122,Movies / TV / Radio theme; Science Fiction; Wargame,0.1417004048582996,0.3279352226720647,0.0850202429149797,0.7692307692307693,-0.1761648928498352,True,7.810204081632653,7.472059428571427,0.3381446530612262,7.5476190476190474,7.0625,insufficient_broad_appeal_evidence,"heavy mean 7.47<7.5 (n_low 49 vs n_high 35) — audience evidence is proxy-only (share_heavy/mean(delta)/category) not cross-audience proof; 902/910 robust had overlap but gap is severity not taste, no external sales/plays",False,False,False,False
297985,Battle Line: Medieval,2017.0,1829,8.008728041675457,0.027920486017478773,0.02790591358326402,31.46864512791364,7.954003889081199,7.980807555657979,7.95403245105226,7.130108175392543,0.8786198662829143,0.7200999897587401,D9,1k-2.5k,2166,1372,56,False,1.8393,Card Game; Medieval,0.1755057408419901,0.3985784581738655,0.0442864953526517,0.7413887370147622,-0.3714835310138902,True,7.895688677685951,7.3652492211838005,0.5304394565021502,7.95572012345679,7.229537037037038,insufficient_broad_appeal_evidence,"heavy mean 7.37<7.5 (n_low 242 vs n_high 321) — audience evidence is proxy-only (share_heavy/mean(delta)/category) not cross-audience proof; 902/910 robust had overlap but gap is severity not taste, no external sales/plays",False,False,False,False
354,Stick 'Em,1993.0,3781,7.55516746759162,0.019418983285374183,0.019414078520521023,45.19318606875478,7.5171062603522865,7.535748484306246,7.517115873691399,6.677561742709665,0.8776057248819544,0.7870887153013566,D10,2.5k-5k,4063,1393,262,False,1.8969,Card Game,0.4067706955831791,0.6921449352023274,0.0111081724411531,0.5786828881248347,-0.5141681102787337,True,7.486197183098591,6.897864330299091,0.5883328527994998,7.623809523809523,6.8588360655737715,insufficient_broad_appeal_evidence,"heavy mean 6.90<7.5 (n_low 142 vs n_high 1538) — audience evidence is proxy-only (share_heavy/mean(delta)/category) not cross-audience proof; 902/910 robust had overlap but gap is severity not taste, no external sales/plays",False,False,False,False
282255,Inflation!,2019.0,245,7.741464075922172,0.0762863409192595,0.0759905992963024,11.459384850655542,7.591942847720424,7.665177735002913,7.59252250130142,6.867269536480066,0.8741945394421062,0.7964580234778378,D5,200-499,342,6361,9,False,1.6667,Card Game,0.5673469387755102,0.8775510204081634,0.0081632653061224,0.5142857142857142,-0.7202395861262507,False,,,,,,insufficient_broad_appeal_evidence,"no heavy/light diff with n>=10 both sides at required thresholds — audience evidence is proxy-only (share_heavy/mean(delta)/category) not cross-audience proof; 902/910 robust had overlap but gap is severity not taste, no external sales/plays",False,False,False,False
343322,Exit: The Game – Advent Calendar: The Hunt for the Golden Book,2021.0,831,8.014769727930098,0.04142183312597832,0.04137429488601008,21.03735598139439,7.93358293500318,7.973347894804119,7.9336761099535185,7.143363879056977,0.8714058488731204,0.8100080603711843,D8,500-999,980,2507,18,False,1.8333,Adventure; Deduction; Puzzle; Real-time,0.2731648616125151,0.5246690734055355,0.0348977135980746,0.3237063778580024,-0.3179899565702961,True,7.554272253521127,7.590807621145375,-0.03653536762424814,7.568965517241379,7.3641791044776115,insufficient_broad_appeal_evidence,"heavy mean 7.59>=7.5 but share_own 0.324 outside moderate range — audience evidence is proxy-only (share_heavy/mean(delta)/category) not cross-audience proof; 902/910 robust had overlap but gap is severity not taste, no external sales/plays",False,False,False,False
155,Was sticht?,1993.0,683,7.536592175701732,0.04568982290957402,0.04562604773268186,19.0450445785033,7.447040122798967,7.490902352792158,7.447165122145676,6.6664274616049735,0.8701647140967586,0.8264727396345792,D8,500-999,710,4464,61,False,2.377,Card Game; Deduction,0.5475841874084919,0.802342606149341,0.0014641288433382,0.4875549048316251,-0.5608902869755281,True,8.225,6.818487673796792,1.4065123262032078,,,insufficient_broad_appeal_evidence,"heavy mean 6.82<7.5 (n_low 12 vs n_high 374) — audience evidence is proxy-only (share_heavy/mean(delta)/category) not cross-audience proof; 902/910 robust had overlap but gap is severity not taste, no external sales/plays",False,False,False,False
298562,Minigolf Designer,2020.0,493,8.14610700564863,0.05377821300520041,0.05367430183315148,16.07441856024422,8.040701708158437,8.09232879264343,8.040905374055654,7.28165350038107,0.8644535052675604,0.7332721184565969,D7,200-499,586,3626,17,False,2.2941,Puzzle,0.3732251521298174,0.5882352941176471,0.0365111561866125,0.6206896551724138,-0.3827378372916353,True,8.56578947368421,7.456472826086958,1.109316647597253,8.583333333333334,7.140539473684211,insufficient_broad_appeal_evidence,"heavy mean 7.46<7.5 (n_low 38 vs n_high 184) — audience evidence is proxy-only (share_heavy/mean(delta)/category) not cross-audience proof; 902/910 robust had overlap but gap is severity not taste, no external sales/plays",False,False,False,False
334137,Top Ten 18+,2021.0,398,7.67085378321611,0.05985332624389056,0.059710170794502686,14.385535392055067,7.553541263778085,7.611000456972219,7.553821848458885,6.809831640202404,0.8610221430137059,0.6557651389017742,D6,200-499,579,4582,12,False,1.0833,Mature / Adult; Party Game,0.2236180904522613,0.4246231155778894,0.0527638190954773,0.628140703517588,-0.3578638334673643,True,7.79,6.910224719101124,0.8797752808988761,8.523809523809524,6.656666666666666,insufficient_broad_appeal_evidence,"heavy mean 6.91<7.5 (n_low 65 vs n_high 89) — audience evidence is proxy-only (share_heavy/mean(delta)/category) not cross-audience proof; 902/910 robust had overlap but gap is severity not taste, no external sales/plays",False,False,False,False
260799,Trans Europa & Trans Amerika,2018.0,204,7.522274543899369,0.0836016295828758,0.08321284433703988,10.286171910205827,7.358415349916932,7.438672914316493,7.35917736899877,6.662333810036559,0.8599407338628096,0.7898490755761935,D4,200-499,216,8215,2,False,1.5,Trains,0.3872549019607843,0.5784313725490196,0.0196078431372549,0.5686274509803921,-0.403867681154271,True,7.48,6.987215189873418,0.49278481012658215,7.375,6.849772727272727,insufficient_broad_appeal_evidence,"heavy mean 6.99<7.5 (n_low 15 vs n_high 79) — audience evidence is proxy-only (share_heavy/mean(delta)/category) not cross-audience proof; 902/910 robust had overlap but gap is severity not taste, no external sales/plays",False,False,False,False
317434,Exit: The Game – Advent Calendar: The Mystery of the Ice Cave,2020.0,1024,8.189992495096034,0.037314690885978635,0.037279926418207786,22.98225069703453,8.116855700959515,8.152677804210056,8.116923839316346,7.332416914472123,0.8575755806239105,0.8274640129151667,D8,1k-2.5k,1134,2056,25,False,2.0,Deduction; Puzzle; Real-time,0.267578125,0.5009765625,0.0322265625,0.296875,-0.3524667822054148,True,7.853246753246754,7.582127737226278,0.27111901602047617,7.863636363636363,7.327506329113925,insufficient_broad_appeal_evidence,"heavy mean 7.58>=7.5 but share_own 0.297 outside moderate range — audience evidence is proxy-only (share_heavy/mean(delta)/category) not cross-audience proof; 902/910 robust had overlap but gap is severity not taste, no external sales/plays",False,False,False,False
349955,The Quacks of Quedlinburg: MegaBox,2021.0,1171,8.404000607803736,0.03489405000259168,0.034865616762604065,24.418963384440115,8.335608269798657,8.369106557801144,8.335663998949032,7.551924078455627,0.8520765293481087,0.7868317499676447,D8,1k-2.5k,1843,,41,False,2.0488,Medieval,0.0623398804440648,0.1810418445772843,0.1067463706233988,0.9113384484228474,-0.142222452381018,True,8.489882697947214,8.05375,0.43613269794721354,8.4672,7.457142857142857,insufficient_broad_appeal_evidence,"heavy mean 8.05>=7.5 but share_own 0.911 outside moderate range — audience evidence is proxy-only (share_heavy/mean(delta)/category) not cross-audience proof; 902/910 robust had overlap but gap is severity not taste, no external sales/plays",False,False,False,False
4206,Roads to Gettysburg,1993.0,338,8.139152309168635,0.06494885160210549,0.06476604950042952,13.101788948088428,8.011852560028508,8.07420345756653,8.012210852147794,7.288206163057134,0.8509461461115011,0.7744527467804829,D6,200-499,357,4991,54,False,3.4074,American Civil War; Wargame,0.1775147928994083,0.3905325443786982,0.0532544378698224,0.7100591715976331,-0.3687616878668611,True,8.18,7.3665338333333334,0.8134661666666663,8.222222222222221,7.162608695652175,insufficient_broad_appeal_evidence,"heavy mean 7.37<7.5 (n_low 50 vs n_high 60) — audience evidence is proxy-only (share_heavy/mean(delta)/category) not cross-audience proof; 902/910 robust had overlap but gap is severity not taste, no external sales/plays",False,False,False,False
204728,BattleCON: Trials of Indines,2016.0,354,8.53414040697533,0.06346411022908809,0.06329352785883248,13.35330292851213,8.409750750926317,8.470676296746243,8.410085092372018,7.686684917997832,0.8474554889774986,0.774908965709141,D6,200-499,399,4306,11,False,3.6364,Bluffing; Card Game; Deduction; Fighting; Video Game Theme,0.2005649717514124,0.423728813559322,0.0480225988700565,0.7372881355932204,-0.4329567911561195,True,8.76086956521739,7.46718309859155,1.2936864666258403,9.088235294117647,7.419583333333333,insufficient_broad_appeal_evidence,"heavy mean 7.47<7.5 (n_low 46 vs n_high 71) — audience evidence is proxy-only (share_heavy/mean(delta)/category) not cross-audience proof; 902/910 robust had overlap but gap is severity not taste, no external sales/plays",False,False,False,False
82420,Summoner Wars: Guild Dwarves vs Cave Goblins,2009.0,2362,7.795064744309508,0.024569135753882063,0.024559204375222674,34.44239612136099,7.7469092382319,7.770495608555626,7.7469287037340715,6.948844838314809,0.8462199059946993,0.7859751831334396,D9,1k-2.5k,2427,1327,71,False,2.2254,Card Game; Fantasy; Fighting,0.2235393734123624,0.45385266723116,0.0397967823878069,0.6164267569856055,-0.2582848967227215,True,8.063503649635035,7.043598484848485,1.0199051647865494,7.875,7.124819277108435,insufficient_broad_appeal_evidence,"heavy mean 7.04<7.5 (n_low 274 vs n_high 528) — audience evidence is proxy-only (share_heavy/mean(delta)/category) not cross-audience proof; 902/910 robust had overlap but gap is severity not taste, no external sales/plays",False,False,False,False
402215,Silver & Gold Pyramids,2023.0,392,7.838879726067497,0.060309647916240806,0.06016320122509873,14.010903230235433,7.720672816151665,7.778570078151256,7.720959851666303,6.993887085263477,0.84499264080402,0.6915569636546852,D6,200-499,589,3955,17,False,1.3529,Adventure; Exploration,0.4362244897959184,0.6964285714285714,0.0153061224489795,0.6173469387755102,-0.3492113587205628,True,7.514285714285714,7.331578947368421,0.18270676691729282,7.166666666666667,7.272500000000001,insufficient_broad_appeal_evidence,"heavy mean 7.33<7.5 (n_low 14 vs n_high 171) — audience evidence is proxy-only (share_heavy/mean(delta)/category) not cross-audience proof; 902/910 robust had overlap but gap is severity not taste, no external sales/plays",False,False,False,False
214988,Railways of Nippon,2018.0,518,8.09206122314492,0.05246442853866104,0.0523679348967394,16.064540972828205,7.989230943209145,8.03959679460626,7.989420070747311,7.249244261269583,0.8428169618753376,0.834444428593379,D7,500-999,564,3923,16,False,2.25,Trains,0.3996138996138996,0.6505791505791505,0.0193050193050193,0.5888030888030888,-0.4950293698630651,True,8.285714285714286,7.352130434782609,0.9335838509316776,8.45,7.2449367088607595,insufficient_broad_appeal_evidence,"heavy mean 7.35<7.5 (n_low 21 vs n_high 207) — audience evidence is proxy-only (share_heavy/mean(delta)/category) not cross-audience proof; 902/910 robust had overlap but gap is severity not taste, no external sales/plays",False,False,False,False
16,MarraCash,1996.0,1169,7.530869952488744,0.03492388673314145,0.03489538055343766,24.10265605134373,7.462419134491786,7.495946065755603,7.462475006604006,6.689111522583749,0.8417584299049947,0.7202459621718491,D8,1k-2.5k,1295,3022,99,False,2.1616,Economic,0.4833190761334474,0.7613344739093242,0.0008554319931565,0.4824636441402908,-0.5778497814023565,True,7.565217391304348,6.7284346548672564,0.8367827364370912,,,insufficient_broad_appeal_evidence,"heavy mean 6.73<7.5 (n_low 23 vs n_high 565) — audience evidence is proxy-only (share_heavy/mean(delta)/category) not cross-audience proof; 902/910 robust had overlap but gap is severity not taste, no external sales/plays",False,False,False,False
291794,Dice Throne: Season One ReRolled,2020.0,2796,8.419559837110203,0.022581939683688088,0.022574227728434863,37.20133894036272,8.375299235330175,8.396977897426515,8.375314350762471,7.579481445006495,0.8400783921037078,0.7993569087595311,D9,2.5k-5k,3248,,60,False,2.0667,Card Game; Dice; Fantasy; Fighting,0.1169527896995708,0.2818311874105865,0.0718884120171673,0.7925608011444921,-0.1709261139342253,True,8.690107142857142,7.769269113149848,0.9208380297072942,8.782587064676617,7.529351648351649,insufficient_broad_appeal_evidence,"heavy mean 7.77>=7.5 but share_own 0.793 outside moderate range — audience evidence is proxy-only (share_heavy/mean(delta)/category) not cross-audience proof; 902/910 robust had overlap but gap is severity not taste, no external sales/plays",False,False,False,False
174802,VENOM Assault,2016.0,298,7.643757817720768,0.06917062416354874,0.0689499324407979,12.126055365788968,7.508183394360213,7.574587193557219,7.508615950136805,6.804990999427396,0.8387668182933723,0.8161176797286878,D6,200-499,319,5820,7,False,2.1429,Card Game; Fighting; Science Fiction,0.2248322147651006,0.4395973154362416,0.0604026845637583,0.6375838926174496,-0.1246303009422546,True,8.157142857142857,6.8910447761194025,1.2660980810234541,8.277777777777779,6.5,insufficient_broad_appeal_evidence,"heavy mean 6.89<7.5 (n_low 49 vs n_high 67) — audience evidence is proxy-only (share_heavy/mean(delta)/category) not cross-audience proof; 902/910 robust had overlap but gap is severity not taste, no external sales/plays",False,False,False,False
68858,Tanto Cuore: Expanding the House,2010.0,538,7.627733513001613,0.05148001784462355,0.05138884522352157,16.26427455669425,7.5268326780261505,7.5762534951569895,7.527011376363511,6.790448368593136,0.8372851444084768,0.7515028443486331,D7,500-999,586,4320,25,False,2.12,Card Game,0.1970260223048327,0.3382899628252788,0.0836431226765799,0.7713754646840149,-0.1943887918120193,True,7.725833333333333,6.691792452830189,1.0340408805031442,7.677777777777778,6.3025,insufficient_broad_appeal_evidence,"heavy mean 6.69<7.5 (n_low 120 vs n_high 106) — audience evidence is proxy-only (share_heavy/mean(delta)/category) not cross-audience proof; 902/910 robust had overlap but gap is severity not taste, no external sales/plays",False,False,False,False
1821,Grant Takes Command,2001.0,288,8.341938793903594,0.07036125590228096,0.07012900916318014,11.896847422939093,8.204030732335124,8.271577538001313,8.204485935943762,7.504861667947785,0.8370771259558092,0.7788581267531338,D5,200-499,298,5382,52,False,3.6731,American Civil War; Civil War; Post-Napoleonic; Wargame,0.1979166666666666,0.40625,0.0555555555555555,0.7256944444444444,-0.4108034814036002,True,8.536585365853659,7.39678894736842,1.139796418485239,8.46875,7.337272727272727,insufficient_broad_appeal_evidence,"heavy mean 7.40<7.5 (n_low 41 vs n_high 57) — audience evidence is proxy-only (share_heavy/mean(delta)/category) not cross-audience proof; 902/910 robust had overlap but gap is severity not taste, no external sales/plays",False,False,False,False
131904,Heart of Crown,2011.0,1066,7.950666023765977,0.03657221163457843,0.03653947955347311,22.838627468616608,7.878984488962203,7.914093812131398,7.87904864384117,7.115406906540434,0.8352591172255428,0.8108417802733401,D8,1k-2.5k,1231,2563,48,False,2.5,Card Game; Fantasy,0.2645403377110694,0.4803001876172608,0.0647279549718574,0.5337711069418386,-0.4559547479686077,True,8.2464148,7.000531914893616,1.2458828851063846,8.39120768115942,6.805701754385965,insufficient_broad_appeal_evidence,"heavy mean 7.00<7.5 (n_low 150 vs n_high 282) — audience evidence is proxy-only (share_heavy/mean(delta)/category) not cross-audience proof; 902/910 robust had overlap but gap is severity not taste, no external sales/plays",False,False,False,False
256874,Legendary Encounters: The X-Files Deck Building Game,2018.0,815,7.854575668929257,0.041826451601447746,0.041777508267492845,19.956642411786877,7.77259582379042,7.812749217327809,7.772691752724971,7.019860130965254,0.8347155379640032,0.6070056398179888,D8,500-999,946,2731,34,False,2.7647,Card Game; Movies / TV / Radio theme; Science Fiction,0.211042944785276,0.4441717791411043,0.0478527607361963,0.7214723926380369,-0.2077283683157666,True,8.195906403508772,7.146627906976744,1.049278496532028,8.435897435897436,6.7861111111111105,insufficient_broad_appeal_evidence,"heavy mean 7.15<7.5 (n_low 114 vs n_high 172) — audience evidence is proxy-only (share_heavy/mean(delta)/category) not cross-audience proof; 902/910 robust had overlap but gap is severity not taste, no external sales/plays",False,False,False,False
5369,Hordes of the Things,1991.0,254,7.522199501366966,0.07492262212269835,0.07464240131275177,11.12861771414676,7.375351162006478,7.447276879244268,7.375900394793973,6.688414281621982,0.8337852197449847,0.8338039707836193,D5,200-499,280,6943,38,False,2.4737,Book; Fantasy; Miniatures; Wargame,0.1771653543307086,0.3543307086614173,0.1023622047244094,0.8031496062992126,-0.2242474147527977,True,7.719298245614035,6.8331073333333325,0.8861909122807026,7.884615384615385,6.5,insufficient_broad_appeal_evidence,"heavy mean 6.83<7.5 (n_low 57 vs n_high 45) — audience evidence is proxy-only (share_heavy/mean(delta)/category) not cross-audience proof; 902/910 robust had overlap but gap is severity not taste, no external sales/plays",False,False,False,False
341512,In the Ashes,2022.0,307,8.294500081537285,0.06814918067187574,0.0679380925723002,12.232181841867225,8.160927687420408,8.226350900865409,8.161341420095576,7.460886911184637,0.8336131703526473,0.735787559064967,D6,200-499,470,4113,19,False,2.2105,Adventure; Ancient; Book; Fantasy; Medieval,0.1009771986970684,0.250814332247557,0.1140065146579804,0.8078175895765473,-0.1483437297457507,True,8.588750000000001,7.21225806451613,1.3764919354838714,8.842857142857143,6.857142857142857,insufficient_broad_appeal_evidence,"heavy mean 7.21<7.5 (n_low 80 vs n_high 31) — audience evidence is proxy-only (share_heavy/mean(delta)/category) not cross-audience proof; 902/910 robust had overlap but gap is severity not taste, no external sales/plays",False,False,False,False
307997,Insider Black,2020.0,365,7.623274931506218,0.06250048599609676,0.06233753670817758,13.319531620648705,7.500773978953869,7.560774445510122,7.50109335955819,6.790797731975296,0.8324771995309224,0.7211369712254339,D6,200-499,476,5091,7,False,1.1429,Bluffing; Deduction; Party Game,0.2136986301369863,0.4630136986301369,0.0273972602739726,0.7095890410958904,-0.4259415890404687,True,7.300930232558139,6.994059871794871,0.3068703607632681,7.65,7.081818181818182,insufficient_broad_appeal_evidence,"heavy mean 6.99<7.5 (n_low 43 vs n_high 78) — audience evidence is proxy-only (share_heavy/mean(delta)/category) not cross-audience proof; 902/910 robust had overlap but gap is severity not taste, no external sales/plays",False,False,False,False
13883,Jenseits von Theben,2004.0,550,7.555506480281935,0.0509153204958644,0.05082711026111796,16.284290954168537,7.455712452110041,7.504591159786071,7.455885344170144,6.726386587302539,0.8291198929793966,0.7314998001450741,D7,500-999,554,4912,66,False,2.4242,Exploration; Travel,0.4272727272727272,0.6690909090909091,0.0254545454545454,0.3981818181818182,-0.4442137348273878,True,7.463333333333334,6.97940855319149,0.4839247801418436,7.514285714285714,7.13904761904762,insufficient_broad_appeal_evidence,"heavy mean 6.98<7.5 (n_low 30 vs n_high 235) — audience evidence is proxy-only (share_heavy/mean(delta)/category) not cross-audience proof; 902/910 robust had overlap but gap is severity not taste, no external sales/plays",False,False,False,False
393910,The Texas Chainsaw Massacre: Slaughterhouse,2023.0,204,8.044699485722711,0.0836016295828758,0.08321284433703988,9.908544502246109,7.880840291740275,7.961097856139836,7.881602310822113,7.216329018540492,0.8283704671822196,0.684123291286701,D4,200-499,342,5452,10,False,2.5,Horror; Movies / TV / Radio theme,0.1862745098039215,0.3725490196078431,0.1078431372549019,0.7647058823529411,-0.0985720347423152,True,8.496410256410257,7.331578947368421,1.164831309041836,8.525454545454545,7.300000000000001,insufficient_broad_appeal_evidence,"heavy mean 7.33<7.5 (n_low 39 vs n_high 38) — audience evidence is proxy-only (share_heavy/mean(delta)/category) not cross-audience proof; 902/910 robust had overlap but gap is severity not taste, no external sales/plays",False,False,False,False
43262,Neuroshima Hex! Duel,2009.0,839,7.799893476199617,0.04122387819073762,0.041177017485619805,20.067434812922563,7.7190946749457705,7.758669598008879,7.719186521927802,6.972635987871129,0.8272574883284873,0.7293669229452071,D8,500-999,873,,48,False,2.625,Fighting; Science Fiction,0.234803337306317,0.4219308700834326,0.0548271752085816,0.6507747318235996,-0.2616574809672075,True,7.918098591549295,7.153604060913706,0.7644945306355897,7.908043478260869,6.8878082191780825,insufficient_broad_appeal_evidence,"heavy mean 7.15<7.5 (n_low 142 vs n_high 197) — audience evidence is proxy-only (share_heavy/mean(delta)/category) not cross-audience proof; 902/910 robust had overlap but gap is severity not taste, no external sales/plays",False,False,False,False
186864,Tiefe Taschen,2016.0,607,7.637511281987393,0.04846581063075038,0.048389710410788024,17.01606844983755,7.542518293151122,7.589045471356643,7.5426674495822486,6.81281373081768,0.824697551169713,0.7617094911618487,D7,500-999,651,4253,16,False,1.5,Bluffing; Negotiation; Party Game; Political; Print & Play,0.3756177924217463,0.6556836902800659,0.0230642504118616,0.4991762767710049,-0.4872097992855878,True,7.674333333333333,6.797499999999999,0.8768333333333338,7.714285714285714,6.71816091954023,insufficient_broad_appeal_evidence,"heavy mean 6.80<7.5 (n_low 33 vs n_high 228) — audience evidence is proxy-only (share_heavy/mean(delta)/category) not cross-audience proof; 902/910 robust had overlap but gap is severity not taste, no external sales/plays",False,False,False,False
94902,Dungeons & Dragons Starter Set,2008.0,556,7.823614588537174,0.0506398523582675,0.05055306369543338,16.241469970935878,7.72436047791497,7.772974736178906,7.724530583694125,7.001148947127746,0.822465641409428,0.8002765505386176,D7,500-999,645,3661,24,False,3.0,Adventure; Fantasy; Game System,0.1079136690647482,0.2517985611510791,0.0809352517985611,0.710431654676259,-0.1730232396163053,True,7.848705746268657,6.6339999999999995,1.214705746268658,8.043703777777777,6.433333333333333,insufficient_broad_appeal_evidence,"heavy mean 6.63<7.5 (n_low 134 vs n_high 60) — audience evidence is proxy-only (share_heavy/mean(delta)/category) not cross-audience proof; 902/910 robust had overlap but gap is severity not taste, no external sales/plays",False,False,False,False
262621,The Soo Line,2018.0,217,7.762132615355348,0.08105876072127415,0.08070423587187467,10.113003633404757,7.603257444341651,7.681073854634074,7.603952313046474,6.942385073661816,0.8197475416935323,0.7011071294364299,D5,200-499,228,8470,9,False,2.1111,Economic; Trains,0.4285714285714285,0.728110599078341,0.0046082949308755,0.4700460829493088,-0.925727085401432,False,,,,,,insufficient_broad_appeal_evidence,"no heavy/light diff with n>=10 both sides at required thresholds — audience evidence is proxy-only (share_heavy/mean(delta)/category) not cross-audience proof; 902/910 robust had overlap but gap is severity not taste, no external sales/plays",False,False,False,False
20,Full Metal Planète,1988.0,741,7.719119364983004,0.04386526148936687,0.04380881634829319,18.682553805888716,7.633143452463845,7.6752541034936375,7.633254084940349,6.899604256998529,0.8195151079844747,0.7984251054391107,D8,500-999,803,3423,65,False,3.1385,Miniatures; Science Fiction,0.2604588394062078,0.4669365721997301,0.0512820512820512,0.5519568151147098,-0.2870077455498038,True,8.014705882352942,6.876552901554403,1.138152980798539,8.18421052631579,6.724186046511628,insufficient_broad_appeal_evidence,"heavy mean 6.88<7.5 (n_low 102 vs n_high 193) — audience evidence is proxy-only (share_heavy/mean(delta)/category) not cross-audience proof; 902/910 robust had overlap but gap is severity not taste, no external sales/plays",False,False,False,False
210290,Legendary: Buffy The Vampire Slayer,2017.0,1092,7.643362306423457,0.03613420527555184,0.036102634202282706,22.555802384302503,7.5725392640833755,7.607228101147905,7.572601143386983,6.828326312914289,0.8150359935091682,0.5586956396285334,D8,1k-2.5k,1222,2484,24,False,2.2083,Movies / TV / Radio theme; Science Fiction,0.1904761904761904,0.4157509157509157,0.0631868131868131,0.7225274725274725,-0.1718421599033152,True,8.233707865168538,6.884134615384616,1.3495732497839228,8.450724637681159,6.501846153846154,insufficient_broad_appeal_evidence,"heavy mean 6.88<7.5 (n_low 178 vs n_high 208) — audience evidence is proxy-only (share_heavy/mean(delta)/category) not cross-audience proof; 902/910 robust had overlap but gap is severity not taste, no external sales/plays",False,False,False,False
266448,Imperium: The Contention,2021.0,428,8.296277729389818,0.05771755721109633,0.057589153971377885,14.120328096134894,8.183151317256069,8.23856017217872,8.183402987605918,7.481286884661701,0.8149908447281167,0.6728355014865341,D7,200-499,521,4119,16,False,2.75,Card Game; Civilization; Fighting; Science Fiction; Space Exploration; Territory Building,0.2056074766355139,0.4883177570093457,0.0373831775700934,0.4953271028037383,-0.4395954863991516,True,8.468181818181819,7.296590909090909,1.1715909090909093,8.90625,6.986666666666666,insufficient_broad_appeal_evidence,"heavy mean 7.30<7.5 (n_low 44 vs n_high 88) — audience evidence is proxy-only (share_heavy/mean(delta)/category) not cross-audience proof; 902/910 robust had overlap but gap is severity not taste, no external sales/plays",False,False,False,False
380175,Halloween,2023.0,213,7.814688625160715,0.08181633569848594,0.08145182233656986,9.96071697096838,7.654328607191682,7.732872289462229,7.655043053381037,6.99973926166636,0.814949363494355,0.6396685958395079,D4,200-499,366,5513,6,False,2.0,Horror; Movies / TV / Radio theme,0.215962441314554,0.3990610328638497,0.0657276995305164,0.7370892018779343,-0.1458231791513249,True,8.047666857142858,7.480434782608696,0.5672320745341617,8.392857142857142,7.126666666666667,insufficient_broad_appeal_evidence,"heavy mean 7.48<7.5 (n_low 35 vs n_high 46) — audience evidence is proxy-only (share_heavy/mean(delta)/category) not cross-audience proof; 902/910 robust had overlap but gap is severity not taste, no external sales/plays",False,False,False,False
152,Mü & More,1995.0,1984,7.664586809963871,0.02680766530644775,0.02679476598934391,30.39117372792365,7.612043785963233,7.637779144657423,7.6120690686247565,6.849870396395586,0.8147164135682852,0.7889140608599492,D9,1k-2.5k,2124,1982,190,False,2.5632,Card Game; Game System,0.4183467741935484,0.6743951612903225,0.0110887096774193,0.5398185483870968,-0.5208616083509583,True,7.75054945054945,6.8897720481927704,0.8607774023566792,7.568181818181818,6.796913183279742,insufficient_broad_appeal_evidence,"heavy mean 6.89<7.5 (n_low 91 vs n_high 830) — audience evidence is proxy-only (share_heavy/mean(delta)/category) not cross-audience proof; 902/910 robust had overlap but gap is severity not taste, no external sales/plays",False,False,False,False
156175,Championship Formula Racing,2017.0,339,7.932843011966804,0.06485298608623394,0.06467098998220124,12.560718527382237,7.805731159237785,7.8679900258805695,7.806087871601689,7.118242908077383,0.8146001038894211,0.772469815785298,D6,200-499,389,5246,25,False,2.8,Racing; Sports,0.2713864306784661,0.4896755162241888,0.0707964601769911,0.640117994100295,-0.3490672007573678,True,7.990181818181819,7.024456521739131,0.9657252964426881,8.435833333333333,6.971212121212122,insufficient_broad_appeal_evidence,"heavy mean 7.02<7.5 (n_low 55 vs n_high 92) — audience evidence is proxy-only (share_heavy/mean(delta)/category) not cross-audience proof; 902/910 robust had overlap but gap is severity not taste, no external sales/plays",False,False,False,False
175360,W1815,2015.0,711,7.766982882208032,0.044781127725449746,0.04472107757210245,18.137896182004067,7.67921187186615,7.722201754482581,7.67932957016671,6.95474743661076,0.8122354455972713,0.81341770916125,D8,500-999,739,3687,58,False,1.4655,Napoleonic; Wargame,0.2742616033755274,0.4950773558368495,0.0492264416315049,0.6666666666666666,-0.4482953716595066,True,7.966666666666667,6.897761487179487,1.0689051794871798,8.125714285714285,6.94552328125,insufficient_broad_appeal_evidence,"heavy mean 6.90<7.5 (n_low 84 vs n_high 195) — audience evidence is proxy-only (share_heavy/mean(delta)/category) not cross-audience proof; 902/910 robust had overlap but gap is severity not taste, no external sales/plays",False,False,False,False
200456,Ascension X: War of Shadows,2016.0,627,7.737218610831736,0.047686566768561214,0.04761407307132086,17.014195720610036,7.643752939965355,7.689532044063174,7.643895027611947,6.925870030587497,0.8113485802442391,0.8010479653929892,D7,500-999,676,3794,9,False,2.0,Card Game; Fantasy,0.2296650717703349,0.4194577352472089,0.062200956937799,0.6172248803827751,-0.2567750223149997,True,7.910526315789474,6.978194444444444,0.9323318713450295,8.051282051282051,6.7875000000000005,insufficient_broad_appeal_evidence,"heavy mean 6.98<7.5 (n_low 95 vs n_high 144) — audience evidence is proxy-only (share_heavy/mean(delta)/category) not cross-audience proof; 902/910 robust had overlap but gap is severity not taste, no external sales/plays",False,False,False,False
251433,Yokai Septet,2018.0,1037,7.978982684937673,0.03708006172447612,0.03704594832566968,21.793675359781158,7.9063057639576995,7.941902623213197,7.90637262621936,7.170871857393793,0.8081108275438798,0.8059366227098259,D8,1k-2.5k,1634,1948,37,False,1.8919,Card Game; Fantasy; Mythology,0.3915139826422372,0.6538090646094503,0.0163934426229508,0.5429122468659595,-0.6287478440505013,True,7.957692307692307,6.951847290640393,1.0058450170519135,8.058823529411764,6.763513513513513,insufficient_broad_appeal_evidence,"heavy mean 6.95<7.5 (n_low 52 vs n_high 406) — audience evidence is proxy-only (share_heavy/mean(delta)/category) not cross-audience proof; 902/910 robust had overlap but gap is severity not taste, no external sales/plays",False,False,False,False
38863,The Rich and the Good,2008.0,2485,7.668111206322957,0.023953370392960232,0.023944166897053826,33.699099936516895,7.621162600352754,7.644157835929996,7.621180639204731,6.860904183634185,0.8072070226887718,0.540532872118801,D9,1k-2.5k,2747,1648,184,False,2.1576,Economic,0.4390342052313883,0.7058350100603622,0.0096579476861167,0.4028169014084507,-0.5251104055181341,True,7.696444444444445,6.9602112832264,0.7362331612180455,7.820833333333333,6.800435323383086,insufficient_broad_appeal_evidence,"heavy mean 6.96<7.5 (n_low 90 vs n_high 1091) — audience evidence is proxy-only (share_heavy/mean(delta)/category) not cross-audience proof; 902/910 robust had overlap but gap is severity not taste, no external sales/plays",False,False,False,False
33665,Battle Above the Clouds,2010.0,305,8.484029546149419,0.06837225550959439,0.0681590942211892,11.722574177621771,8.350019925350614,8.415657290639825,8.350437721475888,7.6825307092468895,0.8014988369025291,0.7767191449672293,D6,200-499,316,4951,42,False,3.6905,American Civil War; Wargame,0.1245901639344262,0.3180327868852459,0.0786885245901639,0.8327868852459016,-0.3412426609035175,True,8.322033898305085,8.171052631578947,0.15098126672613787,8.5625,7.833333333333333,insufficient_broad_appeal_evidence,"heavy mean 8.17>=7.5 but share_own 0.833 outside moderate range — audience evidence is proxy-only (share_heavy/mean(delta)/category) not cross-audience proof; 902/910 robust had overlap but gap is severity not taste, no external sales/plays",False,False,False,False
10183,Napoleon at Leipzig,1979.0,271,7.697944732417149,0.0725345934432043,0.07228023292163857,11.045679421693048,7.555776929268468,7.625410138973945,7.556275475890737,6.896750866260676,0.8011938661564733,0.7897263427475503,D5,200-499,279,6516,45,False,2.8889,Napoleonic; Wargame,0.1476014760147601,0.3616236162361623,0.051660516605166,0.7675276752767528,-0.2744190128599589,True,7.904761904761905,7.12688675,0.7778751547619054,7.535714285714286,6.516666666666667,insufficient_broad_appeal_evidence,"heavy mean 7.13<7.5 (n_low 42 vs n_high 40) — audience evidence is proxy-only (share_heavy/mean(delta)/category) not cross-audience proof; 902/910 robust had overlap but gap is severity not taste, no external sales/plays",False,False,False,False
164698,Fresh Fish,2014.0,985,7.82673999608583,0.03804623721408439,0.03800938978836197,21.036998393172563,7.752169371146224,7.788693758871745,7.75224159210064,7.026361364946874,0.8003786311389556,0.7067055826278557,D8,500-999,1163,2863,45,False,2.4,City Building,0.4730964467005076,0.7482233502538072,0.0050761421319796,0.4751269035532995,-0.6954049707051169,True,7.257894736842106,6.900939914163089,0.35695482267901646,6.38,6.792777777777778,insufficient_broad_appeal_evidence,"heavy mean 6.90<7.5 (n_low 19 vs n_high 466) — audience evidence is proxy-only (share_heavy/mean(delta)/category) not cross-audience proof; 902/910 robust had overlap but gap is severity not taste, no external sales/plays",False,False,False,False
3893,Full Thrust,1992.0,441,7.548612277044488,0.056860481350062685,0.056737701685268406,14.039661621347163,7.437165733598365,7.491751795694426,7.437406381741362,6.750310359262687,0.7983019177818012,0.7190478255370083,D7,200-499,475,4913,65,False,2.5692,Miniatures; Science Fiction; Wargame,0.1496598639455782,0.3356009070294784,0.1020408163265306,0.7142857142857143,-0.2360164493800878,True,7.613461538461538,6.563708484848484,1.0497530536130535,7.528888888888889,6.303571428571429,insufficient_broad_appeal_evidence,"heavy mean 6.56<7.5 (n_low 104 vs n_high 66) — audience evidence is proxy-only (share_heavy/mean(delta)/category) not cross-audience proof; 902/910 robust had overlap but gap is severity not taste, no external sales/plays",False,False,False,False
98229,Pictomania,2011.0,3894,7.682667103775745,0.01913514920760375,0.019130456331801618,41.66420021496452,7.6451622113288416,7.663531954568141,7.645171409365414,6.8854164160469224,0.7972506877288223,0.5846711596872565,D10,2.5k-5k,4063,1113,120,False,1.525,Party Game; Real-time,0.2865947611710323,0.5380071905495634,0.0200308166409861,0.4930662557781202,-0.4288046898055274,True,7.724271844660195,6.955064247311827,0.7692075973483679,7.882051282051282,6.767630853994489,insufficient_broad_appeal_evidence,"heavy mean 6.96<7.5 (n_low 309 vs n_high 1116) — audience evidence is proxy-only (share_heavy/mean(delta)/category) not cross-audience proof; 902/910 robust had overlap but gap is severity not taste, no external sales/plays",False,False,False,False
400203,Snails,2024.0,235,8.250466998787665,0.07789254528715292,0.0775778049008764,10.198151427113745,8.097797610024845,8.172574453500513,8.098414501181948,7.456107026905965,0.7943599718817005,0.6847536066973161,D5,200-499,778,3522,26,False,2.2308,Animals; Dice; Exploration; Humor; Video Game Theme,0.1787234042553191,0.3319148936170213,0.0893617021276595,0.4765957446808511,-0.4334882753834088,True,8.573469387755102,6.9523809523809526,1.6210884353741495,8.404761904761905,6.311111111111111,insufficient_broad_appeal_evidence,"heavy mean 6.95<7.5 (n_low 49 vs n_high 42) — audience evidence is proxy-only (share_heavy/mean(delta)/category) not cross-audience proof; 902/910 robust had overlap but gap is severity not taste, no external sales/plays",False,False,False,False
124622,In Magnificent Style: Pickett's Charge at Gettysburg,2012.0,414,7.688712981743865,0.05868534418713602,0.05855038820051383,13.530104103547933,7.573689707137078,7.630027637556728,7.573954220870857,6.894694165539373,0.7940188162044919,0.7355709505397696,D6,200-499,453,4613,39,False,1.8718,American Civil War; Civil War; Post-Napoleonic; Wargame,0.1980676328502415,0.4057971014492754,0.0555555555555555,0.7415458937198067,-0.0533265083139097,True,8.023809523809524,7.175609756097561,0.8481997677119626,8.26086956521739,7.061290322580645,insufficient_broad_appeal_evidence,"heavy mean 7.18<7.5 (n_low 63 vs n_high 82) — audience evidence is proxy-only (share_heavy/mean(delta)/category) not cross-audience proof; 902/910 robust had overlap but gap is severity not taste, no external sales/plays",False,False,False,False
152765,Thunderstone Advance: Worlds Collide,2014.0,803,7.95947040700402,0.042137819062454215,0.04208777584112923,18.835186524168925,7.87688028164161,7.917332587941566,7.876978366355407,7.165796725241014,0.7936736817630061,0.7900267326781885,D8,500-999,823,2969,30,False,2.8,Card Game; Fantasy,0.1768368617683686,0.3848069738480697,0.0448318804483188,0.6587795765877957,-0.275015861549466,True,8.304867256637168,6.953077464788732,1.3517897918484358,8.5,6.565555555555555,insufficient_broad_appeal_evidence,"heavy mean 6.95<7.5 (n_low 113 vs n_high 142) — audience evidence is proxy-only (share_heavy/mean(delta)/category) not cross-audience proof; 902/910 robust had overlap but gap is severity not taste, no external sales/plays",False,False,False,False
404538,Kinfire Delve: Scorn's Stockade,2024.0,408,8.292515864376288,0.05911527919629736,0.05897734231312934,13.404028497668705,8.176649917151545,8.233400585179991,8.176920273442555,7.500132977381476,0.7923828869948117,0.6137774930549122,D6,200-499,1677,1409,24,False,2.125,Card Game; Fantasy; Horror,0.2279411764705882,0.4142156862745098,0.0686274509803921,0.8063725490196079,-0.229484001631191,True,8.421052631578947,7.70241935483871,0.7186332767402366,8.439285714285713,7.64186046511628,insufficient_broad_appeal_evidence,"heavy mean 7.70>=7.5 but share_own 0.806 outside moderate range — audience evidence is proxy-only (share_heavy/mean(delta)/category) not cross-audience proof; 902/910 robust had overlap but gap is severity not taste, no external sales/plays",False,False,False,False
178550,Spheres of Influence: Struggle for Global Supremacy,2016.0,392,7.96856880627295,0.060309647916240806,0.06016320122509873,13.12710567564628,7.850361896357118,7.908259158356709,7.850648931871756,7.1768776848154365,0.7916911214575135,0.7333897239338798,D6,200-499,480,4537,32,False,2.375,Modern Warfare; Negotiation; Territory Building; Wargame,0.1887755102040816,0.3903061224489796,0.086734693877551,0.5612244897959183,-0.2678660001505,True,8.428481012658228,7.039864864864866,1.3886161477933623,8.495588235294118,7.043478260869565,insufficient_broad_appeal_evidence,"heavy mean 7.04<7.5 (n_low 79 vs n_high 74) — audience evidence is proxy-only (share_heavy/mean(delta)/category) not cross-audience proof; 902/910 robust had overlap but gap is severity not taste, no external sales/plays",False,False,False,False
41749,American Rails,2009.0,1071,8.026560918673548,0.03648674245573217,0.03645423911949263,21.69390142193293,7.955046903460313,7.990074176217815,7.955110609999342,7.235021124631439,0.7915397940421087,0.6608267003619641,D8,1k-2.5k,1108,2635,82,False,2.8537,Economic; Trains,0.4827264239028944,0.7507002801120448,0.0084033613445378,0.4556489262371615,-0.6434143267034338,True,7.706666666666666,7.169226305609283,0.5374403610573832,7.833333333333333,6.963692307692308,insufficient_broad_appeal_evidence,"heavy mean 7.17<7.5 (n_low 30 vs n_high 517) — audience evidence is proxy-only (share_heavy/mean(delta)/category) not cross-audience proof; 902/910 robust had overlap but gap is severity not taste, no external sales/plays",False,False,False,False
334379,Doodle Dash,2021.0,707,7.740498349879403,0.044907628338263915,0.04484706853424469,17.592544167506915,7.652479398336406,7.695590721541139,7.652598095552284,6.95045891488051,0.7900394349988931,0.6538511234972084,D8,500-999,951,3112,26,False,1.0,Party Game; Real-time,0.3083451202263083,0.5601131541725601,0.0169731258840169,0.5841584158415841,-0.428881192877991,True,7.745454545454546,6.890825688073393,0.8546288573811527,7.733333333333333,6.490340909090909,insufficient_broad_appeal_evidence,"heavy mean 6.89<7.5 (n_low 44 vs n_high 218) — audience evidence is proxy-only (share_heavy/mean(delta)/category) not cross-audience proof; 902/910 robust had overlap but gap is severity not taste, no external sales/plays",False,False,False,False
284778,Unmatched: Jurassic Park – Dr. Sattler vs. T. Rex,2022.0,1423,8.165160248050643,0.0316539109727722,0.031632681053926644,24.89439205654456,8.10311858254401,8.133506337077872,8.103160193184948,7.377155378171494,0.7880048698791491,0.7366730488355131,D9,1k-2.5k,1747,1341,13,False,2.0,Animals; Card Game; Fantasy; Fighting; Movies / TV / Radio theme,0.1419536191145467,0.3021784961349262,0.0611384399156711,0.8222066057624736,-0.1279395874743872,True,8.299270072992702,7.786361386138614,0.5129086868540877,8.231034482758622,7.452830188679245,insufficient_broad_appeal_evidence,"heavy mean 7.79>=7.5 but share_own 0.822 outside moderate range — audience evidence is proxy-only (share_heavy/mean(delta)/category) not cross-audience proof; 902/910 robust had overlap but gap is severity not taste, no external sales/plays",False,False,False,False
178896,"Last Blitzkrieg: Wacht am Rhein, The Battle of the Bulge",2016.0,286,8.87415696782476,0.07060684567481604,0.07037216664349247,11.146529765578036,8.735767550302121,8.803550122149945,8.736227521203515,8.087135660856848,0.7870213069679117,0.7885754302814387,D5,200-499,335,4441,23,False,3.7826,Wargame; World War II,0.1153846153846153,0.2377622377622377,0.1153846153846153,0.8321678321678322,-0.2477583664261587,True,8.95609756097561,8.103030303030302,0.8530672579453089,8.706060606060607,7.608333333333333,insufficient_broad_appeal_evidence,"heavy mean 8.10>=7.5 but share_own 0.832 outside moderate range — audience evidence is proxy-only (share_heavy/mean(delta)/category) not cross-audience proof; 902/910 robust had overlap but gap is severity not taste, no external sales/plays",False,False,False,False
212662,The Red Dragon Inn 6: Villains,2017.0,412,7.673990056843489,0.05882761189696809,0.058691674304035185,13.366547137997882,7.558687937525431,7.615162444946521,7.55895437520758,6.88766800940682,0.786322047436669,0.7008411440697406,D6,200-499,501,4804,5,False,2.4,Card Game; Fantasy; Humor; Party Game,0.0946601941747572,0.2135922330097087,0.1067961165048543,0.8009708737864077,0.0609066664574793,True,8.448452410714285,6.364102564102564,2.0843498466117216,8.659697045454545,5.416666666666667,insufficient_broad_appeal_evidence,"heavy mean 6.36<7.5 (n_low 112 vs n_high 39) — audience evidence is proxy-only (share_heavy/mean(delta)/category) not cross-audience proof; 902/910 robust had overlap but gap is severity not taste, no external sales/plays",False,False,False,False
491,Web of Power,2000.0,3531,7.746887840373528,0.02009467413359307,0.020089239503586584,39.02035789083738,7.707502279071686,7.726793166239935,7.707512930946498,6.962786463980974,0.7841013763925542,0.6514127212007885,D10,2.5k-5k,3661,1192,408,False,2.3039,Medieval; Territory Building,0.3319173038799207,0.5981308411214954,0.0206740300198244,0.4624752194845652,-0.4523651725740158,True,7.66747572815534,7.09354454778157,0.5739311803737701,7.638356164383562,7.07076455026455,insufficient_broad_appeal_evidence,"heavy mean 7.09<7.5 (n_low 206 vs n_high 1172) — audience evidence is proxy-only (share_heavy/mean(delta)/category) not cross-audience proof; 902/910 robust had overlap but gap is severity not taste, no external sales/plays",False,False,False,False
319135,Nightmare Horror Adventures: Welcome to Crafton Mansion,2021.0,418,8.079751855546844,0.05840387808406793,0.058270850235110555,13.39256139683343,7.965280254502071,8.021347977462776,7.965540989086027,7.29757433249279,0.7821775230540542,0.6552820575527427,D6,200-499,508,4027,18,False,2.1111,Horror; Murder / Mystery; Party Game; Puzzle,0.2416267942583732,0.5095693779904307,0.0358851674641148,0.361244019138756,-0.3483961856903808,True,7.712195121951219,7.598019801980198,0.1141753199710216,7.366666666666666,7.333333333333333,insufficient_broad_appeal_evidence,"heavy mean 7.60>=7.5 but share_own 0.361 outside moderate range — audience evidence is proxy-only (share_heavy/mean(delta)/category) not cross-audience proof; 902/910 robust had overlap but gap is severity not taste, no external sales/plays",False,False,False,False
38786,"Red Winter: The Soviet Attack at Tolvajärvi, Finland – 8-12 December 1939",2012.0,495,8.343750383786698,0.053669460188128404,0.05356617693549227,14.553239210396157,8.238558241817966,8.29008092359857,8.238760676993133,7.562685891376033,0.7810644924106658,0.7000838762983737,D7,200-499,524,3704,86,False,2.9651,Wargame; World War II,0.1959595959595959,0.3797979797979798,0.0626262626262626,0.6484848484848484,-0.4484473534836703,True,8.431168831168831,7.189175257731959,1.2419935734368721,8.225806451612904,6.951428571428572,insufficient_broad_appeal_evidence,"heavy mean 7.19<7.5 (n_low 77 vs n_high 97) — audience evidence is proxy-only (share_heavy/mean(delta)/category) not cross-audience proof; 902/910 robust had overlap but gap is severity not taste, no external sales/plays",False,False,False,False
225244,Ticket to Ride: Germany,2017.0,1788,7.838213509975508,0.02823878906508715,0.02822371280590849,27.61450992529912,7.782865483407937,7.809974720910421,7.782895032875927,7.05841318905923,0.7798003209162774,0.7010505555390729,D9,1k-2.5k,2039,1576,48,False,1.75,Trains; Transportation,0.2052572706935123,0.4077181208053691,0.0637583892617449,0.6213646532438478,-0.2784625088569495,True,7.747747440273038,7.424221743869209,0.3235256964038289,7.895087719298246,7.27265625,insufficient_broad_appeal_evidence,"heavy mean 7.42<7.5 (n_low 293 vs n_high 367) — audience evidence is proxy-only (share_heavy/mean(delta)/category) not cross-audience proof; 902/910 robust had overlap but gap is severity not taste, no external sales/plays",False,False,False,False
373828,Galdor's Grip,2022.0,275,8.13950008578778,0.07200513677782425,0.07175628669286516,10.8028431041902,7.998370017703245,8.067494949009957,7.998857763869765,7.3616398904811895,0.7778601953065909,0.6976878268845299,D5,200-499,555,3901,25,False,2.04,Card Game; Fantasy; Print & Play,0.08,0.1818181818181818,0.12,0.8981818181818182,-0.1642273585150442,True,8.131168831168832,6.886363636363637,1.2448051948051955,8.257575757575758,6.166666666666667,insufficient_broad_appeal_evidence,"heavy mean 6.89<7.5 (n_low 77 vs n_high 22) — audience evidence is proxy-only (share_heavy/mean(delta)/category) not cross-audience proof; 902/910 robust had overlap but gap is severity not taste, no external sales/plays",False,False,False,False
237792,Rummikub Twist,2016.0,205,7.623755380435463,0.08339747389454222,0.08301151683382335,9.313669024079882,7.46029633160216,7.540357906540921,7.461052807441169,6.847018911137354,0.7767364692981085,0.7541937994123744,D4,200-499,309,6511,10,False,2.0,Abstract Strategy; Number,0.1560975609756097,0.3073170731707317,0.1268292682926829,0.751219512195122,-0.3233448926305803,True,7.776393442622951,7.025754687499999,0.7506387551229521,7.783076923076924,6.883333333333334,insufficient_broad_appeal_evidence,"heavy mean 7.03<7.5 (n_low 61 vs n_high 32) — audience evidence is proxy-only (share_heavy/mean(delta)/category) not cross-audience proof; 902/910 robust had overlap but gap is severity not taste, no external sales/plays",False,False,False,False
263192,Teenage Mutant Ninja Turtles Adventures: Change is Constant,2020.0,330,8.123012451576717,0.06573139611576533,0.0655419259126654,11.797548784104189,7.994178915189816,8.057281055460951,7.994550276787892,7.3475430992536985,0.7754693523230181,0.622414347035984,D6,200-499,402,4696,16,False,3.125,Animals; Comic Book / Strip; Miniatures; Movies / TV / Radio theme,0.1303030303030303,0.296969696969697,0.1181818181818181,0.7696969696969697,-0.073921542485803,True,8.525316455696203,7.4720930232558125,1.0532234324403902,8.76923076923077,7.730769230769231,insufficient_broad_appeal_evidence,"heavy mean 7.47<7.5 (n_low 79 vs n_high 43) — audience evidence is proxy-only (share_heavy/mean(delta)/category) not cross-audience proof; 902/910 robust had overlap but gap is severity not taste, no external sales/plays",False,False,False,False
129156,"Celles: The Ardennes, December 23-27, 1944",2012.0,383,8.023743360697567,0.061014132328132756,0.060862506437983833,12.699919092905528,7.9041556613344275,7.962729228369435,7.904452848079119,7.24886881660645,0.7748745440911176,0.7320333040206606,D6,200-499,423,4674,40,False,2.4,Wargame; World War II,0.1540469973890339,0.3289817232375979,0.0731070496083551,0.7963446475195822,-0.3525423163111509,True,7.9304411764705875,7.484745762711864,0.4456954137587239,8.235714285714286,7.273684210526315,insufficient_broad_appeal_evidence,"heavy mean 7.48<7.5 (n_low 68 vs n_high 59) — audience evidence is proxy-only (share_heavy/mean(delta)/category) not cross-audience proof; 902/910 robust had overlap but gap is severity not taste, no external sales/plays",False,False,False,False
215471,Photograph,2016.0,1710,7.909109352237423,0.02887565015250561,0.028859531273332704,26.703409647436956,7.852513077938513,7.880233702084918,7.8525446709416915,7.13803103737899,0.7710783148584328,0.6993432324260977,D9,1k-2.5k,2196,1621,46,False,2.087,Card Game; Number,0.3748538011695906,0.6415204678362574,0.0152046783625731,0.639766081871345,-0.5238372996058493,True,7.638945189873418,7.200712948517943,0.43823224135547534,7.75,6.987333333333334,insufficient_broad_appeal_evidence,"heavy mean 7.20<7.5 (n_low 79 vs n_high 641) — audience evidence is proxy-only (share_heavy/mean(delta)/category) not cross-audience proof; 902/910 robust had overlap but gap is severity not taste, no external sales/plays",False,False,False,False
386538,Astro Knights: Eternity,2024.0,317,8.65059053117747,0.06706565885973695,0.06686445050360536,11.471337666228358,8.519141839812384,8.583524872317732,8.519536208190402,7.881257712589347,0.7693328185881221,0.6213955169166496,D6,200-499,524,3447,12,False,2.75,Card Game; Fighting; Science Fiction,0.1608832807570978,0.3690851735015773,0.0694006309148265,0.8296529968454258,-0.3033507835434036,True,8.377966101694915,8.039313725490196,0.33865237620471866,8.47272727272727,7.488095238095238,insufficient_broad_appeal_evidence,"heavy mean 8.04>=7.5 but share_own 0.830 outside moderate range — audience evidence is proxy-only (share_heavy/mean(delta)/category) not cross-audience proof; 902/910 robust had overlap but gap is severity not taste, no external sales/plays",False,False,False,False
173634,The Red Dragon Inn 5: The Character Trove,2015.0,879,7.546431614891029,0.04027498516008656,0.040231283077355816,19.059120362715095,7.467492643977259,7.506156629730942,7.467578300059412,6.778825825118375,0.767605789772654,0.7461476508096654,D8,500-999,998,3070,14,False,2.0714,Card Game; Fantasy; Humor; Medieval; Party Game,0.1092150170648464,0.2389078498293515,0.0944254835039817,0.7474402730375427,0.0019512861328732,True,8.359555555555556,6.380729166666666,1.9788263888888897,8.765662650602408,5.7844827586206895,insufficient_broad_appeal_evidence,"heavy mean 6.38<7.5 (n_low 225 vs n_high 96) — audience evidence is proxy-only (share_heavy/mean(delta)/category) not cross-audience proof; 902/910 robust had overlap but gap is severity not taste, no external sales/plays",False,False,False,False
251053,Let's Make a Bus Route,2018.0,993,7.798176321038585,0.037892669535011005,0.03785626607141958,20.25690870394269,7.723906688749963,7.760283651503574,7.723978039538602,7.0305879737191965,0.7675883473193883,0.6481868199915528,D8,500-999,1079,2976,25,False,1.92,Transportation,0.4491440080563947,0.6958710976837865,0.0120845921450151,0.4531722054380664,-0.5521291911292203,True,7.8623529411764705,7.016317264573991,0.8460356766024795,8.458333333333334,6.778565573770492,insufficient_broad_appeal_evidence,"heavy mean 7.02<7.5 (n_low 34 vs n_high 446) — audience evidence is proxy-only (share_heavy/mean(delta)/category) not cross-audience proof; 902/910 robust had overlap but gap is severity not taste, no external sales/plays",False,False,False,False
351488,Six Second Scribbles,2021.0,272,7.622343714241596,0.07240113501654709,0.07214817104210479,10.572381714084447,7.480437489609164,7.549942579225049,7.480933298999071,6.856891278313695,0.7654524359279016,0.6544068450515592,D5,200-499,471,5169,10,False,1.3,Party Game,0.2463235294117647,0.5220588235294118,0.0367647058823529,0.6213235294117647,-0.3489981260063035,True,7.366666666666666,7.199999999999999,0.16666666666666696,7.65,7.083333333333333,insufficient_broad_appeal_evidence,"heavy mean 7.20<7.5 (n_low 30 vs n_high 67) — audience evidence is proxy-only (share_heavy/mean(delta)/category) not cross-audience proof; 902/910 robust had overlap but gap is severity not taste, no external sales/plays",False,False,False,False
12166,Funkenschlag,2001.0,898,7.979982643748518,0.03984663560866538,0.039804311687819706,19.163554357544577,7.901883237955534,7.940136008139853,7.9019661928403915,7.216379476296588,0.7636031674519304,0.6534742184934119,D8,500-999,935,2942,63,False,3.5556,Economic; Industry / Manufacturing,0.3552338530066815,0.5567928730512249,0.0367483296213808,0.4799554565701559,-0.4577479778242326,True,8.099047619047619,7.143159028213167,0.9558885908344523,8.209090909090909,7.050866141732283,insufficient_broad_appeal_evidence,"heavy mean 7.14<7.5 (n_low 105 vs n_high 319) — audience evidence is proxy-only (share_heavy/mean(delta)/category) not cross-audience proof; 902/910 robust had overlap but gap is severity not taste, no external sales/plays",False,False,False,False
390173,Mindbug: Beyond Evolution,2023.0,588,8.415833451463866,0.04924262132056558,0.049162809002236026,15.476179483071121,8.319317913675558,8.3665908301433,8.319474345819485,7.653745805689889,0.7620876457739776,0.713936354524721,D7,500-999,1011,2097,14,False,2.0714,Card Game; Fighting; Science Fiction,0.1887755102040816,0.4013605442176871,0.0510204081632653,0.8044217687074829,-0.2831350330965242,True,8.36875,7.910810810810811,0.4579391891891893,8.933333333333334,7.515789473684211,insufficient_broad_appeal_evidence,"heavy mean 7.91>=7.5 but share_own 0.804 outside moderate range — audience evidence is proxy-only (share_heavy/mean(delta)/category) not cross-audience proof; 902/910 robust had overlap but gap is severity not taste, no external sales/plays",False,False,False,False
180205,Trans-Siberian Railroad,2015.0,349,7.89792498692473,0.06391710748612539,0.06374285626311822,11.876590669681274,7.772647456251924,7.834007879438604,7.772988988649018,7.138807664521998,0.7591173224027319,0.6375698504811265,D6,200-499,379,5812,15,False,2.9333,Economic; Trains,0.4871060171919771,0.7507163323782235,0.0114613180515759,0.492836676217765,-0.7535477089877632,False,,,,8.25,6.690611940298508,insufficient_broad_appeal_evidence,"no heavy/light diff with n>=10 both sides at required thresholds — audience evidence is proxy-only (share_heavy/mean(delta)/category) not cross-audience proof; 902/910 robust had overlap but gap is severity not taste, no external sales/plays",False,False,False,False
270847,Set & Match,2017.0,1308,7.646386699948594,0.03301611393782044,0.03299202566478988,22.929191898778996,7.581675116630466,7.613370586010774,7.581722329645606,6.889353887716357,0.7570328122322367,0.6714891032647126,D9,1k-2.5k,1491,2250,43,False,1.1395,Action / Dexterity; Sports,0.2782874617737003,0.5045871559633027,0.0198776758409785,0.6827217125382263,-0.2954590699791816,True,7.807931034482758,7.241639203296703,0.5662918311860548,8.503461538461538,7.142820512820512,insufficient_broad_appeal_evidence,"heavy mean 7.24<7.5 (n_low 87 vs n_high 364) — audience evidence is proxy-only (share_heavy/mean(delta)/category) not cross-audience proof; 902/910 robust had overlap but gap is severity not taste, no external sales/plays",False,False,False,False
11096,Tahuantinsuyu,2004.0,404,7.756864401243948,0.05940720827638155,0.059267222610506584,12.736159739090853,7.64042627302224,7.697457192967566,7.640700644927355,7.000244706982512,0.7566196942614356,0.6253687667239287,D6,200-499,406,5448,60,False,3.2667,Civilization; Exploration,0.5,0.7623762376237624,0.0074257425742574,0.400990099009901,-0.5624100943132645,False,,,,7.5,6.880843373493976,insufficient_broad_appeal_evidence,"no heavy/light diff with n>=10 both sides at required thresholds — audience evidence is proxy-only (share_heavy/mean(delta)/category) not cross-audience proof; 902/910 robust had overlap but gap is severity not taste, no external sales/plays",False,False,False,False
382035,Cursed!?,2023.0,232,7.738809487128632,0.07839454325601687,0.07807370341023122,9.647634145857392,7.585156182346839,7.660414943872616,7.58578502844458,6.98248761476299,0.7563218723656426,0.6853011874698982,D5,200-499,540,4299,26,False,1.1154,Fantasy,0.0862068965517241,0.2327586206896551,0.1120689655172413,0.918103448275862,-0.063263495749322,True,8.12972972972973,7.3,0.8297297297297304,8.05,7.833333333333333,insufficient_broad_appeal_evidence,"heavy mean 7.30<7.5 (n_low 74 vs n_high 20) — audience evidence is proxy-only (share_heavy/mean(delta)/category) not cross-audience proof; 902/910 robust had overlap but gap is severity not taste, no external sales/plays",False,False,False,False
1662,"Napoléon: The Waterloo Campaign, 1815",1974.0,1343,7.710397560246885,0.03258305640817144,0.032559902961736886,23.2021860554359,7.646534769686869,7.6778145038387136,7.64658015044188,6.954399423209728,0.7559981370371567,0.773833991743011,D9,1k-2.5k,1420,2338,184,False,2.4674,Napoleonic; Wargame,0.22933730454207,0.4489947877885331,0.0439314966492926,0.6708860759493671,-0.3753639042528337,True,7.655469613259668,6.898146396103897,0.7573232171557711,8.011864406779662,6.651935483870969,insufficient_broad_appeal_evidence,"heavy mean 6.90<7.5 (n_low 181 vs n_high 308) — audience evidence is proxy-only (share_heavy/mean(delta)/category) not cross-audience proof; 902/910 robust had overlap but gap is severity not taste, no external sales/plays",False,False,False,False
178591,Lunarchitects,2016.0,492,7.672716601067721,0.05383283791822163,0.05372861039649517,14.019979751048853,7.5672042387480065,7.618883763149499,7.567408524690591,6.917981303512759,0.7547352975549622,0.6028730826098165,D7,200-499,512,4751,16,False,2.625,Science Fiction; Territory Building,0.3821138211382113,0.6219512195121951,0.0121951219512195,0.5,-0.4438005441571517,True,7.73103448275862,6.819173936170213,0.9118605465884073,7.75,6.6765625,insufficient_broad_appeal_evidence,"heavy mean 6.82<7.5 (n_low 29 vs n_high 188) — audience evidence is proxy-only (share_heavy/mean(delta)/category) not cross-audience proof; 902/910 robust had overlap but gap is severity not taste, no external sales/plays",False,False,False,False
271615,The Quest for El Dorado: The Golden Temples,2019.0,1745,8.00255412572339,0.028584599452827413,0.02856896282314761,26.39475877147796,7.946528310795849,7.973969526270563,7.946558958590021,7.24807051858669,0.7544836071367005,0.692621907707518,D9,1k-2.5k,2236,1291,43,False,2.0465,Adventure; Exploration,0.2710601719197708,0.5083094555873926,0.0366762177650429,0.6584527220630373,-0.3648381715686699,True,7.869872093023256,7.471710359408033,0.3981617336152228,7.9026250000000005,7.4304093567251455,insufficient_broad_appeal_evidence,"heavy mean 7.47<7.5 (n_low 172 vs n_high 473) — audience evidence is proxy-only (share_heavy/mean(delta)/category) not cross-audience proof; 902/910 robust had overlap but gap is severity not taste, no external sales/plays",False,False,False,False
129165,Wings of Glory: WW1 Duel Pack,2013.0,249,7.926066676890619,0.07567111844886201,0.07538244750159906,9.933219020455846,7.777751284730849,7.850395558441757,7.7783170797874845,7.174408883815215,0.7516577930754034,0.750332615487971,D5,200-499,284,5932,14,False,2.2857,Aviation / Flight; Fighting; Miniatures; Wargame; World War I,0.1325301204819277,0.2931726907630522,0.0923694779116465,0.7429718875502008,-0.0431349499829911,True,8.495522388059703,7.339090909090909,1.156431478968794,8.73913043478261,7.040588235294117,insufficient_broad_appeal_evidence,"heavy mean 7.34<7.5 (n_low 67 vs n_high 33) — audience evidence is proxy-only (share_heavy/mean(delta)/category) not cross-audience proof; 902/910 robust had overlap but gap is severity not taste, no external sales/plays",False,False,False,False
4212,Here Come the Rebels,1993.0,392,8.011406051071859,0.060309647916240806,0.06016320122509873,12.408350271959668,7.8931991411560265,7.951096403155618,7.893486176670665,7.26306281494858,0.7483432361232785,0.6495603729636272,D6,200-499,408,4749,51,False,3.3529,American Civil War; Wargame,0.163265306122449,0.3571428571428571,0.0714285714285714,0.7627551020408163,-0.3273165357657508,True,7.926666666666667,7.13770453125,0.7889621354166669,7.928571428571429,6.680400000000001,insufficient_broad_appeal_evidence,"heavy mean 7.14<7.5 (n_low 75 vs n_high 64) — audience evidence is proxy-only (share_heavy/mean(delta)/category) not cross-audience proof; 902/910 robust had overlap but gap is severity not taste, no external sales/plays",False,False,False,False
316343,Capital Lux 2: Pocket,2021.0,299,8.031265779330308,0.06905485734741126,0.06883526833652164,10.817877125207152,7.895918258929382,7.962210921982897,7.896348653390726,7.284238817647305,0.7470269616830034,0.675808669919026,D6,200-499,356,5408,8,False,2.125,Card Game,0.294314381270903,0.548494983277592,0.0133779264214046,0.6789297658862876,-0.5106972174574059,True,8.31111111111111,7.298863636363635,1.0122474747474746,9.5,7.159722222222222,insufficient_broad_appeal_evidence,"heavy mean 7.30<7.5 (n_low 18 vs n_high 88) — audience evidence is proxy-only (share_heavy/mean(delta)/category) not cross-audience proof; 902/910 robust had overlap but gap is severity not taste, no external sales/plays",False,False,False,False
1583,"Barbarossa: Army Group Center, 1941",1998.0,218,8.35329370583234,0.08087263243725189,0.08052053359872066,9.236932931311754,8.194783346255328,8.272421073395089,8.195473459978848,7.606278624030818,0.7470150818015231,0.7472847653647356,D5,200-499,266,5905,36,False,4.0278,Wargame; World War II,0.128440366972477,0.2935779816513761,0.0871559633027523,0.8256880733944955,-0.2686606783094043,True,8.59,7.830357142857143,0.7596428571428566,8.763157894736842,7.888888888888889,insufficient_broad_appeal_evidence,"heavy mean 7.83>=7.5 but share_own 0.826 outside moderate range — audience evidence is proxy-only (share_heavy/mean(delta)/category) not cross-audience proof; 902/910 robust had overlap but gap is severity not taste, no external sales/plays",False,False,False,False
310448,Zombie Teenz Evolution,2020.0,2007,7.826554998767212,0.026653616235411213,0.026640937914107148,27.77211978241636,7.774313910945806,7.7999013825318,7.774338760455562,7.086327576042814,0.7402274227243977,0.7142194548467247,D9,1k-2.5k,2409,1269,53,False,1.434,Children's Game; Zombies,0.1723966118584952,0.3761833582461384,0.0508221225710014,0.7787742899850523,-0.2057333744523045,True,7.972307692307691,7.219768786127167,0.7525389061805239,8.073725490196079,7.096949152542372,insufficient_broad_appeal_evidence,"heavy mean 7.22<7.5 (n_low 273 vs n_high 346) — audience evidence is proxy-only (share_heavy/mean(delta)/category) not cross-audience proof; 902/910 robust had overlap but gap is severity not taste, no external sales/plays",False,False,False,False
157026,Ascension: Realms Unraveled,2014.0,1155,7.754915458258867,0.0351349091170739,0.03510588350640567,21.066589347108955,7.686051036389402,7.719780549141793,7.6861079265863115,7.014742756141477,0.7401727021173903,0.7261985952059922,D8,1k-2.5k,1209,2487,31,False,2.1613,Card Game; Fantasy,0.2155844155844155,0.4233766233766234,0.0554112554112554,0.6095238095238096,-0.275400306743726,True,8.015625,7.087791164658635,0.9278338353413647,8.04609375,6.893440860215054,insufficient_broad_appeal_evidence,"heavy mean 7.09<7.5 (n_low 192 vs n_high 249) — audience evidence is proxy-only (share_heavy/mean(delta)/category) not cross-audience proof; 902/910 robust had overlap but gap is severity not taste, no external sales/plays",False,False,False,False
234248,Voodoo Prince,2017.0,1073,7.709201993813559,0.03645272217564866,0.036420309592401064,20.266718537159257,7.637754658349287,7.67274927163791,7.637818187012453,6.970424933566424,0.7387770602471351,0.673971872591399,D8,1k-2.5k,1217,2984,26,False,1.6154,Card Game,0.4808946877912395,0.7539608574091333,0.0065237651444548,0.5424044734389561,-0.6447490581192428,True,7.133333333333334,6.9662790697674435,0.16705426356589026,7.5,6.778990825688074,insufficient_broad_appeal_evidence,"heavy mean 6.97<7.5 (n_low 30 vs n_high 516) — audience evidence is proxy-only (share_heavy/mean(delta)/category) not cross-audience proof; 902/910 robust had overlap but gap is severity not taste, no external sales/plays",False,False,False,False
308755,Ascension: Eternal,2020.0,219,7.884300786148485,0.08068778046425086,0.08033808009346623,9.058257532880585,7.726152736438553,7.803613005684234,7.726838149165291,7.153410090946769,0.7308906952017153,0.7197218401662022,D5,200-499,264,6492,7,False,2.1429,Card Game; Fantasy,0.1917808219178082,0.3698630136986301,0.0639269406392694,0.7488584474885844,-0.2482277267877527,True,7.9743589743589745,7.261904761904762,0.7124542124542126,8.285714285714286,7.020833333333333,insufficient_broad_appeal_evidence,"heavy mean 7.26<7.5 (n_low 39 vs n_high 42) — audience evidence is proxy-only (share_heavy/mean(delta)/category) not cross-audience proof; 902/910 robust had overlap but gap is severity not taste, no external sales/plays",False,False,False,False
114261,Malta Besieged: 1940-1942,2011.0,206,7.75408255272511,0.08319480658671312,0.08281164358740252,8.768496327078338,7.591020731815152,7.670887746138397,7.5917717312938,7.024589196737523,0.7294933559875867,0.745279663556726,D4,200-499,229,6910,24,False,2.0417,Wargame; World War II,0.2281553398058252,0.3883495145631068,0.0533980582524271,0.7378640776699029,-0.123694203210548,True,8.214137931034482,7.306382978723404,0.9077549523110786,8.227272727272727,7.418181818181818,insufficient_broad_appeal_evidence,"heavy mean 7.31<7.5 (n_low 29 vs n_high 47) — audience evidence is proxy-only (share_heavy/mean(delta)/category) not cross-audience proof; 902/910 robust had overlap but gap is severity not taste, no external sales/plays",False,False,False,False
226213,Cursed Court,2017.0,828,7.573438822220017,0.041496804830990414,0.04144900829514835,17.575330147601935,7.492105084751276,7.531942017389026,7.492198765961526,6.844118777244757,0.7293200449752595,0.6653418330907996,D8,500-999,985,3369,14,False,1.5714,Deduction; Political,0.3454106280193236,0.6280193236714975,0.0241545893719806,0.464975845410628,-0.4476143415436868,True,7.696078431372549,6.872188811188812,0.8238896201837376,7.7,6.743645833333335,insufficient_broad_appeal_evidence,"heavy mean 6.87<7.5 (n_low 51 vs n_high 286) — audience evidence is proxy-only (share_heavy/mean(delta)/category) not cross-audience proof; 902/910 robust had overlap but gap is severity not taste, no external sales/plays",False,False,False,False
92363,Amateurs to Arms!,2012.0,204,8.222043315414101,0.0836016295828758,0.08321284433703988,8.639531615714061,8.058184121431665,8.138441685831225,8.058946140513504,7.49976439350763,0.7222789219064714,0.7223370777981559,D4,200-499,226,6574,33,False,3.1212,Age of Reason; American Indian Wars; Wargame,0.2745098039215686,0.4705882352941176,0.0637254901960784,0.7107843137254902,-0.3904256683552795,True,8.776923076923076,7.294642857142857,1.4822802197802192,8.846153846153847,7.300000000000001,insufficient_broad_appeal_evidence,"heavy mean 7.29<7.5 (n_low 26 vs n_high 56) — audience evidence is proxy-only (share_heavy/mean(delta)/category) not cross-audience proof; 902/910 robust had overlap but gap is severity not taste, no external sales/plays",False,False,False,False
324150,Reign of Witches,2020.0,242,7.853270897733603,0.07675773371157922,0.07645649743988003,9.376536421392405,7.702825739658908,7.776513164022024,7.703416162751438,7.133549211963441,0.7197216857701623,0.6684442110880138,D5,200-499,276,7464,12,False,2.0,Card Game; Napoleonic; Political,0.359504132231405,0.6611570247933884,0.0082644628099173,0.7024793388429752,-0.7805436250063282,True,7.666666666666667,7.048275862068966,0.6183908045977011,,,insufficient_broad_appeal_evidence,"heavy mean 7.05<7.5 (n_low 12 vs n_high 87) — audience evidence is proxy-only (share_heavy/mean(delta)/category) not cross-audience proof; 902/910 robust had overlap but gap is severity not taste, no external sales/plays",False,False,False,False
4230,Napoleon's Last Battles,1976.0,637,7.508297377712916,0.047310780243511125,0.04723998436885219,15.157854041880551,7.415568248435634,7.460986597469405,7.415707008349965,6.791167476174288,0.7171299015386277,0.7343202889691867,D7,500-999,661,,88,False,2.3636,Napoleonic; Wargame,0.1428571428571428,0.3218210361067504,0.0706436420722135,0.7864992150706437,-0.2607953211980057,True,7.407194244604318,6.845151758241759,0.562042486362559,7.471111111111111,6.642068965517241,insufficient_broad_appeal_evidence,"heavy mean 6.85<7.5 (n_low 139 vs n_high 91) — audience evidence is proxy-only (share_heavy/mean(delta)/category) not cross-audience proof; 902/910 robust had overlap but gap is severity not taste, no external sales/plays",False,False,False,False
4214,Stonewall in the Valley,1995.0,333,8.053025106657106,0.06543463886151822,0.06524771601703075,10.944316088874764,7.92477321448853,7.987590467795588,7.925139583263726,7.336887735795282,0.7161373708618237,0.6744829365847798,D6,200-499,355,5278,41,False,3.3902,American Civil War; Wargame,0.1621621621621621,0.3723723723723724,0.057057057057057,0.7927927927927928,-0.3582936652156698,True,7.922413793103448,7.28232537037037,0.6400884227330783,7.7105263157894735,7.109999999999999,insufficient_broad_appeal_evidence,"heavy mean 7.28<7.5 (n_low 58 vs n_high 54) — audience evidence is proxy-only (share_heavy/mean(delta)/category) not cross-audience proof; 902/910 robust had overlap but gap is severity not taste, no external sales/plays",False,False,False,False
37836,"Julius Caesar: Caesar, Pompey, and the Roman Civil War",2010.0,1692,8.174418688460488,0.029028837700425796,0.029012461068069602,24.622869482990474,8.117522166567653,8.145389850760061,8.11755426476707,7.45964540651999,0.7147732819404977,0.7181415236658211,D9,1k-2.5k,1854,1419,180,False,2.4556,Ancient; Civil War; Wargame,0.2174940898345153,0.4408983451536643,0.0478723404255319,0.6176122931442081,-0.4335676246307032,True,8.241621621621622,7.334611413043478,0.9070102085781437,8.391975308641975,7.160707070707071,insufficient_broad_appeal_evidence,"heavy mean 7.33<7.5 (n_low 222 vs n_high 368) — audience evidence is proxy-only (share_heavy/mean(delta)/category) not cross-audience proof; 902/910 robust had overlap but gap is severity not taste, no external sales/plays",False,False,False,False
3605,The Third World War: Battle for Germany,1984.0,442,7.967156110783851,0.05679612311625222,0.05667375899272631,12.558396627548893,7.855835709475996,7.910359987667598,7.8560755431581075,7.253887869782857,0.7132682410009936,0.6088154471683982,D7,200-499,488,4333,55,False,3.4545,Modern Warfare; Wargame,0.1357466063348416,0.2873303167420814,0.1199095022624434,0.7171945701357466,-0.2733596854444799,True,8.145491803278688,6.555133666666666,1.5903581366120214,8.14622641509434,5.938125,insufficient_broad_appeal_evidence,"heavy mean 6.56<7.5 (n_low 122 vs n_high 60) — audience evidence is proxy-only (share_heavy/mean(delta)/category) not cross-audience proof; 902/910 robust had overlap but gap is severity not taste, no external sales/plays",False,False,False,False
4211,Stonewall Jackson's Way,1992.0,400,7.934572458100469,0.05970350541756582,0.059561419744099536,11.902879416413926,7.81755358748204,7.874868952682903,7.817832075402034,7.223928832377967,0.7106436257225015,0.6104236189846848,D6,200-499,420,4832,55,False,3.3455,American Civil War; Post-Napoleonic; Wargame,0.175,0.37,0.0725,0.7325,-0.323869683100475,True,7.785897435897435,7.358873000000001,0.427024435897434,7.827586206896552,7.091851851851852,insufficient_broad_appeal_evidence,"heavy mean 7.36<7.5 (n_low 78 vs n_high 70) — audience evidence is proxy-only (share_heavy/mean(delta)/category) not cross-audience proof; 902/910 robust had overlap but gap is severity not taste, no external sales/plays",False,False,False,False
324639,The Road,2021.0,234,7.9200999012888005,0.0780588049112976,0.07774205299786442,9.093541459075249,7.767104643662657,7.8420410963775025,7.767725477412986,7.210268922582049,0.7098309787067514,0.6693301902096227,D5,200-499,278,5773,16,False,2.125,Adventure; Card Game; Exploration,0.0683760683760683,0.1666666666666666,0.0897435897435897,0.8418803418803419,0.0102134747795817,True,8.31860465116279,7.71875,0.59985465116279,8.2,7.5,insufficient_broad_appeal_evidence,"heavy mean 7.72>=7.5 but share_own 0.842 outside moderate range — audience evidence is proxy-only (share_heavy/mean(delta)/category) not cross-audience proof; 902/910 robust had overlap but gap is severity not taste, no external sales/plays",False,False,False,False
360366,Tainted Grail: Kings of Ruin,2024.0,519,8.923678267284016,0.05241386040301802,0.052317644998938824,13.533044817627646,8.8209471008941,8.871264406880998,8.821135683086096,8.214359145385094,0.7093191218989219,0.6603685339054302,D7,500-999,1283,1612,53,False,3.283,Adventure; Exploration; Fantasy; Miniatures; Mythology,0.1021194605009633,0.2215799614643545,0.140655105973025,0.7938342967244701,-0.1098985563013569,True,9.136886227544911,8.165094339622641,0.9717918879222704,9.384931506849316,7.449999999999999,insufficient_broad_appeal_evidence,"heavy mean 8.17>=7.5 but share_own 0.794 outside moderate range — audience evidence is proxy-only (share_heavy/mean(delta)/category) not cross-audience proof; 902/910 robust had overlap but gap is severity not taste, no external sales/plays",False,False,False,False
252688,Enchanters: Overlords,2018.0,546,7.601484524199085,0.05110148316625884,0.051012303511929896,13.862338038393954,7.501325617193218,7.550383041032826,7.501500409315702,6.893098490285107,0.7083860339139783,0.718139886969567,D7,500-999,592,4256,15,False,2.0,Adventure; Fantasy; Fighting; Humor,0.2362637362637362,0.4688644688644688,0.0622710622710622,0.673992673992674,-0.2545797622943321,True,7.692666666666668,7.0515503875969,0.6411162790697675,7.751470588235295,7.095283018867924,insufficient_broad_appeal_evidence,"heavy mean 7.05<7.5 (n_low 75 vs n_high 129) — audience evidence is proxy-only (share_heavy/mean(delta)/category) not cross-audience proof; 902/910 robust had overlap but gap is severity not taste, no external sales/plays",False,False,False,False
6927,Hornet Leader: Strike Fighter Operations,1991.0,307,7.580042556772512,0.06814918067187574,0.0679380925723002,10.35366843896116,7.446470162655636,7.511893376100637,7.446883895330804,6.874448535709051,0.7055940210634617,0.6820645371517431,D6,200-499,324,6076,45,False,2.6222,Aviation / Flight; Modern Warfare; Wargame,0.1563517915309446,0.3355048859934854,0.0651465798045602,0.7817589576547231,-0.1800173450461306,True,7.791304347826086,6.885346458333333,0.9059578894927531,7.6,6.08,insufficient_broad_appeal_evidence,"heavy mean 6.89<7.5 (n_low 46 vs n_high 48) — audience evidence is proxy-only (share_heavy/mean(delta)/category) not cross-audience proof; 902/910 robust had overlap but gap is severity not taste, no external sales/plays",False,False,False,False
113927,Nightfall: The Coldest War,2012.0,449,7.5543395921945145,0.05635165249271329,0.05623213269153529,12.485181967359585,7.443890353308796,7.497987939701801,7.444124612119105,6.850778956661577,0.7035606355329378,0.6077536299492641,D7,200-499,455,5119,23,False,2.7826,Card Game; Fantasy; Fighting; Horror; Zombies,0.2962138084632517,0.5077951002227171,0.042316258351893,0.6636971046770601,-0.309150282617684,True,7.716935483870968,6.803308270676691,0.9136272131942764,7.657894736842105,6.386206896551724,insufficient_broad_appeal_evidence,"heavy mean 6.80<7.5 (n_low 62 vs n_high 133) — audience evidence is proxy-only (share_heavy/mean(delta)/category) not cross-audience proof; 902/910 robust had overlap but gap is severity not taste, no external sales/plays",False,False,False,False
326937,Unmatched: For King and Country,2023.0,633,8.270740691293604,0.04746002597777021,0.047388559006340925,14.791103541757792,8.177719040377173,8.223280665315833,8.177859115641175,7.56875453296189,0.7019861583317137,0.6425211384480214,D7,500-999,938,2234,7,False,2.5714,Card Game; Comic Book / Strip; Fantasy; Fighting; Movies / TV / Radio theme,0.1895734597156398,0.3285939968404423,0.0616113744075829,0.8167456556082149,-0.0923011652272495,True,8.518487394957983,7.710750000000001,0.8077373949579822,8.88974358974359,7.136363636363637,insufficient_broad_appeal_evidence,"heavy mean 7.71>=7.5 but share_own 0.817 outside moderate range — audience evidence is proxy-only (share_heavy/mean(delta)/category) not cross-audience proof; 902/910 robust had overlap but gap is severity not taste, no external sales/plays",False,False,False,False
17651,Under the Lily Banners,2005.0,321,8.025823905330672,0.06664649438558819,0.06644902412993192,10.503346328927137,7.8951967763349185,7.959177410945084,7.895583818036005,7.325812693189941,0.7000112121407307,0.6417799521582763,D6,200-499,337,5484,56,False,3.625,Pike and Shot; Wargame,0.1806853582554517,0.367601246105919,0.0529595015576324,0.7414330218068536,-0.3879435626515475,True,8.168421052631578,7.246889482758622,0.9215315698729558,8.5,6.663181818181818,insufficient_broad_appeal_evidence,"heavy mean 7.25<7.5 (n_low 38 vs n_high 58) — audience evidence is proxy-only (share_heavy/mean(delta)/category) not cross-audience proof; 902/910 robust had overlap but gap is severity not taste, no external sales/plays",False,False,False,False
240464,Cosmic Run: Regeneration,2018.0,350,7.566263129221788,0.06382573201769519,0.06365222502659613,10.949842543630009,7.441164694467106,7.502437397204093,7.44150476816966,6.867381413396101,0.6988817158256868,0.6113529538841336,D6,200-499,384,5677,37,False,2.1622,Dice; Science Fiction; Space Exploration,0.3857142857142857,0.62,0.0114285714285714,0.64,-0.2964737006503568,True,7.52,7.103592592592594,0.416407407407406,8.2,6.815200000000001,insufficient_broad_appeal_evidence,"heavy mean 7.10<7.5 (n_low 15 vs n_high 135) — audience evidence is proxy-only (share_heavy/mean(delta)/category) not cross-audience proof; 902/910 robust had overlap but gap is severity not taste, no external sales/plays",False,False,False,False
4210,Stonewall's Last Battle: The Chancellorsville Campaign,1996.0,322,7.874673350845552,0.06654292556716794,0.06634637177916371,10.479082161301948,7.744249216733903,7.808130425278384,7.744634462158391,7.177364566573799,0.6973087842717529,0.6568685522514874,D6,200-499,338,5709,50,False,3.2,American Civil War; Wargame,0.1614906832298136,0.3602484472049689,0.0590062111801242,0.7670807453416149,-0.3282220154418318,True,7.920000000000001,7.3707178846153845,0.5492821153846164,8.105263157894736,7.26,insufficient_broad_appeal_evidence,"heavy mean 7.37<7.5 (n_low 55 vs n_high 52) — audience evidence is proxy-only (share_heavy/mean(delta)/category) not cross-audience proof; 902/910 robust had overlap but gap is severity not taste, no external sales/plays",False,False,False,False
264141,Kodachi,2019.0,454,7.644925887212698,0.05604048693095398,0.05592293201357404,12.416378429807462,7.535086532828028,7.588885400281744,7.5353169404660925,6.949105994087294,0.695819893125404,0.5867720901042945,D7,200-499,520,4711,24,False,1.8333,Card Game,0.3700440528634361,0.6167400881057269,0.0176211453744493,0.6497797356828194,-0.3399102704726136,True,7.746666666666667,6.977083333333334,0.7695833333333333,8.5,6.769444444444444,insufficient_broad_appeal_evidence,"heavy mean 6.98<7.5 (n_low 30 vs n_high 168) — audience evidence is proxy-only (share_heavy/mean(delta)/category) not cross-audience proof; 902/910 robust had overlap but gap is severity not taste, no external sales/plays",False,False,False,False
19679,Hordes,2006.0,441,7.69978490408183,0.056860481350062685,0.056737701685268406,12.119225848270021,7.588338360635707,7.642924422731768,7.588579008778704,7.010679888759075,0.6891050153227551,0.547146322994652,D7,200-499,471,4878,63,False,3.3175,Fantasy; Miniatures,0.1541950113378684,0.3015873015873015,0.1247165532879818,0.6643990929705216,-0.2191068541952133,True,7.909590614035088,6.442730735294117,1.466859878740971,7.858181818181818,5.513333333333334,insufficient_broad_appeal_evidence,"heavy mean 6.44<7.5 (n_low 114 vs n_high 68) — audience evidence is proxy-only (share_heavy/mean(delta)/category) not cross-audience proof; 902/910 robust had overlap but gap is severity not taste, no external sales/plays",False,False,False,False
211734,Master of Respect,2016.0,417,7.632067259561072,0.05847386478153729,0.058340359221383864,11.7649992547967,7.517458484589259,7.573593394779535,7.51772015548716,6.944122283981203,0.6879449755798692,0.5801144641303422,D6,200-499,465,5389,15,False,2.2667,Card Game,0.4556354916067146,0.7074340527577938,0.0215827338129496,0.407673860911271,-0.5936212163956052,True,7.6875,6.804473684210526,0.8830263157894738,8.555555555555555,6.541333333333333,insufficient_broad_appeal_evidence,"heavy mean 6.80<7.5 (n_low 24 vs n_high 190) — audience evidence is proxy-only (share_heavy/mean(delta)/category) not cross-audience proof; 902/910 robust had overlap but gap is severity not taste, no external sales/plays",False,False,False,False
57998,Boże Igrzysko,2010.0,268,8.004493393982493,0.07293944082987674,0.07268081260987995,9.383280245250681,7.861532089955935,7.9315539531526165,7.862039001267128,7.3200821797438795,0.6844112142386134,0.574811394372432,D5,200-499,288,6310,37,False,3.5676,Age of Reason; Medieval; Negotiation; Pike and Shot; Political; Renaissance,0.167910447761194,0.2985074626865671,0.0820895522388059,0.417910447761194,-0.4703516029377161,True,8.105357142857143,6.933333333333334,1.1720238095238091,8.363636363636363,6.90625,insufficient_broad_appeal_evidence,"heavy mean 6.93<7.5 (n_low 56 vs n_high 45) — audience evidence is proxy-only (share_heavy/mean(delta)/category) not cross-audience proof; 902/910 robust had overlap but gap is severity not taste, no external sales/plays",False,False,False,False
23995,No Peace Without Spain!: The War of the Spanish Succession 1702-1713,2011.0,332,7.983829754168513,0.0655331109094958,0.06534534531954335,10.422089167850052,7.855384856785901,7.9182966432590165,7.855752877342208,7.30083782882314,0.6829919253453722,0.6542959565605813,D6,200-499,389,5222,50,False,2.72,Age of Reason; Wargame,0.2078313253012048,0.4246987951807228,0.036144578313253,0.6746987951807228,-0.4744020433251433,True,7.972222222222222,7.278260869565218,0.6939613526570048,8.583333333333334,7.1875,insufficient_broad_appeal_evidence,"heavy mean 7.28<7.5 (n_low 36 vs n_high 69) — audience evidence is proxy-only (share_heavy/mean(delta)/category) not cross-audience proof; 902/910 robust had overlap but gap is severity not taste, no external sales/plays",False,False,False,False
35614,Where There Is Discord: War in the South Atlantic,2009.0,408,8.096188002929896,0.05911527919629736,0.05897734231312934,11.55326984928727,7.9803220557051535,8.0370727237336,7.980592411996162,7.413213230159115,0.6829747727707813,0.6133803154058075,D6,200-499,431,4386,73,False,3.1096,Modern Warfare; Nautical; Political; Wargame,0.1911764705882352,0.3529411764705882,0.0490196078431372,0.6862745098039216,-0.2922664343024466,True,8.017333333333333,7.313461538461539,0.7038717948717945,8.125,7.271875,insufficient_broad_appeal_evidence,"heavy mean 7.31<7.5 (n_low 75 vs n_high 78) — audience evidence is proxy-only (share_heavy/mean(delta)/category) not cross-audience proof; 902/910 robust had overlap but gap is severity not taste, no external sales/plays",False,False,False,False
274428,Gaslands: Refuelled,2019.0,742,8.421063220291979,0.04383569272194254,0.043779361503369855,15.55925920671862,8.33514526255697,8.377227527570035,8.335255671745374,7.739012314725206,0.682050905566773,0.6857288629092855,D8,500-999,935,2238,26,False,2.6923,Book; Miniatures; Racing; Science Fiction; Wargame,0.1576819407008086,0.3409703504043126,0.0929919137466307,0.8059299191374663,-0.2561334628795745,True,8.372920838323353,7.6667521367521365,0.7061687015712161,8.363574927536233,7.431176470588235,insufficient_broad_appeal_evidence,"heavy mean 7.67>=7.5 but share_own 0.806 outside moderate range — audience evidence is proxy-only (share_heavy/mean(delta)/category) not cross-audience proof; 902/910 robust had overlap but gap is severity not taste, no external sales/plays",False,False,False,False
271754,Spire's End,2019.0,855,7.6746149467877265,0.040836336068014165,0.040790783124941735,16.695656642777536,7.594575728094418,7.6337786107197125,7.5946650118628405,6.99282550124709,0.6817894455406366,0.6402850283055388,D8,500-999,1059,2887,30,False,2.0333,Adventure; Book; Card Game; Dice; Exploration; Fantasy; Fighting; Horror,0.0994152046783625,0.2374269005847953,0.1029239766081871,0.6912280701754386,-0.1604356134543905,True,7.979162914798207,7.017058823529412,0.9621040912687944,7.946060568181818,6.711538461538462,insufficient_broad_appeal_evidence,"heavy mean 7.02<7.5 (n_low 223 vs n_high 85) — audience evidence is proxy-only (share_heavy/mean(delta)/category) not cross-audience proof; 902/910 robust had overlap but gap is severity not taste, no external sales/plays",False,False,False,False
164265,Witness,2014.0,2765,7.685245615246471,0.022708176377222996,0.022700334409432615,29.997435051478522,7.640737589547114,7.662537438869248,7.640752959803983,7.004058569233205,0.6811870460132656,0.5120373675266574,D9,2.5k-5k,2858,1493,72,False,1.5417,Comic Book / Strip; Deduction; Memory; Murder / Mystery,0.325497287522604,0.5887884267631103,0.0184448462929475,0.5258589511754068,-0.4493779841434132,True,7.617914110429448,6.954287777777778,0.6636263326516696,7.817647058823529,6.731058631921825,insufficient_broad_appeal_evidence,"heavy mean 6.95<7.5 (n_low 163 vs n_high 900) — audience evidence is proxy-only (share_heavy/mean(delta)/category) not cross-audience proof; 902/910 robust had overlap but gap is severity not taste, no external sales/plays",False,False,False,False
347811,Too Many Bones: Unbreakable,2023.0,849,9.134206984352046,0.04098038002874668,0.04093434388429698,16.619689708200433,9.053885439495703,9.093226604323299,9.053975670338824,8.453125784150142,0.6810812002019038,0.5693498132141972,D8,500-999,1122,1296,27,False,3.8889,Adventure; Fantasy; Fighting,0.1354534746760895,0.3144876325088339,0.0624263839811543,0.8421672555948174,-0.2970193047289616,True,9.12627450980392,8.320426086956521,0.805848422847399,9.04188679245283,7.605263157894737,insufficient_broad_appeal_evidence,"heavy mean 8.32>=7.5 but share_own 0.842 outside moderate range — audience evidence is proxy-only (share_heavy/mean(delta)/category) not cross-audience proof; 902/910 robust had overlap but gap is severity not taste, no external sales/plays",False,False,False,False
256707,Trick Shot,2021.0,446,8.118551500290717,0.05654085834960938,0.05642013318720336,12.031426455751467,8.007731417925482,8.062010641941107,8.0079680392438,7.438284321312331,0.6802671789783865,0.550708948651657,D7,200-499,517,4098,19,False,2.3684,Miniatures; Sports,0.2780269058295964,0.5134529147982063,0.0448430493273542,0.6210762331838565,-0.3380881146404965,True,8.327272727272728,7.411048387096774,0.9162243401759538,8.7,7.188205128205129,insufficient_broad_appeal_evidence,"heavy mean 7.41<7.5 (n_low 55 vs n_high 124) — audience evidence is proxy-only (share_heavy/mean(delta)/category) not cross-audience proof; 902/910 robust had overlap but gap is severity not taste, no external sales/plays",False,False,False,False
350636,Unlock!: Game Adventures,2021.0,1448,8.311444745827332,0.03137946578085859,0.031358782930817404,21.672821497574777,8.24994099289685,8.280065280046474,8.24998153128293,7.631363185269528,0.6800815605578041,0.6817766850217479,D9,1k-2.5k,1924,1221,25,False,2.36,Deduction; Fantasy; Horror; Puzzle; Real-time; Trains,0.3031767955801105,0.5386740331491713,0.0262430939226519,0.4116022099447514,-0.3824129019046702,True,7.989883070175439,7.771943826879272,0.21793924329616665,8.276315789473685,7.571034482758621,insufficient_broad_appeal_evidence,"heavy mean 7.77>=7.5 but share_own 0.412 outside moderate range — audience evidence is proxy-only (share_heavy/mean(delta)/category) not cross-audience proof; 902/910 robust had overlap but gap is severity not taste, no external sales/plays",False,False,False,False
332398,Everdell: The Complete Collection,2022.0,3328,8.968437812825162,0.02069846635653612,0.020692527117062442,32.85478823162085,8.92786881876635,8.947739346468625,8.92788045967572,8.288394083961839,0.680043728863323,0.6793116770351695,D10,2.5k-5k,4338,,81,False,3.0988,Animals; Card Game; City Building; Fantasy,0.0970552884615384,0.2596153846153846,0.0859375,0.8737980769230769,-0.1890627527289909,True,9.072006432506885,8.300068111455108,0.7719383210517776,9.153589755244754,7.848947368421053,insufficient_broad_appeal_evidence,"heavy mean 8.30>=7.5 but share_own 0.874 outside moderate range — audience evidence is proxy-only (share_heavy/mean(delta)/category) not cross-audience proof; 902/910 robust had overlap but gap is severity not taste, no external sales/plays",False,False,False,False
219217,Arena: The Contest,2019.0,755,8.221567506838992,0.0434566606613828,0.04340177625327358,15.6480533499438,8.136392451942681,8.17811084617761,8.136500025382576,7.54155536239927,0.680012144439722,0.6599047771238418,D8,500-999,1060,2860,54,False,2.8148,Adventure; Fantasy; Fighting; Miniatures; Mythology; Puzzle,0.1072847682119205,0.223841059602649,0.1496688741721854,0.704635761589404,-0.0721061426005788,True,8.652503443983402,7.116172839506173,1.5363306044772296,8.756637168141593,6.784848484848485,insufficient_broad_appeal_evidence,"heavy mean 7.12<7.5 (n_low 241 vs n_high 81) — audience evidence is proxy-only (share_heavy/mean(delta)/category) not cross-audience proof; 902/910 robust had overlap but gap is severity not taste, no external sales/plays",False,False,False,False
247104,Blitz Bowl,2018.0,763,7.943366758646788,0.04322824036381391,0.04317421580506021,15.657040443008158,7.858639407533713,7.900138518282974,7.858745295668871,7.266540450990476,0.6768263076563121,0.6736048387662894,D8,500-999,856,2981,23,False,2.1739,Fantasy; Fighting; Miniatures; Sports,0.2254259501965924,0.4207077326343381,0.0694626474442988,0.6854521625163827,-0.2827722501277892,True,8.128181818181819,7.2326162790697675,0.8955655391120514,8.09433962264151,6.965283018867925,insufficient_broad_appeal_evidence,"heavy mean 7.23<7.5 (n_low 110 vs n_high 172) — audience evidence is proxy-only (share_heavy/mean(delta)/category) not cross-audience proof; 902/910 robust had overlap but gap is severity not taste, no external sales/plays",False,False,False,False
230,Merchant of Venus,1988.0,2725,7.575667576957145,0.022874234723515182,0.0228662195173833,29.459178648964436,7.530834076899056,7.55279334223363,7.530849786703074,6.901811409778766,0.6738561671783794,0.6678331253150764,D9,2.5k-5k,2835,1675,281,False,2.8327,Economic; Exploration; Science Fiction; Space Exploration; Transportation,0.2664220183486238,0.5137614678899083,0.033394495412844,0.5229357798165137,-0.4610067769571375,True,7.671977611940299,6.845331515151517,0.8266460967887825,7.965934065934067,6.79045267489712,insufficient_broad_appeal_evidence,"heavy mean 6.85<7.5 (n_low 268 vs n_high 726) — audience evidence is proxy-only (share_heavy/mean(delta)/category) not cross-audience proof; 902/910 robust had overlap but gap is severity not taste, no external sales/plays",False,False,False,False
140125,Fallen,2014.0,443,7.791959452858385,0.05673198292287566,0.056610032001929406,11.86655274991312,7.680764766329548,7.735227469935509,7.6810037901346035,7.118746384896911,0.6732130679614743,0.5821073572029478,D7,200-499,510,4634,61,False,3.0656,Card Game; Dice; Exploration; Fantasy,0.27313769751693,0.4762979683972912,0.0790067720090293,0.6320541760722348,-0.1951761571473158,True,8.58939393939394,7.026859504132231,1.5625344352617088,8.7,6.970491803278688,insufficient_broad_appeal_evidence,"heavy mean 7.03<7.5 (n_low 66 vs n_high 121) — audience evidence is proxy-only (share_heavy/mean(delta)/category) not cross-audience proof; 902/910 robust had overlap but gap is severity not taste, no external sales/plays",False,False,False,False
1634,Warhammer Quest,1995.0,2372,7.5944432938401985,0.02451729113870423,0.024507422472410324,27.42021164344639,7.546389403208338,7.569926002701494,7.546408745794274,6.922173981892936,0.6722693119472627,0.5374822279443023,D9,1k-2.5k,2621,1515,172,True,2.686,Adventure; Exploration; Fantasy; Fighting; Miniatures,0.1416526138279932,0.2875210792580101,0.1294266441821248,0.5741989881956155,-0.191024208679993,True,8.05784946236559,6.509979375,1.54787008736559,8.218469055374593,6.315118627450981,insufficient_broad_appeal_evidence,"heavy mean 6.51<7.5 (n_low 651 vs n_high 336) — audience evidence is proxy-only (share_heavy/mean(delta)/category) not cross-audience proof; 902/910 robust had overlap but gap is severity not taste, no external sales/plays",False,False,False,False
183572,Dungeons & Dragons Dice Masters: Faerûn Under Siege,2016.0,403,7.658413211654792,0.05948086882330733,0.059340363027237254,11.289177471490573,7.541830708761109,7.5989323428314846,7.542106100121407,6.986923127350025,0.6714900843047671,0.5969046282945589,D6,200-499,414,5045,5,False,2.4,Collectible Components; Dice; Fantasy; Fighting,0.2382133995037221,0.4640198511166253,0.0397022332506203,0.7741935483870968,-0.1900757426721593,True,8.046341463414633,6.965520833333334,1.0808206300812992,8.21875,6.524642857142858,insufficient_broad_appeal_evidence,"heavy mean 6.97<7.5 (n_low 41 vs n_high 96) — audience evidence is proxy-only (share_heavy/mean(delta)/category) not cross-audience proof; 902/910 robust had overlap but gap is severity not taste, no external sales/plays",False,False,False,False
1037,Deadlands: Doomtown,1998.0,638,7.500553864495632,0.0472736882893626,0.04720305854908072,14.15843071711511,7.407897435448482,7.4532801762062695,7.408035869739434,6.831232624108196,0.6693212403874362,0.6342267327179609,D7,500-999,657,4210,60,False,3.0167,American West; Card Game; City Building; Collectible Components; Fantasy; Fighting; Horror,0.2210031347962382,0.4545454545454545,0.0564263322884012,0.6614420062695925,-0.2899596638686787,True,8.150549450549452,6.459922695035462,1.69062675551399,8.122222222222222,6.0191803278688525,insufficient_broad_appeal_evidence,"heavy mean 6.46<7.5 (n_low 91 vs n_high 141) — audience evidence is proxy-only (share_heavy/mean(delta)/category) not cross-audience proof; 902/910 robust had overlap but gap is severity not taste, no external sales/plays",False,False,False,False
122294,Ascension: Immortal Heroes,2012.0,1661,7.619899260825132,0.029298474641016065,0.029281637675157967,22.720034064622936,7.562474250528741,7.590600786184116,7.562507250981823,6.954236918939756,0.6656623418853762,0.6128733797034158,D9,1k-2.5k,1715,2114,56,False,2.1071,Card Game; Fantasy,0.2366044551475015,0.4557495484647802,0.0505719446116797,0.5599036724864539,-0.3042406214512617,True,7.797085201793722,6.962188295165394,0.8348969066283285,7.875,6.905410958904109,insufficient_broad_appeal_evidence,"heavy mean 6.96<7.5 (n_low 223 vs n_high 393) — audience evidence is proxy-only (share_heavy/mean(delta)/category) not cross-audience proof; 902/910 robust had overlap but gap is severity not taste, no external sales/plays",False,False,False,False
12234,"DAK2: The Campaign in North Africa, 1940-1942",2004.0,284,8.614896154680475,0.07085502515944446,0.07061787108214851,9.385458722588346,8.476020305367964,8.54404112952103,8.476485127359464,7.94988924075855,0.6650069139219248,0.6432303808345186,D5,200-499,311,5182,62,False,4.371,Wargame; World War II,0.1408450704225352,0.3169014084507042,0.1126760563380281,0.6795774647887324,-0.3038555208776572,True,8.680555555555555,7.350888499999999,1.3296670555555563,9.171875,6.6118749999999995,insufficient_broad_appeal_evidence,"heavy mean 7.35<7.5 (n_low 72 vs n_high 40) — audience evidence is proxy-only (share_heavy/mean(delta)/category) not cross-audience proof; 902/910 robust had overlap but gap is severity not taste, no external sales/plays",False,False,False,False
94104,Omen: A Reign of War,2011.0,1792,7.7093222975164535,0.028207254952442258,0.02819222911677582,23.507475634134927,7.654036077809667,7.681115042564011,7.654065528447573,7.046240939016085,0.6630813585003681,0.5225213869177292,D9,1k-2.5k,1871,1998,104,False,2.3365,Ancient; Card Game; Fantasy; Mythology,0.2767857142857143,0.53125,0.0267857142857142,0.6222098214285714,-0.4212754225164483,True,7.803812500000001,6.81796370967742,0.9858487903225814,8.104166666666666,6.806553672316384,insufficient_broad_appeal_evidence,"heavy mean 6.82<7.5 (n_low 160 vs n_high 496) — audience evidence is proxy-only (share_heavy/mean(delta)/category) not cross-audience proof; 902/910 robust had overlap but gap is severity not taste, no external sales/plays",False,False,False,False
283642,Cowboy Bebop: Space Serenade,2019.0,705,7.606055865360379,0.04497128198940285,0.044910464650251045,14.727332249101195,7.517912152661149,7.5610845833709766,7.5180313546458875,6.943748853834423,0.6623070115259564,0.45671613060314264,D8,500-999,874,3591,26,False,2.3462,Card Game; Movies / TV / Radio theme; Science Fiction; Space Exploration,0.1843971631205673,0.3971631205673759,0.0680851063829787,0.6170212765957447,-0.3000795107504492,True,7.741592920353982,6.847307692307692,0.8942852280462903,7.841666666666666,6.837272727272726,insufficient_broad_appeal_evidence,"heavy mean 6.85<7.5 (n_low 113 vs n_high 130) — audience evidence is proxy-only (share_heavy/mean(delta)/category) not cross-audience proof; 902/910 robust had overlap but gap is severity not taste, no external sales/plays",False,False,False,False
327056,Unlock! Kids: Detective Stories,2021.0,1008,7.988772394159205,0.03760967326992301,0.03757407859006701,17.507807659047824,7.915057434550156,7.951162720889282,7.915127200122673,7.3303094684297605,0.6584629257294443,0.6520208898970088,D8,1k-2.5k,1258,2059,18,False,1.5,Animals; Card Game; Children's Game; Deduction; Exploration; Farming; Puzzle; Real-time,0.244047619047619,0.5079365079365079,0.0257936507936507,0.6180555555555556,-0.3058840211433424,True,7.877560975609756,7.469227642276424,0.4083333333333323,7.826923076923077,7.225072463768115,insufficient_broad_appeal_evidence,"heavy mean 7.47<7.5 (n_low 82 vs n_high 246) — audience evidence is proxy-only (share_heavy/mean(delta)/category) not cross-audience proof; 902/910 robust had overlap but gap is severity not taste, no external sales/plays",False,False,False,False
311031,Oh! Meow! Bow!,2020.0,639,7.682954160308563,0.04723668343962964,0.047166219184969126,13.913663316427558,7.590370260766889,7.635717476868933,7.590508370706024,7.025718850744887,0.657235309563676,0.6334758873134145,D7,500-999,876,4050,20,False,1.5,Card Game,0.4898278560250391,0.7433489827856025,0.0125195618153364,0.4806201550387597,-0.710617697084774,True,7.475,6.683525641025642,0.7914743589743578,7.9375,6.507889908256881,insufficient_broad_appeal_evidence,"heavy mean 6.68<7.5 (n_low 20 vs n_high 312) — audience evidence is proxy-only (share_heavy/mean(delta)/category) not cross-audience proof; 902/910 robust had overlap but gap is severity not taste, no external sales/plays",False,False,False,False
163163,Grand Prix,2016.0,491,7.538841226886795,0.05388762962494229,0.05378308414510106,12.169450192702454,7.433221472821908,7.484953597261853,7.433426381962398,6.883058402163263,0.6557828247235324,0.5446213894968466,D7,200-499,554,4955,23,False,2.3043,Racing; Sports,0.3380855397148676,0.5784114052953157,0.0244399185336048,0.5356415478615071,-0.3893008399214185,True,7.839555555555555,6.807650602409639,1.031904953145916,7.083333333333333,6.8765625,insufficient_broad_appeal_evidence,"heavy mean 6.81<7.5 (n_low 45 vs n_high 166) — audience evidence is proxy-only (share_heavy/mean(delta)/category) not cross-audience proof; 902/910 robust had overlap but gap is severity not taste, no external sales/plays",False,False,False,False
356314,Exit: The Game – Advent Calendar: The Silent Storm,2022.0,603,8.234093016631624,0.048626293886584494,0.048549436396308994,13.466850434935143,8.138785480613919,8.185466722745039,8.138936121294858,7.579249989655789,0.6548430269758345,0.6410022661758701,D7,500-999,793,2739,16,False,1.875,Murder / Mystery; Puzzle,0.2752902155887231,0.5223880597014926,0.0298507462686567,0.3101160862354892,-0.3083877098322982,True,7.98936170212766,7.740361445783133,0.2490002563445266,8.055555555555555,7.428571428571429,insufficient_broad_appeal_evidence,"heavy mean 7.74>=7.5 but share_own 0.310 outside moderate range — audience evidence is proxy-only (share_heavy/mean(delta)/category) not cross-audience proof; 902/910 robust had overlap but gap is severity not taste, no external sales/plays",False,False,False,False
299607,Capital Lux 2: Generations,2021.0,957,8.05587984286258,0.038598804856107644,0.03856033016531836,16.96033653788539,7.98022618534461,8.017281038006473,7.980301595738557,7.40123112254283,0.6546487203197504,0.5782396168039288,D8,500-999,1122,2417,36,False,2.2222,Card Game; Science Fiction,0.3469174503657262,0.6374085684430513,0.0073145245559038,0.5788923719958202,-0.4623587352345817,True,8.161290322580646,7.392957831325301,0.7683324912553449,9.142857142857142,7.254782608695652,insufficient_broad_appeal_evidence,"heavy mean 7.39<7.5 (n_low 31 vs n_high 332) — audience evidence is proxy-only (share_heavy/mean(delta)/category) not cross-audience proof; 902/910 robust had overlap but gap is severity not taste, no external sales/plays",False,False,False,False
586,Up Front,1983.0,2179,8.206402681468896,0.025580039542052714,0.02556883171491873,25.552204609104358,8.156265803966473,8.180822641926843,8.156287771307655,7.552776277181385,0.6536264042875111,0.6593454077175078,D9,1k-2.5k,2342,1065,296,False,3.4155,Card Game; Wargame; World War II,0.1785222579164754,0.3772372648003671,0.0725103258375401,0.6654428636989445,-0.3745165823408559,True,8.315894088541667,7.315295167095117,1.0005989214465494,8.56360759493671,7.0717037037037045,insufficient_broad_appeal_evidence,"heavy mean 7.32<7.5 (n_low 384 vs n_high 389) — audience evidence is proxy-only (share_heavy/mean(delta)/category) not cross-audience proof; 902/910 robust had overlap but gap is severity not taste, no external sales/plays",False,False,False,False
182082,Carcassonne: Over Hill and Dale,2015.0,803,7.500941579697125,0.042137819062454215,0.04208777584112923,15.478087595384572,7.418351454334715,7.45880376063467,7.4184495390485115,6.848728725169993,0.6522128545271322,0.552149080354873,D8,500-999,873,3407,30,False,1.9333,Farming,0.3088418430884184,0.5205479452054795,0.0298879202988792,0.660024906600249,-0.2201702596473139,True,7.493493975903615,7.0207862903225795,0.47270768558103526,7.430416666666666,6.965789473684209,insufficient_broad_appeal_evidence,"heavy mean 7.02<7.5 (n_low 83 vs n_high 248) — audience evidence is proxy-only (share_heavy/mean(delta)/category) not cross-audience proof; 902/910 robust had overlap but gap is severity not taste, no external sales/plays",False,False,False,False
197065,Valley of the Kings: Last Rites,2016.0,755,7.7647836330337,0.0434566606613828,0.04340177625327358,14.994873030459415,7.6796085781373895,7.721326972372317,7.679716151577283,7.113156524088504,0.6516271089451955,0.577041763421283,D8,500-999,795,3371,16,False,2.375,Ancient; Card Game; Mythology; Religious,0.3589403973509933,0.623841059602649,0.0092715231788079,0.6437086092715232,-0.4039611164774016,True,7.464285714285714,7.256642066420664,0.20764364786505052,7.285714285714286,7.20561797752809,insufficient_broad_appeal_evidence,"heavy mean 7.26<7.5 (n_low 42 vs n_high 271) — audience evidence is proxy-only (share_heavy/mean(delta)/category) not cross-audience proof; 902/910 robust had overlap but gap is severity not taste, no external sales/plays",False,False,False,False
27739,Hearts and Minds: Vietnam 1965-1975,2010.0,407,7.975272265138708,0.05918785783529022,0.059049413462731064,10.97991286789412,7.859264063781539,7.916084407303417,7.859535414751755,7.325394743269917,0.6498775218687909,0.5902826461360364,D6,200-499,424,4945,63,False,2.7619,Modern Warfare; Political; Vietnam War; Wargame,0.312039312039312,0.5331695331695332,0.0196560196560196,0.5675675675675675,-0.4904319702984117,True,7.741935483870968,7.312519685039369,0.42941579883159875,8.25,7.234324324324323,insufficient_broad_appeal_evidence,"heavy mean 7.31<7.5 (n_low 31 vs n_high 127) — audience evidence is proxy-only (share_heavy/mean(delta)/category) not cross-audience proof; 902/910 robust had overlap but gap is severity not taste, no external sales/plays",False,False,False,False
184824,Gaslands: Post-Apocalyptic Vehicular Combat,2017.0,796,8.198853881795337,0.04232269286362576,0.04227198886928453,15.321107517567391,8.11590140378263,8.15653118893171,8.11600078361154,7.550423353998744,0.6484305277965925,0.6510016029316192,D8,500-999,872,2592,22,False,2.6364,Book; Miniatures; Racing; Science Fiction; Wargame,0.185929648241206,0.3907035175879397,0.0804020100502512,0.6695979899497487,-0.2441756531521295,True,8.360097299270073,7.3012381756756755,1.0588591235943978,8.50208328125,6.899485576923078,insufficient_broad_appeal_evidence,"heavy mean 7.30<7.5 (n_low 137 vs n_high 148) — audience evidence is proxy-only (share_heavy/mean(delta)/category) not cross-audience proof; 902/910 robust had overlap but gap is severity not taste, no external sales/plays",False,False,False,False
122240,Last Night on Earth: Timber Peak,2012.0,963,7.691842310751472,0.03847837147406422,0.03844025544419179,16.811921012811272,7.616424702662306,7.6533639392774075,7.616499410080856,7.044946968827894,0.6468953419235781,0.6097232285689627,D8,500-999,1006,2816,47,False,2.6383,Fighting; Horror; Miniatures; Zombies,0.1609553478712357,0.332294911734164,0.0944963655244029,0.6926272066458983,-0.1190212619456608,True,7.909090909090909,6.992838709677419,0.9162521994134902,8.113186813186813,6.6621311475409835,insufficient_broad_appeal_evidence,"heavy mean 6.99<7.5 (n_low 209 vs n_high 155) — audience evidence is proxy-only (share_heavy/mean(delta)/category) not cross-audience proof; 902/910 robust had overlap but gap is severity not taste, no external sales/plays",False,False,False,False
157001,Trains: Rising Sun,2014.0,1891,7.820856796873651,0.027458958592983293,0.027445096573200423,23.5217560285202,7.767037238031404,7.793397838280668,7.767064407590178,7.174973872052259,0.6458829248213913,0.5578808777304234,D9,1k-2.5k,1947,1685,63,False,2.4286,Card Game; Territory Building; Trains; Transportation,0.3183500793231094,0.5737704918032787,0.0153358011634056,0.5848757271285034,-0.3957963526642344,True,7.768130841121496,7.196233056478405,0.5718977846430908,8.379310344827585,7.088751630434783,insufficient_broad_appeal_evidence,"heavy mean 7.20<7.5 (n_low 107 vs n_high 602) — audience evidence is proxy-only (share_heavy/mean(delta)/category) not cross-audience proof; 902/910 robust had overlap but gap is severity not taste, no external sales/plays",False,False,False,False
366023,Marvel Zombies: Heroes' Resistance,2022.0,804,7.880741489542035,0.04211160579767012,0.04206165580089706,15.209850187778695,7.798202742178601,7.838629883744365,7.798300644172277,7.24023027419268,0.6405112153493553,0.4967926115533503,D8,500-999,1154,2352,30,False,2.4,Comic Book / Strip; Exploration; Fighting; Horror; Miniatures; Movies / TV / Radio theme; Zombies,0.1380597014925373,0.2835820895522388,0.0870646766169154,0.7761194029850746,-0.1027398228753716,True,8.155333352941177,7.315225225225225,0.8401081277159523,8.128095285714286,7.091891891891891,insufficient_broad_appeal_evidence,"heavy mean 7.32<7.5 (n_low 170 vs n_high 111) — audience evidence is proxy-only (share_heavy/mean(delta)/category) not cross-audience proof; 902/910 robust had overlap but gap is severity not taste, no external sales/plays",False,False,False,False
206915,Tempel des Schreckens,2016.0,2989,7.566270363064891,0.02184071587063394,0.021833738436542197,29.323560689502685,7.523462559958449,7.544429647194257,7.523476235729269,6.9258228057301725,0.6404475573347188,0.5790281524728584,D10,2.5k-5k,3810,1207,107,False,1.1402,Bluffing; Card Game; Deduction; Negotiation; Party Game,0.1592505854800937,0.3643358982937437,0.0508531281365005,0.7032452325192372,-0.3661841469391109,True,7.532927312775329,6.738991596638656,0.7939357161366729,7.652631578947367,6.6131034482758615,insufficient_broad_appeal_evidence,"heavy mean 6.74<7.5 (n_low 454 vs n_high 476) — audience evidence is proxy-only (share_heavy/mean(delta)/category) not cross-audience proof; 902/910 robust had overlap but gap is severity not taste, no external sales/plays",False,False,False,False
217934,Napoléon 1806,2017.0,285,8.093914249129112,0.070730608864758,0.07049469772010787,9.010970588613786,7.955282255754186,8.023183640264353,7.9557446415977005,7.456562812934032,0.6373514361950798,0.6320190787063291,D5,200-499,347,5438,19,False,2.5263,Napoleonic; Wargame,0.1929824561403508,0.3894736842105263,0.087719298245614,0.656140350877193,-0.3331072315852499,True,8.381818181818181,7.351454545454545,1.030363636363636,8.54,7.409090909090909,insufficient_broad_appeal_evidence,"heavy mean 7.35<7.5 (n_low 55 vs n_high 55) — audience evidence is proxy-only (share_heavy/mean(delta)/category) not cross-audience proof; 902/910 robust had overlap but gap is severity not taste, no external sales/plays",False,False,False,False
302425,Unlock!: Mythic Adventures,2020.0,1746,8.091132297320158,0.02857641254174647,0.028560789336332767,22.18019567458416,8.035122528738334,8.062555884778412,8.035153150220946,7.45730187546658,0.6338304218535775,0.6207742179085347,D9,1k-2.5k,2055,1361,23,False,2.1739,Animals; Card Game; Exploration; Mythology; Novel-based; Puzzle; Real-time; Science Fiction,0.3121420389461626,0.5693012600229095,0.0189003436426116,0.3797250859106529,-0.4079674061403217,True,7.549108910891089,7.540566366972478,0.008542543918610868,7.641616060606061,7.361494252873563,insufficient_broad_appeal_evidence,"heavy mean 7.54>=7.5 but share_own 0.380 outside moderate range — audience evidence is proxy-only (share_heavy/mean(delta)/category) not cross-audience proof; 902/910 robust had overlap but gap is severity not taste, no external sales/plays",False,False,False,False
176530,Xenon Profiteer,2015.0,1051,7.710045086974616,0.03683226856014319,0.03679883389076573,17.1757167898835,7.637853840596735,7.673212818414473,7.637919372548716,7.0774244734566665,0.6326206135179495,0.5193118765105416,D8,1k-2.5k,1131,2944,37,False,2.1351,Card Game; Economic; Industry / Manufacturing,0.4072312083729781,0.681255946717412,0.0152235965746907,0.5252140818268316,-0.5302448966796612,True,7.746,6.946355140186916,0.7996448598130845,8.09375,6.872289156626506,insufficient_broad_appeal_evidence,"heavy mean 6.95<7.5 (n_low 50 vs n_high 428) — audience evidence is proxy-only (share_heavy/mean(delta)/category) not cross-audience proof; 902/910 robust had overlap but gap is severity not taste, no external sales/plays",False,False,False,False
320527,Dice Throne: Season One ReRolled – Treant v. Ninja,2020.0,856,7.932458023858213,0.04081247609748873,0.04076700286632621,15.48234837426602,7.8524655707071345,7.891645547760724,7.852554698240214,7.300585050900487,0.6318729729577255,0.5780923085780438,D8,500-999,1117,2356,15,False,2.0,Card Game; Dice; Fantasy; Fighting,0.1600467289719626,0.3317757009345794,0.050233644859813,0.7698598130841121,-0.163639484138597,True,8.02410071942446,7.294759124087591,0.7293415953368694,7.9546511627906975,6.856056603773585,insufficient_broad_appeal_evidence,"heavy mean 7.29<7.5 (n_low 139 vs n_high 137) — audience evidence is proxy-only (share_heavy/mean(delta)/category) not cross-audience proof; 902/910 robust had overlap but gap is severity not taste, no external sales/plays",False,False,False,False
46396,Ubongo 3D,2009.0,2046,7.507669278818609,0.026398363937964676,0.026386046219481644,23.909447750582974,7.455928485500198,7.481270914880644,7.455952628228425,6.876498975542969,0.6311703032756402,0.5099519486109765,D9,1k-2.5k,2208,2111,103,False,1.9029,Puzzle; Real-time,0.3201368523949169,0.5786901270772238,0.0239491691104594,0.4828934506353861,-0.4495607744197692,True,7.438765432098765,6.8771145038167925,0.5616509282819724,7.581224489795919,6.83326923076923,insufficient_broad_appeal_evidence,"heavy mean 6.88<7.5 (n_low 162 vs n_high 655) — audience evidence is proxy-only (share_heavy/mean(delta)/category) not cross-audience proof; 902/910 robust had overlap but gap is severity not taste, no external sales/plays",False,False,False,False
7349,The Korean War: June 1950-May 1951,1986.0,457,7.958480317078079,0.05585624373551244,0.055739842056655074,11.27576262927812,7.849002079356475,7.902624073342567,7.849230226647035,7.328658571353338,0.6298217457247413,0.5491694571185732,D7,200-499,492,4321,75,False,3.6133,Korean War; Modern Warfare; Wargame,0.1575492341356674,0.3391684901531728,0.0678336980306345,0.7417943107221007,-0.336565131082462,True,8.176582278481014,7.028683888888889,1.1478983895921253,8.14516129032258,7.377272727272728,insufficient_broad_appeal_evidence,"heavy mean 7.03<7.5 (n_low 79 vs n_high 72) — audience evidence is proxy-only (share_heavy/mean(delta)/category) not cross-audience proof; 902/910 robust had overlap but gap is severity not taste, no external sales/plays",False,False,False,False
165967,Great War Commander,2018.0,405,8.46024075654659,0.05933382071497961,0.05919435197812885,10.582450606908942,8.34394646794523,8.40090693583161,8.344219826669457,7.832343529511127,0.6278972270354624,0.5571784404765214,D6,200-499,483,3858,31,False,3.2258,Wargame; World War I,0.182716049382716,0.3580246913580247,0.0765432098765432,0.8,-0.1947839911144875,True,8.603896103896103,7.869483783783784,0.7344123201123187,8.661290322580646,7.812,insufficient_broad_appeal_evidence,"heavy mean 7.87>=7.5 but share_own 0.800 outside moderate range — audience evidence is proxy-only (share_heavy/mean(delta)/category) not cross-audience proof; 902/910 robust had overlap but gap is severity not taste, no external sales/plays",False,False,False,False
270143,Kōhaku,2020.0,937,7.816664412242194,0.03900857010697719,0.038968858285882244,16.095043904860205,7.740207614832519,7.777655842135217,7.740285450001865,7.188819763704579,0.6278446485376152,0.5668305533807052,D8,500-999,1166,2505,29,False,1.6897,Abstract Strategy; Animals,0.3094983991462113,0.5752401280683032,0.032017075773746,0.6574172892209178,-0.2570247857747446,True,8.204054054054055,7.250893103448276,0.9531609506057785,8.296666666666667,6.979316239316239,insufficient_broad_appeal_evidence,"heavy mean 7.25<7.5 (n_low 74 vs n_high 290) — audience evidence is proxy-only (share_heavy/mean(delta)/category) not cross-audience proof; 902/910 robust had overlap but gap is severity not taste, no external sales/plays",False,False,False,False
125752,Race! Formula 90,2013.0,856,8.230030924588192,0.04081247609748873,0.04076700286632621,15.37094618753875,8.150038471437114,8.189218448490703,8.150127598970192,7.602704550713481,0.6273263738747108,0.5924031139524253,D8,500-999,931,2581,113,False,3.5575,Racing; Sports,0.3317757009345794,0.5689252336448598,0.0327102803738317,0.4824766355140187,-0.3985426068311683,True,8.475949367088607,7.193485915492958,1.2824634515956488,8.778571428571428,6.905339805825243,insufficient_broad_appeal_evidence,"heavy mean 7.19<7.5 (n_low 79 vs n_high 284) — audience evidence is proxy-only (share_heavy/mean(delta)/category) not cross-audience proof; 902/910 robust had overlap but gap is severity not taste, no external sales/plays",False,False,False,False
268201,Dice Throne,2018.0,2470,7.900618079558168,0.02402599320858889,0.024016705780516134,26.018709872557718,7.853527132869334,7.876592086349579,7.853545336228356,7.275492732863851,0.6251253466943165,0.589689440832796,D9,1k-2.5k,3510,1015,85,False,2.1529,Card Game; Dice; Fantasy; Fighting,0.1570850202429149,0.3489878542510121,0.0862348178137651,0.4672064777327935,-0.3382159297605813,True,8.152683360655738,6.779498711340206,1.3731846493155322,8.17117647887324,6.64670338983051,insufficient_broad_appeal_evidence,"heavy mean 6.78<7.5 (n_low 488 vs n_high 388) — audience evidence is proxy-only (share_heavy/mean(delta)/category) not cross-audience proof; 902/910 robust had overlap but gap is severity not taste, no external sales/plays",False,False,False,False
7092,Battles for the Ardennes,1978.0,303,7.593544648109779,0.0685975353803461,0.0683822667432328,9.108201382363587,7.4590934787643,7.524947112729433,7.459515405293042,6.968744481531775,0.6248001665780034,0.6280460556565401,D6,200-499,328,6062,52,False,2.8077,Wargame; World War II,0.132013201320132,0.3135313531353135,0.0726072607260726,0.7854785478547854,-0.2062509187368463,True,7.7250000000000005,7.0025,0.7225000000000001,7.797727272727273,7.0,insufficient_broad_appeal_evidence,"heavy mean 7.00<7.5 (n_low 66 vs n_high 40) — audience evidence is proxy-only (share_heavy/mean(delta)/category) not cross-audience proof; 902/910 robust had overlap but gap is severity not taste, no external sales/plays",False,False,False,False
82421,Summoner Wars: Phoenix Elves vs Tundra Orcs,2009.0,2635,7.761337150272184,0.023261596431908064,0.023253167244090094,26.839438787398375,7.7157444212656445,7.738075553840276,7.715760942473768,7.137008956740823,0.6243281935313609,0.6066518103854976,D9,2.5k-5k,2712,1259,86,False,2.2907,Card Game; Fantasy; Fighting,0.2208728652751423,0.4500948766603415,0.0398481973434535,0.5969639468690702,-0.2782301293993112,True,8.02203947368421,6.981982817869416,1.0400566558147935,7.984761904761903,7.006479166666668,insufficient_broad_appeal_evidence,"heavy mean 6.98<7.5 (n_low 304 vs n_high 582) — audience evidence is proxy-only (share_heavy/mean(delta)/category) not cross-audience proof; 902/910 robust had overlap but gap is severity not taste, no external sales/plays",False,False,False,False
42929,Martian Rails,2009.0,433,7.603565253645361,0.057383347353417484,0.057257156896333004,10.879452370061124,7.491093892832663,7.5461819062919435,7.491341226128549,6.979265859279183,0.6242993943661785,0.4431876964296455,D7,200-499,451,5430,35,False,3.2,Economic; Science Fiction; Trains; Transportation,0.3002309468822171,0.5311778290993071,0.0577367205542725,0.6189376443418014,-0.4124705654236562,True,7.387931034482759,6.867930769230768,0.5200002652519906,7.56,6.79111111111111,insufficient_broad_appeal_evidence,"heavy mean 6.87<7.5 (n_low 58 vs n_high 130) — audience evidence is proxy-only (share_heavy/mean(delta)/category) not cross-audience proof; 902/910 robust had overlap but gap is severity not taste, no external sales/plays",False,False,False,False
3828,Locomotive Werks,2002.0,571,7.57429004753151,0.04997027879623995,0.04988688181397258,12.487266367664214,7.476348301090879,7.524319768735269,7.476511759176123,6.9502978657364185,0.6239921817950913,0.4970141329812714,D7,500-999,594,5514,47,False,2.8936,Economic; Industry / Manufacturing; Trains,0.5131348511383538,0.7600700525394046,0.0052539404553415,0.436077057793345,-0.8099739354474467,True,7.866666666666666,6.544300341296928,1.322366325369738,7.0,6.534462809917355,insufficient_broad_appeal_evidence,"heavy mean 6.54<7.5 (n_low 15 vs n_high 293) — audience evidence is proxy-only (share_heavy/mean(delta)/category) not cross-audience proof; 902/910 robust had overlap but gap is severity not taste, no external sales/plays",False,False,False,False
10431,Epic Armageddon,2003.0,265,7.751425967482663,0.07335114367176006,0.07308812706335754,8.499693002206364,7.607657725886013,7.678074823810903,7.608173238438482,7.1279637649119705,0.6234622025706926,0.6048082186741937,D5,200-499,295,6392,42,False,3.0952,Fantasy; Fighting; Miniatures; Science Fiction; Wargame,0.1283018867924528,0.3132075471698113,0.1358490566037735,0.7358490566037735,-0.2194165335204054,True,8.161643835616438,6.980514705882354,1.1811291297340842,8.119444444444445,6.43,insufficient_broad_appeal_evidence,"heavy mean 6.98<7.5 (n_low 73 vs n_high 34) — audience evidence is proxy-only (share_heavy/mean(delta)/category) not cross-audience proof; 902/910 robust had overlap but gap is severity not taste, no external sales/plays",False,False,False,False
35342,Hold the Line,2008.0,551,7.548209920188915,0.05086909686355238,0.0507811262419084,12.234898878191947,7.448506490336353,7.497340823325363,7.448678912754775,6.925831664038401,0.6223782561505145,0.6300790397216787,D7,500-999,567,4474,100,False,1.83,Age of Reason; American Revolutionary War; Wargame,0.2304900181488203,0.4428312159709618,0.0526315789473684,0.6134301270417423,-0.2815509365228524,True,7.800000000000001,6.851811811023622,0.9481881889763786,7.975862068965518,6.495,insufficient_broad_appeal_evidence,"heavy mean 6.85<7.5 (n_low 67 vs n_high 127) — audience evidence is proxy-only (share_heavy/mean(delta)/category) not cross-audience proof; 902/910 robust had overlap but gap is severity not taste, no external sales/plays",False,False,False,False
126100,Mythos Tales,2016.0,2410,7.661675781535413,0.02432323329383743,0.024313597021600436,25.561852408377586,7.614002244279492,7.637352548241576,7.614021131373076,7.039928881983805,0.6217468995516082,0.5999080901865241,D9,1k-2.5k,2616,1537,48,False,2.125,Deduction; Horror; Murder / Mystery; Novel-based,0.1858921161825726,0.3817427385892116,0.0560165975103734,0.6016597510373444,-0.3352224039420524,True,7.624329802816901,7.022049107142857,0.6022806956740441,7.8346944444444455,6.7046953125,insufficient_broad_appeal_evidence,"heavy mean 7.02<7.5 (n_low 355 vs n_high 448) — audience evidence is proxy-only (share_heavy/mean(delta)/category) not cross-audience proof; 902/910 robust had overlap but gap is severity not taste, no external sales/plays",False,False,False,False
264637,Yokohama Duel,2018.0,544,8.009504477491962,0.051195333535803245,0.05110566249265415,12.111726819431333,7.909161623761788,7.958309143956159,7.90933737900636,7.389440583276642,0.6200638942153205,0.5328564227815669,D7,500-999,839,3116,28,False,2.6429,Economic,0.4283088235294118,0.7297794117647058,0.0073529411764705,0.6213235294117647,-0.480041113521383,True,7.966666666666667,7.340755364806867,0.6259113018597997,7.625,7.249786516853932,insufficient_broad_appeal_evidence,"heavy mean 7.34<7.5 (n_low 15 vs n_high 233) — audience evidence is proxy-only (share_heavy/mean(delta)/category) not cross-audience proof; 902/910 robust had overlap but gap is severity not taste, no external sales/plays",False,False,False,False
89409,BattleCON: War of Indines,2012.0,1907,7.969835739273603,0.027343523678982472,0.027329835662270367,22.494084806630017,7.916242432862798,7.942492215594621,7.916269261375553,7.354768198726475,0.6150675405471278,0.6077907259331043,D9,1k-2.5k,1990,1520,89,False,2.7528,Card Game; Fighting; Print & Play,0.2071316203460933,0.43209229155742,0.0550603041426324,0.5930781331934977,-0.3715919007838286,True,8.475381679389313,6.804860759493671,1.670520919895642,8.58095238095238,6.496525423728814,insufficient_broad_appeal_evidence,"heavy mean 6.80<7.5 (n_low 262 vs n_high 395) — audience evidence is proxy-only (share_heavy/mean(delta)/category) not cross-audience proof; 902/910 robust had overlap but gap is severity not taste, no external sales/plays",False,False,False,False
200853,Habitats,2016.0,2370,7.774190941459129,0.024527633805748836,0.024517752649871157,25.071025623485863,7.726116779199861,7.74966330765338,7.7261361462653815,7.159258005831722,0.6149329356274071,0.5340121493392784,D9,1k-2.5k,3307,1210,71,False,2.0423,Animals; Environmental; Puzzle; Territory Building,0.410548523206751,0.6729957805907173,0.0172995780590717,0.6,-0.4343151313325515,True,7.863602177419355,7.114934224049332,0.7486679533700231,7.8355285365853655,6.994101123595504,insufficient_broad_appeal_evidence,"heavy mean 7.11<7.5 (n_low 124 vs n_high 973) — audience evidence is proxy-only (share_heavy/mean(delta)/category) not cross-audience proof; 902/910 robust had overlap but gap is severity not taste, no external sales/plays",False,False,False,False
306637,Resident Evil 3: The Board Game,2021.0,349,7.8756361690487084,0.06391710748612539,0.06374285626311822,9.593493774882088,7.750358638375903,7.811719061562583,7.750700170772997,7.262447796272095,0.6131883727766132,0.5231454709996868,D6,200-499,484,4475,17,False,2.3529,Horror; Video Game Theme; Zombies,0.1174785100286532,0.2435530085959885,0.1919770773638968,0.7478510028653295,-0.0336590916848105,True,8.065740740740742,7.204878048780487,0.8608626919602544,8.232835820895522,6.65625,insufficient_broad_appeal_evidence,"heavy mean 7.20<7.5 (n_low 108 vs n_high 41) — audience evidence is proxy-only (share_heavy/mean(delta)/category) not cross-audience proof; 902/910 robust had overlap but gap is severity not taste, no external sales/plays",False,False,False,False
234669,Legacy of Dragonholt,2017.0,3193,7.512581520569886,0.0211315020045377,0.021125182259858835,28.921526763796564,7.471163776640992,7.491450018565348,7.471176163340562,6.901426219786428,0.6111553007834578,0.6285196920738949,D10,2.5k-5k,3453,1453,109,False,1.2844,Adventure; Exploration; Fantasy,0.1882242405261509,0.4052615095521453,0.0526150955214531,0.5894143438772315,-0.3278796727778262,True,7.335968468468468,7.047324459234607,0.28864400923386047,7.502817440476189,6.728413407821229,insufficient_broad_appeal_evidence,"heavy mean 7.05<7.5 (n_low 444 vs n_high 601) — audience evidence is proxy-only (share_heavy/mean(delta)/category) not cross-audience proof; 902/910 robust had overlap but gap is severity not taste, no external sales/plays",False,False,False,False
250664,Godtear,2019.0,372,8.032593827254862,0.061909651124092,0.06175126786074946,9.86471975710116,7.911250911051642,7.97068417613077,7.9115613422477935,7.421872468655792,0.6107213585990703,0.5317181884527518,D6,200-499,472,4718,17,False,2.8235,Fantasy; Fighting; Miniatures,0.1639784946236559,0.3010752688172042,0.1075268817204301,0.6370967741935484,-0.2655508165021686,True,7.835280898876406,6.914754098360656,0.9205268005157503,7.530000000000001,6.540000000000001,insufficient_broad_appeal_evidence,"heavy mean 6.91<7.5 (n_low 89 vs n_high 61) — audience evidence is proxy-only (share_heavy/mean(delta)/category) not cross-audience proof; 902/910 robust had overlap but gap is severity not taste, no external sales/plays",False,False,False,False
19854,Federation Commander: Klingon Border,2005.0,537,7.679495563214514,0.05152792852771954,0.05143650156798868,11.80637693003385,7.578500823300184,7.627967634686795,7.578680020141256,7.071137416592413,0.6083581466221011,0.5326901415314502,D7,500-999,580,4399,106,False,3.3868,Movies / TV / Radio theme; Science Fiction; Wargame,0.1620111731843575,0.3519553072625698,0.0931098696461825,0.6797020484171322,-0.2938802745739253,True,7.7536885245901646,7.041288275862069,0.7124002487280956,7.53,6.654615384615384,insufficient_broad_appeal_evidence,"heavy mean 7.04<7.5 (n_low 122 vs n_high 87) — audience evidence is proxy-only (share_heavy/mean(delta)/category) not cross-audience proof; 902/910 robust had overlap but gap is severity not taste, no external sales/plays",False,False,False,False
276925,Warhammer Age of Sigmar: Warcry Starter Set,2019.0,570,8.28918796677726,0.050014093165723715,0.0499304769885163,12.162424549964783,8.19116034417244,8.239173873611536,8.191324231879767,7.680895332214235,0.608292634563024,0.6181920703971286,D7,500-999,650,3121,16,False,2.4375,Fantasy; Miniatures; Wargame,0.131578947368421,0.2842105263157894,0.119298245614035,0.7298245614035088,-0.2146850544965742,True,8.498183717948718,7.354666666666667,1.1435170512820516,8.62872544117647,7.275000000000001,insufficient_broad_appeal_evidence,"heavy mean 7.35<7.5 (n_low 156 vs n_high 75) — audience evidence is proxy-only (share_heavy/mean(delta)/category) not cross-audience proof; 902/910 robust had overlap but gap is severity not taste, no external sales/plays",False,False,False,False
362366,Junk Drawer,2023.0,353,7.665012484874577,0.06355393916326109,0.06338263338044081,9.56366298388337,7.540446764114585,7.601458545711316,7.540782523448913,7.057204029418921,0.6078084554556558,0.475884745533687,D6,200-499,860,4228,20,False,1.15,Puzzle,0.3994334277620396,0.6628895184135977,0.0339943342776204,0.5949008498583569,-0.2497254310502095,True,7.8469565217391315,7.222881773049646,0.6240747486894858,8.208333333333334,6.9375,insufficient_broad_appeal_evidence,"heavy mean 7.22<7.5 (n_low 23 vs n_high 141) — audience evidence is proxy-only (share_heavy/mean(delta)/category) not cross-audience proof; 902/910 robust had overlap but gap is severity not taste, no external sales/plays",False,False,False,False
172155,Ascension: Dawn of Champions,2015.0,737,7.551543927274118,0.04398413775473274,0.04392723306033161,13.756311177049344,7.465335017274842,7.507559789519385,7.465446550475868,6.94648444146581,0.605059485808308,0.6015310424355773,D8,500-999,778,3785,16,False,2.25,Card Game; Fantasy,0.2347354138398914,0.4559023066485753,0.0474898236092265,0.5848032564450475,-0.2759957590244506,True,7.839705882352941,6.809190751445086,1.0305151309078555,8.0,6.441029411764706,insufficient_broad_appeal_evidence,"heavy mean 6.81<7.5 (n_low 102 vs n_high 173) — audience evidence is proxy-only (share_heavy/mean(delta)/category) not cross-audience proof; 902/910 robust had overlap but gap is severity not taste, no external sales/plays",False,False,False,False
250481,Meltwater: A Game of Tactical Starvation,2018.0,285,8.004714725969531,0.070730608864758,0.07049469772010787,8.533538497909722,7.866082732594606,7.933984117104774,7.86654511843812,7.401132352241524,0.603582373728007,0.5899245881758146,D5,200-499,374,6215,20,False,2.3,Modern Warfare; Wargame,0.3333333333333333,0.5964912280701754,0.0280701754385964,0.5614035087719298,-0.6742936733379563,True,7.684210526315789,6.856842105263158,0.8273684210526318,6.9375,6.984374999999999,insufficient_broad_appeal_evidence,"heavy mean 6.86<7.5 (n_low 19 vs n_high 95) — audience evidence is proxy-only (share_heavy/mean(delta)/category) not cross-audience proof; 902/910 robust had overlap but gap is severity not taste, no external sales/plays",False,False,False,False
351810,Viking See-Saw,2021.0,874,7.618883726385888,0.040390023912414946,0.040345946686242626,14.920025457418555,7.539719279517555,7.578493702473473,7.5398056708808525,7.0162635413869126,0.6026201849989752,0.4064868483283277,D8,500-999,1489,2544,27,False,1.0741,Action / Dexterity; Nautical,0.3718535469107551,0.6567505720823799,0.0137299771167048,0.6304347826086957,-0.4863360490403483,True,7.715151515151515,6.8049230769230755,0.9102284382284394,7.625,6.628828828828828,insufficient_broad_appeal_evidence,"heavy mean 6.80<7.5 (n_low 33 vs n_high 325) — audience evidence is proxy-only (share_heavy/mean(delta)/category) not cross-audience proof; 902/910 robust had overlap but gap is severity not taste, no external sales/plays",False,False,False,False
816,2038: Tycoons of the Asteroid Belt,1995.0,417,7.747382744653387,0.05847386478153729,0.058340359221383864,10.291969810231006,7.6327739696815735,7.68890887987185,7.633035640579474,7.145571493634275,0.6018112510191118,0.4694383170241423,D6,200-499,438,5546,54,False,4.0185,Economic; Science Fiction; Space Exploration; Trains; Transportation,0.3453237410071942,0.5947242206235013,0.026378896882494,0.5611510791366906,-0.6863496271473912,True,7.571428571428571,6.9319500694444445,0.6394785019841267,7.409090909090909,6.7090163934426235,insufficient_broad_appeal_evidence,"heavy mean 6.93<7.5 (n_low 35 vs n_high 144) — audience evidence is proxy-only (share_heavy/mean(delta)/category) not cross-audience proof; 902/910 robust had overlap but gap is severity not taste, no external sales/plays",False,False,False,False
35285,Prussian Rails,2008.0,988,7.665584303843783,0.03798843079343893,0.037951750905848514,15.828087945544848,7.591126979488642,7.627595873050344,7.59119887206832,7.0643000803319875,0.6012842235117954,0.39944300851110537,D8,500-999,1088,3384,91,False,2.9121,Economic; Trains; Transportation,0.4757085020242915,0.7419028340080971,0.0060728744939271,0.4342105263157895,-0.7413029273255668,True,7.355263157894737,6.7051914893617015,0.6500716685330357,6.5,6.495754189944134,insufficient_broad_appeal_evidence,"heavy mean 6.71<7.5 (n_low 19 vs n_high 470) — audience evidence is proxy-only (share_heavy/mean(delta)/category) not cross-audience proof; 902/910 robust had overlap but gap is severity not taste, no external sales/plays",False,False,False,False
397736,HITSTER: Guilty Pleasures,2023.0,653,7.743985649852209,0.04672757421942683,0.04665936058294995,12.860406642254699,7.652399604382132,7.697258075632782,7.652533303109627,7.143050043984243,0.6009356058679662,0.5372184803392761,D7,500-999,1576,2036,22,False,1.0455,Card Game; Music; Party Game,0.2098009188361408,0.3935681470137825,0.0535987748851454,0.7595712098009189,-0.2499274568966231,True,7.5865979381443305,7.371897810218978,0.21470012792535265,7.431428571428572,7.2,insufficient_broad_appeal_evidence,"heavy mean 7.37<7.5 (n_low 97 vs n_high 137) — audience evidence is proxy-only (share_heavy/mean(delta)/category) not cross-audience proof; 902/910 robust had overlap but gap is severity not taste, no external sales/plays",False,False,False,False
353311,Star Trek: Super-Skill Pinball,2022.0,291,7.560773828467104,0.06999762940654855,0.06976895318007352,8.577120861701296,7.4235784748302684,7.490776199060555,7.42402668023416,6.96039570101456,0.6003781274525437,0.3710489724515167,D5,200-499,341,6275,9,False,2.2222,Dice; Movies / TV / Radio theme; Science Fiction,0.3642611683848797,0.6701030927835052,0.0206185567010309,0.6907216494845361,-0.2673717666114329,True,7.423076923076923,6.913962264150944,0.509114658925979,7.166666666666667,6.711363636363637,insufficient_broad_appeal_evidence,"heavy mean 6.91<7.5 (n_low 13 vs n_high 106) — audience evidence is proxy-only (share_heavy/mean(delta)/category) not cross-audience proof; 902/910 robust had overlap but gap is severity not taste, no external sales/plays",False,False,False,False
383469,Unmatched: Sun's Origin,2024.0,559,8.47577780662941,0.0505037844391884,0.05041769230753849,11.885556379391167,8.3767903891286,8.425274022190221,8.376959129706634,7.875512229304817,0.600265577324592,0.5467307526812073,D7,500-999,1121,1797,12,False,2.0,Card Game; Fighting; Miniatures,0.1663685152057245,0.3184257602862254,0.0644007155635062,0.8336314847942755,-0.1035953379353083,True,8.651682242990654,7.986559139784946,0.6651231032057083,8.6425,7.673913043478261,insufficient_broad_appeal_evidence,"heavy mean 7.99>=7.5 but share_own 0.834 outside moderate range — audience evidence is proxy-only (share_heavy/mean(delta)/category) not cross-audience proof; 902/910 robust had overlap but gap is severity not taste, no external sales/plays",False,False,False,False
398996,Panda Royale,2024.0,206,7.755969089688875,0.08319480658671312,0.08281164358740252,8.222244996587452,7.592907268778918,7.672774283102163,7.593658268257567,7.0719210074892125,0.6840480821996628,0.6172118779329425,D4,200-499,1434,2390,38,False,1.1579,Dice; Math; Number,0.2864077669902912,0.5679611650485437,0.0436893203883495,0.5679611650485437,-0.1871632644461544,True,8.46923076923077,7.199898305084745,1.2693324641460242,8.444444444444445,6.820454545454546,other_exclusion,"n 206<260 and resid 0.68<0.70 — lower tail moderate SE, less evidence",False,False,False,False
348870,Heckmeck am Karteneck,2021.0,209,7.527466880186364,0.08259555648167365,0.08222057659942501,8.278517949679493,7.365579589482284,7.444871323704691,7.3663145500514915,6.843698083289063,0.6837687968973016,0.6648026747093114,D4,200-499,335,6927,12,False,1.6667,Card Game; Children's Game; Math; Number,0.4736842105263157,0.7272727272727273,0.0095693779904306,0.569377990430622,-0.5898592246839754,False,,,,,,other_exclusion,"n 209<260 and resid 0.68<0.70 — lower tail moderate SE, less evidence",False,False,False,False
85204,Kings of War,2012.0,246,7.8422632907507275,0.07613112948498164,0.07583718239119763,8.78700773959859,7.693046276960163,7.7661321612657455,7.69362241326398,7.173298466741811,0.6689648240089161,0.6764106397912535,D5,200-499,280,6196,22,False,2.5,Book; Fantasy; Miniatures; Wargame,0.1341463414634146,0.2601626016260162,0.1991869918699187,0.7682926829268293,-0.1510437785556035,True,8.072289156626505,6.664848484848485,1.4074406717780201,8.112244897959183,5.68,other_exclusion,"n 246<260 and resid 0.67<0.70 — lower tail moderate SE, less evidence",False,False,False,False
262498,Puzzle Dungeon,2019.0,237,7.805724798624217,0.07756318844071028,0.07725240781839929,8.438339166622779,7.653700949280425,7.7281616101835064,7.654310079300155,7.151220307716828,0.6545044909073887,0.6344959107211903,D5,200-499,396,4996,13,False,2.2308,Card Game; Fantasy; Puzzle,0.1350210970464135,0.3037974683544304,0.0464135021097046,0.8143459915611815,-0.1405349252064897,True,7.805,7.16875,0.6362499999999995,8.5,6.636363636363637,other_exclusion,"n 237<260 and resid 0.65<0.70 — lower tail moderate SE, less evidence",False,False,False,False
158886,Stonewall's Sword: The Battle of Cedar Mountain,2015.0,210,8.241385325342147,0.08239866572134366,0.08202634902034195,7.867586442894349,8.079883940528314,8.158986659620803,8.080613681262276,7.5931067000003205,0.6482786253418267,0.6545125299741192,D4,200-499,252,6284,20,False,3.1,American Civil War; Civil War; Post-Napoleonic; Wargame,0.1523809523809523,0.3714285714285714,0.0857142857142857,0.780952380952381,-0.2794805634373883,True,8.397368421052633,7.546875,0.8504934210526329,8.722222222222221,7.125,other_exclusion,"n 210<260 and resid 0.65<0.70 — lower tail moderate SE, less evidence",False,False,False,False
294986,Necromolds: Monster Battles,2021.0,230,7.984806854083933,0.07873465133124496,0.07840963485980895,8.226142039217015,7.830486937474693,7.906072202752688,7.831123969758708,7.337124428824885,0.6476824252590481,0.614753025062786,D5,200-499,342,5459,10,False,1.9,Fantasy; Fighting; Humor; Medieval; Miniatures; Wargame,0.2434782608695652,0.4347826086956521,0.0695652173913043,0.717391304347826,-0.148401071475236,True,8.4125,7.242857142857143,1.1696428571428568,8.53125,6.833333333333333,other_exclusion,"n 230<260 and resid 0.65<0.70 — lower tail moderate SE, less evidence",False,False,False,False
325889,Valor & Villainy: Lludwik's Labyrinth,2023.0,218,8.241692067161864,0.08087263243725189,0.08052053359872066,7.985179015355392,8.08318170758485,8.160819434724612,8.083871821308371,7.5959096197073706,0.6457824474544935,0.5667806019141999,D5,200-499,267,5811,10,False,2.7,Adventure; Dice; Exploration; Fantasy; Fighting; Medieval,0.1743119266055046,0.3486238532110092,0.0596330275229357,0.7155963302752294,-0.1808205075288385,True,8.630952380952381,7.49,1.1409523809523812,8.846153846153847,7.826923076923077,other_exclusion,"n 218<260 and resid 0.65<0.70 — lower tail moderate SE, less evidence",False,False,False,False
337864,Five Parsecs From Home: Solo Adventure Wargaming,2021.0,217,8.571983191473707,0.08105876072127415,0.08070423587187467,7.722823362039586,8.41310802046001,8.490924430752433,8.413802889164833,7.945980700477475,0.6260024909962327,0.6138545169143494,D5,200-499,316,4800,8,False,2.875,Book; Miniatures; Science Fiction; Wargame,0.0921658986175115,0.2211981566820276,0.1428571428571428,0.9262672811059908,-0.0927205186626445,True,8.774193548387096,7.340000000000001,1.4341935483870953,8.709677419354838,7.366666666666666,other_exclusion,"n 217<260 and resid 0.63<0.70 — lower tail moderate SE, less evidence",False,False,False,False
387015,Spring Cleaning,2024.0,202,8.004420241009694,0.08401447964718198,0.08361993330169236,7.261220913710586,7.839751860901217,7.920405761362511,7.840525171738377,7.3943725443410635,0.6100476966686301,0.5359179290423715,D4,200-499,301,6568,5,False,1.6,Animals; Card Game,0.5544554455445545,0.7871287128712872,0.0049504950495049,0.400990099009901,-0.7250638053661329,False,,,,,,other_exclusion,"n 202<260 and resid 0.61<0.70 — lower tail moderate SE, less evidence",False,False,False,False
