game_id,title,year,n_obs,adj_mean,residual_Q3bFam,residual_Q4Fam,SE,hiddenness_bucket,ref_penetration,hobby_well_known,spec_primary_share_ge10,spec_primary_share_ge20,tvd_volume_global,overlap_status_prop7c,sensitivity_class_prop7c,max_weight_prop7c,n_supported_ge10,has_broad_specialist,has_niche_drop,taxonomy,is_solo_first,is_duel,is_wargame_duel,is_euro_duel,is_edition_title,is_game_system,eligibility_flag,confidence
2470,The Extraordinary Adventures of Baron Munchausen,1998.0,379,7.54142635668983,1.675909551702483,1.6041756285978517,0.0613028818034207,eligible,0.0013435659314673,0,0.6965699208443272,0.4828496042216358,0.098880594342443,borderline_overlap,moderately_sensitive,1987.7283604623285,7,True,False,moderate_audience_selectivity,0,0,0,0,0,0,eligible,eligible
275972,Star Trek: Alliance – Dominion War Campaign,2021.0,193,8.586067013741074,1.340699787735952,1.3244635555031223,0.0859056723713636,eligible,0.0006843229144273,0,0.7772020725388601,0.6062176165803109,0.0898179361812925,borderline_overlap,moderately_sensitive,1270.5803346954783,6,True,False,moderate_audience_selectivity,1,1,0,0,0,0,eligible,eligible
244258,The Red Dragon Inn 7: The Tavern Crew,2018.0,310,7.855604716276058,1.3138743835085709,1.4141990850659347,0.0677828224813342,eligible,0.0010820184301417,0,0.667741935483871,0.3612903225806451,0.2296324705992541,adequate_overlap,stable_under_exposure_adjustment,1626.46208679483,6,True,False,moderate_audience_selectivity,0,0,0,0,0,0,eligible,eligible
340216,Heredity: The Book of Swan,2023.0,176,8.627492692999917,1.2455551384001249,1.144853577018866,0.089958905305302,eligible,0.0006269974346847,0,0.8352272727272727,0.6704545454545454,0.0789818079822536,borderline_overlap,moderately_sensitive,1392.845769466967,6,True,False,moderate_audience_selectivity,0,0,0,0,0,0,eligible,eligible
319604,Ricochet: A la poursuite du Comte courant,2020.0,223,7.738709549479767,1.166233544985153,1.1060003200943411,0.0799186362394187,eligible,0.0007918081889447,0,0.8789237668161435,0.7219730941704036,0.0930779148061687,borderline_overlap,moderately_sensitive,1851.9592978991896,5,True,False,moderate_audience_selectivity,0,0,0,0,0,0,eligible,eligible
252432,Zoo Break,2019.0,178,7.970369187843468,1.1336096480730395,1.1104013043589207,0.0894520905382537,eligible,0.0006269974346847,0,0.848314606741573,0.702247191011236,0.1325724695938719,borderline_overlap,moderately_sensitive,1146.1448768592034,5,True,False,moderate_audience_selectivity,0,0,0,0,0,0,eligible,eligible
41090,Magnate,2008.0,210,7.683532630210059,1.1239583821871555,1.0950519031937338,0.0823551662963296,eligible,0.0007452312366539,0,0.8523809523809524,0.7238095238095238,0.1854349629058035,borderline_overlap,moderately_sensitive,1129.5229354192684,4,True,False,moderate_audience_selectivity,0,1,0,1,0,0,eligible,eligible
377969,Marvel United: Multiverse,2024.0,405,8.598492892011315,1.105672169392216,1.1419167935019845,0.0593024975489745,eligible,0.0014331369935652,0,0.8567901234567902,0.6790123456790124,0.0526073085305435,borderline_overlap,moderately_sensitive,1740.6976292338688,7,True,False,moderate_audience_selectivity,0,0,0,0,0,0,eligible,eligible
147190,Yggdrasil (Second Edition with Asgard Expansion),2013.0,250,7.941970165184061,1.0960663468408525,1.0718412389236225,0.0754797566847212,eligible,0.0008921277784943,0,0.816,0.628,0.0409519332293753,borderline_overlap,moderately_sensitive,1371.5568561446405,7,True,False,moderate_audience_selectivity,0,0,0,0,1,0,borderline,borderline
317030,Quest: Avalon Big Box Edition,2021.0,322,8.283888142620466,1.078706432911451,0.9779570293974942,0.0665077966124016,eligible,0.0011536752798199,0,0.7981366459627329,0.5869565217391305,0.0924072008092812,borderline_overlap,moderately_sensitive,1505.2855795650055,5,True,False,moderate_audience_selectivity,0,0,0,0,1,0,borderline,borderline
212956,Room 25 Ultimate,2016.0,873,7.595697657822653,1.0508678343583249,1.0243214437419557,0.0403918155049935,eligible,0.0031134901185204,0,0.7949599083619702,0.6219931271477663,0.0405398639220482,borderline_overlap,moderately_sensitive,1766.3673148420526,7,True,False,moderate_audience_selectivity,0,0,0,0,1,0,borderline,borderline
267304,Mega Empires: The West,2019.0,366,8.65455353802916,1.045906982781709,1.1766389309609178,0.0623820946291276,eligible,0.0013077375066282,0,0.8907103825136612,0.7841530054644809,0.1180495318685759,borderline_overlap,moderately_sensitive,898.1131987548805,7,True,False,moderate_audience_selectivity,0,0,0,0,0,0,eligible,eligible
309917,Hidden Games Crime Scene: The Midnight Crown,2020.0,341,8.200197969827395,1.0272995430734555,0.9747281929722328,0.0646283854294272,eligible,0.0012002522321108,0,0.8944281524926686,0.7976539589442815,0.0537323653930117,borderline_overlap,moderately_sensitive,1509.0157929786426,7,True,False,moderate_audience_selectivity,0,0,0,0,0,0,eligible,eligible
250396,Terminator Genisys: Rise of the Resistance,2018.0,605,8.027841502955507,1.0002658609823225,0.9763545438359243,0.0485202252673427,eligible,0.0021317912779282,0,0.8727272727272727,0.7123966942148761,0.1046083271374865,borderline_overlap,moderately_sensitive,2091.149831890855,7,True,False,moderate_audience_selectivity,0,0,0,0,0,0,eligible,eligible
231962,Krazy Wordz,2016.0,753,7.545649480030701,0.9906496686600956,0.9114081218567592,0.0434913619256321,eligible,0.0026978803903865,0,0.7702523240371846,0.5511288180610889,0.0761080083451831,borderline_overlap,moderately_sensitive,2246.276972739872,7,True,False,moderate_audience_selectivity,0,0,0,0,0,0,eligible,eligible
424975,Wilmot's Warehouse,2024.0,477,8.153891057671837,0.988382747422742,0.936879571507868,0.0546438519905886,eligible,0.0017054330223426,0,0.8553459119496856,0.6834381551362684,0.1453630850980766,borderline_overlap,moderately_sensitive,2669.8062364636257,7,True,False,moderate_audience_selectivity,0,0,0,0,0,0,eligible,eligible
373600,Cthulhu: Death May Die – Fear of the Unknown,2024.0,502,8.926113203607716,0.9730528927537384,0.8801974796337078,0.0532658224682533,eligible,0.0017806727145047,0,0.8725099601593626,0.6952191235059761,0.062006201482174,borderline_overlap,moderately_sensitive,1340.5583873303551,7,True,False,moderate_audience_selectivity,0,0,0,0,0,0,eligible,eligible
270871,Agemonia,2024.0,650,9.13215688043694,0.97265641976489,0.9258036361652576,0.0468105579362371,eligible,0.0023216819295756,0,0.8707692307692307,0.6815384615384615,0.0896100334068923,adequate_overlap,stable_under_exposure_adjustment,1393.3229791164476,7,True,False,moderate_audience_selectivity,0,0,0,0,0,0,borderline,borderline
424774,Dorfromantik: Sakura,2024.0,370,8.443661175381106,0.9575298979588318,0.8712616900503694,0.0620439778051147,eligible,0.0013256517190478,0,0.7702702702702703,0.6405405405405405,0.0868663910363578,adequate_overlap,stable_under_exposure_adjustment,1574.8089858925207,7,True,False,moderate_audience_selectivity,0,0,0,0,0,0,eligible,eligible
367396,Avalon: Big Box,2022.0,398,8.346901925748652,0.9368294168363764,0.8624916011980961,0.059821728823544,eligible,0.0014223884661134,0,0.5804020100502513,0.3442211055276382,0.1791056429124329,borderline_overlap,moderately_sensitive,2330.4385917108693,7,True,False,moderate_audience_selectivity,0,0,0,0,1,0,borderline,borderline
257145,Teenage Mutant Ninja Turtles Adventures: City Fall,2020.0,220,8.318215717138065,0.924717804411726,0.7984910542859023,0.0804616909776487,eligible,0.0007774768190091,0,0.8363636363636363,0.65,0.1318810544102138,adequate_overlap,stable_under_exposure_adjustment,920.0997809141822,6,True,False,moderate_audience_selectivity,0,0,0,0,0,0,eligible,eligible
304847,Hidden Games Crime Scene: The New Haven Case,2019.0,664,8.372371019768345,0.91979303466419,0.8771292261793029,0.0463144441496585,eligible,0.0023503446694469,0,0.9006024096385542,0.7575301204819277,0.064706581941076,borderline_overlap,moderately_sensitive,1179.184895168248,7,True,False,moderate_audience_selectivity,0,0,0,0,0,0,eligible,eligible
195372,Krazy Wordz: Nicht 100% jugendfrei,2016.0,1080,7.590985157725267,0.9080193260340916,0.8235688710659872,0.0363152148669094,eligible,0.0038658870401421,0,0.7944444444444444,0.5592592592592592,0.0941727862705188,borderline_overlap,moderately_sensitive,2810.744884408948,7,True,False,moderate_audience_selectivity,0,0,0,0,0,0,eligible,eligible
187988,Pyramid Arcade,2016.0,813,7.945993544520125,0.8893168917946142,1.040289168035919,0.0418557591296589,eligible,0.0028555254596786,0,0.7884378843788438,0.6100861008610086,0.110017637303976,borderline_overlap,moderately_sensitive,1612.1130616496007,7,True,False,moderate_audience_selectivity,0,0,0,0,0,0,eligible,eligible
406174,Kinfire Delve: Callous' Lab,2024.0,284,8.423013689410212,0.8709735841584791,0.8870426869402834,0.0708176197861072,eligible,0.0009960302105278,0,0.8943661971830986,0.7007042253521126,0.036460872568845,borderline_overlap,moderately_sensitive,1397.719308904212,7,True,False,moderate_audience_selectivity,1,1,0,0,0,0,eligible,eligible
343844,Bullet★,2022.0,993,8.382052189896728,0.845257093068426,0.8402327859893752,0.0378726654570008,eligible,0.0035470140590739,0,0.8328298086606244,0.6676737160120846,0.0258957343022753,borderline_overlap,moderately_sensitive,2037.82428253154,7,True,False,moderate_audience_selectivity,0,0,0,0,0,0,eligible,eligible
184424,Mega Civilization,2015.0,1035,8.616270610757237,0.8333819157869158,0.9436389466935092,0.0370962765856366,eligible,0.0037082419708499,0,0.8956521739130435,0.7855072463768116,0.1358835481369974,borderline_overlap,moderately_sensitive,785.7829418879904,7,True,False,moderate_audience_selectivity,0,0,0,0,0,0,eligible,eligible
363625,Fateforge: Chronicles of Kaan,2024.0,405,8.61334760478483,0.8306880792721767,0.8611887570810133,0.0593024975489745,eligible,0.0014295541510813,0,0.8716049382716049,0.7135802469135802,0.0375504083870419,borderline_overlap,moderately_sensitive,1648.7836587750962,7,True,False,moderate_audience_selectivity,0,0,0,0,0,0,eligible,eligible
285157,Legendary: A James Bond Deck Building Game,2019.0,674,7.94157442227659,0.8239315822783198,0.7297568737162798,0.0459695812418302,eligible,0.0023897559367699,0,0.857566765578635,0.7181008902077152,0.0365447198090735,borderline_overlap,moderately_sensitive,1758.2537992590046,7,True,False,moderate_audience_selectivity,0,0,0,0,0,0,eligible,eligible
12166,Funkenschlag,2001.0,897,7.979448127313571,0.8211949631766977,0.7026784683592222,0.0398477931516826,eligible,0.0032138097080699,0,0.8896321070234113,0.7837235228539576,0.1618961828452843,borderline_overlap,moderately_sensitive,512.8554173600846,7,True,False,moderate_audience_selectivity,0,0,0,0,0,0,eligible,eligible
410209,Hitster: Summer Party,2024.0,452,7.8111026200329,0.814264588203061,0.8106711322196016,0.0561346835132536,eligible,0.0016122791177608,0,0.7323008849557522,0.4800884955752212,0.0478814930203817,borderline_overlap,moderately_sensitive,1977.700024085424,6,True,False,moderate_audience_selectivity,0,0,0,0,0,0,eligible,eligible
256874,Legendary Encounters: The X-Files Deck Building Game,2018.0,815,7.852452424928615,0.7758267202534848,0.6466108803432347,0.0418043708240575,eligible,0.0029092680969373,0,0.8993865030674847,0.7803680981595092,0.0486543610945268,borderline_overlap,moderately_sensitive,1178.7256204665669,7,True,False,moderate_audience_selectivity,0,0,0,0,0,0,eligible,eligible
404538,Kinfire Delve: Scorn's Stockade,2024.0,408,8.28771414548349,0.7753282049208536,0.7888662261424866,0.0590840714014614,eligible,0.0014438855210169,0,0.8995098039215687,0.7254901960784313,0.0687107918821706,borderline_overlap,moderately_sensitive,1538.448032141052,7,True,False,moderate_audience_selectivity,1,1,0,0,0,0,eligible,eligible
4385,A Gamut of Games,1969.0,434,8.074748244439382,1.9529358035829425,1.9587624149546825,0.0572869408176073,eligible,0.0015298737406308,0,,,0.2081692178981229,adequate_overlap,stable_under_exposure_adjustment,638.8566649613615,4,False,False,moderate_audience_selectivity,0,0,0,0,0,0,eligible,eligible
1803,Zopp,1997.0,158,7.667323849066769,1.7523496363884623,1.7249611797053743,0.0949449679809969,eligible,0.0005660891124582,0,,,0.3449889110673465,borderline_overlap,moderately_sensitive,1553.773959842081,1,False,False,moderate_audience_selectivity,0,0,0,0,0,0,eligible,eligible
341489,Carrooka,2021.0,195,8.554627332404891,1.7484965230713527,1.7303145183894395,0.0854639950369319,eligible,0.0006914885993952,0,,,0.1890979665688071,borderline_overlap,moderately_sensitive,2045.099562917252,3,False,False,low_audience_selectivity,0,0,0,0,0,0,eligible,eligible
541,Das Motorsportspiel,1995.0,381,7.884625607694253,1.6685431334859606,1.855485018736677,0.0611417701403507,eligible,0.0013471487739513,0,,,0.2947712958641837,adequate_overlap,stable_under_exposure_adjustment,1172.946178393212,2,False,False,moderate_audience_selectivity,0,0,0,0,0,0,eligible,eligible
156372,Heart of Crown: Fairy Garden,2013.0,304,8.435737541032188,1.5841251101401923,1.4957523247309863,0.0684484635485595,eligible,0.0010784355876578,0,,,0.1055277613957368,adequate_overlap,stable_under_exposure_adjustment,915.3242185094732,4,False,False,moderate_audience_selectivity,0,0,0,0,0,0,eligible,eligible
14188,Bughouse Chess,1960.0,362,7.928732592221245,1.5722549790279414,1.540566499582181,0.0627258002310878,eligible,0.0012826576092408,0,,,0.1486814769810468,adequate_overlap,stable_under_exposure_adjustment,537.9346498836067,4,False,False,low_audience_selectivity,0,0,0,0,0,0,eligible,eligible
62814,Tumblin-Dice Medium,2008.0,215,7.61403753309305,1.5332386757323686,1.5010055106635782,0.0813919148403426,eligible,0.0007667282915573,0,,,0.2044825819534225,borderline_overlap,moderately_sensitive,1763.5330297069806,1,False,False,low_audience_selectivity,0,0,0,0,0,0,eligible,eligible
161880,The Quiet Year,2013.0,406,7.928581363307283,1.5308571429386708,1.4713888981424672,0.059229419890224,eligible,0.0014438855210169,0,,,0.0612432022239084,borderline_overlap,moderately_sensitive,2526.619538597028,4,False,False,low_audience_selectivity,0,0,0,0,0,0,eligible,eligible
165748,Psycho Raiders,2014.0,197,8.273367651575443,1.5243620593184044,1.4052059761368945,0.0850290609412402,eligible,0.0007022371268469,0,,,0.0616762892235735,adequate_overlap,stable_under_exposure_adjustment,1053.3618878210364,4,False,False,moderate_audience_selectivity,0,0,0,0,0,0,eligible,eligible
207951,Tintas,2016.0,312,8.107522688894388,1.5147093255764208,1.4808445938717387,0.0675652205635077,eligible,0.0010927669575934,0,,,0.2679441204149609,adequate_overlap,stable_under_exposure_adjustment,1248.8239469070108,2,False,False,moderate_audience_selectivity,0,1,0,1,0,0,eligible,eligible
141067,History Maker Baseball,2013.0,207,8.227778046143344,1.4972091288207867,1.3744098434110512,0.0829497961576172,eligible,0.000655660174556,0,,,0.1656457030882611,borderline_overlap,moderately_sensitive,1746.0607854524626,4,False,False,moderate_audience_selectivity,1,1,0,0,0,0,eligible,eligible
5217,Eleusis,1956.0,216,7.787940551780393,1.4813219062552925,1.518561539883185,0.0812032890599204,eligible,0.0007703111340413,0,,,0.2896677671386077,borderline_overlap,moderately_sensitive,449.4515509556878,2,False,False,moderate_audience_selectivity,0,0,0,0,0,0,eligible,eligible
237009,Urbino,2017.0,207,8.44228573901027,1.4510307110602092,1.4295185874866707,0.0829497961576172,eligible,0.0007201513392665,0,,,0.2421637413737123,adequate_overlap,stable_under_exposure_adjustment,1062.7197821628915,2,False,False,moderate_audience_selectivity,0,1,0,1,0,0,eligible,eligible
2251,Strat-O-Matic Baseball,1962.0,1071,7.917105514613079,1.440682335595782,1.3287759338052494,0.0364674805865797,eligible,0.0036365851211717,0,,,0.0758630058240967,adequate_overlap,stable_under_exposure_adjustment,1020.2893286978916,4,False,False,moderate_audience_selectivity,1,1,0,0,0,0,eligible,eligible
7290,Dynasty League Baseball Powered by Pursue the Pennant,1985.0,222,7.837850753987609,1.4244718999451704,1.3098385551627052,0.0800984309238906,eligible,0.0007344827092021,0,,,0.0509039136720587,adequate_overlap,moderately_sensitive,1201.4741919779726,4,False,False,moderate_audience_selectivity,1,1,0,0,0,0,eligible,eligible
345976,System Gateway (fan expansion for Android: Netrunner),2021.0,660,9.452369137041869,1.3670866539472597,1.4736530553399891,0.0464545789453979,eligible,0.0023646760393826,0,,,0.1303659028950623,adequate_overlap,stable_under_exposure_adjustment,692.8830740271782,4,False,False,moderate_audience_selectivity,0,1,0,1,0,0,eligible,eligible
4079,What's My Word?,1972.0,375,7.512861846020476,1.321751082084489,1.3086007368962758,0.0616289632623315,eligible,0.0013364002464995,0,,,0.2524825819534225,borderline_overlap,moderately_sensitive,813.4320869448907,4,False,False,moderate_audience_selectivity,0,1,0,1,0,0,eligible,eligible
186567,Baseball Highlights: 2045 – Super Deluxe Edition,2015.0,513,8.15557440517576,1.3020836401238365,1.246580468569814,0.0526916518071695,eligible,0.0018344153517634,0,,,0.1179057297403044,adequate_overlap,stable_under_exposure_adjustment,1308.2637499220623,4,False,False,moderate_audience_selectivity,0,0,0,0,1,0,borderline,borderline
194923,Techno Bowl: Arcade Football Unplugged,2017.0,261,8.569860666363287,1.3020226617654114,1.2816585143406591,0.0738720654821974,eligible,0.0009172076758817,0,,,0.0524439174501708,adequate_overlap,stable_under_exposure_adjustment,1044.741061228564,4,False,False,moderate_audience_selectivity,0,1,0,1,0,0,eligible,eligible
398162,MicroMacro: Crime City – Showdown,2023.0,452,8.274026909309363,1.2516533529018383,1.1730381861334802,0.0561346835132536,eligible,0.0016122791177608,0,0.9314159292035398,0.7876106194690266,0.1243940863782012,borderline_overlap,moderately_sensitive,3191.4710132561654,3,False,False,moderate_audience_selectivity,0,0,0,0,0,0,eligible,eligible
174458,Baseball Highlights: 2045 – Deluxe Edition,2015.0,545,8.15720858888965,1.2402009131494545,1.1908552336152205,0.0511213418385036,eligible,0.0019526491537326,0,,,0.1531064351644317,adequate_overlap,stable_under_exposure_adjustment,1234.6938632598246,4,False,False,low_audience_selectivity,0,0,0,0,1,0,borderline,borderline
12608,Chess960,1996.0,158,8.110360596352983,1.2329992733718385,1.223780063061911,0.0949449679809969,eligible,0.0005517577425226,0,,,0.1459300981043225,adequate_overlap,moderately_sensitive,513.1601543488134,1,False,False,low_audience_selectivity,0,1,0,1,0,0,eligible,eligible
158976,Ascension: Year One Collector's Edition,2015.0,433,7.972375996145021,1.2247712822861925,1.1173147288124854,0.0573530538699805,eligible,0.0015370394255986,0,,,0.0826534048166422,borderline_overlap,stable_under_exposure_adjustment,1173.0078501021592,4,False,False,moderate_audience_selectivity,0,0,0,0,1,0,borderline,borderline
261321,Ascension: Deliverance,2018.0,219,8.067083502131386,1.2213511844057372,1.113200749838395,0.0806451842398444,eligible,0.000781059661493,0,,,0.0681889270737462,adequate_overlap,stable_under_exposure_adjustment,1413.3477047842937,4,False,False,moderate_audience_selectivity,0,0,0,0,0,0,eligible,eligible
184145,Flash Duel: Revised Second Edition,2015.0,156,7.573229835952584,1.214890774986828,1.1694321902101867,0.0955516512656422,eligible,0.0005553405850065,0,,,0.0958158146884771,adequate_overlap,stable_under_exposure_adjustment,1390.5371205138836,2,False,False,low_audience_selectivity,0,0,0,0,1,0,borderline,borderline
199723,"UltraQuest: Gold, Ruhm! und Ehre!",2016.0,533,8.339510883737358,1.210770015119225,1.159655488747111,0.0516936134931369,eligible,0.0019024893589578,0,,,0.1084474326395408,borderline_overlap,stable_under_exposure_adjustment,1090.4415854063784,4,False,False,moderate_audience_selectivity,0,0,0,0,0,0,eligible,eligible
100169,Hero of Weehawken: The Aaron Burr Conspiracy 1805-1807,2011.0,165,7.796908998662534,1.2093583937132737,1.319959405843857,0.0929091578907959,eligible,0.0005875861673617,0,,,0.1438765213473619,adequate_overlap,stable_under_exposure_adjustment,1533.000899521697,2,False,False,moderate_audience_selectivity,1,1,0,0,0,0,eligible,eligible
380707,Vindication: Archive of the Ancients,2023.0,188,8.89431653362219,1.20831147963991,1.1684063082955198,0.0870405388951028,eligible,0.0006699915444917,0,,,0.0973566609779327,adequate_overlap,moderately_sensitive,715.4571658794288,2,False,False,moderate_audience_selectivity,0,0,0,0,0,0,eligible,eligible
90942,Mixtour,2012.0,159,7.7790354639485635,1.2066513499574807,1.1838311649654418,0.0946459279689731,eligible,0.0005445920575547,0,,,0.2274074934499671,adequate_overlap,stable_under_exposure_adjustment,815.5286252756664,2,False,False,low_audience_selectivity,0,1,0,1,0,0,eligible,eligible
373835,Unlock! Kids: Stories from the Past,2022.0,252,8.076560191133414,1.2059661688062722,1.1186359363502358,0.0751796371793148,eligible,0.000902876305946,0,,,0.1736701407678733,borderline_overlap,stable_under_exposure_adjustment,1567.4923191031523,2,False,False,moderate_audience_selectivity,0,0,0,0,0,0,eligible,eligible
248878,FlickFleet,2019.0,214,8.1419606295357,1.1902726617722443,1.142913453517016,0.0815818612243143,eligible,0.0007523969216217,0,,,0.0818642538812273,adequate_overlap,stable_under_exposure_adjustment,1654.7074511350477,4,False,False,moderate_audience_selectivity,0,1,0,1,0,0,eligible,eligible
324711,Schadenfreude,2020.0,821,8.334325814342495,1.1756063451589345,1.228772058024937,0.0416513341755915,eligible,0.0029343479943247,0,,,0.3060660167889889,borderline_overlap,moderately_sensitive,1643.2288477994923,4,False,False,moderate_audience_selectivity,0,0,0,0,0,0,borderline,borderline
59335,Wherewolf,2009.0,164,7.505710001170089,1.1707625591448316,1.2141817897898797,0.0931919870317611,eligible,0.0005875861673617,0,0.6524390243902439,0.3536585365853658,0.1394198570709677,borderline_overlap,moderately_sensitive,1959.4772545827427,6,False,False,moderate_audience_selectivity,0,0,0,0,0,0,eligible,eligible
315048,Survive: Escape from Atlantis!,2010.0,384,7.551906702794063,1.1705634074352682,1.0774414227457294,0.0609024667949403,eligible,0.0013722286713386,0,,,0.1637554544702218,borderline_overlap,moderately_sensitive,1797.7703360041626,4,False,False,moderate_audience_selectivity,0,0,0,0,0,0,eligible,eligible
249552,Ascension: Delirium,2018.0,280,7.993049940944362,1.147317623218714,1.0540845217425838,0.0713216661455134,eligible,0.0010031958954956,0,,,0.0998606169583495,adequate_overlap,stable_under_exposure_adjustment,1326.002466783557,4,False,False,low_audience_selectivity,0,0,0,0,0,0,eligible,eligible
324157,Hidden Games Crime Scene: Green Poison,2020.0,253,8.432093468244132,1.140850289534615,1.0944822715347406,0.0750309137158037,eligible,0.0008921277784943,0,0.9486166007905138,0.8458498023715415,0.0952304645021101,borderline_overlap,moderately_sensitive,1280.9641715494108,2,False,False,moderate_audience_selectivity,0,0,0,0,0,0,eligible,eligible
294693,Nokosu Dice,2016.0,1222,8.257636144590894,1.1284088351608883,1.0989167789657852,0.0341401081769046,eligible,0.0043746506728578,0,,,0.3393434657504765,borderline_overlap,moderately_sensitive,1749.4093563625318,4,False,False,moderate_audience_selectivity,0,0,0,0,0,0,eligible,eligible
359065,Blitz Bowl: Ultimate Edition,2022.0,249,8.579050702178197,1.1272706247452433,1.0826837777888123,0.0756311705915286,eligible,0.0008777964085586,0,,,0.0425362614045296,adequate_overlap,stable_under_exposure_adjustment,1557.5559747304212,4,False,False,moderate_audience_selectivity,0,1,0,1,1,0,borderline,borderline
38429,Cornerstone,2008.0,231,7.581854742456799,1.126522736561566,1.012011519479752,0.0785225700946497,eligible,0.0008240537712999,0,,,0.2365172139880546,borderline_overlap,moderately_sensitive,1288.5170584460718,2,False,False,moderate_audience_selectivity,0,0,0,0,0,0,eligible,eligible
138704,Northern Pacific,2013.0,1083,7.806710588238965,1.1260073329429447,0.9939132819608724,0.0362648819045817,eligible,0.0038730527251099,0,,,0.2997734406791843,borderline_overlap,moderately_sensitive,1987.228149895775,4,False,False,moderate_audience_selectivity,0,0,0,0,0,0,eligible,eligible
153498,Kamisado Max,2014.0,155,7.6015884541196,1.1243801882776925,1.0977987636407605,0.0958593868490308,eligible,0.0005481749000386,0,,,0.1477868842394555,adequate_overlap,stable_under_exposure_adjustment,1097.0616733875977,2,False,False,low_audience_selectivity,0,1,0,1,0,0,eligible,eligible
384,TurfMaster,1998.0,1030,7.683046583267463,1.1234980078369103,1.4217032609653648,0.0371862070850864,eligible,0.0036831620734626,0,,,0.3239000576815778,adequate_overlap,stable_under_exposure_adjustment,1304.501507162283,4,False,False,moderate_audience_selectivity,0,0,0,0,0,0,eligible,eligible
83040,Leader 1: Hell of the North,2011.0,480,7.913656690269035,1.1010388915141354,1.034755512499209,0.0544728223003641,eligible,0.0017018501798586,0,,,0.1023992486200891,adequate_overlap,stable_under_exposure_adjustment,1000.2016294942472,4,False,False,low_audience_selectivity,0,0,0,0,0,0,eligible,eligible
322984,Shadows of Brimstone: City of the Ancients (Revised Edition),2020.0,182,8.575585667395497,1.095121670674324,1.1261644620890472,0.0884636393081889,eligible,0.0006413288046204,0,0.8846153846153846,0.7087912087912088,0.1715679544702218,adequate_overlap,stable_under_exposure_adjustment,849.4102050569196,3,False,False,moderate_audience_selectivity,0,0,0,0,1,0,borderline,borderline
212370,Omen: Edge of the Aegean,2016.0,183,7.772215473079981,1.092582047783856,1.0740750528228409,0.0882216042737541,eligible,0.000655660174556,0,,,0.1644976193002699,adequate_overlap,stable_under_exposure_adjustment,981.7098276084848,2,False,False,moderate_audience_selectivity,0,1,0,1,0,0,eligible,eligible
9963,Santorini,2004.0,380,7.687820440284095,1.0900777802467472,1.0934937415729076,0.0612221669799983,eligible,0.0013435659314673,0,,,0.1886931082692119,borderline_overlap,moderately_sensitive,915.558309380897,4,False,False,low_audience_selectivity,0,0,0,0,0,0,eligible,eligible
224149,Deadball,2017.0,172,7.871282045940592,1.0795528884209018,0.9629772075799456,0.09099892720094,eligible,0.0005804204823939,0,,,0.1862150924651821,borderline_overlap,stable_under_exposure_adjustment,1466.3055183365325,3,False,False,moderate_audience_selectivity,1,1,0,0,0,0,eligible,eligible
251830,Alhambra: Mega Box,2019.0,221,8.256667811970221,1.078547443792031,1.1010149983402044,0.0802794445579611,eligible,0.0007918081889447,0,,,0.1610436679262731,adequate_overlap,stable_under_exposure_adjustment,740.8395737172355,2,False,False,moderate_audience_selectivity,0,0,0,0,0,0,eligible,eligible
178940,Push It,2015.0,501,7.567982381240202,1.0735219406422596,1.0257433817348174,0.0533189554714571,eligible,0.0017914212419565,0,,,0.213265017083163,borderline_overlap,moderately_sensitive,2023.2125945438684,2,False,False,moderate_audience_selectivity,0,0,0,0,0,0,eligible,eligible
147887,Allegiance: A Realm Divided,2015.0,301,8.1694374404753,1.067428998211275,1.0575570664466696,0.0687887231278166,eligible,0.0010784355876578,0,,,0.0731688541282085,adequate_overlap,moderately_sensitive,842.9041793288801,4,False,False,low_audience_selectivity,0,0,0,0,0,0,eligible,eligible
153625,Han,2014.0,354,7.729112032176084,1.0668685476018327,0.9036517108974076,0.0634306066246325,eligible,0.0012683262393052,0,,,0.3135221299760213,adequate_overlap,stable_under_exposure_adjustment,774.4639438758269,2,False,False,moderate_audience_selectivity,0,0,0,0,0,0,eligible,eligible
32928,Mü and Lots More,2007.0,852,7.883644317423068,1.0635044856128086,1.0207809046733427,0.0408865718468776,eligible,0.0030489989538099,0,,,0.3380506570707934,adequate_overlap,stable_under_exposure_adjustment,660.4514474349886,2,False,False,moderate_audience_selectivity,0,0,0,0,0,0,eligible,eligible
119637,Zug um Zug: Deutschland,2012.0,910,7.773935741652534,1.0631685195206575,1.0118652419350118,0.0395621422060265,eligible,0.0032568038178769,0,,,0.0319806168416434,adequate_overlap,stable_under_exposure_adjustment,1527.854302599949,4,False,False,moderate_audience_selectivity,0,0,0,0,0,0,eligible,eligible
379908,Marvel United: Spider-Geddon,2023.0,440,8.473507589416219,1.0544668225060807,1.1391282804622769,0.0568950073160318,eligible,0.0015406222680826,0,0.865909090909091,0.6795454545454546,0.0226944276895766,adequate_overlap,stable_under_exposure_adjustment,1488.2860867897907,7,False,False,moderate_audience_selectivity,0,0,0,0,0,0,eligible,eligible
756,Black Vienna,1987.0,474,7.533283679784169,1.048110251107202,1.063582677200225,0.054816502822029,eligible,0.001687518809923,0,,,0.3449889110673465,borderline_overlap,moderately_sensitive,638.5629809551198,2,False,False,moderate_audience_selectivity,0,0,0,0,0,0,eligible,eligible
139131,Hoplomachus: Rise of Rome,2013.0,389,8.212705736298304,1.0451079008444015,0.8721581984806779,0.0605097968930783,eligible,0.0013829771987904,0,0.910025706940874,0.7737789203084833,0.0506546801373621,borderline_overlap,moderately_sensitive,1092.0836107470425,4,False,False,moderate_audience_selectivity,1,1,0,0,0,0,eligible,eligible
184866,Wings for the Baron (Second Edition),2015.0,298,7.95039283189382,1.0308201339013523,0.9880439422561196,0.0691341080094018,eligible,0.0010497728477865,0,,,0.2252879510809393,borderline_overlap,moderately_sensitive,1705.4513699548784,2,False,False,low_audience_selectivity,0,0,0,0,1,0,borderline,borderline
218933,Warhammer Quest: Shadows Over Hammerhal,2017.0,229,7.7210007882460285,1.0280431541912716,0.9216674759561396,0.0788647179900584,eligible,0.0007738939765252,0,,,0.192909287080448,borderline_overlap,moderately_sensitive,1808.3139191139005,4,False,False,moderate_audience_selectivity,0,0,0,0,0,0,eligible,eligible
274075,The Quest Kids,2021.0,305,7.5061439005341395,1.0241023837654255,0.9667731840663656,0.0683361608255901,eligible,0.0010891841151095,0,,,0.073534246397372,borderline_overlap,moderately_sensitive,2925.835506372633,3,False,False,moderate_audience_selectivity,0,0,0,0,0,0,eligible,eligible
308368,Digimon Card Game,2020.0,175,7.64455187342677,1.0180566394044872,0.9884358240842815,0.0902155646151778,eligible,0.0006198317497169,0,,,0.124494433751002,borderline_overlap,stable_under_exposure_adjustment,1261.70724639742,3,False,False,low_audience_selectivity,0,1,0,1,0,0,eligible,eligible
308970,A Touch of Evil: 10 Year Anniversary Edition,2020.0,222,8.20161764201502,1.015779609486808,1.4616238292023134,0.0800984309238906,eligible,0.0007703111340413,0,0.9234234234234234,0.7972972972972973,0.058369137840483,borderline_overlap,moderately_sensitive,1408.6718176706663,4,False,False,moderate_audience_selectivity,0,0,0,0,1,0,borderline,borderline
344415,Trek 12: Amazonia,2021.0,383,7.594951215151561,1.0145735820482518,0.8780259099318091,0.0609819221017805,eligible,0.0013686458288547,0,,,0.1049530519750711,borderline_overlap,moderately_sensitive,2399.584011378196,4,False,False,moderate_audience_selectivity,0,0,0,0,0,0,eligible,eligible
33767,Yavalath,2007.0,256,7.589164746620361,1.0126704569927911,0.8986429405096272,0.0745899838621996,eligible,0.0008849620935265,0,,,0.2372950819534225,borderline_overlap,moderately_sensitive,1039.9660160745618,4,False,False,moderate_audience_selectivity,0,0,0,0,0,0,eligible,eligible
215616,Ascension: Gift of the Elements,2017.0,483,7.838545257196976,0.9952375951167838,0.8851687784142612,0.0543033885390625,eligible,0.0017233472347621,0,,,0.0765322713944163,adequate_overlap,stable_under_exposure_adjustment,1069.3833450461846,4,False,False,low_audience_selectivity,0,0,0,0,0,0,eligible,eligible
415945,Unmatched: Slings and Arrows,2024.0,440,8.6899613146951,0.9929539712282178,0.9595963483132656,0.0568950073160318,eligible,0.0015442051105665,0,,,0.0673303651851116,adequate_overlap,stable_under_exposure_adjustment,1202.362051994406,4,False,False,moderate_audience_selectivity,0,0,0,0,0,0,eligible,eligible
299317,Aeon's End: Outcasts,2020.0,1087,8.807349215333737,0.9917402000468788,0.8801434705943123,0.0361980956933816,eligible,0.0038873840950456,0,0.9282428702851886,0.7580496780128795,0.047280608018317,adequate_overlap,stable_under_exposure_adjustment,1245.8499629184828,7,False,False,moderate_audience_selectivity,0,0,0,0,0,0,eligible,eligible
371140,Ticket to Ride: Northern Lights,2022.0,223,8.097440438231734,0.9905009583939464,0.898973551106673,0.0799186362394187,eligible,0.0007953910314286,0,,,0.1514547991224158,adequate_overlap,stable_under_exposure_adjustment,1601.2825846487217,4,False,False,low_audience_selectivity,0,0,0,0,0,0,eligible,eligible
27976,Heroscape Master Set: Swarm of the Marro,2007.0,2332,7.740418926908029,0.986686768105086,0.9432020345635106,0.024713611929886,borderline,0.0081796293907734,1,,,0.0437806474376318,adequate_overlap,stable_under_exposure_adjustment,1295.830072139309,4,False,False,moderate_audience_selectivity,0,0,0,0,0,0,borderline,borderline
23604,The World Cup Game,2006.0,741,7.527375316005767,0.986540830154672,0.9525128233265648,0.0438421043953026,eligible,0.0026441377531278,0,,,0.2846445252732605,borderline_overlap,moderately_sensitive,1540.6331644893262,4,False,False,moderate_audience_selectivity,0,0,0,0,0,0,eligible,eligible
149910,Six Making,2013.0,246,7.607342004502621,0.984122002987906,0.9569890529935988,0.0760909387812939,eligible,0.000863465038623,0,,,0.2061085982135851,adequate_overlap,moderately_sensitive,1332.444672074183,4,False,False,low_audience_selectivity,0,1,0,1,0,0,eligible,eligible
189190,9 Lives,2015.0,852,7.69336308968328,0.9831963950649144,0.9579784590313264,0.0408865718468776,eligible,0.0030489989538099,0,,,0.3439192016717324,adequate_overlap,stable_under_exposure_adjustment,1420.7099588190606,4,False,False,moderate_audience_selectivity,0,0,0,0,0,0,eligible,eligible
166859,Web of Spies,2014.0,184,7.500385318603385,0.9805015206820756,0.9107850255742348,0.0879815450416394,eligible,0.000655660174556,0,,,0.0405620353744219,adequate_overlap,moderately_sensitive,1217.309832523645,4,False,False,low_audience_selectivity,0,0,0,0,0,0,eligible,eligible
128425,Asteriated Grail,2010.0,156,7.8831851516459555,0.9734486027273396,0.9283886366089432,0.0955516512656422,eligible,0.0005553405850065,0,,,0.0909549758160023,adequate_overlap,stable_under_exposure_adjustment,984.7620911153356,2,False,False,low_audience_selectivity,0,0,0,0,0,0,eligible,eligible
263938,Paupers' Ladder,2019.0,251,7.9002018437381105,0.9733682283069554,0.9712337981206528,0.0753292485455614,eligible,0.0008957106209782,0,,,0.0851316650088603,adequate_overlap,moderately_sensitive,1591.6263709791588,4,False,False,moderate_audience_selectivity,0,0,0,0,0,0,eligible,eligible
84889,Cave Evil,2011.0,538,8.138333952756502,0.9704709166676864,1.1674973734515568,0.0514528408126127,eligible,0.0019204035713773,0,,,0.0499159368476506,adequate_overlap,moderately_sensitive,748.9118741276217,4,False,False,low_audience_selectivity,0,0,0,0,0,0,eligible,eligible
180543,"Exceed: Red Horizon – Reese, Heidi, Nehtali, and Vincent",2016.0,218,7.949869745219902,0.9685285881758174,0.989586231034024,0.0808299386268655,eligible,0.0007631454490734,0,,,0.1111490041547231,adequate_overlap,stable_under_exposure_adjustment,1129.081512870747,4,False,False,low_audience_selectivity,0,1,0,1,0,0,eligible,eligible
257601,The Duke: Lord's Legacy,2018.0,391,7.994661690379034,0.9681749406591312,0.9663051531257354,0.0603548419731723,eligible,0.0013937257262421,0,,,0.0569670028269927,adequate_overlap,stable_under_exposure_adjustment,1206.7838244858756,4,False,False,moderate_audience_selectivity,0,1,0,1,0,0,eligible,eligible
3406,Lines of Action,1969.0,557,7.539860150196591,0.95822543362602,0.9735700790174872,0.0505676647716693,eligible,0.001934734941313,0,,,0.2220768368905859,adequate_overlap,stable_under_exposure_adjustment,538.2913402372402,4,False,False,low_audience_selectivity,0,1,0,1,0,0,eligible,eligible
180942,A Touch of Evil: Dark Gothic – Colonial Horror,2015.0,215,7.591385215335654,0.954670041484322,0.8547474413162028,0.0813919148403426,eligible,0.0007631454490734,0,,,0.1021570005580737,adequate_overlap,stable_under_exposure_adjustment,1372.9513171696835,2,False,False,moderate_audience_selectivity,0,0,0,0,0,0,eligible,eligible
326933,Unmatched: Redemption Row,2022.0,1188,8.31891225369407,0.954334755864494,0.9241378023608178,0.0346251987960134,eligible,0.0041632629663069,0,,,0.0832278557570151,borderline_overlap,stable_under_exposure_adjustment,1267.423838996007,4,False,False,moderate_audience_selectivity,0,0,0,0,0,0,eligible,eligible
320698,Blitz Bowl: Season 2,2020.0,292,8.284951700506632,0.9484032170126095,0.9153976738600952,0.0698407782445817,eligible,0.0010318586353669,0,,,0.0263646839835448,adequate_overlap,stable_under_exposure_adjustment,1136.8967654455976,4,False,False,moderate_audience_selectivity,0,1,0,1,0,0,eligible,eligible
14634,Homeworlds,2001.0,456,7.898991456140664,0.9428553759504714,1.0737208029953438,0.055887936457155,eligible,0.0016015305903091,0,,,0.1110615293218435,adequate_overlap,moderately_sensitive,552.2883063920108,4,False,False,low_audience_selectivity,0,0,0,0,0,0,eligible,eligible
124839,Hoplomachus: The Lost Cities,2012.0,555,7.977208760900543,0.94196892316792,0.7220503983442157,0.0506586957450319,eligible,0.0019705633661521,0,,,0.0272579190300645,adequate_overlap,stable_under_exposure_adjustment,1259.7240938162215,4,False,False,low_audience_selectivity,0,0,0,0,0,0,eligible,eligible
373105,Legendary Encounters: The Matrix,2023.0,245,8.41383020541206,0.9411815764696688,0.8787685502067824,0.0762460682772529,eligible,0.0008742135660747,0,0.9102040816326532,0.8204081632653061,0.0657070717493408,borderline_overlap,moderately_sensitive,815.111775302386,4,False,False,moderate_audience_selectivity,0,0,0,0,0,0,eligible,eligible
75448,Tanto Cuore: Romantic Vacation,2010.0,459,7.686309423650441,0.9404136499072192,0.8500204908564069,0.055704996730778,eligible,0.001605113432793,0,,,0.0870783677189228,adequate_overlap,stable_under_exposure_adjustment,959.2658803998644,4,False,False,moderate_audience_selectivity,0,0,0,0,0,0,eligible,eligible
123609,Puzzle Strike Shadows,2012.0,639,8.118031888697127,0.9403202205508644,0.8965224097606423,0.0472117465240715,eligible,0.0022858535047365,0,,,0.1084101341162311,adequate_overlap,stable_under_exposure_adjustment,709.4089861981602,4,False,False,low_audience_selectivity,0,0,0,0,0,0,eligible,eligible
341512,In the Ashes,2022.0,305,8.289868806340237,0.9393289438895174,0.8361995792177268,0.0683361608255901,eligible,0.0010856012726256,0,,,0.1469777905357956,borderline_overlap,stable_under_exposure_adjustment,1395.466251511517,3,False,False,moderate_audience_selectivity,1,1,0,0,0,0,eligible,eligible
351113,KeyForge: Winds of Exchange,2023.0,152,8.548795547818573,0.9380604753373288,1.0141985551080008,0.0968007454739734,eligible,0.0005445920575547,0,,,0.0699454312107916,adequate_overlap,stable_under_exposure_adjustment,1043.2267865564647,4,False,False,moderate_audience_selectivity,0,1,0,1,0,0,eligible,eligible
158889,Summoner Wars: Alliances Master Set,2014.0,1794,8.286580762765244,0.9333172085564811,0.9586305110713428,0.0281766447528736,borderline,0.0064061223612365,1,,,0.0354969729333792,adequate_overlap,stable_under_exposure_adjustment,1047.186196913868,4,False,False,moderate_audience_selectivity,0,0,0,0,0,0,eligible,eligible
185123,Ascension: Dreamscape,2015.0,764,7.895070482600537,0.9332685636481086,0.8255425978280604,0.0431771345054873,eligible,0.0027193774452899,0,,,0.0377286552518518,adequate_overlap,stable_under_exposure_adjustment,1094.7776344279137,4,False,False,low_audience_selectivity,0,0,0,0,0,0,eligible,eligible
326934,Unmatched: Hell's Kitchen,2022.0,1133,8.351246146044652,0.932172626248546,0.9054540936719936,0.0354556572915693,eligible,0.0039662066296917,0,,,0.0768942935982103,borderline_overlap,stable_under_exposure_adjustment,1227.6058203967032,4,False,False,moderate_audience_selectivity,0,0,0,0,0,0,eligible,eligible
191475,Wizard: Jubiläumsedition,2016.0,562,7.857703726761505,0.9302893483260384,0.927425425917388,0.0503422170827995,eligible,0.0020028089485073,0,,,0.1092903743990475,borderline_overlap,stable_under_exposure_adjustment,1587.311073685133,4,False,False,moderate_audience_selectivity,0,0,0,0,1,0,borderline,borderline
131014,Carcassonne: Winter Edition,2012.0,1944,7.657258570533817,0.9289605943629704,0.8753886681110403,0.0270677630199734,borderline,0.0069292173638878,1,,,0.0374354174877894,borderline_overlap,moderately_sensitive,1764.8967121414214,4,False,False,moderate_audience_selectivity,0,0,0,0,1,0,borderline,borderline
288316,Rurik: Dawn of Kiev – Kickstarter Edition,2019.0,321,8.249973668031766,0.926621480953294,0.9878543200910546,0.0666113107553728,eligible,0.0011465095948521,0,,,0.1621149807073166,adequate_overlap,stable_under_exposure_adjustment,910.9678013319752,2,False,False,moderate_audience_selectivity,0,0,0,0,1,0,borderline,borderline
298562,Minigolf Designer,2020.0,493,8.144384082263926,0.9218467636792536,0.998274948228648,0.0537498227233489,eligible,0.0017555928171173,0,,,0.1927178760710695,adequate_overlap,stable_under_exposure_adjustment,1216.6378866027994,4,False,False,low_audience_selectivity,0,0,0,0,0,0,eligible,eligible
2125,Amazons,1992.0,327,7.597089169680857,0.9120155595680676,0.938192610934764,0.0659973685254336,eligible,0.0010927669575934,0,,,0.1633795693284322,adequate_overlap,stable_under_exposure_adjustment,628.1807244177768,4,False,False,low_audience_selectivity,0,1,0,1,0,0,eligible,eligible
374909,Dieson Crusoe,2022.0,185,8.10345102791936,0.9095126398669038,0.8695499596968013,0.0877434348755685,eligible,0.000655660174556,0,,,0.0574038613631251,adequate_overlap,stable_under_exposure_adjustment,1115.6172168438598,2,False,False,moderate_audience_selectivity,1,1,0,0,0,0,eligible,eligible
309752,The Field of the Cloth of Gold,2020.0,459,7.848384092973293,0.9082541001537684,1.0362261958533656,0.055704996730778,eligible,0.0016409418576321,0,,,0.2755065470950347,borderline_overlap,moderately_sensitive,1947.941334670592,2,False,False,moderate_audience_selectivity,0,1,0,1,0,0,eligible,eligible
401493,FateFlip: Washed Ashore,2024.0,178,7.539375435205247,0.9057313349869762,0.8304094845077117,0.0894520905382537,eligible,0.0006305802771686,0,,,0.0680606627466208,borderline_overlap,moderately_sensitive,1823.4312779482173,2,False,False,moderate_audience_selectivity,0,0,0,0,0,0,eligible,eligible
265752,Exceed: Street Fighter – Ryu Box,2019.0,221,8.254887536564429,0.902068248014233,0.9354553274446892,0.0802794445579611,eligible,0.0007882253464608,0,,,0.1047734163623065,adequate_overlap,stable_under_exposure_adjustment,1044.1042966402638,2,False,False,moderate_audience_selectivity,0,1,0,1,0,0,eligible,eligible
402215,Silver & Gold Pyramids,2023.0,392,7.836747204270409,0.8974818806699929,0.884510156037031,0.0602778095972074,eligible,0.0014008914112099,0,,,0.3009111533819939,borderline_overlap,moderately_sensitive,1992.784699611324,2,False,False,moderate_audience_selectivity,0,0,0,0,0,0,eligible,eligible
224678,Baseball Highlights: 2045 – Spring Training,2017.0,176,7.706666397485737,0.8941177607295838,0.8315573470935327,0.089958905305302,eligible,0.0006269974346847,0,,,0.1312454647450191,adequate_overlap,stable_under_exposure_adjustment,678.5584089933574,2,False,False,moderate_audience_selectivity,1,1,0,0,0,0,eligible,eligible
233261,Tidal Blades 2: Rise of the Unfolders,2024.0,291,8.812265594604728,0.8938214206008634,0.6028076792208399,0.0699606766645972,eligible,0.0010354414778508,0,0.9140893470790378,0.7525773195876289,0.0552717233322677,borderline_overlap,moderately_sensitive,959.2726833548448,4,False,False,moderate_audience_selectivity,0,0,0,0,0,0,eligible,eligible
400203,Snails,2024.0,235,8.247543740157889,0.8866285731254937,1.061269587863702,0.0778514247070657,eligible,0.0008348022987517,0,,,0.107272338105808,borderline_overlap,moderately_sensitive,1835.6597309937265,3,False,False,low_audience_selectivity,0,0,0,0,0,0,eligible,eligible
212346,Shadows of Brimstone: Forbidden Fortress,2018.0,677,8.519782242632955,0.885977267093347,0.9043339451326649,0.0458676153168445,eligible,0.0023825902518021,0,0.8921713441654358,0.6853766617429837,0.1545812484140918,adequate_overlap,stable_under_exposure_adjustment,1058.8831909886294,7,False,False,moderate_audience_selectivity,0,0,0,0,0,0,eligible,eligible
393910,The Texas Chainsaw Massacre: Slaughterhouse,2023.0,204,8.04223242281266,0.8840118850888263,0.9978281633578056,0.0835574950961671,eligible,0.0007201513392665,0,,,0.0614005590999899,adequate_overlap,stable_under_exposure_adjustment,1084.7547077669285,4,False,False,moderate_audience_selectivity,0,0,0,0,0,0,eligible,eligible
297985,Battle Line: Medieval,2017.0,1829,8.006606602121385,0.8838137898320007,0.8753938587103391,0.02790574639667,borderline,0.0065243561632056,1,,,0.0511875161941114,borderline_overlap,moderately_sensitive,2262.683126122545,4,False,False,moderate_audience_selectivity,0,1,0,1,0,0,eligible,eligible
180616,Ascension: Year Two Collector's Edition,2015.0,281,7.955360516004284,0.8825552299592134,0.7958558700380918,0.0711946461584255,eligible,0.0009996130530117,0,,,0.0986142178154176,adequate_overlap,stable_under_exposure_adjustment,787.1270017968586,4,False,False,moderate_audience_selectivity,0,0,0,0,1,0,borderline,borderline
94902,Dungeons & Dragons Starter Set,2008.0,555,7.820635694105706,0.8783193785983148,0.8453778503019649,0.0506586957450319,eligible,0.0019705633661521,0,,,0.1432651657943252,adequate_overlap,stable_under_exposure_adjustment,783.4715484260137,4,False,False,moderate_audience_selectivity,0,0,0,0,0,0,eligible,eligible
270131,KLASK 4,2019.0,563,7.8350046827659074,0.8716050468070087,0.8653699716137275,0.0502974883160091,eligible,0.0020135574759591,0,,,0.2154950153459625,borderline_overlap,moderately_sensitive,1899.040230519822,2,False,False,moderate_audience_selectivity,0,0,0,0,0,0,eligible,eligible
231942,Last Night on Earth: The Zombie Game – 10 Year Anniversary Edition,2017.0,269,7.964623853392851,0.8710561695113217,1.1874520335035168,0.0727653052998208,eligible,0.0009494532582369,0,,,0.0784916345215531,adequate_overlap,stable_under_exposure_adjustment,1022.953370429381,4,False,False,moderate_audience_selectivity,0,0,0,0,1,0,borderline,borderline
20,Full Metal Planète,1988.0,739,7.716994678043291,0.8697196910766634,0.8115341944383667,0.0439013905676142,eligible,0.0026154750132565,0,,,0.0726828525894171,adequate_overlap,stable_under_exposure_adjustment,659.3960278459582,4,False,False,low_audience_selectivity,0,0,0,0,0,0,eligible,eligible
214988,Railways of Nippon,2018.0,518,8.090449643821074,0.869086764632204,0.7684498452786954,0.0524367318222743,eligible,0.0018559124066669,0,,,0.2550617325325731,adequate_overlap,stable_under_exposure_adjustment,1114.3322678335294,4,False,False,moderate_audience_selectivity,0,0,0,0,0,0,eligible,eligible
266448,Imperium: The Contention,2021.0,428,8.294717502774501,0.8684529528286316,0.9445564804194468,0.0576870872935325,eligible,0.001522708055663,0,,,0.0994600829129556,adequate_overlap,stable_under_exposure_adjustment,1115.5582594602988,4,False,False,moderate_audience_selectivity,0,0,0,0,0,0,eligible,eligible
260799,Trans Europa & Trans Amerika,2018.0,204,7.5202392634172925,0.8682492466778973,0.8224301969287007,0.0835574950961671,eligible,0.0007308998667182,0,,,0.1934182212625723,adequate_overlap,stable_under_exposure_adjustment,1677.120656658964,2,False,False,low_audience_selectivity,0,0,0,0,0,0,eligible,eligible
380175,Halloween,2023.0,213,7.814617193949949,0.8676797504090894,0.7395484796059213,0.0817731436937552,eligible,0.0007595626065895,0,,,0.0456794519519086,borderline_overlap,stable_under_exposure_adjustment,1632.5853333505686,4,False,False,moderate_audience_selectivity,0,0,0,0,0,0,eligible,eligible
160610,Thunderbirds,2015.0,1906,7.678827776133872,0.8659958786993975,0.9826263648641262,0.0273362569304498,borderline,0.0068038178769508,1,0.8368310598111228,0.670514165792235,0.0579996257026275,borderline_overlap,moderately_sensitive,1570.9220899200798,7,True,False,moderate_audience_selectivity,0,0,0,0,0,0,eligible,eligible
204728,BattleCON: Trials of Indines,2016.0,354,8.533508405085657,0.8629304605301513,0.8859392359426117,0.0634306066246325,eligible,0.0012539948693695,0,,,0.0429147672175209,adequate_overlap,stable_under_exposure_adjustment,578.7954919703565,3,False,False,moderate_audience_selectivity,0,0,0,0,0,0,eligible,eligible
131904,Heart of Crown,2011.0,1063,7.949436789133162,0.8623000979867124,0.7661038291033249,0.0366044481319468,eligible,0.0037834816630121,0,,,0.0863285827087159,adequate_overlap,stable_under_exposure_adjustment,1171.7050687033714,4,False,False,low_audience_selectivity,0,0,0,0,0,0,eligible,eligible
82420,Summoner Wars: Guild Dwarves vs Cave Goblins,2009.0,2362,7.793030456685368,0.8576082201108512,0.8670207212821452,0.024556165358439,borderline,0.0084375940496152,1,,,0.0701763300344351,adequate_overlap,stable_under_exposure_adjustment,1197.2080465962583,4,False,False,low_audience_selectivity,0,0,0,0,0,0,eligible,eligible
254708,Roll Player Adventures,2021.0,1947,8.39461804491672,0.8574924529806935,0.7564776825734629,0.0270469015424851,borderline,0.0069542972612752,1,0.9209039548022598,0.7580893682588598,0.0320786813798037,borderline_overlap,moderately_sensitive,1596.8363907801354,7,True,False,moderate_audience_selectivity,0,0,0,0,0,0,eligible,eligible
68858,Tanto Cuore: Expanding the House,2010.0,538,7.625446490114959,0.8512742590258213,0.7492000877322074,0.0514528408126127,eligible,0.0018881579890221,0,,,0.0766328984620735,adequate_overlap,stable_under_exposure_adjustment,1152.360645088473,4,False,False,moderate_audience_selectivity,0,0,0,0,0,0,borderline,borderline
43262,Neuroshima Hex! Duel,2009.0,838,7.799905259887792,0.849846317426115,0.7169298770624621,0.041226691791911,eligible,0.0029916734740673,0,,,0.0599157896120235,adequate_overlap,stable_under_exposure_adjustment,951.8722260784108,4,False,False,low_audience_selectivity,0,1,0,1,0,0,eligible,eligible
212662,The Red Dragon Inn 6: Villains,2017.0,411,7.672041526060949,0.8423361673099494,0.9643227324048712,0.0588680411666094,eligible,0.0014331369935652,0,0.7055961070559611,0.4087591240875912,0.1814054959054582,adequate_overlap,stable_under_exposure_adjustment,1345.0029788883626,7,True,True,moderate_audience_selectivity,0,0,0,0,0,0,eligible,eligible
13883,Jenseits von Theben,2004.0,550,7.553988042012132,0.8422885512804976,0.7997956764679826,0.050888441575598,eligible,0.0019669805236682,0,,,0.2735734910443316,adequate_overlap,stable_under_exposure_adjustment,914.1529136982934,4,False,False,moderate_audience_selectivity,0,0,0,0,0,0,eligible,eligible
173634,The Red Dragon Inn 5: The Character Trove,2015.0,877,7.542725905817354,0.8352017110623482,0.9324033748789128,0.040299596627821,eligible,0.0030525817962939,0,0.6978335233751425,0.4047890535917902,0.1560647384570678,adequate_overlap,moderately_sensitive,1296.0643562565608,7,True,False,moderate_audience_selectivity,0,0,0,0,0,0,eligible,eligible
214296,Tenkatoitsu,2016.0,220,8.643939013797509,0.8336000578072884,0.7062621084214538,0.0804616909776487,eligible,0.0007201513392665,0,0.9136363636363636,0.7863636363636364,0.0769619662185345,borderline_overlap,moderately_sensitive,2879.9630290997684,3,False,False,moderate_audience_selectivity,1,1,1,0,0,0,eligible,eligible
156175,Championship Formula Racing,2017.0,338,7.92592615353109,0.8334747101621138,0.7158530016586591,0.064914564181608,eligible,0.0011823380196913,0,,,0.1017560599279292,adequate_overlap,stable_under_exposure_adjustment,1380.9552691835936,4,False,False,low_audience_selectivity,0,0,0,0,0,0,eligible,eligible
422332,Star Wars: The Deckbuilding Game – Clone Wars Edition,2024.0,584,8.335319398990773,0.8308629540299215,0.6857215925530813,0.0493848879000896,eligible,0.0020887971681213,0,,,0.0460583957780194,borderline_overlap,stable_under_exposure_adjustment,1473.3564442776749,4,False,False,moderate_audience_selectivity,0,1,0,1,1,0,borderline,borderline
152,Mü & More,1995.0,1984,7.662442539200861,0.829146102932417,0.7815647834583155,0.0267935131594852,borderline,0.0070976109606317,1,,,0.2788777432437451,adequate_overlap,stable_under_exposure_adjustment,936.5202209274238,4,False,False,moderate_audience_selectivity,0,0,0,0,0,0,eligible,eligible
200456,Ascension X: War of Shadows,2016.0,627,7.735191435141099,0.8283611648695004,0.7138801060761715,0.0476613923532091,eligible,0.0022392765524456,0,,,0.0361312283512926,adequate_overlap,stable_under_exposure_adjustment,1373.1923869201844,4,False,False,low_audience_selectivity,0,0,0,0,0,0,borderline,borderline
191296,RUMBLESLAM,2016.0,154,7.936061434185844,0.8281788327269437,0.8564318483274507,0.0961701150119088,eligible,0.0005374263725869,0,,,0.1292836518128112,adequate_overlap,stable_under_exposure_adjustment,926.270774794309,3,False,False,moderate_audience_selectivity,0,0,0,0,0,0,eligible,eligible
281474,Lands of Galzyr,2022.0,1709,8.190589190896944,0.8269135551807789,0.6802010522378854,0.0288688487052787,borderline,0.0060979979076199,1,0.8619075482738443,0.6881217086015213,0.0352332520180482,borderline_overlap,moderately_sensitive,2496.399339622912,7,True,False,moderate_audience_selectivity,0,0,0,0,0,0,eligible,eligible
54221,Push Fight,2008.0,155,7.55697028764889,0.8243830182016856,0.9448385234596132,0.0958593868490308,eligible,0.0005302606876191,0,,,0.1133613434137154,adequate_overlap,stable_under_exposure_adjustment,652.5787060747228,4,False,False,low_audience_selectivity,0,1,0,1,0,0,eligible,eligible
251433,Yokai Septet,2018.0,1036,7.980348006813072,0.8240253929614667,0.7620954735025496,0.0370783686547906,eligible,0.0036974934433982,0,,,0.2589227363935769,adequate_overlap,stable_under_exposure_adjustment,1329.070107619805,4,False,False,moderate_audience_selectivity,0,0,0,0,0,0,eligible,eligible
259571,Quarriors! Qultimate Quedition,2019.0,334,7.848769524629266,0.8229805696129437,0.67625771755442,0.0653021172616236,eligible,0.001193086547143,0,,,0.0361122909632456,adequate_overlap,stable_under_exposure_adjustment,1440.7122407938334,4,False,False,moderate_audience_selectivity,0,0,0,0,1,0,borderline,borderline
152765,Thunderstone Advance: Worlds Collide,2014.0,803,7.957738538132572,0.8223044573098264,0.726907953616621,0.0421155739097625,eligible,0.0028662739871304,0,,,0.0453073314583761,adequate_overlap,stable_under_exposure_adjustment,899.0411302022314,4,False,False,low_audience_selectivity,0,0,0,0,0,0,eligible,eligible
364655,Kinfire Chronicles: Night's Fall,2023.0,570,8.622125181522138,0.8182879209153651,0.8930401008664397,0.0499876900161549,eligible,0.0020135574759591,0,0.9087719298245616,0.7684210526315789,0.0704761538635461,borderline_overlap,moderately_sensitive,1322.9848336699515,7,False,False,moderate_audience_selectivity,0,0,0,0,0,0,eligible,eligible
390173,Mindbug: Beyond Evolution,2023.0,588,8.412719989822355,0.8107017572687969,0.8724817077792206,0.0492166254419323,eligible,0.0020923800106052,0,,,0.0373241076676817,borderline_overlap,stable_under_exposure_adjustment,1586.505124835283,4,False,False,moderate_audience_selectivity,0,1,0,1,0,0,eligible,eligible
174852,Pandánte (Second Edition),2015.0,187,7.504849515044286,0.8105194285250477,0.8135076962656704,0.0872729573032229,eligible,0.0006699915444917,0,,,0.1024148706918581,adequate_overlap,stable_under_exposure_adjustment,1269.6208106476124,4,False,False,low_audience_selectivity,0,0,0,0,1,0,borderline,borderline
284778,Unmatched: Jurassic Park – Dr. Sattler vs. T. Rex,2022.0,1423,8.162431134415876,0.8103385180724789,0.8140896814333534,0.0316372004239458,eligible,0.0049980652650586,0,,,0.0940986016546095,borderline_overlap,stable_under_exposure_adjustment,1393.2406974702592,4,False,False,moderate_audience_selectivity,0,1,0,1,0,0,eligible,eligible
422374,Lone Wolves,2024.0,232,8.314499536646947,0.8064959989960752,0.8250529347947033,0.0783531576640776,eligible,0.0008276366137839,0,,,0.281206719884457,borderline_overlap,moderately_sensitive,1350.703434762975,2,False,False,moderate_audience_selectivity,0,1,0,1,0,0,eligible,eligible
373828,Galdor's Grip,2022.0,274,8.133307006680797,0.798661115104311,0.7981361211607734,0.0720983315076739,eligible,0.0009637846281726,0,,,0.2130356662217599,borderline_overlap,stable_under_exposure_adjustment,1543.5153255606313,3,False,False,moderate_audience_selectivity,1,1,0,0,0,0,eligible,eligible
366748,Northgard: Uncharted Lands – Warchief Collector Edition,2022.0,232,8.356568570121166,0.7960422240263547,0.7865573375137718,0.0783531576640776,eligible,0.0008240537712999,0,,,0.0808622456327843,adequate_overlap,stable_under_exposure_adjustment,918.5664744534236,4,False,False,moderate_audience_selectivity,0,0,0,0,1,0,borderline,borderline
225244,Ticket to Ride: Germany,2017.0,1783,7.834422687193688,0.7936608523429198,0.7122482841687878,0.0282634272885552,borderline,0.006384625306333,1,,,0.0171589103643266,borderline_overlap,moderately_sensitive,1891.1917341996573,4,False,False,low_audience_selectivity,0,0,0,0,0,0,eligible,eligible
237792,Rummikub Twist,2016.0,204,7.62447815110335,0.7923343023979754,0.8352086153480407,0.0835574950961671,eligible,0.0007201513392665,0,,,0.1409999363463738,borderline_overlap,stable_under_exposure_adjustment,1644.4227236278753,4,False,False,moderate_audience_selectivity,0,0,0,0,0,0,eligible,eligible
349703,Race! Formula 90: 2nd Edition,2023.0,239,9.03671703784806,0.7899165785783566,0.6901362709191865,0.077197199455354,eligible,0.0008562993536552,0,,,0.1066747233540459,adequate_overlap,stable_under_exposure_adjustment,715.2543607457328,1,False,False,moderate_audience_selectivity,0,0,0,0,1,0,borderline,borderline
271615,The Quest for El Dorado: The Golden Temples,2019.0,1744,8.000784795570118,0.7887430880819206,0.6840230031716903,0.0285776988629745,borderline,0.0062484772919443,1,,,0.1130834993846151,adequate_overlap,stable_under_exposure_adjustment,1422.0031802433095,4,False,False,low_audience_selectivity,0,0,0,0,0,0,eligible,eligible
174802,VENOM Assault,2016.0,297,7.646819220882192,0.7878996525848256,0.7302813084487036,0.0692503975920269,eligible,0.0010533556902704,0,0.915824915824916,0.7878787878787878,0.0477116739745223,borderline_overlap,moderately_sensitive,1723.8235197243953,4,False,False,moderate_audience_selectivity,0,0,0,0,0,0,eligible,eligible
392513,Mindbug: Beyond Eternity,2023.0,510,8.386332913498592,0.7862617595177976,0.8381055708886382,0.0528464000164476,eligible,0.0018200839818278,0,,,0.0539222416082094,adequate_overlap,stable_under_exposure_adjustment,1493.2950818373815,4,False,False,moderate_audience_selectivity,0,1,0,1,0,0,eligible,eligible
178591,Lunarchitects,2016.0,492,7.66981731128846,0.7853187917729922,0.7160156090611469,0.0538044187991034,eligible,0.0017627585020852,0,,,0.2264338014656176,adequate_overlap,stable_under_exposure_adjustment,906.0020152552294,2,False,False,low_audience_selectivity,0,0,0,0,0,0,eligible,eligible
252688,Enchanters: Overlords,2018.0,546,7.598731135404294,0.7794634968276073,0.7848405840270329,0.0510745059680768,eligible,0.001934734941313,0,,,0.0737199934303242,adequate_overlap,stable_under_exposure_adjustment,1479.2228911355407,4,False,False,moderate_audience_selectivity,0,0,0,0,0,0,eligible,eligible
251053,Let's Make a Bus Route,2018.0,993,7.795761720720545,0.7750092714985968,0.7269260594699549,0.0378726654570008,eligible,0.0035541797440417,0,,,0.300353679637209,adequate_overlap,stable_under_exposure_adjustment,1199.813234585186,4,False,False,moderate_audience_selectivity,0,0,0,0,0,0,eligible,eligible
382035,Cursed!?,2023.0,231,7.736148363657257,0.7719323284739019,0.6998461577063697,0.0785225700946497,eligible,0.0008025567163965,0,,,0.1694034523057197,borderline_overlap,moderately_sensitive,2624.409719676092,2,False,False,moderate_audience_selectivity,1,1,0,0,0,0,eligible,eligible
215471,Photograph,2016.0,1709,7.9067501639077085,0.7709503799451563,0.8073256194687302,0.0288688487052787,borderline,0.0061230778050073,1,,,0.2463784274771205,adequate_overlap,stable_under_exposure_adjustment,1163.7885070278528,4,False,False,moderate_audience_selectivity,0,0,0,0,0,0,eligible,eligible
293207,Eila and Something Shiny,2021.0,1257,8.223399392519292,0.7686760994878341,0.6455819332639283,0.0336614528910565,eligible,0.0044713874199234,0,,,0.0397096095247346,borderline_overlap,stable_under_exposure_adjustment,1537.0476951052412,4,False,False,low_audience_selectivity,1,1,0,0,0,0,eligible,eligible
386538,Astro Knights: Eternity,2024.0,316,8.648403452493088,0.7680472374647085,0.6869415604008804,0.0671362306989026,eligible,0.0011285953824326,0,0.9082278481012658,0.7531645569620253,0.0646089455229863,borderline_overlap,moderately_sensitive,1367.4353369876226,4,False,False,moderate_audience_selectivity,0,0,0,0,0,0,eligible,eligible
316343,Capital Lux 2: Pocket,2021.0,299,8.028935439312766,0.7679736904243928,0.742238736669508,0.0690184023082095,eligible,0.0010712699026899,0,,,0.1745858916836242,adequate_overlap,stable_under_exposure_adjustment,1327.9324956620012,2,False,False,moderate_audience_selectivity,0,0,0,0,0,0,eligible,eligible
320855,Sakura Arms: Yurina Box,2022.0,184,8.573858062920516,0.762489535714403,0.8047888015474349,0.0879815450416394,eligible,0.0006484944895882,0,,,0.1164755237906477,adequate_overlap,stable_under_exposure_adjustment,536.735410066157,2,False,False,moderate_audience_selectivity,0,1,0,1,0,0,eligible,eligible
226213,Cursed Court,2017.0,828,7.571277053263758,0.7603905568753699,0.7204485120961337,0.0414748980788086,eligible,0.002963010734196,0,,,0.2325019056249201,borderline_overlap,moderately_sensitive,1879.702384771908,4,False,False,moderate_audience_selectivity,0,0,0,0,0,0,eligible,eligible
210290,Legendary: Buffy The Vampire Slayer,2017.0,1092,7.640807820637732,0.7546203435899885,0.591012290684616,0.0361151295157799,eligible,0.0038838012525617,0,0.8553113553113553,0.7014652014652014,0.0418724380711921,borderline_overlap,moderately_sensitive,1649.3886798532126,7,True,False,moderate_audience_selectivity,0,0,0,0,0,0,eligible,eligible
398996,Panda Royale,2024.0,206,7.756662317104642,0.7527515339003079,0.715763834579648,0.0831508868676376,eligible,0.0007308998667182,0,,,0.1724437470019662,borderline_overlap,moderately_sensitive,2259.690939282403,2,False,False,low_audience_selectivity,0,0,0,0,0,0,eligible,eligible
157026,Ascension: Realms Unraveled,2014.0,1154,7.752719945074359,0.7518846640529837,0.6404572436428406,0.0351315726662445,eligible,0.0041202688564999,0,,,0.0358734311330712,adequate_overlap,stable_under_exposure_adjustment,1214.6957790948186,4,False,False,low_audience_selectivity,0,0,0,0,0,0,eligible,eligible
40529,Cosmic Encounter,1991.0,1047,7.567761740749081,0.7504785449310649,0.7508131307966632,0.036883077828217,eligible,0.0037333218682373,0,,,0.1297929926506526,adequate_overlap,stable_under_exposure_adjustment,833.1352268536382,4,False,False,low_audience_selectivity,0,0,0,0,0,0,eligible,eligible
33434,Funkenschlag: EnBW,2007.0,198,8.694110770076955,1.8987326420154569,1.7734517118141753,0.0848140692926634,eligible,0.0007094028118147,0,0.9393939393939394,0.8636363636363636,0.2708097839482527,borderline_overlap,strongly_sensitive,616.1518274304599,2,False,False,high_audience_selectivity,0,0,0,0,0,0,eligible,eligible
97683,Age of Rail: South Africa,2011.0,277,8.731969342439568,1.7767815451137476,1.722170107267203,0.0717068444612192,eligible,0.0009924473680439,0,0.9819494584837544,0.967509025270758,0.3806558671519784,borderline_overlap,strongly_sensitive,765.4926953523316,2,False,False,high_audience_selectivity,0,0,0,0,0,0,eligible,eligible
186279,Finska Mini,2011.0,468,7.816398671008494,1.7598105780019138,1.8134418341504783,0.0551667715797317,eligible,0.0016731874399873,0,0.8952991452991453,0.7350427350427351,0.2861065135773541,borderline_overlap,strongly_sensitive,1781.75898357213,5,True,False,high_audience_selectivity,0,0,0,0,0,0,eligible,eligible
331953,Unlock!: Timeless Adventures – Verloren im Zeitstrudel!,2019.0,132,8.391370545565449,1.7111579430701551,1.7149396712573406,0.1038755963880404,eligible,0.0004729352078765,0,0.9772727272727272,0.9242424242424242,0.2711492486200891,insufficient_overlap,insufficient_overlap,574.7570610524879,2,False,False,insufficient_evidence,0,0,0,0,0,0,eligible,eligible
188530,My Favourite Things,2015.0,375,7.903825141235959,1.6535824994022192,1.6501461909932615,0.0616289632623315,eligible,0.0013399830889834,0,0.904,0.7893333333333333,0.3111492486200892,borderline_overlap,strongly_sensitive,1509.5393371100504,5,True,False,high_audience_selectivity,0,0,0,0,0,0,eligible,eligible
6688,Ninety-Nine,1974.0,554,7.886113311979459,1.6035999915317074,1.6111055663889502,0.0507043959760171,eligible,0.001974146208636,0,,,0.3553851090292348,adequate_overlap,stable_under_exposure_adjustment,621.7226137437151,2,False,False,moderate_audience_selectivity,0,0,0,0,0,0,eligible,eligible
2981,Breaking Away,1991.0,460,7.882878139721112,1.5408317610311526,1.507063385146684,0.0556444148784548,eligible,0.0016409418576321,0,,,0.3544825819534225,adequate_overlap,moderately_sensitive,721.5552934070404,2,False,False,moderate_audience_selectivity,0,0,0,0,0,0,eligible,eligible
2794,Spinball,2001.0,171,7.511348565739415,1.5011729714274784,1.4829384101674643,0.0912646180647461,eligible,0.0006126660647491,0,,,0.4290439854621944,borderline_overlap,strongly_sensitive,1391.8436410203556,1,False,False,moderate_audience_selectivity,0,1,0,1,0,0,eligible,eligible
383010,Clank! Legacy 2: Acquisitions Incorporated – Darkest Magic,2024.0,234,9.383173286917032,1.4894548605900528,1.3169222543556955,0.0780175965603953,eligible,0.0008383851412356,0,0.282051282051282,0.0128205128205128,0.1360458589764089,borderline_overlap,strongly_sensitive,446.3058382549317,5,True,False,moderate_audience_selectivity,0,0,0,0,0,0,eligible,eligible
172844,Charms,2014.0,254,8.135458120859894,1.4826895701907556,1.5002918461881976,0.074883069407198,eligible,0.0009100419909139,0,,,0.4548762827408241,adequate_overlap,stable_under_exposure_adjustment,375.3299390001537,2,False,False,moderate_audience_selectivity,0,0,0,0,0,0,eligible,eligible
5243,Montage,1973.0,209,7.713078492508855,1.3732747534186602,1.3376136001988843,0.0825519531152329,eligible,0.0007452312366539,0,,,0.4473116446606396,borderline_overlap,moderately_sensitive,466.9799059378618,2,False,False,moderate_audience_selectivity,0,0,0,0,0,0,eligible,eligible
252657,luz,2014.0,228,8.076977195037024,1.3699529033851725,1.3624861238691857,0.0790374777107543,eligible,0.0008168880863321,0,,,0.4290439854621944,borderline_overlap,moderately_sensitive,1013.3058241293468,2,False,False,moderate_audience_selectivity,0,0,0,0,0,0,eligible,eligible
19056,Square on Sale,2002.0,178,7.902040237077352,1.360243438929566,1.3324093100527916,0.0894520905382537,eligible,0.0006377459621365,0,,,0.3853814583579169,adequate_overlap,stable_under_exposure_adjustment,600.854215222775,2,False,False,moderate_audience_selectivity,0,0,0,0,0,0,eligible,eligible
165595,JamSumo,2014.0,350,7.736932225470537,1.3456621958369557,1.305876950909254,0.0637920375079653,eligible,0.0012504120268856,0,,,0.3959111533819939,borderline_overlap,moderately_sensitive,1811.779053572654,1,False,False,moderate_audience_selectivity,0,0,0,0,0,0,eligible,eligible
21358,Savage Worlds,2003.0,173,8.245398882021961,1.3435450540545055,1.370881992882227,0.0907355433570639,eligible,0.0006055003797813,0,0.6647398843930635,0.5086705202312138,0.057995982717697,borderline_overlap,strongly_sensitive,8265.22613343412,7,True,False,moderate_audience_selectivity,0,0,0,0,0,0,eligible,eligible
223952,Boast or Nothing,2017.0,364,7.909245967666622,1.324457369566633,1.303772781775602,0.0625532392432612,eligible,0.0012898232942086,0,,,0.3847023621732027,adequate_overlap,stable_under_exposure_adjustment,1560.1072217235053,2,False,False,moderate_audience_selectivity,0,0,0,0,0,0,eligible,eligible
99358,Stonewall Jackson's Way II: Battles of Bull Run,2013.0,324,9.102288001734976,1.2855239916711731,1.278249849560627,0.0663022078775108,eligible,0.0010318586353669,0,0.9722222222222222,0.904320987654321,0.0930482822441083,borderline_overlap,strongly_sensitive,2321.939716431624,4,False,False,high_audience_selectivity,0,1,1,0,0,0,eligible,eligible
4688,Angola,1988.0,540,8.532192604514535,1.2752277716112277,1.1921475751620498,0.0513574693852763,eligible,0.0018809923040543,0,0.9666666666666668,0.8981481481481481,0.1302838973816299,borderline_overlap,strongly_sensitive,1904.4520566746296,4,False,False,moderate_audience_selectivity,0,0,0,0,0,0,eligible,eligible
156455,Viticulture: Complete Collector's Edition,2014.0,806,8.61001314486082,1.2661336944120318,1.3293493181245992,0.0420371219808986,eligible,0.0028841881995499,0,0.9069478908188584,0.7878411910669976,0.1497719959019865,borderline_overlap,moderately_sensitive,681.0911646545145,7,False,True,high_audience_selectivity,0,0,0,0,1,0,borderline,borderline
238094,Mutabo,2017.0,520,7.750460686574232,1.264836832795309,1.24028503179958,0.0523357948050593,eligible,0.0018594952491508,0,0.7711538461538462,0.5211538461538462,0.1090666508387963,borderline_overlap,strongly_sensitive,3652.196382203343,8,True,False,high_audience_selectivity,0,0,0,0,0,0,eligible,eligible
209136,Q.E.,2017.0,318,7.994942579540181,1.2638969472483377,1.184124440495447,0.0669247774785544,eligible,0.0011357610674004,0,0.9748427672955976,0.9433962264150944,0.4378159152867559,borderline_overlap,strongly_sensitive,1565.056715843647,2,False,False,high_audience_selectivity,0,0,0,0,0,0,eligible,eligible
39336,Mégawatts,2008.0,441,8.14642804889953,1.2620393286148968,1.130978454255665,0.0568304638950092,eligible,0.0015800335354056,0,0.8775510204081632,0.7392290249433107,0.0852082055361889,borderline_overlap,moderately_sensitive,511.72802879315344,7,False,True,moderate_audience_selectivity,0,0,0,0,0,0,eligible,eligible
135508,The Mushroom Eaters,2013.0,183,7.747835638972792,1.229925833089376,1.1499401032933791,0.0882216042737541,eligible,0.000655660174556,0,,,0.2328978824998706,adequate_overlap,moderately_sensitive,668.4716527473076,2,False,False,moderate_audience_selectivity,0,0,0,0,0,0,eligible,eligible
394735,Exit: The Game – Advent Calendar: The Missing Hollywood Star,2023.0,339,8.058571903052831,1.2052637988647916,1.122892036420618,0.0648187492745028,eligible,0.0012038350745947,0,0.9587020648967552,0.8613569321533924,0.1649545583546025,borderline_overlap,strongly_sensitive,1721.2231380716717,2,False,False,high_audience_selectivity,0,0,0,0,0,0,eligible,eligible
70918,Hanabi & Ikebana,2010.0,639,7.888394684409236,1.2025656899235573,1.2520016147929551,0.0472117465240715,eligible,0.0022894363472204,0,0.7949921752738655,0.5602503912363067,0.2727141938470062,borderline_overlap,strongly_sensitive,1601.6800557230504,7,True,False,high_audience_selectivity,0,0,0,0,0,0,eligible,eligible
177877,SiXeS,2016.0,321,7.512032725616253,1.1935249728692128,1.1396941451811404,0.0666113107553728,eligible,0.0011465095948521,0,0.8317757009345794,0.6853582554517134,0.1963828934799022,borderline_overlap,strongly_sensitive,2531.1909231931013,6,True,False,moderate_audience_selectivity,0,0,0,0,0,0,eligible,eligible
32944,Neue Heimat,2007.0,793,8.019695871968176,1.1808622234649544,1.1110542239598864,0.0423802878542377,eligible,0.002841194089743,0,0.9861286254728878,0.9520807061790668,0.4014561002384162,borderline_overlap,strongly_sensitive,664.339026109691,2,False,False,high_audience_selectivity,0,0,0,0,0,0,eligible,eligible
119866,Wings of Glory: WW1 Rules and Accessories Pack,2012.0,591,7.987410740646013,1.178039049939633,1.0082021482584675,0.0490915512233661,eligible,0.0020350545308626,0,0.7597292724196277,0.5228426395939086,0.0928877514245366,insufficient_overlap,insufficient_overlap,9468.634578338217,7,False,True,moderate_audience_selectivity,0,0,0,0,0,0,eligible,eligible
313,Big Boss,1994.0,917,7.675939556188903,1.174012659996558,1.110769970981714,0.0394108523891234,eligible,0.0032783008727804,0,0.9018538713195202,0.8037077426390403,0.2326178055084934,borderline_overlap,strongly_sensitive,1115.0308856036152,7,True,False,moderate_audience_selectivity,0,0,0,0,0,0,eligible,eligible
215565,Roads to Gettysburg II: Lee Strikes North,2018.0,256,9.231490674317204,1.1498678537256417,1.0384853131147356,0.0745899838621996,eligible,0.0007953910314286,0,0.984375,0.90625,0.1142674180465774,borderline_overlap,moderately_sensitive,2170.2668307709187,4,False,False,high_audience_selectivity,0,1,1,0,0,0,eligible,eligible
225482,Seas of Strife,2015.0,1743,7.877373449368684,1.1398716978598804,1.113977259853141,0.028585895535698,borderline,0.0062413116069765,1,,,0.3216369135655854,adequate_overlap,stable_under_exposure_adjustment,1519.2786608502267,4,False,False,moderate_audience_selectivity,0,0,0,0,0,0,eligible,eligible
332230,Unlock!: Heroic Adventures – Insert Coin,2018.0,229,7.986179980188456,1.126937395331721,1.1398400099047574,0.0788647179900584,eligible,0.0008168880863321,0,0.9868995633187772,0.8951965065502183,0.207102669289667,borderline_overlap,strongly_sensitive,1590.9546797838934,2,False,False,moderate_audience_selectivity,0,0,0,0,0,0,eligible,eligible
106113,Manoeuvre: Distant Lands,2017.0,124,8.204750188949733,1.1237162705325456,1.2740699256724888,0.1071740526379411,eligible,0.0004406896255213,0,0.9516129032258064,0.8548387096774194,0.2012567755018096,insufficient_overlap,insufficient_overlap,6094.751220209396,2,False,False,insufficient_evidence,0,1,1,0,0,0,eligible,eligible
256885,The Fantasy Trip: Legacy Edition,2019.0,148,8.534328343536563,1.122955440064333,1.0689749592524844,0.0981001424805485,eligible,0.0004299410980695,0,0.668918918918919,0.5337837837837838,0.2334793331090094,insufficient_overlap,insufficient_overlap,13178.302638750034,6,False,True,insufficient_evidence,0,0,0,0,1,0,borderline,borderline
94373,Dien Bien Phu: The Final Gamble,2014.0,256,8.682484796881457,1.1167650370003877,1.089317951886942,0.0745899838621996,eligible,0.0007523969216217,0,0.95703125,0.82421875,0.0973492044702219,borderline_overlap,moderately_sensitive,3865.24883093425,4,False,False,high_audience_selectivity,1,1,1,0,0,0,eligible,eligible
355200,Marvel Zombies: X-Men Resistance,2023.0,589,8.532018679537533,1.1142548364036775,1.0151855546789434,0.0491748278756309,eligible,0.0020887971681213,0,0.8624787775891342,0.6638370118845501,0.1085904231399561,adequate_overlap,stable_under_exposure_adjustment,1299.167692093933,7,False,True,moderate_audience_selectivity,0,0,0,0,0,0,eligible,eligible
4292,The Sword and the Flame,1979.0,116,7.609255982380128,1.1102240126682157,1.0528458213505338,0.1108080982232961,eligible,0.0003475357209395,0,0.9655172413793104,0.8620689655172413,0.1461261982258176,insufficient_overlap,insufficient_overlap,2726.6615538648243,2,False,False,insufficient_evidence,0,0,0,0,0,0,eligible,eligible
102151,Colorado Midland,2011.0,149,7.728605550899646,1.1047303622000673,0.9684979007224914,0.0977703931694625,eligible,0.000533843530103,0,1.0,0.9932885906040269,0.4366973470540937,insufficient_overlap,insufficient_overlap,113.66827745835197,2,False,False,insufficient_evidence,0,0,0,0,0,0,eligible,eligible
377704,Tales of the Arthurian Knights,2024.0,164,8.360316616574263,1.0845933648033448,1.05160430578605,0.0931919870317611,eligible,0.0005875861673617,0,0.9207317073170732,0.7865853658536586,0.2156100958657226,borderline_overlap,strongly_sensitive,1305.548711478592,2,False,False,moderate_audience_selectivity,0,0,0,0,0,0,eligible,eligible
34098,Guelphs and Ghibellines,2009.0,114,8.129029668387597,1.0843499367957516,0.9304614268957234,0.11177587291431,eligible,0.0003475357209395,0,0.9824561403508772,0.9210526315789472,0.1056841201648896,insufficient_overlap,insufficient_overlap,3612.972306811992,2,False,False,insufficient_evidence,0,1,1,0,0,0,eligible,eligible
125943,Corporate America,2013.0,482,7.561106249489165,1.083470454919806,1.0521539006346758,0.0543596906677563,eligible,0.0017197643922782,0,0.8879668049792531,0.7780082987551867,0.1667232458538374,borderline_overlap,strongly_sensitive,1567.2130276714336,7,True,False,moderate_audience_selectivity,0,0,0,0,0,0,eligible,eligible
282391,Stockpile: Epic Edition,2019.0,981,8.271465602702026,1.080463170405313,0.9898602053525244,0.038103598483966,eligible,0.0035111856342347,0,0.9051987767584098,0.7675840978593272,0.1534164783592415,borderline_overlap,moderately_sensitive,1112.545833305425,7,False,True,high_audience_selectivity,0,0,0,0,1,0,borderline,borderline
199182,Commands & Colors Tricorne: The American Revolution,2017.0,302,8.498585846053697,1.0732960561181688,0.9592959211429016,0.068674740078298,eligible,0.0010211101079152,0,0.9304635761589404,0.8245033112582781,0.0874199612327592,borderline_overlap,strongly_sensitive,5355.750238464224,4,False,False,moderate_audience_selectivity,0,1,1,0,0,0,eligible,eligible
104,Extrablatt,1991.0,271,7.673941023344246,1.0703807691287954,1.0125405157965437,0.0724963014019341,eligible,0.0009673674706565,0,,,0.4421209583371864,borderline_overlap,moderately_sensitive,558.6894927363863,2,False,False,moderate_audience_selectivity,0,0,0,0,0,0,eligible,eligible
219650,Arydia: The Paths We Dare Tread,2025.0,637,9.388250917291272,1.06573100066249,1.054380880143098,0.0472858042111986,eligible,0.002264356449833,0,0.8885400313971743,0.7142857142857143,0.0765915023509126,adequate_overlap,moderately_sensitive,966.9391517976736,7,False,False,moderate_audience_selectivity,0,0,0,0,0,0,eligible,eligible
338980,Mega Empires: The East,2021.0,170,8.874480262307921,1.0616012256637966,1.2713880410501304,0.091532649825596,eligible,0.0006055003797813,0,0.7352941176470589,0.5588235294117647,0.106163319301788,borderline_overlap,strongly_sensitive,8208.484071786916,5,True,False,moderate_audience_selectivity,0,0,0,0,0,0,eligible,eligible
38877,No Retreat!: The Russian Front 1941-1944,2008.0,189,8.1229458153777,1.0609180735213233,1.0837731066313268,0.0868099675261116,eligible,0.0006377459621365,0,0.9788359788359788,0.8994708994708994,0.1031352981401491,borderline_overlap,strongly_sensitive,2996.6482332694904,4,False,False,moderate_audience_selectivity,0,1,1,0,0,0,eligible,eligible
284777,Unmatched: Jurassic Park – InGen vs Raptors,2020.0,2488,8.235595866848483,1.0585740091235696,1.059648902322797,0.0239262869982826,borderline,0.0087779640855869,1,,,0.0796010193327511,borderline_overlap,stable_under_exposure_adjustment,1462.029161010695,4,False,False,moderate_audience_selectivity,0,1,0,1,0,0,eligible,eligible
371433,Terrorscape,2023.0,1384,8.441678293544387,1.0510579567296414,0.9744947762657504,0.0320798590012129,eligible,0.0049192427304126,0,,,0.0407555399516902,borderline_overlap,stable_under_exposure_adjustment,1587.169498136662,4,False,False,low_audience_selectivity,0,0,0,0,0,0,eligible,eligible
75360,Texas & Pacific,2010.0,223,7.842798267900666,1.034327193781249,0.796460017723958,0.0799186362394187,eligible,0.0007989738739126,0,0.9820627802690582,0.9417040358744396,0.3937202501148575,borderline_overlap,moderately_sensitive,451.66142535907744,2,False,False,high_audience_selectivity,0,0,0,0,0,0,eligible,eligible
364766,MicroMacro: Crime City – All In,2022.0,1234,8.135560036297067,1.0332596710190742,0.904982459580676,0.0339737053591684,eligible,0.0043997305702452,0,0.905996758508914,0.7350081037277147,0.0731646225151914,borderline_overlap,moderately_sensitive,2661.6319147031986,7,False,True,moderate_audience_selectivity,0,0,0,0,0,0,eligible,eligible
36424,"Gulf, Mobile & Ohio",2008.0,525,8.011867937577522,1.0318872961418464,0.8688520640211514,0.0520859805156669,eligible,0.0018809923040543,0,0.9904761904761904,0.96,0.3378159152867558,borderline_overlap,strongly_sensitive,772.6512672647789,2,False,False,high_audience_selectivity,0,0,0,0,0,0,eligible,eligible
355997,Thunder Road: Vendetta – Maximum Chrome,2023.0,1069,8.909782794046846,1.0213673240491,1.4494619576164656,0.0365015782850868,eligible,0.0038157272453673,0,,,0.0489291565366897,borderline_overlap,stable_under_exposure_adjustment,1352.25988439625,4,False,False,moderate_audience_selectivity,0,0,0,0,0,0,eligible,eligible
324344,Twinkle Starship,2020.0,264,7.955937487615062,1.0143973027816724,0.9956105419375252,0.0734511386057802,eligible,0.0009243733608495,0,,,0.4681189455897861,adequate_overlap,stable_under_exposure_adjustment,633.0925222610819,2,False,False,moderate_audience_selectivity,0,0,0,0,0,0,eligible,eligible
200247,Austerlitz 1805: Rising Eagles,2016.0,255,8.599361732565319,1.0031337231319757,0.8035908126885953,0.0747360956258539,eligible,0.0007523969216217,0,0.9607843137254902,0.8549019607843137,0.1696071701564964,borderline_overlap,moderately_sensitive,3342.95945265026,3,False,False,high_audience_selectivity,0,0,0,0,0,0,eligible,eligible
367432,On to Richmond II: The Union Strikes South,2023.0,102,9.49558070485074,0.9983603471466438,0.995714584001176,0.1181681428029229,eligible,0.0002937930836808,0,0.9705882352941176,0.9117647058823528,0.1323522681957121,insufficient_overlap,insufficient_overlap,2258.1790046518645,1,False,False,insufficient_evidence,1,1,1,0,0,0,eligible,eligible
424809,Joyride: Turbo,2024.0,153,8.665376560976457,0.9962030335022368,0.9895973137909166,0.0964838845731658,eligible,0.0005481749000386,0,,,0.0753866833549329,adequate_overlap,moderately_sensitive,995.0173644781602,2,False,False,moderate_audience_selectivity,0,0,0,0,0,0,eligible,eligible
369258,Isle of Skye: Big Box,2022.0,353,8.223449131645932,0.991550888242692,0.992830218634003,0.0635203881368363,eligible,0.0012647433968213,0,0.8725212464589235,0.7280453257790368,0.1103017339150472,borderline_overlap,moderately_sensitive,1344.511942294572,7,False,True,high_audience_selectivity,0,0,0,0,1,0,borderline,borderline
31790,"Crusade and Revolution: The Spanish Civil War, 1936-1939",2013.0,543,8.81321505612216,0.9897833291710524,0.9525274857357324,0.0512154014246387,eligible,0.001852329564183,0,0.9355432780847146,0.7882136279926335,0.0969823191111058,borderline_overlap,strongly_sensitive,5519.776065902381,7,True,False,moderate_audience_selectivity,0,1,1,0,0,0,eligible,eligible
375769,Lords of Vegas,2024.0,191,8.493834743090343,0.9892585933328792,0.955911118693706,0.0863542690109747,eligible,0.0006843229144273,0,0.8481675392670157,0.6544502617801047,0.134834171254168,borderline_overlap,moderately_sensitive,1035.6283049295084,5,True,False,high_audience_selectivity,0,0,0,0,0,0,eligible,eligible
252526,Pictomania (Second Edition),2018.0,2397,7.963980904151993,0.975789282552788,0.9782158233565807,0.0243762266235755,borderline,0.0085880734339395,1,0.8172715894868585,0.6065915727993325,0.1048191961347009,borderline_overlap,moderately_sensitive,2166.6205107324763,7,True,False,moderate_audience_selectivity,0,0,0,0,1,0,borderline,borderline
4205,On to Richmond!,1998.0,225,8.29678950818097,0.974849170138084,0.9457242818275802,0.079562649453013,eligible,0.0006484944895882,0,0.9955555555555556,0.9111111111111112,0.062795759202432,borderline_overlap,strongly_sensitive,2045.365420138129,4,False,False,high_audience_selectivity,0,1,1,0,0,0,eligible,eligible
204801,Kneipenquiz: Das Original,2016.0,1026,7.699227660514548,0.9682139096221416,0.9496618147310834,0.03725862430477,eligible,0.0036759963884947,0,0.7270955165692008,0.4941520467836257,0.1012160946490426,borderline_overlap,strongly_sensitive,2359.043930330368,8,True,False,high_audience_selectivity,0,0,0,0,0,0,eligible,eligible
374400,Unlock!: Extraordinary Adventures,2022.0,463,8.005167219596279,0.967730812337745,0.8933539373883939,0.0554638484265306,eligible,0.001644524700116,0,0.9827213822894167,0.9460043196544276,0.2329923011758847,borderline_overlap,strongly_sensitive,1335.8291823269867,2,False,False,high_audience_selectivity,0,0,0,0,0,0,eligible,eligible
327778,ito,2019.0,979,7.710958899393944,0.9674554184650112,0.9596759339453342,0.0381424995645252,eligible,0.0035040199492669,0,0.8437180796731358,0.6986721144024515,0.1907951457940762,borderline_overlap,moderately_sensitive,3626.846218359051,7,True,False,moderate_audience_selectivity,0,0,0,0,0,0,eligible,eligible
101865,Saga,2011.0,328,8.046061591445465,0.9651430297093118,0.9987101173418296,0.0658966859824071,eligible,0.0011285953824326,0,0.8140243902439024,0.6341463414634146,0.1075435642263194,borderline_overlap,strongly_sensitive,8107.669415451933,7,False,False,moderate_audience_selectivity,0,0,0,0,0,0,eligible,eligible
1796,Pampas Railroads,2001.0,240,7.888392436136963,0.9647850458194148,0.9108996721869058,0.0770362040779144,eligible,0.0008562993536552,0,0.9875,0.9625,0.3669825819534225,borderline_overlap,strongly_sensitive,462.9722064131284,2,False,False,high_audience_selectivity,0,0,0,0,0,0,eligible,eligible
266722,Rumble Nation,2017.0,1228,7.966968553280943,0.954866688419762,0.8990120021508341,0.034056601876122,eligible,0.0043889820427934,0,,,0.2022024516602629,adequate_overlap,stable_under_exposure_adjustment,1255.274849655158,4,False,False,moderate_audience_selectivity,0,0,0,0,0,0,eligible,eligible
83325,Lost Battles: Forty Battles & Campaigns of the Ancient World,2011.0,193,8.212230891818116,0.951663007943619,0.9256260861866464,0.0859056723713636,eligible,0.0006341631196526,0,0.932642487046632,0.8704663212435233,0.0847949741003433,borderline_overlap,strongly_sensitive,4423.87491698845,4,False,False,moderate_audience_selectivity,0,0,0,0,0,0,borderline,borderline
286428,"Wits & Wagers: It's Vegas, Baby!",2019.0,1026,7.676242203785407,0.9407943759107537,0.8701301795599417,0.03725862430477,eligible,0.0036544993335912,0,0.8109161793372319,0.5594541910331384,0.0700270108283799,borderline_overlap,moderately_sensitive,2632.332592131252,7,True,False,high_audience_selectivity,0,0,0,0,0,0,eligible,eligible
408381,War Story: Occupied France,2024.0,183,8.461611204652554,0.9400805422420612,0.9269997743484916,0.0882216042737541,eligible,0.0006413288046204,0,0.8469945355191257,0.7377049180327869,0.1108904732237549,borderline_overlap,strongly_sensitive,2719.4228986988346,7,True,False,moderate_audience_selectivity,0,0,0,0,0,0,eligible,eligible
347218,Dickory,2021.0,160,7.999754134752189,0.9377377388780096,0.9591182155779484,0.0943496958559016,eligible,0.000573254797426,0,,,0.4357325819534225,adequate_overlap,moderately_sensitive,492.159084543797,2,False,False,moderate_audience_selectivity,0,1,0,1,0,0,eligible,eligible
292811,American Bookshop,2019.0,537,7.859503837967489,0.937479836207416,0.9171318472697384,0.0515007262029792,eligible,0.0019204035713773,0,,,0.3810188948025845,borderline_overlap,moderately_sensitive,1814.5561888866507,2,False,False,moderate_audience_selectivity,0,0,0,0,0,0,eligible,eligible
343322,Exit: The Game – Advent Calendar: The Hunt for the Golden Book,2021.0,830,8.012458357635548,0.9350335310457432,0.9037994564990406,0.0414248981835015,eligible,0.0029450965217765,0,0.933734939759036,0.8397590361445784,0.1344561419153203,borderline_overlap,moderately_sensitive,2082.005466645632,7,False,True,moderate_audience_selectivity,0,0,0,0,0,0,borderline,borderline
283474,Star Wars: Legion – Clone Wars Core Set,2019.0,238,8.37609630176314,0.9301751178743008,0.9582550701902974,0.0773592084466779,eligible,0.0008491336686873,0,0.5504201680672269,0.315126050420168,0.1799713158147597,borderline_overlap,strongly_sensitive,7796.495459240371,6,True,False,moderate_audience_selectivity,0,1,1,0,0,0,eligible,eligible
153480,Scharfe Schoten,2014.0,367,7.678599050054305,0.9278933177819928,0.933491714533857,0.062297047425807,eligible,0.0013113203491121,0,,,0.4437196391741309,borderline_overlap,moderately_sensitive,1066.8772586242396,2,False,False,moderate_audience_selectivity,0,0,0,0,0,0,eligible,eligible
324320,Planet etuC,2020.0,280,7.681839148849474,0.9272236589424194,0.9041898637263204,0.0713216661455134,eligible,0.0009816988405921,0,,,0.425911153381994,adequate_overlap,stable_under_exposure_adjustment,1182.2236308398683,2,False,False,moderate_audience_selectivity,0,0,0,0,0,0,eligible,eligible
378,Lancashire Railways,1998.0,120,7.566311807781945,0.9268581963454724,0.8735761739046399,0.1089456446007282,eligible,0.0004299410980695,0,0.9916666666666668,0.9583333333333334,0.4378159152867559,insufficient_overlap,insufficient_overlap,84.72838879806689,2,False,False,insufficient_evidence,0,0,0,0,0,0,eligible,eligible
7662,Bar-Lev: The Yom-Kippur War of 1973,1974.0,115,7.679248551361279,0.9252058036001864,0.8000422212364073,0.1112888297569097,eligible,0.0003224558235521,0,0.982608695652174,0.9304347826086956,0.0467957943792938,insufficient_overlap,insufficient_overlap,2162.5327275044447,2,False,False,insufficient_evidence,0,0,0,0,0,0,eligible,eligible
163172,Waterloo 1815: Fallen Eagles,2015.0,195,8.34809555913361,0.9201763546957124,0.7392669071363507,0.0854639950369319,eligible,0.0005875861673617,0,0.958974358974359,0.8358974358974359,0.1382346211368885,borderline_overlap,moderately_sensitive,3480.274860240383,3,False,False,high_audience_selectivity,0,0,0,0,0,0,eligible,eligible
374866,Robotrick,2020.0,547,8.195177911801768,0.9169728604320913,0.9211040041342252,0.0510277985911665,eligible,0.0019598148387004,0,,,0.3595100042568959,borderline_overlap,moderately_sensitive,1262.8818598544212,2,False,False,moderate_audience_selectivity,0,0,0,0,0,0,eligible,eligible
27817,Marne 1918: Friedensturm,2006.0,123,8.225838398197409,0.916041865522942,0.8926502024699499,0.1076088375982068,eligible,0.0003511185634234,0,0.967479674796748,0.8780487804878049,0.0953655138903749,insufficient_overlap,insufficient_overlap,2504.8128053529213,3,False,False,insufficient_evidence,0,1,1,0,0,0,borderline,borderline
327913,Unlock!: Timeless Adventures – Arsène Lupin und der große weiße Diamant,2019.0,138,7.835265364359108,0.9123559931327012,0.938799729123776,0.1015923374270194,eligible,0.0004944322627799,0,0.9710144927536232,0.8840579710144928,0.2409459279974402,insufficient_overlap,insufficient_overlap,8949.591636120844,1,False,False,insufficient_evidence,0,0,0,0,0,0,eligible,eligible
27266,Silent Death: The Next Millennium Deluxe Edition,1995.0,194,7.654605691481128,0.9103902808998754,0.8508840650600806,0.0856839799440507,eligible,0.0006592430170399,0,0.8298969072164949,0.654639175257732,0.114395526404928,borderline_overlap,strongly_sensitive,7197.935710769084,6,True,False,moderate_audience_selectivity,0,0,0,0,1,0,borderline,borderline
67199,The Coming Storm: Quadrigame of the Fourth Coalition October 1806 - June 1807,2010.0,132,8.216467481879732,0.9072368801538104,0.7827649574571804,0.1038755963880404,eligible,0.0003905298307465,0,0.9924242424242424,0.9166666666666666,0.0509184254063439,insufficient_overlap,insufficient_overlap,1751.3135685519742,2,False,False,insufficient_evidence,0,1,1,0,0,0,eligible,eligible
155,Was sticht?,1993.0,683,7.534872568565166,0.8996284521697921,0.883116304790371,0.0456657026036423,eligible,0.0024434985740286,0,,,0.4068251881027637,adequate_overlap,stable_under_exposure_adjustment,511.3587029576215,2,False,False,moderate_audience_selectivity,0,0,0,0,0,0,eligible,eligible
341008,Unlock!: Heroic Adventures – Sherlock Holmes: Der scharlachrote Faden,2018.0,181,7.655709413702183,0.8941475500122991,0.9139458559179392,0.0887076773975098,eligible,0.0006484944895882,0,0.9668508287292816,0.9116022099447514,0.2011676648263507,borderline_overlap,strongly_sensitive,1392.0108738535268,2,False,False,moderate_audience_selectivity,0,0,0,0,0,0,eligible,eligible
317434,Exit: The Game – Advent Calendar: The Mystery of the Ice Cave,2020.0,1023,8.187789691245294,0.8887330248472178,0.8796120475412099,0.0373132157249707,eligible,0.0036330022786878,0,0.9501466275659824,0.855327468230694,0.1554115176705405,borderline_overlap,moderately_sensitive,1357.3493331388484,7,False,False,high_audience_selectivity,0,0,0,0,0,0,eligible,eligible
289247,Verdun 1916: Steel Inferno,2020.0,326,8.6433834851727,0.8877545178872097,0.9071503471594315,0.0660985139771559,eligible,0.0011070983275291,0,0.9386503067484664,0.8159509202453987,0.0351183134003521,borderline_overlap,strongly_sensitive,4603.723436861204,4,False,False,moderate_audience_selectivity,0,1,1,0,0,0,eligible,eligible
21373,Federation Commander: Romulan Border,2006.0,246,7.854659233404641,0.8861740268260281,0.7229682362818561,0.0760909387812939,eligible,0.0008276366137839,0,0.8902439024390244,0.7520325203252033,0.0662491253636506,borderline_overlap,strongly_sensitive,3074.378317129407,6,False,False,moderate_audience_selectivity,0,0,0,0,0,0,eligible,eligible
6495,Iron Tide: Panzers in the Ardennes,2003.0,104,8.051432964985917,0.8856551026651864,0.7989584708891702,0.1170263948405929,eligible,0.0003296215085199,0,0.971153846153846,0.9230769230769232,0.0852518127226532,insufficient_overlap,insufficient_overlap,2395.535969534157,2,False,False,insufficient_evidence,0,0,0,0,0,0,eligible,eligible
331952,Unlock!: Timeless Adventures – Die Noside-Show,2019.0,135,7.805731438260881,0.882822067034474,0.9092658030255488,0.1027149387705526,eligible,0.0004836837353282,0,1.0,0.9333333333333332,0.2637418412126818,insufficient_overlap,insufficient_overlap,480.10012301611823,1,False,False,insufficient_evidence,0,0,0,0,0,0,eligible,eligible
348973,Hidden Games Tatort: Winterkrimi – Eiskaltes Verbrechen,2021.0,115,8.102204139578445,0.876148600073444,0.7900501728223528,0.1112888297569097,eligible,0.0004012783581982,0,0.9565217391304348,0.8956521739130435,0.1458233498776041,insufficient_overlap,insufficient_overlap,696.8731207630346,1,False,False,insufficient_evidence,0,0,0,0,0,0,eligible,eligible
415776,Kingdom Legacy: Feudal Kingdom,2024.0,565,8.711745326785875,0.8756556327228378,0.6750914686247302,0.0502083872924287,eligible,0.0020207231609269,0,0.7309734513274336,0.5628318584070796,0.0302264527275183,borderline_overlap,moderately_sensitive,709.973065820196,7,True,False,moderate_audience_selectivity,1,1,0,0,0,0,eligible,eligible
282255,Inflation!,2019.0,245,7.7402857580166256,0.8733593142834959,0.8675445982869832,0.0762460682772529,eligible,0.0008777964085586,0,,,0.4820336023615858,adequate_overlap,stable_under_exposure_adjustment,833.5928790417042,2,False,False,moderate_audience_selectivity,0,0,0,0,0,0,eligible,eligible
380619,Cyclades: Legendary Edition,2024.0,161,8.638196012262162,0.868744885753383,1.0797735336984324,0.0940562279728098,eligible,0.000573254797426,0,,,0.0963342439824717,adequate_overlap,stable_under_exposure_adjustment,931.9676745056968,4,False,False,low_audience_selectivity,0,0,0,0,1,0,borderline,borderline
297658,[kosmopoli:t],2020.0,664,7.885719140250272,0.8685228819816295,0.8781042040196532,0.0463144441496585,eligible,0.0023646760393826,0,0.7605421686746988,0.5240963855421686,0.0549318182149654,borderline_overlap,strongly_sensitive,3889.010525866052,8,True,False,moderate_audience_selectivity,0,0,0,0,0,0,eligible,eligible
16,MarraCash,1996.0,1169,7.5291775747655665,0.8675041375435812,0.7851972359325474,0.0349054499177046,eligible,0.0041811771787265,0,0.9692044482463644,0.9221556886227544,0.3658170558627467,borderline_overlap,moderately_sensitive,417.80850172949,5,True,False,high_audience_selectivity,0,0,0,0,0,0,eligible,eligible
40258,Buffalo Wings,2010.0,135,8.152688059816294,0.8653963896280779,0.7851085294848996,0.1027149387705526,eligible,0.0003797813032947,0,0.9777777777777776,0.8592592592592593,0.0837317137840857,insufficient_overlap,insufficient_overlap,3065.5226571107346,4,False,False,insufficient_evidence,0,1,1,0,0,0,eligible,eligible
332804,Cantaloop: Book 3 – Against All Odds,2023.0,106,8.031929872191578,0.8645625028872903,0.7738580907201911,0.1159171148780976,eligible,0.0003797813032947,0,0.9905660377358492,0.9433962264150944,0.1963565738316648,insufficient_overlap,insufficient_overlap,535.1024988676702,2,False,False,insufficient_evidence,1,1,0,0,0,0,eligible,eligible
4226,"Victory at Midway: Turning Point of the Pacific War, June 1942",1992.0,188,7.521476269378612,0.8577180125547379,0.7613859872878947,0.0870405388951028,eligible,0.0005660891124582,0,0.9787234042553192,0.9414893617021276,0.0701410666535219,borderline_overlap,strongly_sensitive,3290.0650400963705,2,False,False,high_audience_selectivity,1,1,1,0,0,0,eligible,eligible
309058,Dog Tag Trick,2020.0,175,7.77296092011273,0.8573073523278101,0.8487976832773914,0.0902155646151778,eligible,0.0006269974346847,0,,,0.3987682962391368,adequate_overlap,stable_under_exposure_adjustment,870.2278554489318,2,False,False,moderate_audience_selectivity,0,0,0,0,0,0,eligible,eligible
3416,Fallschirmjaeger: The Airborne Assault on Fortress Holland,2001.0,192,8.001330913571861,0.8546694451707282,0.7509237056197708,0.0861290945233816,eligible,0.0005589234274904,0,0.9791666666666666,0.9322916666666666,0.0791383233055059,borderline_overlap,strongly_sensitive,2361.702020045794,2,False,False,high_audience_selectivity,0,0,0,0,0,0,eligible,eligible
262621,The Soo Line,2018.0,217,7.759402777597738,0.8490432935071395,0.6004571386257771,0.0810159686511251,eligible,0.0007774768190091,0,0.9815668202764976,0.9447004608294932,0.3325931810317635,borderline_overlap,strongly_sensitive,1382.309327553404,2,False,False,high_audience_selectivity,0,0,0,0,0,0,eligible,eligible
307997,Insider Black,2020.0,365,7.619979324629217,0.8457891523108998,0.7810469969732168,0.0624674911025492,eligible,0.0013005718216604,0,0.8383561643835616,0.6191780821917808,0.0687001149183361,borderline_overlap,moderately_sensitive,1428.4506193795553,7,False,True,moderate_audience_selectivity,0,0,0,0,0,0,eligible,eligible
152345,"La Patrie en Danger 1814: The Campaign in France, Part I",2014.0,103,8.238174608895157,0.8456901461974944,0.7297914102630116,0.1175931119315639,eligible,0.0002937930836808,0,0.9902912621359224,0.8932038834951457,0.0720210920062538,insufficient_overlap,insufficient_overlap,2753.67368336658,2,False,False,insufficient_evidence,0,0,0,0,0,0,eligible,eligible
4206,Roads to Gettysburg,1993.0,338,8.134801591793423,0.8427035763177191,0.8168849508510085,0.064914564181608,eligible,0.001028275792883,0,0.9911242603550297,0.9437869822485208,0.0401317395961928,borderline_overlap,strongly_sensitive,1871.7201633483628,4,False,False,high_audience_selectivity,0,1,1,0,0,0,eligible,eligible
186864,Tiefe Taschen,2016.0,607,7.636051537347169,0.8418656280986321,0.768342755187887,0.0484402248415046,eligible,0.0021747853877352,0,0.8550247116968699,0.700164744645799,0.2601662722334884,borderline_overlap,strongly_sensitive,1804.90514460446,7,True,False,moderate_audience_selectivity,0,0,0,0,0,0,eligible,eligible
38863,The Rich and the Good,2008.0,2484,7.665678345964867,0.8403578437054229,0.8610206408359264,0.0239455435704124,borderline,0.008896197887556,1,0.9637681159420288,0.9146537842190016,0.3106017445943243,borderline_overlap,moderately_sensitive,1110.0071165685097,7,True,False,high_audience_selectivity,0,0,0,0,0,0,eligible,eligible
41749,American Rails,2009.0,1071,8.024870539551326,0.8401715436830681,0.7030123127729002,0.0364674805865797,eligible,0.0038372243002708,0,0.9859943977591036,0.9411764705882352,0.3551828620654673,borderline_overlap,strongly_sensitive,684.8776663311245,2,False,False,high_audience_selectivity,0,0,0,0,0,0,eligible,eligible
57141,"Codeword Cromwell: The German Invasion of England, 8 June 1940",2014.0,136,8.201727887811241,0.8391839301016457,0.9294307937387174,0.1023366135853585,eligible,0.0004442724680052,0,0.9558823529411764,0.8161764705882353,0.0668774887604966,insufficient_overlap,insufficient_overlap,2661.059748288584,2,False,False,insufficient_evidence,1,1,1,0,0,0,eligible,eligible
39939,"The Battle of Fontenoy: 11 May, 1745",2012.0,121,8.700524513881497,0.837889630087723,0.8533893626520577,0.1084945219813813,eligible,0.0003188729810682,0,0.9834710743801652,0.8842975206611571,0.1393190709391394,insufficient_overlap,insufficient_overlap,1524.345294425429,2,False,False,insufficient_evidence,1,1,1,0,0,0,eligible,eligible
146922,Chain of Command,2013.0,174,8.37545809403745,0.8356430407718101,0.8444430938491134,0.0904744333384248,eligible,0.0005768376399099,0,0.8103448275862069,0.603448275862069,0.2232920924012564,borderline_overlap,strongly_sensitive,4567.304457386227,6,True,False,moderate_audience_selectivity,0,0,0,0,0,0,eligible,eligible
351869,Adventure Games: Expedition Azcana,2022.0,101,7.686901971034317,0.8274664474972795,0.7857459612062527,0.1187516927360825,eligible,0.0003582842483913,0,0.99009900990099,0.8910891089108911,0.1423850999920469,insufficient_overlap,insufficient_overlap,754.9786337550801,2,False,False,insufficient_evidence,0,0,0,0,1,0,borderline,borderline
334379,Doodle Dash,2021.0,707,7.738347808065807,0.826805832551532,0.8032245408962986,0.0448839209639471,eligible,0.0025294867936426,0,0.8684582743988685,0.6718528995756718,0.1671873496316168,borderline_overlap,strongly_sensitive,3227.270027455209,6,False,True,moderate_audience_selectivity,0,0,0,0,0,0,eligible,eligible
296345,Sherlock Holmes Consulting Detective: The Baker Street Irregulars,2020.0,1404,8.414612841517592,0.826400248381848,0.830695977998726,0.0318505504218807,eligible,0.0050159794774782,1,0.7735042735042735,0.5555555555555556,0.1476541701833296,borderline_overlap,moderately_sensitive,1998.0067292550573,7,True,False,moderate_audience_selectivity,0,0,0,0,0,0,eligible,eligible
1821,Grant Takes Command,2001.0,288,8.339677299821991,0.8260643875311171,0.6673274210013229,0.070324111196742,eligible,0.0008742135660747,0,0.9861111111111112,0.9375,0.0684298081793626,borderline_overlap,strongly_sensitive,1747.2366496282366,4,False,False,high_audience_selectivity,0,1,1,0,0,0,eligible,eligible
3893,Full Thrust,1992.0,437,7.545969961182338,0.8248436392762066,0.8248330496407377,0.0570899650797397,eligible,0.0014188056236295,0,0.8581235697940504,0.6933638443935927,0.0880439270102676,borderline_overlap,strongly_sensitive,4652.07233731015,7,True,False,moderate_audience_selectivity,0,0,0,0,0,0,eligible,eligible
164698,Fresh Fish,2014.0,985,7.824971566951879,0.8246201562537454,0.8175811224058727,0.038026152065517,eligible,0.0035255170041704,0,,,0.3527059322072296,adequate_overlap,stable_under_exposure_adjustment,988.8042948520268,2,False,False,moderate_audience_selectivity,0,0,0,0,0,0,eligible,eligible
334137,Top Ten 18+,2021.0,398,7.670333879403267,0.8198240403862149,0.8039725653548038,0.059821728823544,eligible,0.0014223884661134,0,0.7939698492462312,0.6155778894472361,0.0370629776921349,borderline_overlap,strongly_sensitive,4933.279246703515,8,True,False,moderate_audience_selectivity,0,0,0,0,0,0,eligible,eligible
71668,After Pablo,2010.0,195,7.954348808871511,0.8194536210216965,0.7799145226023514,0.0854639950369319,eligible,0.0006950714418791,0,0.9743589743589745,0.8564102564102564,0.2967902742611148,borderline_overlap,strongly_sensitive,619.7422727923921,1,False,False,high_audience_selectivity,0,0,0,0,0,0,eligible,eligible
158816,Longstreet Attacks: The Second Day at Gettysburg,2018.0,186,8.628390773053367,0.81836750290379,0.8084826574052784,0.087507247543047,eligible,0.0005051807902317,0,0.967741935483871,0.8709677419354839,0.1178045136100068,borderline_overlap,moderately_sensitive,2328.031775409885,3,False,False,high_audience_selectivity,0,0,0,0,0,0,eligible,eligible
12141,This Terrible Sound,2000.0,113,8.181891365795869,0.8180171813358523,0.8049103646595341,0.1122693670265072,eligible,0.0003009587686486,0,0.991150442477876,0.9469026548672568,0.1245077334497657,insufficient_overlap,insufficient_overlap,1034.4649631828624,2,False,False,insufficient_evidence,0,0,0,0,0,0,eligible,eligible
155496,Holdfast: Russia 1941-42,2014.0,229,7.995877458710066,0.813514034411269,0.9115479532319464,0.0788647179900584,eligible,0.0007703111340413,0,0.9737991266375546,0.8602620087336245,0.1590677347918504,borderline_overlap,strongly_sensitive,4046.221684663097,2,False,False,moderate_audience_selectivity,1,1,1,0,0,0,eligible,eligible
178896,"Last Blitzkrieg: Wacht am Rhein, The Battle of the Bulge",2016.0,285,8.869971099589902,0.8107514494526527,0.7435796937853052,0.0706932691725484,eligible,0.0007738939765252,0,0.9789473684210528,0.8596491228070176,0.1698135685053096,borderline_overlap,moderately_sensitive,1853.610158627819,4,False,False,high_audience_selectivity,0,0,0,0,0,0,eligible,eligible
10183,Napoleon at Leipzig,1979.0,271,7.693195654389192,0.8098765769362268,0.6814265758144602,0.0724963014019341,eligible,0.0007738939765252,0,0.988929889298893,0.9446494464944648,0.0721340617122938,borderline_overlap,strongly_sensitive,2074.897256069244,4,False,False,high_audience_selectivity,0,0,0,0,0,0,eligible,eligible
5452,"DAK: The Campaign in North Africa, 1940-1942",1997.0,196,8.401652134454874,0.8087549269561176,0.7436472958498364,0.0852456958425139,eligible,0.0004980151052639,0,0.9897959183673468,0.8979591836734694,0.0432232845784488,borderline_overlap,moderately_sensitive,1460.661088329941,4,False,False,high_audience_selectivity,0,1,1,0,0,0,eligible,eligible
345266,Tales from the Red Dragon Inn,2023.0,519,8.660438543475616,0.8069957415113738,0.744695393582445,0.0523861903822678,eligible,0.0018308325092795,0,0.9132947976878611,0.7880539499036608,0.0605339696471556,borderline_overlap,moderately_sensitive,1232.901315335623,7,False,True,moderate_audience_selectivity,0,0,0,0,0,0,eligible,eligible
36314,Where Eagles Dare: The Battle for Hell's Highway,2011.0,188,8.461223131236869,0.8065355793795597,0.8336132585651193,0.0870405388951028,eligible,0.0005589234274904,0,0.973404255319149,0.8936170212765957,0.0800567437813971,borderline_overlap,moderately_sensitive,2220.6021248894945,3,False,False,high_audience_selectivity,0,1,1,0,0,0,eligible,eligible
33665,Battle Above the Clouds,2010.0,305,8.479529530827948,0.8038032303847089,0.7903755288130139,0.0683361608255901,eligible,0.0009136248333978,0,0.9770491803278688,0.9081967213114754,0.0774846311613315,borderline_overlap,strongly_sensitive,2049.3136641011456,4,False,False,high_audience_selectivity,1,1,1,0,0,0,eligible,eligible
180205,Trans-Siberian Railroad,2015.0,349,7.896794710841266,0.8030805539577353,0.6770482536659843,0.063883364737989,eligible,0.0012504120268856,0,0.98567335243553,0.9484240687679084,0.3551989143316459,borderline_overlap,strongly_sensitive,438.3621165683336,2,False,False,high_audience_selectivity,0,0,0,0,0,0,eligible,eligible
3263,Ukraine '43: The Soviet Summer Offensive Against Army Group South,2000.0,476,8.261351689446284,0.8005611334118559,0.7260094583891004,0.0547012208798695,eligible,0.0014044742536939,0,0.9894957983193278,0.9243697478991596,0.0939701595539463,borderline_overlap,moderately_sensitive,2122.491816748953,4,False,False,high_audience_selectivity,0,0,0,0,0,0,eligible,eligible
62922,None But Heroes,2011.0,140,8.406517529881974,0.7989101626238977,0.7054123805997516,0.1008640675540311,eligible,0.0003869469882626,0,0.9785714285714284,0.8785714285714286,0.1526602751894346,insufficient_overlap,insufficient_overlap,1734.76683302681,3,False,False,insufficient_evidence,0,1,1,0,0,0,eligible,eligible
41934,World at War: The Untold Stories,2010.0,118,7.941940827680329,0.7984093690081382,0.7813032529643893,0.1098650334287785,eligible,0.0003618670908752,0,0.9745762711864406,0.8389830508474576,0.1208105046414884,insufficient_overlap,insufficient_overlap,2384.781619230162,3,False,False,insufficient_evidence,0,1,1,0,0,0,eligible,eligible
351488,Six Second Scribbles,2021.0,272,7.618768613202745,0.7950666972993545,0.7683511853481946,0.0723629134298743,eligible,0.0009637846281726,0,0.8161764705882353,0.625,0.1265414054828343,borderline_overlap,moderately_sensitive,1664.0192756690058,7,False,True,moderate_audience_selectivity,0,0,0,0,0,0,eligible,eligible
38786,"Red Winter: The Soviet Attack at Tolvajärvi, Finland – 8-12 December 1939",2012.0,495,8.340614961277021,0.7949041655063382,0.7077361704084719,0.0536411273184325,eligible,0.0016516903850839,0,0.9535353535353536,0.8646464646464647,0.0352906049698689,borderline_overlap,strongly_sensitive,4577.522222225778,4,False,False,moderate_audience_selectivity,0,1,1,0,0,0,eligible,eligible
319135,Nightmare Horror Adventures: Welcome to Crafton Mansion,2021.0,418,8.078773504377258,0.7906166339396279,0.7970129219741136,0.0583730458479751,eligible,0.0014940453157917,0,0.7607655502392344,0.5454545454545454,0.1140519599438531,borderline_overlap,strongly_sensitive,1857.4994644049928,8,False,True,moderate_audience_selectivity,0,0,0,0,0,0,eligible,eligible
286925,Detective Stories: Case 3 – Still Lake,2019.0,133,7.776859324966884,0.7882892860234758,0.794788874292653,0.1034843498136905,eligible,0.0004729352078765,0,0.962406015037594,0.9097744360902256,0.1630185116951916,insufficient_overlap,insufficient_overlap,1393.4919280101587,2,False,False,insufficient_evidence,0,0,0,0,0,0,eligible,eligible
11096,Tahuantinsuyu,2004.0,404,7.754538694103664,0.7858011482549925,0.694407350681808,0.0593758463680412,eligible,0.0014474683635008,0,,,0.3668588195771848,adequate_overlap,stable_under_exposure_adjustment,610.3818697521348,2,False,False,moderate_audience_selectivity,0,0,0,0,0,0,eligible,eligible
246873,"Königsberg: The Soviet Attack on East Prussia, 1945",2018.0,186,8.16374889514631,0.785622208755635,0.7927186120919476,0.087507247543047,eligible,0.0005696719549421,0,0.9623655913978496,0.8602150537634409,0.1267002137455022,borderline_overlap,moderately_sensitive,3950.296211259469,3,False,False,high_audience_selectivity,0,0,0,0,0,0,eligible,eligible
1447,1841: Railways in Northern Italy,1994.0,343,8.790623187104979,0.7832451957497746,0.7940575751270922,0.0644396890108413,eligible,0.0012145836020465,0,0.7405247813411079,0.446064139941691,0.2342201912828685,insufficient_overlap,insufficient_overlap,20434.7927690024,4,False,True,moderate_audience_selectivity,0,0,0,0,0,0,eligible,eligible
422732,Agent Avenue,2024.0,596,8.174951991121562,0.7804796670817762,0.8289667648070491,0.0488851965847312,eligible,0.0021282084354443,0,,,0.1413953336312748,borderline_overlap,moderately_sensitive,2115.925308568245,4,False,False,low_audience_selectivity,0,0,0,0,0,0,eligible,eligible
424219,Zenith,2025.0,167,8.316275501448175,0.7759444379042737,0.798172764404292,0.0923511398830663,eligible,0.0005947518523295,0,,,0.2911932594215485,borderline_overlap,moderately_sensitive,1337.6597692744156,3,False,False,moderate_audience_selectivity,0,0,0,0,0,0,eligible,eligible
26736,Ukraine '44,2006.0,100,7.763388506253307,0.7735275890700972,0.6757747438362518,0.1193439741795195,eligible,0.0003009587686486,0,0.99,0.98,0.1407909192904737,insufficient_overlap,insufficient_overlap,2370.168649127743,2,False,False,insufficient_evidence,0,1,1,0,0,0,eligible,eligible
11967,The Seven Days of 1809: Napoleon and the Archduke Charles,2004.0,119,7.894065271559432,0.7733833703693573,0.7447201760152975,0.1094024417597391,eligible,0.0003582842483913,0,0.9663865546218487,0.9243697478991596,0.1105040203456371,insufficient_overlap,insufficient_overlap,2832.0320463270814,2,False,False,insufficient_evidence,0,0,0,0,0,0,eligible,eligible
202265,Chicago & NorthWestern,2016.0,102,7.865316570519178,0.7728729265343217,0.6547993591695436,0.1181681428029229,eligible,0.0003654499333591,0,0.9901960784313726,0.9607843137254902,0.4280119937181283,insufficient_overlap,insufficient_overlap,479.8310595289771,2,False,False,insufficient_evidence,0,0,0,0,0,0,eligible,eligible
12134,This Hallowed Ground,1998.0,124,8.261459988677476,0.77142502652665,0.7736983898373193,0.1071740526379411,eligible,0.0003367871934878,0,0.9758064516129032,0.9435483870967742,0.0817586612259575,insufficient_overlap,insufficient_overlap,1293.8890003937229,1,False,False,insufficient_evidence,0,0,0,0,0,0,eligible,eligible
124622,In Magnificent Style: Pickett's Charge at Gettysburg,2012.0,414,7.686847719096619,0.7703898465851253,0.69553439356174,0.0586543633610929,eligible,0.0013650629863708,0,0.8913043478260869,0.7584541062801933,0.0373468416660082,borderline_overlap,strongly_sensitive,8465.578964019332,4,False,False,moderate_audience_selectivity,1,1,1,0,0,0,eligible,eligible
1301,Netrunner,1996.0,2392,7.784744772061744,0.7696201314240607,0.7642575236286806,0.0244016901493981,borderline,0.0085056680568095,1,,,0.0396832508497435,adequate_overlap,stable_under_exposure_adjustment,788.1367029664401,4,False,False,low_audience_selectivity,0,1,0,1,0,0,eligible,eligible
322543,Don't Get Got!: Shut Up & Sit Down Special Edition,2021.0,491,7.517417887278017,0.7684292385969469,0.708335266326352,0.0538591815805045,eligible,0.0017591756596013,0,0.7841140529531568,0.5173116089613035,0.0942916215699234,borderline_overlap,moderately_sensitive,2300.9951074106443,6,True,False,high_audience_selectivity,0,0,0,0,1,0,borderline,borderline
129156,"Celles: The Ardennes, December 23-27, 1944",2012.0,382,8.019109969489921,0.7651992905737846,0.6547888045040189,0.0610616892020676,eligible,0.0012253321294982,0,0.9319371727748692,0.7958115183246073,0.0773271167738868,borderline_overlap,strongly_sensitive,5576.0183753628935,7,True,False,moderate_audience_selectivity,0,1,1,0,0,0,eligible,eligible
13016,"White Death: Velikiye Luki, The Stalingrad of the North",1979.0,125,7.736589706848453,0.7622796249079427,0.7977936872615645,0.1067444955881541,eligible,0.0003045416111326,0,0.976,0.92,0.0533528775228443,insufficient_overlap,insufficient_overlap,2039.9864233652413,2,False,False,insufficient_evidence,0,1,1,0,0,0,eligible,eligible
261720,Finca,2018.0,616,7.797944750269355,0.7615062772443277,0.7475956639485801,0.0480850575059544,eligible,0.0022070309700904,0,0.922077922077922,0.8344155844155844,0.2538332313040718,borderline_overlap,moderately_sensitive,1095.981451217212,7,True,False,high_audience_selectivity,0,0,0,0,0,0,eligible,eligible
7138,"The Killing Ground: Campaign for Normandy, July-August 1944",2002.0,126,8.414391534433951,0.7564467827759458,0.6196573889230628,0.1063200625132756,eligible,0.0003654499333591,0,0.992063492063492,0.9365079365079364,0.098883000440369,insufficient_overlap,insufficient_overlap,1295.1421317381944,2,False,False,insufficient_evidence,0,0,0,0,0,0,eligible,eligible
1662,"Napoléon: The Waterloo Campaign, 1815",1974.0,1343,7.707277424884571,0.7543071147230309,0.7037103650244072,0.0325658553502835,eligible,0.004528712899666,0,0.9486224869694714,0.8548026805658973,0.0536740410621682,borderline_overlap,strongly_sensitive,5424.751558133051,7,False,False,moderate_audience_selectivity,0,0,0,0,0,0,eligible,eligible
149620,Decision at Elst: An Advanced Squad Leader Starter Kit Historical Module,2014.0,192,8.64802699222585,0.7525024846394075,0.7322256718438478,0.0861290945233816,eligible,0.0005875861673617,0,0.953125,0.7916666666666666,0.1298924180465774,borderline_overlap,strongly_sensitive,7313.046624516315,3,False,False,high_audience_selectivity,0,1,1,0,0,0,eligible,eligible
120269,Red White & Blue Racin': Stock Car Action Game,2012.0,131,8.447093894085006,1.9936540594520784,1.980676368588816,0.1042713143786963,eligible,0.0004120268856499,0,,,0.2517206262259471,insufficient_overlap,insufficient_overlap,1612.562922569777,3,False,False,insufficient_evidence,1,1,0,0,0,0,eligible,eligible
4657,Replay Baseball,1973.0,103,7.978247154421985,1.8025578561840243,1.8279765388631413,0.1175931119315639,eligible,0.0003117072961004,0,,,0.1053531818279565,insufficient_overlap,insufficient_overlap,874.3923444358794,3,False,False,insufficient_evidence,1,1,0,0,0,0,eligible,eligible
351600,Mortum: Medieval Detective – The Shelter,2022.0,131,8.491014256539268,1.6443870952069464,1.5939133522733575,0.1042713143786963,eligible,0.0004657695229086,0,0.900763358778626,0.7099236641221374,0.1026714664106441,insufficient_overlap,insufficient_overlap,1610.3999034849508,1,False,False,insufficient_evidence,0,0,0,0,0,0,eligible,eligible
249768,My First Adventure: Finding the Dragon,2018.0,100,7.792468060399719,1.63779194821939,1.54080144180893,0.1193439741795195,eligible,0.0003547014059073,0,0.91,0.77,0.166163319301788,insufficient_overlap,insufficient_overlap,1390.7836812751789,1,False,False,insufficient_evidence,0,0,0,0,0,0,eligible,eligible
4485,Hotel Life,1989.0,139,7.704084067024758,1.608946986698229,1.5380271857250998,0.1012262377230807,eligible,0.000490849420296,0,0.8992805755395683,0.841726618705036,0.3025661969996297,insufficient_overlap,insufficient_overlap,572.0964346658673,2,False,False,insufficient_evidence,0,0,0,0,0,0,eligible,eligible
260234,Middle-Earth Strategy Battle Game: Rules Manual,2018.0,144,8.842478847140908,1.5691686168455945,1.5431550210895215,0.0994533118162662,eligible,0.0005087636327156,0,0.6875,0.4930555555555556,0.1785123989146663,insufficient_overlap,insufficient_overlap,9031.403096003563,6,False,False,insufficient_evidence,0,0,0,0,0,0,eligible,eligible
220975,History Maker Golf,2017.0,130,8.411238474481728,1.5521153094360027,1.4367314620076517,0.1046715896101186,eligible,0.0004299410980695,0,,,0.2023978398403978,insufficient_overlap,insufficient_overlap,1297.5949883876926,3,False,False,insufficient_evidence,0,0,0,0,0,0,eligible,eligible
261588,Ascension: Year Five Collector's Edition,2019.0,107,8.341164274398478,1.5355914031322495,1.431374167817566,0.115374174587065,eligible,0.0003797813032947,0,,,0.08719311911465,insufficient_overlap,insufficient_overlap,1525.6869133110818,2,False,False,insufficient_evidence,0,0,0,0,1,0,borderline,borderline
241203,Ascension: Year Four Collector's Edition,2017.0,122,8.176847733597981,1.5329709087252308,1.4253667319825745,0.1080489573802186,eligible,0.0004335239405534,0,,,0.0936967049097546,insufficient_overlap,insufficient_overlap,1059.0712111904052,2,False,False,insufficient_evidence,0,0,0,0,1,0,borderline,borderline
159333,Fendo,2014.0,121,8.166506203111037,1.5179684920339742,1.4937804547712703,0.1084945219813813,eligible,0.0004120268856499,0,,,0.1829949786476374,insufficient_overlap,insufficient_overlap,1009.7588667969032,2,False,False,insufficient_evidence,0,1,0,1,0,0,eligible,eligible
56995,The Twelve Doctors: Doctor Who Card Game,2009.0,139,7.732817228271512,1.5079722529014117,1.465715327296297,0.1012262377230807,eligible,0.0004980151052639,0,,,0.1111716744633025,insufficient_overlap,insufficient_overlap,1118.6372531743818,2,False,False,insufficient_evidence,0,1,0,1,0,0,eligible,eligible
68199,Catchup,2010.0,135,8.018880163988579,1.4902210986250992,1.3946618382465117,0.1027149387705526,eligible,0.0004657695229086,0,,,0.2109318663098253,insufficient_overlap,insufficient_overlap,1378.1697650645406,3,False,False,insufficient_evidence,0,1,0,1,0,0,eligible,eligible
12071,Second Season Pro Football Game,1999.0,132,8.079682206743014,1.487916539147852,1.3564948433952466,0.1038755963880404,eligible,0.0004191925706178,0,,,0.1937560077180558,insufficient_overlap,insufficient_overlap,1047.4366771816565,3,False,False,insufficient_evidence,1,1,0,0,0,0,eligible,eligible
401168,nana: Christmas Edition,2022.0,100,8.160131243453613,1.4747877395327151,1.4816937487013409,0.1193439741795195,eligible,0.0003582842483913,0,,,0.2444825819534225,insufficient_overlap,insufficient_overlap,1788.2828568202044,1,False,False,insufficient_evidence,0,0,0,0,1,0,borderline,borderline
265754,Exceed: Street Fighter – M. Bison Box,2019.0,134,8.573574810096195,1.4723907917565595,1.4736799801188294,0.103097491077084,eligible,0.0004801008928443,0,,,0.1056560230372585,insufficient_overlap,insufficient_overlap,645.2026648920254,1,False,False,insufficient_evidence,0,1,0,1,0,0,eligible,eligible
301480,Binho Classic,2019.0,112,8.022526904294581,1.465507355535431,1.4597907246575268,0.1127694557689722,eligible,0.0003941126732304,0,,,0.1142082894764345,insufficient_overlap,insufficient_overlap,2511.5060249445064,2,False,False,insufficient_evidence,0,0,0,0,0,0,eligible,eligible
183836,Ferox,2015.0,121,7.957118615730168,1.3871546831840735,1.3238535036510155,0.1084945219813813,eligible,0.0004335239405534,0,,,0.0509014087049549,insufficient_overlap,insufficient_overlap,1309.7211735242856,2,False,False,insufficient_evidence,0,1,0,1,0,0,eligible,eligible
174400,BattleCON: Wanderers of Indines,2020.0,131,8.823743295541332,1.3544017801732835,1.3614228242445794,0.1042713143786963,eligible,0.0004657695229086,0,,,0.1073080681551803,insufficient_overlap,insufficient_overlap,791.6449261693493,2,False,False,insufficient_evidence,0,0,0,0,0,0,eligible,eligible
185381,"Exceed: Red Horizon – Alice, Zoey, Gabrek, and Ulrik",2016.0,121,8.0777546311927,1.343447597707236,1.358887060754288,0.1084945219813813,eligible,0.0004263582555856,0,,,0.1416726645980506,insufficient_overlap,insufficient_overlap,1095.076084918548,2,False,False,insufficient_evidence,0,1,0,1,0,0,eligible,eligible
160436,Lost Legacy: Binbo Tantei to Inbo no Shiro,2014.0,116,7.607473968178757,1.3296880195959222,1.3859632671331037,0.1108080982232961,eligible,0.0004120268856499,0,,,0.3320253882673053,insufficient_overlap,insufficient_overlap,1439.598561156159,2,False,False,insufficient_evidence,0,0,0,0,0,0,eligible,eligible
185380,"Exceed: Red Horizon – Satoshi, Mei Lien, Morathi, and Baelkhor",2016.0,118,8.16846568283193,1.3040875259058833,1.3278292851841726,0.1098650334287785,eligible,0.000408444043166,0,,,0.1129571582246089,insufficient_overlap,insufficient_overlap,1166.618036258517,1,False,False,insufficient_evidence,0,1,0,1,0,0,eligible,eligible
224141,DreadBall (Second Edition),2018.0,135,8.375095139399932,1.2837452382497112,1.2648878045884189,0.1027149387705526,eligible,0.0004729352078765,0,,,0.2473692698984293,insufficient_overlap,insufficient_overlap,1370.212907219913,3,False,False,insufficient_evidence,0,1,0,1,1,0,borderline,borderline
359929,Hachi Train,2021.0,104,8.08936433351446,1.2491251178699585,1.25007398753948,0.1170263948405929,eligible,0.0003726156183269,0,,,0.3737133511841918,insufficient_overlap,insufficient_overlap,449.6604231069824,2,False,False,insufficient_evidence,0,0,0,0,0,0,eligible,eligible
3003,Crash Tackle Rugby Board Game,2001.0,149,7.745019856594135,1.2457560545240849,1.1230892732838793,0.0977703931694625,eligible,0.0005159293176834,0,,,0.0768617354365073,insufficient_overlap,insufficient_overlap,966.4530293287212,2,False,False,insufficient_evidence,0,1,0,1,0,0,eligible,eligible
369509,Of What's Left,2023.0,117,8.542877580824095,1.2351108869791965,1.2482725329843127,0.1103335431594635,eligible,0.0004156097281339,0,,,0.3566193340901746,insufficient_overlap,insufficient_overlap,643.4899757353498,2,False,False,insufficient_evidence,0,0,0,0,0,0,borderline,borderline
340722,Smart10: Family,2021.0,147,7.683915234633063,1.2238543749408288,1.169940020856301,0.0984332508838647,eligible,0.0005266778451352,0,,,0.1515612972304583,insufficient_overlap,insufficient_overlap,1181.870676096882,1,False,False,insufficient_evidence,0,0,0,0,0,0,eligible,eligible
233996,The Primary,2018.0,108,7.967963081890026,1.212700810587516,1.2329480021695014,0.1148387926978422,eligible,0.0003833641457786,0,,,0.0916100027221553,insufficient_overlap,insufficient_overlap,1189.732384340564,2,False,False,insufficient_evidence,0,0,0,0,0,0,eligible,eligible
295604,Rangers of Shadow Deep: Standard Edition,2020.0,101,8.62188545250424,1.2061441744710848,1.2180440858872288,0.1187516927360825,eligible,0.0003367871934878,0,0.6435643564356436,0.4653465346534653,0.1726415341753302,insufficient_overlap,insufficient_overlap,10930.879019695987,6,True,False,insufficient_evidence,0,0,0,0,1,0,borderline,borderline
3365,Gumshoe,1985.0,146,7.799363660363855,1.2057369354493188,1.2181265716760017,0.0987697758001792,eligible,0.0005159293176834,0,0.726027397260274,0.5547945205479452,0.1209775284102819,insufficient_overlap,insufficient_overlap,925.8253021689744,7,False,True,insufficient_evidence,0,0,0,0,0,0,eligible,eligible
208754,Wings of Glory: Tripods & Triplanes,2018.0,102,7.974211209966231,1.2005992228773046,1.0917497950850574,0.1181681428029229,eligible,0.0003618670908752,0,0.7941176470588235,0.5980392156862745,0.130518965074038,insufficient_overlap,insufficient_overlap,5481.639368215522,2,False,False,insufficient_evidence,0,0,0,0,0,0,eligible,eligible
386906,Bohnanza: Dahlias,2023.0,140,8.049672248703017,1.1933928098877953,1.2650768141108184,0.1008640675540311,eligible,0.0005015979477478,0,,,0.1750766335761879,insufficient_overlap,insufficient_overlap,2840.9580647288835,1,False,False,insufficient_evidence,0,0,0,0,0,0,eligible,eligible
295694,Catchy!,2019.0,106,7.666937425644299,1.183816084007864,1.1579253522198345,0.1159171148780976,eligible,0.0003761984608108,0,,,0.4158033366704037,insufficient_overlap,insufficient_overlap,1474.070615654395,1,False,False,insufficient_evidence,0,1,0,1,0,0,eligible,eligible
185378,"Exceed: Red Horizon – Kaden, Eva, Miska, and Lily",2016.0,128,8.057383356321903,1.1713342666840187,1.1589587785575386,0.105486166795113,eligible,0.0004478553104891,0,,,0.095225819301788,insufficient_overlap,insufficient_overlap,1053.3495847043528,1,False,False,insufficient_evidence,0,1,0,1,0,0,eligible,eligible
143680,Nightfall: Eastern Skies,2013.0,113,8.036883002448286,1.1617608145277902,1.0886361730407597,0.1122693670265072,eligible,0.0003941126732304,0,,,0.1495818094268162,insufficient_overlap,insufficient_overlap,785.9590944549781,2,False,False,insufficient_evidence,0,0,0,0,0,0,eligible,eligible
265755,Exceed: Street Fighter – Chun-Li Box,2019.0,127,8.565142783813933,1.160429125999892,1.1810922762010383,0.1059006523477852,eligible,0.0004550209954569,0,,,0.1206639639805058,insufficient_overlap,insufficient_overlap,356.88430830169074,2,False,False,insufficient_evidence,0,1,0,1,0,0,eligible,eligible
5516,Symbioz,1995.0,107,7.516416716484024,1.1546818152455502,1.232346537005916,0.115374174587065,eligible,0.0003726156183269,0,,,0.3054171613926748,insufficient_overlap,insufficient_overlap,659.3922578596735,2,False,False,insufficient_evidence,0,0,0,0,0,0,eligible,eligible
174298,Napoleon's Last Gamble: Battles of the Hundred Days,2016.0,151,8.524707498575438,1.141045044164354,0.997154330901866,0.0971207488111762,eligible,0.0004191925706178,0,0.9801324503311258,0.8874172185430463,0.0710141067882993,borderline_overlap,moderately_sensitive,3250.390142185893,3,False,False,high_audience_selectivity,0,0,0,0,0,0,eligible,eligible
83283,Volo,2010.0,101,7.967566568208754,1.1295181423252778,1.133307435760189,0.1187516927360825,eligible,0.000326038666036,0,,,0.2715098539552534,insufficient_overlap,insufficient_overlap,792.8054271971698,2,False,False,insufficient_evidence,0,1,0,1,0,0,eligible,eligible
176601,Dead of Winter: Tabletop Edition,2015.0,104,8.07363665020583,1.1262718468828723,1.140280367177592,0.1170263948405929,eligible,0.000369032775843,0,0.7115384615384616,0.4615384615384615,0.1801934572629072,insufficient_overlap,insufficient_overlap,1285.2736788192765,5,False,True,insufficient_evidence,0,0,0,0,1,0,borderline,borderline
224830,Chimera & More,2017.0,136,8.05503327505175,1.1212887769800943,1.0904352328435216,0.1023366135853585,eligible,0.0004872665778121,0,,,0.3765414054828342,insufficient_overlap,insufficient_overlap,631.1471935050231,1,False,False,insufficient_evidence,0,0,0,0,0,0,eligible,eligible
144574,Last Chance for Victory: The Battle of Gettysburg,2014.0,165,8.990150177064573,1.1193488197150572,1.037612192280724,0.0929091578907959,eligible,0.0004335239405534,0,0.9636363636363636,0.8363636363636363,0.1591537816829411,borderline_overlap,moderately_sensitive,1800.5881161488628,3,False,False,high_audience_selectivity,0,1,1,0,0,0,eligible,eligible
173776,Battle for Biternia,2018.0,126,8.315857592624537,1.1107658416544195,1.0111581898271709,0.1063200625132756,eligible,0.0004442724680052,0,,,0.1155905361191908,insufficient_overlap,insufficient_overlap,892.6509120646314,2,False,False,insufficient_evidence,0,0,0,0,0,0,eligible,eligible
146207,Dead Man's Hand,2013.0,136,7.9825298601065695,1.1010127223992443,1.0306030039343446,0.1023366135853585,eligible,0.0004657695229086,0,0.75,0.5588235294117647,0.154207794591529,insufficient_overlap,insufficient_overlap,14962.888386284149,7,True,False,insufficient_evidence,0,0,0,0,0,0,eligible,eligible
390406,The Morrison Game Factory,2024.0,146,8.593847282891009,1.0849510163660607,1.0660536380356938,0.0987697758001792,eligible,0.0005195121601673,0,0.9452054794520548,0.8013698630136986,0.2003729929123266,insufficient_overlap,insufficient_overlap,1825.252081410782,1,False,False,insufficient_evidence,0,0,0,0,0,0,eligible,eligible
322985,Shadows of Brimstone: Swamps of Death (Revised Edition),2020.0,137,8.609584343208867,1.0785396611035551,1.1128109618332598,0.1019624382426238,eligible,0.0004801008928443,0,0.8832116788321168,0.7299270072992701,0.161940775710811,insufficient_overlap,insufficient_overlap,799.4482160286731,1,False,False,insufficient_evidence,0,0,0,0,1,0,borderline,borderline
264476,Rangers of Shadow Deep,2018.0,486,8.502137496477564,1.0705823053288146,1.08557362402588,0.0541355260399469,eligible,0.0016839359674391,0,0.565843621399177,0.3662551440329218,0.1736255676389461,insufficient_overlap,insufficient_overlap,18794.8413958452,8,True,False,moderate_audience_selectivity,0,0,0,0,0,0,eligible,eligible
23827,Millionen von Schwalben,2006.0,133,7.546311479834395,1.0658249660773658,1.0456889982822366,0.1034843498136905,eligible,0.0004729352078765,0,,,0.2210239353368811,insufficient_overlap,insufficient_overlap,693.2768470623142,1,False,False,insufficient_evidence,0,0,0,0,0,0,eligible,eligible
216710,Wings of Glory: WW2 Battle of Britain Starter Set,2017.0,184,7.987072953665709,1.0630437348422408,0.9899845145196496,0.0879815450416394,eligible,0.0006449116471043,0,0.7010869565217391,0.4891304347826087,0.1335244762093523,insufficient_overlap,insufficient_overlap,9778.987007805305,6,True,False,moderate_audience_selectivity,0,0,0,0,0,0,eligible,eligible
361923,Curse of the Dark,2022.0,128,8.255860213505064,1.0622364854922992,1.0512988282245264,0.105486166795113,eligible,0.0004406896255213,0,0.8984375,0.7890625,0.1427026996431586,insufficient_overlap,insufficient_overlap,1178.0721205741547,4,False,False,insufficient_evidence,0,0,0,0,0,0,eligible,eligible
232956,Omen: Fires in the East,2019.0,103,7.916358921137093,1.0546614434273218,1.0235680099596527,0.1175931119315639,eligible,0.0003654499333591,0,,,0.1633835018404577,insufficient_overlap,insufficient_overlap,967.7034428313,2,False,False,insufficient_evidence,0,1,0,1,0,0,eligible,eligible
368846,Dice Cards,2023.0,118,7.642541188206667,1.052162119007888,0.9347993619490672,0.1098650334287785,eligible,0.0004156097281339,0,,,0.1977029209364733,insufficient_overlap,insufficient_overlap,1517.8754669300938,2,False,False,insufficient_evidence,0,0,0,0,0,0,eligible,eligible
232981,Tanto Cuore: Winter Romance,2018.0,144,7.84887258884988,1.0371345113641288,0.9583162230944168,0.0994533118162662,eligible,0.0005087636327156,0,,,0.0732768006718377,insufficient_overlap,insufficient_overlap,1229.5953453654497,3,False,False,insufficient_evidence,0,0,0,0,0,0,eligible,eligible
342492,A game about WEE WHIMSICAL CREATURES and trying to identify them after someone makes noises.,2021.0,127,7.593953939297365,1.0365725291068388,0.9883718022004392,0.1059006523477852,eligible,0.000451438152973,0,0.8346456692913385,0.6850393700787402,0.1871597473077532,insufficient_overlap,insufficient_overlap,3008.650931951169,1,False,False,insufficient_evidence,0,0,0,0,0,0,eligible,eligible
939,Star Wars: The Queen's Gambit,2000.0,2222,7.919630953349073,1.035833516043431,0.967529733841098,0.0253179459597741,borderline,0.0078535907247373,1,0.7821782178217822,0.594959495949595,0.1202341571109383,insufficient_overlap,insufficient_overlap,11505.301383537397,7,False,False,low_audience_selectivity,0,0,0,0,0,0,eligible,eligible
321044,Dungeon Fighter in the Catacombs of Gloomy Ghosts,2022.0,113,8.025192627253691,1.0285939022277688,1.0289044325794183,0.1122693670265072,eligible,0.0004012783581982,0,0.6991150442477876,0.4778761061946903,0.0964844642940728,insufficient_overlap,insufficient_overlap,1402.2013868679528,5,True,False,insufficient_evidence,0,0,0,0,0,0,borderline,borderline
279056,Pompiers!,2019.0,111,7.798858631811304,1.026245093500365,1.020764961196439,0.1132762873373707,eligible,0.0003941126732304,0,,,0.4513294288002694,insufficient_overlap,insufficient_overlap,980.641223128096,2,False,False,insufficient_evidence,0,0,0,0,0,0,eligible,eligible
259435,Middle-earth Strategy Battle Game: The Lord of the Rings – Battle of Pelennor Fields,2018.0,116,8.568697868859607,1.0118752489142402,1.0418266250157142,0.1108080982232961,eligible,0.0004012783581982,0,0.6379310344827587,0.4741379310344827,0.1886322537995076,insufficient_overlap,insufficient_overlap,8420.326624909807,5,True,False,insufficient_evidence,0,1,1,0,0,0,eligible,eligible
12355,Brigade Fire and Fury: Wargaming the Civil War with Miniatures,1990.0,174,7.863286095732696,1.008802042600716,0.950855061724325,0.0904744333384248,eligible,0.0005410092150708,0,0.942528735632184,0.8275862068965517,0.1083495636656241,borderline_overlap,moderately_sensitive,1381.58297395466,3,False,False,high_audience_selectivity,0,0,0,0,0,0,eligible,eligible
147884,Ore: The Mining Game,2013.0,116,7.572801819867397,1.0006460821557592,1.0277056027105758,0.1108080982232961,eligible,0.0004120268856499,0,0.8620689655172413,0.7758620689655172,0.1940943537845466,insufficient_overlap,insufficient_overlap,1039.4684564478684,2,False,False,insufficient_evidence,0,0,0,0,0,0,eligible,eligible
273655,Shadows of Brimstone: Gates of Valhalla,2023.0,120,8.623782232073932,0.9922406790014282,1.0196253638457176,0.1089456446007282,eligible,0.0004156097281339,0,0.9083333333333332,0.7333333333333333,0.1621840847132441,insufficient_overlap,insufficient_overlap,924.5752661935744,2,False,False,insufficient_evidence,0,0,0,0,0,0,eligible,eligible
181807,Dragon Rampant: Fantasy Wargaming Rules,2015.0,138,7.803775105765958,0.9895882844180192,0.8978394811440733,0.1015923374270194,eligible,0.0004621866804247,0,0.782608695652174,0.6086956521739131,0.1353360704122508,insufficient_overlap,insufficient_overlap,6155.892570470848,6,True,False,insufficient_evidence,0,0,0,0,0,0,eligible,eligible
248375,SAGA Rulebook (2nd Edition),2018.0,136,8.395735795938235,0.9880899571155304,0.9213871887297832,0.1023366135853585,eligible,0.0004657695229086,0,0.8235294117647058,0.5514705882352942,0.1381644768701069,insufficient_overlap,insufficient_overlap,11437.296893326751,3,False,False,insufficient_evidence,0,0,0,0,1,0,borderline,borderline
264638,5x5 City,2018.0,137,7.535339413212562,0.9859679245043642,0.9671668946066836,0.1019624382426238,eligible,0.000490849420296,0,,,0.4047034652871895,insufficient_overlap,insufficient_overlap,1017.1908309143016,2,False,False,insufficient_evidence,0,0,0,0,0,0,borderline,borderline
188885,Grasse: Mestres Perfumistas,2018.0,101,7.921281126850633,0.9810925302974658,1.060291251873907,0.1187516927360825,eligible,0.0003618670908752,0,0.7821782178217822,0.6534653465346535,0.1183133948580809,insufficient_overlap,insufficient_overlap,881.8684093787209,5,False,True,insufficient_evidence,0,0,0,0,0,0,eligible,eligible
219774,Vikings Gone Wild Ultimate Set,2017.0,128,7.725844594493842,0.9804312639584464,0.8906989473871851,0.105486166795113,eligible,0.0004586038379408,0,,,0.0882130893116492,insufficient_overlap,insufficient_overlap,668.360119843046,2,False,False,insufficient_evidence,0,0,0,0,1,0,borderline,borderline
290829,Fresco: Mega Box,2020.0,111,8.225438641903068,0.9698912330733354,0.9789967455502636,0.1132762873373707,eligible,0.0003976955157143,0,,,0.202305919403652,insufficient_overlap,insufficient_overlap,460.3660746167642,2,False,False,insufficient_evidence,0,0,0,0,0,0,eligible,eligible
30958,Check Your 6!,2007.0,142,7.978316460401845,0.9639768053931884,0.8883445735173963,0.1001512383564941,eligible,0.000451438152973,0,0.9154929577464788,0.7605633802816901,0.113827277201507,insufficient_overlap,insufficient_overlap,5236.395951978539,3,False,False,insufficient_evidence,0,0,0,0,0,0,eligible,eligible
8066,CrossFire: Rules and Organizations for Company Level WW II Gaming,1996.0,146,7.778584870265895,0.9631195558301116,0.9430079771430292,0.0987697758001792,eligible,0.0004657695229086,0,0.8698630136986302,0.726027397260274,0.1989652147441945,insufficient_overlap,insufficient_overlap,9514.870030556694,3,False,False,insufficient_evidence,0,0,0,0,0,0,eligible,eligible
330097,The Red Dragon Inn 8: Pub Crawl,2022.0,123,7.919392636566072,0.958859136580778,1.079069774365835,0.1076088375982068,eligible,0.0004299410980695,0,0.7886178861788617,0.4634146341463415,0.1516149790221872,insufficient_overlap,insufficient_overlap,845.8967395762388,2,False,False,insufficient_evidence,0,0,0,0,0,0,eligible,eligible
153703,Darkest Night: Necromancer Bundle,2013.0,117,7.649267383745693,0.9566735942151166,0.9396052513015968,0.1103335431594635,eligible,0.0004156097281339,0,0.8376068376068376,0.7008547008547008,0.1291342812795348,insufficient_overlap,insufficient_overlap,818.8906851302884,2,False,False,insufficient_evidence,0,0,0,0,0,0,eligible,eligible
332606,Hidden Games Tatort: Ein Drahtseilakt,2021.0,149,8.102740207134847,0.9525784592908372,0.903180446886214,0.0977703931694625,eligible,0.0005230950026513,0,0.9395973154362416,0.8657718120805369,0.1002441260666908,insufficient_overlap,insufficient_overlap,1483.3849392191084,2,False,False,insufficient_evidence,0,0,0,0,0,0,eligible,eligible
336811,Catharsis,2022.0,105,8.306869751294075,0.9489450759121764,0.8659327583643304,0.1164677931077609,eligible,0.0003582842483913,0,0.7333333333333333,0.580952380952381,0.1778277670843353,insufficient_overlap,insufficient_overlap,1210.7019835193207,6,False,False,insufficient_evidence,0,0,0,0,0,0,eligible,eligible
2641,"Barbarian, Kingdom & Empire",1983.0,123,7.504335064481186,0.9468170465015984,0.9763452887763008,0.1076088375982068,eligible,0.0004048612006821,0,0.926829268292683,0.8373983739837398,0.0748282300326151,insufficient_overlap,insufficient_overlap,2874.3148872154165,3,True,False,insufficient_evidence,0,0,0,0,0,0,eligible,eligible
136890,Hold the Line:  Frederick's War,2013.0,102,7.73118225929885,0.939937887629026,0.7931786477818177,0.1181681428029229,eligible,0.0003188729810682,0,0.9411764705882352,0.8333333333333334,0.1349299708646957,insufficient_overlap,insufficient_overlap,10495.494279622008,2,False,False,insufficient_evidence,1,1,1,0,0,0,eligible,eligible
405460,CATsle Builders,2023.0,130,8.226736586299314,0.9362378838138524,1.0079630145795342,0.1046715896101186,eligible,0.0004621866804247,0,,,0.3600094731479419,insufficient_overlap,insufficient_overlap,1084.7528511517148,2,False,False,insufficient_evidence,0,0,0,0,0,0,eligible,eligible
4884,"The Legend Begins: North Africa, 1940-42",1991.0,151,8.011400621980624,0.9343925739793092,0.8397927537037919,0.0971207488111762,eligible,0.0004335239405534,0,0.9933774834437086,0.9403973509933776,0.088187874172382,borderline_overlap,moderately_sensitive,1454.427753770017,2,False,False,high_audience_selectivity,0,1,1,0,0,0,eligible,eligible
321047,Dungeon Fighter in the Castle of Frightening Frosts,2022.0,110,7.815985928050635,0.9332051269314174,0.9262507848371122,0.1137900146320637,eligible,0.0003869469882626,0,0.6727272727272727,0.4454545454545454,0.06647641924178,insufficient_overlap,insufficient_overlap,2785.453684629633,5,False,False,insufficient_evidence,0,0,0,0,0,0,eligible,eligible
365128,Paper Tales : Édition intégrale,2022.0,126,8.217037117555215,0.9327771938803764,0.9136650719421252,0.1063200625132756,eligible,0.000451438152973,0,,,0.1366871813092223,insufficient_overlap,insufficient_overlap,819.6357847187187,2,False,False,insufficient_evidence,0,0,0,0,0,0,eligible,eligible
363538,Heading Forward,2022.0,114,8.146163975743137,0.930613468488822,0.9192033941803645,0.11177587291431,eligible,0.0004048612006821,0,,,0.2272895994972821,insufficient_overlap,insufficient_overlap,1238.5611646721763,2,False,False,insufficient_evidence,1,1,0,0,0,0,eligible,eligible
339349,Le Plateau,2021.0,146,8.335006976336958,0.9251164414649012,0.9094490393183996,0.0987697758001792,eligible,0.0005230950026513,0,,,0.4058524449671211,insufficient_overlap,insufficient_overlap,688.554723356574,2,False,False,insufficient_evidence,0,0,0,0,0,0,eligible,eligible
214747,Mega Man Pixel Tactics: Bass Orange,2017.0,138,7.592631750552735,0.923431943399903,0.9234699807766962,0.1015923374270194,eligible,0.0004801008928443,0,,,0.0610043210838572,insufficient_overlap,insufficient_overlap,797.3462431838914,2,False,False,insufficient_evidence,0,1,0,1,0,0,eligible,eligible
23421,1832: The South,2006.0,125,8.772476207947946,0.914697232595028,0.913561316482931,0.1067444955881541,eligible,0.0004406896255213,0,0.84,0.656,0.2284825819534225,insufficient_overlap,insufficient_overlap,913.9735941897536,1,False,False,insufficient_evidence,0,0,0,0,0,0,eligible,eligible
170472,Prelude to Rebellion: Mobilization & Unrest in Lower Canada 1834-1837,2018.0,102,8.358057091683177,0.9080519007462372,0.9941890019099536,0.1181681428029229,eligible,0.0003439528784556,0,0.9411764705882352,0.8529411764705882,0.2221296407769519,insufficient_overlap,insufficient_overlap,3828.023889323673,2,False,False,insufficient_evidence,0,1,1,0,0,0,eligible,eligible
346597,"Worldspanner Factions, Set 1: Heroes",2024.0,144,8.912937375932223,0.9061304324987738,0.8570811717948263,0.0994533118162662,eligible,0.0005159293176834,0,0.7083333333333334,0.5138888888888888,0.0842511289614598,insufficient_overlap,insufficient_overlap,11531.02296691864,5,True,False,insufficient_evidence,0,0,0,0,0,0,eligible,eligible
7935,1844: Schweiz,2003.0,212,8.943775536007132,0.8985481518022151,0.8978925718977369,0.0819657779858829,eligible,0.0007452312366539,0,0.7688679245283019,0.5424528301886793,0.279010883840215,insufficient_overlap,insufficient_overlap,6154.052643122286,4,False,False,moderate_audience_selectivity,0,0,0,0,0,0,eligible,eligible
361918,BattleTech: Alpha Strike Box Set,2022.0,113,8.445771801681971,0.8953037526835512,0.8662005094825496,0.1122693670265072,eligible,0.0003797813032947,0,0.6814159292035398,0.4601769911504424,0.2008271525598518,insufficient_overlap,insufficient_overlap,21519.98750848636,4,True,False,insufficient_evidence,0,1,1,0,0,0,eligible,eligible
279886,Iron Forest,2024.0,101,8.136316627055175,0.8947965636926636,0.8564896287629953,0.1187516927360825,eligible,0.0003582842483913,0,,,0.2950597098195456,insufficient_overlap,insufficient_overlap,1382.8674604054625,2,False,False,insufficient_evidence,0,0,0,0,0,0,eligible,eligible
226170,Advanced Guildhall Fantasy: The Gathering,2017.0,126,7.568109147392366,0.8918726763284193,0.99777176788512,0.1063200625132756,eligible,0.000451438152973,0,,,0.3379093510478198,insufficient_overlap,insufficient_overlap,952.68079896654,2,False,False,insufficient_evidence,0,0,0,0,0,0,eligible,eligible
134524,Lion Rampant: Medieval Wargaming Rules,2014.0,145,7.882805234227336,0.8882592880134403,0.787860952940326,0.0991097760339054,eligible,0.0004765180503604,0,0.8344827586206897,0.6620689655172414,0.1541381077017499,insufficient_overlap,insufficient_overlap,9827.589669315985,3,False,False,insufficient_evidence,0,1,1,0,0,0,eligible,eligible
235362,Santa Cruz 1797,2017.0,178,8.025626026878715,0.882493049178029,1.0876203732058904,0.0894520905382537,eligible,0.0005983346948134,0,0.9157303370786516,0.797752808988764,0.0643871017095533,insufficient_overlap,insufficient_overlap,9287.969727605225,2,False,False,moderate_audience_selectivity,0,1,1,0,0,0,eligible,eligible
13403,Three Battles of Manassas,2004.0,153,8.127633401369366,0.8807914293478287,0.8550488043591429,0.0964838845731658,eligible,0.0004227754131017,0,0.9673202614379084,0.8954248366013072,0.0564458159171089,borderline_overlap,strongly_sensitive,2295.841747962347,3,False,False,high_audience_selectivity,0,1,1,0,0,0,eligible,eligible
237828,Anno Domini 1666,2019.0,126,8.37960157100523,0.880065857925663,0.8540948309705598,0.1063200625132756,eligible,0.0004406896255213,0,,,0.2112504941527615,insufficient_overlap,insufficient_overlap,692.1102222486425,3,False,False,insufficient_evidence,0,1,0,1,0,0,eligible,eligible
417426,Rogue Dungeon: 2nd Edition,2024.0,117,8.223808433755826,0.8791059385250914,0.8280136379607512,0.1103335431594635,eligible,0.0004012783581982,0,0.8803418803418803,0.6239316239316239,0.2023520519817283,insufficient_overlap,insufficient_overlap,1316.3843836512042,2,False,False,insufficient_evidence,0,0,0,0,1,0,borderline,borderline
347747,Mythic Mischief: Headmaster's Box,2022.0,157,8.074593038211697,0.8762520013965833,0.8211986706023193,0.095246860532917,eligible,0.0005625062699743,0,,,0.0328804059269261,insufficient_overlap,insufficient_overlap,14988.151640456885,1,False,False,moderate_audience_selectivity,0,0,0,0,0,0,eligible,eligible
144228,FUBA,2013.0,116,7.691251037674278,0.874999128319069,0.9027860680451,0.1108080982232961,eligible,0.0004012783581982,0,,,0.1217239612637673,insufficient_overlap,insufficient_overlap,1034.6236822473572,2,False,False,insufficient_evidence,0,1,0,1,0,0,borderline,borderline
394691,The Six of VIII,2024.0,128,8.29111739644164,0.8701577592574967,0.8391065425995645,0.105486166795113,eligible,0.0004550209954569,0,,,0.4560450819534225,insufficient_overlap,insufficient_overlap,1016.9851081207576,2,False,False,insufficient_evidence,0,0,0,0,0,0,eligible,eligible
30804,Song of Blades and Heroes: Revised Edition,2007.0,365,7.747689174134394,0.8619078870336017,0.8471731615828064,0.0624674911025492,eligible,0.0012539948693695,0,0.7342465753424657,0.5260273972602739,0.1619789133743314,insufficient_overlap,insufficient_overlap,12179.626553673825,7,True,False,moderate_audience_selectivity,0,0,0,0,1,0,borderline,borderline
223167,Secret Unknown Stuff: Escape from Dulce,2018.0,131,7.730134281126223,0.8587833120519504,1.0224353104515638,0.1042713143786963,eligible,0.0004586038379408,0,0.8473282442748091,0.6946564885496184,0.0714719058344065,insufficient_overlap,insufficient_overlap,1069.9100196543588,3,False,False,insufficient_evidence,0,0,0,0,0,0,eligible,eligible
408836,Aqua ROVE: Results-Oriented Versatile Explorer,2024.0,145,7.96313453405051,0.853308639916242,0.8229135952401689,0.0991097760339054,eligible,0.0005087636327156,0,,,0.083332157669865,insufficient_overlap,insufficient_overlap,1529.3962265229036,3,False,False,insufficient_evidence,1,1,0,0,0,0,eligible,eligible
211453,Ecogon,2015.0,123,7.549245956300528,0.847971170860359,0.9145577954246747,0.1076088375982068,eligible,0.0004335239405534,0,0.8455284552845529,0.7317073170731707,0.0633270671526726,insufficient_overlap,insufficient_overlap,1748.6608457556704,2,False,False,insufficient_evidence,0,0,0,0,0,0,eligible,eligible
178754,Z War One: Damnation,2016.0,118,7.749600050956229,0.8336972860824758,0.8293296482397725,0.1098650334287785,eligible,0.0004156097281339,0,0.8050847457627118,0.6016949152542372,0.1832768773196958,insufficient_overlap,insufficient_overlap,1406.9930891780546,6,False,False,insufficient_evidence,0,0,0,0,0,0,eligible,eligible
5369,Hordes of the Things,1991.0,253,7.5083972175308284,0.8266577665282631,0.8569867319695943,0.0750309137158037,eligible,0.0008240537712999,0,0.8972332015810277,0.7628458498023716,0.0747300098061902,insufficient_overlap,insufficient_overlap,10229.090345484505,7,True,False,moderate_audience_selectivity,0,0,0,0,0,0,eligible,eligible
281657,Malifaux (Third Edition),2019.0,155,8.952998169522637,0.8235279383407708,0.8935772157847239,0.0958593868490308,eligible,0.0005374263725869,0,0.4774193548387097,0.2451612903225806,0.2148722567562549,borderline_overlap,strongly_sensitive,6299.950282919847,4,True,False,high_audience_selectivity,0,1,1,0,1,0,borderline,borderline
315976,Dungeon Fighter in the Chambers of Malevolent Magma,2022.0,107,7.976946063049983,0.8211717282623887,0.8192576239301506,0.115374174587065,eligible,0.0003833641457786,0,0.7102803738317757,0.5046728971962616,0.0958060009818285,insufficient_overlap,insufficient_overlap,1223.8538240450212,5,False,False,insufficient_evidence,0,0,0,0,0,0,eligible,eligible
209511,Atlanta Is Ours,2018.0,165,8.830272809072333,0.8151331114775484,0.646648703763864,0.0929091578907959,eligible,0.0004801008928443,0,0.9696969696969696,0.9030303030303032,0.1167295392586986,borderline_overlap,moderately_sensitive,2276.3397540458504,3,False,False,high_audience_selectivity,1,1,1,0,0,0,eligible,eligible
163399,Infinity: Operation Icestorm,2014.0,123,8.412421958205236,0.8140479727599264,0.861243363562954,0.1076088375982068,eligible,0.0004299410980695,0,0.5691056910569106,0.3902439024390244,0.1922653855262522,insufficient_overlap,insufficient_overlap,7094.701777250151,5,True,False,insufficient_evidence,0,1,1,0,0,0,eligible,eligible
235839,Master of Wills,2017.0,103,7.539874786248966,0.8114292414150501,0.9526367809494348,0.1175931119315639,eligible,0.0003654499333591,0,,,0.095943984834673,insufficient_overlap,insufficient_overlap,1388.9278836548226,2,False,False,insufficient_evidence,0,0,0,0,0,0,eligible,eligible
286358,Commands & Colors Tricorne: Jacobite Rising,2020.0,100,8.379267246947594,0.8060869190842972,0.857124205726949,0.1193439741795195,eligible,0.0003367871934878,0,0.95,0.84,0.1373023410991999,insufficient_overlap,insufficient_overlap,3828.2336697513374,2,False,False,insufficient_evidence,0,1,1,0,0,0,eligible,eligible
424995,Star Explorer,2024.0,146,8.051220842996651,0.8041137824484856,0.7852256934560273,0.0987697758001792,eligible,0.0005230950026513,0,,,0.1417797576579524,insufficient_overlap,insufficient_overlap,1636.9352765085075,2,False,False,insufficient_evidence,0,0,0,0,0,0,eligible,eligible
41006,Ordo,2009.0,109,7.683836580063044,0.7993909167099531,0.8007879969741065,0.1143107954518981,eligible,0.0003475357209395,0,,,0.2214835448636005,insufficient_overlap,insufficient_overlap,719.0244324003781,2,False,False,insufficient_evidence,0,1,0,1,0,0,eligible,eligible
311920,Ultimate Werewolf: Extreme,2021.0,139,7.923722669585063,0.7937044910286861,0.8674779070426961,0.1012262377230807,eligible,0.0004980151052639,0,0.7194244604316546,0.5035971223021583,0.0933591446652825,insufficient_overlap,insufficient_overlap,871.2404627058371,5,False,True,insufficient_evidence,0,0,0,0,1,0,borderline,borderline
332943,Archduke,2020.0,146,7.518349803900084,0.7909610682333748,0.8278338293548257,0.0987697758001792,eligible,0.0005230950026513,0,0.6438356164383562,0.4315068493150685,0.1637638364269539,insufficient_overlap,insufficient_overlap,2364.732159673471,7,False,False,insufficient_evidence,0,0,0,0,0,0,eligible,eligible
178550,Spheres of Influence: Struggle for Global Supremacy,2016.0,392,7.964695200427984,0.7895907674687717,0.8187277250683049,0.0602778095972074,eligible,0.0013865600412743,0,0.5586734693877551,0.3239795918367347,0.0491189748783851,insufficient_overlap,insufficient_overlap,17391.44431796534,7,True,False,moderate_audience_selectivity,0,0,0,0,0,0,eligible,eligible
129122,Band of Brothers: Ghost Panzer,2013.0,420,8.209231881375956,0.7892254736252955,0.7689666532288406,0.0582338965538804,eligible,0.0014044742536939,0,0.9166666666666666,0.7880952380952381,0.0369680680954057,insufficient_overlap,insufficient_overlap,11225.667723986518,4,False,False,moderate_audience_selectivity,0,1,1,0,0,0,eligible,eligible
366194,A Wayfarer's Tale,2022.0,120,7.641364537642482,0.7886914684857365,0.7027705276287426,0.1089456446007282,eligible,0.0004299410980695,0,,,0.0925337940911626,insufficient_overlap,insufficient_overlap,1420.10425880222,2,False,False,insufficient_evidence,0,0,0,0,0,0,eligible,eligible
182982,Horse & Musket: Dawn of an Era,2017.0,124,8.070850873864464,0.7880755398136152,0.7121118584847093,0.1071740526379411,eligible,0.0003797813032947,0,0.9435483870967742,0.8387096774193549,0.1327161821233928,insufficient_overlap,insufficient_overlap,3824.145184611876,4,False,False,insufficient_evidence,1,1,1,0,0,0,eligible,eligible
343990,Not Enough Mana,2022.0,134,7.5427456136616495,0.7840635784149637,0.8493804402458345,0.103097491077084,eligible,0.0004693523653926,0,0.417910447761194,0.2164179104477611,0.3282843723806696,insufficient_overlap,insufficient_overlap,2866.440099549088,5,False,False,insufficient_evidence,0,0,0,0,0,0,eligible,eligible
205164,Old School Tactical: Volume 2 – West Front 1944/45,2017.0,179,8.433413664595449,0.779560314392775,0.8017358243429094,0.0892018744102537,eligible,0.0005266778451352,0,0.9273743016759776,0.8044692737430168,0.1743612505596073,insufficient_overlap,insufficient_overlap,12103.077617591816,4,False,False,moderate_audience_selectivity,0,0,0,0,0,0,eligible,eligible
382315,Century: Big Box,2023.0,133,7.9857747278145075,0.7791062911419528,0.6938835794741882,0.1034843498136905,eligible,0.0004729352078765,0,0.7443609022556391,0.5864661654135338,0.0904691326556818,insufficient_overlap,insufficient_overlap,1282.294530783645,7,True,False,insufficient_evidence,0,0,0,0,1,0,borderline,borderline
175360,W1815,2015.0,711,7.763831442437395,0.7782359324339616,0.7420691497163716,0.0447574871326017,eligible,0.0024399157315447,0,0.9240506329113924,0.8410689170182841,0.099559937790272,insufficient_overlap,insufficient_overlap,14054.354700383448,7,False,False,moderate_audience_selectivity,0,1,1,0,0,0,eligible,eligible
29055,Down in Flames: Locked-On,2018.0,128,7.77056191193061,0.7761276130552961,0.8449899742495006,0.105486166795113,eligible,0.0004335239405534,0,0.90625,0.6953125,0.1950054544702218,insufficient_overlap,insufficient_overlap,4389.4215393752,2,False,False,insufficient_evidence,0,0,0,0,0,0,eligible,eligible
5686,Stargrunt II,1996.0,145,7.625455827965627,0.7747002568325208,0.8155705551233225,0.0991097760339054,eligible,0.0004442724680052,0,0.8413793103448276,0.7103448275862069,0.1474300234357391,insufficient_overlap,insufficient_overlap,3469.00609754914,3,False,False,insufficient_evidence,0,0,0,0,0,0,eligible,eligible
197333,Deadzone (Second Edition),2016.0,175,7.997902687747038,0.7717054010317543,0.8674802925457481,0.0902155646151778,eligible,0.0006055003797813,0,0.5942857142857143,0.4228571428571429,0.208710811613079,insufficient_overlap,insufficient_overlap,12760.256944778172,6,True,False,moderate_audience_selectivity,0,1,1,0,1,0,borderline,borderline
255392,The Acts,2018.0,118,7.58842317432404,0.7700393237569241,0.803443737879558,0.1098650334287785,eligible,0.0004227754131017,0,,,0.0836243844378369,insufficient_overlap,insufficient_overlap,1635.5562211589615,3,False,False,insufficient_evidence,0,0,0,0,0,0,eligible,eligible
85424,La Bataille de la Moscowa (Third Edition),2011.0,162,8.527178301731162,0.7672455662674995,0.7469192155369662,0.093765481595656,eligible,0.0004120268856499,0,0.9567901234567902,0.8641975308641975,0.1347815055573968,borderline_overlap,moderately_sensitive,1548.4199878251306,4,False,False,high_audience_selectivity,0,0,0,0,1,0,borderline,borderline
153113,Slaughterball,2016.0,104,7.579234827279877,0.7615553150158041,0.7318457947905204,0.1170263948405929,eligible,0.0003582842483913,0,,,0.1200466457856904,insufficient_overlap,insufficient_overlap,970.0459055416964,4,False,False,insufficient_evidence,0,0,0,0,0,0,eligible,eligible
301616,"Hood Strikes North: The Tennessee Campaign, Fall 1864",2021.0,162,8.875150816705961,0.7567664067689108,0.6454820948324844,0.093765481595656,eligible,0.0004944322627799,0,0.9753086419753086,0.8641975308641975,0.1177396402687997,borderline_overlap,moderately_sensitive,2765.6475698661297,3,False,False,high_audience_selectivity,1,1,1,0,0,0,eligible,eligible
3097,1849: The Game of Sicilian Railways,1998.0,942,8.922906481864528,0.750586912865371,0.759720707460886,0.0388843679846133,eligible,0.0033463748799747,0,0.5498938428874734,0.2632696390658174,0.1883467008493885,insufficient_overlap,insufficient_overlap,15860.500637117451,6,True,False,moderate_audience_selectivity,0,0,0,0,0,0,eligible,eligible
153016,Telestrations: 12 Player Party Pack,2011.0,3140,7.962493213410589,1.522468320014175,1.4669307208857738,0.0212978454795044,exclude,0.011203548447196,1,0.8143312101910828,0.5812101910828026,0.0398977159830741,borderline_overlap,moderately_sensitive,2805.943121621204,7,True,False,moderate_audience_selectivity,0,0,0,0,0,0,eligible,eligible
156546,Monikers,2015.0,6607,8.082132790312498,1.3213286391491312,1.2134058344603798,0.0146824436402152,exclude,0.0235392751193086,1,0.7634327228696837,0.4931133646132889,0.095829341246905,borderline_overlap,moderately_sensitive,3641.672486928765,7,True,False,moderate_audience_selectivity,0,0,0,0,0,0,eligible,eligible
1353,Time's Up!,1999.0,5962,7.639137369332766,1.176164206718977,1.0221152537346212,0.0154562633920246,exclude,0.0212749186694756,1,0.7566252935256625,0.5342167058034216,0.0733163125542665,borderline_overlap,moderately_sensitive,2571.2501330263663,7,True,False,low_audience_selectivity,0,0,0,0,0,0,eligible,eligible
16747,Tumblin' Dice,2004.0,4786,7.619640926524079,1.0952726835645432,1.0723993197060455,0.0172509949766416,exclude,0.0171044900182008,1,0.8558295027162558,0.6686167989970748,0.2549213617277643,borderline_overlap,strongly_sensitive,2260.3145768139307,7,True,False,moderate_audience_selectivity,0,0,0,0,0,0,eligible,eligible
18833,Lord of the Rings: The Confrontation,2005.0,6420,7.84645688449076,1.0609347261442688,1.0832678752680875,0.0148947418919376,exclude,0.022944523266979,1,,,0.060159073651095,adequate_overlap,stable_under_exposure_adjustment,1302.953074660533,4,False,False,low_audience_selectivity,0,1,0,1,0,0,eligible,eligible
121288,Dixit: Journey,2012.0,4550,7.579115857586545,0.9975725982556928,0.9366835001424496,0.0176927278616377,exclude,0.0162051965547386,1,0.7123076923076923,0.4698901098901099,0.0380748783645475,borderline_overlap,moderately_sensitive,2856.8269533942607,7,True,False,moderate_audience_selectivity,0,0,0,0,0,0,eligible,eligible
552,Bus,1999.0,4136,8.283094723330892,0.9849297473113268,0.9769043327458178,0.0185571052444142,exclude,0.0147971394585608,1,,,0.2244052125143509,adequate_overlap,stable_under_exposure_adjustment,727.6168193720447,4,False,False,moderate_audience_selectivity,0,0,0,0,0,0,eligible,eligible
46213,Telestrations,2009.0,18877,7.648009141997896,0.9252434749552324,0.8767699219095384,0.0086862836664298,exclude,0.0673466901701133,1,0.7431795306457594,0.4715261958997722,0.0720788846353334,borderline_overlap,moderately_sensitive,3856.925558296108,7,True,False,low_audience_selectivity,0,0,0,0,0,0,eligible,eligible
150,PitchCar,1995.0,11175,7.615857162300742,0.9235447564859208,0.9364255861673988,0.0112895525630329,exclude,0.0399343623256947,1,0.705413870246085,0.4817897091722595,0.1202006802077866,borderline_overlap,moderately_sensitive,3130.8562103141467,7,True,False,moderate_audience_selectivity,0,0,0,0,0,0,eligible,eligible
270633,Aeon's End: The New Age,2019.0,2859,8.76622729807018,0.9193048110496777,0.7994699871947155,0.0223199603190741,exclude,0.0102218496066038,1,0.887722980062959,0.6995452955578874,0.075125672681065,adequate_overlap,stable_under_exposure_adjustment,1173.727476672814,7,False,True,moderate_audience_selectivity,0,0,0,0,0,0,eligible,eligible
354,Stick 'Em,1993.0,3781,7.553269110503264,0.8911110675331644,0.927848175491884,0.0194087317285088,exclude,0.013510899006836,1,,,0.2966275171557499,adequate_overlap,stable_under_exposure_adjustment,1105.8954252737817,4,False,False,moderate_audience_selectivity,0,0,0,0,0,0,eligible,eligible
291794,Dice Throne: Season One ReRolled,2020.0,2794,8.41650251131785,0.8580734391282121,0.8583236214170658,0.0225780949430742,exclude,0.0099316393654069,1,,,0.1134844903443584,borderline_overlap,stable_under_exposure_adjustment,1680.7130449636109,4,False,False,moderate_audience_selectivity,0,0,0,0,0,0,eligible,eligible
92828,Dixit: Odyssey,2011.0,21146,7.588442463506621,0.8373867119867748,0.8077207842794669,0.0082070368212773,exclude,0.0754725769236281,1,0.5771304265582143,0.3258299441974842,0.1331037227850623,borderline_overlap,moderately_sensitive,3821.926571466925,7,True,False,low_audience_selectivity,0,0,0,0,0,0,eligible,eligible
98229,Pictomania,2011.0,3894,7.681228547211411,0.8228592257547938,0.7949433358141729,0.0191250474907761,exclude,0.0139336744199378,1,0.8466872110939908,0.6260914227015922,0.1424897725029859,borderline_overlap,moderately_sensitive,2318.620886616507,7,True,False,low_audience_selectivity,0,0,0,0,0,0,borderline,borderline
215,Tichu,1991.0,15687,7.957452657786266,0.8210791180753425,0.7724979690317753,0.0095286318452326,exclude,0.0560893990856585,1,,,0.063397453665739,adequate_overlap,stable_under_exposure_adjustment,1196.3608456298484,4,False,False,low_audience_selectivity,0,0,0,0,0,0,eligible,eligible
241590,Smart10,2017.0,3374,7.757835146620193,0.820614389296578,0.7472870225596626,0.0205460318361831,exclude,0.0120490992733995,1,0.6704208654416123,0.4297569650266746,0.061732730084917,borderline_overlap,moderately_sensitive,3105.7024124143604,7,True,False,moderate_audience_selectivity,0,0,0,0,0,0,eligible,eligible
5,Acquire,1963.0,20432,7.656134118457065,0.8072371058265615,0.7688591609625641,0.008349203680559,exclude,0.072509566189432,1,0.8107380579483163,0.6309710258418167,0.0405495367201771,adequate_overlap,stable_under_exposure_adjustment,1134.2484436149564,7,True,False,low_audience_selectivity,0,0,0,0,0,0,eligible,eligible
3201,Lord of the Rings: The Confrontation,2002.0,6909,7.553048626393202,0.7981904419446986,0.8103144603110577,0.014357965303285,exclude,0.0245747165971595,1,,,0.0518700475779702,adequate_overlap,stable_under_exposure_adjustment,1536.5553627028614,4,False,False,low_audience_selectivity,0,1,0,1,0,0,eligible,eligible
491,Web of Power,2000.0,3531,7.74461356964743,0.7933631258936833,0.6210623567753624,0.0200840658699397,exclude,0.0126151883858578,1,,,0.2026134230749178,adequate_overlap,stable_under_exposure_adjustment,1051.1356611295264,4,False,False,moderate_audience_selectivity,0,0,0,0,0,0,eligible,eligible
397598,Dune: Imperium – Uprising,2023.0,8869,9.050338662689258,0.7813259791970921,0.6949895209723671,0.0126725253425014,exclude,0.0317762299898247,1,,,0.10371450903767,adequate_overlap,stable_under_exposure_adjustment,977.2434511750106,4,False,False,low_audience_selectivity,0,0,0,0,0,0,eligible,eligible
335764,"Unmatched: Battle of Legends, Volume Two",2021.0,2647,8.380901344042291,0.7797196548628982,0.7057874710361745,0.0231965568203,exclude,0.0093261389856256,1,,,0.1363561033506953,borderline_overlap,stable_under_exposure_adjustment,1600.696283933574,4,False,False,moderate_audience_selectivity,0,0,0,0,0,0,eligible,eligible
31999,TZAAR,2007.0,3914,8.054175410944184,0.7753064235738982,0.7541702841168245,0.0190761217327271,exclude,0.0139014288375825,1,,,0.1382076713760081,adequate_overlap,stable_under_exposure_adjustment,958.4552480343516,4,False,False,low_audience_selectivity,0,1,0,1,0,0,eligible,eligible
118,Modern Art,1992.0,23096,7.892179435294738,0.7679789100835128,0.7242460597492579,0.0078529369468615,exclude,0.0827493300084555,1,0.8460339452719086,0.6738396259092484,0.0696485317418345,adequate_overlap,stable_under_exposure_adjustment,1162.263003918251,7,True,False,moderate_audience_selectivity,0,0,0,0,0,0,eligible,eligible
220,High Society,1995.0,14540,7.57252370946446,0.7567471598285218,0.7358526112367381,0.0098973355080002,exclude,0.0520013758115138,1,,,0.1089607465525764,borderline_overlap,moderately_sensitive,1886.891615798696,4,False,False,moderate_audience_selectivity,0,0,0,0,0,0,eligible,eligible
19777,Indonesia,2005.0,4761,8.52500065897303,0.7559664009870044,0.5229535827910521,0.0172962281419593,exclude,0.0170399988534904,1,0.9750052509976896,0.9130434782608696,0.1816722479899694,borderline_overlap,moderately_sensitive,516.8794754382138,7,False,False,moderate_audience_selectivity,0,0,0,0,0,0,eligible,eligible
213788,Ascension: Year Three Collector's Edition,2016.0,218,8.068199869579036,1.166978536255133,1.0668589263007444,0.0808299386268655,eligible,0.0007738939765252,0,,,0.0733928998262835,adequate_overlap,stable_under_exposure_adjustment,975.5737054639744,4,False,False,moderate_audience_selectivity,0,0,0,0,1,0,borderline,medium
