game_id,title,year,n_obs,adj_mean,expected_Q3bFam,resid_Q3bFam,expected_Q4Fam,resid_Q4Fam,se_adj,lower_bound_adj,lower_bound_resid_Q3bFam,vol_band,hiddenness_bucket,fam_18XX,fam_Cooperative Game,fam_Legacy Game
12,Ra,1999.0,27540,8.040775564758325,7.424339622304419,0.6164359424539061,7.439195784526584,0.6015797802317415,0.007191484154628,8.026680255815254,0.6023406335108351,25k+,exclude,0.0,0.0,0.0
2641,"Barbarian, Kingdom & Empire",1983.0,123,7.504335064481186,6.557518017979588,0.9468170465015984,6.527989775704885,0.9763452887763008,0.1076088375982068,7.2934217427887,0.735903724809113,100-199,eligible,0.0,0.0,0.0
4688,Angola,1988.0,540,8.532192604514535,7.256964832903307,1.2752277716112277,7.340045029352485,1.1921475751620498,0.0513574693852763,8.431531964519394,1.174567131616086,500-999,eligible,0.0,0.0,0.0
5243,Montage,1973.0,209,7.713078492508855,6.339803739090195,1.3732747534186602,6.375464892309971,1.3376136001988843,0.0825519531152329,7.551276664402999,1.2114729253128036,200-499,eligible,0.0,0.0,0.0
5369,Hordes of the Things,1991.0,253,7.5083972175308284,6.681739451002565,0.8266577665282631,6.651410485561234,0.8569867319695943,0.0750309137158037,7.361336626647853,0.6795971756452878,200-499,eligible,0.0,0.0,0.0
5452,"DAK: The Campaign in North Africa, 1940-1942",1997.0,196,8.401652134454874,7.592897207498757,0.8087549269561176,7.658004838605038,0.7436472958498364,0.0852456958425139,8.234570570603546,0.6416733631047903,100-199,eligible,0.0,0.0,0.0
5686,Stargrunt II,1996.0,145,7.625455827965627,6.8507555711331065,0.7747002568325208,6.809885272842305,0.8155705551233225,0.0991097760339054,7.431200666939173,0.5804450958060661,100-199,eligible,0.0,0.0,0.0
8045,Princes of the Renaissance,2003.0,2339,7.864250860940865,7.349963528559249,0.514287332381616,7.376164988223797,0.4880858727170674,0.0246766036122978,7.815884717860761,0.4659211893015122,1k-2.5k,borderline,0.0,0.0,0.0
12355,Brigade Fire and Fury: Wargaming the Civil War with Miniatures,1990.0,174,7.863286095732696,6.85448405313198,1.008802042600716,6.912431034008371,0.950855061724325,0.0904744333384248,7.685956206389383,0.8314721532574032,100-199,eligible,0.0,0.0,0.0
12608,Chess960,1996.0,158,8.110360596352983,6.8773613229811446,1.2329992733718385,6.886580533291072,1.223780063061911,0.0949449679809969,7.924268459110229,1.0469071361290845,100-199,eligible,0.0,0.0,0.0
12897,La Bataille de Ligny,1991.0,217,7.976467959678571,7.507374858079409,0.4690931015991619,7.514518430630144,0.461949529048427,0.0810159686511251,7.817676661122365,0.3103018030429566,200-499,eligible,0.0,0.0,0.0
17133,Railways of the World,2005.0,12114,8.025144865549422,7.656967570831476,0.3681772947179453,7.864822680724409,0.1603221848250129,0.0108431810968845,8.003892230599527,0.3469246597680517,10k-25k,exclude,0.0,0.0,0.0
22766,Die Siedler von Catan: Das Kartenspiel – 10th Anniversary Special Edition Tin Box,2006.0,395,7.634883303726444,6.679174518754236,0.9557087849722086,6.714418222165264,0.92046508156118,0.0600484702383417,7.517188302059294,0.8380137833050587,200-499,eligible,0.0,0.0,0.0
23604,The World Cup Game,2006.0,741,7.527375316005767,6.540834485851095,0.986540830154672,6.574862492679202,0.9525128233265648,0.0438421043953026,7.441444791390974,0.9006103055398788,500-999,eligible,0.0,0.0,0.0
30645,Tammany Hall,2007.0,4375,7.773017390778109,7.275112712103322,0.4979046786747867,7.311037237772469,0.4619801530056397,0.0180431129230355,7.73765288944896,0.462540177345637,2.5k-5k,exclude,0.0,0.0,0.0
30957,Tribune: Primus Inter Pares,2007.0,4660,7.681127930775768,7.336554745456357,0.34457318531941,7.24703600021909,0.4340919305566775,0.0174826610442467,7.646861915129044,0.3103071696726864,2.5k-5k,exclude,0.0,0.0,0.0
31627,Ticket to Ride: Nordic Countries,2007.0,14132,7.858752074705099,7.257429497407639,0.6013225772974602,7.355501927865818,0.5032501468392807,0.0100391901796588,7.839075261952968,0.5816457645453289,10k-25k,exclude,0.0,0.0,0.0
31954,"A Victory Denied: Crisis at Smolensk, July-September, 1941",2009.0,415,7.618768712069449,7.247604773059395,0.3711639390100538,7.341335293439112,0.2774334186303369,0.0585836528310325,7.503944752520625,0.2563399794612301,200-499,eligible,0.0,0.0,0.0
41006,Ordo,2009.0,109,7.683836580063044,6.884445663353091,0.7993909167099531,6.883048583088938,0.8007879969741065,0.1143107954518981,7.459787420977324,0.5753417576242327,100-199,eligible,0.0,0.0,0.0
62230,Wild Blue Yonder,2017.0,303,8.031898303663032,7.481866197844473,0.5500321058185591,7.348751393820285,0.6831469098427476,0.0685613217679009,7.897518112997947,0.4156519151534731,200-499,eligible,0.0,0.0,0.0
62972,The Barbarossa Campaign,2010.0,227,8.058188629726226,7.543536543088784,0.514652086637442,7.507282006592412,0.5509066231338142,0.0792113777619322,7.902934329312839,0.3593977862240548,200-499,eligible,0.0,0.0,0.0
63170,1817,2010.0,764,9.360258130891465,8.707875013351014,0.6523831175404489,8.688787913470843,0.6714702174206195,0.0431771345054873,9.275630947260709,0.5677559339096936,500-999,eligible,1.0,0.0,0.0
65901,Age of Industry,2010.0,3039,7.920078271521391,7.586641689438872,0.3334365820825189,7.732056954224582,0.1880213172968092,0.0216488656768091,7.877646494794845,0.291004805355973,2.5k-5k,exclude,0.0,0.0,0.0
65936,"The Blitzkrieg Legend: The Battle for France, 1940",2012.0,233,8.35601293763169,8.00440018735444,0.3516127502772495,8.072613854118908,0.2833990835127817,0.0781848370450462,8.202770657023398,0.1983704696689588,200-499,eligible,0.0,0.0,0.0
89952,Carcassonne: 10 Year Special Edition,2011.0,1698,7.720648580902868,6.854997606724464,0.8656509741784042,6.893759302809178,0.8268892780936898,0.0289622069780018,7.663882655225984,0.8088850485015205,1k-2.5k,eligible,0.0,0.0,0.0
92828,Dixit: Odyssey,2011.0,21146,7.588442463506621,6.751055751519846,0.8373867119867748,6.780721679227154,0.8077207842794669,0.0082070368212773,7.572356671336918,0.8213009198170712,10k-25k,exclude,0.0,0.0,0.0
94373,Dien Bien Phu: The Final Gamble,2014.0,256,8.682484796881457,7.56571975988107,1.1167650370003877,7.593166844994515,1.089317951886942,0.0745899838621996,8.536288428511545,0.9705686686304764,200-499,eligible,0.0,0.0,0.0
102151,Colorado Midland,2011.0,149,7.728605550899646,6.623875188699579,1.1047303622000673,6.760107650177154,0.9684979007224914,0.0977703931694625,7.536975580287499,0.9131003915879208,100-199,eligible,0.0,0.0,0.0
119506,Freedom: The Underground Railroad,2013.0,4514,7.936818867371294,7.558631569370501,0.3781872980007925,7.621083387172758,0.3157354801985352,0.0177631391727076,7.902003114592786,0.3433715452222855,2.5k-5k,exclude,0.0,1.0,0.0
119637,Zug um Zug: Deutschland,2012.0,910,7.773935741652534,6.710767222131876,1.0631685195206575,6.762070499717522,1.0118652419350118,0.0395621422060265,7.696393942928721,0.9856267207968455,500-999,eligible,0.0,0.0,0.0
127493,Bolt Action,2012.0,637,7.936375748443059,7.522204271601931,0.414171476841128,7.614931972253663,0.3214437761893958,0.0472858042111986,7.843695572189109,0.3214913005871785,500-999,eligible,0.0,0.0,0.0
128271,Ginkgopolis,2012.0,8277,7.996824305093476,7.451262398096404,0.5455619069970723,7.46071923063624,0.536105074457236,0.0131178910100638,7.971113238713751,0.5198508406173472,5k-10k,exclude,0.0,0.0,0.0
131111,Codex: Card-Time Strategy – Deluxe Set,2016.0,1055,8.372303457816434,7.83066086693052,0.5416425908859139,7.858466400833262,0.5138370569831725,0.0367429706634035,8.300287235316164,0.4696263683856429,1k-2.5k,eligible,0.0,0.0,0.0
139131,Hoplomachus: Rise of Rome,2013.0,389,8.212705736298304,7.167597835453902,1.0451079008444015,7.340547537817626,0.8721581984806779,0.0605097968930783,8.09410653438787,0.926508698933968,200-499,eligible,0.0,1.0,0.0
146207,Dead Man's Hand,2013.0,136,7.9825298601065695,6.881517137707325,1.1010127223992443,6.951926856172225,1.0306030039343446,0.1023366135853585,7.781950097479267,0.9004329597719416,100-199,eligible,0.0,0.0,0.0
146652,Legendary Encounters: An Alien Deck Building Game,2014.0,12921,7.993580322885686,7.347550271553091,0.6460300513325947,7.449867267527104,0.543713055358582,0.0104991087120332,7.973002069810101,0.6254517982570096,10k-25k,exclude,0.0,1.0,0.0
151771,La Cosa Nostra,2014.0,1784,7.898957527390872,7.370598138154754,0.5283593892361171,7.333725578883952,0.5652319485069199,0.0282555048140369,7.84357673795536,0.4729785998006047,1k-2.5k,borderline,0.0,0.0,0.0
152765,Thunderstone Advance: Worlds Collide,2014.0,803,7.957738538132572,7.135434080822746,0.8223044573098264,7.230830584515951,0.726907953616621,0.0421155739097625,7.875192013269437,0.7397579324466919,500-999,eligible,0.0,0.0,0.0
157917,The Lord of the Ice Garden,2014.0,1281,8.016784878023804,7.688081137842047,0.3287037401817567,7.635139073476113,0.3816458045476913,0.033344632167358,7.951429398975782,0.2633482611337349,1k-2.5k,eligible,0.0,0.0,0.0
158237,1914: Glory's End / When Eagles Fight,2014.0,189,7.564993832109645,7.235554043688253,0.3294397884213911,7.368076676786561,0.1969171553230833,0.0868099675261116,7.394846295758466,0.1592922520702122,100-199,eligible,0.0,0.0,0.0
165556,Nyakuza,2014.0,607,7.501128658328248,6.956928782072795,0.544199876255453,6.990003139344102,0.5111255189841462,0.0484402248415046,7.4061858176388995,0.4492570355661039,500-999,eligible,0.0,0.0,0.0
170472,Prelude to Rebellion: Mobilization & Unrest in Lower Canada 1834-1837,2018.0,102,8.358057091683177,7.45000519093694,0.9080519007462372,7.363868089773224,0.9941890019099536,0.1181681428029229,8.126447531789449,0.6764423408525082,100-199,eligible,0.0,0.0,0.0
170669,Old School Tactical: Volume 1 – Fighting on the Eastern Front 1941/42,2016.0,208,8.111176398462657,7.687350395296473,0.4238260031661838,7.749829756835503,0.3613466416271542,0.0827501573695976,7.948986090018246,0.2616356947217724,200-499,eligible,0.0,0.0,0.0
174298,Napoleon's Last Gamble: Battles of the Hundred Days,2016.0,151,8.524707498575438,7.383662454411084,1.141045044164354,7.527553167673572,0.997154330901866,0.0971207488111762,8.334350830905533,0.9506883764944488,100-199,eligible,0.0,0.0,0.0
173634,The Red Dragon Inn 5: The Character Trove,2015.0,877,7.542725905817354,6.707524194755006,0.8352017110623482,6.610322530938442,0.9324033748789128,0.040299596627821,7.463738696426825,0.7562145016718189,500-999,eligible,0.0,0.0,0.0
176530,Xenon Profiteer,2015.0,1051,7.707905753841328,7.05232663211844,0.6555791217228881,7.296218529078548,0.4116872247627805,0.0368128242828566,7.635752618246929,0.5834259861284892,1k-2.5k,eligible,0.0,0.0,0.0
177014,Giga-Robo!,2020.0,140,8.219250455160834,7.710533081701653,0.5087173734591808,7.573715649598077,0.6455348055627574,0.1008640675540311,8.021556882754933,0.3110238010532797,100-199,eligible,0.0,0.0,0.0
177354,Frostgrave,2015.0,758,8.102334103413853,7.50607343098337,0.596260672430482,7.497495078858845,0.604839024555007,0.0433476834294762,8.01737264389208,0.5112992129087086,500-999,eligible,0.0,0.0,0.0
182631,Star Realms: Colony Wars,2015.0,8214,8.015769108961521,7.287230311159913,0.7285387978016082,7.352223882714263,0.6635452262472583,0.0131681009286357,7.989959631141395,0.7027293199814821,5k-10k,exclude,0.0,0.0,0.0
182770,DC Comics Dice Masters: World's Finest,2016.0,401,7.524307461362925,6.989150151682701,0.5351573096802245,7.08174037930309,0.4425670820598348,0.059597536671386,7.407496289487009,0.4183461378043077,200-499,eligible,0.0,0.0,0.0
185380,"Exceed: Red Horizon – Satoshi, Mei Lien, Morathi, and Baelkhor",2016.0,118,8.16846568283193,6.864378156926048,1.3040875259058833,6.840636397647758,1.3278292851841726,0.1098650334287785,7.953130217311525,1.0887520603854774,100-199,eligible,0.0,0.0,0.0
185381,"Exceed: Red Horizon – Alice, Zoey, Gabrek, and Ulrik",2016.0,121,8.0777546311927,6.734307033485464,1.343447597707236,6.718867570438412,1.358887060754288,0.1084945219813813,7.865105368109193,1.1307983346237285,100-199,eligible,0.0,0.0,0.0
201856,Last Will,2016.0,236,7.518194204840359,6.776141612160199,0.7420525926801602,6.721723971751544,0.7964702330888151,0.077686310152776,7.365929036940918,0.5897874247807192,200-499,eligible,0.0,0.0,0.0
222291,Ivion: The Herocrafting Card Game,2018.0,106,8.162602101902847,7.072522786418373,1.0900793154844737,7.007486330736658,1.155115771166189,0.1159171148780976,7.935404556741775,0.8628817703234021,100-199,eligible,0.0,0.0,0.0
223040,Fantasy Realms,2017.0,16119,7.854150593951824,7.528258495349004,0.3258920986028206,7.520497122520249,0.3336534714315755,0.0094000778029846,7.835726441457974,0.3074679461089708,10k-25k,exclude,0.0,0.0,0.0
228602,Valor & Villainy: Minions of Mordak,2020.0,666,7.622893285016461,7.211273797674753,0.4116194873417083,7.28072328625816,0.3421699987583011,0.0462448506555749,7.532253377731535,0.3209795800567814,500-999,eligible,0.0,0.0,0.0
228668,Dungeons & Dragons: Tomb of Annihilation Board Game,2017.0,716,7.556294265412315,7.116658053719609,0.4396362116927053,7.1801191506046695,0.3761751148076451,0.0446009372051268,7.468876428490266,0.3522183747706565,500-999,eligible,0.0,1.0,0.0
228867,Unlock!: Mystery Adventures,2017.0,3864,7.651382221368164,7.307043306393393,0.3443389149747711,7.308525431574354,0.3428567897938093,0.0191991471386894,7.613751892976333,0.3067085865829397,2.5k-5k,exclude,0.0,1.0,0.0
233502,Katarenga,2017.0,226,7.512694998077076,7.037916959158936,0.4747780389181395,6.98515471339528,0.5275402846817956,0.0793864307439646,7.357097593818906,0.3191806346599689,200-499,eligible,0.0,0.0,0.0
233867,Welcome To...,2018.0,31889,7.821970164902408,7.466240220108091,0.3557299447943167,7.570375549974621,0.2515946149277868,0.0066831321005877,7.808871225985255,0.3426310058771648,25k+,exclude,0.0,0.0,0.0
234248,Voodoo Prince,2017.0,1073,7.707532272604833,6.97046659054964,0.737065682055194,6.92084042857557,0.7866918440292636,0.0364334782662848,7.636122655202915,0.6656560646532756,1k-2.5k,eligible,0.0,0.0,0.0
243430,Dealt!,2018.0,1815,7.511365131063757,6.999084279358062,0.5122808517056949,7.0131912337988975,0.4981738972648593,0.0280131651192416,7.456459327430043,0.4573750480719813,1k-2.5k,borderline,0.0,0.0,0.0
262498,Puzzle Dungeon,2019.0,237,7.799537873504797,7.12821590111103,0.6713219723937671,6.970698881555107,0.8288389919496906,0.0775222417327764,7.647594279708556,0.5193783785975252,200-499,eligible,0.0,0.0,0.0
264476,Rangers of Shadow Deep,2018.0,486,8.502137496477564,7.43155519114875,1.0705823053288146,7.416563872451684,1.08557362402588,0.0541355260399469,8.396031865439268,0.9644766742905186,200-499,eligible,0.0,1.0,0.0
264637,Yokohama Duel,2018.0,544,8.00677088192449,7.362847802551727,0.6439230793727635,7.254405481465728,0.7523654004587623,0.0511683067926792,7.906481000610839,0.5436331980591121,500-999,eligible,0.0,0.0,0.0
265755,Exceed: Street Fighter – Chun-Li Box,2019.0,127,8.565142783813933,7.404713657814041,1.160429125999892,7.384050507612894,1.1810922762010383,0.1059006523477852,8.357577505212273,0.9528638473982328,100-199,eligible,0.0,0.0,0.0
276925,Warhammer Age of Sigmar: Warcry Starter Set,2019.0,569,8.286980439595279,7.669055104289312,0.6179253353059675,7.634594647300499,0.6523857922947798,0.050031596647383,8.188918510166408,0.5198634058770967,500-999,eligible,0.0,0.0,0.0
279056,Pompiers!,2019.0,111,7.798858631811304,6.772613538310939,1.026245093500365,6.778093670614865,1.020764961196439,0.1132762873373707,7.576837108630057,0.8042235703191185,100-199,eligible,0.0,0.0,0.0
281526,The Isofarian Guard,2023.0,1009,8.779464167930257,8.241346793755692,0.5381173741745648,8.3569083292332,0.4225558386970576,0.0375711867081709,8.705824641982241,0.4644778482265498,1k-2.5k,eligible,0.0,1.0,0.0
282255,Inflation!,2019.0,245,7.7402857580166256,6.86692644373313,0.8733593142834959,6.872741159729642,0.8675445982869832,0.0762460682772529,7.59084346419321,0.7239170204600802,200-499,eligible,0.0,0.0,0.0
282418,Toy Story: Obstacles & Adventures,2019.0,587,7.5171186564967485,7.106696449105394,0.4104222073913544,7.205037928986499,0.3120807275102493,0.0492585297708874,7.420571938145809,0.3138754890404149,500-999,eligible,0.0,1.0,0.0
291453,SCOUT,2019.0,19694,8.182653634123604,7.492548647108208,0.6901049870153955,7.502789776507798,0.6798638576158051,0.0085042012487751,8.165985399676005,0.6734367525677962,10k-25k,exclude,0.0,0.0,0.0
302926,Silver Coin,2020.0,367,7.685376237476958,7.080617386464125,0.604758851012833,6.96223337763195,0.7231428598450078,0.062297047425807,7.563274024522376,0.4826566380582512,200-499,eligible,0.0,0.0,0.0
320858,Sakura Arms: Saine Box,2022.0,117,8.656027635699425,8.064317481296378,0.5917101544030476,8.005872762939452,0.6501548727599733,0.1103335431594635,8.439773891106876,0.3754564098104991,100-199,eligible,0.0,0.0,0.0
320859,Sakura Arms: Yatsuha Box,2022.0,114,8.729824284983446,7.983370173813929,0.7464541111695162,7.9300922327405665,0.799732052242879,0.11177587291431,8.510743574071398,0.5273734002574686,100-199,eligible,0.0,0.0,0.0
320879,Dual Gauge,2020.0,271,7.92231589455092,7.493523839529923,0.4287920550209971,7.679848228620516,0.2424676659304037,0.0724963014019341,7.780223143803129,0.2866993042732062,200-499,eligible,0.0,0.0,0.0
321044,Dungeon Fighter in the Catacombs of Gloomy Ghosts,2022.0,113,8.025192627253691,6.9965987250259225,1.0285939022277688,6.996288194674273,1.0289044325794183,0.1122693670265072,7.805144667881737,0.8085459428558147,100-199,eligible,0.0,1.0,0.0
322010,Enchanted Plumes,2021.0,564,7.617420047752287,7.0767894944930845,0.5406305532592022,7.048625979761667,0.5687940679906198,0.0502528785614976,7.518924405771751,0.4421349112786667,500-999,eligible,0.0,0.0,0.0
322076,On the Underground: Paris / New York,2024.0,156,8.04015316409941,7.592119678814315,0.4480334852850944,7.6821070140060606,0.3580461500933491,0.0955516512656422,7.852871927618751,0.2607522488044357,100-199,eligible,0.0,0.0,0.0
322283,Stargrave: Science Fiction Wargames in the Ravaged Galaxy,2021.0,160,8.195071400494696,7.645955249241817,0.5491161512528784,7.6665976596061345,0.5284737408885611,0.0943496958559016,8.010145996617128,0.3641907473753112,100-199,eligible,0.0,0.0,0.0
322616,Comic Hunters,2020.0,1454,8.001564799025207,7.518774269430613,0.4827905295945935,7.476760758339369,0.5248040406858383,0.0312981229721403,7.940220477999812,0.4214462085691985,1k-2.5k,eligible,0.0,0.0,0.0
331946,Faux Diamonds,2021.0,110,7.667747524091192,6.944367539170251,0.7233799849209408,6.949928539811493,0.7178189842796989,0.1137900146320637,7.444719095412347,0.5003515562420958,100-199,eligible,0.0,0.0,0.0
332230,Unlock!: Heroic Adventures – Insert Coin,2018.0,229,7.986179980188456,6.859242584856736,1.126937395331721,6.846339970283699,1.1398400099047574,0.0788647179900584,7.831605132927942,0.9723625480712064,200-499,eligible,0.0,1.0,0.0
332606,Hidden Games Tatort: Ein Drahtseilakt,2021.0,149,8.102740207134847,7.15016174784401,0.9525784592908372,7.199559760248633,0.903180446886214,0.0977703931694625,7.9111102365227,0.7609484886786907,100-199,eligible,0.0,1.0,0.0
339789,Welcome to the Moon,2021.0,7359,8.245869170740773,7.867395616992516,0.3784735537482575,8.00018663040178,0.2456825403389935,0.013912048863734,8.218601554967854,0.3512059379753387,5k-10k,exclude,0.0,0.0,0.0
340216,Heredity: The Book of Swan,2023.0,176,8.627492692999917,7.381937554599792,1.2455551384001249,7.482639115981051,1.144853577018866,0.089958905305302,8.451173238601525,1.0692356840017323,100-199,eligible,0.0,1.0,0.0
341008,Unlock!: Heroic Adventures – Sherlock Holmes: Der scharlachrote Faden,2018.0,181,7.655709413702183,6.761561863689884,0.8941475500122991,6.741763557784244,0.9139458559179392,0.0887076773975098,7.481842366003065,0.7202805023131799,100-199,eligible,0.0,1.0,0.0
341362,Reapers,2021.0,100,7.584543534119239,6.971882353267343,0.6126611808518954,7.014096452994467,0.5704470811247715,0.1193439741795195,7.35062934472738,0.3787469914600371,100-199,eligible,0.0,0.0,0.0
351648,Dragons Down,2024.0,193,8.621911868121755,8.029713178260204,0.5921986898615508,8.106763580207838,0.5151482879139166,0.0859056723713636,8.453536750273882,0.423823572013678,100-199,eligible,0.0,1.0,0.0
351666,Vidrasso,2021.0,112,7.7570813983950515,7.1242565083545255,0.632824890040526,7.111225226019441,0.6458561723756109,0.1127694557689722,7.536053265087866,0.4117967567333404,100-199,eligible,0.0,0.0,0.0
352263,Through Ice & Snow,2024.0,320,7.910966188440206,7.544777330663404,0.3661888577768017,7.505790255166385,0.4051759332738207,0.0667153097425963,7.780204181344717,0.235426850681313,200-499,eligible,0.0,0.0,0.0
352687,"Escape Room: The Game – Puzzle Adventures: The Baron, The Witch & The Thief",2021.0,143,7.741378266575563,7.067385371315471,0.673992895260092,7.078177131456897,0.6632011351186655,0.0998004448501157,7.545769394669335,0.4783840233538652,100-199,eligible,0.0,1.0,0.0
354544,Unmatched: Houdini vs. The Genie,2022.0,1394,8.36619163238591,7.773290694249299,0.5929009381366104,7.767859988573628,0.5983316438122817,0.0319645878451321,8.303541040209451,0.5302503459601514,1k-2.5k,eligible,0.0,0.0,0.0
365717,Clank!: Catacombs,2022.0,8014,8.582546168901787,8.004088512463444,0.5784576564383439,8.030672862576594,0.5518733063251933,0.0133314020706741,8.556416620843265,0.5523281083798226,5k-10k,exclude,0.0,0.0,0.0
366023,Marvel Zombies: Heroes' Resistance,2022.0,804,7.877697100830761,7.276103221705485,0.601593879125276,7.358581647027069,0.5191154538036917,0.0420893744833329,7.795201926843428,0.5190987051379434,500-999,eligible,0.0,1.0,0.0
366577,Bestiary of Sigillum: Collector's Edition,2023.0,120,8.102168537819345,7.651157890568195,0.4510106472511506,7.740824905580249,0.3613436322390964,0.1089456446007282,7.888635074401918,0.2374771838337233,100-199,eligible,0.0,0.0,0.0
366748,Northgard: Uncharted Lands – Warchief Collector Edition,2022.0,232,8.356568570121166,7.560526346094811,0.7960422240263547,7.570011232607394,0.7865573375137718,0.0783531576640776,8.202996381099574,0.6424700350047625,200-499,eligible,0.0,0.0,0.0
367150,Dune: War for Arrakis,2024.0,2199,8.798618280367203,8.436673884761237,0.3619443956059651,8.422002634664201,0.3766156457030014,0.0254500055373992,8.7487362695139,0.3120623847526626,1k-2.5k,borderline,0.0,0.0,0.0
410382,That Escalated Quickly,2024.0,230,7.54455810485969,6.943665475653745,0.6008926292059451,6.938449090118871,0.6061090147408192,0.0786930861914261,7.390319655924495,0.4466541802707499,200-499,eligible,0.0,1.0,0.0
411003,Disney Villainous: Sugar and Spite,2024.0,192,7.63262362507438,7.125336985875771,0.5072866391986093,7.076835400066228,0.5557882250081523,0.0861290945233816,7.463810599808553,0.3384736139327812,100-199,eligible,0.0,0.0,0.0
412865,Foundations of Metropolis,2024.0,866,8.139402111860745,7.6504596272044765,0.4889424846562686,7.69179229030895,0.4476098215517954,0.0405547333132206,8.059914834566833,0.4094552073623562,500-999,eligible,0.0,0.0,0.0
415090,Rainbow,2024.0,280,7.528107843511279,7.125801491354334,0.4023063521569447,7.072036687550009,0.4560711559612702,0.0713216661455134,7.388317377866072,0.2625158865117384,200-499,eligible,0.0,0.0,0.0
415108,"Crisps      Shed your cards as fast as you can, as new cards are drawn to help or hinder you.",2025.0,164,7.697294038292282,7.364578912156979,0.3327151261353025,7.343020711994015,0.3542733262982667,0.0931919870317611,7.51463774371003,0.1500588315530507,100-199,eligible,0.0,0.0,0.0
415945,Unmatched: Slings and Arrows,2024.0,440,8.6899613146951,7.697007343466883,0.9929539712282178,7.730364966381835,0.9595963483132656,0.0568950073160318,8.578447100355678,0.8814397568887953,200-499,eligible,0.0,0.0,0.0
393892,Rolling Realms Redux,2024.0,262,8.12847002484797,7.736454506701293,0.3920155181466782,7.772569458745552,0.3559005661024184,0.0737309534804105,7.983957356026366,0.2475028493250735,200-499,eligible,0.0,0.0,0.0
396335,BOG,2024.0,129,7.708504423329256,7.375277764297534,0.3332266590317214,7.331160922835611,0.3773435004936445,0.1050765102308597,7.502554463276771,0.1272766989792362,100-199,eligible,0.0,0.0,0.0
397598,Dune: Imperium – Uprising,2023.0,8869,9.050338662689258,8.269012683492166,0.7813259791970921,8.355349141716891,0.6949895209723671,0.0126725253425014,9.025500513017956,0.7564878295257894,5k-10k,exclude,0.0,0.0,0.0
16,MarraCash,1996.0,1169,7.5291775747655665,6.661673437221985,0.8675041375435812,6.743980338833019,0.7851972359325474,0.0349054499177046,7.460762892926866,0.7990894557048802,1k-2.5k,eligible,0.0,0.0,0.0
84,Rommel in the Desert,1982.0,1075,7.996806505595559,7.596530425543774,0.4002760800517846,7.667955933992797,0.3288505716027616,0.036399570880376,7.925463346670021,0.3289329211262476,1k-2.5k,eligible,0.0,0.0,0.0
93,El Grande,1995.0,29933,8.126980516418769,7.592748294482915,0.534232221935854,7.618139375382569,0.5088411410361999,0.0068980346727973,8.113460368460085,0.5207120739771711,25k+,exclude,0.0,0.0,0.0
299,De Bellis Antiquitatis: Quick Play Wargame Rules with Army Lists for Ancient and Medieval Battles,1990.0,666,7.509919633775355,7.1443970364277085,0.3655225973476463,7.214365208149427,0.2955544256259275,0.0462448506555749,7.419279726490428,0.2748826900627195,500-999,eligible,0.0,0.0,0.0
313,Big Boss,1994.0,917,7.675939556188903,6.501926896192344,1.174012659996558,6.5651695852071885,1.110769970981714,0.0394108523891234,7.5986942855062205,1.0967673893138763,500-999,eligible,0.0,0.0,0.0
372,Schotten Totten,1999.0,12185,7.629136427904309,7.106239994662683,0.5228964332416259,7.062876601431615,0.5662598264726943,0.0108115442233631,7.607945801226517,0.5017058065638342,10k-25k,exclude,0.0,0.0,0.0
384,TurfMaster,1998.0,1030,7.683046583267463,6.5595485754305525,1.1234980078369103,6.261343322302098,1.4217032609653648,0.0371862070850864,7.610161617380693,1.050613041950141,1k-2.5k,eligible,0.0,0.0,0.0
1301,Netrunner,1996.0,2392,7.784744772061744,7.015124640637684,0.7696201314240607,7.020487248433064,0.7642575236286806,0.0244016901493981,7.736917459368924,0.7217928187312403,1k-2.5k,borderline,0.0,0.0,0.0
2470,The Extraordinary Adventures of Baron Munchausen,1998.0,379,7.54142635668983,5.865516804987347,1.675909551702483,5.937250728091978,1.6041756285978517,0.0613028818034207,7.421272708355126,1.555755903367778,200-499,eligible,0.0,0.0,0.0
4079,What's My Word?,1972.0,375,7.512861846020476,6.191110763935987,1.321751082084489,6.2042611091242,1.3086007368962758,0.0616289632623315,7.392069078026306,1.2009583140903195,200-499,eligible,0.0,0.0,0.0
4206,Roads to Gettysburg,1993.0,338,8.134801591793423,7.292098015475704,0.8427035763177191,7.317916640942414,0.8168849508510085,0.064914564181608,8.00756904599747,0.7154710305217673,200-499,eligible,0.0,0.0,0.0
4292,The Sword and the Flame,1979.0,116,7.609255982380128,6.499031969711913,1.1102240126682157,6.556410161029595,1.0528458213505338,0.1108080982232961,7.392072109862468,0.8930401401505551,100-199,eligible,0.0,0.0,0.0
4385,A Gamut of Games,1969.0,434,8.074748244439382,6.12181244085644,1.9529358035829425,6.1159858294847,1.9587624149546825,0.0572869408176073,7.962465840436872,1.840653399580432,200-499,eligible,0.0,0.0,0.0
6613,"Downtown: Air War Over Hanoi, 1965-1972",2004.0,411,8.138644046168002,7.745781966303571,0.3928620798644306,7.893472197423396,0.2451718487446061,0.0588680411666094,8.023262685481447,0.2774807191778761,200-499,eligible,0.0,0.0,0.0
6927,Hornet Leader: Strike Fighter Operations,1991.0,307,7.574977762072288,6.956054017871908,0.6189237442003792,6.885067492222488,0.6899102698497996,0.0681132037522441,7.441475882717889,0.4854218648459806,200-499,eligible,0.0,1.0,0.0
7662,Bar-Lev: The Yom-Kippur War of 1973,1974.0,115,7.679248551361279,6.754042747761092,0.9252058036001864,6.879206330124871,0.8000422212364073,0.1112888297569097,7.461122445037735,0.7070796972766433,100-199,eligible,0.0,0.0,0.0
7858,Ardennes '44: The Battle of the Bulge,2003.0,801,8.321685514894092,7.806026143454417,0.5156593714396749,7.87014465163031,0.4515408632637818,0.0421681198739414,8.239035999941168,0.4330098564867496,500-999,eligible,0.0,0.0,0.0
7935,1844: Schweiz,2003.0,212,8.943775536007132,8.045227384204917,0.8985481518022151,8.045882964109396,0.8978925718977369,0.0819657779858829,8.783122611154802,0.7378952269498846,200-499,eligible,1.0,0.0,0.0
9963,Santorini,2004.0,380,7.687820440284095,6.597742660037348,1.0900777802467472,6.594326698711187,1.0934937415729076,0.0612221669799983,7.567824993003298,0.9700823329659504,200-499,eligible,0.0,0.0,0.0
10226,"Thunder at the Crossroads: The Battle of Gettysburg, July 1-3, 1863  (Second Edition)",1993.0,204,8.006943232984549,7.28674867263774,0.7201945603468083,7.4403373470242435,0.5666058859603051,0.0835574950961671,7.843170542596061,0.5564218699583208,200-499,eligible,0.0,0.0,0.0
10431,Epic Armageddon,2003.0,264,7.739873230407917,7.088691815175968,0.6511814152319486,7.001880098662486,0.7379931317454309,0.0734511386057802,7.595908998740588,0.5072171835646194,200-499,eligible,0.0,0.0,0.0
14080,The Mighty Endeavor,2005.0,444,7.657963389265802,7.30359363467209,0.3543697545937121,7.391571233759191,0.2663921555066117,0.0566381436686853,7.546952627675179,0.2433589930030888,200-499,eligible,0.0,0.0,0.0
14083,Fire in the Sky: The Great Pacific War 1941-1945,1999.0,571,7.846739921885286,7.475267207343494,0.3714727145417917,7.551590396518701,0.2951495253665843,0.0499438987768986,7.748849880282565,0.2735826729390704,500-999,eligible,0.0,0.0,0.0
17863,The Western Front: 1914 to 1918,2004.0,133,8.018629143082904,7.302649286037194,0.7159798570457099,7.419654086359053,0.5989750567238517,0.1034843498136905,7.815799817448071,0.5131505314108765,100-199,eligible,0.0,0.0,0.0
25900,Kingdom of Heaven: The Crusader States 1097-1291,2012.0,335,8.025060034856406,7.564709694637365,0.4603503402190405,7.581379772416447,0.4436802624399583,0.0652045785704943,7.897259060858237,0.3325493662208716,200-499,eligible,0.0,0.0,0.0
32424,1848: Australia,2007.0,577,8.654277629694453,8.176348879324,0.4779287503704541,8.180480864720964,0.4737967649734891,0.049683546532099,8.55689787849154,0.3805489991675401,500-999,eligible,1.0,0.0,0.0
32928,Mü and Lots More,2007.0,852,7.883644317423068,6.820139831810259,1.0635044856128086,6.862863412749725,1.0207809046733427,0.0408865718468776,7.8035066366031876,0.9833668047929284,500-999,eligible,0.0,0.0,0.0
35614,Where There Is Discord: War in the South Atlantic,2009.0,408,8.092738575263006,7.428012762144025,0.6647258131189808,7.455401834583151,0.6373367406798547,0.0590840714014614,7.976933795316142,0.5489210331721164,200-499,eligible,0.0,0.0,0.0
37919,Ascending Empires,2011.0,2050,7.581653563485185,7.15371904918424,0.4279345143009454,7.130082579220007,0.451570984265178,0.0263586743929628,7.529990561674977,0.3762715124907382,1k-2.5k,borderline,0.0,0.0,0.0
56241,Coral Sea: Campaign Commander Series,2010.0,118,7.503063139899341,7.168465757629615,0.3345973822697257,6.953064546645932,0.5499985932534095,0.1098650334287785,7.287727674378935,0.1192619167493197,100-199,eligible,0.0,0.0,0.0
57141,"Codeword Cromwell: The German Invasion of England, 8 June 1940",2014.0,136,8.201727887811241,7.362543957709596,0.8391839301016457,7.272297094072524,0.9294307937387174,0.1023366135853585,8.001148125183938,0.638604167474343,100-199,eligible,0.0,0.0,0.0
63758,Mr. Madison's War: The Incredible War of 1812,2012.0,273,7.690356752386639,7.334091897725797,0.356264854660842,7.261164437597406,0.4291923147892325,0.0722302590315598,7.548785444684781,0.2146935469589846,200-499,eligible,0.0,0.0,0.0
84465,Ottoman Sunset: The Great War in the Near East,2010.0,701,7.51292335843262,7.069085059425699,0.4438382990069209,7.129387719774808,0.3835356386578121,0.0450755969433,7.424575188423752,0.3554901289980529,500-999,eligible,0.0,0.0,0.0
90942,Mixtour,2012.0,159,7.7790354639485635,6.572384113991083,1.2066513499574807,6.595204298983122,1.1838311649654418,0.0946459279689731,7.593529445129376,1.0211453311382932,100-199,eligible,0.0,0.0,0.0
99392,Colonial: Europe's Empires Overseas,2011.0,963,7.62720953672161,7.231890420776986,0.3953191159446234,7.332992218791345,0.2942173179302649,0.0384580581956883,7.551831742658061,0.3199413218810742,500-999,eligible,0.0,0.0,0.0
114530,Newtown,2013.0,107,7.5161693899818065,7.173470804411675,0.3426985855701314,7.20000530187701,0.3161640881047969,0.115374174587065,7.290036007791159,0.116565203379484,100-199,eligible,0.0,0.0,0.0
122294,Ascension: Immortal Heroes,2012.0,1661,7.617165878976864,6.945822841786876,0.6713430371899873,7.054730295013311,0.5624355839635529,0.0292830075604569,7.559771184158368,0.6139483423714917,1k-2.5k,eligible,0.0,0.0,0.0
125752,Race! Formula 90,2013.0,855,8.227258408829297,7.550215920784133,0.6770424880451635,7.67966529168244,0.5475931171468567,0.0408147779866655,8.147261443975433,0.5970455231912991,500-999,eligible,0.0,0.0,0.0
126100,Mythos Tales,2016.0,2406,7.660636958039266,7.068305843295098,0.5923311147441677,7.1100863551732605,0.5505506028660054,0.0243305924619507,7.612948996813842,0.5446431535187441,1k-2.5k,borderline,0.0,1.0,0.0
128721,Crisis,2016.0,2061,7.939678475838292,7.52193444070889,0.4177440351294024,7.474042857243868,0.4656356185944243,0.0262882393300194,7.888153526751454,0.3662190860425642,1k-2.5k,borderline,0.0,0.0,0.0
135508,The Mushroom Eaters,2013.0,183,7.747835638972792,6.517909805883416,1.229925833089376,6.597895535679413,1.1499401032933791,0.0882216042737541,7.574921294596234,1.0570114887128177,100-199,eligible,0.0,0.0,0.0
135779,A Fake Artist Goes to New York,2011.0,9128,7.515186940383214,6.864223419636016,0.6509635207471982,6.907080294288971,0.6081066460942433,0.0124914450010344,7.490703708181186,0.6264802885451708,5k-10k,exclude,0.0,0.0,0.0
139976,Cthulhu Wars,2015.0,6072,8.185322828748763,7.76230406787894,0.423018760869823,7.66319136255699,0.5221314661917731,0.0153156211282092,8.155304211337473,0.3930001434585329,5k-10k,exclude,0.0,0.0,0.0
144344,Rococo,2013.0,9168,8.03939805014328,7.701331152025093,0.3380668981181873,7.800136578100169,0.2392614720431112,0.0124641651147899,8.014968286518291,0.3136371344931991,5k-10k,exclude,0.0,0.0,0.0
144574,Last Chance for Victory: The Battle of Gettysburg,2014.0,165,8.990150177064573,7.8708013573495155,1.1193488197150572,7.952537984783849,1.037612192280724,0.0929091578907959,8.808048227598613,0.937246870249097,100-199,eligible,0.0,0.0,0.0
145588,Citrus,2013.0,1708,7.562778920592711,7.09010157093369,0.4726773496590208,7.086705047413647,0.4760738731790646,0.0288772985367798,7.506179415460623,0.4160778445269323,1k-2.5k,borderline,0.0,0.0,0.0
149910,Six Making,2013.0,246,7.607342004502621,6.623220001514715,0.984122002987906,6.650352951509023,0.9569890529935988,0.0760909387812939,7.458203764491285,0.83498376297657,200-499,eligible,0.0,0.0,0.0
153113,Slaughterball,2016.0,104,7.579234827279877,6.817679512264073,0.7615553150158041,6.847389032489357,0.7318457947905204,0.1170263948405929,7.349863093392315,0.5321835811282418,100-199,eligible,0.0,0.0,0.0
153498,Kamisado Max,2014.0,155,7.6015884541196,6.477208265841908,1.1243801882776925,6.50378969047884,1.0977987636407605,0.0958593868490308,7.4137040558955,0.9364957900535922,100-199,eligible,0.0,0.0,0.0
156091,Sons of Anarchy: Men of Mayhem,2014.0,2923,7.538499505872163,7.081268009678308,0.457231496193855,6.951765552076489,0.5867339537956733,0.0220742566767968,7.495233962785641,0.4139659531073332,2.5k-5k,exclude,0.0,0.0,0.0
162009,The U.S. Civil War,2015.0,787,8.594448102461829,8.148434917841486,0.4460131846203428,8.300366492564848,0.2940816098969812,0.0425415323980616,8.511066698961628,0.362631781120142,500-999,eligible,0.0,0.0,0.0
162388,BattleCON: Fate of Indines,2015.0,803,8.10583374267274,7.574535866995484,0.5312978756772555,7.569139052739215,0.5366946899335243,0.0421155739097625,8.023287217809605,0.448751350814121,500-999,eligible,0.0,0.0,0.0
162865,"I, Spy",2015.0,272,7.668368732852778,7.339541149603082,0.3288275832496952,7.32965503567339,0.3387136971793874,0.0723629134298743,7.526537422530223,0.1869962729271414,200-499,eligible,0.0,0.0,0.0
161617,Dungeon Lords: Happy Anniversary,2014.0,1051,8.425364276680536,7.582579740591241,0.8427845360892956,7.566209027441062,0.8591552492394747,0.0368128242828566,8.353211141086136,0.7706314004948966,1k-2.5k,eligible,0.0,0.0,0.0
172155,Ascension: Dawn of Champions,2015.0,737,7.54924970388701,6.932236652894863,0.6170130509921465,7.036805382462244,0.5124443214247654,0.0439609179042009,7.463086304794776,0.5308496518999127,500-999,eligible,0.0,0.0,0.0
176146,The Lamps are Going Out: World War I,2016.0,375,7.897041219448298,7.452895813962515,0.4441454054857834,7.362830785000231,0.5342104344480676,0.0616289632623315,7.776248451454128,0.3233526374916134,200-499,eligible,0.0,0.0,0.0
180942,A Touch of Evil: Dark Gothic – Colonial Horror,2015.0,215,7.591385215335654,6.636715173851332,0.954670041484322,6.736637774019451,0.8547474413162028,0.0813919148403426,7.431857062248582,0.7951418883972503,200-499,eligible,0.0,0.0,0.0
183284,Factory Funner,2016.0,1820,7.659569266861125,7.281234926861636,0.3783343399994896,7.451981422123513,0.2075878447376125,0.0279746590321479,7.604738935158116,0.3235040082964797,1k-2.5k,borderline,0.0,0.0,0.0
183562,Star Wars: X-Wing Miniatures Game – The Force Awakens Core Set,2015.0,3085,7.888356793579077,7.559776401579935,0.3285803919991421,7.543073104207499,0.3452836893715778,0.0214868578980882,7.846242552098824,0.2864661505188892,2.5k-5k,exclude,0.0,0.0,0.0
193238,Tunisia II,2016.0,219,8.677784566320554,8.331377954304315,0.3464066120162385,8.384281308674693,0.2935032576458614,0.0806451842398444,8.51972000521046,0.1883420509061434,200-499,eligible,0.0,0.0,0.0
197065,Valley of the Kings: Last Rites,2016.0,755,7.762494425112055,7.09507168177883,0.6674227433332254,7.161353750096447,0.6011406750156079,0.0434337192734943,7.677364335336006,0.5822926535571764,500-999,eligible,0.0,0.0,0.0
197333,Deadzone (Second Edition),2016.0,175,7.997902687747038,7.2261972867152835,0.7717054010317543,7.13042239520129,0.8674802925457481,0.0902155646151778,7.821080181101289,0.5948828943860058,100-199,eligible,0.0,0.0,0.0
198287,Legends of Andor: The Last Hope,2016.0,975,7.922664408021986,7.502210080220667,0.4204543278013188,7.343214348109953,0.5794500599120331,0.0382206605062568,7.847751913429723,0.3455418332090553,500-999,eligible,0.0,1.0,0.0
198707,Hostage Negotiator: Crime Wave,2017.0,891,7.539849145545836,7.130897251749008,0.4089518937968277,7.144359416081597,0.3954897294642387,0.0399817356912453,7.461484943590995,0.3305876918419868,500-999,eligible,0.0,0.0,0.0
209951,Thunder in the East,2018.0,154,8.527269056522512,8.189043838724203,0.3382252177983087,8.241870093302362,0.2853989632201497,0.0961701150119088,8.33877563109917,0.1497317923749673,100-199,eligible,0.0,0.0,0.0
210113,Tank Chess,2016.0,166,7.536318287120873,6.937033803426093,0.5992844836947802,7.012596290749492,0.5237219963713811,0.092628888299317,7.354765666054212,0.4177318626281187,100-199,eligible,0.0,0.0,0.0
210290,Legendary: Buffy The Vampire Slayer,2017.0,1092,7.640807820637732,6.886187477047743,0.7546203435899885,7.049795529953116,0.591012290684616,0.0361151295157799,7.570022166786803,0.6838346897390599,1k-2.5k,eligible,0.0,1.0,0.0
211453,Ecogon,2015.0,123,7.549245956300528,6.7012747854401695,0.847971170860359,6.634688160875854,0.9145577954246747,0.1076088375982068,7.338332634608043,0.6370578491678737,100-199,eligible,0.0,1.0,0.0
212662,The Red Dragon Inn 6: Villains,2017.0,411,7.672041526060949,6.829705358750999,0.8423361673099494,6.707718793656078,0.9643227324048712,0.0588680411666094,7.556660165374394,0.7269548066233948,200-499,eligible,0.0,0.0,0.0
213788,Ascension: Year Three Collector's Edition,2016.0,218,8.068199869579036,6.901221333323903,1.166978536255133,7.001340943278292,1.0668589263007444,0.0808299386268655,7.909773189870379,1.0085518565464766,200-499,eligible,0.0,0.0,0.0
209324,The World of SMOG: Rise of Moloch,2018.0,912,7.776833270779109,7.225878800421619,0.5509544703574907,7.267264784790452,0.5095684859886571,0.0395187388553771,7.69937654262257,0.4734977422009514,500-999,eligible,0.0,0.0,0.0
209418,Dominion (Second Edition),2016.0,10598,8.1266579001284,7.662225896261679,0.4644320038667207,7.731075588172342,0.3955823119560584,0.0115928052002703,8.10393600193587,0.4417101056741908,10k-25k,exclude,0.0,0.0,0.0
225694,Decrypto,2018.0,23792,8.106573094793184,7.631450537563937,0.4751225572292465,7.68722143504503,0.4193516597481537,0.0077372213272935,8.091408140991689,0.4599576034277512,10k-25k,exclude,0.0,0.0,0.0
227212,For Glory,2020.0,570,8.21297330582367,7.57640049984802,0.6365728059756499,7.810805608771538,0.4021676970521319,0.0499876900161549,8.114997433392007,0.5385969335439862,500-999,eligible,0.0,0.0,0.0
223952,Boast or Nothing,2017.0,364,7.909245967666622,6.584788598099989,1.324457369566633,6.60547318589102,1.303772781775602,0.0625532392432612,7.786641618749829,1.201853020649841,200-499,eligible,0.0,0.0,0.0
224141,DreadBall (Second Edition),2018.0,135,8.375095139399932,7.09134990115022,1.2837452382497112,7.110207334811513,1.2648878045884189,0.1027149387705526,8.173773859409648,1.082423958259428,100-199,eligible,0.0,0.0,0.0
224149,Deadball,2017.0,172,7.871282045940592,6.79172915751969,1.0795528884209018,6.908304838360646,0.9629772075799456,0.09099892720094,7.692924148626749,0.9011949911070594,100-199,eligible,0.0,0.0,0.0
224483,Exceed Fighting System,2016.0,586,8.434270347579723,7.354953735614261,1.0793166119654618,7.316469301625887,1.1178010459538363,0.0493005413177742,8.337641286596885,0.9826875509826244,500-999,eligible,0.0,0.0,0.0
225482,Seas of Strife,2015.0,1743,7.877373449368684,6.737501751508804,1.1398716978598804,6.763396189515543,1.113977259853141,0.028585895535698,7.8213450941187155,1.083843342609912,1k-2.5k,borderline,0.0,0.0,0.0
238094,Mutabo,2017.0,520,7.750460686574232,6.485623853778924,1.264836832795309,6.5101756547746525,1.24028503179958,0.0523357948050593,7.647882528756316,1.1622586749773929,500-999,eligible,0.0,1.0,0.0
253344,Cthulhu: Death May Die,2019.0,13262,8.402802162215716,7.97990622628204,0.4228959359336759,7.963223583368755,0.4395785788469606,0.0103632502144114,8.382490191795469,0.4025839655134295,10k-25k,exclude,0.0,1.0,0.0
254239,Quatre Bras 1815: Last Eagles,2019.0,183,8.347388006185017,7.916253319124936,0.4311346870600818,8.080868642833325,0.2665193633516924,0.0882216042737541,8.17447366180846,0.2582203426835238,100-199,eligible,0.0,0.0,0.0
254640,Just One,2018.0,29898,7.900573889844915,7.550904769044642,0.3496691208002724,7.554201973382293,0.3463719164626218,0.0069020710731786,7.887045830541484,0.3361410614968422,25k+,exclude,0.0,1.0,0.0
267333,Goetia: Nine Kings of Solomon,2021.0,314,8.052888620830666,7.577188176077074,0.4757004447535919,7.435448779493619,0.6174398413370472,0.0673497009695549,7.920883206930338,0.3436950308532642,200-499,eligible,0.0,0.0,0.0
267609,Guards of Atlantis II,2022.0,924,8.913027205983314,8.339816638653728,0.5732105673295855,8.333587220763544,0.5794399852197696,0.0392612850473248,8.836075087290556,0.4962584486368288,500-999,eligible,0.0,0.0,0.0
274429,The Queen of Hansa,2019.0,122,7.575797895885447,6.982451888540627,0.5933460073448202,6.94919248484695,0.6266054110384971,0.1080489573802186,7.364021939420219,0.3815700508795917,100-199,eligible,0.0,0.0,0.0
283474,Star Wars: Legion – Clone Wars Core Set,2019.0,238,8.37609630176314,7.445921183888839,0.9301751178743008,7.417841231572842,0.9582550701902974,0.0773592084466779,8.22447225320765,0.778551069318812,200-499,eligible,0.0,0.0,0.0
289223,AquaSphere,2019.0,149,8.023067748252547,7.64669637366303,0.3763713745895174,7.458064544708094,0.5650032035444532,0.0977703931694625,7.8314377776404,0.1847414039773708,100-199,eligible,0.0,0.0,0.0
289247,Verdun 1916: Steel Inferno,2020.0,326,8.6433834851727,7.755628967285491,0.8877545178872097,7.736233138013269,0.9071503471594315,0.0660985139771559,8.513830397777475,0.758201430491984,200-499,eligible,0.0,0.0,0.0
289850,Dwar7s Spring,2020.0,120,7.661311161487327,7.216259858585529,0.4450513029017982,7.195391208064086,0.4659199534232412,0.1089456446007282,7.4477776980699,0.2315178394843708,100-199,eligible,0.0,0.0,0.0
290357,Hanabi: Grands Feux,2019.0,520,7.815422935857852,7.275038704056923,0.5403842318009291,7.213098469784928,0.6023244660729246,0.0523357948050593,7.712844778039936,0.4378060739830128,500-999,eligible,0.0,1.0,0.0
291155,Enemy Action: Kharkov,2022.0,192,8.986175461811172,8.530683146709723,0.4554923151014485,8.594875590764175,0.3912998710469964,0.0861290945233816,8.817362436545343,0.2866792898356204,100-199,eligible,0.0,0.0,0.0
309752,The Field of the Cloth of Gold,2020.0,459,7.848384092973293,6.940129992819525,0.9082541001537684,6.812157897119928,1.0362261958533656,0.055704996730778,7.739202299380969,0.7990723065614432,200-499,eligible,0.0,0.0,0.0
309917,Hidden Games Crime Scene: The Midnight Crown,2020.0,341,8.200197969827395,7.172898426753939,1.0272995430734555,7.225469776855162,0.9747281929722328,0.0646283854294272,8.073526334385717,0.9006279076317782,200-499,eligible,0.0,1.0,0.0
317434,Exit: The Game – Advent Calendar: The Mystery of the Ice Cave,2020.0,1023,8.187789691245294,7.2990566663980765,0.8887330248472178,7.308177643704084,0.8796120475412099,0.0373132157249707,8.114655788424352,0.8155991220262753,1k-2.5k,eligible,0.0,1.0,0.0
324150,Reign of Witches,2020.0,242,7.851684735945321,7.13480707239566,0.7168776635496616,7.233544161763968,0.6181405741813535,0.0767172122146277,7.701319000004651,0.5665119276089914,200-499,eligible,0.0,0.0,0.0
324345,Cat in the box,2020.0,910,7.663204859980142,7.254710685834651,0.408494174145491,7.256985495376545,0.4062193646035963,0.0395621422060265,7.585663061256329,0.330952375421679,500-999,eligible,0.0,0.0,0.0
342062,Artisans of Splendent Vale,2022.0,356,8.07244028808164,7.708564656466645,0.3638756316149951,7.844548248189282,0.2278920398923585,0.0632521798109122,7.948466015652253,0.2399013591856072,200-499,eligible,0.0,1.0,1.0
342075,Crossbows & Catapults: Fortress War,2024.0,181,7.675318534694919,7.160866807156824,0.5144517275380958,7.169186991943708,0.5061315427512119,0.0887076773975098,7.5014514869958,0.3405846798389765,100-199,eligible,0.0,0.0,0.0
342492,A game about WEE WHIMSICAL CREATURES and trying to identify them after someone makes noises.,2021.0,127,7.593953939297365,6.557381410190526,1.0365725291068388,6.605582137096926,0.9883718022004392,0.1059006523477852,7.386388660695706,0.8290072505051798,100-199,eligible,0.0,0.0,0.0
347137,Chronicles of Avel,2021.0,2256,7.687262217863344,7.334550366288672,0.3527118515746714,7.479435028714565,0.2078271891487784,0.0251264392807488,7.638014396873076,0.3034640305844037,1k-2.5k,borderline,0.0,1.0,0.0
347218,Dickory,2021.0,160,7.999754134752189,7.06201639587418,0.9377377388780096,7.040635919174241,0.9591182155779484,0.0943496958559016,7.8148287308746225,0.7528123350004425,100-199,eligible,0.0,0.0,0.0
347747,Mythic Mischief: Headmaster's Box,2022.0,157,8.074593038211697,7.198341036815114,0.8762520013965833,7.253394367609378,0.8211986706023193,0.095246860532917,7.8879091915671795,0.6895681547520659,100-199,eligible,0.0,0.0,0.0
347811,Too Many Bones: Unbreakable,2023.0,849,9.131088034214466,8.426332116721625,0.7047559174928413,8.475730037405858,0.6553579968086076,0.0409587459045469,9.050808892241552,0.6244767755199293,500-999,eligible,0.0,1.0,0.0
348877,Lobotomy II: Manhunt,2022.0,281,8.231947473522569,7.653826360440664,0.5781211130819042,7.653479972927162,0.5784675005954067,0.0711946461584255,8.092405967052054,0.43857960661139,200-499,eligible,0.0,1.0,0.0
349523,Resident Evil: The Board Game,2023.0,326,8.120597017619167,7.676511483784747,0.4440855338344196,7.801435831060147,0.31916118655902,0.0660985139771559,7.991043930223941,0.3145324464391938,200-499,eligible,0.0,1.0,0.0
350079,Puzzle Strike 2,2022.0,342,7.873512052775356,7.521475637065999,0.3520364157093576,7.568229011954994,0.3052830408203624,0.0645338303159822,7.747025745356031,0.2255501082900323,200-499,eligible,0.0,0.0,0.0
360366,Tainted Grail: Kings of Ruin,2024.0,518,8.919952127129138,8.173690951156411,0.7462611759727267,8.06305189367595,0.856900233453187,0.0524367318222743,8.81717613275748,0.6434851816010689,500-999,eligible,0.0,1.0,0.0
362366,Junk Drawer,2023.0,351,7.666202323285754,6.990979902020253,0.6752224212655005,7.000485091599357,0.6657172316863971,0.0637011008437614,7.541348165631981,0.550368263611728,200-499,eligible,0.0,0.0,0.0
368028,RUN,2023.0,253,7.849471146630513,7.51823414438978,0.3312370022407336,7.517230869873533,0.3322402767569805,0.0750309137158037,7.702410555747538,0.1841764113577582,200-499,eligible,0.0,0.0,0.0
368036,Unlock!: Short Adventures – The Flight of the Angel,2022.0,394,7.706768173462389,7.341304850554028,0.3654633229083606,7.293730394842935,0.4130377786194534,0.0601246255894751,7.588923907307017,0.2476190567529892,200-499,eligible,0.0,1.0,0.0
398774,Reif für die Insel,2023.0,103,7.691181444804089,7.05321212055534,0.6379693242487487,7.149396966714866,0.5417844780892231,0.1175931119315639,7.460698945418223,0.4074868248628833,100-199,eligible,0.0,0.0,0.0
401168,nana: Christmas Edition,2022.0,100,8.160131243453613,6.6853435039208975,1.4747877395327151,6.678437494752272,1.4816937487013409,0.1193439741795195,7.926217054061754,1.240873550140857,100-199,eligible,0.0,0.0,0.0
401177,Passo,2023.0,104,7.596594111197918,7.037582628506318,0.5590114826916004,6.922898666731157,0.6736954444667607,0.1170263948405929,7.367222377310356,0.3296397488040382,100-199,eligible,0.0,0.0,0.0
406652,Compile: Main 1,2024.0,558,8.368811111703025,7.814840129368337,0.5539709823346879,7.818808892349583,0.5500022193534413,0.0505223329250214,8.269787339169982,0.4549472098016459,500-999,eligible,0.0,0.0,0.0
407805,Caution Signs,2024.0,171,7.683736369409588,7.00608577781035,0.6776505915992379,7.020065430297629,0.6636709391119586,0.0912646180647461,7.504857718002685,0.4987719401923355,100-199,eligible,0.0,0.0,0.0
66,Löwenherz,1997.0,2649,7.505292616135361,7.1470099397296405,0.3582826764057207,7.129251887306518,0.3760407288288432,0.0231877984447489,7.459844531183653,0.3128345914540129,2.5k-5k,exclude,0.0,0.0,0.0
155,Was sticht?,1993.0,683,7.534872568565166,6.6352441163953735,0.8996284521697921,6.651756263774795,0.883116304790371,0.0456657026036423,7.445367791462027,0.8101236750666532,500-999,eligible,0.0,0.0,0.0
1634,Warhammer Quest,1995.0,2362,7.594514876413053,6.972105972022396,0.6224089043906567,6.992661584277201,0.6018532921358517,0.024556165358439,7.546384792310512,0.5742788202881162,1k-2.5k,borderline,0.0,1.0,0.0
1662,"Napoléon: The Waterloo Campaign, 1815",1974.0,1343,7.707277424884571,6.95297031016154,0.7543071147230309,7.003567059860163,0.7037103650244072,0.0325658553502835,7.643448348398015,0.6904780382364751,1k-2.5k,eligible,0.0,0.0,0.0
1796,Pampas Railroads,2001.0,240,7.888392436136963,6.923607390317548,0.9647850458194148,6.977492763950057,0.9108996721869058,0.0770362040779144,7.73740147614425,0.8137940858267025,200-499,eligible,0.0,0.0,0.0
2653,Survive: Escape from Atlantis!,1982.0,26095,7.50180384062405,6.987672887513206,0.5141309531108442,7.067527073555864,0.4342767670681864,0.0073879142367348,7.48732352872005,0.4996506412068439,25k+,exclude,0.0,0.0,0.0
3553,Close Action: The Age of Fighting Sail Vol. 1,1997.0,369,8.098228262238123,7.189452190487996,0.9087760717501272,7.363462799821274,0.7347654624168491,0.0621279913545074,7.976457399183289,0.7870052086952927,200-499,eligible,0.0,0.0,0.0
3828,Locomotive Werks,2002.0,570,7.569011550566273,6.900598406460881,0.6684131441053918,6.9467248571427085,0.6222866934235647,0.0499876900161549,7.4710356781346094,0.570437271673728,500-999,eligible,0.0,0.0,0.0
6495,Iron Tide: Panzers in the Ardennes,2003.0,104,8.051432964985917,7.165777862320731,0.8856551026651864,7.252474494096747,0.7989584708891702,0.1170263948405929,7.822061231098355,0.6562833687776242,100-199,eligible,0.0,0.0,0.0
11269,"Roads to Leningrad: Battles of Soltsy and Staraya Russa, 1941",2004.0,261,7.812591057723592,7.341785189323151,0.4708058684004417,7.27473385037146,0.5378572073521326,0.0738720654821974,7.667801809378486,0.3260166200553347,200-499,eligible,0.0,0.0,0.0
11437,La Bataille de Lützen,1999.0,154,7.843814271003993,7.397767199197059,0.4460470718069338,7.408759501846376,0.4350547691576167,0.0961701150119088,7.655320845580651,0.2575536463835924,100-199,eligible,0.0,0.0,0.0
12071,Second Season Pro Football Game,1999.0,132,8.079682206743014,6.591765667595162,1.487916539147852,6.723187363347767,1.3564948433952466,0.1038755963880404,7.876086037822454,1.2843203702272927,100-199,eligible,0.0,0.0,0.0
12134,This Hallowed Ground,1998.0,124,8.261459988677476,7.490034962150826,0.77142502652665,7.487761598840157,0.7736983898373193,0.1071740526379411,8.051398845507112,0.5613638833562854,100-199,eligible,0.0,0.0,0.0
12166,Funkenschlag,2001.0,897,7.979448127313571,7.158253164136873,0.8211949631766977,7.276769658954349,0.7026784683592222,0.0398477931516826,7.901346452736273,0.7430932885993997,500-999,eligible,0.0,0.0,0.0
12234,"DAK2: The Campaign in North Africa, 1940-1942",2004.0,282,8.613507545883223,7.9449812775899264,0.6685262682932969,7.987910924554228,0.6255966213289952,0.0710683024099581,8.474213673159705,0.5292323955697789,200-499,eligible,0.0,0.0,0.0
13016,"White Death: Velikiye Luki, The Stalingrad of the North",1979.0,125,7.736589706848453,6.97431008194051,0.7622796249079427,6.9387960195868885,0.7977936872615645,0.1067444955881541,7.527370495495671,0.5530604135551607,100-199,eligible,0.0,0.0,0.0
15999,1825 Unit 3,2004.0,177,8.192198155358234,7.841226774967655,0.3509713803905789,7.792039212653372,0.4001589427048619,0.089704424158108,8.016377484008343,0.1751507090406872,100-199,eligible,1.0,0.0,0.0
21358,Savage Worlds,2003.0,173,8.245398882021961,6.901853827967456,1.3435450540545055,6.874516889139734,1.370881992882227,0.0907355433570639,8.067557217042117,1.1657033890746602,100-199,eligible,0.0,0.0,0.0
25277,Richard III: The Wars of the Roses,2009.0,984,7.832827806466339,7.354554052003188,0.4782737544631512,7.191369657141118,0.6414581493252207,0.0380454693906469,7.758258686460671,0.4037046344574831,500-999,eligible,0.0,0.0,0.0
38986,18NEB,2010.0,190,8.398009941750434,8.018926358790747,0.3790835829596872,8.009776846008666,0.3882330957417679,0.0865812188609838,8.228310752782905,0.2093843939921588,100-199,eligible,1.0,0.0,0.0
39019,Nothing Gained But Glory,2010.0,240,8.141866455253515,7.735608383562559,0.4062580716909565,7.841564942501648,0.3003015127518669,0.0770362040779144,7.990875495260803,0.2552671116982441,200-499,eligible,0.0,0.0,0.0
39328,Baltic Gap: Summer 1944,2009.0,262,8.340935471475946,7.968254340067096,0.37268113140885,8.031456454404491,0.309479017071455,0.0737309534804105,8.196422802654341,0.2281684625872454,200-499,eligible,0.0,0.0,0.0
39336,Mégawatts,2008.0,441,8.14642804889953,6.884388720284633,1.2620393286148968,7.015449594643865,1.130978454255665,0.0568304638950092,8.035040339665311,1.1506516193806786,200-499,eligible,0.0,0.0,0.0
43262,Neuroshima Hex! Duel,2009.0,838,7.799905259887792,6.950058942461677,0.849846317426115,7.08297538282533,0.7169298770624621,0.041226691791911,7.719100943975646,0.7690420015139693,500-999,eligible,0.0,0.0,0.0
58421,Egizia,2009.0,5473,7.870552718410423,7.5196708912780625,0.3508818271323601,7.483834557552097,0.3867181608583259,0.0161319835981255,7.838934030558097,0.3192631392800341,5k-10k,exclude,0.0,0.0,0.0
66362,Glen More,2010.0,9319,7.748271067580021,7.397517108134833,0.3507539594451874,7.373919420466697,0.3743516471133237,0.0123627714341752,7.724040035569037,0.3265229274342038,5k-10k,exclude,0.0,0.0,0.0
66589,Navegador,2010.0,9364,8.019705636396646,7.541726678187956,0.4779789582086895,7.479523750836215,0.5401818855604308,0.01233303015378,7.995532897295237,0.4538062191072806,5k-10k,exclude,0.0,0.0,0.0
75449,Firenze,2010.0,3294,7.700950687176687,7.216932957072835,0.4840177301038517,7.230898811028318,0.4700518761483687,0.0207940315430425,7.660194385352323,0.4432614282794883,2.5k-5k,exclude,0.0,0.0,0.0
78733,Key Market,2010.0,739,7.961771857403485,7.332146283272246,0.6296255741312384,7.060712479143177,0.9010593782603076,0.0439013905676142,7.875725131890961,0.5435788486187146,500-999,eligible,0.0,0.0,0.0
123123,BattleCON: Devastation of Indines,2013.0,3237,8.143772204451041,7.603803559212777,0.5399686452382646,7.591105198667936,0.5526670057831051,0.0209763125839323,8.102658631786534,0.4988550725737571,2.5k-5k,exclude,0.0,0.0,0.0
129165,Wings of Glory: WW1 Duel Pack,2013.0,249,7.923116268152656,7.183637966824021,0.739478301328635,7.302625394305942,0.6204908738467143,0.0756311705915286,7.77487917379326,0.5912412069692389,200-499,eligible,0.0,0.0,0.0
141067,History Maker Baseball,2013.0,207,8.227778046143344,6.730568917322557,1.4972091288207867,6.853368202732293,1.3744098434110512,0.0829497961576172,8.065196445674415,1.334627528351857,200-499,eligible,0.0,0.0,0.0
154086,Gold West,2015.0,3243,7.767881616876754,7.314776347432481,0.453105269444273,7.360942952829969,0.4069386640467849,0.020956899055864,7.7268060947272605,0.4120297472947794,2.5k-5k,exclude,0.0,0.0,0.0
158816,Longstreet Attacks: The Second Day at Gettysburg,2018.0,186,8.628390773053367,7.810023270149577,0.81836750290379,7.819908115648088,0.8084826574052784,0.087507247543047,8.456876567868994,0.6468532977194178,100-199,eligible,0.0,0.0,0.0
178591,Lunarchitects,2016.0,492,7.66981731128846,6.884498519515468,0.7853187917729922,6.953801702227313,0.7160156090611469,0.0538044187991034,7.564360650442217,0.6798621309267495,200-499,eligible,0.0,0.0,0.0
178754,Z War One: Damnation,2016.0,118,7.749600050956229,6.915902764873753,0.8336972860824758,6.920270402716456,0.8293296482397725,0.1098650334287785,7.534264585435823,0.6183618205620699,100-199,eligible,0.0,1.0,0.0
189190,9 Lives,2015.0,852,7.69336308968328,6.710166694618366,0.9831963950649144,6.735384630651954,0.9579784590313264,0.0408865718468776,7.6132254088634,0.9030587142450344,500-999,eligible,0.0,0.0,0.0
189932,Tyrants of the Underdark,2016.0,9452,8.313463990652801,7.648483111833217,0.6649808788195841,7.7575712850645715,0.5558927055882297,0.0122754844181219,8.289404041193283,0.6409209293600652,5k-10k,exclude,0.0,0.0,0.0
196202,Rum & Bones: Second Tide,2017.0,1556,7.829080034014519,7.331494793480136,0.4975852405343834,7.337281130203083,0.4917989038114365,0.0302548984465391,7.769780433059303,0.4382856395791666,1k-2.5k,eligible,0.0,0.0,0.0
206150,1754: Conquest – The French and Indian War,2017.0,922,8.051588535428424,7.497109929549918,0.5544786058785061,7.426583141182254,0.6250053942461697,0.0393038447184087,7.974552999780343,0.4774430702304249,500-999,eligible,0.0,0.0,0.0
207230,"Thunder in the Ozarks: Battle for Pea Ridge, March 1862",2016.0,159,8.362664340117616,7.710199127184733,0.6524652129328832,7.723281627673904,0.6393827124437124,0.0946459279689731,8.177158321298428,0.4669591941136957,100-199,eligible,0.0,0.0,0.0
220224,Maniacal,2019.0,113,7.6939230902337234,7.145886406503603,0.5480366837301203,7.113976748241626,0.5799463419920974,0.1122693670265072,7.473875130861769,0.3279887243581662,100-199,eligible,0.0,0.0,0.0
232139,Autumn For Barbarossa,2017.0,189,7.784313327400052,7.37684588040438,0.407467446995672,7.470576295281514,0.3137370321185377,0.0868099675261116,7.614165791048873,0.2373199106444932,100-199,eligible,0.0,0.0,0.0
232267,"Red Typhoon: The Soviet Winter Counter-Offensive, 1942",2017.0,119,7.858395653549127,7.136923516827014,0.7214721367221131,7.14974362778448,0.708652025764648,0.1094024417597391,7.643966867700039,0.5070433508730243,100-199,eligible,0.0,0.0,0.0
241590,Smart10,2017.0,3374,7.757835146620193,6.937220757323615,0.820614389296578,7.010548124060531,0.7472870225596626,0.0205460318361831,7.717564924221274,0.7803441668976592,2.5k-5k,exclude,0.0,0.0,0.0
249552,Ascension: Delirium,2018.0,280,7.993049940944362,6.845732317725648,1.147317623218714,6.938965419201779,1.0540845217425838,0.0713216661455134,7.853259475299156,1.007527157573508,200-499,eligible,0.0,0.0,0.0
255570,Brotherhood & Unity,2020.0,595,8.536690983003801,8.104084540316785,0.4326064426870157,8.120438351179539,0.4162526318242623,0.0489262593358477,8.44079551470554,0.3367109743887542,500-999,eligible,0.0,0.0,0.0
259038,Bastille,2018.0,435,7.535121758793507,7.1491514437421735,0.3859703150513338,7.013921400608179,0.521200358185328,0.0572210558724988,7.422968489283409,0.2738170455412361,200-499,eligible,0.0,0.0,0.0
259435,Middle-earth Strategy Battle Game: The Lord of the Rings – Battle of Pelennor Fields,2018.0,116,8.568697868859607,7.5568226199453665,1.0118752489142402,7.526871243843892,1.0418266250157142,0.1108080982232961,8.351513996341946,0.7946913763965798,100-199,eligible,0.0,0.0,0.0
260561,WARIGIN,2018.0,120,8.021273379673282,7.340509058316229,0.6807643213570529,7.331796235119235,0.6894771445540471,0.1089456446007282,7.807739916255855,0.4672308579396256,100-199,eligible,0.0,0.0,0.0
260799,Trans Europa & Trans Amerika,2018.0,204,7.5202392634172925,6.651990016739395,0.8682492466778973,6.697809066488592,0.8224301969287007,0.0835574950961671,7.356466573028805,0.7044765562894097,200-499,eligible,0.0,0.0,0.0
270847,Set & Match,2017.0,1308,7.644645121468904,6.907395485027401,0.7372496364415033,7.037677822590784,0.6069672988781205,0.0329986842627168,7.579967700313979,0.6725722152865783,1k-2.5k,eligible,0.0,0.0,0.0
271064,Ascension: Skulls & Sails,2019.0,417,7.5684919151370735,7.005896242777089,0.5625956723599845,7.081080213953861,0.4874117011832126,0.0584429955984737,7.453943643764065,0.448047400986976,200-499,eligible,0.0,0.0,0.0
276337,Napoleon Returns 1815,2020.0,158,7.689043833203588,7.326859362001464,0.3621844712021236,7.377196644714536,0.3118471884890521,0.0949449679809969,7.502951695960833,0.1760923339593695,100-199,eligible,0.0,0.0,0.0
292811,American Bookshop,2019.0,537,7.859503837967489,6.922024001760073,0.937479836207416,6.942371990697751,0.9171318472697384,0.0515007262029792,7.75856241460965,0.8365384128495766,500-999,eligible,0.0,0.0,0.0
298586,Demeter,2020.0,848,7.59105695962325,7.083510834868079,0.5075461247551711,7.1245942121600425,0.4664627474632077,0.0409828889929414,7.510730497197085,0.4272196623290059,500-999,eligible,0.0,0.0,0.0
299104,Apex Theropod Deck Building Game: Collected Edition,2020.0,576,8.027282217119607,7.598988427606365,0.4282937895132424,7.6841092040782595,0.3431730130413477,0.0497266559081331,7.929817971539666,0.3308295439333014,500-999,eligible,0.0,0.0,0.0
309058,Dog Tag Trick,2020.0,175,7.77296092011273,6.91565356778492,0.8573073523278101,6.924163236835339,0.8487976832773914,0.0902155646151778,7.596138413466981,0.6804848456820616,100-199,eligible,0.0,0.0,0.0
316554,Dune: Imperium,2020.0,46940,8.691736482193742,8.0949071193871,0.5968293628066412,8.088918118796537,0.6028183633972048,0.0055084441845964,8.680939931591933,0.5860328122048322,25k+,exclude,0.0,0.0,0.0
315767,Cartographers Heroes,2021.0,4847,8.01296815509824,7.271675043134227,0.7412931119640138,7.371812313100634,0.6411558419976071,0.0171420984888562,7.979369642060083,0.7076945989258556,2.5k-5k,exclude,0.0,0.0,0.0
315975,Dungeon Fighter in the Labyrinth of Sinister Storms,2022.0,158,7.871822846151918,7.155774334787594,0.716048511364324,7.157688439119832,0.7141344070320859,0.0949449679809969,7.685730708909164,0.5299563741215699,100-199,eligible,0.0,1.0,0.0
316410,The Third World War: Designer Signature Edition,2022.0,120,8.787755641726445,8.204908038651093,0.5828476030753524,8.321482671782354,0.4662729699440913,0.1089456446007282,8.574222178309018,0.3693141396579251,100-199,eligible,0.0,0.0,0.0
334590,For Northwood! A Solo Trick-Taking Game,2021.0,3530,8.114709738700897,7.635546576216651,0.4791631624842463,7.707655143197767,0.4070545955031299,0.0200869104370342,8.07533939424431,0.4397928180276592,2.5k-5k,exclude,0.0,0.0,0.0
335678,Let's Make a Bus Route: The Dice Game,2021.0,251,7.813586192635576,7.311162744245236,0.5024234483903403,7.3207504883376675,0.4928357042979083,0.0753292485455614,7.6659408654862755,0.3547781212410398,200-499,eligible,0.0,0.0,0.0
336755,King of Tokyo: Monster Box,2021.0,1226,7.808109211106896,6.806747998364193,1.0013612127427036,6.797137187164701,1.0109720239421955,0.0340843691876049,7.741303847499191,0.934555849134998,1k-2.5k,eligible,0.0,0.0,0.0
345266,Tales from the Red Dragon Inn,2023.0,519,8.660438543475616,7.853442801964242,0.8069957415113738,7.915743149893171,0.744695393582445,0.0523861903822678,8.55776161032637,0.7043188083621288,500-999,eligible,0.0,1.0,0.0
345888,Siege of Valeria,2022.0,359,7.846460476051118,7.418802655075369,0.4276578209757486,7.411580066469577,0.4348804095815408,0.0629873404908189,7.723005288689113,0.3042026336137436,200-499,eligible,0.0,0.0,0.0
345976,System Gateway (fan expansion for Android: Netrunner),2021.0,660,9.452369137041869,8.085282483094607,1.3670866539472597,7.978716081701878,1.4736530553399891,0.0464545789453979,9.361318162308889,1.2760356792142795,500-999,eligible,0.0,0.0,0.0
358737,Leviathan Wilds,2024.0,744,8.273762747754583,7.947575144996493,0.3261876027580896,7.999365428486785,0.2743973192677984,0.0437536237715235,8.188005645162397,0.2404305001659035,500-999,eligible,0.0,1.0,0.0
358816,Rear Window,2022.0,1481,7.759508575313373,7.265631106258963,0.4938774690544099,7.2937448470671296,0.4657637282462437,0.0310115138089267,7.698726008247877,0.4330949019889133,1k-2.5k,eligible,0.0,1.0,0.0
359124,The Animals of Baker Street,2022.0,569,7.835789602412898,7.385103337188823,0.4506862652240748,7.406307943491871,0.4294816589210271,0.050031596647383,7.737727672984027,0.352624335795204,500-999,eligible,0.0,1.0,0.0
368789,AFU: Armed Forces of Ukraine,2022.0,162,8.083192459545696,7.726186884354176,0.3570055751915202,7.711745864809846,0.3714465947358505,0.093765481595656,7.89941211561821,0.1732252312640343,100-199,eligible,0.0,0.0,0.0
369509,Of What's Left,2023.0,117,8.542877580824095,7.307766693844899,1.2351108869791965,7.294605047839783,1.2482725329843127,0.1103335431594635,8.326623836231546,1.018857142386648,100-199,eligible,0.0,0.0,0.0
370597,Fugitive (Second Edition),2023.0,470,7.817235179121694,7.353892902135495,0.4633422769861983,7.349955035542823,0.4672801435788702,0.0550492703354,7.709338609264309,0.3554457071288142,200-499,eligible,0.0,0.0,0.0
372197,Snakes of Wrath,2022.0,110,7.737679423200105,7.170333852381171,0.5673455708189339,7.19953110662026,0.5381483165798455,0.1137900146320637,7.5146509945212605,0.3443171421400889,100-199,eligible,0.0,0.0,0.0
373544,Tether,2024.0,141,7.535945263291769,7.182919294287418,0.3530259690043511,7.167429128132053,0.3685161351597159,0.1005057571229953,7.3389539793306975,0.1560346850432802,100-199,eligible,0.0,0.0,0.0
373835,Unlock! Kids: Stories from the Past,2022.0,252,8.076560191133414,6.870594022327142,1.2059661688062722,6.957924254783178,1.1186359363502358,0.0751796371793148,7.929208102261956,1.0586140799348152,200-499,eligible,0.0,0.0,0.0
387144,R-ECO+,2023.0,160,7.86121190193292,7.195503406568035,0.6657084953648855,7.211851619044271,0.6493602828886491,0.0943496958559016,7.676286498055354,0.4807830914873184,100-199,eligible,0.0,0.0,0.0
388329,Waypoints,2023.0,603,7.917286870276495,7.349355873932021,0.5679309963444741,7.42962665031655,0.4876602199599453,0.0486006233759504,7.822029648459632,0.4726737745276112,500-999,eligible,0.0,0.0,0.0
388476,Spectral,2024.0,370,7.822667522018296,7.471535479691179,0.3511320423271176,7.490637942757328,0.3320295792609684,0.0620439778051147,7.701061325520271,0.2295258458290926,200-499,eligible,0.0,0.0,0.0
388570,Jokkmokk: The Winter Market,2023.0,276,7.501489744410001,6.993783779943332,0.5077059644666688,7.007652006642786,0.4938377377672145,0.0718366307112373,7.360689948215976,0.3669061682726436,200-499,eligible,0.0,0.0,0.0
389102,Bier Pioniere,2023.0,435,8.289582984071538,7.944980755977403,0.3446022280941356,7.970705409870701,0.3188775742008367,0.0572210558724988,8.177429714561441,0.2324489585840379,200-499,eligible,0.0,0.0,0.0
390903,Villagers of the Oak Dell,2023.0,118,7.605856445667211,6.943114327975598,0.6627421176916126,6.9885165916528855,0.6173398540143253,0.1098650334287785,7.390520980146805,0.4474066521712067,100-199,eligible,0.0,0.0,0.0
392842,Wonder Bowling,2023.0,305,7.564975358105642,7.062081072879852,0.5028942852257892,6.983698278354453,0.5812770797511888,0.0683361608255901,7.431036482887485,0.3689554100076324,200-499,eligible,0.0,0.0,0.0
393307,Tower Up,2024.0,737,8.003287126111962,7.594933228054341,0.4083538980576211,7.65044181302088,0.3528453130910822,0.0439609179042009,7.917123727019728,0.3221904989653873,500-999,eligible,0.0,0.0,0.0
230,Merchant of Venus,1988.0,2724,7.572861809956566,6.850453774169441,0.722408035787125,6.633592654684694,0.9392691552718722,0.0228663551368663,7.528043753888308,0.6775899797188669,2.5k-5k,exclude,0.0,0.0,0.0
620,We the People,1993.0,1124,7.748143834985115,7.283691452234985,0.4644523827501299,7.302215604052492,0.4459282309326227,0.0355973230792127,7.678373081749857,0.3946816295148728,1k-2.5k,eligible,0.0,0.0,0.0
1883,Cataphract,1999.0,329,7.762127690526863,7.331164759380149,0.4309629311467136,7.374771115383181,0.3873565751436816,0.0657964628278533,7.6331666233842705,0.302001864004121,200-499,eligible,0.0,0.0,0.0
2251,Strat-O-Matic Baseball,1962.0,1071,7.917105514613079,6.4764231790172975,1.440682335595782,6.58832958080783,1.3287759338052494,0.0364674805865797,7.845629252663383,1.3692060736460858,1k-2.5k,eligible,0.0,0.0,0.0
4485,Hotel Life,1989.0,139,7.704084067024758,6.095137080326529,1.608946986698229,6.166056881299658,1.5380271857250998,0.1012262377230807,7.50568064108752,1.410543560760991,100-199,eligible,0.0,0.0,0.0
6431,Air & Armor,1986.0,152,7.836376387763832,7.170236243326981,0.6661401444368513,7.278946533248813,0.5574298545150187,0.0968007454739734,7.646646926634844,0.4764106833078634,100-199,eligible,0.0,0.0,0.0
15369,The Devil's Cauldron: The Battles for Arnhem and Nijmegen,2008.0,398,8.513942371205532,7.815264326407842,0.6986780447976901,7.78645616309964,0.7274862081058924,0.059821728823544,8.396691782711386,0.5814274563035438,200-499,eligible,0.0,0.0,0.0
18748,Unhappy King Charles!,2008.0,717,8.077601519772793,7.642154213768128,0.4354473060046651,7.554467409096427,0.5231341106763665,0.0445698238862338,7.990244664955775,0.3480904511876467,500-999,eligible,0.0,0.0,0.0
22143,EastFront: The War in Russia 1941-45 – Second Edition,2006.0,588,8.477999142082737,7.766629528691665,0.7113696133910725,7.844043120920949,0.6339560211617883,0.0492166254419323,8.38153455621655,0.6149050275248851,500-999,eligible,0.0,0.0,0.0
24508,Taluva,2006.0,8769,7.546837009963239,7.190525681169309,0.3563113287939305,7.30800217010394,0.2388348398592992,0.0127445780345095,7.5218576370156,0.3313319558462918,5k-10k,exclude,0.0,0.0,0.0
29199,Victoria Cross II: Battle of Isandlwana & Rorke's Drift,2011.0,146,7.504338904385589,6.79879757443997,0.7055413299456195,6.946143634019851,0.5581952703657382,0.0987697758001792,7.310750143817238,0.5119525693772681,100-199,eligible,0.0,0.0,0.0
29285,Case Blue,2007.0,291,8.555157934355043,7.960293869759026,0.5948640645960168,7.965006150844879,0.590151783510164,0.0699606766645972,8.418035008092431,0.4577411383334062,200-499,eligible,0.0,0.0,0.0
33434,Funkenschlag: EnBW,2007.0,198,8.694110770076955,6.795378128061499,1.8987326420154569,6.92065905826278,1.7734517118141753,0.0848140692926634,8.527875194263334,1.7324970662018364,100-199,eligible,0.0,0.0,0.0
33665,Battle Above the Clouds,2010.0,305,8.479529530827948,7.675726300443239,0.8038032303847089,7.689154002014934,0.7903755288130139,0.0683361608255901,8.345590655609792,0.6698643551665522,200-499,eligible,0.0,0.0,0.0
36597,Serpents of the Seas,2010.0,170,7.881762407419728,7.220414713868346,0.6613476935513827,7.343585209469833,0.5381771979498957,0.091532649825596,7.70235841376156,0.4819436998932144,100-199,eligible,0.0,0.0,0.0
36932,Claustrophobia,2009.0,6936,7.746584721034853,7.159770781911679,0.5868139391231741,7.247879826943313,0.4987048940915395,0.0143299921870447,7.718497936348244,0.5587271544365664,5k-10k,exclude,0.0,0.0,0.0
54138,Imperial 2030,2009.0,6911,8.1472359842864,7.761203923933868,0.386032060352532,7.68021658746664,0.4670193968197598,0.0143558876004591,8.1190984445895,0.3578945206556321,5k-10k,exclude,0.0,0.0,0.0
84834,Heights of Courage: The Battle for the Golan Heights,2013.0,189,7.666020812171393,7.061102543217817,0.6049182689535755,7.20983620424936,0.4561846079220331,0.0868099675261116,7.495873275820214,0.4347707326023966,100-199,eligible,0.0,0.0,0.0
84838,Yomi (Second Edition),2014.0,559,7.800413628003603,7.141050850384474,0.6593627776191289,7.159503697913808,0.6409099300897951,0.0504771227746467,7.701478467365295,0.5604276169808212,500-999,eligible,0.0,0.0,0.0
84889,Cave Evil,2011.0,538,8.138333952756502,7.167863036088816,0.9704709166676864,6.970836579304946,1.1674973734515568,0.0514528408126127,8.037486384763781,0.8696233486749654,500-999,eligible,0.0,0.0,0.0
85204,Kings of War,2012.0,244,7.845892387008329,7.165234945870191,0.6806574411381376,7.116584268232122,0.7293081187762063,0.0764021504636888,7.696144172099498,0.5309092262293075,200-499,eligible,0.0,0.0,0.0
106113,Manoeuvre: Distant Lands,2017.0,124,8.204750188949733,7.081033918417187,1.1237162705325456,6.930680263277244,1.2740699256724888,0.1071740526379411,7.994689045779368,0.913655127362181,100-199,eligible,0.0,0.0,0.0
136955,Hands in the Sea,2016.0,902,8.335593927724478,7.827722668618275,0.5078712591062029,7.945440072563024,0.3901538551614543,0.0397371967875484,8.257709022020883,0.4299863534026079,500-999,eligible,0.0,0.0,0.0
137141,Batman Miniature Game: Rulebook,2012.0,115,7.662070697285697,7.013953543940039,0.648117153345658,7.018815633756928,0.6432550635287688,0.1112888297569097,7.443944590962153,0.4299910470221148,100-199,eligible,0.0,0.0,0.0
142961,Thunderstone Advance: Numenera,2013.0,1367,7.552914860877224,7.147602767559402,0.4053120933178222,7.263881086573276,0.2890337743039479,0.0322787150907893,7.489648579299277,0.3420458117398752,1k-2.5k,eligible,0.0,0.0,0.0
155451,Guild Ball,2015.0,451,8.072521343069054,7.594357953561319,0.4781633895077348,7.606985677683912,0.4655356653851417,0.0561968826276396,7.962375453118881,0.3680174995575612,200-499,eligible,0.0,0.0,0.0
157026,Ascension: Realms Unraveled,2014.0,1154,7.752719945074359,7.000835281021375,0.7518846640529837,7.112262701431519,0.6404572436428406,0.0351315726662445,7.68386206264852,0.6830267816271444,1k-2.5k,eligible,0.0,0.0,0.0
164698,Fresh Fish,2014.0,985,7.824971566951879,7.0003514106981335,0.8246201562537454,7.007390444546006,0.8175811224058727,0.038026152065517,7.750440308903466,0.750088898205332,500-999,eligible,0.0,0.0,0.0
169366,Waterloo 200,2015.0,126,7.970391230352002,7.256858987654754,0.7135322426972479,7.090846121500174,0.8795451088518274,0.1063200625132756,7.762003907825981,0.5051449201712277,100-199,eligible,0.0,0.0,0.0
179803,Arcadia Quest: Inferno,2017.0,2316,7.993907718401735,7.341905476822019,0.6520022415797166,7.402948716201795,0.5909590021999405,0.0247988315342612,7.945302008594584,0.6033965317725645,1k-2.5k,borderline,0.0,0.0,0.0
191597,Dale of Merchants 2,2016.0,2480,7.549460940131631,7.103928156282912,0.4455327838487193,7.138860494094878,0.4106004460367529,0.0239648467122577,7.502489840575606,0.3985616842926942,1k-2.5k,borderline,0.0,0.0,0.0
204493,Sakura Arms,2016.0,648,8.030154120545605,7.467114465375783,0.5630396551698222,7.366656013024015,0.6634981075215904,0.046882740797828,7.938263948581862,0.4711494832060793,500-999,eligible,0.0,0.0,0.0
207729,The Edge: Dawnfall,2018.0,768,8.278303482769774,7.89128416317946,0.3870193195903137,7.9409725459966225,0.3373309367731512,0.0430645472616908,8.19389697013686,0.3026128069573997,500-999,eligible,0.0,1.0,0.0
218074,Detective: City of Angels,2019.0,2952,8.249334673617556,7.727899032195294,0.5214356414222614,7.655290309502185,0.594044364115371,0.0219655619941357,8.20628217210905,0.4783831399137554,2.5k-5k,exclude,0.0,1.0,0.0
218417,Aeon's End: War Eternal,2017.0,5888,8.550321756045818,7.87676552568994,0.673556230355878,7.953202865111697,0.5971188909341212,0.0155530867795532,8.519837705957894,0.6430721802679537,5k-10k,exclude,0.0,1.0,0.0
218421,Street Masters,2018.0,1386,8.207890569923743,7.817876414041397,0.390014155882346,7.956499672712193,0.2513908972115501,0.0320567050039696,8.145059428115962,0.3271830140745655,1k-2.5k,eligible,0.0,1.0,0.0
228371,Iberian Railways,2017.0,163,7.522239090978676,6.949518317754215,0.5727207732244608,7.182137324482202,0.340101766496474,0.0934774149192016,7.339023357737041,0.3895050399828256,100-199,eligible,0.0,0.0,0.0
228399,Okko Chronicles: Cycle of Water – Quest into Darkness,2019.0,162,7.963728745579458,7.329967482696306,0.6337612628831524,7.342856445572304,0.6208723000071545,0.093765481595656,7.779948401651972,0.4499809189556665,100-199,eligible,0.0,0.0,0.0
230650,Table Battles,2017.0,420,7.537354295262745,7.109988702748108,0.4273655925146364,7.145605208915246,0.3917490863474988,0.0582338965538804,7.423215858017139,0.3132271552690308,200-499,eligible,0.0,0.0,0.0
230889,Aristeia!,2017.0,1033,8.27019837327286,7.655386599411525,0.6148117738613355,7.686983647071342,0.5832147262015184,0.0371321704272079,8.197419319235532,0.5420327198240078,1k-2.5k,eligible,0.0,0.0,0.0
249768,My First Adventure: Finding the Dragon,2018.0,100,7.792468060399719,6.154676112180329,1.63779194821939,6.251666618590789,1.54080144180893,0.1193439741795195,7.558553871007861,1.403877758827532,100-199,eligible,0.0,1.0,0.0
250754,Trade on the Tigris,2018.0,464,7.653027550091775,7.291951592032122,0.3610759580596534,7.276803179909905,0.3762243701818706,0.055404049111648,7.544435613832945,0.2524840218008232,200-499,eligible,0.0,0.0,0.0
251551,Dale of Merchants Collection,2019.0,1212,8.059204781078353,7.440405598665535,0.6187991824128183,7.456085183666108,0.6031195974122454,0.0342806608839504,7.99201468574581,0.5516090870802753,1k-2.5k,eligible,0.0,0.0,0.0
251723,Zombicide: Dark Side,2019.0,532,7.895844968057911,7.346356631435388,0.5494883366225238,7.302997161890168,0.5928478061677431,0.0517421749068452,7.794430305240494,0.4480736738051071,500-999,eligible,0.0,1.0,0.0
252432,Zoo Break,2019.0,178,7.970369187843468,6.836759539770428,1.1336096480730395,6.859967883484547,1.1104013043589207,0.0894520905382537,7.79504309038849,0.9582835506180624,100-199,eligible,0.0,1.0,0.0
252657,luz,2014.0,228,8.076977195037024,6.707024291651852,1.3699529033851725,6.714491071167839,1.3624861238691857,0.0790374777107543,7.922063738723946,1.215039447072094,200-499,eligible,0.0,0.0,0.0
256788,Detective Club,2018.0,4339,7.663792281165163,6.993883436318498,0.669908844846665,7.050487584008179,0.613304697156984,0.0181178087420957,7.628281376030656,0.6343979397121574,2.5k-5k,exclude,0.0,0.0,0.0
256885,The Fantasy Trip: Legacy Edition,2019.0,148,8.534328343536563,7.41137290347223,1.122955440064333,7.465353384284079,1.0689749592524844,0.0981001424805485,8.342052064274688,0.9306791608024576,100-199,eligible,0.0,0.0,0.0
256964,Dark Rituals: Malleus Maleficarum,2020.0,221,7.810063490091073,7.374196733568709,0.4358667565223637,7.370798296518357,0.4392651935727159,0.0802794445579611,7.652715778757469,0.2785190451887598,200-499,eligible,0.0,0.0,0.0
266529,Metal Gear Solid: The Board Game,2024.0,111,8.407469562260806,8.006491455195079,0.4009781070657272,8.055281796129819,0.3521877661309869,0.1132762873373707,8.185448039079558,0.1789565838844806,100-199,eligible,0.0,1.0,0.0
271321,CABO (Second Edition),2019.0,1743,7.553740945807379,6.935879277435475,0.617861668371904,6.944056777406004,0.6096841684013752,0.028585895535698,7.497712590557411,0.5618333131219357,1k-2.5k,borderline,0.0,0.0,0.0
271615,The Quest for El Dorado: The Golden Temples,2019.0,1744,8.000784795570118,7.212041707488197,0.7887430880819206,7.316761792398427,0.6840230031716903,0.0285776988629745,7.944772505798688,0.7327307983104905,1k-2.5k,borderline,0.0,0.0,0.0
273910,Stars of Akarios,2022.0,885,8.149223548137313,7.819945477158152,0.3292780709791607,8.001658528280457,0.1475650198568558,0.0401170380600007,8.07059415353971,0.2506486763815592,500-999,eligible,0.0,1.0,0.0
274075,The Quest Kids,2021.0,305,7.5061439005341395,6.482041516768714,1.0241023837654255,6.539370716467774,0.9667731840663656,0.0683361608255901,7.372205025315983,0.890163508547269,200-499,eligible,0.0,0.0,0.0
281194,Flick of Faith,2019.0,2881,7.627339790329198,7.268001847415142,0.3593379429140553,7.28396462188819,0.3433751684410078,0.0222345767463174,7.583760019906416,0.3157581724912731,2.5k-5k,exclude,0.0,0.0,0.0
285533,Miyabi,2019.0,1743,7.769007775947321,7.422762554888511,0.34624522105881,7.375467592007505,0.393540183939816,0.028585895535698,7.712979420697352,0.2902168658088418,1k-2.5k,borderline,0.0,0.0,0.0
294112,"Western Front Ace: The Great War in the Air, 1916-1918",2023.0,132,8.483087164608758,8.022301645268747,0.4607855193400105,7.804430407553056,0.6786567570557018,0.1038755963880404,8.2794909956882,0.2571893504194513,100-199,eligible,0.0,0.0,0.0
294612,Unlock!: Epic Adventures,2019.0,2503,8.075810006786284,7.419233052488842,0.6565769542974422,7.480397974179363,0.5954120326069212,0.0238544864352759,8.029055213373143,0.6098221608843014,2.5k-5k,exclude,0.0,1.0,0.0
296345,Sherlock Holmes Consulting Detective: The Baker Street Irregulars,2020.0,1404,8.414612841517592,7.588212593135744,0.826400248381848,7.583916863518866,0.830695977998726,0.0318505504218807,8.352185762690706,0.7639731695549618,1k-2.5k,eligible,0.0,1.0,0.0
297985,Battle Line: Medieval,2017.0,1829,8.006606602121385,7.122792812289385,0.8838137898320007,7.131212743411046,0.8753938587103391,0.02790574639667,7.951911339183912,0.8291185268945273,1k-2.5k,borderline,0.0,0.0,0.0
298102,Roll Camera!: The Filmmaking Board Game,2021.0,2224,7.683492672528341,7.1376339830372615,0.5458586894910793,7.272630410054298,0.4108622624740432,0.0253065594307701,7.633891816044032,0.4962578330067697,1k-2.5k,borderline,0.0,1.0,0.0
304333,Zoollywood,2021.0,237,7.586973392644097,7.226765430401405,0.3602079622426917,7.265348199276444,0.3216251933676535,0.0775222417327764,7.435029798847855,0.2082643684464498,200-499,eligible,0.0,0.0,0.0
304531,Ascension Tactics: Miniatures Deckbuilding Game,2022.0,831,8.22842485310923,7.765827716545926,0.4625971365633035,7.934609632466056,0.2938152206431734,0.0413999659524235,8.14728091984248,0.3814532032965533,500-999,eligible,0.0,1.0,0.0
304847,Hidden Games Crime Scene: The New Haven Case,2019.0,664,8.372371019768345,7.452577985104154,0.91979303466419,7.495241793589042,0.8771292261793029,0.0463144441496585,8.281594709235014,0.8290167241308594,500-999,eligible,0.0,1.0,0.0
319031,Project L: Kickstarter Edition,2020.0,522,8.183652861272897,7.130137766970531,1.053515094302366,7.155196711631694,1.0284561496412028,0.0522354384427184,8.081271401925168,0.9511336349546378,500-999,eligible,0.0,0.0,0.0
319135,Nightmare Horror Adventures: Welcome to Crafton Mansion,2021.0,418,8.078773504377258,7.28815687043763,0.7906166339396279,7.281760582403145,0.7970129219741136,0.0583730458479751,7.964362334515227,0.6762054640775965,200-499,eligible,0.0,1.0,0.0
325011,Citytrip Brugge,2022.0,116,7.672897088571911,7.0586379448088525,0.6142591437630589,7.202954669832177,0.4699424187397341,0.1108080982232961,7.455713216054251,0.3970752712453985,100-199,eligible,0.0,0.0,0.0
325941,Nemo's War: The Ultimate Edition,2022.0,359,8.496448186292062,8.025732627460037,0.4707155588320244,7.969535447595545,0.5269127386965167,0.0629873404908189,8.372992998930057,0.3472603714700193,200-499,eligible,0.0,1.0,0.0
326767,Infinity N4: Core Rules,2020.0,115,8.902920471278437,8.353584126427219,0.5493363448512181,8.383069403645102,0.5198510676333346,0.1112888297569097,8.684794364954893,0.3312102385276749,100-199,eligible,0.0,0.0,0.0
327778,ito,2019.0,979,7.710958899393944,6.743503480928933,0.9674554184650112,6.75128296544861,0.9596759339453342,0.0381424995645252,7.636199600247474,0.8926961193185418,500-999,eligible,0.0,1.0,0.0
327793,30 Monedas,2021.0,187,7.609877458439697,7.131135968949231,0.4787414894904662,7.17498195049833,0.4348955079413672,0.0872729573032229,7.43882246212538,0.3076864931761494,100-199,eligible,0.0,0.0,0.0
327913,Unlock!: Timeless Adventures – Arsène Lupin und der große weiße Diamant,2019.0,138,7.835265364359108,6.922909371226407,0.9123559931327012,6.896465635235332,0.938799729123776,0.1015923374270194,7.63614438300215,0.7132350117757431,100-199,eligible,0.0,1.0,0.0
355199,Star Realms,2021.0,297,8.00855638790681,7.077857484755208,0.9306989031516012,7.147362100000155,0.8611942879066543,0.0692503975920269,7.872825608626437,0.7949681238712283,200-499,eligible,0.0,0.0,0.0
356313,Exit: The Game – The Professor's Last Riddle,2022.0,396,8.13754937113608,7.512672110332227,0.6248772608038529,7.516752878927113,0.6207964922089673,0.059972603536868,8.020003068203819,0.5073309578715914,200-499,eligible,0.0,1.0,0.0
358094,G.I. JOE Mission Critical,2022.0,124,7.519689471037617,7.0650145610669455,0.4546749099706719,7.138812674951097,0.38087679608652,0.1071740526379411,7.309628327867252,0.2446137668003073,100-199,eligible,0.0,1.0,0.0
363841,Snap Ships Tactics,2023.0,114,8.173530498053232,7.674487218293109,0.4990432797601229,7.640713266161606,0.5328172318916256,0.11177587291431,7.954449787141185,0.2799625688480753,100-199,eligible,0.0,1.0,0.0
374866,Robotrick,2020.0,547,8.195177911801768,7.278205051369676,0.9169728604320913,7.2740739076675425,0.9211040041342252,0.0510277985911665,8.095163426563081,0.8169583751934048,500-999,eligible,0.0,0.0,0.0
374982,Nebula,2023.0,146,7.966805945806031,7.464351772341997,0.5024541734640335,7.464927505585782,0.5018784402202483,0.0987697758001792,7.773217185237679,0.3088654128956821,100-199,eligible,0.0,0.0,0.0
380135,Dead Cells: The Rogue-Lite Board Game,2024.0,650,8.194956038607158,7.854677614154648,0.3402784244525101,8.02621116806938,0.1687448705377772,0.0468105579362371,8.103207345052134,0.2485297308974852,500-999,eligible,0.0,1.0,1.0
380887,Deduckto,2023.0,224,7.519503471737821,6.965432195435069,0.5540712763027518,7.024793143844926,0.4947103278928946,0.0797400468849567,7.363212979843305,0.3977807844082366,200-499,eligible,0.0,0.0,0.0
381246,S.T.A.L.K.E.R. The Board Game,2025.0,180,8.663847901499313,8.098315310064788,0.5655325914345255,8.19876146489056,0.4650864366087539,0.0889537463234617,8.489498558705328,0.3911832486405404,100-199,eligible,0.0,1.0,0.0
418812,Little Alchemists,2024.0,201,8.268613973783136,7.566171161376506,0.7024428124066304,7.5881645169493055,0.6804494568338306,0.0841787489666658,8.10362362580847,0.5374524644319654,200-499,eligible,0.0,0.0,0.0
419074,Fairy Ring,2024.0,464,7.716033388543293,7.350249604002947,0.365783784540346,7.331815730924442,0.3842176576188514,0.055404049111648,7.607441452284463,0.2571918482815158,200-499,eligible,0.0,0.0,0.0
419384,Suna Valo,2024.0,108,8.351413093113747,7.792124237248741,0.559288855865006,7.792918249180616,0.558494843933131,0.1148387926978422,8.126329059425975,0.3342048221772352,100-199,eligible,0.0,0.0,0.0
421199,Link City,2024.0,323,7.649159293993435,7.137596478257924,0.5115628157355108,7.12185726497211,0.5273020290213246,0.0664047635581062,7.519005957419547,0.3814094791616226,200-499,eligible,0.0,1.0,0.0
422345,Star Trek: Star Realms,2024.0,120,7.5671369577708,6.993525414588902,0.5736115431818982,7.115356409208431,0.4517805485623691,0.1089456446007282,7.353603494353373,0.3600780797644709,100-199,eligible,0.0,0.0,0.0
424442,Beatz'n'Catz,2024.0,129,7.58657455049878,6.998473581371112,0.5881009691276677,7.02649015411302,0.5600843963857596,0.1050765102308597,7.380624590446295,0.3821510090751825,100-199,eligible,0.0,1.0,0.0
424774,Dorfromantik: Sakura,2024.0,370,8.443661175381106,7.486131277422274,0.9575298979588318,7.572399485330736,0.8712616900503694,0.0620439778051147,8.32205497888308,0.8359237014608069,200-499,eligible,0.0,1.0,0.0
424809,Joyride: Turbo,2024.0,153,8.665376560976457,7.66917352747422,0.9962030335022368,7.67577924718554,0.9895973137909166,0.0964838845731658,8.476268147213052,0.8070946197388319,100-199,eligible,0.0,0.0,0.0
432527,Ethnos: 2nd Edition,2025.0,135,8.030799295589656,7.572655646049537,0.4581436495401192,7.609334696488084,0.4214645991015722,0.1027149387705526,7.829478015599372,0.2568223695498359,100-199,eligible,0.0,0.0,0.0
47,Chinatown,1999.0,11597,7.829604436308877,7.1759490839147535,0.6536553523941233,7.186399765129542,0.6432046711793351,0.0110822429636546,7.8078832401001135,0.6319341561853601,10k-25k,exclude,0.0,0.0,0.0
215,Tichu,1991.0,15687,7.957452657786266,7.136373539710924,0.8210791180753425,7.184954688754491,0.7724979690317753,0.0095286318452326,7.93877653936961,0.8024029996586864,10k-25k,exclude,0.0,0.0,0.0
875,Roads & Boats,1999.0,3437,8.272708159276412,7.751961816571683,0.5207463427047294,7.802485392740074,0.4702227665363381,0.0203568571827836,8.232808719198156,0.4808469026264734,2.5k-5k,exclude,0.0,0.0,0.0
939,Star Wars: The Queen's Gambit,2000.0,2222,7.919630953349073,6.883797437305642,1.035833516043431,6.952101219507975,0.967529733841098,0.0253179459597741,7.870007779267916,0.986210341962274,1k-2.5k,borderline,0.0,0.0,0.0
2125,Amazons,1992.0,327,7.597089169680857,6.68507361011279,0.9120155595680676,6.658896558746093,0.938192610934764,0.0659973685254336,7.467734327371008,0.7826607172582177,200-499,eligible,0.0,0.0,0.0
2163,Space Hulk,1989.0,3652,7.689789326245721,7.276997810523499,0.4127915157222226,7.206860314639901,0.4829290116058207,0.0197485453406382,7.65108217737807,0.3740843668545717,2.5k-5k,exclude,0.0,0.0,0.0
3003,Crash Tackle Rugby Board Game,2001.0,149,7.745019856594135,6.49926380207005,1.2457560545240849,6.621930583310256,1.1230892732838793,0.0977703931694625,7.553389885981988,1.0541260839119384,100-199,eligible,0.0,0.0,0.0
3041,Panzergruppe Guderian,1976.0,745,7.660579809948251,7.094327472003027,0.5662523379452242,7.242469994844708,0.4181098151035431,0.0437242490627598,7.574880281785242,0.4805528097822149,500-999,eligible,0.0,0.0,0.0
4884,"The Legend Begins: North Africa, 1940-42",1991.0,151,8.011400621980624,7.077008048001314,0.9343925739793092,7.171607868276832,0.8397927537037919,0.0971207488111762,7.821043954310718,0.744035906309404,100-199,eligible,0.0,0.0,0.0
5217,Eleusis,1956.0,216,7.787940551780393,6.3066186455251,1.4813219062552925,6.269379011897208,1.518561539883185,0.0812032890599204,7.628782105222949,1.3221634596978484,200-499,eligible,0.0,0.0,0.0
17396,Manoeuvre,2008.0,2431,7.716776498413887,7.230493410015372,0.4862830883985154,7.088036820089132,0.6287396783247559,0.0242051632706268,7.669334378403459,0.4388409683880867,1k-2.5k,borderline,0.0,0.0,0.0
21133,Infinity N3: Core Book,2005.0,791,8.192884116557703,7.780707074301176,0.4121770422565269,7.719103652817278,0.4737804637404252,0.0424338321432533,8.109713805556927,0.3290067312557505,500-999,eligible,0.0,0.0,0.0
21182,1850: The MidWest,2005.0,115,8.243295145840605,7.702074635871995,0.5412205099686105,7.711664806313922,0.531630339526683,0.1112888297569097,8.025169039517062,0.3230944036450673,100-199,eligible,1.0,0.0,0.0
30804,Song of Blades and Heroes: Revised Edition,2007.0,365,7.747689174134394,6.885781287100793,0.8619078870336017,6.900516012551588,0.8471731615828064,0.0624674911025492,7.625252891573398,0.7394716044726051,200-499,eligible,0.0,0.0,0.0
39939,"The Battle of Fontenoy: 11 May, 1745",2012.0,121,8.700524513881497,7.862634883793774,0.837889630087723,7.847135151229439,0.8533893626520577,0.1084945219813813,8.48787525079799,0.6252403670042155,100-199,eligible,0.0,0.0,0.0
62222,Commands & Colors: Napoleonics,2010.0,3180,8.350201773352433,7.740233306650625,0.6099684667018082,7.80668094530373,0.5435208280487025,0.0211634728732172,8.308721366520928,0.5684880598703023,2.5k-5k,exclude,0.0,0.0,0.0
65564,Hornet Leader: Carrier Air Operations,2010.0,903,7.995044225899419,7.4681033064844335,0.5269409194149857,7.521415236405932,0.4736289894934868,0.0397151878150555,7.917202457781911,0.4490991512974767,500-999,eligible,0.0,0.0,0.0
85424,La Bataille de la Moscowa (Third Edition),2011.0,162,8.527178301731162,7.7599327354636625,0.7672455662674995,7.780259086194196,0.7469192155369662,0.093765481595656,8.343397957803676,0.5834652223400136,100-199,eligible,0.0,0.0,0.0
94104,Omen: A Reign of War,2011.0,1792,7.707554761187177,7.029414527029925,0.6781402341572527,7.064438108270755,0.6431166529164223,0.028192363942243,7.652297727860381,0.6228832008304562,1k-2.5k,borderline,0.0,0.0,0.0
94902,Dungeons & Dragons Starter Set,2008.0,555,7.820635694105706,6.942316315507391,0.8783193785983148,6.975257843803741,0.8453778503019649,0.0506586957450319,7.721344650445443,0.7790283349380522,500-999,eligible,0.0,0.0,0.0
113567,Mediterranean Empires,2015.0,160,7.605428370117214,7.224300915611696,0.3811274545055179,7.170153528143505,0.4352748419737091,0.0943496958559016,7.420502966239647,0.1962020506279507,100-199,eligible,0.0,0.0,0.0
119866,Wings of Glory: WW1 Rules and Accessories Pack,2012.0,591,7.987410740646013,6.80937169070638,1.178039049939633,6.979208592387545,1.0082021482584675,0.0490915512233661,7.891191300248215,1.081819609541835,500-999,eligible,0.0,0.0,0.0
138704,Northern Pacific,2013.0,1083,7.806710588238965,6.68070325529602,1.1260073329429447,6.812797306278092,0.9939132819608724,0.0362648819045817,7.735631419705984,1.0549281644099646,1k-2.5k,eligible,0.0,0.0,0.0
147884,Ore: The Mining Game,2013.0,116,7.572801819867397,6.572155737711638,1.0006460821557592,6.545096217156821,1.0277056027105758,0.1108080982232961,7.355617947349737,0.7834622096380989,100-199,eligible,0.0,0.0,0.0
160436,Lost Legacy: Binbo Tantei to Inbo no Shiro,2014.0,116,7.607473968178757,6.277785948582835,1.3296880195959222,6.221510701045654,1.3859632671331037,0.1108080982232961,7.390290095661097,1.112504147078262,100-199,eligible,0.0,0.0,0.0
163399,Infinity: Operation Icestorm,2014.0,123,8.412421958205236,7.59837398544531,0.8140479727599264,7.551178594642282,0.861243363562954,0.1076088375982068,8.20150863651275,0.603134651067441,100-199,eligible,0.0,0.0,0.0
165022,€uro Crisis,2015.0,108,7.671693386599592,7.070339230917629,0.601354155681963,7.273433549242659,0.3982598373569326,0.1148387926978422,7.446609352911821,0.3762701219941923,100-199,eligible,0.0,0.0,0.0
165401,Wir sind das Volk!,2014.0,2615,8.329269682325428,7.968819209109565,0.3604504732158631,8.20648395515803,0.1227857271673986,0.0233380544760899,8.283527095552293,0.3147078864427268,2.5k-5k,exclude,0.0,0.0,0.0
166857,Antike II,2014.0,1703,7.987173538569879,7.398545108403692,0.588628430166187,7.336780017550156,0.6503935210197227,0.0289196592732627,7.930491006394284,0.5319458979905921,1k-2.5k,borderline,0.0,0.0,0.0
166859,Web of Spies,2014.0,184,7.500385318603385,6.51988379792131,0.9805015206820756,6.58960029302915,0.9107850255742348,0.0879815450416394,7.327941490321772,0.8080576924004622,100-199,eligible,0.0,0.0,0.0
167270,Medina (Second Edition),2014.0,2143,7.677181487709225,7.232092439879613,0.4450890478296117,7.240808125602168,0.4363733621070569,0.0257803856872973,7.626651931762122,0.3945594918825089,1k-2.5k,borderline,0.0,0.0,0.0
170624,Crusaders: Thy Will Be Done,2018.0,4796,7.953238527732721,7.558350123776366,0.3948884039563554,7.714940292043146,0.2382982356895757,0.0172330008182277,7.919461846128994,0.3611117223526289,2.5k-5k,exclude,0.0,0.0,0.0
174402,Tide of Iron: Next Wave,2014.0,196,8.124022510702481,7.627144386996179,0.4968781237063027,7.671024214227359,0.4529982964751227,0.0852456958425139,7.956940946851154,0.3297965598549753,100-199,eligible,0.0,0.0,0.0
173346,7 Wonders Duel,2015.0,93303,8.255521464636324,7.798331033583347,0.4571904310529771,7.776281492939342,0.4792399716969822,0.0039070834913364,8.247863580993304,0.4495325474099576,25k+,exclude,0.0,0.0,0.0
173442,Empires: Age of Discovery,2015.0,2283,8.326312941596594,7.58475387690188,0.7415590646947141,7.444267947619748,0.8820449939768462,0.0249774178981805,8.27735720251616,0.6926033256142802,1k-2.5k,borderline,0.0,0.0,0.0
176734,The Manhattan Project: Energy Empire,2016.0,6224,8.1585439113368,7.769738741025602,0.3888051703111976,7.764464888022818,0.3940790233139815,0.0151274492232695,8.128894110859191,0.3591553698335892,5k-10k,exclude,0.0,0.0,0.0
181807,Dragon Rampant: Fantasy Wargaming Rules,2015.0,138,7.803775105765958,6.814186821347938,0.9895882844180192,6.905935624621884,0.8978394811440733,0.1015923374270194,7.604654124409,0.7904673030610612,100-199,eligible,0.0,0.0,0.0
182082,Carcassonne: Over Hill and Dale,2015.0,802,7.500106864469364,6.832522966594954,0.66758389787441,6.78607580919655,0.7140310552728142,0.042141822322351,7.417508892717555,0.5849859261226019,500-999,eligible,0.0,0.0,0.0
184866,Wings for the Baron (Second Edition),2015.0,298,7.95039283189382,6.919572697992468,1.0308201339013523,6.962348889637701,0.9880439422561196,0.0691341080094018,7.814889980195392,0.8953172822029248,200-499,eligible,0.0,0.0,0.0
186567,Baseball Highlights: 2045 – Super Deluxe Edition,2015.0,513,8.15557440517576,6.853490765051923,1.3020836401238365,6.908993936605945,1.246580468569814,0.0526916518071695,8.052298767633706,1.198808002581784,500-999,eligible,0.0,0.0,0.0
187687,Pathfinder Adventure Card Game: Mummy's Mask – Base Set,2016.0,592,8.100260737578582,7.40668352073658,0.6935772168420016,7.499907410766886,0.6003533268116961,0.0490500712402742,8.004122597947644,0.5974390772110639,500-999,eligible,0.0,1.0,0.0
188325,'65: Squad-Level Combat in the Jungles of Vietnam,2016.0,170,7.746159371864333,7.198923758945943,0.5472356129183895,7.339896389619128,0.4062629822452051,0.091532649825596,7.566755378206165,0.3678316192602213,100-199,eligible,0.0,0.0,0.0
193949,Star Trek: Ascendancy,2016.0,3449,8.043530075904364,7.668960252818074,0.3745698230862899,7.623011342353058,0.4205187335513063,0.0203214128311445,8.003700106755321,0.3347398539372466,2.5k-5k,exclude,0.0,0.0,0.0
205164,Old School Tactical: Volume 2 – West Front 1944/45,2017.0,179,8.433413664595449,7.653853350202674,0.779560314392775,7.631677840252539,0.8017358243429094,0.0892018744102537,8.258577990751352,0.6047246405486775,100-199,eligible,0.0,0.0,0.0
215471,Photograph,2016.0,1709,7.9067501639077085,7.135799783962552,0.7709503799451563,7.099424544438978,0.8073256194687302,0.0288688487052787,7.850167220445362,0.7143674364828099,1k-2.5k,borderline,0.0,0.0,0.0
215616,Ascension: Gift of the Elements,2017.0,483,7.838545257196976,6.843307662080193,0.9952375951167838,6.953376478782715,0.8851687784142612,0.0543033885390625,7.732110615660414,0.8888029535802211,200-499,eligible,0.0,0.0,0.0
222407,Lignum (Second Edition),2017.0,954,8.273020592672355,7.926685503867297,0.3463350888050573,7.844426812615222,0.4285937800571329,0.0386390382926992,8.197288077618664,0.2706025737513668,500-999,eligible,0.0,0.0,0.0
229414,Tulip Bubble,2015.0,1253,7.647886572355988,7.199911011043332,0.4479755613126563,7.241435472536512,0.4064510998194759,0.0337151394529068,7.581804899028291,0.3818938879849589,1k-2.5k,eligible,0.0,0.0,0.0
232974,Paco Ŝako,2017.0,254,7.933856566403806,7.3646241249632,0.5692324414406063,7.362726735435421,0.5711298309683848,0.074883069407198,7.787085750365698,0.4224616254024981,200-499,eligible,0.0,0.0,0.0
232981,Tanto Cuore: Winter Romance,2018.0,144,7.84887258884988,6.811738077485751,1.0371345113641288,6.890556365755463,0.9583162230944168,0.0994533118162662,7.653944097689998,0.842206020204247,100-199,eligible,0.0,0.0,0.0
233398,Endeavor: Age of Sail,2018.0,9399,8.26129634250938,7.877894847980015,0.383401494529366,8.000645599107301,0.2606507434020795,0.0123100458652609,8.23716865261347,0.3592738046334545,5k-10k,exclude,0.0,0.0,0.0
234167,Masters of Mutanite,2022.0,103,8.0005703946445,7.32718805312834,0.6733823415161595,7.411433643614234,0.5891367510302654,0.1175931119315639,7.770087895258634,0.4428998421302941,100-199,eligible,0.0,0.0,0.0
234669,Legacy of Dragonholt,2017.0,3191,7.509390023600151,6.914761240071535,0.5946287835286164,7.08678649736104,0.4226035262391114,0.0211269640713742,7.467981174020258,0.5532199339487229,2.5k-5k,exclude,0.0,1.0,0.0
246700,Hard City,2020.0,178,7.539447004128057,6.814532692277673,0.7249143118503838,6.903853797377593,0.6355932067504639,0.0894520905382537,7.364120906673079,0.5495882143954065,100-199,eligible,0.0,0.0,0.0
265430,Elekt,2019.0,381,7.890681431226995,7.351145831045084,0.5395356001819112,7.363152032518181,0.5275293987088139,0.0611417701403507,7.770843561751907,0.4196977307068236,200-499,eligible,0.0,0.0,0.0
265752,Exceed: Street Fighter – Ryu Box,2019.0,221,8.254887536564429,7.3528192885501955,0.902068248014233,7.319432209119739,0.9354553274446892,0.0802794445579611,8.097539825230825,0.7447205366806291,200-499,eligible,0.0,0.0,0.0
265754,Exceed: Street Fighter – M. Bison Box,2019.0,134,8.573574810096195,7.101184018339636,1.4723907917565595,7.099894829977366,1.4736799801188294,0.103097491077084,8.371503727585111,1.270319709245475,100-199,eligible,0.0,0.0,0.0
266188,Seven Bridges,2020.0,327,7.596689244781426,7.175531890353096,0.4211573544283302,7.310909895402867,0.2857793493785587,0.0659973685254336,7.467334402471576,0.2918025121184803,200-499,eligible,0.0,0.0,0.0
278292,Anachrony: Infinity Box,2020.0,1489,9.221992333350164,8.209449765547046,1.01254256780312,8.12112842749697,1.1008639058531955,0.0309280933113223,9.161373270459974,0.951923504912928,1k-2.5k,eligible,0.0,0.0,0.0
279886,Iron Forest,2024.0,101,8.136316627055175,7.241520063362511,0.8947965636926636,7.2798269982921795,0.8564896287629953,0.1187516927360825,7.903563309292453,0.6620432459299417,100-199,eligible,0.0,0.0,0.0
281657,Malifaux (Third Edition),2019.0,155,8.952998169522637,8.129470231181866,0.8235279383407708,8.059420953737913,0.8935772157847239,0.0958593868490308,8.765113771298536,0.6356435401166705,100-199,eligible,0.0,0.0,0.0
282524,Horrified,2019.0,17094,7.752577766389669,7.39535113863764,0.3572266277520288,7.475705897565744,0.2768718688239246,0.009128063361599,7.734686762200934,0.3393356235632946,10k-25k,exclude,0.0,1.0,0.0
295694,Catchy!,2019.0,106,7.666937425644299,6.483121341636435,1.183816084007864,6.509012073424465,1.1579253522198345,0.1159171148780976,7.439739880483228,0.9566185388467926,100-199,eligible,0.0,0.0,0.0
301616,"Hood Strikes North: The Tennessee Campaign, Fall 1864",2021.0,162,8.875150816705961,8.11838440993705,0.7567664067689108,8.229668721873477,0.6454820948324844,0.093765481595656,8.691370472778475,0.572986062841425,100-199,eligible,0.0,0.0,0.0
302098,Chronicles of Crime: 1900,2021.0,1809,7.999954246391533,7.508763067957833,0.4911911784336995,7.557772245306044,0.4421820010854889,0.0280595829888886,7.944957463733311,0.4361943957754778,1k-2.5k,borderline,0.0,1.0,0.0
303553,Skulls of Sedlec,2020.0,2872,7.632502171519617,7.254552523891279,0.3779496476283377,7.238042224607511,0.3944599469121055,0.022269387794982,7.588854171441452,0.3343016475501729,2.5k-5k,exclude,0.0,0.0,0.0
320855,Sakura Arms: Yurina Box,2022.0,184,8.573858062920516,7.811368527206113,0.762489535714403,7.769069261373081,0.8047888015474349,0.0879815450416394,8.401414234638903,0.5900457074327897,100-199,eligible,0.0,0.0,0.0
321047,Dungeon Fighter in the Castle of Frightening Frosts,2022.0,110,7.815985928050635,6.8827808011192175,0.9332051269314174,6.889735143213523,0.9262507848371122,0.1137900146320637,7.59295749937179,0.7101766982525725,100-199,eligible,0.0,1.0,0.0
322562,Dice Throne: Season One ReRolled – Monk v. Paladin,2021.0,873,7.890661763657519,7.382196837162413,0.5084649264951064,7.365655846707057,0.5250059169504624,0.0403918155049935,7.811493805267732,0.429296968105319,500-999,eligible,0.0,0.0,0.0
322985,Shadows of Brimstone: Swamps of Death (Revised Edition),2020.0,137,8.609584343208867,7.531044682105312,1.0785396611035551,7.496773381375608,1.1128109618332598,0.1019624382426238,8.409737964253324,0.8786932821480123,100-199,eligible,0.0,1.0,0.0
323046,"Panzers Last Stand: Battles for Budapest, 1945",2021.0,109,9.15981394687202,8.458531016562077,0.7012829303099437,8.50909481647832,0.6507191303936999,0.1143107954518981,8.935764787786301,0.4772337712242233,100-199,eligible,0.0,0.0,0.0
323255,Box One,2020.0,1106,8.010732847286532,7.560954489143221,0.4497783581433108,7.58049398495031,0.4302388623362212,0.0358858247878154,7.940396630702414,0.3794421415591925,1k-2.5k,eligible,0.0,0.0,0.0
331952,Unlock!: Timeless Adventures – Die Noside-Show,2019.0,135,7.805731438260881,6.922909371226407,0.882822067034474,6.896465635235332,0.9092658030255488,0.1027149387705526,7.604410158270597,0.6815007870441907,100-199,eligible,0.0,1.0,0.0
331953,Unlock!: Timeless Adventures – Verloren im Zeitstrudel!,2019.0,132,8.391370545565449,6.680212602495294,1.7111579430701551,6.676430874308108,1.7149396712573406,0.1038755963880404,8.18777437664489,1.507561774149596,100-199,eligible,0.0,1.0,0.0
332070,ONUS! Traianus,2023.0,188,8.32279563919414,7.993758575822653,0.3290370633714872,8.017476566587364,0.3053190726067765,0.0870405388951028,8.15219618295974,0.1584376071370857,100-199,eligible,0.0,0.0,0.0
332804,Cantaloop: Book 3 – Against All Odds,2023.0,106,8.031929872191578,7.167367369304287,0.8645625028872903,7.258071781471386,0.7738580907201911,0.1159171148780976,7.804732327030506,0.6373649577262189,100-199,eligible,0.0,1.0,0.0
332943,Archduke,2020.0,146,7.518349803900084,6.727388735666709,0.7909610682333748,6.690515974545258,0.8278338293548257,0.0987697758001792,7.324761043331732,0.5973723076650234,100-199,eligible,0.0,0.0,0.0
339349,Le Plateau,2021.0,146,8.335006976336958,7.409890534872057,0.9251164414649012,7.425557937018558,0.9094490393183996,0.0987697758001792,8.141418215768606,0.7315276808965497,100-199,eligible,0.0,0.0,0.0
339753,Évora,2022.0,187,7.794409156396048,7.355712601300153,0.4386965550958948,7.402471144472066,0.3919380119239815,0.0872729573032229,7.623354160081731,0.2676415587815779,100-199,eligible,0.0,0.0,0.0
340237,Wonder Book,2021.0,818,7.762462399104497,7.357016059718816,0.4054463393856808,7.46737286944898,0.2950895296555176,0.0417276420273664,7.680676220730859,0.3236601610120426,500-999,eligible,0.0,1.0,0.0
341489,Carrooka,2021.0,195,8.554627332404891,6.806130809333538,1.7484965230713527,6.824312814015451,1.7303145183894395,0.0854639950369319,8.387117902132504,1.5809870927989662,100-199,eligible,0.0,0.0,0.0
351600,Mortum: Medieval Detective – The Shelter,2022.0,131,8.491014256539268,6.8466271613323215,1.6443870952069464,6.89710090426591,1.5939133522733575,0.1042713143786963,8.286642480357022,1.4400153190247016,100-199,eligible,0.0,1.0,0.0
351817,Marvel Zombies: A Zombicide Game,2023.0,1950,8.072069877534398,7.536910217529801,0.5351596600045969,7.61018449866908,0.4618853788653183,0.0270260882254031,8.019098744612608,0.4821885270828068,1k-2.5k,borderline,0.0,1.0,0.0
352606,Naturopolis,2023.0,568,7.997254491341834,7.449911208831807,0.5473432825100266,7.425941121839861,0.571313369501973,0.050075619178247,7.89910627775247,0.4491950689206623,500-999,eligible,0.0,1.0,0.0
352981,Oriflamme: Alliance,2022.0,151,7.666397615880697,7.309709274715162,0.3566883411655341,7.229525440874502,0.4368721750061946,0.0971207488111762,7.476040948210791,0.1663316734956287,100-199,eligible,0.0,0.0,0.0
353311,Star Trek: Super-Skill Pinball,2022.0,291,7.559463672633045,6.9148188046472185,0.6446448679858268,6.659458861615686,0.9000048110173591,0.0699606766645972,7.422340746370435,0.5075219417232162,200-499,eligible,0.0,0.0,0.0
410209,Hitster: Summer Party,2024.0,452,7.8111026200329,6.996838031829839,0.814264588203061,7.000431487813298,0.8106711322196016,0.0561346835132536,7.701078640346923,0.704240608517084,200-499,eligible,0.0,0.0,0.0
411865,Magic Number Eleven,2024.0,105,8.063599372624815,7.520297342740635,0.5433020298841793,7.491246064411033,0.5723533082137813,0.1164677931077609,7.835322498133603,0.3150251553929679,100-199,eligible,0.0,0.0,0.0
395181,Farms Race,2024.0,149,7.723129167344239,7.187010499715511,0.5361186676287284,7.279032851905768,0.4440963154384709,0.0977703931694625,7.531499196732092,0.3444886970165818,100-199,eligible,0.0,0.0,0.0
396587,Colossal Cat in the Box,2024.0,236,8.158753179417486,7.601141674375786,0.5576115050417005,7.585220356233249,0.5735328231842374,0.077686310152776,8.006488011518044,0.4053463371422595,200-499,eligible,0.0,0.0,0.0
20,Full Metal Planète,1988.0,739,7.716994678043291,6.847274986966628,0.8697196910766634,6.905460483604925,0.8115341944383667,0.0439013905676142,7.630947952530768,0.7836729655641396,500-999,eligible,0.0,0.0,0.0
354,Stick 'Em,1993.0,3781,7.553269110503264,6.6621580429701,0.8911110675331644,6.62542093501138,0.927848175491884,0.0194087317285088,7.515227996315387,0.853069953345287,2.5k-5k,exclude,0.0,0.0,0.0
760,Battle Line,2000.0,17480,7.739345897031651,7.182170033984704,0.5571758630469468,7.205942131632916,0.5334037653987345,0.0090267160595727,7.721653533554888,0.5394834995701843,10k-25k,exclude,0.0,0.0,0.0
1278,Dutch InterCity,1999.0,209,7.911830022362588,6.514243458959752,1.397586563402836,6.578355691512426,1.3334743308501622,0.0825519531152329,7.750028194256732,1.2357847352969793,200-499,eligible,0.0,0.0,0.0
1313,1826: Railroading in France and Belgium from 1826,2000.0,158,8.223435412452895,7.802018449440627,0.4214169630122679,7.758960562237839,0.4644748502150557,0.0949449679809969,8.03734327521014,0.2353248257695138,100-199,eligible,1.0,0.0,0.0
4210,Stonewall's Last Battle: The Chancellorsville Campaign,1996.0,322,7.871358463874333,7.181113820344335,0.6902446435299989,7.194401898235444,0.6769565656388892,0.0665077966124016,7.741003182514026,0.5598893621696917,200-499,eligible,0.0,0.0,0.0
4212,Here Come the Rebels,1993.0,392,8.00821232538834,7.267285708064042,0.7409266173242983,7.27977074263276,0.7284415827555808,0.0602778095972074,7.890067818577814,0.6227821105137716,200-499,eligible,0.0,0.0,0.0
4214,Stonewall in the Valley,1995.0,333,8.050253680724557,7.315915527989475,0.7343381527350825,7.33388714318405,0.716366537540507,0.0654000949870323,7.922069494549974,0.606153966560499,200-499,eligible,0.0,0.0,0.0
4226,"Victory at Midway: Turning Point of the Pacific War, June 1942",1992.0,188,7.521476269378612,6.663758256823874,0.8577180125547379,6.760090282090717,0.7613859872878947,0.0870405388951028,7.35087681314421,0.6871185563203364,100-199,eligible,0.0,0.0,0.0
4291,"Armor: A Tactical Game of Armored Combat in Western Europe, 1944-1945",1980.0,105,7.603394713996106,7.270420844775751,0.3329738692203552,7.392001525974617,0.2113931880214892,0.1164677931077609,7.375117839504895,0.1046969947291437,100-199,eligible,0.0,0.0,0.0
6930,Sweden Fights On,2003.0,235,8.076002169902988,7.501259169422447,0.5747430004805416,7.506926689127843,0.5690754807751439,0.0778514247070657,7.923413377477139,0.4221542080546928,200-499,eligible,0.0,0.0,0.0
7092,Battles for the Ardennes,1978.0,301,7.591655399823351,6.940503924579339,0.6511514752440117,7.036776918933413,0.5548784808899381,0.0687887231278166,7.45682950249283,0.5163255779134911,200-499,eligible,0.0,0.0,0.0
7138,"The Killing Ground: Campaign for Normandy, July-August 1944",2002.0,126,8.414391534433951,7.657944751658006,0.7564467827759458,7.794734145510889,0.6196573889230628,0.1063200625132756,8.206004211907931,0.5480594602499256,100-199,eligible,0.0,0.0,0.0
7215,"To the Green Fields Beyond: The Battle of Cambrai, 1917",1978.0,151,7.578618438351262,7.109644346189565,0.4689740921616963,7.261223658115846,0.317394780235416,0.0971207488111762,7.388261770681356,0.2786174244917909,100-199,eligible,0.0,0.0,0.0
7453,Hube's Pocket,1995.0,143,7.824676092645423,7.400404994768639,0.4242710978767841,7.460784020894158,0.3638920717512652,0.0998004448501157,7.629067220739196,0.2286622259705572,100-199,eligible,0.0,0.0,0.0
10183,Napoleon at Leipzig,1979.0,271,7.693195654389192,6.883319077452965,0.8098765769362268,7.011769078574732,0.6814265758144602,0.0724963014019341,7.551102903641401,0.6677838261884359,200-499,eligible,0.0,0.0,0.0
13532,Guderian's Blitzkrieg II,2001.0,305,8.431311358463237,7.867465368394258,0.5638459900689785,7.950136290421682,0.4811750680415549,0.0683361608255901,8.29737248324508,0.4299071148508218,200-499,eligible,0.0,0.0,0.0
14188,Bughouse Chess,1960.0,362,7.928732592221245,6.356477613193304,1.5722549790279414,6.388166092639064,1.540566499582181,0.0627258002310878,7.8057900237683135,1.4493124105750093,200-499,eligible,0.0,0.0,0.0
18098,Napoleon's Triumph,2007.0,1764,8.454166066588618,7.935150908003747,0.519015158584871,7.823214521406445,0.6309515451821728,0.0284152319475046,8.398472211971509,0.4633213039677619,1k-2.5k,borderline,0.0,0.0,0.0
20266,"Bitter End: Attack to Budapest, 1945",2005.0,126,7.662833486824407,7.205663315190561,0.4571701716338454,7.283849279250258,0.3789842075741481,0.1063200625132756,7.454446164298386,0.2487828491078252,100-199,eligible,0.0,0.0,0.0
20437,Lords of Vegas,2010.0,7719,7.714378988425345,7.241092521195764,0.4732864672295811,7.300551905874524,0.4138270825508208,0.01358375923673,7.687754820321354,0.4466622991255902,5k-10k,exclude,0.0,0.0,0.0
20646,1824: Austria-Hungary,2005.0,154,8.510497294707323,7.822595767346392,0.6879015273609301,7.827732890797701,0.6827644039096219,0.0961701150119088,8.32200386928398,0.4994081019375888,100-199,eligible,1.0,0.0,0.0
23995,No Peace Without Spain!: The War of the Spanish Succession 1702-1713,2011.0,332,7.980556849209924,7.291918958268793,0.6886378909411306,7.332810191959078,0.6477466572508455,0.0654985150502183,7.852179759711496,0.5602608014427026,200-499,eligible,0.0,0.0,0.0
24181,Imperial,2006.0,8744,8.084993832287182,7.717715529561852,0.3672783027253299,7.6355678209115645,0.4494260113756176,0.0127627840636684,8.059978775522392,0.3422632459605396,5k-10k,exclude,0.0,0.0,0.0
25727,Lock 'n Load Tactical: Day of Heroes,2008.0,303,7.77161461229325,7.277818637728277,0.4937959745649731,7.209555148865666,0.562059463427584,0.0685613217679009,7.637234421628165,0.3594157838998872,200-499,eligible,0.0,0.0,0.0
33003,The Caucasus Campaign,2009.0,436,7.976761812880752,7.420094181131116,0.5566676317496357,7.505826221297504,0.470935591583248,0.057155397725949,7.864737233337892,0.4446430522067755,200-499,eligible,0.0,0.0,0.0
35285,Prussian Rails,2008.0,988,7.663778655414595,7.019134007259583,0.6446446481550128,7.253510072598431,0.4102685828161645,0.0379683761617014,7.58936063813766,0.5702266308780779,500-999,eligible,0.0,0.0,0.0
37387,Steel Driver,2008.0,1953,7.51617559990684,7.179232091106856,0.3369435087999841,7.278425538719139,0.2377500611877012,0.0270053228837083,7.4632451670547715,0.2840130759479157,1k-2.5k,borderline,0.0,0.0,0.0
37836,"Julius Caesar: Caesar, Pompey, and the Roman Civil War",2010.0,1691,8.171563808652932,7.451264526434782,0.72029928221815,7.542690966828895,0.6288728418240375,0.0290220905004663,8.114680511272018,0.663415984837236,1k-2.5k,eligible,0.0,0.0,0.0
43526,Germantown,2010.0,179,7.735016963138965,7.258249167683909,0.4767677954550562,7.291055593510423,0.4439613696285418,0.0892018744102537,7.560181289294867,0.3019321216109588,100-199,eligible,0.0,0.0,0.0
43845,18Ardennes,2010.0,101,8.341879097464066,7.957333453759396,0.3845456437046692,7.959679895422171,0.3821992020418951,0.1187516927360825,8.109125779701344,0.1517923259419474,100-199,eligible,1.0,0.0,0.0
57073,The Fires of Midway: The Carrier Battles of 1942,2010.0,298,7.541328491281425,7.171506175497797,0.3698223157836287,7.0332990444030745,0.5080294468783508,0.0691341080094018,7.405825639582997,0.234319464085201,200-499,eligible,0.0,0.0,0.0
57998,Boże Igrzysko,2010.0,268,8.002885928807913,7.2700483065906845,0.7328376222172288,7.268422350444865,0.734463578363048,0.0729009350639256,7.860000096082619,0.5899517894919345,200-499,eligible,0.0,0.0,0.0
82420,Summoner Wars: Guild Dwarves vs Cave Goblins,2009.0,2362,7.793030456685368,6.935422236574517,0.8576082201108512,6.926009735403223,0.8670207212821452,0.024556165358439,7.744900372582828,0.8094781360083108,1k-2.5k,borderline,0.0,0.0,0.0
82421,Summoner Wars: Phoenix Elves vs Tundra Orcs,2009.0,2634,7.759804049919784,7.12862324869635,0.6311808012234339,7.121066916309605,0.6387371336101788,0.0232537291960826,7.714226740695461,0.5856034919991119,2.5k-5k,exclude,0.0,0.0,0.0
83283,Volo,2010.0,101,7.967566568208754,6.838048425883477,1.1295181423252778,6.834259132448565,1.133307435760189,0.1187516927360825,7.734813250446033,0.8967648245625559,100-199,eligible,0.0,0.0,0.0
90419,Airlines Europe,2011.0,7418,7.669333930493225,7.325045941534677,0.3442879889585475,7.441493841274719,0.2278400892185059,0.0138566127952692,7.642174969414497,0.3171290278798198,5k-10k,exclude,0.0,0.0,0.0
99358,Stonewall Jackson's Way II: Battles of Bull Run,2013.0,324,9.102288001734976,7.816764010063803,1.2855239916711731,7.824038152174349,1.278249849560627,0.0663022078775108,8.972335674295055,1.155571664231252,200-499,eligible,0.0,0.0,0.0
113927,Nightfall: The Coldest War,2012.0,449,7.552690622705081,6.818830745204847,0.7338598775002341,6.943004713266827,0.6096859094382543,0.0563219036556348,7.442299691540037,0.6234689463351898,200-499,eligible,0.0,0.0,0.0
125993,France '40,2013.0,390,8.062058530746109,7.541672574295168,0.5203859564509408,7.532912108455559,0.52914642229055,0.060432170437908,7.943611476687809,0.4019389023926411,200-499,eligible,0.0,0.0,0.0
128425,Asteriated Grail,2010.0,156,7.8831851516459555,6.909736548918616,0.9734486027273396,6.954796515037012,0.9283886366089432,0.0955516512656422,7.695903915165297,0.7861673662466807,100-199,eligible,0.0,0.0,0.0
144864,Ascension: Darkness Unleashed,2013.0,1025,7.626337715531724,7.073643748959112,0.5526939665726118,7.1760522275403,0.4502854879914242,0.0372767948127044,7.553275197698824,0.4796314487397111,1k-2.5k,eligible,0.0,0.0,0.0
153625,Han,2014.0,354,7.729112032176084,6.662243484574251,1.0668685476018327,6.825460321278676,0.9036517108974076,0.0634306066246325,7.604788043191804,0.9425445586175528,200-499,eligible,0.0,0.0,0.0
156129,Deception: Murder in Hong Kong,2014.0,23119,7.728200630861079,7.317493255309737,0.4107073755513424,7.402093555784663,0.3261070750764157,0.007849029717005,7.712816532615749,0.3953232773060124,10k-25k,exclude,0.0,0.0,0.0
161936,Pandemic Legacy: Season 1,2015.0,51131,8.739320408937298,8.321878743089632,0.4174416658476652,8.251563308216175,0.4877571007211223,0.0052778659132486,8.728975791747331,0.4070970486576979,25k+,exclude,0.0,1.0,1.0
162384,Imperial Stars II,2014.0,124,7.587657306127106,6.99106436625746,0.5965929398696463,7.158022531113279,0.4296347750138274,0.1071740526379411,7.377596162956741,0.3865317966992817,100-199,eligible,0.0,0.0,0.0
161882,Irish Gauge,2014.0,3497,7.815964900836607,7.262253596755285,0.5537113040813226,7.517847029489642,0.2981178713469647,0.0201814645640996,7.776409230290972,0.5141556335356873,2.5k-5k,exclude,0.0,0.0,0.0
175973,The Hunters A.D. 2114,2019.0,419,8.16585641566127,7.709472501639022,0.4563839140222487,7.670210168231787,0.4956462474294838,0.0583033466638962,8.051581856200034,0.3421093545610122,200-499,eligible,0.0,1.0,0.0
184145,Flash Duel: Revised Second Edition,2015.0,156,7.573229835952584,6.358339060965756,1.214890774986828,6.403797645742397,1.1694321902101867,0.0955516512656422,7.385948599471925,1.0276095385061692,100-199,eligible,0.0,0.0,0.0
184424,Mega Civilization,2015.0,1035,8.616270610757237,7.782888694970321,0.8333819157869158,7.672631664063727,0.9436389466935092,0.0370962765856366,8.543561908649389,0.760673213679068,1k-2.5k,eligible,0.0,0.0,0.0
192858,"Mrs Thatcher's War: The Falklands, 1982",2017.0,235,7.905625703208866,7.578318155085222,0.3273075481236436,7.497953598956109,0.4076721042527573,0.0778514247070657,7.753036910783017,0.1747187556977948,200-499,eligible,0.0,0.0,0.0
200247,Austerlitz 1805: Rising Eagles,2016.0,255,8.599361732565319,7.596228009433343,1.0031337231319757,7.795770919876723,0.8035908126885953,0.0747360956258539,8.452878985138645,0.8566509757053019,200-499,eligible,0.0,0.0,0.0
200853,Habitats,2016.0,2370,7.771037177379957,7.125418026857428,0.6456191505225286,7.174873390991186,0.5961637863887708,0.0245146853197731,7.722988394153202,0.5975703672957732,1k-2.5k,borderline,0.0,0.0,0.0
210232,Dungeon Degenerates: Hand of Doom,2017.0,1260,8.195569319775844,7.830139108837498,0.3654302109383458,7.90539076890324,0.2901785508726036,0.0336213558513437,8.12967146230721,0.2995323534697122,1k-2.5k,eligible,0.0,1.0,0.0
211734,Master of Respect,2016.0,417,7.630497641652315,6.922952560426795,0.7075450812255202,6.924240822323334,0.7062568193289813,0.0584429955984737,7.515949370279307,0.5929968098525117,200-499,eligible,0.0,0.0,0.0
212346,Shadows of Brimstone: Forbidden Fortress,2018.0,677,8.519782242632955,7.633804975539608,0.885977267093347,7.61544829750029,0.9043339451326649,0.0458676153168445,8.42988171661194,0.7960767410723316,500-999,eligible,0.0,1.0,0.0
212581,Mega Man Pixel Tactics: Proto Man Red,2017.0,144,7.628952443488695,7.00189827640178,0.6270541670869152,6.962528668973636,0.6664237745150592,0.0994533118162662,7.434023952328814,0.4321256759270333,100-199,eligible,0.0,0.0,0.0
207951,Tintas,2016.0,312,8.107522688894388,6.592813363317967,1.5147093255764208,6.626678095022649,1.4808445938717387,0.0675652205635077,7.975094856589913,1.3822814932719456,200-499,eligible,0.0,0.0,0.0
209641,Warpgate,2019.0,459,7.843685493812472,7.296518671819987,0.5471668219924846,7.254435856748779,0.5892496370636922,0.055704996730778,7.734503700220147,0.4379850284001595,200-499,eligible,0.0,0.0,0.0
225818,Mini Rails,2017.0,1701,7.52883566089004,7.131168115274081,0.3976675456159597,7.336490154707524,0.1923455061825159,0.0289366558420372,7.472119815439647,0.3409517001655668,1k-2.5k,borderline,0.0,0.0,0.0
226213,Cursed Court,2017.0,828,7.571277053263758,6.810886496388388,0.7603905568753699,6.850828541167624,0.7204485120961337,0.0414748980788086,7.489986253029293,0.679099756640905,500-999,eligible,0.0,0.0,0.0
226802,Galilean Moons,2020.0,142,7.662987690683444,6.934830644052376,0.7281570466310683,6.794537837597574,0.8684498530858704,0.1001512383564941,7.466691263504716,0.5318606194523396,100-199,eligible,0.0,0.0,0.0
227127,Europe in Turmoil: Prelude to the Great War,2018.0,305,8.444792479011667,7.705056137871688,0.7397363411399791,7.757019930401217,0.6877725486104502,0.0683361608255901,8.310853603793511,0.6057974659218224,200-499,eligible,0.0,0.0,0.0
225244,Ticket to Ride: Germany,2017.0,1783,7.834422687193688,7.040761834850768,0.7936608523429198,7.1221744030249,0.7122482841687878,0.0282634272885552,7.779026369708119,0.7382645348573517,1k-2.5k,borderline,0.0,0.0,0.0
232832,Century: Golem Edition,2017.0,12733,7.844003700978381,7.384504937662578,0.4594987633158025,7.497367377739206,0.3466363232391751,0.0105763332439832,7.823274087820174,0.4387691501575952,10k-25k,exclude,0.0,0.0,0.0
237251,Biosphere,2017.0,410,7.904290396966979,7.517042883207591,0.3872475137593882,7.668026924713384,0.2362634722535945,0.0589397877394479,7.788768412997661,0.2717255297900703,200-499,eligible,0.0,0.0,0.0
238026,Greater East Asia Co-Prosperity Sphere: War in Asia and the Pacific,2017.0,102,7.960592582786884,7.447863732850429,0.5127288499364546,7.290519107712026,0.670073475074858,0.1181681428029229,7.728983022893155,0.2811192900427257,100-199,eligible,0.0,0.0,0.0
244114,Yellow & Yangtze,2018.0,2816,8.366636967280952,7.845811057454803,0.520825909826149,7.946280925519208,0.4203560417617442,0.0224897263263255,8.322557103681355,0.4767460462265509,2.5k-5k,exclude,0.0,0.0,0.0
263918,Cartographers,2019.0,31295,7.84746225338961,7.490648805128107,0.3568134482615033,7.575894587294849,0.2715676660947608,0.0067462591156964,7.834239585522845,0.3435907803947383,25k+,exclude,0.0,0.0,0.0
266964,Dice Throne: Season Two – Seraph v. Vampire Lord,2018.0,1032,7.938836830548135,7.3634712040016,0.5753656265465352,7.3081786176164,0.6306582129317349,0.0371501564638293,7.86602252387903,0.5025513198774298,1k-2.5k,eligible,0.0,0.0,0.0
267304,Mega Empires: The West,2019.0,366,8.65455353802916,7.608646555247452,1.045906982781709,7.477914607068243,1.1766389309609178,0.0623820946291276,8.53228463255607,0.9236380773086188,200-499,eligible,0.0,0.0,0.0
268586,6 nimmt! 25 Jahre,2019.0,2513,7.516844827824821,7.081843537737656,0.4350012900871647,7.149037789717019,0.3678070381078022,0.0238069769548651,7.470183152993285,0.388339615255629,2.5k-5k,exclude,0.0,0.0,0.0
286343,Conflict of Heroes: Awakening the Bear – Operation Barbarossa 1941 (Third Edition),2019.0,325,8.377959357867717,7.895793814094624,0.4821655437730925,7.921914411638786,0.4560449462289302,0.0662001258956781,8.248207111112187,0.3524132970175633,200-499,eligible,0.0,0.0,0.0
286344,Conflict of Heroes: Storms of Steel – Kursk 1943 (Third Edition),2019.0,369,8.508850892850594,7.875989495334856,0.6328613975157378,7.964542025908234,0.5443088669423606,0.0621279913545074,8.38708002979576,0.5110905344609032,200-499,eligible,0.0,0.0,0.0
286428,"Wits & Wagers: It's Vegas, Baby!",2019.0,1026,7.676242203785407,6.735447827874653,0.9407943759107537,6.806112024225465,0.8701301795599417,0.03725862430477,7.603215300148057,0.8677674722734043,1k-2.5k,eligible,0.0,0.0,0.0
287450,Nothing Personal (Revised Edition),2019.0,138,7.629914199227693,7.166746762058388,0.4631674371693055,7.099369179824896,0.5305450194027976,0.1015923374270194,7.430793217870735,0.2640464558123474,100-199,eligible,0.0,0.0,0.0
290829,Fresco: Mega Box,2020.0,111,8.225438641903068,7.255547408829733,0.9698912330733354,7.246441896352804,0.9789967455502636,0.1132762873373707,8.00341711872182,0.7478697098920888,100-199,eligible,0.0,0.0,0.0
299317,Aeon's End: Outcasts,2020.0,1087,8.807349215333737,7.815609015286858,0.9917402000468788,7.927205744739425,0.8801434705943123,0.0361980956933816,8.736400947774708,0.9207919324878506,1k-2.5k,eligible,0.0,1.0,0.0
299371,The Emerald Flame,2021.0,297,8.559843583356756,7.913681179943108,0.6461624034136477,7.896892969331951,0.6629506140248047,0.0692503975920269,8.424112804076383,0.5104316241332749,200-499,eligible,0.0,1.0,0.0
299452,Dale of Merchants 3,2020.0,794,7.899841376187654,7.293402421556756,0.6064389546308977,7.3186886993041025,0.5811526768835513,0.0423535916072709,7.816828336637402,0.5234259150806466,500-999,eligible,0.0,0.0,0.0
310442,Feierabend,2020.0,494,7.551776730486465,7.087964235408656,0.4638124950778097,7.062622127894516,0.4891546025919497,0.0536953925091615,7.446533761168509,0.3585695257598532,200-499,eligible,0.0,0.0,0.0
318472,Blood Bowl: Second Season Edition,2020.0,963,8.675588729682802,8.186691532509093,0.4888971971737099,8.204742710698223,0.4708460189845791,0.0384580581956883,8.600210935619254,0.4135194031101608,500-999,eligible,0.0,0.0,0.0
318474,Who Goes There? 2nd Edition,2021.0,312,7.892272117852087,7.394738349662948,0.4975337681891396,7.44376764813614,0.4485044697159477,0.0675652205635077,7.759844285547612,0.3651059358846644,200-499,eligible,0.0,0.0,0.0
318546,CoraQuest,2021.0,1235,7.878865537215385,7.353717304674561,0.5251482325408245,7.437422681240118,0.441442855975267,0.0339599480371387,7.812304039062593,0.4585867343880325,1k-2.5k,eligible,0.0,1.0,0.0
318709,For Sale Autorama,2021.0,520,7.704089664157911,7.213342459449972,0.4907472047079384,7.253957554053001,0.45013211010491,0.0523357948050593,7.601511506339994,0.3881690468900222,500-999,eligible,0.0,0.0,0.0
323784,Ghost Letters,2020.0,264,7.687879960087717,7.080562848697237,0.6073171113904801,7.064030303984222,0.6238496561034959,0.0734511386057802,7.543915728420388,0.4633528797231508,200-499,eligible,0.0,0.0,0.0
324320,Planet etuC,2020.0,280,7.681839148849474,6.754615489907055,0.9272236589424194,6.777649285123154,0.9041898637263204,0.0713216661455134,7.542048683204268,0.7874331932972131,200-499,eligible,0.0,0.0,0.0
324344,Twinkle Starship,2020.0,264,7.955937487615062,6.941540184833389,1.0143973027816724,6.9603269456775365,0.9956105419375252,0.0734511386057802,7.811973255947732,0.8704330711143432,200-499,eligible,0.0,0.0,0.0
324711,Schadenfreude,2020.0,821,8.334325814342495,7.158719469183561,1.1756063451589345,7.105553756317558,1.228772058024937,0.0416513341755915,8.252689199358336,1.093969730174775,500-999,eligible,0.0,0.0,0.0
329873,Grove: 9 card solitaire game,2021.0,2256,7.782871890991841,7.31312245572766,0.4697494352641813,7.289079848655538,0.4937920423363033,0.0251264392807488,7.733624070001573,0.4205016142739136,1k-2.5k,borderline,0.0,0.0,0.0
331259,Sleeping Gods: Kickstarter Edition,2021.0,315,8.676128674113004,7.644739703241706,1.0313889708712978,7.684568225586592,0.9915604485264122,0.0672427117026874,8.544332959175737,0.8995932559340305,200-499,eligible,0.0,1.0,0.0
341753,Tholos,2021.0,370,7.641488639937717,7.199534274498502,0.4419543654392148,7.216879019509729,0.4246096204279874,0.0620439778051147,7.519882443439692,0.3203481689411899,200-499,eligible,0.0,0.0,0.0
342508,Snapshot: Wildlife Photographer,2021.0,123,7.564852797076833,7.062079369471915,0.502773427604918,7.019787276679111,0.5450655203977224,0.1076088375982068,7.3539394753843474,0.2918601059124327,100-199,eligible,0.0,0.0,0.0
347112,Secret Identity,2022.0,925,7.691148303514825,7.087241371221877,0.603906932292948,7.108310206512797,0.5828380970020275,0.0392400569922194,7.614237791810074,0.526996420588198,500-999,eligible,0.0,0.0,0.0
347767,Ostia,2022.0,508,8.271735481803697,7.845222485892005,0.4265129959116915,7.829527269889837,0.4422082119138597,0.0529503261738926,8.167952842502867,0.322730356610862,500-999,eligible,0.0,0.0,0.0
347900,Tin Helm,2021.0,546,7.609715624072068,7.010776239027521,0.598939385044547,7.065500189211857,0.5442154348602113,0.0510745059680768,7.509609592374637,0.4988333533471164,500-999,eligible,0.0,0.0,0.0
349703,Race! Formula 90: 2nd Edition,2023.0,239,9.03671703784806,8.246800459269704,0.7899165785783566,8.346580766928874,0.6901362709191865,0.077197199455354,8.885410526915566,0.6386100676458627,200-499,eligible,0.0,0.0,0.0
359929,Hachi Train,2021.0,104,8.08936433351446,6.840239215644502,1.2491251178699585,6.83929034597498,1.25007398753948,0.1170263948405929,7.859992599626898,1.0197533839823962,100-199,eligible,0.0,0.0,0.0
360152,Marvel Dice Throne: Black Widow v. Doctor Strange,2022.0,464,7.9678949915314226,7.540858405334276,0.4270365861971461,7.523634406399339,0.444260585132084,0.055404049111648,7.859303055272592,0.3184446499383159,200-499,eligible,0.0,0.0,0.0
360332,Masters of the Universe: Battleground,2022.0,158,8.107071534526003,7.510724951456716,0.5963465830692876,7.6332522547349235,0.4738192797910798,0.0949449679809969,7.920979397283249,0.4102544458265335,100-199,eligible,0.0,0.0,0.0
360931,DC Deck-Building Game: Injustice,2023.0,149,7.879686349755547,7.45600871623895,0.423677633516597,7.531377478547826,0.3483088712077204,0.0977703931694625,7.6880563791434,0.2320476629044504,100-199,eligible,0.0,0.0,0.0
367396,Avalon: Big Box,2022.0,398,8.346901925748652,7.410072508912275,0.9368294168363764,7.484410324550556,0.8624916011980961,0.059821728823544,8.229651337254506,0.8195788283422301,200-499,eligible,0.0,0.0,0.0
367625,Set A Watch: Forsaken Isles,2024.0,121,8.161960359969784,7.670774184685568,0.4911861752842164,7.637536891584974,0.5244234683848106,0.1084945219813813,7.949311096886277,0.2785369122007089,100-199,eligible,0.0,1.0,0.0
368046,La Bête,2022.0,232,7.671660273853918,7.207479177497804,0.4641810963561141,7.317096166630945,0.3545641072229735,0.0783531576640776,7.518088084832326,0.3106089073345219,200-499,eligible,0.0,0.0,0.0
398162,MicroMacro: Crime City – Showdown,2023.0,452,8.274026909309363,7.0223735564075245,1.2516533529018383,7.100988723175883,1.1730381861334802,0.0561346835132536,8.164002929623386,1.1416293732158616,200-499,eligible,0.0,1.0,0.0
398996,Panda Royale,2024.0,206,7.756662317104642,7.003910783204335,0.7527515339003079,7.0408984825249945,0.715763834579648,0.0831508868676376,7.593686578844073,0.5897757956397383,200-499,eligible,0.0,0.0,0.0
400617,Mythic Mischief Vol. II,2024.0,112,8.134382487398797,7.634036903988514,0.500345583410283,7.670088941389766,0.4642935460090314,0.1127694557689722,7.913354354091612,0.2793174501030974,100-199,eligible,0.0,0.0,0.0
401493,FateFlip: Washed Ashore,2024.0,178,7.539375435205247,6.633644100218271,0.9057313349869762,6.708965950697536,0.8304094845077117,0.0894520905382537,7.36404933775027,0.7304052375319989,100-199,eligible,0.0,0.0,0.0
405460,CATsle Builders,2023.0,130,8.226736586299314,7.290498702485461,0.9362378838138524,7.21877357171978,1.0079630145795342,0.1046715896101186,8.021580270663481,0.7310815681780201,100-199,eligible,0.0,0.0,0.0
406174,Kinfire Delve: Callous' Lab,2024.0,284,8.423013689410212,7.552040105251732,0.8709735841584791,7.535971002469928,0.8870426869402834,0.0708176197861072,8.28421115462944,0.7321710493777089,200-499,eligible,0.0,1.0,0.0
406322,Saboteur: 20 Jahre-Edition,2024.0,239,7.819608705673618,7.343479039110456,0.4761296665631622,7.40443114904426,0.4151775566293576,0.077197199455354,7.668302194741124,0.3248231556306683,200-499,eligible,0.0,0.0,0.0
408836,Aqua ROVE: Results-Oriented Versatile Explorer,2024.0,145,7.96313453405051,7.109825894134268,0.853308639916242,7.140220938810341,0.8229135952401689,0.0991097760339054,7.768879373024055,0.6590534788897873,100-199,eligible,0.0,0.0,0.0
60,Vinci,1999.0,4030,7.528127562300138,7.135382205677802,0.3927453566223366,7.097198629391972,0.4309289329081665,0.0187995724655479,7.491280400267664,0.3558981945898626,2.5k-5k,exclude,0.0,0.0,0.0
150,PitchCar,1995.0,11175,7.615857162300742,6.692312405814821,0.9235447564859208,6.679431576133343,0.9364255861673988,0.0112895525630329,7.593729639277197,0.901417233462376,10k-25k,exclude,0.0,0.0,0.0
154,Union vs. Central,1999.0,110,7.573011873872863,7.029104314027981,0.5439075598448824,7.026200862236584,0.5468110116362794,0.1137900146320637,7.349983445194018,0.3208791311660374,100-199,eligible,0.0,0.0,0.0
1821,Grant Takes Command,2001.0,288,8.339677299821991,7.513612912290874,0.8260643875311171,7.672349878820668,0.6673274210013229,0.070324111196742,8.201842041876377,0.6882291295855026,200-499,eligible,0.0,0.0,0.0
3406,Lines of Action,1969.0,557,7.539860150196591,6.581634716570571,0.95822543362602,6.566290071179104,0.9735700790174872,0.0505676647716693,7.440747527244119,0.8591128106735482,500-999,eligible,0.0,0.0,0.0
3412,Brandywine,2000.0,216,7.618778711325079,7.056101107005482,0.5626776043195978,7.10653171720365,0.5122469941214298,0.0812032890599204,7.4596202647676355,0.4035191577621538,200-499,eligible,0.0,0.0,0.0
3523,Decision At Kasserine: Rommel's Last Chance,1983.0,103,7.50775234395977,6.9297642469016765,0.5779880970580935,7.01200860759209,0.4957437363676797,0.1175931119315639,7.277269844573905,0.3475055976722281,100-199,eligible,0.0,0.0,0.0
3605,The Third World War: Battle for Germany,1984.0,442,7.963252239986311,7.244548764221079,0.7187034757652313,7.359607757317091,0.6036444826692193,0.0567661396368238,7.851990606298136,0.6074418420770566,200-499,eligible,0.0,0.0,0.0
11057,The Great Battles of Alexander: Deluxe Edition,1995.0,714,7.991412751515143,7.436424327889224,0.554988423625919,7.6339578311619345,0.3574549203532084,0.0446633598209858,7.903872566266011,0.4674482383767868,500-999,eligible,0.0,0.0,0.0
11122,Proud Monster: The Barbarossa Campaign,1994.0,160,7.504905461299908,7.11077658080767,0.3941288804922385,7.19321890584305,0.3116865554568582,0.0943496958559016,7.319980057422342,0.2092034766146713,100-199,eligible,0.0,0.0,0.0
11170,Heroscape Master Set: Rise of the Valkyrie,2004.0,7868,7.539258609853374,7.018960683573653,0.5202979262797216,7.075357521878761,0.4639010879746132,0.0134545234581738,7.512887743875353,0.4939270603017008,5k-10k,exclude,0.0,0.0,0.0
11436,La Bataille d'Orthez,2000.0,116,7.831673449932202,7.397249590890713,0.4344238590414893,7.391022180023418,0.4406512699087841,0.1108080982232961,7.614489577414542,0.2172399865238289,100-199,eligible,0.0,0.0,0.0
15839,Bonaparte at Marengo,2003.0,872,7.851725287777261,7.463266757753024,0.3884585300242369,7.370309330292157,0.4814159574851038,0.0404149693134327,7.772511947922933,0.3092451901699087,500-999,eligible,0.0,0.0,0.0
16747,Tumblin' Dice,2004.0,4786,7.619640926524079,6.524368242959536,1.0952726835645432,6.547241606818034,1.0723993197060455,0.0172509949766416,7.585828976369862,1.0614607334103254,2.5k-5k,exclude,0.0,0.0,0.0
21551,SPQR (Deluxe Edition),2008.0,867,8.270033227834181,7.84290963544913,0.4271235923850511,7.966113403194264,0.3039198246399177,0.0405313385992384,8.190591804179673,0.3476821687305438,500-999,eligible,0.0,0.0,0.0
21779,1914: Twilight in the East,2007.0,189,8.283356778744976,7.8109980501659795,0.4723587285789961,7.9214903388398845,0.361866439905091,0.0868099675261116,8.113209242393797,0.3022111922278172,100-199,eligible,0.0,0.0,0.0
42910,Peloponnes,2009.0,2936,7.601884738863157,7.112805212551375,0.489079526311782,7.149165216036359,0.4527195228267988,0.022025332341344,7.558715087474123,0.4459098749227476,2.5k-5k,exclude,0.0,0.0,0.0
58624,Storm Over Dien Bien Phu,2014.0,212,7.879551152036691,7.304425597573033,0.575125554463658,7.201509659168144,0.6780414928685472,0.0819657779858829,7.71889822718436,0.4144726296113274,200-499,eligible,0.0,0.0,0.0
59335,Wherewolf,2009.0,164,7.505710001170089,6.334947442025257,1.1707625591448316,6.291528211380209,1.2141817897898797,0.0931919870317611,7.323053706587837,0.9881062645625798,100-199,eligible,0.0,0.0,0.0
61458,Kaigan,2009.0,459,7.597244757919161,6.972491206243019,0.6247535516761422,6.992021352056996,0.6052234058621648,0.055704996730778,7.488062964326836,0.5155717580838172,200-499,eligible,0.0,0.0,0.0
66855,The Dark Valley,2013.0,483,8.080628804303457,7.748880298333701,0.331748505969756,7.834062999753423,0.246565804550034,0.0543033885390625,7.974194162766894,0.2253138644331934,200-499,eligible,0.0,0.0,0.0
67199,The Coming Storm: Quadrigame of the Fourth Coalition October 1806 - June 1807,2010.0,132,8.216467481879732,7.309230601725922,0.9072368801538104,7.433702524422552,0.7827649574571804,0.1038755963880404,8.012871312959174,0.7036407112332512,100-199,eligible,0.0,0.0,0.0
68076,Conflict of Heroes: Guadalcanal – The Pacific 1942,2016.0,489,8.164463255512826,7.662505787705575,0.5019574678072516,7.578891334925819,0.5855719205870074,0.0539692106667513,8.058683602605994,0.3961778149004188,200-499,eligible,0.0,0.0,0.0
68199,Catchup,2010.0,135,8.018880163988579,6.528659065363479,1.4902210986250992,6.624218325742067,1.3946618382465117,0.1027149387705526,7.817558883998295,1.288899818634816,100-199,eligible,0.0,0.0,0.0
97683,Age of Rail: South Africa,2011.0,277,8.731969342439568,6.95518779732582,1.7767815451137476,7.009799235172364,1.722170107267203,0.0717068444612192,8.591423927295578,1.636236129969758,200-499,eligible,0.0,0.0,0.0
103670,Dust Warfare: Core Rulebook,2012.0,138,7.578254355872066,7.143191476212978,0.4350628796590881,7.11885432901776,0.4594000268543068,0.1015923374270194,7.379133374515108,0.2359418983021299,100-199,eligible,0.0,0.0,0.0
108687,Puerto Rico,2011.0,5629,8.612416966736454,7.699668005207418,0.9127489615290364,7.759049402975839,0.8533675637606155,0.0159068751178971,8.581239491505375,0.881571486297958,5k-10k,exclude,0.0,0.0,0.0
129122,Band of Brothers: Ghost Panzer,2013.0,420,8.209231881375956,7.420006407750661,0.7892254736252955,7.4402652281471156,0.7689666532288406,0.0582338965538804,8.09509344413035,0.6750870363796898,200-499,eligible,0.0,0.0,0.0
129156,"Celles: The Ardennes, December 23-27, 1944",2012.0,382,8.019109969489921,7.253910678916137,0.7651992905737846,7.364321164985903,0.6547888045040189,0.0610616892020676,7.899429058653869,0.6455183797377321,200-499,eligible,0.0,0.0,0.0
147190,Yggdrasil (Second Edition with Asgard Expansion),2013.0,250,7.941970165184061,6.845903818343208,1.0960663468408525,6.870128926260438,1.0718412389236225,0.0754797566847212,7.794029842082007,0.9481260237387988,200-499,eligible,0.0,1.0,0.0
154910,Darklight: Memento Mori,2018.0,428,8.117082901044968,7.622451247684506,0.4946316533604626,7.605976110792138,0.5111067902528301,0.0576870872935325,8.004016209949645,0.381564962265139,200-499,eligible,0.0,1.0,0.0
158889,Summoner Wars: Alliances Master Set,2014.0,1794,8.286580762765244,7.353263554208762,0.9333172085564811,7.327950251693901,0.9586305110713428,0.0281766447528736,8.231354539049612,0.8780909848408487,1k-2.5k,borderline,0.0,0.0,0.0
159469,Ortus Regni,2014.0,602,8.03562590893062,7.44811006920848,0.5875158397221387,7.333170362572392,0.7024555463582267,0.048640972592843,7.9402896026486465,0.4921795334401663,500-999,eligible,0.0,0.0,0.0
163413,Murano,2014.0,2297,7.664776722626979,7.27166784342676,0.3931088792002191,7.313201766977366,0.351574955649613,0.0249011840490027,7.615970401890934,0.3443025584641737,1k-2.5k,borderline,0.0,0.0,0.0
167650,"Last Battle: Ie Shima, 1945",2015.0,125,7.51767395484638,7.120308000148839,0.3973659546975412,7.109617225495015,0.4080567293513653,0.1067444955881541,7.308454743493598,0.1881467433447591,100-199,eligible,0.0,0.0,0.0
175223,Valley of the Kings: Afterlife,2015.0,1996,7.580595467537578,7.143812477699749,0.4367829898378295,7.217892077070777,0.3627033904668009,0.0267128501169536,7.528238281308349,0.3844258036086002,1k-2.5k,borderline,0.0,0.0,0.0
178212,Treasure Mountain,2019.0,182,7.652446198801517,7.016553226709943,0.6358929720915736,6.922505904312398,0.7299402944891185,0.0884636393081889,7.479057465757466,0.4625042390475232,100-199,eligible,0.0,0.0,0.0
178550,Spheres of Influence: Struggle for Global Supremacy,2016.0,392,7.964695200427984,7.175104432959213,0.7895907674687717,7.145967475359679,0.8187277250683049,0.0602778095972074,7.846550693617457,0.671446260658245,200-499,eligible,0.0,0.0,0.0
182982,Horse & Musket: Dawn of an Era,2017.0,124,8.070850873864464,7.282775334050848,0.7880755398136152,7.358739015379754,0.7121118584847093,0.1071740526379411,7.860789730694099,0.5780143966432506,100-199,eligible,0.0,0.0,0.0
188885,Grasse: Mestres Perfumistas,2018.0,101,7.921281126850633,6.940188596553167,0.9810925302974658,6.860989874976726,1.060291251873907,0.1187516927360825,7.688527809087911,0.7483392125347439,100-199,eligible,0.0,0.0,0.0
195372,Krazy Wordz: Nicht 100% jugendfrei,2016.0,1080,7.590985157725267,6.682965831691176,0.9080193260340916,6.76741628665928,0.8235688710659872,0.0363152148669094,7.519807336586125,0.8368415048949492,1k-2.5k,eligible,0.0,0.0,0.0
206490,An Infamous Traffic,2016.0,726,8.052590852494932,7.584403909979898,0.4681869425150342,7.782466292872998,0.2701245596219337,0.0442927031235929,7.96577715437269,0.3813732443927921,500-999,eligible,0.0,0.0,0.0
219650,Arydia: The Paths We Dare Tread,2025.0,637,9.388250917291272,8.322519916628782,1.06573100066249,8.333870037148174,1.054380880143098,0.0472858042111986,9.295570741037322,0.9730508244085406,500-999,eligible,0.0,1.0,0.0
220517,The Shipwreck Arcana,2017.0,4026,7.829009691599111,7.468686542006136,0.3603231495929755,7.437755789006394,0.3912539025927177,0.0188089092292055,7.792144229509868,0.3234576875037326,2.5k-5k,exclude,0.0,1.0,0.0
220827,Planet Apocalypse,2020.0,706,8.161401031210083,7.732051783688222,0.429349247521861,7.772377392150343,0.3890236390597401,0.0449156971951585,8.073366264707573,0.3413144810193503,500-999,eligible,0.0,1.0,0.0
240271,Core Space,2019.0,770,8.39679021852471,7.824063015039595,0.5727272034851154,7.822869931786821,0.5739202867378896,0.0430085829141202,8.312493396013036,0.4884303809734397,500-999,eligible,0.0,1.0,0.0
242227,"Nightfighter Ace: Air Defense Over Germany, 1943-44",2018.0,256,8.020507507385547,7.4953849351837825,0.5251225722017647,7.496554629976401,0.5239528774091458,0.0745899838621996,7.874311139015636,0.3789262038318534,200-499,eligible,0.0,0.0,0.0
249106,SPQF,2018.0,179,7.632249794999522,7.272252644045354,0.3599971509541682,7.320446003387168,0.3118037916123537,0.0892018744102537,7.457414121155424,0.1851614771100707,100-199,eligible,0.0,0.0,0.0
249381,The Estates,2018.0,4020,8.012692159120972,7.56673321551655,0.4459589436044222,7.548306150425596,0.4643860086953761,0.0188229404950355,7.975799195750702,0.4090659802341526,2.5k-5k,exclude,0.0,0.0,0.0
254708,Roll Player Adventures,2021.0,1947,8.39461804491672,7.537125591936027,0.8574924529806935,7.6381403623432576,0.7564776825734629,0.0270469015424851,8.34160611789345,0.8044805259574226,1k-2.5k,borderline,0.0,1.0,0.0
255392,The Acts,2018.0,118,7.58842317432404,6.818383850567116,0.7700393237569241,6.784979436444482,0.803443737879558,0.1098650334287785,7.373087708803634,0.5547038582365181,100-199,eligible,0.0,0.0,0.0
255516,Brave Little Belgium,2019.0,201,7.864816876399458,7.368343127145616,0.496473749253842,7.405514833737952,0.4593020426615064,0.0841787489666658,7.6998265284247935,0.3314834012791769,200-499,eligible,0.0,0.0,0.0
255659,Ground Floor (Second Edition),2018.0,417,7.969032960172703,7.589422650898532,0.3796103092741703,7.516887602970325,0.4521453572023777,0.0584429955984737,7.854484688799694,0.2650620379011618,200-499,eligible,0.0,0.0,0.0
259121,Less Than 60 Miles,2019.0,101,8.648837329259095,7.999830488800043,0.6490068404590517,8.104493416335988,0.5443439129231074,0.1187516927360825,8.416084011496373,0.4162535226963298,100-199,eligible,0.0,0.0,0.0
260234,Middle-Earth Strategy Battle Game: Rules Manual,2018.0,144,8.842478847140908,7.273310230295314,1.5691686168455945,7.299323826051387,1.5431550210895215,0.0994533118162662,8.647550355981027,1.3742401256857126,100-199,eligible,0.0,0.0,0.0
261114,Men at Work,2018.0,3519,7.526198065821401,7.11161453608614,0.4145835297352604,7.052767436092756,0.4734306297286448,0.0201182806577241,7.486766235732261,0.3751516996461212,2.5k-5k,exclude,0.0,0.0,0.0
270633,Aeon's End: The New Age,2019.0,2859,8.76622729807018,7.846922487020503,0.9193048110496777,7.966757310875465,0.7994699871947155,0.0223199603190741,8.722480175844796,0.8755576888242922,2.5k-5k,exclude,0.0,1.0,0.0
276169,For What Remains: Streets of Ruin,2020.0,135,8.036951564738006,7.530231333736195,0.5067202310018111,7.399045441272298,0.637906123465708,0.1027149387705526,7.835630284747722,0.3053989510115278,100-199,eligible,0.0,0.0,0.0
285036,Shadow Kingdoms of Valeria,2021.0,935,7.908011924234927,7.510105473599227,0.3979064506357002,7.460552615899989,0.4474593083349383,0.0390296530254886,7.8315138043049695,0.3214083307057425,500-999,eligible,0.0,0.0,0.0
285115,Peak Oil: Profiteer,2022.0,160,7.587191160737319,7.229024963964626,0.358166196772693,7.185511225769913,0.4016799349674063,0.0943496958559016,7.402265756859752,0.1732407928951259,100-199,eligible,0.0,0.0,0.0
291794,Dice Throne: Season One ReRolled,2020.0,2794,8.41650251131785,7.558429072189638,0.8580734391282121,7.558178889900784,0.8583236214170658,0.0225780949430742,8.372249445229425,0.8138203730397865,2.5k-5k,exclude,0.0,0.0,0.0
298562,Minigolf Designer,2020.0,493,8.144384082263926,7.222537318584672,0.9218467636792536,7.146109134035278,0.998274948228648,0.0537498227233489,8.039034429726161,0.8164971111414896,200-499,eligible,0.0,0.0,0.0
308368,Digimon Card Game,2020.0,175,7.64455187342677,6.626495234022283,1.0180566394044872,6.656116049342488,0.9884358240842815,0.0902155646151778,7.467729366781021,0.8412341327587387,100-199,eligible,0.0,0.0,0.0
308388,Egizia: Shifting Sands – Kickstarter Edition,2019.0,167,8.118981118295055,7.4464577741087155,0.6725233441863399,7.384468412704663,0.734512705590392,0.0923511398830663,7.937972884124245,0.4915151100155298,100-199,eligible,0.0,0.0,0.0
308762,Mystic Vale: Essential Edition,2020.0,611,8.127349296347505,7.399661823365609,0.7276874729818967,7.499723609392637,0.6276256869548682,0.0482814040046632,8.032717744498365,0.6330559211327569,500-999,eligible,0.0,0.0,0.0
315048,Survive: Escape from Atlantis!,2010.0,384,7.551906702794063,6.3813432953587945,1.1705634074352682,6.474465280048333,1.0774414227457294,0.0609024667949403,7.43253786787598,1.0511945725171852,200-499,eligible,0.0,0.0,0.0
315252,Murano: Complete Edition,2020.0,116,7.827608699495781,7.314186765720795,0.5134219337749863,7.344930405333605,0.4826782941621763,0.1108080982232961,7.610424826978121,0.296238061257326,100-199,eligible,0.0,0.0,0.0
315976,Dungeon Fighter in the Chambers of Malevolent Magma,2022.0,107,7.976946063049983,7.155774334787594,0.8211717282623887,7.157688439119832,0.8192576239301506,0.115374174587065,7.750812680859336,0.5950383460717413,100-199,eligible,0.0,1.0,0.0
316343,Capital Lux 2: Pocket,2021.0,299,8.028935439312766,7.260961748888373,0.7679736904243928,7.286696702643258,0.742238736669508,0.0690184023082095,7.893659370788676,0.6326976219003021,200-499,eligible,0.0,0.0,0.0
329089,A Most Fearful Sacrifice: The Three Days of Gettysburg,2022.0,214,8.75106994714782,8.242487482517811,0.5085824646300097,8.371843189118216,0.3792267580296045,0.0815818612243143,8.591169499148165,0.3486820166303536,200-499,eligible,0.0,0.0,0.0
334137,Top Ten 18+,2021.0,398,7.670333879403267,6.850509839017052,0.8198240403862149,6.866361314048463,0.8039725653548038,0.059821728823544,7.553083290909121,0.7025734518920685,200-499,eligible,0.0,1.0,0.0
334216,Thunder Rolls,2022.0,140,7.555008206551561,7.167074025524469,0.3879341810270915,7.188242148806465,0.3667660577450959,0.1008640675540311,7.357314634145659,0.1902406086211905,100-199,eligible,0.0,0.0,0.0
334537,Altay: Dawn of Civilization,2024.0,173,7.799223676090542,7.430707313766383,0.3685163623241587,7.461051382502163,0.3381722935883795,0.0907355433570639,7.621382011110697,0.1906746973443134,100-199,eligible,0.0,0.0,0.0
335212,Sentinels of the Multiverse: Definitive Edition,2022.0,1290,8.4381899833101,8.089504222313048,0.3486857609970517,8.045699964677693,0.3924900186324063,0.0332281100911502,8.373062887531445,0.2835586652183973,1k-2.5k,eligible,0.0,1.0,0.0
335446,Maximum Apocalypse: Wasted Wilds,2023.0,183,8.183419413049869,7.513668674306755,0.6697507387431134,7.417018862070135,0.7664005509797338,0.0882216042737541,8.01050506867331,0.4968363943665553,100-199,eligible,0.0,1.0,0.0
335764,"Unmatched: Battle of Legends, Volume Two",2021.0,2647,8.380901344042291,7.601181689179393,0.7797196548628982,7.675113873006117,0.7057874710361745,0.0231965568203,8.335436092674502,0.7342544034951101,2.5k-5k,exclude,0.0,0.0,0.0
336847,Tyrants of the Underdark: Board Game,2021.0,2602,8.558942084044283,7.900885216767438,0.6580568672768443,8.02428505652411,0.5346570275201721,0.0233962821278983,8.513085371073602,0.6122001543061635,2.5k-5k,exclude,0.0,0.0,0.0
336849,Kemet: Blood and Sand – Kickstarter Edition,2021.0,269,8.510012963754527,8.002891241923903,0.5071217218306234,7.854473376809892,0.6555395869446343,0.0727653052998208,8.367392965366877,0.3645017234429745,200-499,eligible,0.0,0.0,0.0
346597,"Worldspanner Factions, Set 1: Heroes",2024.0,144,8.912937375932223,8.00680694343345,0.9061304324987738,8.055856204137397,0.8570811717948263,0.0994533118162662,8.718008884772342,0.7112019413388919,100-199,eligible,0.0,0.0,0.0
359211,The Old Prince 1871,2022.0,215,9.401329632157992,9.015723186617336,0.385606445540656,8.991415824632892,0.4099138075251005,0.0813919148403426,9.24180147907092,0.2260782924535844,200-499,eligible,1.0,0.0,0.0
359315,Sorcery: Contested Realm,2022.0,143,8.5874483404266,7.947576319052372,0.639872021374229,7.899873397037314,0.6875749433892864,0.0998004448501157,8.391839468520374,0.4442631494680022,100-199,eligible,0.0,0.0,0.0
359609,Arkham Horror: The Card Game (Revised Edition),2021.0,3235,8.853143167791815,8.305389888958192,0.547753278833623,8.171436320798282,0.6817068469935332,0.0209827957590474,8.812016888104083,0.50662699914589,2.5k-5k,exclude,0.0,1.0,0.0
359613,Triomphe à Marengo,2023.0,198,8.762329824228049,8.140648620922294,0.621681203305755,8.020250771983298,0.7420790522447511,0.0848140692926634,8.596094248414428,0.4554456274921347,100-199,eligible,0.0,0.0,0.0
371140,Ticket to Ride: Northern Lights,2022.0,223,8.097440438231734,7.106939479837788,0.9905009583939464,7.198466887125061,0.898973551106673,0.0799186362394187,7.940799911202474,0.8338604313646857,200-499,eligible,0.0,0.0,0.0
371433,Terrorscape,2023.0,1384,8.441678293544387,7.390620336814745,1.0510579567296414,7.467183517278636,0.9744947762657504,0.0320798590012129,8.37880176990201,0.988181433087264,1k-2.5k,eligible,0.0,0.0,0.0
386538,Astro Knights: Eternity,2024.0,316,8.648403452493088,7.88035621502838,0.7680472374647085,7.961461892092208,0.6869415604008804,0.0671362306989026,8.51681644032324,0.6364602252948595,200-499,eligible,0.0,1.0,0.0
386906,Bohnanza: Dahlias,2023.0,140,8.049672248703017,6.856279438815221,1.1933928098877953,6.784595434592198,1.2650768141108184,0.1008640675540311,7.851978676297115,0.9956992374818944,100-199,eligible,0.0,0.0,0.0
387866,Star Wars: Unlimited,2024.0,2151,8.355707862049519,7.552968467453331,0.8027393945961876,7.518727841183653,0.836980020865866,0.0257323998184513,8.305272358405354,0.752303890952023,1k-2.5k,borderline,0.0,0.0,0.0
390406,The Morrison Game Factory,2024.0,146,8.593847282891009,7.508896266524948,1.0849510163660607,7.527793644855315,1.0660536380356938,0.0987697758001792,8.400258522322657,0.8913622557977093,100-199,eligible,0.0,1.0,0.0
391795,Kinfire Delve: Vainglory's Grotto,2023.0,793,8.094351185562232,7.59029052893186,0.5040606566303723,7.577914180075076,0.5164370054871554,0.0423802878542377,8.011285821367926,0.4209952924360663,500-999,eligible,0.0,1.0,0.0
392513,Mindbug: Beyond Eternity,2023.0,510,8.386332913498592,7.600071153980794,0.7862617595177976,7.5482273426099535,0.8381055708886382,0.0528464000164476,8.282753969466354,0.6826828154855603,500-999,eligible,0.0,0.0,0.0
220,High Society,1995.0,14540,7.57252370946446,6.815776549635938,0.7567471598285218,6.836671098227722,0.7358526112367381,0.0098973355080002,7.55312493186878,0.7373483822328414,10k-25k,exclude,0.0,0.0,0.0
234,Hannibal: Rome vs. Carthage,1996.0,4888,8.191402712786338,7.823785779362877,0.3676169334234611,7.86490978456148,0.3264929282248587,0.0170700540884523,8.157945406772972,0.3341596274100945,2.5k-5k,exclude,0.0,0.0,0.0
552,Bus,1999.0,4136,8.283094723330892,7.298164976019565,0.9849297473113268,7.306190390585074,0.9769043327458178,0.0185571052444142,8.24672279705184,0.9485578210322748,2.5k-5k,exclude,0.0,0.0,0.0
631,Daytona 500,1990.0,1007,7.501685223900743,6.482758357725659,1.018926866175084,6.494187674574933,1.0074975493258105,0.0376084782178057,7.427972606593844,0.945214248868185,1k-2.5k,eligible,0.0,0.0,0.0
3263,Ukraine '43: The Soviet Summer Offensive Against Army Group South,2000.0,476,8.261351689446284,7.4607905560344285,0.8005611334118559,7.535342231057184,0.7260094583891004,0.0547012208798695,8.15413729652174,0.6933467404873115,200-499,eligible,0.0,0.0,0.0
6253,"'Wacht am Rhein': The Battle of the Bulge, 16 Dec 44 – 2 Jan 45",1977.0,137,7.559213421627537,7.139409379463276,0.4198040421642615,7.20157546297801,0.3576379586495273,0.1019624382426238,7.359367042671995,0.2199576632087187,100-199,eligible,0.0,0.0,0.0
8730,Flying Colors,2003.0,887,7.827703154849988,7.344643411367789,0.4830597434821984,7.475164577676356,0.3525385771736316,0.0400717847595732,7.749162456721224,0.4045190453534348,500-999,eligible,0.0,0.0,0.0
15274,La Bataille de la Moscowa,1975.0,129,7.842411861376383,7.231332394594565,0.6110794667818178,7.331182755687138,0.5112291056892451,0.1050765102308597,7.636461901323898,0.4051295067293326,100-199,eligible,0.0,0.0,0.0
15364,Vegas Showdown,2005.0,6379,7.546355269094104,7.165748151780484,0.3806071173136205,7.291350907993188,0.2550043611009167,0.014942532007111,7.517067906360167,0.3513197545796829,5k-10k,exclude,0.0,0.0,0.0
18485,18MEX,2005.0,647,8.568871388950305,8.15314104224045,0.4157303467098536,8.258462466666067,0.3104089222842372,0.0469189576752243,8.476910231906865,0.3237691896664139,500-999,eligible,1.0,0.0,0.0
18746,Gustav Adolf the Great: With God and Victorious Arms,2006.0,263,8.081944982283245,7.642580766749603,0.4393642155336419,7.64168708650125,0.4402578957819951,0.0735906470669128,7.937707314032096,0.2951265472824927,200-499,eligible,0.0,0.0,0.0
19056,Square on Sale,2002.0,178,7.902040237077352,6.541796798147786,1.360243438929566,6.56963092702456,1.3324093100527916,0.0894520905382537,7.726714139622374,1.1849173414745888,100-199,eligible,0.0,0.0,0.0
22161,WestFront II: The War in Europe 1943-45 – Second Edition,2006.0,184,8.142218568269248,7.414266091877211,0.7279524763920371,7.274327383595633,0.8678911846736153,0.0879815450416394,7.969774739987635,0.5555086481104238,100-199,eligible,0.0,0.0,0.0
27739,Hearts and Minds: Vietnam 1965-1975,2010.0,407,7.974151497348006,7.305440734126938,0.6687107632210685,7.207830195297971,0.7663213020500352,0.0591566117251607,7.858204538366691,0.5527638042397534,200-499,eligible,0.0,0.0,0.0
31443,"The Habit of Victory: From Warsaw to Eylau to Friedland, 1806-7",2007.0,101,7.872097709989428,7.349687187034755,0.5224105229546732,7.485191159000495,0.3869065509889333,0.1187516927360825,7.639344392226707,0.2896572051919513,100-199,eligible,0.0,0.0,0.0
33767,Yavalath,2007.0,256,7.589164746620361,6.57649428962757,1.0126704569927911,6.690521806110734,0.8986429405096272,0.0745899838621996,7.44296837825045,0.8664740886228798,200-499,eligible,0.0,0.0,0.0
34098,Guelphs and Ghibellines,2009.0,114,8.129029668387597,7.044679731591845,1.0843499367957516,7.1985682414918735,0.9304614268957234,0.11177587291431,7.909948957475549,0.865269225883704,100-199,eligible,0.0,0.0,0.0
36424,"Gulf, Mobile & Ohio",2008.0,525,8.011867937577522,6.979980641435676,1.0318872961418464,7.1430158735563705,0.8688520640211514,0.0520859805156669,7.909779415766814,0.9297987743311392,500-999,eligible,0.0,0.0,0.0
41490,Phantom Leader,2010.0,494,7.624147885684261,7.170266987306206,0.4538808983780544,7.212954959205589,0.4111929264786713,0.0536953925091615,7.518904916366305,0.3486379290600979,200-499,eligible,0.0,0.0,0.0
54043,Jaipur,2009.0,52305,7.695117185110973,7.189614998651004,0.5055021864599691,7.217215931563118,0.4779012535478557,0.0052182981924343,7.684889320653802,0.4952743220027978,25k+,exclude,0.0,0.0,0.0
68820,Enemy Action: Ardennes,2015.0,602,8.775585322665737,8.412926092216857,0.3626592304488802,8.473779689760113,0.3018056329056247,0.048640972592843,8.680249016383765,0.2673229241669078,500-999,eligible,0.0,0.0,0.0
96007,The New Era,2011.0,1289,7.859750468119382,7.4038514392616115,0.4558990288577709,7.347877555024764,0.511872913094618,0.0332409966962851,7.794598114594663,0.3907466753330521,1k-2.5k,eligible,0.0,0.0,0.0
96749,Fading Glory,2012.0,593,7.808928933439755,7.396881265137054,0.4120476683027005,7.529108563409524,0.2798203700302304,0.0490086962255385,7.712871888837699,0.3159906237006449,500-999,eligible,0.0,0.0,0.0
111341,The Great Zimbabwe,2012.0,4984,8.500260041357206,7.805319449870527,0.6949405914866791,7.865428911110623,0.6348311302465834,0.0169048561299323,8.46712652334254,0.6618070734720116,2.5k-5k,exclude,0.0,0.0,0.0
120265,"Supply Lines of the American Revolution: The Northern Theater, 1775-1777",2017.0,190,8.002785292518737,7.433403452546106,0.5693818399726318,7.352847327522035,0.6499379649967025,0.0865812188609838,7.833086103551209,0.3996826510051034,100-199,eligible,0.0,0.0,0.0
120269,Red White & Blue Racin': Stock Car Action Game,2012.0,131,8.447093894085006,6.453439834632928,1.9936540594520784,6.46641752549619,1.9806763685888156,0.1042713143786963,8.24272211790276,1.7892822832698334,100-199,eligible,0.0,0.0,0.0
121288,Dixit: Journey,2012.0,4550,7.579115857586545,6.581543259330852,0.9975725982556928,6.642432357444095,0.9366835001424496,0.0176927278616377,7.544438110977735,0.9628948516468828,2.5k-5k,exclude,0.0,0.0,0.0
124839,Hoplomachus: The Lost Cities,2012.0,555,7.977208760900543,7.035239837732624,0.94196892316792,7.255158362556328,0.7220503983442157,0.0506586957450319,7.877917717240281,0.8426778795076575,500-999,eligible,0.0,0.0,0.0
136890,Hold the Line:  Frederick's War,2013.0,102,7.73118225929885,6.7912443716698245,0.939937887629026,6.938003611517033,0.7931786477818177,0.1181681428029229,7.499572699405121,0.708328327735297,100-199,eligible,0.0,0.0,0.0
148309,Gazala: The Cauldron,2013.0,101,7.60319971653166,7.275171334777672,0.3280283817539873,7.283679407714377,0.3195203088172826,0.1187516927360825,7.370446398768938,0.0952750639912654,100-199,eligible,0.0,0.0,0.0
155496,Holdfast: Russia 1941-42,2014.0,229,7.995877458710066,7.1823634242987975,0.813514034411269,7.08432950547812,0.9115479532319464,0.0788647179900584,7.841302611449552,0.6589391871507545,200-499,eligible,0.0,0.0,0.0
156943,Saint Petersburg (Second Edition),2014.0,3430,7.953565139774272,7.40760674947515,0.5459583902991225,7.425774200573668,0.5277909392006039,0.0203776188987181,7.913625006732785,0.506018257257635,2.5k-5k,exclude,0.0,0.0,0.0
160606,Day of Days: The Invasion of Normandy 1944,2015.0,180,7.735849770809612,7.362307518887226,0.3735422519223856,7.470261902454377,0.2655878683552348,0.0889537463234617,7.561500428015627,0.1991929091284006,100-199,eligible,0.0,0.0,0.0
160610,Thunderbirds,2015.0,1906,7.678827776133872,6.812831897434474,0.8659958786993975,6.696201411269746,0.9826263648641262,0.0273362569304498,7.62524871255019,0.8124168151157158,1k-2.5k,borderline,0.0,1.0,0.0
164338,The Golden Ages,2014.0,2406,7.785123728143311,7.370721249702919,0.4144024784403921,7.354156087086633,0.4309676410566787,0.0243305924619507,7.737435766917888,0.3667145172149686,1k-2.5k,borderline,0.0,0.0,0.0
164702,Glorantha: The Gods War,2019.0,447,8.212250019038846,7.640604149181863,0.5716458698569831,7.529331767814424,0.6829182512244216,0.0564477628151647,8.101612403921123,0.4610082547392601,200-499,eligible,0.0,0.0,0.0
172737,High Frontier (Third Edition),2017.0,666,8.621809071697076,8.136557274187522,0.4852517975095534,8.203961379719882,0.4178476919771938,0.0462448506555749,8.531169164412148,0.3946118902246265,500-999,eligible,0.0,0.0,0.0
180543,"Exceed: Red Horizon – Reese, Heidi, Nehtali, and Vincent",2016.0,218,7.949869745219902,6.981341157044085,0.9685285881758174,6.960283514185878,0.989586231034024,0.0808299386268655,7.791443065511245,0.810101908467161,200-499,eligible,0.0,0.0,0.0
180616,Ascension: Year Two Collector's Edition,2015.0,281,7.955360516004284,7.072805286045071,0.8825552299592134,7.159504645966193,0.7958558700380918,0.0711946461584255,7.81581900953377,0.7430137234886993,200-499,eligible,0.0,0.0,0.0
191475,Wizard: Jubiläumsedition,2016.0,562,7.857703726761505,6.927414378435467,0.9302893483260384,6.930278300844117,0.927425425917388,0.0503422170827995,7.759032981279218,0.8316186028437513,500-999,eligible,0.0,0.0,0.0
199383,Calimala,2017.0,2440,7.7874221976385085,7.443732902105808,0.3436892955327009,7.468117797702952,0.3193043999355565,0.0241604813600146,7.74006765417288,0.2963347520670721,1k-2.5k,borderline,0.0,0.0,0.0
199478,Flamme Rouge,2016.0,18097,7.783967074987436,7.455915720840281,0.3280513541471554,7.575667260201383,0.208299814786053,0.0088715029776469,7.766578929151248,0.3106632083109674,10k-25k,exclude,0.0,0.0,0.0
204728,BattleCON: Trials of Indines,2016.0,354,8.533508405085657,7.670577944555506,0.8629304605301513,7.647569169143045,0.8859392359426117,0.0634306066246325,8.409184416101377,0.7386064715458716,200-499,eligible,0.0,0.0,0.0
217609,The Wars of Marcus Aurelius,2018.0,247,7.879563216646245,7.489682909524157,0.3898803071220875,7.545824145404172,0.3337390712420731,0.0759367523234029,7.730727182092376,0.2410442725682178,200-499,eligible,0.0,0.0,0.0
218933,Warhammer Quest: Shadows Over Hammerhal,2017.0,229,7.7210007882460285,6.692957634054757,1.0280431541912716,6.799333312289889,0.9216674759561396,0.0788647179900584,7.566425940985514,0.873468306930757,200-499,eligible,0.0,0.0,0.0
244608,Menara,2018.0,3922,7.763408679660248,7.36103820318721,0.4023704764730382,7.369696744297261,0.3937119353629867,0.019056656297318,7.726057633317505,0.3650194301302949,2.5k-5k,exclude,0.0,1.0,0.0
249750,"Brazen Chariots: Battles for Tobruk, 1941",2019.0,195,8.60446735967745,7.974885963509003,0.6295813961684473,7.993017415632151,0.6114499440452992,0.0854639950369319,8.436957929405063,0.4620719658960607,100-199,eligible,0.0,0.0,0.0
249751,Rostov '41: Race to the Don,2020.0,125,7.927468675865142,7.593961417069732,0.33350725879541,7.685540614631888,0.2419280612332537,0.1067444955881541,7.718249464512359,0.1242880474426279,100-199,eligible,0.0,0.0,0.0
250481,Meltwater: A Game of Tactical Starvation,2018.0,285,8.002938909539962,7.419470919958133,0.5834679895818287,7.474132569872225,0.5288063396677369,0.0706932691725484,7.864380101961767,0.4449091820036336,200-499,eligible,0.0,0.0,0.0
251661,Oathsworn: Into the Deepwood,2022.0,4767,9.071117168712876,8.656886882637504,0.4142302860753712,8.807371465184177,0.2637457035286985,0.017285339737895,9.037237902826602,0.3803510201890969,2.5k-5k,exclude,0.0,1.0,1.0
251722,Triad,2018.0,110,7.573395976408586,7.168401001261579,0.4049949751470079,7.167422798857764,0.4059731775508224,0.1137900146320637,7.350367547729742,0.1819665464681629,100-199,eligible,0.0,0.0,0.0
252526,Pictomania (Second Edition),2018.0,2397,7.963980904151993,6.988191621599205,0.975789282552788,6.985765080795412,0.9782158233565807,0.0243762266235755,7.916203499969785,0.92801187837058,1k-2.5k,borderline,0.0,0.0,0.0
252688,Enchanters: Overlords,2018.0,546,7.598731135404294,6.819267638576687,0.7794634968276073,6.813890551377261,0.7848405840270329,0.0510745059680768,7.498625103706863,0.6793574651301767,500-999,eligible,0.0,0.0,0.0
256839,VektoRace,2018.0,598,7.510517779771768,7.155485064831668,0.3550327149401004,7.290725324485365,0.2197924552864032,0.0488033802987962,7.414863154386127,0.2593780895544598,500-999,eligible,0.0,0.0,0.0
257601,The Duke: Lord's Legacy,2018.0,391,7.994661690379034,7.026486749719902,0.9681749406591312,7.028356537253298,0.9663051531257354,0.0603548419731723,7.876366200111616,0.8498794503917136,200-499,eligible,0.0,0.0,0.0
257668,1906 San Francisco,2018.0,554,7.580296380359623,7.232644526915603,0.3476518534440194,7.275530386098236,0.3047659942613867,0.0507043959760171,7.480915764246629,0.2482712373310257,500-999,eligible,0.0,0.0,0.0
266266,Murder Mystery Party Case Files: Death in Antarctica,2017.0,277,7.519966084140076,7.049123929379938,0.4708421547601382,7.07548757459543,0.4444785095446466,0.0717068444612192,7.379420668996087,0.3302967396161484,200-499,eligible,0.0,1.0,0.0
271896,Star Wars: Outer Rim,2019.0,12888,7.945696188698892,7.506414507981868,0.4392816807170243,7.488005573857208,0.4576906148416837,0.0105125417150068,7.925091606937478,0.4186770989556109,10k-25k,exclude,0.0,0.0,0.0
274072,Omen: Heir to the Dunes,2020.0,117,7.645080018483627,6.93201916646543,0.7130608520181969,6.972303976608922,0.6727760418747053,0.1103335431594635,7.428826273891079,0.4968071074256484,100-199,eligible,0.0,0.0,0.0
294047,Superclub: The football manager board game,2020.0,409,7.652977438061344,7.215095026073033,0.4378824119883102,7.271288368038348,0.3816890700229951,0.0590117972809511,7.537314315390679,0.322219289317646,200-499,eligible,0.0,0.0,0.0
294986,Necromolds: Monster Battles,2021.0,229,7.988882925641231,7.284644462916672,0.7042384627245584,7.337016130294931,0.6518667953463,0.0788647179900584,7.834308078380716,0.5496636154640439,200-499,eligible,0.0,0.0,0.0
295221,With a Smile & a Gun,2021.0,263,7.738661035311515,7.381342666688376,0.3573183686231393,7.425315039803358,0.3133459955081568,0.0735906470669128,7.594423367060366,0.2130807003719902,200-499,eligible,0.0,0.0,0.0
298163,Dark Venture: Battle of the Ancients,2022.0,102,8.15293982374024,7.50488346454105,0.6480563591991899,7.561533919591627,0.5914059041486137,0.1181681428029229,7.921330263846512,0.416446799305461,100-199,eligible,0.0,0.0,0.0
325555,Cantaloop: Book 1 – Breaking into Prison,2020.0,1389,7.7474503580522205,7.355774337904757,0.3916760201474636,7.455627863560057,0.2918224944921634,0.03202206781935,7.684687105126295,0.3289127672215374,1k-2.5k,eligible,0.0,1.0,0.0
325635,Unmatched: Little Red Riding Hood vs. Beowulf,2020.0,3009,8.236318705565205,7.6188729751100865,0.6174457304551186,7.628988255008675,0.60733045055653,0.021756518581711,8.193675929145051,0.574802954034965,2.5k-5k,exclude,0.0,0.0,0.0
326933,Unmatched: Redemption Row,2022.0,1188,8.31891225369407,7.364577497829575,0.954334755864494,7.394774451333252,0.9241378023608178,0.0346251987960134,8.251046864053883,0.8864693662243075,1k-2.5k,eligible,0.0,0.0,0.0
327721,Ambon: Burning Sun & Little Seagulls,2021.0,103,8.107062209502153,7.563141335165115,0.5439208743370383,7.667269057761777,0.4397931517403766,0.1175931119315639,7.876579710116288,0.3134383749511729,100-199,eligible,0.0,0.0,0.0
328326,Fleet: The Dice Game (Second Edition),2020.0,1337,8.118441718531383,7.467855527459244,0.6505861910721382,7.501122631565078,0.6173190869663046,0.0326388457788301,8.054469580804875,0.5866140533456312,1k-2.5k,eligible,0.0,0.0,0.0
338434,Hoplomachus: Remastered,2023.0,616,8.289739528703056,7.962832468493209,0.3269070602098463,8.154437957455876,0.1353015712471794,0.0480850575059544,8.195492815991384,0.2326603474981756,500-999,eligible,0.0,1.0,0.0
343322,Exit: The Game – Advent Calendar: The Hunt for the Golden Book,2021.0,830,8.012458357635548,7.077424826589805,0.9350335310457432,7.108658901136508,0.9037994564990406,0.0414248981835015,7.931265557195886,0.8538407306060801,500-999,eligible,0.0,1.0,0.0
344415,Trek 12: Amazonia,2021.0,383,7.594951215151561,6.580377633103309,1.0145735820482518,6.716925305219752,0.8780259099318091,0.0609819221017805,7.47542664783207,0.895049014728762,200-499,eligible,0.0,0.0,0.0
355200,Marvel Zombies: X-Men Resistance,2023.0,589,8.532018679537533,7.417763843133855,1.1142548364036775,7.516833124858589,1.0151855546789434,0.0491748278756309,8.435636016901297,1.017872173767441,500-999,eligible,0.0,1.0,0.0
355997,Thunder Road: Vendetta – Maximum Chrome,2023.0,1069,8.909782794046846,7.888415469997746,1.0213673240491,7.46032083643038,1.4494619576164656,0.0365015782850868,8.838239700608076,0.94982423061033,1k-2.5k,eligible,0.0,0.0,0.0
356754,Tamashii: Chronicle of Ascend,2023.0,891,8.326192041938159,7.944498571836485,0.3816934701016734,8.246057994383683,0.0801340475544751,0.0399817356912453,8.247827839983318,0.3033292681468325,500-999,eligible,0.0,1.0,0.0
356873,Lunar Rush,2023.0,266,7.95245872706087,7.605162032349508,0.3472966947113622,7.6093906261166975,0.3430681009441727,0.0731744854999414,7.809036735480985,0.2038747031314771,200-499,eligible,0.0,0.0,0.0
358320,Sleeping Gods: Distant Skies,2023.0,1181,8.71483435420161,8.132916867361395,0.581917486840215,8.301069240065795,0.4137651141358152,0.0347276620897808,8.64676813650564,0.5138512691442446,1k-2.5k,eligible,0.0,1.0,0.0
363247,Azul: Master Chocolatier,2022.0,2444,8.105841236896858,7.603608189464744,0.5022330474321137,7.61118179824617,0.4946594386506877,0.0241407020023316,8.058525460972287,0.4549172715075438,1k-2.5k,borderline,0.0,0.0,0.0
363278,Dodos Riding Dinos: Dodo Dash,2024.0,177,7.677744220482221,7.171666720016624,0.5060775004655964,6.899123052859281,0.7786211676229398,0.089704424158108,7.501923549132329,0.3302568291157047,100-199,eligible,0.0,0.0,0.0
364766,MicroMacro: Crime City – All In,2022.0,1234,8.135560036297067,7.102300365277992,1.0332596710190742,7.2305775767163905,0.904982459580676,0.0339737053591684,8.068971573793096,0.966671208515104,1k-2.5k,eligible,0.0,1.0,0.0
365128,Paper Tales : Édition intégrale,2022.0,126,8.217037117555215,7.284259923674838,0.9327771938803764,7.30337204561309,0.9136650719421252,0.1063200625132756,8.008649795029195,0.7243898713543562,100-199,eligible,0.0,0.0,0.0
377969,Marvel United: Multiverse,2024.0,405,8.598492892011315,7.492820722619099,1.105672169392216,7.456576098509331,1.1419167935019845,0.0593024975489745,8.482259996815324,0.989439274196226,200-499,eligible,0.0,1.0,0.0
379363,Castellans,2024.0,163,8.117216505046647,7.730626846952418,0.3865896580942287,7.724312787392897,0.3929037176537502,0.0934774149192016,7.934000771805012,0.2033739248525936,100-199,eligible,0.0,0.0,0.0
379583,Patterns,2023.0,360,8.17142598375204,7.437318180136884,0.7341078036151565,7.288862340816726,0.882563642935315,0.0628997972372677,8.048142381166997,0.6108242010301117,200-499,eligible,0.0,0.0,0.0
381247,Dragon Eclipse,2025.0,147,8.301709017204152,7.881613649912229,0.420095367291923,8.065521738047504,0.2361872791566472,0.0984332508838647,8.108779845471776,0.227166195559548,100-199,eligible,0.0,1.0,0.0
381248,Nemesis: Retaliation,2025.0,114,8.53831984735267,8.198984509146657,0.3393353382060127,8.059968266930145,0.4783515804225242,0.11177587291431,8.319239136440622,0.1202546272939651,100-199,eligible,0.0,1.0,0.0
382035,Cursed!?,2023.0,231,7.736148363657257,6.964216035183355,0.7719323284739019,7.036302205950888,0.6998461577063697,0.0785225700946497,7.582244126271743,0.6180280910883884,200-499,eligible,0.0,0.0,0.0
382315,Century: Big Box,2023.0,133,7.9857747278145075,7.206668436672555,0.7791062911419528,7.291891148340319,0.6938835794741882,0.1034843498136905,7.782945402179674,0.5762769655071195,100-199,eligible,0.0,0.0,0.0
383010,Clank! Legacy 2: Acquisitions Incorporated – Darkest Magic,2024.0,234,9.383173286917032,7.893718426326979,1.4894548605900528,8.066251032561336,1.3169222543556955,0.0780175965603953,9.230258797658657,1.336540371331678,200-499,eligible,0.0,0.0,1.0
383087,Magic Trick,2023.0,162,7.976594899834154,7.381553041610827,0.5950418582233272,7.367096403732859,0.6094984961012955,0.093765481595656,7.792814555906668,0.4112615142958413,100-199,eligible,0.0,0.0,0.0
383206,Freelancers: A Crossroads Game,2023.0,905,8.17319353059157,7.545870688393119,0.6273228421984509,7.63411893643152,0.5390745941600503,0.0396712793573907,8.095437823051084,0.5495671346579651,500-999,eligible,0.0,1.0,0.0
383469,Unmatched: Sun's Origin,2024.0,559,8.473197279021397,7.804878153254991,0.6683191257664056,7.817738134030074,0.6554591449913225,0.0504771227746467,8.37426211838309,0.569383965128098,500-999,eligible,0.0,0.0,0.0
383579,BOOoop.,2023.0,646,7.775915615552638,7.423251529921735,0.3526640856309022,7.446885668043853,0.3290299475087845,0.0469552586150262,7.683883308667186,0.2606317787454508,500-999,eligible,0.0,0.0,0.0
385325,Skytear Horde: Monoliths,2024.0,152,8.49608708138497,7.88632337570235,0.6097637056826191,7.8328402507056385,0.6632468306793307,0.0968007454739734,8.306357620255982,0.4200342445536311,100-199,eligible,0.0,1.0,0.0
416284,Avatar: The Last Airbender – Aang's Destiny,2024.0,114,7.664084199100746,7.210297823990777,0.4537863751099689,7.33810666276915,0.325977536331596,0.11177587291431,7.445003488188698,0.2347056641979213,100-199,eligible,0.0,1.0,0.0
417197,Rebirth,2024.0,1400,8.167788318854122,7.680897612224109,0.4868907066300121,7.80822276964869,0.3595655492054312,0.0318960187539826,8.105272122096316,0.424374509872206,1k-2.5k,eligible,0.0,0.0,0.0
417426,Rogue Dungeon: 2nd Edition,2024.0,117,8.223808433755826,7.3447024952307345,0.8791059385250914,7.395794795795075,0.8280136379607512,0.1103335431594635,8.007554689163277,0.6628521939325429,100-199,eligible,0.0,1.0,0.0
420077,The Mandalorian: Adventures,2024.0,848,7.814092896705444,7.338078226025091,0.4760146706803523,7.458688244756701,0.355404651948743,0.0409828889929414,7.7337664342792785,0.395688208254187,500-999,eligible,0.0,1.0,0.0
421006,The Lord of the Rings: Duel for Middle-earth,2024.0,6710,8.683400621594574,8.200322453774064,0.4830781678205103,8.048760778477607,0.6346398431169664,0.014569318441008,8.654844757450197,0.4545223036761345,5k-10k,exclude,0.0,0.0,0.0
422332,Star Wars: The Deckbuilding Game – Clone Wars Edition,2024.0,584,8.335319398990773,7.5044564449608515,0.8308629540299215,7.649597806437692,0.6857215925530813,0.0493848879000896,8.238525018706598,0.7340685737457457,500-999,eligible,0.0,0.0,0.0
422374,Lone Wolves,2024.0,232,8.314499536646947,7.508003537650872,0.8064959989960752,7.489446601852244,0.8250529347947033,0.0783531576640776,8.160927347625355,0.652923809974483,200-499,eligible,0.0,0.0,0.0
422732,Agent Avenue,2024.0,596,8.174951991121562,7.394472324039786,0.7804796670817762,7.345985226314513,0.8289667648070491,0.0488851965847312,8.079137005815488,0.6846646817757029,500-999,eligible,0.0,0.0,0.0
423648,Naishi,2024.0,368,7.943902366510799,7.592738989965616,0.3511633765451831,7.580839653662432,0.3630627128483672,0.0622123471182129,7.821966166159101,0.2292271761934858,200-499,eligible,0.0,0.0,0.0
424219,Zenith,2025.0,167,8.316275501448175,7.540331063543901,0.7759444379042737,7.518102737043883,0.798172764404292,0.0923511398830663,8.135267267277365,0.5949362037334637,100-199,eligible,0.0,0.0,0.0
424280,Hitster Bingo,2024.0,457,7.692772596333297,7.030591797487169,0.6621807988461281,7.037075142417287,0.6556974539160105,0.0558267564317476,7.583352153727072,0.5527603562399027,200-499,eligible,0.0,0.0,0.0
424395,Power Grid: Outpost,2024.0,139,8.20580046888069,7.703401980207206,0.5023984886734851,7.839408493566543,0.3663919753141478,0.1012262377230807,8.007397042943452,0.3039950627362469,100-199,eligible,0.0,0.0,0.0
424995,Star Explorer,2024.0,146,8.051220842996651,7.247107060548165,0.8041137824484856,7.265995149540624,0.7852256934560273,0.0987697758001792,7.8576320824282995,0.6105250218801342,100-199,eligible,0.0,0.0,0.0
429293,The Fellowship of the Ring: Trick-Taking Game,2025.0,724,8.402917380280131,7.660687755455527,0.7422296248246045,7.70749025105081,0.695427129229321,0.0443538386987549,8.315983856430572,0.6552961009750449,500-999,eligible,0.0,1.0,0.0
491,Web of Power,2000.0,3531,7.74461356964743,6.951250443753747,0.7933631258936833,7.123551212872068,0.6210623567753624,0.0200840658699397,7.705248800542348,0.7539983567886015,2.5k-5k,exclude,0.0,0.0,0.0
511,Silverton,1991.0,1060,7.55517647837622,7.013967469156357,0.5412090092198625,7.028251298890966,0.5269251794852536,0.0366562102810179,7.483330306225424,0.4693628370690672,1k-2.5k,eligible,0.0,0.0,0.0
528,ZÈRTZ,1999.0,4350,7.621322119459819,7.241842188104343,0.3794799313554762,7.200055003017145,0.4212671164426744,0.0180948866676849,7.585856141591156,0.3440139534868136,2.5k-5k,exclude,0.0,0.0,0.0
2794,Spinball,2001.0,171,7.511348565739415,6.010175594311937,1.5011729714274784,6.028410155571951,1.4829384101674643,0.0912646180647461,7.332469914332512,1.322294320020576,100-199,eligible,0.0,0.0,0.0
2981,Breaking Away,1991.0,460,7.882878139721112,6.342046378689959,1.5408317610311526,6.375814754574428,1.507063385146684,0.0556444148784548,7.77381508655934,1.431768707869381,200-499,eligible,0.0,0.0,0.0
5357,Von Manstein's Backhand Blow,2002.0,242,7.580210587660527,7.192676884974846,0.3875337026856815,7.147680824909484,0.4325297627510434,0.0767172122146277,7.429844851719857,0.2371679667450112,200-499,eligible,0.0,0.0,0.0
5394,"Kolin: Frederick's First Defeat – June 18, 1757",1994.0,128,7.94762063059159,7.388308470064228,0.5593121605273623,7.396216700044299,0.5514039305472913,0.105486166795113,7.740867743673169,0.3525592736089407,100-199,eligible,0.0,0.0,0.0
5508,La Bataille de Mont Saint Jean,1993.0,164,8.094458176124782,7.443085271404486,0.6513729047202954,7.434543519525842,0.6599146565989393,0.0931919870317611,7.91180188154253,0.4687166101380435,100-199,eligible,0.0,0.0,0.0
5511,Southern Front: Race for the Turkish Straits,1984.0,241,7.613753313529165,7.1699615923464695,0.4437917211826958,7.299707277005222,0.3140460365239432,0.0768762117887471,7.463075938423221,0.2931143460767514,200-499,eligible,0.0,0.0,0.0
8125,Santiago,2003.0,5458,7.664316353529996,7.216424365148754,0.447891988381242,7.224613156119656,0.4397031974103402,0.0161541358266205,7.632654247309819,0.4162298821610656,5k-10k,exclude,0.0,0.0,0.0
8316,Over the Reich,1993.0,161,7.76687694856241,7.336345558093116,0.4305313904692935,7.50574181236113,0.2611351362012799,0.0940562279728098,7.582526741735703,0.2461811836425862,100-199,eligible,0.0,0.0,0.0
12750,1860: Railways on the Isle of Wight,2004.0,982,8.702273638789405,8.259772395607573,0.442501243181832,8.250286152109199,0.4519874866802063,0.0380841925247323,8.62762862144093,0.3678562258333567,500-999,eligible,1.0,0.0,0.0
12899,La Bataille de Preussisch-Eylau,1978.0,149,7.82225921804344,7.237335019411606,0.5849241986318336,7.332134193484981,0.4901250245584592,0.0977703931694625,7.630629247431293,0.393294228019687,100-199,eligible,0.0,0.0,0.0
23421,1832: The South,2006.0,125,8.772476207947946,7.857778975352918,0.914697232595028,7.858914891465015,0.913561316482931,0.1067444955881541,8.563256996595165,0.705478021242246,100-199,eligible,1.0,0.0,0.0
23679,"Warriors of God: The Wars of England & France, 1135-1453",2008.0,1116,7.853159380462175,7.432502714046453,0.4206566664157218,7.34792848053692,0.5052308999252553,0.035724684212647,7.783138999405387,0.3506362853589336,1k-2.5k,eligible,0.0,0.0,0.0
26736,Ukraine '44,2006.0,100,7.763388506253307,6.98986091718321,0.7735275890700972,7.087613762417055,0.6757747438362518,0.1193439741795195,7.529474316861449,0.5396133996782391,100-199,eligible,0.0,0.0,0.0
27101,Bomber Command: The Night Raids,2012.0,195,7.808447430736925,7.4089288361567345,0.3995185945801909,7.48137653082464,0.3270708999122851,0.0854639950369319,7.640938000464539,0.2320091643078043,100-199,eligible,0.0,0.0,0.0
30958,Check Your 6!,2007.0,142,7.978316460401845,7.014339655008657,0.9639768053931884,7.089971886884449,0.8883445735173963,0.1001512383564941,7.782020033223117,0.7676803782144597,100-199,eligible,0.0,0.0,0.0
31730,Wabash Cannonball,2007.0,8412,7.763342986704332,7.356413530966215,0.4069294557381173,7.59818118773757,0.1651617989667624,0.0130122040145486,7.737839066835817,0.3814255358696019,5k-10k,exclude,0.0,0.0,0.0
31999,TZAAR,2007.0,3914,8.054175410944184,7.278868987370286,0.7753064235738982,7.30000512682736,0.7541702841168245,0.0190761217327271,8.01678621234804,0.737917224977753,2.5k-5k,exclude,0.0,0.0,0.0
62225,Infidel: The Supremacy of Cavalry in the Crusader Era – 11th-12th Century,2011.0,316,7.750379037879618,7.31601664679323,0.4343623910863883,7.347667915281754,0.4027111225978643,0.0671362306989026,7.618792025709769,0.3027753789165392,200-499,eligible,0.0,0.0,0.0
62922,None But Heroes,2011.0,140,8.406517529881974,7.607607367258076,0.7989101626238977,7.701105149282222,0.7054123805997516,0.1008640675540311,8.208823957476072,0.6012165902179967,100-199,eligible,0.0,0.0,0.0
85572,"The Last Success: Quadrigame of the War Against Austria, April - July 1809",2011.0,133,7.963893826603349,7.393043545950228,0.5708502806531213,7.518642102748331,0.4452517238550184,0.1034843498136905,7.761064500968516,0.3680209550182879,100-199,eligible,0.0,0.0,0.0
88253,Unconditional Surrender! Case Blue,2010.0,199,7.701726515557829,7.173004946645957,0.5287215689118723,7.32266939181849,0.3790571237393392,0.0846007002268615,7.535909143113181,0.3629041964672237,100-199,eligible,0.0,0.0,0.0
94246,1812: The Invasion of Canada,2012.0,2393,7.737742540520401,7.323288829202898,0.4144537113175026,7.271770000141384,0.4659725403790169,0.0243965910603967,7.689925222042023,0.3666363928391249,1k-2.5k,borderline,0.0,0.0,0.0
101682,Saints in Armor,2012.0,234,8.277426794697698,7.755262843319496,0.5221639513782019,7.877807098279815,0.3996196964178828,0.0780175965603953,8.124512305439323,0.3692494621198271,200-499,eligible,0.0,0.0,0.0
131014,Carcassonne: Winter Edition,2012.0,1944,7.657258570533817,6.728297976170847,0.9289605943629704,6.781869902422777,0.8753886681110403,0.0270677630199734,7.604205755014669,0.8759077788438224,1k-2.5k,borderline,0.0,0.0,0.0
130960,Triumph & Tragedy: European Balance of Power 1936-1945,2015.0,2315,8.638400605732409,8.05349394173311,0.5849066639992984,7.84089240617643,0.7975081995559794,0.0248041870750934,8.589784399065225,0.5362904573321151,1k-2.5k,borderline,0.0,0.0,0.0
137649,Level 7 [Omega Protocol],2013.0,2112,7.723600202138034,7.337572075673792,0.3860281264642422,7.337701118754936,0.3858990833830988,0.0259688990970101,7.672701159907895,0.3351290842341024,1k-2.5k,borderline,0.0,0.0,0.0
147537,Malifaux (Second Edition),2013.0,399,8.221051469976173,7.582663142619369,0.6383883273568038,7.541455823772047,0.6795956462041257,0.0597467172218476,8.103947904221352,0.5212847616019824,200-499,eligible,0.0,0.0,0.0
147887,Allegiance: A Realm Divided,2015.0,301,8.1694374404753,7.102008442264024,1.067428998211275,7.11188037402863,1.0575570664466696,0.0687887231278166,8.034611543144779,0.9326031008807544,200-499,eligible,0.0,0.0,0.0
152345,"La Patrie en Danger 1814: The Campaign in France, Part I",2014.0,103,8.238174608895157,7.392484462697663,0.8456901461974944,7.508383198632146,0.7297914102630116,0.1175931119315639,8.007692109509291,0.615207646811629,100-199,eligible,0.0,0.0,0.0
160418,Wing Leader: Victories 1940-1942,2015.0,458,8.079513329976002,7.738534004402823,0.3409793255731799,7.704510013024629,0.3750033169513731,0.055765776887135,7.970212407277217,0.2316784028743952,200-499,eligible,0.0,0.0,0.0
163163,Grand Prix,2016.0,491,7.5371345733029695,6.847769777322286,0.6893647959806835,6.876200849253641,0.6609337240493289,0.0538591815805045,7.43157057740518,0.5838008000828947,200-499,eligible,0.0,0.0,0.0
163166,One Night Ultimate Werewolf: Daybreak,2015.0,6028,7.516421256106441,6.994625306051333,0.5217959500551084,6.996439722298147,0.519981533808294,0.0153714159254803,7.486293280892499,0.4916679748411668,5k-10k,exclude,0.0,0.0,0.0
165332,Puerto Rico,2007.0,117,8.190242020504654,6.770841534250113,1.4194004862545402,6.83279461715267,1.3574474033519834,0.1103335431594635,7.973988275912105,1.2031467416619916,100-199,eligible,0.0,0.0,0.0
165722,KLASK,2014.0,10897,7.951441779511645,7.238398703147288,0.7130430763643574,7.252453808428973,0.6989879710826727,0.0114326529543246,7.929033779721169,0.6906350765738811,10k-25k,exclude,0.0,0.0,0.0
165748,Psycho Raiders,2014.0,197,8.273367651575443,6.749005592257038,1.5243620593184044,6.868161675438548,1.4052059761368945,0.0850290609412402,8.106710692130612,1.3577050998735736,100-199,eligible,0.0,0.0,0.0
165967,Great War Commander,2018.0,405,8.456986908583787,7.832268028798643,0.624718879785144,7.943966838705856,0.5130200698779301,0.0593024975489745,8.340754013387796,0.508485984589154,200-499,eligible,0.0,0.0,0.0
166669,San Juan (Second Edition),2014.0,7504,7.826762899328306,7.304899612441346,0.5218632868869602,7.299384955205213,0.5273779441230939,0.0137769817516582,7.799760015095056,0.4948604026537099,5k-10k,exclude,0.0,0.0,0.0
174458,Baseball Highlights: 2045 – Deluxe Edition,2015.0,545,8.15720858888965,6.917007675740196,1.2402009131494545,6.96635335527443,1.1908552336152205,0.0511213418385036,8.057010758886184,1.1400030831459873,500-999,eligible,0.0,0.0,0.0
174518,Ylandyss,2015.0,251,7.518761227929183,6.924580303748714,0.5941809241804688,6.95908680072519,0.5596744272039924,0.0753292485455614,7.371115900779882,0.4465355970311683,200-499,eligible,0.0,0.0,0.0
174570,Legendary Encounters: A Predator Deck Building Game,2015.0,2708,7.655448953566672,7.1666745673601415,0.4887743862065301,7.2022568071484105,0.4531921464182611,0.0229338076584222,7.610498690556164,0.4438241231960224,2.5k-5k,exclude,0.0,1.0,0.0
174802,VENOM Assault,2016.0,297,7.646819220882192,6.858919568297367,0.7878996525848256,6.916537912433489,0.7302813084487036,0.0692503975920269,7.51108844160182,0.6521688733044528,200-499,eligible,0.0,1.0,0.0
174852,Pandánte (Second Edition),2015.0,187,7.504849515044286,6.694330086519239,0.8105194285250477,6.691341818778616,0.8135076962656704,0.0872729573032229,7.333794518729969,0.6394644322107308,100-199,eligible,0.0,0.0,0.0
173504,"The Greatest Day: Sword, Juno, and Gold Beaches",2015.0,228,8.686268517430548,8.113391297719694,0.572877219710854,8.086569290687423,0.5996992267431249,0.0790374777107543,8.53135506111747,0.4179637633977755,200-499,eligible,0.0,0.0,0.0
182352,Exodus Fleet,2017.0,341,7.571046299832086,7.106169956401407,0.4648763434306788,7.159675223027115,0.4113710768049712,0.0646283854294272,7.444374664390409,0.3382047079890014,200-499,eligible,0.0,0.0,0.0
180901,Joraku,2015.0,1612,7.657264292579373,7.179266389638872,0.4779979029405004,7.060055021355833,0.59720927122354,0.0297247340142594,7.599003813911424,0.4197374242725518,1k-2.5k,eligible,0.0,0.0,0.0
184824,Gaslands: Post-Apocalyptic Vehicular Combat,2017.0,795,8.195797417198387,7.516438990240871,0.6793584269575152,7.485239834448293,0.7105575827500932,0.0423269457464345,8.112836603535374,0.5963976132945036,500-999,eligible,0.0,0.0,0.0
185123,Ascension: Dreamscape,2015.0,764,7.895070482600537,6.961801918952428,0.9332685636481086,7.0695278847724765,0.8255425978280604,0.0431771345054873,7.810443298969782,0.8486413800173533,500-999,eligible,0.0,0.0,0.0
185378,"Exceed: Red Horizon – Kaden, Eva, Miska, and Lily",2016.0,128,8.057383356321903,6.8860490896378845,1.1713342666840187,6.898424577764365,1.1589587785575386,0.105486166795113,7.850630469403482,0.9645813797655972,100-199,eligible,0.0,0.0,0.0
186279,Finska Mini,2011.0,468,7.816398671008494,6.05658809300658,1.7598105780019138,6.002956836858015,1.8134418341504783,0.0551667715797317,7.708271798712219,1.6516837057056395,200-499,eligible,0.0,0.0,0.0
186751,Mythic Battles: Pantheon,2017.0,3017,8.409899380371275,7.906301710408947,0.5035976699623284,7.910477714511833,0.4994216658594421,0.021727654199407,8.367313178140437,0.4610114677314906,2.5k-5k,exclude,0.0,0.0,0.0
186864,Tiefe Taschen,2016.0,607,7.636051537347169,6.794185909248537,0.8418656280986321,6.867708782159282,0.768342755187887,0.0484402248415046,7.54110869665782,0.746922787409283,500-999,eligible,0.0,0.0,0.0
187926,Islebound: Kickstarter Edition,2016.0,178,7.710949379739339,7.124529137433127,0.5864202423062119,7.11041162776635,0.6005377519729889,0.0894520905382537,7.535623282284361,0.4110941448512346,100-199,eligible,0.0,0.0,0.0
199723,"UltraQuest: Gold, Ruhm! und Ehre!",2016.0,533,8.339510883737358,7.128740868618133,1.210770015119225,7.179855394990247,1.159655488747111,0.0516936134931369,8.238191401290809,1.109450532672677,500-999,eligible,0.0,0.0,0.0
215565,Roads to Gettysburg II: Lee Strikes North,2018.0,256,9.231490674317204,8.081622820591562,1.1498678537256417,8.193005361202468,1.0384853131147356,0.0745899838621996,9.085294305947292,1.0036714853557305,200-499,eligible,0.0,0.0,0.0
217083,LYNGK,2017.0,1222,8.01639061844767,7.616722179568981,0.3996684388786882,7.63186368475059,0.3845269336970798,0.0341401081769046,7.949476006420936,0.332753826851955,1k-2.5k,eligible,0.0,0.0,0.0
217372,The Quest for El Dorado,2017.0,27558,8.006850290879035,7.640958975401565,0.3658913154774694,7.864114039838313,0.1427362510407217,0.0071891351478188,7.99275958598931,0.3518006105877445,25k+,exclude,0.0,0.0,0.0
219215,Werewords,2017.0,5494,7.509613573897655,7.034242042667763,0.4753715312298912,7.055454823164579,0.4541587507330753,0.0161011230227852,7.478055372772996,0.4438133301052321,5k-10k,exclude,0.0,0.0,0.0
230253,Star Realms: Frontiers,2018.0,5343,8.105905683702469,7.519038795366296,0.5868668883361732,7.494370927441386,0.6115347562610829,0.0163270569932565,8.073904651995687,0.5548658566293903,5k-10k,exclude,0.0,1.0,0.0
233261,Tidal Blades 2: Rise of the Unfolders,2024.0,291,8.812265594604728,7.918444174003865,0.8938214206008634,8.209457915383888,0.6028076792208399,0.0699606766645972,8.675142668342117,0.7566984943382529,200-499,eligible,0.0,1.0,0.0
234578,Waters of Nereus,2019.0,216,7.67787215579449,7.077126556176834,0.6007455996176558,7.016259617095168,0.6616125386993224,0.0812032890599204,7.518713709237046,0.4415871530602118,200-499,eligible,0.0,0.0,0.0
235454,Ligny 1815: Last Eagles,2017.0,214,8.422102163640508,7.845877762743727,0.5762244008967805,8.015319522106402,0.4067826415341056,0.0815818612243143,8.262201715640852,0.4163239528971244,200-499,eligible,0.0,0.0,0.0
235544,Specter Ops: Broken Covenant,2018.0,506,7.812271803960232,7.202831218361396,0.6094405855988354,7.276836326974774,0.5354354769854579,0.0530548678870675,7.7082842629015795,0.505453044540183,500-999,eligible,0.0,0.0,0.0
235802,Too Many Bones: Undertow,2018.0,3430,8.933753500957923,8.341714643675424,0.5920388572824997,8.42095334160278,0.5128001593551428,0.0203776188987181,8.893813367916437,0.5520987242410123,2.5k-5k,exclude,0.0,1.0,0.0
235839,Master of Wills,2017.0,103,7.539874786248966,6.728445544833916,0.8114292414150501,6.587238005299531,0.9526367809494348,0.1175931119315639,7.3093922868631,0.5809467420291847,100-199,eligible,0.0,0.0,0.0
236239,"Battles of the American Revolution Tri-pack: Guilford, Saratoga, Brandywine",2017.0,333,8.219441320393491,7.746820230860214,0.472621089533277,7.864322899372073,0.3551184210214178,0.0654000949870323,8.091257134218907,0.3444369033586935,200-499,eligible,0.0,0.0,0.0
242705,Aeon Trespass: Odyssey,2022.0,1745,9.050429038968009,8.55935525324427,0.4910737857237386,8.58021384384474,0.4702151951232682,0.0285695092371113,8.99443280086327,0.4350775476190004,1k-2.5k,borderline,0.0,1.0,0.0
246873,"Königsberg: The Soviet Attack on East Prussia, 1945",2018.0,186,8.16374889514631,7.378126686390676,0.785622208755635,7.371030283054363,0.7927186120919476,0.087507247543047,7.992234689961939,0.6141080035712628,100-199,eligible,0.0,0.0,0.0
255668,Trickerion: Collector's Edition,2019.0,2580,9.048734242243349,8.632482536704696,0.4162517055386523,8.587855241058401,0.4608790011849475,0.0234958219714654,9.002682431179275,0.37019989447458,2.5k-5k,exclude,0.0,0.0,0.0
261720,Finca,2018.0,616,7.797944750269355,7.036438473025028,0.7615062772443277,7.050349086320775,0.7475956639485801,0.0480850575059544,7.703698037557684,0.6672595645326571,500-999,eligible,0.0,0.0,0.0
264638,5x5 City,2018.0,137,7.535339413212562,6.549371488708198,0.9859679245043642,6.568172518605879,0.9671668946066836,0.1019624382426238,7.33549303425702,0.7861215455488214,100-199,eligible,0.0,0.0,0.0
266121,Unlock!: Heroic Adventures,2018.0,3868,7.960375483610042,7.517825789760558,0.4425496938494841,7.507827191710573,0.4525482918994683,0.0191892174006895,7.92276461750469,0.4049388277441327,2.5k-5k,exclude,0.0,1.0,0.0
266140,Unforgiven: The Lincoln Assassination Trial,2021.0,403,8.005869305356805,7.452899536735842,0.5529697686209634,7.513880531159765,0.4919887741970399,0.0594494680285189,7.889348348020908,0.4364488112850662,200-499,eligible,0.0,0.0,0.0
266164,Babylonia,2019.0,3005,8.223889483250652,7.663602654725848,0.5602868285248039,7.896650007385956,0.3272394758646957,0.0217709939782437,8.181218335053295,0.5176156803274462,2.5k-5k,exclude,0.0,0.0,0.0
277085,Love Letter,2019.0,11521,7.727234300052077,7.379667281101796,0.3475670189502811,7.239914267106496,0.4873200329455809,0.0111187357168895,7.705441578046973,0.3257742969451776,10k-25k,exclude,0.0,0.0,0.0
277184,Across the United States,2019.0,109,7.651982075307472,7.090852970397394,0.5611291049100773,7.178209204763236,0.4737728705442352,0.1143107954518981,7.427932916221751,0.3370799458243568,100-199,eligible,0.0,0.0,0.0
279419,Eternal: Chronicles of the Throne,2019.0,380,7.568209749375052,7.04631407405733,0.5218956753177224,7.075175898416276,0.4930338509587759,0.0612221669799983,7.448214302094255,0.4019002280369257,200-499,eligible,0.0,0.0,0.0
280575,Yin Yang,2019.0,289,7.666508202336765,7.3300909323344605,0.3364172700023049,7.289761537906184,0.3767466644305814,0.0702023377526585,7.528911620341555,0.1988206880070942,200-499,eligible,0.0,0.0,0.0
281474,Lands of Galzyr,2022.0,1709,8.190589190896944,7.363675635716165,0.8269135551807789,7.510388138659058,0.6802010522378854,0.0288688487052787,8.134006247434597,0.7703306117184325,1k-2.5k,borderline,0.0,1.0,0.0
300765,Quiz Club,2021.0,151,7.664352457743781,7.139117730157089,0.5252347275866915,7.125961430416897,0.5383910273268837,0.0971207488111762,7.473995790073875,0.3348780599167861,100-199,eligible,0.0,1.0,0.0
301665,DC Deck-Building Game: Dark Nights – Metal,2020.0,339,7.824448533198508,7.256509199429155,0.5679393337693526,7.314613559532646,0.5098349736658623,0.0648187492745028,7.697403784620482,0.440894585191327,200-499,eligible,0.0,0.0,0.0
302723,Forgotten Waters,2020.0,6281,8.079403525138996,7.590769779903997,0.4886337452349991,7.621564986792778,0.457838538346218,0.0150586520736784,8.049888567074587,0.4591187871705894,5k-10k,exclude,0.0,0.0,0.0
303263,Pingyao: First Chinese Banks,2017.0,145,7.60909132068575,7.070059603150552,0.539031717535198,6.9891889441481645,0.6199023765375857,0.0991097760339054,7.414836159659296,0.3447765565087432,100-199,eligible,0.0,0.0,0.0
312859,Townsfolk Tussle,2022.0,1452,7.925546007881839,7.403845539435853,0.521700468445986,7.554594540998925,0.3709514668829134,0.0313196707357751,7.864159453239719,0.4603139138038667,1k-2.5k,eligible,0.0,1.0,0.0
313090,Luzon Rails,2021.0,151,7.724255497320661,7.392051081497755,0.3322044158229067,7.616604782492438,0.1076507148282237,0.0971207488111762,7.533898829650756,0.1418477481530013,100-199,eligible,0.0,0.0,0.0
320527,Dice Throne: Season One ReRolled – Treant v. Ninja,2020.0,856,7.929461215876995,7.283847181786264,0.6456140340907313,7.227864451464496,0.701596764412499,0.0407909306121571,7.849510991877167,0.5656638100909033,500-999,eligible,0.0,0.0,0.0
320698,Blitz Bowl: Season 2,2020.0,292,8.284951700506632,7.336548483494022,0.9484032170126095,7.369554026646536,0.9153976738600952,0.0698407782445817,8.148063775147252,0.8115152916532293,200-499,eligible,0.0,0.0,0.0
322168,CastleScape,2023.0,142,7.694915786849774,7.291515536075444,0.4034002507743297,7.448024127262606,0.2468916595871677,0.1001512383564941,7.498619359671045,0.2071038235956011,100-199,eligible,0.0,0.0,0.0
322523,Warhammer Age of Sigmar: Warcry – Catacombs,2020.0,102,8.20160506223134,7.566998764041935,0.6346062981894054,7.527912783748192,0.6736922784831485,0.1181681428029229,7.969995502337612,0.4029967382956765,100-199,eligible,0.0,0.0,0.0
322543,Don't Get Got!: Shut Up & Sit Down Special Edition,2021.0,491,7.517417887278017,6.74898864868107,0.7684292385969469,6.809082620951665,0.708335266326352,0.0538591815805045,7.411853891380228,0.6628652426991581,200-499,eligible,0.0,0.0,0.0
322984,Shadows of Brimstone: City of the Ancients (Revised Edition),2020.0,182,8.575585667395497,7.480463996721173,1.095121670674324,7.44942120530645,1.1261644620890472,0.0884636393081889,8.402196934351448,0.9217329376302736,100-199,eligible,0.0,1.0,0.0
331979,Quartermaster General WW2: 2nd Edition,2020.0,498,8.204055095213215,7.767767847163714,0.436287248049501,7.6963684720973795,0.5076866231158359,0.0534793135943464,8.099235640568295,0.3314677934045819,200-499,eligible,0.0,0.0,0.0
331992,Steampunk Rally Fusion: Atomic Edition,2021.0,378,7.97787945372352,7.411366741286253,0.5665127124372669,7.420005741084008,0.5578737126395117,0.0613839167122975,7.857566976967417,0.4462002356811637,200-499,eligible,0.0,0.0,0.0
338960,Slay the Spire: The Board Game,2024.0,4459,9.005989440796906,8.41542460744763,0.5905648333492763,8.55919448432168,0.4467949564752267,0.0178723540695032,8.97095962682068,0.55553501937305,2.5k-5k,exclude,0.0,1.0,0.0
340722,Smart10: Family,2021.0,147,7.683915234633063,6.460060859692234,1.2238543749408288,6.513975213776762,1.169940020856301,0.0984332508838647,7.490986062900688,1.030925203208454,100-199,eligible,0.0,0.0,0.0
351113,KeyForge: Winds of Exchange,2023.0,152,8.548795547818573,7.610735072481244,0.9380604753373288,7.534596992710572,1.0141985551080008,0.0968007454739734,8.359066086689586,0.7483310142083408,100-199,eligible,0.0,0.0,0.0
354307,Crown of Ash,2024.0,197,7.910856533329437,7.538696243068832,0.3721602902606049,7.577451586363741,0.3334049469656959,0.0850290609412402,7.744199573884607,0.205503330815774,100-199,eligible,0.0,0.0,0.0
354806,London Necropolis Railway,2022.0,141,7.644759545209743,7.211880011094196,0.4328795341155462,7.243277354437243,0.4014821907724997,0.1005057571229953,7.447768261248671,0.2358882501544753,100-199,eligible,0.0,0.0,0.0
354859,The Fields of Normandy: A Solitaire Wargame,2022.0,137,7.783743781933133,7.446497720266544,0.3372460616665886,7.495272829928764,0.2884709520043689,0.1019624382426238,7.58389740297759,0.1373996827110458,100-199,eligible,0.0,0.0,0.0
366194,A Wayfarer's Tale,2022.0,120,7.641364537642482,6.8526730691567455,0.7886914684857365,6.938594010013739,0.7027705276287426,0.1089456446007282,7.427831074225055,0.5751580050683092,100-199,eligible,0.0,0.0,0.0
366310,Dice Throne: Santa v. Krampus,2022.0,1102,8.09232202501498,7.590287650866111,0.5020343741488684,7.540769665859365,0.5515523591556146,0.0359508943331604,8.021858272121985,0.431570621255874,1k-2.5k,eligible,0.0,0.0,0.0
415036,Medical Mysteries: NYC Emergency Room,2024.0,189,7.8999896982970705,7.52832414990765,0.3716655483894202,7.571009145126483,0.3289805531705871,0.0868099675261116,7.729842161945892,0.2015180120382414,100-199,eligible,0.0,1.0,0.0
415776,Kingdom Legacy: Feudal Kingdom,2024.0,565,8.711745326785875,7.836089694063038,0.8756556327228378,8.036653858161145,0.6750914686247302,0.0502083872924287,8.613336887692714,0.7772471936296775,500-999,eligible,0.0,0.0,1.0
393429,Critter Kitchen,2025.0,106,8.266197368010491,7.669978531219133,0.5962188367913583,7.664915579429808,0.6012817885806836,0.1159171148780976,8.03899982284942,0.3690212916302869,100-199,eligible,0.0,0.0,0.0
394691,The Six of VIII,2024.0,128,8.29111739644164,7.420959637184143,0.8701577592574967,7.452010853842076,0.8391065425995645,0.105486166795113,8.084364509523219,0.6634048723390751,100-199,eligible,0.0,0.0,0.0
394735,Exit: The Game – Advent Calendar: The Missing Hollywood Star,2023.0,339,8.058571903052831,6.85330810418804,1.2052637988647916,6.9356798666322135,1.122892036420618,0.0648187492745028,7.931527154474805,1.078219050286766,200-499,eligible,0.0,1.0,0.0
396251,Invincible: The Hero-Building Game,2024.0,363,8.304974252051462,7.815340558132075,0.4896336939193872,7.946327113464655,0.3586471385868073,0.0626393414715503,8.182201142767223,0.3668605846351487,200-499,eligible,0.0,1.0,0.0
397385,Pirates of Maracaibo,2023.0,1907,8.416515952911581,7.978324632757074,0.4381913201545071,8.015702998509504,0.4008129544020775,0.0273290886447803,8.362950939167812,0.3846263064107376,1k-2.5k,borderline,0.0,0.0,0.0
94,Union Pacific,1999.0,4320,7.603161586488047,7.034963953722974,0.5681976327650737,7.214439704479469,0.3887218820085785,0.0181576074334547,7.567572675918476,0.5326087221955025,2.5k-5k,exclude,0.0,0.0,0.0
104,Extrablatt,1991.0,271,7.673941023344246,6.60356025421545,1.0703807691287954,6.661400507547702,1.0125405157965437,0.0724963014019341,7.531848272596455,0.9282880183810044,200-499,eligible,0.0,0.0,0.0
1353,Time's Up!,1999.0,5962,7.639137369332766,6.462973162613789,1.176164206718977,6.617022115598145,1.0221152537346212,0.0154562633920246,7.608843093084397,1.1458699304706088,5k-10k,exclude,0.0,0.0,0.0
1447,1841: Railways in Northern Italy,1994.0,343,8.790623187104979,8.007377991355204,0.7832451957497746,7.9965656119778865,0.7940575751270922,0.0644396890108413,8.66432139664373,0.6569434052885257,200-499,eligible,1.0,0.0,0.0
2580,Persian Gulf: Battle for the Middle East,1986.0,216,7.625376564481495,7.269777300744696,0.3555992637367984,7.383768068195016,0.2416084962864788,0.0812032890599204,7.46621811792405,0.1964408171793544,200-499,eligible,0.0,0.0,0.0
4098,Age of Steam,2002.0,11551,8.358721507144777,7.946145275950991,0.4125762311937855,8.097741221725975,0.2609802854188014,0.0111042876633353,8.33695710332464,0.3908118273736482,10k-25k,exclude,0.0,0.0,0.0
4230,Napoleon's Last Battles,1976.0,637,7.502413310016134,6.786516085720539,0.7158972242955954,6.931146524022212,0.571266785993922,0.0472858042111986,7.409733133762185,0.623217048041646,500-999,eligible,0.0,0.0,0.0
6688,Ninety-Nine,1974.0,554,7.886113311979459,6.282513320447752,1.6035999915317074,6.275007745590509,1.6111055663889502,0.0507043959760171,7.7867326958664655,1.5042193754187136,500-999,eligible,0.0,0.0,0.0
6830,Zendo,2001.0,3261,7.670660268796655,7.140977443401029,0.5296828253956258,7.187155392585584,0.4835048762110707,0.0208989802927257,7.629698267422913,0.4887208240218834,2.5k-5k,exclude,0.0,0.0,0.0
7290,Dynasty League Baseball Powered by Pursue the Pennant,1985.0,222,7.837850753987609,6.413378854042438,1.4244718999451704,6.528012198824904,1.3098385551627052,0.0800984309238906,7.680857829376783,1.2674789753343447,200-499,eligible,0.0,0.0,0.0
7823,1837: Rail Building in the Austro-Hungarian Empire,1994.0,103,8.288622016967615,7.817116696896374,0.4715053200712411,7.811957887415892,0.4766641295517226,0.1175931119315639,8.058139517581749,0.2410228206853757,100-199,eligible,1.0,0.0,0.0
7854,YINSH,2003.0,9112,8.043699284881908,7.399866124365257,0.6438331605166514,7.40637847416286,0.6373208107190482,0.0125024072190291,8.019194566732612,0.6193284423673543,5k-10k,exclude,0.0,0.0,0.0
10156,The Russian Campaign: 4th Edition,2003.0,265,7.938715146399343,7.269294408823896,0.6694207375754475,7.249423791475641,0.6892913549237027,0.0733124205620359,7.795022802097753,0.525728393273857,200-499,eligible,0.0,0.0,0.0
10174,Bitter Woods Deluxe Edition,2003.0,281,7.93876059097591,7.302922435956322,0.635838155019588,7.439740090668772,0.4990205003071377,0.0711946461584255,7.799219084505396,0.4962966485490738,200-499,eligible,0.0,0.0,0.0
13709,Clash of Giants II: 1st Ypres & Galicia 1914,2006.0,315,7.501732674329941,6.981116520173389,0.5206161541565519,7.037360705723161,0.4643719686067795,0.0672427117026874,7.369936959392674,0.3888204392192846,200-499,eligible,0.0,0.0,0.0
13883,Jenseits von Theben,2004.0,550,7.553988042012132,6.711699490731634,0.8422885512804976,6.754192365544149,0.7997956764679826,0.050888441575598,7.45424669652396,0.7425472057923255,500-999,eligible,0.0,0.0,0.0
17651,Under the Lily Banners,2005.0,321,8.02267799485498,7.395135271966559,0.6275427228884212,7.470847089312057,0.5518309055429231,0.0666113107553728,7.89211982577445,0.4969845538078903,200-499,eligible,0.0,0.0,0.0
18115,Four Lost Battles,2005.0,135,7.764465804183956,7.105143156472842,0.6593226477111145,7.230184693920554,0.534281110263402,0.1027149387705526,7.563144524193673,0.4580013677208312,100-199,eligible,0.0,0.0,0.0
20078,Monmouth,2007.0,278,7.646495167592445,7.125940920992507,0.5205542465999375,7.26512750961391,0.3813676579785348,0.0715777591279919,7.506202759701581,0.3802618387090734,200-499,eligible,0.0,0.0,0.0
23827,Millionen von Schwalben,2006.0,133,7.546311479834395,6.480486513757029,1.0658249660773658,6.500622481552158,1.0456889982822366,0.1034843498136905,7.343482154199561,0.8629956404425324,100-199,eligible,0.0,0.0,0.0
28720,Brass: Lancashire,2007.0,25190,8.59688959927666,8.254857729084248,0.342031870192411,8.338008219216393,0.2588813800602665,0.0075194558214924,8.582151465866534,0.3272937367822858,25k+,exclude,0.0,0.0,0.0
35035,World at War: Blood and Bridges,2008.0,348,7.709577468061311,7.20231921626225,0.5072582517990609,7.22608754653454,0.4834899215267709,0.0639750853376104,7.584186300799594,0.3818670845373444,200-499,eligible,0.0,0.0,0.0
35570,Tinners' Trail,2008.0,4113,7.70478234464021,7.327674227264389,0.3771081173758217,7.389106451718883,0.3156758929213277,0.0186089188105825,7.668308863771468,0.3406346365070799,2.5k-5k,exclude,0.0,0.0,0.0
41090,Magnate,2008.0,210,7.683532630210059,6.559574248022903,1.1239583821871555,6.588480727016325,1.0950519031937338,0.0823551662963296,7.522116504269253,0.9625422562463496,200-499,eligible,0.0,0.0,0.0
82222,Xia: Legends of a Drift System,2014.0,9900,8.138306734974083,7.699378633925168,0.4389281010489156,7.335017681069933,0.80328905390415,0.0119945207073736,8.11479747438763,0.4154188404624634,5k-10k,exclude,0.0,0.0,0.0
83040,Leader 1: Hell of the North,2011.0,480,7.913656690269035,6.8126177987549,1.1010388915141354,6.878901177769826,1.034755512499209,0.0544728223003641,7.806889958560322,0.9942721598054216,200-499,eligible,0.0,0.0,0.0
109125,Wallenstein (Second Edition),2012.0,1371,8.083348004033729,7.401437543109992,0.6819104609237367,7.390041243153023,0.6933067608807058,0.0322315928538531,8.020174082040176,0.6187365389301845,1k-2.5k,eligible,0.0,0.0,0.0
125943,Corporate America,2013.0,482,7.561106249489165,6.477635794569359,1.083470454919806,6.508952348854489,1.0521539006346758,0.0543596906677563,7.454561255780362,0.9769254612110037,200-499,eligible,0.0,0.0,0.0
128671,Spartacus: A Game of Blood and Treachery,2012.0,8832,7.757213967271501,7.308056270997204,0.4491576962742973,7.409448829543924,0.3477651377275768,0.0126990421783774,7.732323844601882,0.4242675736046776,5k-10k,exclude,0.0,0.0,0.0
128780,Pax Porfiriana,2012.0,3744,8.22395127840964,7.825610311467928,0.3983409669417117,7.908689452912288,0.3152618254973518,0.0195043991400988,8.185722656095047,0.360112344627118,2.5k-5k,exclude,0.0,0.0,0.0
131904,Heart of Crown,2011.0,1063,7.949436789133162,7.0871366911464495,0.8623000979867124,7.183332960029837,0.7661038291033249,0.0366044481319468,7.877692070794546,0.7905553796480966,1k-2.5k,eligible,0.0,0.0,0.0
134520,Phantom Leader: Deluxe Edition,2013.0,533,8.096561894643822,7.452618800537383,0.6439430941064384,7.389977898716692,0.7065839959271294,0.0516936134931369,7.995242412197273,0.54262361165989,500-999,eligible,0.0,0.0,0.0
134524,Lion Rampant: Medieval Wargaming Rules,2014.0,145,7.882805234227336,6.994545946213895,0.8882592880134403,7.09494428128701,0.787860952940326,0.0991097760339054,7.688550073200881,0.6940041269869857,100-199,eligible,0.0,0.0,0.0
139952,Clockwork Wars,2015.0,701,8.014669817024513,7.628991594575224,0.3856782224492896,7.453040944060955,0.5616288729635581,0.0450755969433,7.926321647015645,0.2973300524404215,500-999,eligible,0.0,0.0,0.0
145371,Three Kingdoms Redux,2014.0,1632,8.439230758831215,7.8509349435128435,0.5882958153183715,7.924295900475265,0.5149348583559501,0.0295420357007307,8.381328368857783,0.5303934253449393,1k-2.5k,eligible,0.0,0.0,0.0
146791,Shadows of Brimstone: City of the Ancients,2014.0,3582,7.998620251969343,7.627427330006533,0.3711929219628098,7.626297952471459,0.3723222994978838,0.0199405762745146,7.959536722471294,0.332109392464761,2.5k-5k,exclude,0.0,1.0,0.0
146922,Chain of Command,2013.0,174,8.37545809403745,7.53981505326564,0.8356430407718101,7.531015000188336,0.8444430938491134,0.0904744333384248,8.198128204694138,0.6583131514284972,100-199,eligible,0.0,0.0,0.0
153016,Telestrations: 12 Player Party Pack,2011.0,3140,7.962493213410589,6.440024893396414,1.522468320014175,6.495562492524815,1.4669307208857738,0.0212978454795044,7.920749436270761,1.4807245428743463,2.5k-5k,exclude,0.0,0.0,0.0
153703,Darkest Night: Necromancer Bundle,2013.0,117,7.649267383745693,6.6925937895305765,0.9566735942151166,6.709662132444096,0.9396052513015968,0.1103335431594635,7.433013639153144,0.740419849622568,100-199,eligible,0.0,1.0,0.0
153728,Fields of Despair: France 1914-1918,2017.0,416,8.203917575497034,7.7003222355616465,0.5035953399353872,7.725226541591084,0.4786910339059496,0.0585131974202964,8.089231708553253,0.388909472991606,200-499,eligible,0.0,0.0,0.0
156175,Championship Formula Racing,2017.0,338,7.92592615353109,7.092451443368976,0.8334747101621138,7.210073151872431,0.7158530016586591,0.064914564181608,7.798693607735138,0.706242164366162,200-499,eligible,0.0,0.0,0.0
156372,Heart of Crown: Fairy Garden,2013.0,304,8.435737541032188,6.851612430891995,1.5841251101401923,6.939985216301201,1.4957523247309863,0.0684484635485595,8.301578552477011,1.4499661215850157,200-499,eligible,0.0,0.0,0.0
156373,Chimera,2014.0,846,7.58545874700252,6.9715898423535165,0.6138689046490038,7.00618871250278,0.5792700344997401,0.041031303527239,7.505037392089132,0.5334475497356151,500-999,eligible,0.0,0.0,0.0
158600,Hanamikoji,2013.0,19235,7.771460626531826,7.283593858483105,0.487866768048721,7.326750145374628,0.4447104811571973,0.0086050698608084,7.754594689604641,0.4710008311215364,10k-25k,exclude,0.0,0.0,0.0
162286,Super Motherload,2015.0,4056,7.731557907780039,7.246461955010552,0.4850959527694867,7.269638849347373,0.4619190584326658,0.0187392205522893,7.694829035497552,0.4483670804869996,2.5k-5k,exclude,0.0,0.0,0.0
161921,Dolmen,2015.0,141,7.507000440527332,6.8885691146572405,0.618431325870092,6.917249535285631,0.5897509052417016,0.1005057571229953,7.310009156566261,0.421440041909021,100-199,eligible,0.0,0.0,0.0
171726,Project: ELITE,2016.0,1141,7.884551132988267,7.366456233742138,0.5180948992461287,7.388724042928359,0.4958270900599073,0.0353311418682009,7.815302094926593,0.4488458611844549,1k-2.5k,eligible,0.0,1.0,0.0
175360,W1815,2015.0,711,7.763831442437395,6.985595510003433,0.7782359324339616,7.021762292721023,0.7420691497163716,0.0447574871326017,7.676106767657496,0.6905112576540622,500-999,eligible,0.0,0.0,0.0
175707,Apex Theropod Deck-Building Game: Exotic Predators Limited Edition,2014.0,133,7.556654252126711,6.826607463641027,0.7300467884856845,6.927626845716867,0.6290274064098442,0.1034843498136905,7.353824926491878,0.5272174628508511,100-199,eligible,0.0,0.0,0.0
183315,Tetrarchia,2015.0,683,7.683943240621804,7.336064202688398,0.3478790379334056,7.396077101121127,0.2878661395006761,0.0456657026036423,7.594438463518665,0.2583742608302666,500-999,eligible,0.0,1.0,0.0
192663,Fleet Commander: Genesis,2016.0,164,7.762737748990816,7.249696745339188,0.5130410036516286,7.203977105571875,0.5587606434189416,0.0931919870317611,7.580081454408565,0.3303847090693768,100-199,eligible,0.0,0.0,0.0
193042,Junk Art,2016.0,7771,7.691391581247917,7.155657358992723,0.5357342222551935,7.156863922554999,0.5345276586929177,0.0135382347802302,7.664856641078665,0.5091992820859422,5k-10k,exclude,0.0,0.0,0.0
193512,Kingdom Defenders,2018.0,453,7.879703571896924,7.376334334319914,0.5033692375770098,7.186754302345317,0.6929492695516064,0.0560726904700306,7.769801098575663,0.3934667642557498,200-499,eligible,0.0,0.0,0.0
197072,High Treason: The Trial of Louis Riel,2016.0,559,7.742884563824832,7.330387301322819,0.4124972625020131,7.396437318412744,0.3464472454120884,0.0504771227746467,7.643949403186524,0.3135621018637054,500-999,eligible,0.0,0.0,0.0
198630,Hold the Line: The American Revolution,2016.0,129,7.656593737522575,7.123734318903312,0.5328594186192639,7.17107848749062,0.4855152500319555,0.1050765102308597,7.45064377747009,0.3269094585667787,100-199,eligible,0.0,0.0,0.0
198740,Lovecraft Letter,2017.0,5033,7.534821299989631,7.017201936624488,0.5176193633651431,6.900135952295297,0.6346853476943339,0.0168223641821584,7.501849466192601,0.4846475295681126,5k-10k,exclude,0.0,0.0,0.0
199793,Dokmus,2016.0,1248,7.5126406997683395,7.15747553245698,0.3551651673113598,7.218174572196661,0.2944661275716784,0.0337826102817538,7.446426783616101,0.2889512511591222,1k-2.5k,eligible,0.0,0.0,0.0
203800,Dust 1947,2016.0,101,7.654677090461042,7.216990432238569,0.4376866582224723,7.129372519363564,0.525304571097478,0.1187516927360825,7.42192377269832,0.2049333404597504,100-199,eligible,0.0,0.0,0.0
212370,Omen: Edge of the Aegean,2016.0,183,7.772215473079981,6.6796334252961245,1.092582047783856,6.69814042025714,1.0740750528228409,0.0882216042737541,7.599301128703423,0.919667703407298,100-199,eligible,0.0,0.0,0.0
212956,Room 25 Ultimate,2016.0,873,7.595697657822653,6.544829823464328,1.0508678343583249,6.571376214080697,1.0243214437419557,0.0403918155049935,7.516529699432866,0.9716998759685376,500-999,eligible,0.0,1.0,0.0
214296,Tenkatoitsu,2016.0,220,8.643939013797509,7.81033895599022,0.8336000578072884,7.937676905376055,0.7062621084214538,0.0804616909776487,8.486234099481317,0.6758951434910969,200-499,eligible,0.0,0.0,0.0
214988,Railways of Nippon,2018.0,518,8.090449643821074,7.22136287918887,0.869086764632204,7.321999798542379,0.7684498452786954,0.0524367318222743,7.987673649449416,0.7663107702605463,500-999,eligible,0.0,0.0,0.0
208754,Wings of Glory: Tripods & Triplanes,2018.0,102,7.974211209966231,6.773611987088927,1.2005992228773046,6.882461414881174,1.0917497950850574,0.1181681428029229,7.742601650072503,0.9689896629835756,100-199,eligible,0.0,0.0,0.0
209136,Q.E.,2017.0,318,7.994942579540181,6.731045632291844,1.2638969472483377,6.810818139044734,1.184124440495447,0.0669247774785544,7.863770015682214,1.1327243833903706,200-499,eligible,0.0,0.0,0.0
223770,Startups,2017.0,5151,7.6635674351811325,7.196781435952243,0.4667859992288896,7.204494259121251,0.4590731760598814,0.016628563028295,7.630975451645674,0.4341940156934314,5k-10k,exclude,0.0,0.0,0.0
225836,España 20: La Guerra Peninsular,2017.0,113,7.684195483816511,7.210274839163665,0.4739206446528463,7.234157936048421,0.4500375477680904,0.1122693670265072,7.464147524444557,0.2538726852808922,100-199,eligible,0.0,0.0,0.0
225976,Emperor's Choice,2017.0,115,7.775552161456256,7.298027722273618,0.4775244391826376,7.262194302350196,0.5133578591060601,0.1112888297569097,7.557426055132712,0.2593983328590944,100-199,eligible,0.0,0.0,0.0
223931,Sherlock Holmes Consulting Detective: Carlton House & Queen's Park,2017.0,1401,8.009069367229523,7.339397238351792,0.6696721288777319,7.330740512813485,0.6783288544160389,0.0318846334176378,7.946575485730953,0.6071782473791618,1k-2.5k,eligible,0.0,1.0,0.0
224678,Baseball Highlights: 2045 – Spring Training,2017.0,176,7.706666397485737,6.812548636756153,0.8941177607295838,6.875109050392204,0.8315573470935327,0.089958905305302,7.530346943087345,0.7177983063311918,100-199,eligible,0.0,0.0,0.0
237009,Urbino,2017.0,207,8.44228573901027,6.991255027950061,1.4510307110602092,7.012767151523599,1.4295185874866707,0.0829497961576172,8.27970413854134,1.2884491105912794,200-499,eligible,0.0,0.0,0.0
237792,Rummikub Twist,2016.0,204,7.62447815110335,6.832143848705375,0.7923343023979754,6.789269535755309,0.8352086153480407,0.0835574950961671,7.460705460714863,0.6285616120094879,200-499,eligible,0.0,0.0,0.0
244258,The Red Dragon Inn 7: The Tavern Crew,2018.0,310,7.855604716276058,6.541730332767488,1.3138743835085709,6.441405631210124,1.4141990850659347,0.0677828224813342,7.7227503842126435,1.181020051445156,200-499,eligible,0.0,0.0,0.0
244271,Dice Throne: Season Two – Battle Chest,2019.0,4629,8.22312019303742,7.512863450034102,0.7102567430033186,7.511570493723333,0.7115496993140873,0.0175411032725231,8.188739630623274,0.6758761805891733,2.5k-5k,exclude,0.0,0.0,0.0
247104,Blitz Bowl,2018.0,763,7.942293552230859,7.237423134214175,0.7048704180166832,7.279696148863076,0.6625974033677826,0.0432054195622422,7.857610929888864,0.6201877956746883,500-999,eligible,0.0,0.0,0.0
253506,Versailles 1919,2020.0,952,8.053845311011463,7.676115206338197,0.3777301046732653,7.798167689310697,0.2556776217007659,0.0386796042233389,7.9780332867337185,0.3019180803955209,500-999,eligible,0.0,0.0,0.0
258148,Power Rangers: Heroes of the Grid,2019.0,787,7.749970933603167,7.220269592918987,0.5297013406841806,7.28677145865592,0.4631994749472472,0.0425415323980616,7.666589530102967,0.4463199371839798,500-999,eligible,0.0,1.0,0.0
262621,The Soo Line,2018.0,217,7.759402777597738,6.910359484090598,0.8490432935071395,7.158945638971961,0.6004571386257771,0.0810159686511251,7.6006114790415324,0.6902519949509341,200-499,eligible,0.0,0.0,0.0
263192,Teenage Mutant Ninja Turtles Adventures: Change is Constant,2020.0,329,8.123381717246433,7.385348549374619,0.7380331678718139,7.512095464367574,0.611286252878859,0.0657964628278533,7.994420650103841,0.6090721007292215,200-499,eligible,0.0,1.0,0.0
263938,Paupers' Ladder,2019.0,251,7.9002018437381105,6.926833615431155,0.9733682283069554,6.928968045617458,0.9712337981206528,0.0753292485455614,7.75255651658881,0.8257229011576549,200-499,eligible,0.0,0.0,0.0
266830,QE,2019.0,6703,7.838379566800632,7.369309578035573,0.4690699887650593,7.432590747957148,0.4057888188434839,0.0145769238875968,7.809808795980942,0.4404992179453695,5k-10k,exclude,0.0,0.0,0.0
266938,Smash Up: World Tour – International Incident,2019.0,360,7.6215664247901636,7.2133136934692175,0.4082527313209461,7.197479419344901,0.4240870054452621,0.0628997972372677,7.498282822205119,0.2849691287359013,200-499,eligible,0.0,0.0,0.0
266965,Dice Throne: Season Two – Tactician v. Huntress,2018.0,1087,7.872558725769783,7.433036719093378,0.4395220066764045,7.373303842669211,0.4992548831005718,0.0361980956933816,7.801610458210755,0.3685737391173765,1k-2.5k,eligible,0.0,0.0,0.0
266966,Dice Throne: Season Two – Gunslinger v. Samurai,2018.0,1634,7.711248245079315,7.349858580302357,0.3613896647769588,7.295434872661694,0.4158133724176212,0.0295239505838225,7.653381301935023,0.3035227216326664,1k-2.5k,eligible,0.0,0.0,0.0
266967,Dice Throne: Season Two – Cursed Pirate v. Artificer,2018.0,1128,7.981505250665476,7.546854643000085,0.4346506076653913,7.479856894129961,0.5016483565355152,0.035534151204979,7.911858314303717,0.3650036713036323,1k-2.5k,eligible,0.0,0.0,0.0
267661,Crossing the Line: Aachen 1944,2019.0,198,8.306191861689015,7.864263297340088,0.4419285643489274,7.944936784809379,0.3612550768796367,0.0848140692926634,8.139956285875394,0.2756929885353071,100-199,eligible,0.0,0.0,0.0
268201,Dice Throne,2018.0,2465,7.8958296618837664,7.255925181918133,0.639904479965633,7.211646500505164,0.684183161378602,0.0240376514775942,7.848715864987682,0.5927906830695483,1k-2.5k,borderline,0.0,0.0,0.0
274428,Gaslands: Refuelled,2019.0,738,8.42370162644672,7.70358472441989,0.7201169020268292,7.675423346881857,0.7482782795648628,0.0439311239882714,8.337596623429707,0.6340118990098172,500-999,eligible,0.0,0.0,0.0
274638,Unmatched: Robin Hood vs. Bigfoot,2019.0,4374,8.06974176448516,7.498460686193502,0.5712810782916584,7.512310572190636,0.5574311922945245,0.0180451753466489,8.034373220805728,0.5359125346122264,2.5k-5k,exclude,0.0,0.0,0.0
283642,Cowboy Bebop: Space Serenade,2019.0,705,7.603579479906696,6.914963719314111,0.6886157605925858,7.001313230977633,0.6022662489290633,0.0449475410114202,7.515482299524312,0.600518580210202,500-999,eligible,0.0,0.0,0.0
283864,Trails of Tucana,2019.0,4776,7.714691111136336,7.001648264001407,0.713042847134929,7.277837257998282,0.4368538531380537,0.0172690456198309,7.680843781721467,0.6791955177200604,2.5k-5k,exclude,0.0,0.0,0.0
284108,Pictures,2019.0,3352,7.591191093547571,7.083077350461579,0.5081137430859917,7.115458125919995,0.4757329676275761,0.0206133458959555,7.550788935591498,0.4677115851299188,2.5k-5k,exclude,0.0,0.0,0.0
286358,Commands & Colors Tricorne: Jacobite Rising,2020.0,100,8.379267246947594,7.573180327863296,0.8060869190842972,7.522143041220644,0.857124205726949,0.1193439741795195,8.145353057555734,0.572172729692439,100-199,eligible,0.0,0.0,0.0
286363,SPELL,2020.0,188,7.591679807063362,7.1758434077795386,0.4158363992838234,7.081988927667295,0.509690879396067,0.0870405388951028,7.42108035082896,0.2452369430494219,100-199,eligible,0.0,0.0,0.0
286431,Electropolis,2019.0,724,7.825128418522104,7.37462155186282,0.4505068666592846,7.400954559931193,0.4241738585909109,0.0443538386987549,7.738194894672545,0.363573342809725,500-999,eligible,0.0,0.0,0.0
288378,Estoril 1942: Super Box,2019.0,201,7.7485710229825,7.348057062035203,0.4005139609472969,7.337692197913885,0.4108788250686146,0.0841787489666658,7.583580675007835,0.2355236129726319,200-499,eligible,0.0,0.0,0.0
299179,Chancellorsville 1863,2020.0,189,8.057866186107379,7.323043344643942,0.734822841463437,7.376021675526108,0.6818445105812714,0.0868099675261116,7.8877186497562,0.5646753051122582,100-199,eligible,0.0,0.0,0.0
299544,Exhibition: 20th Century,2021.0,175,7.509266390980361,6.903263228234948,0.606003162745413,6.876918890940509,0.6323475000398524,0.0902155646151778,7.332443884334612,0.4291806560996645,100-199,eligible,0.0,0.0,0.0
310448,Zombie Teenz Evolution,2020.0,2006,7.824416743314829,7.289991263692638,0.5344254796221906,7.287255970829163,0.5371607724856657,0.0266461845522864,7.772190221592347,0.4821989578997092,1k-2.5k,borderline,0.0,1.0,1.0
317030,Quest: Avalon Big Box Edition,2021.0,322,8.283888142620466,7.205181709709015,1.078706432911451,7.305931113222972,0.9779570293974942,0.0665077966124016,8.153532861260159,0.9483511515511438,200-499,eligible,0.0,0.0,0.0
318098,Silver Dagger,2020.0,300,7.53347240151887,7.039733988196836,0.4937384133220339,6.980454778899464,0.5530176226194063,0.0689032756187053,7.398421981306208,0.3586879931093715,200-499,eligible,0.0,0.0,0.0
324157,Hidden Games Crime Scene: Green Poison,2020.0,253,8.432093468244132,7.291243178709516,1.140850289534615,7.337611196709391,1.0944822715347406,0.0750309137158037,8.285032877361155,0.99378969865164,200-499,eligible,0.0,1.0,0.0
324856,The Crew: Mission Deep Sea,2021.0,19985,8.459943082578489,8.01555495643966,0.4443881261388291,8.053482792817956,0.4064602897605329,0.0084420597098052,8.44339664554727,0.4278416891076109,10k-25k,exclude,0.0,1.0,0.0
329839,So Clover!,2021.0,9292,7.974623611118608,7.502497546512171,0.4721260646064378,7.512924437283567,0.4616991738350409,0.012380719814575,7.950357400282042,0.4478598537698707,5k-10k,exclude,0.0,1.0,0.0
331212,Aeon's End: Legacy of Gravehold,2021.0,743,8.422006523091863,8.071729923822641,0.3502765992692218,8.125123942361643,0.2968825807302195,0.0437830577632625,8.336191729875868,0.2644618060532272,500-999,eligible,0.0,1.0,1.0
331582,HEXplore It: The Domain of Mirza Noctis,2022.0,305,8.515307831492972,7.924144112816991,0.5911637186759808,8.001652903174268,0.5136549283187044,0.0683361608255901,8.381368956274816,0.4572248434578241,200-499,eligible,0.0,1.0,0.0
341512,In the Ashes,2022.0,305,8.289868806340237,7.35053986245072,0.9393289438895174,7.453669227122511,0.8361995792177268,0.0683361608255901,8.155929931122081,0.8053900686713606,200-499,eligible,0.0,0.0,0.0
342070,Thunder Road: Vendetta,2023.0,4462,8.290248174702066,7.957507643767336,0.3327405309347302,7.64420060206435,0.6460475726377162,0.0178663448721118,8.255230138752728,0.2977224949853909,2.5k-5k,exclude,0.0,0.0,0.0
347703,First Rat,2022.0,3806,7.959185710653522,7.630031954074008,0.3291537565795144,7.649137660530707,0.3100480501228153,0.0193448828426415,7.921269740281945,0.2912377862079369,2.5k-5k,exclude,0.0,0.0,0.0
348406,Marvel Dice Throne,2022.0,2987,8.132048169861864,7.516247673851705,0.6158004960101593,7.535472121509864,0.5965760483520004,0.0218364926874236,8.089248644194514,0.5730009703428088,2.5k-5k,exclude,0.0,0.0,0.0
349258,Live Mission Game: The Heist – Crime Does Pay,2021.0,120,7.5545983933093535,7.184306952673797,0.3702914406355564,7.210103332103115,0.3444950612062385,0.1089456446007282,7.341064929891926,0.1567579772181291,100-199,eligible,0.0,1.0,0.0
360641,Maladum: Dungeons of Enveron,2024.0,140,8.787989144766346,8.112765255281216,0.6752238894851299,8.15158042999952,0.6364087147668265,0.1008640675540311,8.590295572360445,0.4775303170792289,100-199,eligible,0.0,1.0,0.0
360956,"Suspects: Claire Harper, Eternal Investigator",2022.0,161,7.835290112112586,7.159124894837143,0.6761652172754431,7.169458945570387,0.6658311665421994,0.0940562279728098,7.650939905285879,0.4918150104487357,100-199,eligible,0.0,1.0,0.0
361637,Decktective: You Can't Cheat Death,2022.0,159,7.563152335318428,6.882769256750162,0.6803830785682656,6.8839858673945145,0.6791664679239133,0.0946459279689731,7.37764631649924,0.4948770597490782,100-199,eligible,0.0,1.0,0.0
362505,One Piece Card Game,2022.0,211,7.715890300586802,7.199856945118727,0.5160333554680756,7.153698933957678,0.5621913666291247,0.0821597800986509,7.5548571315934465,0.3550001864747197,200-499,eligible,0.0,0.0,0.0
367432,On to Richmond II: The Union Strikes South,2023.0,102,9.49558070485074,8.497220357704096,0.9983603471466438,8.499866120849564,0.995714584001176,0.1181681428029229,9.263971144957011,0.7667507872529149,100-199,eligible,0.0,0.0,0.0
400995,Perspectives,2023.0,699,8.112228083730708,7.589665300657144,0.522562783073564,7.577089586831809,0.5351384968988988,0.0451400367145044,8.023753611770278,0.4340883111131352,500-999,eligible,0.0,1.0,0.0
401885,Schätz it if you can,2023.0,231,7.682922113674121,7.088161047644288,0.5947610660298333,7.131206895582361,0.5517152180917604,0.0785225700946497,7.529017876288607,0.4408568286443197,200-499,eligible,0.0,0.0,0.0
402207,YRO,2024.0,154,7.86399219964577,7.29048682605271,0.5735053735930595,7.245797864747178,0.6181943348985914,0.0961701150119088,7.6754987742224285,0.3850119481697182,100-199,eligible,0.0,0.0,0.0
405923,Moonrollers,2024.0,422,7.720120695611587,7.284670512602384,0.4354501830092028,7.367376553775488,0.3527441418360988,0.0580957376485516,7.606253049820426,0.3215825372180416,200-499,eligible,0.0,0.0,0.0
408381,War Story: Occupied France,2024.0,183,8.461611204652554,7.521530662410493,0.9400805422420612,7.5346114303040626,0.9269997743484916,0.0882216042737541,8.288696860275996,0.767166197865503,100-199,eligible,0.0,1.0,0.0
409581,Rivages,2024.0,185,7.578311295608075,7.14256264414426,0.4357486514638156,7.33528748812293,0.2430238074851454,0.0877434348755685,7.406334163251961,0.2637715191077012,100-199,eligible,0.0,0.0,0.0
71,Civilization,1980.0,7319,7.8225212556447135,7.45070306410571,0.3718181915390035,7.428957960935381,0.3935632947093319,0.0139500133192632,7.795179229538958,0.3444761654332476,5k-10k,exclude,0.0,0.0,0.0
118,Modern Art,1992.0,23096,7.892179435294738,7.124200525211226,0.7679789100835128,7.167933375545481,0.7242460597492579,0.0078529369468615,7.87678767887889,0.7525871536676643,10k-25k,exclude,0.0,0.0,0.0
1582,Sicily: Triumph and Folly,2000.0,183,8.10926771463826,7.586856033332197,0.522411681306064,7.527759011236512,0.5815087034017488,0.0882216042737541,7.936353370261703,0.3494973369295059,100-199,eligible,0.0,0.0,0.0
1666,Battle Hymn,1986.0,435,7.695343599994401,7.283434089555342,0.4119095104390586,7.412124615137424,0.283218984856977,0.0572210558724988,7.583190330484303,0.2997562409289609,200-499,eligible,0.0,0.0,0.0
1803,Zopp,1997.0,158,7.667323849066769,5.914974212678306,1.7523496363884623,5.942362669361394,1.7249611797053743,0.0949449679809969,7.481231711824014,1.5662574991457086,100-199,eligible,0.0,0.0,0.0
1822,Wilderness War,2001.0,1880,8.109644365164526,7.631106425505289,0.4785379396592368,7.543876892514042,0.5657674726504833,0.0275246351677,8.055696080235833,0.4245896547305448,1k-2.5k,borderline,0.0,0.0,0.0
3365,Gumshoe,1985.0,146,7.799363660363855,6.593626724914536,1.2057369354493188,6.581237088687853,1.2181265716760017,0.0987697758001792,7.605774899795503,1.0121481748809673,100-199,eligible,0.0,1.0,0.0
6581,Korea: The Forgotten War,2003.0,330,8.427302678500132,7.879452658004039,0.5478500204960923,8.005811299652962,0.4214913788471701,0.0656966955789134,8.29853715516546,0.4190844971614219,200-499,eligible,0.0,0.0,0.0
10641,"Barbarossa: Army Group South, 1941",1996.0,193,8.183538728468646,7.542761612520792,0.6407771159478539,7.487107372756697,0.6964313557119493,0.0859056723713636,8.015163610620773,0.4724019980999812,100-199,eligible,0.0,0.0,0.0
10642,"Barbarossa: Army Group North, 1941",2000.0,167,8.272463463447602,7.609480014043273,0.6629834494043294,7.660155328913193,0.612308134534409,0.0923511398830663,8.091455229276793,0.4819752152335194,100-199,eligible,0.0,0.0,0.0
10679,A Fearful Slaughter: The Battle of Shiloh,2004.0,119,7.903744333203607,7.545401577874047,0.3583427553295593,7.642675826799277,0.2610685064043299,0.1094024417597391,7.689315547354518,0.1439139694804704,100-199,eligible,0.0,0.0,0.0
11091,Leuthen: Frederick's Greatest Victory,1997.0,105,8.120230128005938,7.450299230463141,0.6699308975427964,7.547054236308421,0.5731758916975167,0.1164677931077609,7.8919532535147265,0.441654023051585,100-199,eligible,0.0,0.0,0.0
11096,Tahuantinsuyu,2004.0,404,7.754538694103664,6.968737545848672,0.7858011482549925,7.060131343421856,0.694407350681808,0.0593758463680412,7.638162035222304,0.6694244893736315,200-499,eligible,0.0,0.0,0.0
11967,The Seven Days of 1809: Napoleon and the Archduke Charles,2004.0,119,7.894065271559432,7.120681901190075,0.7733833703693573,7.149345095544135,0.7447201760152975,0.1094024417597391,7.679636485710343,0.5589545845202686,100-199,eligible,0.0,0.0,0.0
12266,Barren Victory,1991.0,103,7.585013572576962,7.042538388164235,0.5424751844127265,7.173671679553305,0.411341893023657,0.1175931119315639,7.354531073191096,0.311992685026861,100-199,eligible,0.0,0.0,0.0
13122,Antiquity,2004.0,4529,8.44130682038236,7.888624091274481,0.5526827291078789,7.953915442400728,0.4873913779816323,0.0177336991118584,8.406548770123118,0.5179246788486364,2.5k-5k,exclude,0.0,0.0,0.0
19622,A Victory Lost: Crisis in Ukraine 1942-1943,2006.0,1072,8.046616370783408,7.513838792558234,0.5327775782251738,7.62904251806491,0.4175738527184975,0.0364504675319628,7.97517345442076,0.4613346618625266,1k-2.5k,eligible,0.0,0.0,0.0
19679,Hordes,2006.0,440,7.698424266613612,6.962794949739495,0.7356293168741175,6.997360630206455,0.7010636364071576,0.0568950073160318,7.58691005227419,0.6241151025346949,200-499,eligible,0.0,0.0,0.0
19854,Federation Commander: Klingon Border,2005.0,535,7.683085619229088,7.060397432704979,0.6226881865241083,7.331623713772519,0.3514619054565688,0.0515968994449212,7.581955696317042,0.5215582636120627,500-999,eligible,0.0,0.0,0.0
21348,Ticket to Ride: Märklin,2006.0,9033,7.659483393214059,7.164556938992279,0.4949264542217806,7.240985309855546,0.4184980833585134,0.012556959419253,7.634871752752323,0.4703148137600446,5k-10k,exclude,0.0,0.0,0.0
38877,No Retreat!: The Russian Front 1941-1944,2008.0,189,8.1229458153777,7.062027741856376,1.0609180735213233,7.0391727087463725,1.0837731066313268,0.0868099675261116,7.952798279026521,0.8907705371701444,100-199,eligible,0.0,0.0,0.0
40209,RAF: The Battle of Britain 1940,2009.0,1038,8.2379754374897,7.905227967621139,0.3327474698685595,7.897547382995281,0.3404280544944189,0.037042630459831,8.165371881788431,0.2601439141672906,1k-2.5k,eligible,0.0,0.0,0.0
40354,Maria,2009.0,3693,8.545846399320451,8.196755414419684,0.3490909849007675,8.237780046022253,0.308066353298198,0.0196386143585184,8.507354715177755,0.3105993007580714,2.5k-5k,exclude,0.0,0.0,0.0
67600,D-Day at Tarawa,2014.0,467,8.417474012675262,7.958554374037737,0.4589196386375249,8.042987115007326,0.3744868976679356,0.0552258050600571,8.30923143475755,0.3506770607198128,200-499,eligible,0.0,0.0,0.0
75448,Tanto Cuore: Romantic Vacation,2010.0,459,7.686309423650441,6.7458957737432215,0.9404136499072192,6.836288932794034,0.8500204908564069,0.055704996730778,7.577127630058116,0.831231856314894,200-499,eligible,0.0,0.0,0.0
91739,Somme 1918: Bloody Spring,2012.0,100,8.259291712979266,7.609482044898957,0.6498096680803087,7.714607515560834,0.544684197418432,0.1193439741795195,8.025377523587407,0.4158954786884505,100-199,eligible,0.0,0.0,0.0
91873,Strasbourg,2011.0,2772,7.6724845803821315,7.316357887377947,0.3561266930041844,7.376202365775763,0.2962822146063688,0.0226675134908036,7.628056253940156,0.3116983665622093,2.5k-5k,exclude,0.0,0.0,0.0
97155,Lords of Baseball,2024.0,127,8.232817669715876,7.6430804361314735,0.5897372335844029,7.649792917674514,0.5830247520413625,0.1059006523477852,8.025252391114217,0.3821719549827438,100-199,eligible,0.0,0.0,0.0
103339,Reluctant Enemies: Operation Exporter,2014.0,311,8.292897923626255,7.898913974515569,0.3939839491106855,7.967370955291066,0.325526968335188,0.0676737591404047,8.160257355711062,0.2613433811954923,200-499,eligible,0.0,0.0,0.0
122913,Samurai Battles,2012.0,245,7.609904831197933,7.101526385438909,0.5083784457590239,7.165004587116696,0.4449002440812366,0.0762460682772529,7.460462537374517,0.3589361519356082,200-499,eligible,0.0,0.0,0.0
128996,1775: Rebellion,2013.0,4259,8.008688862469016,7.605347991108747,0.4033408713602693,7.5534793478800335,0.4552095145889829,0.0182871773115992,7.9728459949382815,0.3674980038295348,2.5k-5k,exclude,0.0,0.0,0.0
158815,At Any Cost: Metz 1870,2018.0,243,8.252554720830279,7.886024148909408,0.3665305719208707,8.000191020590428,0.2523637002398509,0.0765591951318948,8.102498698371765,0.2164745494623568,200-499,eligible,0.0,0.0,0.0
158886,Stonewall's Sword: The Battle of Cedar Mountain,2015.0,208,8.239263919584353,7.590336185510997,0.6489277340733555,7.602891119481413,0.6363728001029401,0.0827501573695976,8.07707361113994,0.486737425628944,200-499,eligible,0.0,0.0,0.0
158976,Ascension: Year One Collector's Edition,2015.0,433,7.972375996145021,6.747604713858829,1.2247712822861925,6.855061267332536,1.1173147288124854,0.0573530538699805,7.859964010559859,1.1123592967010305,200-499,eligible,0.0,0.0,0.0
159333,Fendo,2014.0,121,8.166506203111037,6.648537711077063,1.5179684920339742,6.672725748339767,1.4937804547712703,0.1084945219813813,7.95385694002753,1.3053192289504667,100-199,eligible,0.0,0.0,0.0
177877,SiXeS,2016.0,321,7.512032725616253,6.31850775274704,1.1935249728692128,6.3723385804351125,1.1396941451811404,0.0666113107553728,7.381474556535722,1.062966803788682,200-499,eligible,0.0,0.0,0.0
188866,Awkward Guests: The Walton Case,2016.0,8559,7.844826323951546,7.19000351730274,0.6548228066488058,7.21711151029581,0.6277148136557358,0.0128999783866485,7.819542366313715,0.6295388490109746,5k-10k,exclude,0.0,0.0,0.0
206803,Warsaw: City of Ruins,2016.0,2099,7.74708229026352,7.129875293151645,0.6172069971118743,7.215984137644034,0.531098152619486,0.0260491931852187,7.696025871620491,0.5661505784688455,1k-2.5k,borderline,0.0,0.0,0.0
219217,Arena: The Contest,2019.0,753,8.215903329240293,7.51869316898429,0.6972101602560024,7.366424506420293,0.8494788228200001,0.0434913619256321,8.130660259866055,0.6119670908817634,500-999,eligible,0.0,1.0,0.0
220609,Sentinels of Earth-Prime,2022.0,143,8.23464278655181,7.629317424414602,0.6053253621372079,7.594727573072863,0.6399152134789468,0.0998004448501157,8.039033914645582,0.4097164902309811,100-199,eligible,0.0,0.0,0.0
220792,The Expanse Board Game,2017.0,1733,7.635675550930923,7.113135665165988,0.5225398857649353,7.120537751863177,0.5151377990677464,0.0286682520749319,7.579485776864057,0.4663501116980686,1k-2.5k,borderline,0.0,0.0,0.0
223855,Sentient,2017.0,2680,7.6178510617603745,7.288760944426558,0.3290901173338163,7.320665002682071,0.2971860590783031,0.0230532998358037,7.572666594082199,0.2839056496556409,2.5k-5k,exclude,0.0,0.0,0.0
227995,"Raiders of the Deep: U-boats of the Great War, 1914-18",2018.0,149,8.163006942927295,7.667470310760079,0.4955366321672159,7.703522981441182,0.4594839614861126,0.0977703931694625,7.971376972315148,0.3039066615550693,100-199,eligible,0.0,0.0,0.0
231327,The Grizzled: Armistice Edition,2018.0,899,7.872058005515128,7.319050233379496,0.5530077721356319,7.351958564192769,0.5200994413223592,0.0398034438968152,7.79404325547737,0.474993022097874,500-999,eligible,0.0,1.0,0.0
231942,Last Night on Earth: The Zombie Game – 10 Year Anniversary Edition,2017.0,269,7.964623853392851,7.093567683881529,0.8710561695113217,6.777171819889334,1.1874520335035168,0.0727653052998208,7.822003855005202,0.7284361711236729,200-499,eligible,0.0,0.0,0.0
231962,Krazy Wordz,2016.0,753,7.545649480030701,6.554999811370605,0.9906496686600956,6.634241358173941,0.9114081218567592,0.0434913619256321,7.460406410656462,0.9054065992858568,500-999,eligible,0.0,0.0,0.0
232134,Wander: The Cult of Barnacle Bay,2019.0,209,7.739456698209377,7.322063445897811,0.417393252311566,7.314687324448643,0.4247693737607338,0.0825519531152329,7.577654870103521,0.2555914242057093,200-499,eligible,0.0,1.0,0.0
240464,Cosmic Run: Regeneration,2018.0,350,7.5621610989350865,6.841540567226094,0.7206205317089927,6.855344421764329,0.7068166771707576,0.0637920375079653,7.437128705419474,0.5955881381933805,200-499,eligible,0.0,0.0,0.0
241203,Ascension: Year Four Collector's Edition,2017.0,122,8.176847733597981,6.64387682487275,1.5329709087252308,6.751481001615407,1.4253667319825745,0.1080489573802186,7.965071777132753,1.3211949522600022,100-199,eligible,0.0,0.0,0.0
241853,Museum: Kickstarter Edition,2019.0,149,7.594837660289307,7.026432714107759,0.5684049461815475,6.985158240870122,0.6096794194191846,0.0977703931694625,7.40320768967716,0.3767749755694008,100-199,eligible,0.0,0.0,0.0
248878,FlickFleet,2019.0,214,8.1419606295357,6.951687967763455,1.1902726617722443,6.999047176018683,1.142913453517016,0.0815818612243143,7.982060181536043,1.0303722137725884,200-499,eligible,0.0,0.0,0.0
255393,"Stalingrad '42: Southern Russia, June-December, 1942",2019.0,453,8.57778304921306,8.140692684840326,0.4370903643727342,8.207391602367151,0.3703914468459093,0.0560726904700306,8.467880575891801,0.3271878910514741,200-499,eligible,0.0,0.0,0.0
259066,Commands & Colors: Samurai Battles,2021.0,505,8.358915726704037,8.019118550916096,0.3397971757879414,8.206242419116379,0.1526733075876585,0.0531073714802097,8.254825278602826,0.2357067276867304,500-999,eligible,0.0,0.0,0.0
259571,Quarriors! Qultimate Quedition,2019.0,334,7.848769524629266,7.025788955016322,0.8229805696129437,7.172511807074846,0.67625771755442,0.0653021172616236,7.720777374796484,0.6949884197801615,200-499,eligible,0.0,0.0,0.0
260605,Camel Up (Second Edition),2018.0,14249,7.805081986036596,7.431366496085454,0.3737154899511417,7.173528951451798,0.6315530345847975,0.0099978888125018,7.785486123964092,0.354119627878638,10k-25k,exclude,0.0,0.0,0.0
269456,"Interceptor Ace: Daylight Air Defense Over Germany, 1943-44",2019.0,187,7.982971045642277,7.610236199158306,0.3727348464839704,7.595592900866226,0.3873781447760507,0.0872729573032229,7.81191604932796,0.2016798501696534,100-199,eligible,0.0,0.0,0.0
270871,Agemonia,2024.0,650,9.13215688043694,8.15950046067205,0.97265641976489,8.206353244271682,0.9258036361652576,0.0468105579362371,9.040408186881915,0.8809077262098652,500-999,eligible,0.0,1.0,0.0
275626,Dominion: Einsteiger-Bigbox,2019.0,114,8.35750685195751,6.858775453848667,1.498731398108843,6.923311340842842,1.4341955111146678,0.11177587291431,8.138426141045462,1.2796506871967954,100-199,eligible,0.0,0.0,0.0
275972,Star Trek: Alliance – Dominion War Campaign,2021.0,193,8.586067013741074,7.245367226005122,1.340699787735952,7.261603458237952,1.3244635555031223,0.0859056723713636,8.417691895893201,1.1723246698880792,100-199,eligible,0.0,1.0,0.0
284777,Unmatched: Jurassic Park – InGen vs Raptors,2020.0,2488,8.235595866848483,7.177021857724913,1.0585740091235696,7.175946964525686,1.059648902322797,0.0239262869982826,8.18870034433185,1.0116784866069355,1k-2.5k,borderline,0.0,0.0,0.0
285157,Legendary: A James Bond Deck Building Game,2019.0,674,7.94157442227659,7.11764283999827,0.8239315822783198,7.21181754856031,0.7297568737162798,0.0459695812418302,7.851474043042603,0.7338312030443325,500-999,eligible,0.0,1.0,0.0
293141,King of Tokyo: Dark Edition,2020.0,5420,7.833856833940148,7.103961281558176,0.7298955523819721,7.159291427138411,0.6745654068017366,0.0162106658052038,7.802083928961949,0.6981226474037727,5k-10k,exclude,0.0,0.0,0.0
293207,Eila and Something Shiny,2021.0,1257,8.223399392519292,7.454723293031458,0.7686760994878341,7.577817459255364,0.6455819332639283,0.0336614528910565,8.157422944852822,0.7026996518213633,1k-2.5k,eligible,0.0,0.0,0.0
299122,Machina Arcana (Second Edition): Premium Edition,2020.0,157,7.895387811689012,7.4963910783807055,0.3989967333083069,7.549358428957872,0.3460293827311407,0.095246860532917,7.708703965044495,0.2123128866637894,100-199,eligible,0.0,1.0,0.0
306637,Resident Evil 3: The Board Game,2021.0,347,7.8717251738009,7.30481009506309,0.5669150787378108,7.324320850355496,0.547404323445404,0.0640672021388677,7.746153457608719,0.44134336254563,200-499,eligible,0.0,1.0,0.0
307997,Insider Black,2020.0,365,7.619979324629217,6.774190172318317,0.8457891523108998,6.838932327656,0.7810469969732168,0.0624674911025492,7.49754304206822,0.7233528697499032,200-499,eligible,0.0,0.0,0.0
308755,Ascension: Eternal,2020.0,219,7.883140442214987,7.141868131442486,0.7412723107725014,7.252348248423624,0.630792193791363,0.0806451842398444,7.7250758811048925,0.5832077496624063,200-499,eligible,0.0,0.0,0.0
314672,Stilicho: Last of the Romans,2020.0,150,7.992773687670193,7.52932551673141,0.4634481709387836,7.468458382490441,0.5243153051797522,0.0974439468719044,7.80178355180126,0.2724580350698509,100-199,eligible,0.0,0.0,0.0
315060,Unmatched: Buffy the Vampire Slayer,2020.0,1163,7.62065619652894,7.128609188020647,0.4920470085082931,7.166462206913179,0.4541939896157609,0.0349953739394112,7.552065263607694,0.4234560755870469,1k-2.5k,eligible,0.0,0.0,0.0
329106,Fallen Land: A Post Apocalyptic Board Game – 2nd Edition,2023.0,159,8.47802357917602,7.904079985176557,0.5739435939994628,7.768830816034134,0.7091927631418855,0.0946459279689731,8.292517560356831,0.3884375751802754,100-199,eligible,0.0,0.0,0.0
334011,A Gentle Rain,2021.0,1392,7.715324604403884,7.161081646813422,0.5542429575904624,7.166823899417599,0.5485007049862851,0.0319875426688052,7.652629020773026,0.4915473739596041,1k-2.5k,eligible,0.0,0.0,0.0
336382,Marvel United: X-Men,2021.0,3868,8.171086176562575,7.788181570781514,0.3829046057810608,7.750890715432314,0.4201954611302607,0.0191892174006895,8.133475310457223,0.3452937396757093,2.5k-5k,exclude,0.0,1.0,0.0
336811,Catharsis,2022.0,105,8.306869751294075,7.357924675381898,0.9489450759121764,7.440936992929744,0.8659327583643304,0.1164677931077609,8.078592876802864,0.7206682014209649,100-199,eligible,0.0,1.0,0.0
345894,Thrones of Valeria,2022.0,166,7.534349129830082,7.025066605031295,0.5092825247987873,7.079053531808798,0.4552955980212845,0.092628888299317,7.352796508763421,0.3277299037321258,100-199,eligible,0.0,0.0,0.0
358981,"Air, Land, & Sea: Spies, Lies, & Supplies",2022.0,1157,8.106576141515397,7.667172144098412,0.439403997416985,7.619025813200519,0.4875503283148781,0.0350859965527864,8.037807588271935,0.3706354441735235,1k-2.5k,eligible,0.0,0.0,0.0
359065,Blitz Bowl: Ultimate Edition,2022.0,249,8.579050702178197,7.451780077432954,1.1272706247452433,7.496366924389385,1.0826837777888123,0.0756311705915286,8.4308136078188,0.9790335303858472,200-499,eligible,0.0,0.0,0.0
368557,Heroscape: Master Set – Age of Annihilation,2024.0,142,8.472552993347907,7.940920124312425,0.5316328690354819,7.977712809941066,0.4948401834068416,0.1001512383564941,8.27625656616918,0.3353364418567533,100-199,eligible,0.0,0.0,0.0
369258,Isle of Skye: Big Box,2022.0,353,8.223449131645932,7.23189824340324,0.991550888242692,7.230618913011929,0.992830218634003,0.0635203881368363,8.098949170897733,0.8670509274944928,200-499,eligible,0.0,0.0,0.0
369635,Between Two Cities Essential Edition,2022.0,334,7.705679492919999,7.108735605699765,0.5969438872202337,7.116188574206344,0.589490918713655,0.0653021172616236,7.577687343087216,0.4689517373874514,200-499,eligible,0.0,0.0,0.0
369862,Pathogen,2022.0,111,7.898975377320908,7.556572269468315,0.3424031078525926,7.571161637232519,0.3278137400883887,0.1132762873373707,7.676953854139661,0.120381584671346,100-199,eligible,0.0,0.0,0.0
370444,Hard to Get,2023.0,279,7.503382298893498,7.01847854160439,0.4849037572891079,7.012181613901284,0.4912006849922141,0.071449368425294,7.363341536779921,0.3448629951755315,200-499,eligible,0.0,1.0,0.0
371688,HUANG,2024.0,655,8.513909922899844,8.128199228161234,0.3857106947386093,8.172539614827489,0.3413703080723547,0.0466315494108032,8.422512086054669,0.2943128578934349,500-999,eligible,0.0,0.0,0.0
373105,Legendary Encounters: The Matrix,2023.0,245,8.41383020541206,7.472648628942391,0.9411815764696688,7.535061655205277,0.8787685502067824,0.0762460682772529,8.264387911588644,0.791739282646253,200-499,eligible,0.0,1.0,0.0
373828,Galdor's Grip,2022.0,274,8.133307006680797,7.334645891576486,0.798661115104311,7.335170885520023,0.7981361211607734,0.0720983315076739,7.991994276925756,0.6573483853492702,200-499,eligible,0.0,0.0,0.0
374173,Star Wars: The Deckbuilding Game,2023.0,7891,8.090324831221787,7.750343355048452,0.3399814761733353,7.90773735309614,0.1825874781256473,0.0134349011123884,8.063992425041507,0.313649069993054,5k-10k,exclude,0.0,0.0,0.0
386405,Come Sail Away!,2023.0,584,8.18474666565053,7.572614463240862,0.6121322024096685,7.549768376478502,0.6349782891720288,0.0493848879000896,8.087952285366356,0.5153378221254927,500-999,eligible,0.0,0.0,0.0
386937,Lacuna,2023.0,1454,7.800103647605134,7.391191264772724,0.4089123828324101,7.4226291221934275,0.3774745254117064,0.0312981229721403,7.738759326579739,0.3475680618070151,1k-2.5k,eligible,0.0,0.0,0.0
387276,Reforest: Plants of the Pacific Northwest Coast,2024.0,196,8.188961142304597,7.628906320462523,0.5600548218420744,7.5771442105150335,0.6118169317895639,0.0852456958425139,8.02187957845327,0.3929732579907471,100-199,eligible,0.0,0.0,0.0
3,Samurai,1998.0,16336,7.824501675976537,7.37339315636728,0.4511085196092566,7.449495376243467,0.3750062997330694,0.0093374359000778,7.806200301612384,0.432807145245104,10k-25k,exclude,0.0,0.0,0.0
8812,No Better Place to Die: The Battle of Murfreesboro,1994.0,147,7.551354481754806,7.078461267662588,0.4728932140922177,7.213624767812718,0.337729713942088,0.0984332508838647,7.35842531002243,0.2799640423598428,100-199,eligible,0.0,0.0,0.0
8887,Battle for Stalingrad,1980.0,190,7.656709021930909,7.051012123615776,0.6056968983151334,7.139781049983895,0.5169279719470135,0.0865812188609838,7.48700983296338,0.435997709347605,100-199,eligible,0.0,0.0,0.0
9217,Saint Petersburg,2004.0,16030,7.673466423865149,7.33969917546897,0.3337672483961782,7.362635727242132,0.3108306966230163,0.0094261367208806,7.654991195892222,0.3152920204232521,10k-25k,exclude,0.0,0.0,0.0
18833,Lord of the Rings: The Confrontation,2005.0,6420,7.84645688449076,6.785522158346492,1.0609347261442688,6.763189009222673,1.0832678752680875,0.0148947418919376,7.817263190382563,1.031741032036071,5k-10k,exclude,0.0,0.0,0.0
29055,Down in Flames: Locked-On,2018.0,128,7.77056191193061,6.994434298875314,0.7761276130552961,6.925571937681109,0.8449899742495006,0.105486166795113,7.563809025012189,0.5693747261368745,100-199,eligible,0.0,0.0,0.0
29379,"Ici, c'est la France! The Algerian War of Independence 1954 - 1962",2009.0,149,7.790836760155617,7.149356371277628,0.641480388877989,6.968254582238776,0.822582177916841,0.0977703931694625,7.59920678954347,0.4498504182658424,100-199,eligible,0.0,0.0,0.0
33924,Nightfighter: Air Warfare in the Night Skies of World War Two,2011.0,250,7.68834802880593,7.269693870956695,0.4186541578492342,7.351684487076829,0.3366635417291004,0.0754797566847212,7.540407705703876,0.2707138347471805,200-499,eligible,0.0,0.0,0.0
34219,Biblios,2007.0,17799,7.529468224957935,7.091694368838732,0.437773856119203,7.061030673584881,0.4684375513730545,0.0089454603343303,7.511935122702648,0.4202407538639156,10k-25k,exclude,0.0,0.0,0.0
36314,Where Eagles Dare: The Battle for Hell's Highway,2011.0,188,8.461223131236869,7.654687551857309,0.8065355793795597,7.62760987267175,0.8336132585651193,0.0870405388951028,8.290623675002468,0.6359361231451581,100-199,eligible,0.0,0.0,0.0
38309,God's Playground,2009.0,731,7.985274932917941,7.462775189016506,0.5224997439014354,7.459926956639794,0.5253479762781472,0.0441409633726315,7.898758644707584,0.4359834556910776,500-999,eligible,0.0,0.0,0.0
38786,"Red Winter: The Soviet Attack at Tolvajärvi, Finland – 8-12 December 1939",2012.0,495,8.340614961277021,7.545710795770683,0.7949041655063382,7.632878790868549,0.7077361704084719,0.0536411273184325,8.235478351732894,0.6897675559622105,200-499,eligible,0.0,0.0,0.0
41429,Band of Brothers: Screaming Eagles,2011.0,663,7.982703042767097,7.571732511308678,0.4109705314584193,7.485086733355981,0.4976163094111161,0.0463493589259325,7.891858299272269,0.3201257879635916,500-999,eligible,0.0,0.0,0.0
41749,American Rails,2009.0,1071,8.024870539551326,7.184698995868258,0.8401715436830681,7.321858226778426,0.7030123127729002,0.0364674805865797,7.95339427760163,0.7686952817333719,1k-2.5k,eligible,0.0,0.0,0.0
41837,Force on Force: Modern Wargaming Rules,2009.0,114,7.638713770210543,7.283746206191301,0.3549675640192422,7.215880880091824,0.4228328901187197,0.11177587291431,7.419633059298496,0.1358868531071946,100-199,eligible,0.0,0.0,0.0
42328,Pax Baltica: Great Northern War 1700-1721,2009.0,347,7.712655640000173,7.369200063977704,0.3434555760224684,7.278853193347658,0.433802446652515,0.0640672021388677,7.587083923807992,0.2178838598302876,200-499,eligible,0.0,0.0,0.0
42396,The Eagle and The Star,2009.0,116,7.889152506595876,7.528709583918614,0.3604429226772625,7.562153289619147,0.3269992169767297,0.1108080982232961,7.671968634078216,0.1432590501596021,100-199,eligible,0.0,0.0,0.0
54221,Push Fight,2008.0,155,7.55697028764889,6.732587269447205,0.8243830182016856,6.612131764189277,0.9448385234596132,0.0958593868490308,7.36908588942479,0.6364986199775853,100-199,eligible,0.0,0.0,0.0
85000,We Must Tell the Emperor,2010.0,268,7.574425248062683,7.008841945371634,0.5655833026910493,7.027145229595563,0.54728001846712,0.0729009350639256,7.431539415337388,0.4226974699657549,200-499,eligible,0.0,0.0,0.0
124622,In Magnificent Style: Pickett's Charge at Gettysburg,2012.0,414,7.686847719096619,6.916457872511494,0.7703898465851253,6.991313325534879,0.69553439356174,0.0586543633610929,7.571885166908877,0.6554272943973831,200-499,eligible,0.0,0.0,0.0
143175,Kashgar: Merchants of the Silk Road,2013.0,2329,7.584470787581589,7.0324499107275535,0.5520208768540353,7.154261338232434,0.4302094493491548,0.0247295236894032,7.536000921150358,0.5035510104228049,1k-2.5k,borderline,0.0,0.0,0.0
143680,Nightfall: Eastern Skies,2013.0,113,8.036883002448286,6.875122187920496,1.1617608145277902,6.948246829407527,1.0886361730407597,0.1122693670265072,7.816835043076332,0.941712855155836,100-199,eligible,0.0,0.0,0.0
145976,Talon,2016.0,795,7.768604360826826,7.427832019923333,0.3407723409034933,7.616667918789252,0.1519364420375737,0.0423269457464345,7.6856435471638145,0.2578115272404816,500-999,eligible,0.0,0.0,0.0
168662,"The Siege of Orgun: Afghanistan, 1983",2015.0,101,7.6533155283618095,7.295055822249076,0.3582597061127339,7.184608053552887,0.4687074748089221,0.1187516927360825,7.420562210599088,0.1255063883500121,100-199,eligible,0.0,0.0,0.0
169141,Fallen Land: A Post Apocalyptic Board Game,2017.0,291,7.890290383735723,7.414047000973161,0.4762433827625614,7.298570727365991,0.5917196563697313,0.0699606766645972,7.753167457473112,0.3391204564999508,200-499,eligible,0.0,0.0,0.0
172287,Champions of Midgard,2015.0,17665,8.003461084303124,7.657092962899419,0.3463681214037049,7.568624067616446,0.4348370166866786,0.0089793246723061,7.985861607945404,0.3287686450459847,10k-25k,exclude,0.0,0.0,0.0
172844,Charms,2014.0,254,8.135458120859894,6.652768550669139,1.4826895701907556,6.635166274671697,1.5002918461881976,0.074883069407198,7.988687304821786,1.3359187541526476,200-499,eligible,0.0,0.0,0.0
184561,Lock 'n Load Tactical: Heroes of the Nam,2015.0,112,8.388746341435636,7.676484643987152,0.7122616974484846,7.783002736019641,0.605743605415995,0.1127694557689722,8.16771820812845,0.4912335641412989,100-199,eligible,0.0,0.0,0.0
191296,RUMBLESLAM,2016.0,154,7.936061434185844,7.1078826014589005,0.8281788327269437,7.0796295858583935,0.8564318483274507,0.0961701150119088,7.747568008762503,0.6396854073036023,100-199,eligible,0.0,0.0,0.0
191612,Skies Above the Reich,2018.0,457,8.316424604493244,7.822098662251836,0.4943259422414083,7.846045701438042,0.4703789030552023,0.0558267564317476,8.207004161887019,0.384905499635183,200-499,eligible,0.0,0.0,0.0
199182,Commands & Colors Tricorne: The American Revolution,2017.0,302,8.498585846053697,7.425289789935528,1.0732960561181688,7.539289924910795,0.9592959211429016,0.068674740078298,8.363983355500233,0.9386935655647046,200-499,eligible,0.0,0.0,0.0
204286,Big Trouble in Little China: The Game,2018.0,828,7.740115270232075,7.181011999209868,0.5591032710222068,7.275173849093518,0.4649414211385574,0.0414748980788086,7.658824469997611,0.4778124707877419,500-999,eligible,0.0,1.0,0.0
250396,Terminator Genisys: Rise of the Resistance,2018.0,605,8.027841502955507,7.0275756419731845,1.0002658609823225,7.051486959119583,0.9763545438359243,0.0485202252673427,7.9327418614315155,0.9051662194583306,500-999,eligible,0.0,1.0,0.0
250821,Battlestar Galactica: Starship Battles – Starter Set,2018.0,265,7.78349031331533,7.388595619523725,0.3948946937916044,7.515414151818588,0.2680761614967419,0.0733124205620359,7.639797969013739,0.2512023494900139,200-499,eligible,0.0,0.0,0.0
251053,Let's Make a Bus Route,2018.0,993,7.795761720720545,7.020752449221948,0.7750092714985968,7.06883566125059,0.7269260594699549,0.0378726654570008,7.721531296424823,0.7007788472028751,500-999,eligible,0.0,0.0,0.0
256680,Return to Dark Tower,2022.0,4560,8.407026094901278,8.069982172474695,0.3370439224265826,8.06226755301454,0.3447585418867387,0.0176733172931371,8.37238639300673,0.3024042205320339,2.5k-5k,exclude,0.0,1.0,0.0
256707,Trick Shot,2021.0,446,8.11656075983711,7.392927849839587,0.7236329099975229,7.459549962458498,0.6570107973786126,0.0565110096280739,8.005799180966086,0.612871331126498,200-499,eligible,0.0,0.0,0.0
256874,Legendary Encounters: The X-Files Deck Building Game,2018.0,815,7.852452424928615,7.076625704675131,0.7758267202534848,7.205841544585381,0.6466108803432347,0.0418043708240575,7.770515858113463,0.6938901534383319,500-999,eligible,0.0,1.0,0.0
256916,Concordia Venus,2018.0,6433,8.688896301411905,7.96160449895387,0.7272918024580353,8.208154031028927,0.4807422703829775,0.0148796844096022,8.659732119969085,0.6981276210152147,5k-10k,exclude,0.0,0.0,0.0
256952,Zombie Kidz Evolution,2018.0,5294,7.756185585263831,7.305615429669576,0.4505701555942547,7.178456546254823,0.5777290390090073,0.0164024426278132,7.724036797713317,0.4184213680437408,5k-10k,exclude,0.0,1.0,1.0
256999,Project: ELITE,2020.0,2740,8.275467228674383,7.843959180949035,0.4315080477253481,7.908060786311514,0.3674064423628689,0.0227994943062131,8.230780219834205,0.3868210388851704,2.5k-5k,exclude,0.0,1.0,0.0
257145,Teenage Mutant Ninja Turtles Adventures: City Fall,2020.0,220,8.318215717138065,7.393497912726339,0.924717804411726,7.519724662852163,0.7984910542859023,0.0804616909776487,8.160510802821873,0.7670128900955344,200-499,eligible,0.0,1.0,0.0
266448,Imperium: The Contention,2021.0,428,8.294717502774501,7.42626454994587,0.8684529528286316,7.350161022355055,0.9445564804194468,0.0576870872935325,8.181650811679178,0.7553862617333078,200-499,eligible,0.0,0.0,0.0
266507,Clank! Legacy: Acquisitions Incorporated,2019.0,9745,8.831527220528356,8.056793035814245,0.7747341847141112,8.099714856060471,0.7318123644678849,0.0120895343657107,8.807831733171563,0.7510386973573181,5k-10k,exclude,0.0,0.0,1.0
271320,The Castles of Burgundy,2019.0,11746,8.695186268689138,8.10541597186702,0.5897702968221186,8.22905271807196,0.4661335506171777,0.0110117285634019,8.67360328070487,0.5681873088378507,10k-25k,exclude,0.0,0.0,0.0
272538,1828,2018.0,194,8.958374841770517,8.545908683210108,0.4124661585604094,8.530386656553704,0.4279881852168135,0.0856839799440507,8.790434241080177,0.24452555787007,100-199,eligible,1.0,0.0,0.0
281258,Sub Terra II: Inferno's Edge,2023.0,892,7.691720355653383,7.334024845918668,0.3576955097347154,7.396815797396931,0.2949045582564524,0.0399593181197093,7.613400092138753,0.2793752462200851,500-999,eligible,0.0,1.0,0.0
285436,Kernstown,2019.0,105,8.36881957575895,7.954720164874365,0.4140994108845852,8.058101004240651,0.3107185715182989,0.1164677931077609,8.140542701267739,0.1858225363933738,100-199,eligible,0.0,0.0,0.0
293959,"Men of Iron Battles Tri-Pack: Men of Iron, Infidel, Blood & Roses",2020.0,378,8.342717635236909,7.99921129388045,0.3435063413564592,8.118239996540684,0.224477638696225,0.0613839167122975,8.222405158480806,0.223193864600356,200-499,eligible,0.0,0.0,0.0
294230,Remember Our Trip,2019.0,880,7.815285324243645,7.279143453672436,0.5361418705712087,7.288017382321351,0.5272679419222932,0.0402308454888243,7.736432867085549,0.4572894134131129,500-999,eligible,0.0,0.0,0.0
295293,The Thing: The Boardgame,2022.0,2420,7.90970500644114,7.47229226987578,0.4374127365653599,7.536156635845154,0.3735483705959854,0.0242601126336713,7.862155185679144,0.389862915803364,1k-2.5k,borderline,0.0,0.0,0.0
296483,The Great Race,2020.0,291,7.608387989064336,7.157415313517076,0.45097267554726,7.368949232028644,0.2394387570356917,0.0699606766645972,7.471265062801725,0.3138497492846495,200-499,eligible,0.0,0.0,0.0
297658,[kosmopoli:t],2020.0,664,7.885719140250272,7.017196258268642,0.8685228819816295,7.007614936230619,0.8781042040196532,0.0463144441496585,7.794942829716941,0.7777465714482988,500-999,eligible,0.0,1.0,0.0
304983,Key Enigma: Hack Forward,2021.0,115,8.105986545648022,7.553679297456483,0.5523072481915392,7.558543664683972,0.5474428809640504,0.1112888297569097,7.887860439324479,0.334181141867996,100-199,eligible,0.0,1.0,0.0
311031,Oh! Meow! Bow!,2020.0,639,7.680665465477294,7.011610738051042,0.6690547274262526,7.037678487279793,0.6429869781975013,0.0472117465240715,7.588130442290114,0.5765197042390724,500-999,eligible,0.0,0.0,0.0
311464,Florenza: X Anniversary Edition,2020.0,322,8.270386178614592,7.791028740013923,0.4793574386006689,7.756610317589502,0.5137758610250902,0.0665077966124016,8.140030897254285,0.3490021572403616,200-499,eligible,0.0,0.0,0.0
311920,Ultimate Werewolf: Extreme,2021.0,139,7.923722669585063,7.1300181785563765,0.7937044910286861,7.056244762542367,0.8674779070426961,0.1012262377230807,7.725319243647824,0.5953010650914479,100-199,eligible,0.0,0.0,0.0
312675,Pole Position,2024.0,225,8.302773534743713,7.875317660579952,0.4274558741637602,7.963144469006998,0.3396290657367142,0.079562649453013,8.146830741815807,0.2715130812358547,200-499,eligible,0.0,0.0,0.0
319604,Ricochet: A la poursuite du Comte courant,2020.0,223,7.738709549479767,6.572476004494614,1.166233544985153,6.632709229385426,1.1060003200943411,0.0799186362394187,7.582069022450507,1.0095930179558923,200-499,eligible,0.0,1.0,0.0
325810,Ascension: 10 Year Anniversary Edition,2022.0,840,7.973590898395578,7.310418516019359,0.663172382376219,7.42960139416687,0.5439895042287084,0.0411775831481648,7.892882835425175,0.582464319405816,500-999,eligible,0.0,0.0,0.0
325889,Valor & Villainy: Lludwik's Labyrinth,2023.0,218,8.239100576841633,7.572203757118148,0.666896819723485,7.7134748856825155,0.5256256911591173,0.0808299386268655,8.080673897132977,0.5084701400148286,200-499,eligible,0.0,1.0,0.0
327723,Across the Bug River: Volodymyr-Volynskyi 1941,2021.0,101,8.354005891525691,8.005101119555123,0.3489047719705684,8.090809783476036,0.2631961080496552,0.1187516927360825,8.12125257376297,0.1161514542078466,100-199,eligible,0.0,0.0,0.0
337195,Growing Season,2021.0,160,7.667183789151079,6.952256845138965,0.714926944012114,7.013384695089519,0.6537990940615606,0.0943496958559016,7.482258385273512,0.5300015401345468,100-199,eligible,0.0,0.0,0.0
337690,Escape Room: The Game – Puzzle Adventures: Secret of The Scientist,2021.0,325,7.780940032637016,7.253686250677472,0.5272537819595442,7.262736366944905,0.518203665692111,0.0662001258956781,7.651187785881487,0.397501535204015,200-499,eligible,0.0,1.0,0.0
337864,Five Parsecs From Home: Solo Adventure Wargaming,2021.0,214,8.553022030739351,7.919631329086959,0.6333907016523916,7.937663869965048,0.6153581607743028,0.0815818612243143,8.393121582739695,0.4734902536527355,200-499,eligible,0.0,0.0,0.0
338834,MicroMacro: Crime City – Full House,2021.0,4492,7.977921341349923,7.380952056940362,0.5969692844095604,7.507612006478698,0.4703093348712244,0.0178065843806574,7.943020435963835,0.562068379023472,2.5k-5k,exclude,0.0,1.0,0.0
343566,TRICKTAKERs,2021.0,401,8.094322372907087,7.543995662302136,0.550326710604951,7.524573053566947,0.56974931934014,0.059597536671386,7.97751120103117,0.4335155387290342,200-499,eligible,0.0,0.0,0.0
343844,Bullet★,2022.0,993,8.382052189896728,7.536795096828301,0.845257093068426,7.541819403907352,0.8402327859893752,0.0378726654570008,8.307821765601005,0.7710266687727043,500-999,eligible,0.0,1.0,0.0
343847,Dustbiters,2021.0,210,7.639527257492072,7.044085627789935,0.5954416297021377,7.077271275221834,0.562255982270238,0.0823551662963296,7.478111131551266,0.4340255037613316,200-499,eligible,0.0,0.0,0.0
357726,51st State: Ultimate Edition,2023.0,1445,8.44950397745717,7.910249326274451,0.5392546511827181,7.7996052492132435,0.6498987282439259,0.0313954398788688,8.387968915294586,0.4777195890201351,1k-2.5k,eligible,0.0,0.0,0.0
363538,Heading Forward,2022.0,114,8.146163975743137,7.215550507254315,0.930613468488822,7.226960581562773,0.9192033941803645,0.11177587291431,7.92708326483109,0.7115327575767745,100-199,eligible,0.0,0.0,0.0
364655,Kinfire Chronicles: Night's Fall,2023.0,570,8.622125181522138,7.803837260606773,0.8182879209153651,7.729085080655698,0.8930401008664397,0.0499876900161549,8.524149309090475,0.7203120484837013,500-999,eligible,0.0,1.0,0.0
365455,Colossus,2022.0,151,7.566334208237158,7.191788227268699,0.3745459809684588,7.171819581352208,0.3945146268849493,0.0971207488111762,7.375977540567252,0.1841893132985534,100-199,eligible,0.0,0.0,0.0
374400,Unlock!: Extraordinary Adventures,2022.0,463,8.005167219596279,7.037436407258534,0.967730812337745,7.111813282207885,0.8933539373883939,0.0554638484265306,7.896458076680279,0.859021669421745,200-499,eligible,0.0,1.0,0.0
374909,Dieson Crusoe,2022.0,185,8.10345102791936,7.193938388052457,0.9095126398669038,7.233901068222559,0.8695499596968013,0.0877434348755685,7.931473895563246,0.7375355075107894,100-199,eligible,0.0,0.0,0.0
377704,Tales of the Arthurian Knights,2024.0,164,8.360316616574263,7.275723251770918,1.0845933648033448,7.308712310788213,1.05160430578605,0.0931919870317611,8.177660321992011,0.9019370702210928,100-199,eligible,0.0,1.0,0.0
378889,KINGs: TRICKTAKERs,2023.0,234,8.15323397523627,7.772988633380299,0.3802453418559715,7.755007401113973,0.3982265741222974,0.0780175965603953,8.000319485977895,0.2273308525975967,200-499,eligible,0.0,0.0,0.0
379552,2D6 Dungeon: A Dungeon Crawler,2023.0,154,8.148076549389376,7.41239943140158,0.7356771179877963,7.464927915108337,0.6831486342810393,0.0961701150119088,7.959583123966035,0.547183692564455,100-199,eligible,0.0,0.0,0.0
379908,Marvel United: Spider-Geddon,2023.0,440,8.473507589416219,7.419040766910138,1.0544668225060807,7.334379308953942,1.1391282804622769,0.0568950073160318,8.361993375076796,0.9429526081666582,200-499,eligible,0.0,1.0,0.0
379928,Fall of Lumen,2024.0,171,8.410122623395706,7.978504872529822,0.4316177508658843,7.983404404612747,0.426718218782959,0.0912646180647461,8.231243971988803,0.2527390994589819,100-199,eligible,0.0,0.0,0.0
380175,Halloween,2023.0,213,7.814617193949949,6.946937443540859,0.8676797504090894,7.075068714344027,0.7395484796059213,0.0817731436937552,7.654341832310188,0.7074043887693292,200-499,eligible,0.0,0.0,0.0
381188,Kauri,2023.0,135,7.690593214876755,7.337330319217299,0.3532628956594559,7.308964373474657,0.3816288414020983,0.1027149387705526,7.489271934886472,0.1519416156691726,100-199,eligible,0.0,0.0,0.0
382241,Chroma Mix,2024.0,102,7.687595451722076,7.351285247091507,0.3363102046305686,7.356223146867098,0.3313723048549777,0.1181681428029229,7.455985891828346,0.1047006447368397,100-199,eligible,0.0,0.0,0.0
383467,Unmatched: Brains and Brawn,2023.0,691,8.363297436805821,7.757660283919362,0.6056371528864588,7.812077034559111,0.5512204022467095,0.0454005874308723,8.274312285441312,0.5166520015219491,500-999,eligible,0.0,0.0,0.0
385331,Creature Caravan,2024.0,795,8.303576546817407,7.827328700477796,0.4762478463396107,7.731001966107037,0.5725745807103699,0.0423269457464345,8.220615733154395,0.393287032676599,500-999,eligible,0.0,0.0,0.0
420242,VIVO,2024.0,121,7.846389484883858,7.139220116203619,0.7071693686802387,7.149873915694004,0.6965155691898541,0.1084945219813813,7.63374022180035,0.4945201055967312,100-199,eligible,0.0,0.0,0.0
425235,Point of View: Lost Places,2024.0,115,7.548348908933,7.085022834445114,0.4633260744878855,7.103792602843225,0.4445563060897752,0.1112888297569097,7.330222802609456,0.2451999681643423,100-199,eligible,0.0,1.0,0.0
427345,Res Arcana Duo,2024.0,261,8.372814041430532,7.8212091135720385,0.5516049278584934,7.806602821903361,0.5662112195271707,0.0738720654821974,8.228024793085424,0.4068156795133864,200-499,eligible,0.0,0.0,0.0
172,For Sale,1997.0,31909,7.584267711455197,6.837552522838488,0.7467151886167098,6.900898231044129,0.6833694804110682,0.0066810373374655,7.571172878273765,0.7336203554352773,25k+,exclude,0.0,0.0,0.0
833,For the People,1998.0,1688,8.151629038786885,7.82213880276616,0.3294902360207246,7.832002525278268,0.3196265135086165,0.0290478688242758,8.094695215891305,0.272556413125144,1k-2.5k,eligible,0.0,0.0,0.0
911,Empires of the Middle Ages,1980.0,451,7.50828712413766,7.041438666905387,0.4668484572322731,7.017420562944132,0.4908665611935285,0.0561968826276396,7.398141234187487,0.3567025672820994,200-499,eligible,0.0,0.0,0.0
2800,The Ironclads: A Tactical Level Game of Naval Combat in the American Civil War 1861-1865,1979.0,277,7.5021716075710465,7.049681950135764,0.452489657435283,7.161906973652769,0.3402646339182773,0.0717068444612192,7.361626192427057,0.3119442422912932,200-499,eligible,0.0,0.0,0.0
4657,Replay Baseball,1973.0,103,7.978247154421985,6.175689298237961,1.8025578561840243,6.150270615558844,1.8279765388631413,0.1175931119315639,7.74776465503612,1.572075356798159,100-199,eligible,0.0,0.0,0.0
5410,La Grande Guerre 14-18,1999.0,103,8.090959485602328,7.685475784033054,0.405483701569274,7.793652775681251,0.2973067099210773,0.1175931119315639,7.8604769862164625,0.1750012021834086,100-199,eligible,0.0,0.0,0.0
5516,Symbioz,1995.0,107,7.516416716484024,6.361734901238474,1.1546818152455502,6.284070179478109,1.232346537005916,0.115374174587065,7.2902833342933775,0.9285484330549028,100-199,eligible,0.0,0.0,0.0
8066,CrossFire: Rules and Organizations for Company Level WW II Gaming,1996.0,146,7.778584870265895,6.815465314435784,0.9631195558301116,6.835576893122866,0.9430079771430292,0.0987697758001792,7.584996109697544,0.7695307952617602,100-199,eligible,0.0,0.0,0.0
12896,La Bataille des Quatre Bras,1991.0,341,8.065670379457774,7.532322090343914,0.5333482891138601,7.644047806010967,0.4216225734468075,0.0646283854294272,7.938998744016096,0.4066766536721826,200-499,eligible,0.0,0.0,0.0
12898,La Bataille d'Auerstædt,1977.0,188,7.771822302080634,7.240475814643267,0.531346487437367,7.231670839341126,0.5401514627395079,0.0870405388951028,7.601222845846232,0.3607470312029655,100-199,eligible,0.0,0.0,0.0
17419,CATAN 3D Collector's Edition,2005.0,1029,8.10460574629893,7.053714542136872,1.050891204162058,7.099708659822131,1.0048970864767988,0.0372042717969049,8.031685373576996,0.9779708314401242,1k-2.5k,eligible,0.0,0.0,0.0
23418,Pursuit of Glory,2008.0,565,8.345077350876904,7.947309793945504,0.3977675569314005,8.014864255462857,0.330213095414047,0.0502083872924287,8.246668911783743,0.2993591178382403,500-999,eligible,0.0,0.0,0.0
23540,Shikoku 1889,2004.0,2196,8.708669073783875,8.24647331237313,0.4621957614107455,8.357209320877017,0.3514597529068588,0.0254673834878962,8.658753002147598,0.4122796897744687,1k-2.5k,borderline,1.0,0.0,0.0
31790,"Crusade and Revolution: The Spanish Civil War, 1936-1939",2013.0,543,8.81321505612216,7.823431726951108,0.9897833291710524,7.860687570386428,0.9525274857357324,0.0512154014246387,8.71283286932987,0.8894011423787603,500-999,eligible,0.0,0.0,0.0
32002,Forged in Steel,2016.0,324,7.869792328157335,7.381103361137892,0.488688967019443,7.415242523464517,0.4545498046928182,0.0663022078775108,7.739840000717415,0.3587366395795217,200-499,eligible,0.0,0.0,0.0
46213,Telestrations,2009.0,18877,7.648009141997896,6.722765667042664,0.9252434749552324,6.771239220088358,0.8767699219095384,0.0086862836664298,7.630984026011694,0.90821835896903,10k-25k,exclude,0.0,0.0,0.0
46396,Ubongo 3D,2009.0,2046,7.505798498477866,6.827703640371958,0.6780948581059079,6.840364892505839,0.6654336059720265,0.0263844278670033,7.454085019858539,0.6263813794865813,1k-2.5k,borderline,0.0,0.0,0.0
62814,Tumblin-Dice Medium,2008.0,215,7.61403753309305,6.080798857360682,1.5332386757323686,6.113032022429472,1.5010055106635782,0.0813919148403426,7.454509380005978,1.373710522645297,200-499,eligible,0.0,0.0,0.0
72321,The Networks,2016.0,6610,7.509031019028682,7.084253828726258,0.4247771903024242,7.174392878528657,0.3346381405000249,0.0146791113913604,7.480259960701615,0.3960061319753578,5k-10k,exclude,0.0,0.0,0.0
89409,BattleCON: War of Indines,2012.0,1906,7.967983328531415,7.330951499848679,0.6370318286827361,7.34814653998213,0.6198367885492848,0.0273362569304498,7.914404264947733,0.5834527650990544,1k-2.5k,borderline,0.0,0.0,0.0
94396,It Never Snows,2012.0,256,7.7294634503987485,7.2704466637846785,0.4590167866140699,7.381916843597196,0.3475466068015524,0.0745899838621996,7.583267082028837,0.3128204182441586,200-499,eligible,0.0,0.0,0.0
95064,Ascension: Return of the Fallen,2011.0,3314,7.5434490755194386,7.100265452168909,0.4431836233505297,7.211994503783252,0.3314545717361863,0.0207311905666378,7.502815942008828,0.4025504898399196,2.5k-5k,exclude,0.0,0.0,0.0
101865,Saga,2011.0,328,8.046061591445465,7.080918561736153,0.9651430297093118,7.047351474103635,0.9987101173418296,0.0658966859824071,7.916904086919947,0.8359855251837939,200-499,eligible,0.0,0.0,0.0
101929,Sergeants Miniatures Game: Day of Days,2011.0,239,7.665184263082802,7.256557167482773,0.4086270956000284,7.155829244090079,0.5093550189927232,0.077197199455354,7.513877752150308,0.2573205846675345,200-499,eligible,0.0,0.0,0.0
123609,Puzzle Strike Shadows,2012.0,639,8.118031888697127,7.177711668146262,0.9403202205508644,7.221509478936484,0.8965224097606423,0.0472117465240715,8.025496865509947,0.8477851973636843,500-999,eligible,0.0,0.0,0.0
124361,Concordia,2013.0,41235,8.453445303694076,7.972140636644994,0.4813046670490823,8.172462978112778,0.2809823255812986,0.005877159760125,8.44192607056423,0.4697854339192372,25k+,exclude,0.0,0.0,0.0
130390,Ruhrschifffahrt 1769-1890,2012.0,468,7.741690501514993,7.247188514207783,0.4945019873072098,7.186762968221148,0.5549275332938457,0.0551667715797317,7.633563629218719,0.3863751150109356,200-499,eligible,0.0,0.0,0.0
150997,Shadows of Brimstone: Swamps of Death,2014.0,2293,8.111879267117972,7.439675106870522,0.6722041602474498,7.426958217054889,0.6849210500630836,0.0249228938910069,8.063030395091598,0.6233552882210762,1k-2.5k,borderline,0.0,1.0,0.0
151022,Baseball Highlights: 2045,2015.0,4596,7.872219007498423,7.199157923867382,0.6730610836310404,7.272104455110771,0.6001145523876517,0.0176039645705818,7.837715236940082,0.6385573130726999,2.5k-5k,exclude,0.0,0.0,0.0
163172,Waterloo 1815: Fallen Eagles,2015.0,195,8.34809555913361,7.427919204437897,0.9201763546957124,7.608828651997259,0.7392669071363507,0.0854639950369319,8.180586128861222,0.752666924423326,100-199,eligible,0.0,0.0,0.0
165595,JamSumo,2014.0,350,7.736932225470537,6.391270029633581,1.3456621958369557,6.431055274561283,1.305876950909254,0.0637920375079653,7.611899831954925,1.220629802321343,200-499,eligible,0.0,0.0,0.0
165948,Mangrovia,2014.0,1801,7.574635292106541,7.184937338916521,0.3896979531900202,7.110999159995249,0.4636361321112927,0.0281218339428031,7.519516497578647,0.3345791586621259,1k-2.5k,borderline,0.0,0.0,0.0
166317,Time of Soccer,2014.0,915,7.873346667691943,7.327772503156709,0.5455741645352346,7.405455631541837,0.4678910361501058,0.03945390084804,7.796017022029785,0.468244518873076,500-999,eligible,0.0,0.0,0.0
167791,Terraforming Mars,2016.0,93632,8.539475992191845,8.132998342289953,0.4064776499018911,8.23412911953259,0.3053468726592552,0.0039002131818851,8.53183157435535,0.3988332320653962,25k+,exclude,0.0,0.0,0.0
170561,Valeria: Card Kingdoms,2016.0,5915,7.699866498763461,7.280760290726963,0.4191062080364975,7.343859279989932,0.356007218773529,0.0155175488544663,7.669452103008707,0.3886918122817435,5k-10k,exclude,0.0,0.0,0.0
174400,BattleCON: Wanderers of Indines,2020.0,131,8.823743295541332,7.469341515368049,1.3544017801732835,7.462320471296753,1.3614228242445794,0.1042713143786963,8.619371519359087,1.1500300039910387,100-199,eligible,0.0,0.0,0.0
174837,Sol: Last Days of a Star,2017.0,1539,8.069890995715985,7.538735553417927,0.5311554422980578,7.486043746854833,0.5838472488611526,0.0304215393549153,8.010264778580352,0.4715292251624236,1k-2.5k,eligible,0.0,1.0,0.0
173776,Battle for Biternia,2018.0,126,8.315857592624537,7.205091750970118,1.1107658416544195,7.304699402797366,1.0111581898271709,0.1063200625132756,8.107470270098517,0.9023785191283996,100-199,eligible,0.0,0.0,0.0
176601,Dead of Winter: Tabletop Edition,2015.0,104,8.07363665020583,6.947364803322957,1.1262718468828723,6.933356283028237,1.140280367177592,0.1170263948405929,7.844264916318267,0.89690011299531,100-199,eligible,0.0,1.0,0.0
177248,Saga of the Northmen,2016.0,179,7.505082790636957,7.150534368244207,0.3545484223927504,7.122295962436256,0.3827868282007012,0.0892018744102537,7.33024711679286,0.179712748548653,100-199,eligible,0.0,0.0,0.0
178900,Codenames,2015.0,91984,7.714461826303112,7.334131257574365,0.3803305687287475,7.402610988488165,0.3118508378149469,0.0039349964980582,7.706749233166918,0.3726179755925533,25k+,exclude,0.0,0.0,0.0
187988,Pyramid Arcade,2016.0,813,7.945993544520125,7.056676652725511,0.8893168917946142,6.905704376484206,1.040289168035919,0.0418557591296589,7.863956256625993,0.8072796039004826,500-999,eligible,0.0,1.0,0.0
193927,Vanuatu (Second Edition),2016.0,1223,7.981098017607259,7.621952971548984,0.3591450460582752,7.710193971688021,0.270904045919238,0.0341261477967761,7.914210767925578,0.292257796376594,1k-2.5k,eligible,0.0,0.0,0.0
194392,Moscow '41,2016.0,124,8.159717830938655,7.507478999470479,0.6522388314681766,7.305229444423993,0.854488386514662,0.1071740526379411,7.94965668776829,0.442177688297812,100-199,eligible,0.0,0.0,0.0
202265,Chicago & NorthWestern,2016.0,102,7.865316570519178,7.092443643984856,0.7728729265343217,7.210517211349634,0.6547993591695436,0.1181681428029229,7.633707010625448,0.5412633666405928,100-199,eligible,0.0,0.0,0.0
205359,Star Wars: Destiny,2016.0,5287,7.613596774006153,7.248881560652405,0.3647152133537474,7.276277988801793,0.33731878520436,0.0164132974716763,7.581426710961667,0.3325451503092619,5k-10k,exclude,0.0,0.0,0.0
216710,Wings of Glory: WW2 Battle of Britain Starter Set,2017.0,184,7.987072953665709,6.924029218823469,1.0630437348422408,6.99708843914606,0.9899845145196496,0.0879815450416394,7.814629125384096,0.8905999065606275,100-199,eligible,0.0,0.0,0.0
217099,Seeders from Sereis: Exodus,2017.0,409,7.813400800172699,7.376655335216936,0.4367454649557629,7.396480880563898,0.4169199196088016,0.0590117972809511,7.697737677502035,0.3210823422850987,200-499,eligible,0.0,0.0,0.0
223167,Secret Unknown Stuff: Escape from Dulce,2018.0,131,7.730134281126223,6.871350969074273,0.8587833120519504,6.70769897067466,1.0224353104515638,0.1042713143786963,7.525762504943978,0.6544115358697056,100-199,eligible,0.0,1.0,0.0
232956,Omen: Fires in the East,2019.0,103,7.916358921137093,6.861697477709772,1.0546614434273218,6.892790911177441,1.0235680099596527,0.1175931119315639,7.685876421751228,0.8241789440414564,100-199,eligible,0.0,0.0,0.0
233996,The Primary,2018.0,108,7.967963081890026,6.755262271302509,1.212700810587516,6.735015079720524,1.2329480021695014,0.1148387926978422,7.742879048202255,0.9876167768997454,100-199,eligible,0.0,0.0,0.0
234673,1918: Brother Against Brother,2018.0,124,7.877097071223227,7.349981999407726,0.5271150718155013,7.382628019115931,0.4944690521072967,0.1071740526379411,7.667035928052862,0.3170539286451367,100-199,eligible,0.0,0.0,0.0
235362,Santa Cruz 1797,2017.0,178,8.025626026878715,7.143132977700686,0.882493049178029,6.938005653672825,1.0876203732058904,0.0894520905382537,7.850299929423738,0.7071669517230517,100-199,eligible,0.0,0.0,0.0
245961,Fleet: The Dice Game,2018.0,4137,7.99607807688091,7.579479707695086,0.4165983691858246,7.612205559111491,0.3838725177694178,0.018554862287345,7.959710546797714,0.3802308391026283,2.5k-5k,exclude,0.0,0.0,0.0
255902,Napoleon 1807,2020.0,221,8.204471882784572,7.705911102981117,0.498560779803455,7.730591592271404,0.4738802905131685,0.0802794445579611,8.04712417145097,0.3412130684698511,200-499,eligible,0.0,0.0,0.0
256572,The Walking Dead: Here's Negan – The Board Game,2018.0,148,7.584395887599612,7.2544286234836655,0.3299672641159468,7.207418526301886,0.3769773612977261,0.0981001424805485,7.392119608337737,0.1376909848540715,100-199,eligible,0.0,0.0,0.0
261588,Ascension: Year Five Collector's Edition,2019.0,107,8.341164274398478,6.805572871266229,1.5355914031322495,6.909790106580912,1.431374167817566,0.115374174587065,8.11503089220783,1.309458020941602,100-199,eligible,0.0,0.0,0.0
278554,Silver Bullet,2019.0,813,7.557336702049032,7.079693360537359,0.4776433415116727,7.024457201701367,0.532879500347665,0.0418557591296589,7.4752994141549,0.3956060536175412,500-999,eligible,0.0,0.0,0.0
279613,Unlock!: Timeless Adventures,2019.0,2793,8.124802783909676,7.579798137366708,0.5450046465429672,7.562666065063272,0.5621367188464035,0.0225821364887869,8.080541796391653,0.5007436590249448,2.5k-5k,exclude,0.0,1.0,0.0
280475,Element: Silver,2019.0,166,7.662471176918534,7.0060609520780055,0.6564102248405286,7.001217113185764,0.6612540637327706,0.092628888299317,7.480918555851873,0.4748576037738671,100-199,eligible,0.0,0.0,0.0
281260,Veilwraith: A Veil Odyssey Game,2021.0,329,7.71215307760909,7.1799504057853305,0.53220267182376,7.280203572392349,0.4319495052167417,0.0657964628278533,7.583192010466498,0.4032416046811675,200-499,eligible,0.0,0.0,0.0
282391,Stockpile: Epic Edition,2019.0,981,8.271465602702026,7.191002432296713,1.080463170405313,7.281605397349502,0.9898602053525244,0.038103598483966,8.196782549673452,1.0057801173767396,500-999,eligible,0.0,0.0,0.0
295564,Unmatched Game System,2019.0,2193,8.525293184273332,7.303107817615981,1.2221853666573512,7.364271067559979,1.1610221167133528,0.0254847970854782,8.475342981985795,1.172235164369814,1k-2.5k,borderline,0.0,0.0,0.0
295574,Dice Masters,2014.0,233,8.088119173400067,7.032774130268848,1.0553450431312186,7.101657440218837,0.9864617331812298,0.0781848370450462,7.934876892791776,0.902102762522928,200-499,eligible,0.0,0.0,0.0
295604,Rangers of Shadow Deep: Standard Edition,2020.0,101,8.62188545250424,7.415741278033154,1.2061441744710848,7.40384136661701,1.2180440858872288,0.1187516927360825,8.389132134741518,0.9733908567083628,100-199,eligible,0.0,1.0,0.0
295785,Euthia: Torment of Resurrection,2021.0,1160,8.542060829441063,8.172069474943974,0.3699913544970883,8.242047564308358,0.300013265132705,0.0350405973577272,8.473381258619916,0.3013117836759428,1k-2.5k,eligible,0.0,1.0,0.0
295931,Granada: Last Stand of the Moors – 1482-1492,2021.0,150,8.493072788629476,7.851406597094737,0.641666191534739,7.900681513155737,0.592391275473739,0.0974439468719044,8.302082652760543,0.4506760556658062,100-199,eligible,0.0,0.0,0.0
300905,Top Ten,2020.0,3990,7.8183647098565086,7.232041491559066,0.5863232182974425,7.255391621930686,0.5629730879258226,0.0188935709139046,7.781333310865255,0.5492918193061894,2.5k-5k,exclude,0.0,1.0,0.0
301480,Binho Classic,2019.0,112,8.022526904294581,6.557019548759151,1.465507355535431,6.562736179637055,1.4597907246575268,0.1127694557689722,7.801498770987396,1.2444792222282453,100-199,eligible,0.0,0.0,0.0
302425,Unlock!: Mythic Adventures,2020.0,1746,8.08868093038253,7.469300986312456,0.619379944070074,7.461383605621766,0.6272973247607645,0.0285613266480169,8.032700730152417,0.5633997438399609,1k-2.5k,borderline,0.0,1.0,0.0
314393,Wutaki,2021.0,205,7.786658250176067,7.383683246604919,0.4029750035711474,7.31424567467084,0.4724125755052268,0.0833534471845187,7.62328549369441,0.2396022470894908,200-499,eligible,0.0,0.0,0.0
321641,Merchants of Magick: A Set a Watch Tale,2021.0,556,7.665175816472879,7.332256794512554,0.3329190219603246,7.379770463903908,0.2854053525689712,0.0506131188615403,7.56597410350426,0.2337173089917055,500-999,eligible,0.0,0.0,0.0
322563,Dice Throne: Season One ReRolled – Pyromancer v. Shadow Thief,2021.0,869,7.917091937722202,7.3018413828842785,0.6152505548379237,7.290429392375767,0.6266625453464352,0.0404846703758181,7.837741983785599,0.5359006009013202,500-999,eligible,0.0,0.0,0.0
332800,Summoner Wars (Second Edition),2021.0,3940,8.390750495808822,8.007644642149037,0.3831058536597851,7.930584191338722,0.4601663044700999,0.0190130760327585,8.353484866784616,0.3458402246355784,2.5k-5k,exclude,0.0,0.0,0.0
338980,Mega Empires: The East,2021.0,170,8.874480262307921,7.812879036644125,1.0616012256637966,7.603092221257791,1.2713880410501304,0.091532649825596,8.695076268649753,0.8821972320056284,100-199,eligible,0.0,0.0,0.0
340790,1923 Cotton Club,2021.0,716,7.711100654540854,7.384365109108677,0.326735545432177,7.347293719829887,0.3638069347109667,0.0446009372051268,7.623682817618805,0.2393177085101282,500-999,eligible,0.0,0.0,0.0
350636,Unlock!: Game Adventures,2021.0,1448,8.308812859429949,7.614986958585753,0.693825900844196,7.663142567259291,0.6456702921706583,0.0313629001155439,8.247341575203484,0.63235461661773,1k-2.5k,eligible,0.0,1.0,0.0
350933,The Guild of Merchant Explorers,2022.0,5721,8.079382587621883,7.727450258645351,0.351932328976531,7.9911522293136095,0.088230358308273,0.0157784566857711,8.048456812517772,0.3210065538724196,5k-10k,exclude,0.0,0.0,0.0
351488,Six Second Scribbles,2021.0,272,7.618768613202745,6.82370191590339,0.7950666972993545,6.85041742785455,0.7683511853481946,0.0723629134298743,7.476937302880191,0.6532353869768008,200-499,eligible,0.0,0.0,0.0
351735,Newton & Great Discoveries,2021.0,341,8.323419199772495,7.653322246289173,0.6700969534833217,7.737646629403933,0.5857725703685617,0.0646283854294272,8.196747564330817,0.5434253180416442,200-499,eligible,0.0,0.0,0.0
351810,Viking See-Saw,2021.0,873,7.616949628596586,7.047868345305298,0.5690812832912879,7.058549425637608,0.5584002029589783,0.0403918155049935,7.537781670206799,0.4899133249015005,500-999,eligible,0.0,0.0,0.0
351869,Adventure Games: Expedition Azcana,2022.0,101,7.686901971034317,6.859435523537037,0.8274664474972795,6.901156009828064,0.7857459612062527,0.1187516927360825,7.454148653271595,0.5947131297345576,100-199,eligible,0.0,1.0,0.0
351991,Worldbreakers: Advent of the Khanate,2023.0,237,8.035344838813076,7.590072825008457,0.4452720138046189,7.61683884943497,0.4185059893781062,0.0775222417327764,7.883401245016834,0.293328420008377,200-499,eligible,0.0,0.0,0.0
352026,Dungeon Bowl: The Game of Subterranean Blood Bowl Mayhem,2021.0,108,8.173309570492801,7.614031463121787,0.5592781073710142,7.537704620877426,0.6356049496153755,0.1148387926978422,7.9482255368050305,0.3341940736832435,100-199,eligible,0.0,0.0,0.0
354570,Undaunted: Stalingrad,2022.0,1475,8.866696976627043,8.429895197622923,0.4368017790041207,8.568499204941455,0.2981977716855883,0.0310745240611104,8.805790909467268,0.3758957118443443,1k-2.5k,eligible,0.0,0.0,0.0
354886,Quacks & Co.: Quedlinburg Dash,2022.0,1015,7.578185866998,7.177606641471975,0.400579225526025,7.345666382909503,0.2325194840884972,0.0374599742687176,7.504764317431313,0.3271576759593384,1k-2.5k,eligible,0.0,0.0,0.0
409858,Maple Valley: Kickstarter Edition,2023.0,167,7.8921099074153505,7.250092235892339,0.6420176715230115,7.212538773908237,0.6795711335071131,0.0923511398830663,7.71110167324454,0.4610094373522014,100-199,eligible,0.0,0.0,0.0
413246,Bomb Busters,2024.0,1645,8.357051892686865,7.940928512894304,0.4161233797925607,8.01073578582506,0.3463161068618046,0.0294250727124236,8.299378750170515,0.3584502372762104,1k-2.5k,eligible,0.0,1.0,0.0
393530,Karak II,2023.0,457,7.51352703003618,7.159133416828158,0.3543936132080221,7.287363596486841,0.2261634335493392,0.0558267564317476,7.404106587429955,0.2449731706017967,200-499,eligible,0.0,0.0,0.0
393910,The Texas Chainsaw Massacre: Slaughterhouse,2023.0,204,8.04223242281266,7.1582205377238335,0.8840118850888263,7.044404259454854,0.9978281633578056,0.0835574950961671,7.878459732424172,0.7202391947003388,200-499,eligible,0.0,0.0,0.0
394127,Yokai Pagoda,2023.0,278,7.697666942874904,7.221571884079184,0.4760950587957202,7.224920256056361,0.4727466868185432,0.0715777591279919,7.55737453498404,0.3358026509048561,200-499,eligible,0.0,0.0,0.0
394960,Legendary: A Marvel Deck Building Game – Marvel Studios' What If...?,2023.0,119,8.4226702292903,7.793621716924145,0.6290485123661558,7.810764640229962,0.6119055890603384,0.1094024417597391,8.208241443441212,0.4146197265170669,100-199,eligible,0.0,1.0,0.0
46,Medici,1995.0,8446,7.638993387689081,7.024269427101471,0.61472396058761,7.033798394038602,0.6051949936504792,0.0129859868064928,7.613540853548355,0.589271426446884,5k-10k,exclude,0.0,0.0,0.0
77,"EastFront: The War in Russia, 1941-45",1991.0,667,8.134294485169379,7.619862604728931,0.5144318804404477,7.684783395654419,0.4495110895149601,0.0462101713476187,8.043722549328047,0.423859944599115,500-999,eligible,0.0,0.0,0.0
378,Lancashire Railways,1998.0,120,7.566311807781945,6.639453611436473,0.9268581963454724,6.692735633877305,0.8735761739046399,0.1089456446007282,7.352778344364518,0.7133247329280452,100-199,eligible,0.0,0.0,0.0
541,Das Motorsportspiel,1995.0,381,7.884625607694253,6.216082474208292,1.6685431334859606,6.029140588957576,1.855485018736677,0.0611417701403507,7.764787738219165,1.5487052640108732,200-499,eligible,0.0,0.0,0.0
730,Breakout: Normandy,1992.0,1024,8.063990803406538,7.666890957222245,0.3970998461842931,7.50210307119743,0.561887732209108,0.0372949919310998,7.990892619221582,0.3240016619993375,1k-2.5k,eligible,0.0,0.0,0.0
756,Black Vienna,1987.0,474,7.533283679784169,6.485173428676967,1.048110251107202,6.469701002583944,1.063582677200225,0.054816502822029,7.425843334252993,0.9406699055760251,200-499,eligible,0.0,0.0,0.0
1041,San Marco,2001.0,4560,7.589111912107175,7.175975539563741,0.413136372543434,7.249929456209642,0.3391824558975322,0.0176733172931371,7.554472210212626,0.3784966706488853,2.5k-5k,exclude,0.0,0.0,0.0
2511,Sherlock Holmes Consulting Detective: The Thames Murders & Other Cases,1981.0,21275,7.877661301282565,7.258491704014595,0.6191695972679696,7.264944182428961,0.6127171188536042,0.0081821174912988,7.8616243509996195,0.6031326469850239,10k-25k,exclude,0.0,1.0,0.0
4205,On to Richmond!,1998.0,225,8.29678950818097,7.321940338042886,0.974849170138084,7.351065226353389,0.9457242818275802,0.079562649453013,8.140846715253064,0.8189063772101784,200-499,eligible,0.0,0.0,0.0
4211,Stonewall Jackson's Way,1992.0,400,7.931292699883921,7.2304561376897105,0.7008365621942101,7.346006557476512,0.5852861424074085,0.0596719870897597,7.814335605187991,0.583879467498281,200-499,eligible,0.0,0.0,0.0
7349,The Korean War: June 1950-May 1951,1986.0,456,7.950815673089537,7.304425349342786,0.6463903237467514,7.416597698959265,0.5342179741302724,0.055887936457155,7.841275317633514,0.5368499682907276,200-499,eligible,0.0,0.0,0.0
7844,"Operation Typhoon: The German Assault on Moscow, 1941",1978.0,174,7.603668301518053,7.176911285959548,0.426757015558505,7.261217194948099,0.3424511065699542,0.0904744333384248,7.42633841217474,0.2494271262151922,100-199,eligible,0.0,0.0,0.0
13403,Three Battles of Manassas,2004.0,153,8.127633401369366,7.246841972021537,0.8807914293478287,7.272584597010223,0.8550488043591429,0.0964838845731658,7.938524987605961,0.6916830155844237,100-199,eligible,0.0,0.0,0.0
14634,Homeworlds,2001.0,456,7.898991456140664,6.956136080190193,0.9428553759504714,6.825270653145321,1.0737208029953438,0.055887936457155,7.789451100684641,0.8333150204944476,200-499,eligible,0.0,0.0,0.0
17536,Lobositz: First Battle of the Seven Years War,2005.0,145,8.139103519718002,7.578441287487184,0.5606622322308183,7.679070120344754,0.4600333993732484,0.0991097760339054,7.944848358691548,0.3664070712043636,100-199,eligible,0.0,0.0,0.0
19857,Glory to Rome,2005.0,14325,7.916222949567317,7.559765290342748,0.3564576592245698,7.553064014807912,0.3631589347594053,0.0099713320918319,7.896679138667327,0.3369138483245792,10k-25k,exclude,0.0,0.0,0.0
20101,Kaivai,2005.0,443,7.72076865366546,7.185615488484807,0.5351531651806534,7.06764631492975,0.6531223387357104,0.0567020333039655,7.609632668389687,0.4240171799048808,200-499,eligible,0.0,0.0,0.0
20734,Corsair Leader,2005.0,283,7.563284941938588,7.087785677635372,0.4754992643032159,7.101138994122447,0.4621459478161407,0.0709426289209789,7.424237389253469,0.336451711618097,200-499,eligible,0.0,0.0,0.0
24070,Afrika: 2nd Edition,2006.0,420,7.825931790296384,7.228611727864347,0.5973200624320372,7.324903541712281,0.5010282485841033,0.0582338965538804,7.711793353050779,0.4831816251864315,200-499,eligible,0.0,0.0,0.0
25729,World at War: Eisenbach Gap,2007.0,611,7.618319237721035,7.271999481533914,0.3463197561871212,7.405245332368672,0.2130739053523633,0.0482814040046632,7.523687685871895,0.2516882043379813,500-999,eligible,0.0,0.0,0.0
28181,Combat Commander: Pacific,2008.0,1709,8.473934199593485,7.855976602674143,0.6179575969193412,7.997975058820741,0.4759591407727441,0.0288688487052787,8.417351256131138,0.5613746534569948,1k-2.5k,borderline,0.0,0.0,0.0
28284,Lock 'n Load: Heroes of the Blitzkrieg,2009.0,186,7.919578637067077,7.304817307429948,0.6147613296371288,7.279783677026668,0.6397949600404091,0.087507247543047,7.748064431882705,0.4432471244527566,100-199,eligible,0.0,0.0,0.0
32838,The Battle for Normandy,2009.0,321,8.101507669392657,7.619080014044069,0.4824276553485873,7.691598414940364,0.4099092544522928,0.0666113107553728,7.970949500312126,0.3518694862680565,200-499,eligible,0.0,0.0,0.0
32944,Neue Heimat,2007.0,793,8.019695871968176,6.838833648503222,1.1808622234649544,6.90864164800829,1.1110542239598864,0.0423802878542377,7.93663050777387,1.0977968592706486,500-999,eligible,0.0,0.0,0.0
32989,Axis Empires: Totaler Krieg!,2011.0,268,8.633943845488616,8.123639629446537,0.5103042160420799,8.078327073129891,0.5556167723587251,0.0729009350639256,8.491058012763322,0.3674183833167855,200-499,eligible,0.0,0.0,0.0
35342,Hold the Line,2008.0,551,7.54490953444763,6.942544915851535,0.6023646185960949,6.9912301392652445,0.5536793951823853,0.0508422423453975,7.445258739450651,0.5027138235991158,500-999,eligible,0.0,0.0,0.0
35669,Bastogne: Screaming Eagles Under Siege 18-27 Dec '44,2009.0,394,7.683698418360688,7.288429606755839,0.3952688116048488,7.277968941413118,0.4057294769475703,0.0601246255894751,7.565854152205317,0.2774245454494775,200-499,eligible,0.0,0.0,0.0
37907,Diamonds Club,2008.0,1811,7.522380473771891,7.039728077399069,0.4826523963728224,6.951615103194413,0.5707653705774778,0.0280440847369529,7.467414067687463,0.4276859902883946,1k-2.5k,borderline,0.0,0.0,0.0
56995,The Twelve Doctors: Doctor Who Card Game,2009.0,139,7.732817228271512,6.2248449753701,1.5079722529014117,6.267101900975215,1.465715327296297,0.1012262377230807,7.5344138023342735,1.3095688269641732,100-199,eligible,0.0,0.0,0.0
70532,Tonkin: The First Indochina War (Second Edition),2012.0,133,7.99086078634704,7.505250892930009,0.4856098934170312,7.537624650579881,0.4532361357671597,0.1034843498136905,7.788031460712207,0.2827805677821978,100-199,eligible,0.0,0.0,0.0
70918,Hanabi & Ikebana,2010.0,639,7.888394684409236,6.685828994485679,1.2025656899235573,6.636393069616281,1.2520016147929551,0.0472117465240715,7.795859661222056,1.110030666736377,500-999,eligible,0.0,1.0,0.0
71668,After Pablo,2010.0,195,7.954348808871511,7.134895187849814,0.8194536210216965,7.174434286269159,0.7799145226023514,0.0854639950369319,7.786839378599124,0.65194419074931,100-199,eligible,0.0,0.0,0.0
83325,Lost Battles: Forty Battles & Campaigns of the Ancient World,2011.0,193,8.212230891818116,7.260567883874497,0.951663007943619,7.28660480563147,0.9256260861866464,0.0859056723713636,8.043855773970243,0.7832878900957463,100-199,eligible,0.0,0.0,0.0
98229,Pictomania,2011.0,3894,7.681228547211411,6.8583693214566175,0.8228592257547938,6.886285211397238,0.7949433358141729,0.0191250474907761,7.64374345412949,0.7853741326728725,2.5k-5k,exclude,0.0,0.0,0.0
108784,Ascension: Storm of Souls,2011.0,3598,7.569663902486813,7.128566800462501,0.4410971020243126,7.240991007833891,0.3286728946529225,0.0198961898504693,7.530667370379893,0.4021005699173927,2.5k-5k,exclude,0.0,0.0,0.0
108906,Thunder Alley,2014.0,3575,7.745417014899338,7.314403872202913,0.4310131426964254,7.344566370078139,0.4008506448211992,0.0199600889700231,7.706295240518093,0.39189136831518,2.5k-5k,exclude,0.0,0.0,0.0
114261,Malta Besieged: 1940-1942,2011.0,205,7.746826223694842,7.051820392204531,0.6950058314903105,7.060232027823492,0.6865941958713497,0.0833534471845187,7.583453467213185,0.5316330750086538,200-499,eligible,0.0,0.0,0.0
116046,18NY,2011.0,153,8.530525523951502,7.8684398505503825,0.6620856734011191,7.875391899972402,0.6551336239790997,0.0964838845731658,8.341417110188097,0.4729772596377141,100-199,eligible,1.0,0.0,0.0
122240,Last Night on Earth: Timber Peak,2012.0,962,7.689297895817728,6.990494601000259,0.698803294817469,6.680228961536585,1.0090689342811432,0.0384780415995807,7.61388093428255,0.6233863332822907,500-999,eligible,0.0,0.0,0.0
132019,Blood & Roses,2014.0,252,7.841703331593609,7.419694148379005,0.4220091832146044,7.452647378966573,0.3890559526270367,0.0751796371793148,7.694351242722152,0.2746570943431473,200-499,eligible,0.0,0.0,0.0
140125,Fallen,2014.0,443,7.790056125988104,7.094374130841356,0.6956819951467486,7.088897737265118,0.7011583887229866,0.0567020333039655,7.678920140712331,0.584546009870976,200-499,eligible,0.0,0.0,0.0
144228,FUBA,2013.0,116,7.691251037674278,6.816251909355209,0.874999128319069,6.788464969629178,0.9027860680451,0.1108080982232961,7.474067165156618,0.6578152558014086,100-199,eligible,0.0,0.0,0.0
144567,For the Crown (Second Edition),2012.0,280,7.659235109479541,7.146590684388466,0.5126444250910751,7.264734451037311,0.3945006584422295,0.0713216661455134,7.519444643834334,0.3728539594458687,200-499,eligible,0.0,0.0,0.0
146910,Wildcatters,2013.0,1481,8.245770473018954,7.819459767388137,0.4263107056308168,7.951294264979733,0.2944762080392209,0.0310115138089267,8.184987905953458,0.3655281385653203,1k-2.5k,eligible,0.0,0.0,0.0
149620,Decision at Elst: An Advanced Squad Leader Starter Kit Historical Module,2014.0,192,8.64802699222585,7.895524507586442,0.7525024846394075,7.915801320382002,0.7322256718438478,0.0861290945233816,8.479213966960021,0.5836894593735794,100-199,eligible,0.0,0.0,0.0
150005,Lock 'n Load Tactical: Heroes of Normandy,2015.0,176,8.04810444063319,7.692131444998054,0.3559729956351365,7.588660716836658,0.4594437237965323,0.089958905305302,7.871784986234799,0.1796535412367444,100-199,eligible,0.0,0.0,0.0
150145,Skull King,2013.0,11633,7.834798079603049,7.246942994309846,0.587855085293203,7.26148104343126,0.5733170361717885,0.0110650818751289,7.813110519127796,0.5661675248179502,10k-25k,exclude,0.0,0.0,0.0
153480,Scharfe Schoten,2014.0,367,7.678599050054305,6.750705732272312,0.9278933177819928,6.745107335520448,0.933491714533857,0.062297047425807,7.556496837099723,0.8057911048274111,200-499,eligible,0.0,0.0,0.0
156455,Viticulture: Complete Collector's Edition,2014.0,806,8.61001314486082,7.343879450448789,1.2661336944120318,7.280663826736221,1.3293493181245992,0.0420371219808986,8.52762038577826,1.1837409353294706,500-999,eligible,0.0,0.0,0.0
156546,Monikers,2015.0,6607,8.082132790312498,6.760804151163367,1.3213286391491312,6.868726955852118,1.2134058344603798,0.0146824436402152,8.053355200777675,1.2925510496143091,5k-10k,exclude,0.0,0.0,0.0
161614,Stockpile,2015.0,7281,7.893010624192904,7.328029773106209,0.5649808510866947,7.429986092635303,0.4630245315576005,0.0139863689467965,7.865597341057183,0.5375675679509734,5k-10k,exclude,0.0,0.0,0.0
161880,The Quiet Year,2013.0,406,7.928581363307283,6.397724220368612,1.5308571429386708,6.457192465164816,1.4713888981424672,0.059229419890224,7.812491700322444,1.4147674799538317,200-499,eligible,0.0,0.0,0.0
169427,Middara: Unintentional Malum – Act 1,2019.0,2327,8.732953291397942,8.246122789944335,0.4868305014536069,8.259776602336357,0.4731766890615851,0.024740148619513,8.684462600103696,0.4383398101593614,1k-2.5k,borderline,0.0,1.0,0.0
183572,Dungeons & Dragons Dice Masters: Faerûn Under Siege,2016.0,402,7.656940114177888,6.967307700011043,0.6896324141668453,7.0711039664745705,0.5858361477033176,0.0595233642261294,7.540274320294674,0.5729666202836315,200-499,eligible,0.0,0.0,0.0
183836,Ferox,2015.0,121,7.957118615730168,6.569963932546095,1.3871546831840735,6.633265112079153,1.3238535036510155,0.1084945219813813,7.744469352646661,1.174505420100566,100-199,eligible,0.0,0.0,0.0
193291,Orient Express,2017.0,112,7.543980379424899,6.984675784644217,0.5593045947806816,7.074856061179069,0.4691243182458295,0.1127694557689722,7.322952246117714,0.338276461473496,100-199,eligible,0.0,0.0,0.0
200456,Ascension X: War of Shadows,2016.0,627,7.735191435141099,6.906830270271598,0.8283611648695004,7.021311329064927,0.7138801060761715,0.0476613923532091,7.641775106128809,0.7349448358572105,500-999,eligible,0.0,0.0,0.0
209877,World At War 85: Storming the Gap,2019.0,288,8.507247987016425,7.92170624764297,0.5855417393734559,8.027059334854533,0.4801886521618925,0.070324111196742,8.369412729070811,0.4477064814278414,200-499,eligible,0.0,0.0,0.0
210271,Guild Ball: Kick Off!,2016.0,251,7.705333652104758,7.347801342288845,0.3575323098159133,7.388446597745615,0.3168870543591433,0.0753292485455614,7.557688324955458,0.2098869826666129,200-499,eligible,0.0,0.0,0.0
211813,Holdfast: EastFront 1941-45,2017.0,104,7.967359464310206,7.257975864404845,0.7093835999053617,7.156220140022761,0.8111393242874456,0.1170263948405929,7.737987730422643,0.4800118660177995,100-199,eligible,0.0,0.0,0.0
214029,SpaceCorp: 2025-2300AD,2018.0,2757,8.119517217118501,7.662854804333552,0.456662412784949,7.75768432899569,0.3618328881228105,0.0227290933746855,8.074968194104118,0.4121133897705652,2.5k-5k,exclude,0.0,0.0,0.0
214747,Mega Man Pixel Tactics: Bass Orange,2017.0,138,7.592631750552735,6.669199807152832,0.923431943399903,6.669161769776039,0.9234699807766962,0.1015923374270194,7.393510769195777,0.7243109620429449,100-199,eligible,0.0,0.0,0.0
208024,The Reckoners,2018.0,2080,7.923582760797078,7.493830720398517,0.4297520403985615,7.56054972923735,0.3630330315597287,0.0261678974025296,7.87229368188812,0.3784629614896034,1k-2.5k,borderline,0.0,1.0,0.0
209003,Commands & Colors: Medieval,2019.0,543,8.524960335780627,7.822974698000939,0.7019856377796874,7.906865964020726,0.6180943717599003,0.0512154014246387,8.424578148988335,0.6016034509873954,500-999,eligible,0.0,0.0,0.0
209511,Atlanta Is Ours,2018.0,165,8.830272809072333,8.015139697594785,0.8151331114775484,8.18362410530847,0.646648703763864,0.0929091578907959,8.648170859606374,0.6330311620115883,100-199,eligible,0.0,0.0,0.0
226170,Advanced Guildhall Fantasy: The Gathering,2017.0,126,7.568109147392366,6.676236471063946,0.8918726763284193,6.5703373795072455,0.99777176788512,0.1063200625132756,7.359721824866345,0.683485353802399,100-199,eligible,0.0,0.0,0.0
224830,Chimera & More,2017.0,136,8.05503327505175,6.933744498071656,1.1212887769800943,6.9645980422082285,1.0904352328435216,0.1023366135853585,7.854453512424447,0.9207090143527916,100-199,eligible,0.0,0.0,0.0
232900,Anachrony Leader Box,2017.0,165,8.476101095844752,7.465904360558577,1.0101967352861756,7.367001048902367,1.1091000469423855,0.0929091578907959,8.293999146378793,0.8280947858202155,100-199,eligible,0.0,0.0,0.0
237828,Anno Domini 1666,2019.0,126,8.37960157100523,7.499535713079567,0.880065857925663,7.52550674003467,0.8540948309705598,0.1063200625132756,8.17121424847921,0.6716785353996428,100-199,eligible,0.0,0.0,0.0
238935,Stool Pigeon,2017.0,100,7.51617807628911,6.785760309464532,0.7304177668245782,6.778722341843533,0.737455734445577,0.1193439741795195,7.282263886897252,0.4965035774327199,100-199,eligible,0.0,0.0,0.0
244452,Wisdom of Solomon,2018.0,169,7.60552151380137,6.973725004094115,0.6317965097072546,6.998226448313023,0.6072950654883469,0.0918030570611688,7.425587521961479,0.4518625178673637,100-199,eligible,0.0,0.0,0.0
246912,Take 5 & Take A Number,2018.0,1113,7.697791220719152,6.913865358947168,0.7839258617719835,6.936439814195527,0.7613514065236249,0.0357727982872622,7.627676536076118,0.7138111771289496,1k-2.5k,eligible,0.0,0.0,0.0
254588,Hearts and Minds: Vietnam 1965-1975 (Third Edition),2019.0,317,8.253975214082939,7.827317582880168,0.4266576312027705,7.776350517730252,0.4776246963526862,0.067030253946647,8.12259591634751,0.2952783334673423,200-499,eligible,0.0,0.0,0.0
263222,Shards of the Jaguar,2021.0,106,7.916966446663967,7.536035556038227,0.3809308906257405,7.486476359185554,0.4304900874784136,0.1159171148780976,7.689768901502896,0.153733345464669,100-199,eligible,0.0,0.0,0.0
284189,Foundations of Rome,2022.0,4280,8.36985950608708,7.7254942376456,0.6443652684414793,7.803336878518648,0.5665226275684319,0.0182422587428521,8.334104678951089,0.6086104413054892,2.5k-5k,exclude,0.0,0.0,0.0
286925,Detective Stories: Case 3 – Still Lake,2019.0,133,7.776859324966884,6.988570038943408,0.7882892860234758,6.982070450674231,0.794788874292653,0.1034843498136905,7.57402999933205,0.5854599603886425,100-199,eligible,0.0,1.0,0.0
288316,Rurik: Dawn of Kiev – Kickstarter Edition,2019.0,321,8.249973668031766,7.323352187078472,0.926621480953294,7.262119347940711,0.9878543200910546,0.0666113107553728,8.119415498951234,0.7960633118727631,200-499,eligible,0.0,0.0,0.0
288539,The Jaws of Victory: Battle of Korsun-Cherkassy Pocket – January/February 1944,2020.0,122,8.747106066272604,8.338149915494101,0.4089561507785024,8.46769452870913,0.2794115375634742,0.1080489573802186,8.535330109807376,0.1971801943132739,100-199,eligible,0.0,0.0,0.0
289081,The Grand Carnival,2020.0,1257,7.879585499160086,7.51555155744135,0.3640339417187359,7.521806198399584,0.3577793007605017,0.0336614528910565,7.813609051493615,0.2980574940522651,1k-2.5k,eligible,0.0,0.0,0.0
299566,Batman: The Animated Series Adventures – Shadow of the Bat,2021.0,453,8.08536553117603,7.534552579518811,0.5508129516572193,7.635987306610056,0.4493782245659741,0.0560726904700306,7.97546305785477,0.4409104783359593,200-499,eligible,0.0,1.0,0.0
299607,Capital Lux 2: Generations,2021.0,957,8.052874364348387,7.3624646384665,0.6904097258818869,7.372452014961777,0.6804223493866104,0.0385784279992402,7.977260645469876,0.614796007003376,500-999,eligible,0.0,0.0,0.0
310636,Drakborgen,2022.0,171,7.5261961353055264,7.029391191745685,0.4968049435598418,6.972464894226052,0.5537312410794746,0.0912646180647461,7.347317483898624,0.3179262921529394,100-199,eligible,0.0,0.0,0.0
318243,HITSTER,2022.0,3729,7.9101619513449,7.288026775129252,0.6221351762156484,7.302334886773371,0.6078270645715289,0.0195435882476042,7.871856518379595,0.583829743250344,2.5k-5k,exclude,0.0,0.0,0.0
324512,KAPOW! Volume 1,2023.0,135,7.6702931126391025,7.176927488825816,0.4933656238132862,7.225586233012484,0.4447068796266187,0.1027149387705526,7.468971832648819,0.2920443438230029,100-199,eligible,0.0,0.0,0.0
324639,The Road,2021.0,234,7.916637104631615,7.181761864815707,0.7348752398159082,7.214394355570871,0.7022427490607441,0.0780175965603953,7.76372261537324,0.5819607505575334,200-499,eligible,0.0,0.0,0.0
324657,Core Space: First Born,2021.0,232,8.358370573923871,7.914758755474828,0.4436118184490425,7.963590030681928,0.3947805432419429,0.0783531576640776,8.20479838490228,0.2900396294274502,200-499,eligible,0.0,1.0,0.0
330097,The Red Dragon Inn 8: Pub Crawl,2022.0,123,7.919392636566072,6.960533499985294,0.958859136580778,6.840322862200237,1.079069774365835,0.1076088375982068,7.708479314873586,0.7479458148882928,100-199,eligible,0.0,0.0,0.0
330592,Phantom Ink,2022.0,1891,7.871632927750639,7.210278501716743,0.6613544260338955,7.25916415881329,0.6124687689373491,0.0274444626190518,7.8178417810172975,0.6075632793005538,1k-2.5k,borderline,0.0,0.0,0.0
330664,Varuna,2021.0,257,7.626524397406344,7.26930260267539,0.3572217947309539,7.294183492502661,0.3323409049036829,0.0744447257226654,7.48061273498992,0.2113101323145297,200-499,eligible,0.0,0.0,0.0
341519,The Light in the Mist,2022.0,509,8.351890072993877,7.882430145430742,0.4694599275631343,7.895978031967266,0.4559120410266111,0.0528982865287168,8.248209431397592,0.3657792859668493,500-999,eligible,0.0,1.0,0.0
348870,Heckmeck am Karteneck,2021.0,209,7.525107011598668,6.855885788870928,0.6692212227277397,6.833681747026844,0.6914252645718237,0.0825519531152329,7.363305183492812,0.507419394621883,200-499,eligible,0.0,0.0,0.0
348872,The Bad Karmas and The Curse of the Zodiac,2024.0,129,8.274148691268895,7.828734757606357,0.4454139336625378,7.923312609825592,0.3508360814433029,0.1050765102308597,8.068198731216409,0.2394639736100526,100-199,eligible,0.0,1.0,0.0
348973,Hidden Games Tatort: Winterkrimi – Eiskaltes Verbrechen,2021.0,115,8.102204139578445,7.226055539505001,0.876148600073444,7.312153966756092,0.7900501728223528,0.1112888297569097,7.884078033254902,0.6580224937499008,100-199,eligible,0.0,1.0,0.0
349955,The Quacks of Quedlinburg: MegaBox,2021.0,1166,8.40331177513882,7.508157916841819,0.8951538582970002,7.6329614110267645,0.7703503641120548,0.0349503251664703,8.334809137812538,0.8266512209707184,1k-2.5k,eligible,0.0,0.0,0.0
361895,Trick and Trade,2022.0,119,7.9311545303898,7.18662221589476,0.7445323144950402,7.207011696227523,0.7241428341622766,0.1094024417597391,7.716725744540711,0.5301035286459514,100-199,eligible,0.0,0.0,0.0
361918,BattleTech: Alpha Strike Box Set,2022.0,113,8.445771801681971,7.55046804899842,0.8953037526835512,7.579571292199422,0.8662005094825496,0.1122693670265072,8.225723842310018,0.6752557933115971,100-199,eligible,0.0,0.0,0.0
361923,Curse of the Dark,2022.0,128,8.255860213505064,7.193623728012765,1.0622364854922992,7.204561385280538,1.0512988282245264,0.105486166795113,8.049107326586643,0.8554835985738776,100-199,eligible,0.0,1.0,0.0
397736,HITSTER: Guilty Pleasures,2023.0,652,7.744433552915801,7.084075689959409,0.660357862956392,7.088235098767157,0.6561984541486439,0.0467387074596008,7.652825686294983,0.5687499963355744,500-999,eligible,0.0,0.0,0.0
399374,For One: Kniffel,2023.0,139,7.855174856130276,7.119986399979835,0.7351884561504409,7.117365212401317,0.7378096437289585,0.1012262377230807,7.656771430193038,0.5367850302132027,100-199,eligible,0.0,0.0,0.0
399378,For One: Galaktix,2023.0,112,7.539810882167258,6.879702782770234,0.6601080993970232,6.921747694957908,0.6180631872093496,0.1127694557689722,7.318782748860072,0.4390799660898375,100-199,eligible,0.0,0.0,0.0
400203,Snails,2024.0,235,8.247543740157889,7.360915167032395,0.8866285731254937,7.186274152294187,1.061269587863702,0.0778514247070657,8.09495494773204,0.7340397806996449,200-499,eligible,0.0,0.0,0.0
402215,Silver & Gold Pyramids,2023.0,392,7.836747204270409,6.9392653236004165,0.8974818806699929,6.952237048233378,0.884510156037031,0.0602778095972074,7.718602697459882,0.7793373738594662,200-499,eligible,0.0,0.0,0.0
404513,Tokyo Highway: Rainbow City,2023.0,288,7.855521366011611,7.269763529383013,0.5857578366285976,7.349729518962341,0.5057918470492693,0.070324111196742,7.717686108065997,0.4479225786829831,200-499,eligible,0.0,0.0,0.0
404538,Kinfire Delve: Scorn's Stockade,2024.0,408,8.28771414548349,7.512385940562636,0.7753282049208536,7.498847919341003,0.7888662261424866,0.0590840714014614,8.171909365536624,0.6595234249739892,200-499,eligible,0.0,1.0,0.0
406591,The Walking Dead: Surrounded,2024.0,111,7.605711009949687,6.999614604568192,0.6060964053814946,7.022184063095203,0.5835269468544837,0.1132762873373707,7.38368948676844,0.384074882200248,100-199,eligible,0.0,1.0,0.0
406663,That's Not a Hat: Pop Culture,2024.0,376,7.700586277074409,7.197225753207663,0.5033605238667462,7.2496543503805455,0.4509319266938636,0.0615469552908586,7.579954244704326,0.3827284914966633,200-499,eligible,0.0,0.0,0.0
406767,Hegemony: Lead Your Class to Victory – Extended Edition,2023.0,202,9.098426694159064,8.395010237066435,0.7034164570926276,8.478990158321746,0.6194365358373162,0.0839701272110652,8.933845244825374,0.5388350077589397,200-499,eligible,0.0,0.0,0.0
408839,A Nice Cuppa,2024.0,112,7.576745833908284,7.19707477962684,0.3796710542814434,7.194693836077629,0.3820519978306542,0.1127694557689722,7.355717700601098,0.1586429209742578,100-199,eligible,0.0,0.0,0.0
121,Dune,1979.0,5709,7.96473030759001,7.47611936971831,0.4886109378716998,7.400284930495356,0.5644453770946534,0.0157950306994642,7.93377204741906,0.4576526777007498,5k-10k,exclude,0.0,0.0,0.0
152,Mü & More,1995.0,1984,7.662442539200861,6.833296436268444,0.829146102932417,6.880877755742546,0.7815647834583155,0.0267935131594852,7.60992725340827,0.7766308171398258,1k-2.5k,borderline,0.0,0.0,0.0
1583,"Barbarossa: Army Group Center, 1941",1998.0,217,8.345785742968385,7.613180250672103,0.7326054922962815,7.575094417169872,0.7706913257985128,0.0810159686511251,8.18699444441218,0.5738141937400761,200-499,eligible,0.0,0.0,0.0
1585,"Burma: The Campaign in Northern Burma, 1944",1999.0,348,8.263482748939635,7.745935868981551,0.5175468799580845,7.708336586779776,0.5551461621598595,0.0639750853376104,8.13809158167792,0.3921557126963679,200-499,eligible,0.0,0.0,0.0
3408,This Accursed Civil War,2002.0,283,7.8770635924291295,7.504221648704396,0.3728419437247332,7.618110700624721,0.2589528918044088,0.0709426289209789,7.738016039744011,0.2337943910396144,200-499,eligible,0.0,0.0,0.0
3416,Fallschirmjaeger: The Airborne Assault on Fortress Holland,2001.0,192,8.001330913571861,7.146661468401133,0.8546694451707282,7.25040720795209,0.7509237056197708,0.0861290945233816,7.832517888306033,0.6858564199049001,100-199,eligible,0.0,0.0,0.0
3893,Full Thrust,1992.0,437,7.545969961182338,6.721126321906132,0.8248436392762066,6.721136911541601,0.8248330496407377,0.0570899650797397,7.434073629626049,0.7129473077199167,200-499,eligible,0.0,0.0,0.0
12140,Stalingrad Pocket: 2nd Edition – The Wehrmacht's Greatest Disaster,1996.0,459,7.550990540044845,7.043101006389817,0.5078895336550282,7.1414117921985785,0.4095787478462664,0.055704996730778,7.44180874645252,0.3987077400627032,200-499,eligible,0.0,0.0,0.0
12141,This Terrible Sound,2000.0,113,8.181891365795869,7.363874184460016,0.8180171813358523,7.376981001136334,0.8049103646595341,0.1122693670265072,7.961843406423914,0.5979692219638982,100-199,eligible,0.0,0.0,0.0
19777,Indonesia,2005.0,4761,8.52500065897303,7.769034257986025,0.7559664009870044,8.002047076181977,0.5229535827910521,0.0172962281419593,8.491100051814788,0.7220657938287641,2.5k-5k,exclude,0.0,0.0,0.0
21373,Federation Commander: Romulan Border,2006.0,246,7.854659233404641,6.968485206578613,0.8861740268260281,7.131690997122785,0.7229682362818561,0.0760909387812939,7.705520993393305,0.737035786814692,200-499,eligible,0.0,0.0,0.0
27173,Vikings,2007.0,8503,7.644145738041909,7.211462691892411,0.4326830461494984,7.283678147131759,0.36046759091015,0.0129423877290443,7.618778658092983,0.4073159662005715,5k-10k,exclude,0.0,0.0,0.0
27266,Silent Death: The Next Millennium Deluxe Edition,1995.0,194,7.654605691481128,6.744215410581253,0.9103902808998754,6.803721626421048,0.8508840650600806,0.0856839799440507,7.486665090790789,0.742449680209536,100-199,eligible,0.0,0.0,0.0
27680,1936: Guerra Civil,2006.0,310,7.6809145236903795,7.293703013116502,0.3872115105738771,7.317489671849046,0.3634248518413336,0.0677828224813342,7.548060191626964,0.254357178510462,200-499,eligible,0.0,0.0,0.0
38863,The Rich and the Good,2008.0,2484,7.665678345964867,6.825320502259444,0.8403578437054229,6.804657705128941,0.8610206408359264,0.0239455435704124,7.618745080566859,0.7934245783074145,1k-2.5k,borderline,0.0,0.0,0.0
39188,Liberty Roads,2009.0,520,8.341682606873707,7.737923295404196,0.6037593114695117,7.822871332537197,0.5188112743365103,0.0523357948050593,8.239104449055791,0.5011811536515954,500-999,eligible,0.0,0.0,0.0
40243,Roads to Stalingrad: Campaign Commander Series,2009.0,137,7.694244242443202,7.0685386721247685,0.6257055703184333,6.962738571033544,0.7315056714096579,0.1019624382426238,7.494397863487659,0.4258591913628905,100-199,eligible,0.0,0.0,0.0
40258,Buffalo Wings,2010.0,135,8.152688059816294,7.287291670188216,0.8653963896280779,7.367579530331394,0.7851085294848996,0.1027149387705526,7.95136677982601,0.6640751096377946,100-199,eligible,0.0,0.0,0.0
40529,Cosmic Encounter,1991.0,1047,7.567761740749081,6.817283195818016,0.7504785449310649,6.8169486099524175,0.7508131307966632,0.036883077828217,7.495470908205775,0.6781877123877595,1k-2.5k,eligible,0.0,0.0,0.0
42929,Martian Rails,2009.0,433,7.601210513281789,6.904809430520595,0.6964010827611933,7.150071493900603,0.4511390193811859,0.0573530538699805,7.488798527696627,0.5839890971760314,200-499,eligible,0.0,0.0,0.0
43015,Hansa Teutonica,2009.0,16049,8.231183187695295,7.769868617818208,0.4613145698770875,7.824862390850582,0.4063207968447138,0.0094205553875868,8.212718899135625,0.4428502813174173,10k-25k,exclude,0.0,0.0,0.0
43307,Baltimore & Ohio,2009.0,644,7.848979557025002,7.424348920283304,0.4246306367416981,7.535354684816557,0.3136248722084449,0.0470281139864049,7.756804453611648,0.3324555333283444,500-999,eligible,0.0,0.0,0.0
58625,Storm Over Normandy,2015.0,128,7.687637628679098,7.155463842302039,0.5321737863770588,7.163328882290417,0.5243087463886811,0.105486166795113,7.480884741760676,0.3254208994586371,100-199,eligible,0.0,0.0,0.0
75360,Texas & Pacific,2010.0,223,7.842798267900666,6.808471074119417,1.034327193781249,7.046338250176708,0.796460017723958,0.0799186362394187,7.686157740871406,0.8776866667519884,200-499,eligible,0.0,0.0,0.0
79127,Star Trek: Fleet Captains,2011.0,3216,7.705613182240692,7.178733939757988,0.5268792424827042,7.27057952854209,0.4350336536986026,0.0210446872416664,7.664365595247026,0.4856316554890379,2.5k-5k,exclude,0.0,0.0,0.0
92363,Amateurs to Arms!,2012.0,204,8.217768762502748,7.494050691773806,0.7237180707289426,7.377032314572109,0.8407364479306398,0.0835574950961671,8.053996072114261,0.559945380340455,200-499,eligible,0.0,0.0,0.0
97377,Hail Caesar: Battles with Model Soldiers in the Ancient Era,2011.0,100,7.613009146159843,7.19039452654409,0.4226146196157536,7.176871165368123,0.4361379807917203,0.1193439741795195,7.379094956767985,0.1887004302238954,100-199,eligible,0.0,0.0,0.0
117959,Las Vegas,2012.0,11627,7.5428591253041875,6.944217051371737,0.5986420739324503,7.028936633392226,0.5139224919119618,0.0110679365207133,7.521165969723589,0.5769489183518521,10k-25k,exclude,0.0,0.0,0.0
129294,Campaign Trail,2019.0,749,7.987854003945998,7.51176785718944,0.4760861467565576,7.4142442708781395,0.5736097330678582,0.0436073390966746,7.902383619316516,0.3906157621270754,500-999,eligible,0.0,0.0,0.0
141090,Kohle & Kolonie,2013.0,610,8.022871956792216,7.603262459948466,0.4196094968437496,7.637571346535644,0.3853006102565715,0.0483209627200293,7.928162869860958,0.3249004099124921,500-999,eligible,0.0,0.0,0.0
147154,Blue Moon Legends,2014.0,2137,7.634833627110101,7.135395331895477,0.4994382952146239,7.12098304510954,0.5138505820005612,0.0258165517827319,7.584233185615947,0.4488378537204692,1k-2.5k,borderline,0.0,0.0,0.0
171278,Victory Roads: From Bagration to the Fall of Berlin 1944-1945,2015.0,157,8.285571880727382,7.818216585813813,0.4673552949135686,7.888766078607331,0.3968058021200509,0.095246860532917,8.098888034082865,0.2806714482690512,100-199,eligible,0.0,0.0,0.0
178896,"Last Blitzkrieg: Wacht am Rhein, The Battle of the Bulge",2016.0,285,8.869971099589902,8.05921965013725,0.8107514494526527,8.126391405804597,0.7435796937853052,0.0706932691725484,8.731412292011708,0.6721926418744577,200-499,eligible,0.0,0.0,0.0
188530,My Favourite Things,2015.0,375,7.903825141235959,6.25024264183374,1.6535824994022192,6.253678950242698,1.6501461909932615,0.0616289632623315,7.783032373241789,1.5327897314080494,200-499,eligible,0.0,0.0,0.0
188547,Maximum Apocalypse,2018.0,2325,7.630487716443484,7.275134669031974,0.3553530474115094,7.213330186102722,0.417157530340762,0.0247507872562633,7.581976173421207,0.3068415043892332,1k-2.5k,borderline,0.0,1.0,0.0
190082,Whitehall Mystery,2017.0,4204,7.86085491832851,7.484423118999935,0.376431799328575,7.587771767087885,0.2730831512406251,0.0184064121414283,7.82477835053131,0.3403552315313756,2.5k-5k,exclude,0.0,0.0,0.0
190400,Aventuria: Adventure Card Game,2016.0,894,7.586476161832237,7.227277225450427,0.3591989363818095,7.2739037720122575,0.3125723898199792,0.0399145958694128,7.508243553928188,0.2809663284777604,500-999,eligible,0.0,1.0,0.0
194923,Techno Bowl: Arcade Football Unplugged,2017.0,261,8.569860666363287,7.267838004597875,1.3020226617654114,7.2882021520226274,1.2816585143406591,0.0738720654821974,8.42507141801818,1.1572334134203044,200-499,eligible,0.0,0.0,0.0
195226,Napoleon Saga: Waterloo,2019.0,160,7.967939368961839,7.550517774523895,0.4174215944379442,7.557783395984403,0.410155972977436,0.0943496958559016,7.783013965084272,0.2324961905603771,100-199,eligible,0.0,0.0,0.0
195539,The Godfather: Corleone's Empire,2017.0,7742,7.85647031068604,7.370072576709967,0.486397733976073,7.359131703741704,0.4973386069443357,0.0135635668544281,7.829885719651361,0.4598131429413938,5k-10k,exclude,0.0,0.0,0.0
206915,Tempel des Schreckens,2016.0,2986,7.565363610142293,6.920755927268724,0.644607682873569,6.972426730641718,0.5929368795005745,0.0218401488603563,7.522556918375995,0.6018009911072705,2.5k-5k,exclude,0.0,0.0,0.0
207330,Hellas,2016.0,490,7.529586353599597,7.026112590393225,0.5034737632063715,7.174193963854901,0.3553923897446962,0.053914111917658,7.423914694240987,0.3978021038477617,200-499,eligible,0.0,0.0,0.0
219774,Vikings Gone Wild Ultimate Set,2017.0,128,7.725844594493842,6.745413330535396,0.9804312639584464,6.835145647106657,0.8906989473871851,0.105486166795113,7.51909170757542,0.7736783770400248,100-199,eligible,0.0,0.0,0.0
219807,Test of Honour: The Samurai Miniatures Game,2017.0,106,7.60910191318213,7.042559647152807,0.5665422660293231,7.01964862625611,0.5894532869260196,0.1159171148780976,7.381904368021058,0.3393447208682517,100-199,eligible,0.0,0.0,0.0
220975,History Maker Golf,2017.0,130,8.411238474481728,6.859123165045725,1.5521153094360027,6.974507012474076,1.4367314620076517,0.1046715896101186,8.206082158845895,1.3469589938001705,100-199,eligible,0.0,0.0,0.0
232254,KAPOW!,2019.0,131,7.566029656775555,6.984454126834859,0.5815755299406966,7.03143196942894,0.534597687346615,0.1042713143786963,7.36165788059331,0.3772037537584518,100-199,eligible,0.0,0.0,0.0
239307,Unlock!: Secret Adventures,2017.0,2921,7.859726390695562,7.383672899558878,0.4760534911366845,7.378956396898898,0.4807699937966641,0.0220818124725604,7.816446038249344,0.4327731386904661,2.5k-5k,exclude,0.0,1.0,0.0
248375,SAGA Rulebook (2nd Edition),2018.0,136,8.395735795938235,7.407645838822704,0.9880899571155304,7.4743486072084515,0.9213871887297832,0.1023366135853585,8.195156033310932,0.7875101944882277,100-199,eligible,0.0,0.0,0.0
248562,Mage Knight: Ultimate Edition,2018.0,6801,9.021782525495125,8.678857297554158,0.3429252279409667,8.676031358223089,0.3457511672720361,0.0144715186428395,8.99341834895516,0.3145610514010012,5k-10k,exclude,0.0,1.0,0.0
248928,The White Tribe: Rhodesia's War 1966-1980,2018.0,151,8.107907024620719,7.621303949746151,0.4866030748745675,7.618353985742299,0.4895530388784195,0.0971207488111762,7.917550356950813,0.2962464072046621,100-199,eligible,0.0,0.0,0.0
255262,Agricola: All Creatures Big and Small – The Big Box,2018.0,1833,7.915192563453687,7.440118142960259,0.4750744204934278,7.338190648690839,0.5770019147628478,0.0278752815989453,7.860557011519754,0.4204388685594949,1k-2.5k,borderline,0.0,0.0,0.0
255524,Belfort: Edición Limitada,2018.0,101,7.8876362515990035,7.218642941312716,0.6689933102862877,7.208206776809195,0.6794294747898082,0.1187516927360825,7.654882933836282,0.4362399925235659,100-199,eligible,0.0,0.0,0.0
261145,Murder Mystery Party Case Files: Fire in Adlerstein,2018.0,562,7.900804734572594,7.360526703782224,0.5402780307903701,7.3630380163233315,0.5377667182492623,0.0503422170827995,7.802133989090307,0.441607285308083,500-999,eligible,0.0,1.0,0.0
261321,Ascension: Deliverance,2018.0,219,8.067083502131386,6.845732317725648,1.2213511844057372,6.953882752292991,1.113200749838395,0.0806451842398444,7.909018941021291,1.0632866232956422,200-499,eligible,0.0,0.0,0.0
261393,Dungeon Universalis,2019.0,651,8.492895609104325,8.139627913998567,0.3532676951057585,8.112426963433046,0.3804686456712787,0.0467745913093854,8.40121741013793,0.2615894961393631,500-999,eligible,0.0,1.0,0.0
270131,KLASK 4,2019.0,563,7.8350046827659074,6.963399635958899,0.8716050468070087,6.96963471115218,0.8653699716137275,0.0502974883160091,7.736421605666529,0.7730219697076307,500-999,eligible,0.0,0.0,0.0
270143,Kōhaku,2020.0,937,7.813926816725129,7.171615870391147,0.642310946333982,7.22212758231996,0.591799234405169,0.0389879769292185,7.73751038194386,0.5658945115527136,500-999,eligible,0.0,0.0,0.0
270314,Ohanami,2019.0,4165,7.565494050163721,7.103882468899938,0.4616115812637833,7.074056363111312,0.4914376870524091,0.0184923878261864,7.529248970024396,0.4253665011244578,2.5k-5k,exclude,0.0,0.0,0.0
271319,Las Vegas Royale,2019.0,2834,7.795193973250078,7.1978203685937086,0.5973736046563696,7.253091335069071,0.5421026381810075,0.0224181914085977,7.751254318089226,0.5534339494955179,2.5k-5k,exclude,0.0,0.0,0.0
275067,Key Market (Second Edition),2019.0,372,8.045696196106565,7.55246761755968,0.4932285785468853,7.277278586565691,0.7684176095408741,0.0618769681406584,7.924417338550874,0.3719497209911948,200-499,eligible,0.0,0.0,0.0
275564,Maximum Apocalypse: Legendary Edition,2020.0,421,7.990075053267263,7.251830820785511,0.738244232481752,7.20426723095088,0.7858078223163831,0.0581646940379857,7.87607225295281,0.6242414321672999,200-499,eligible,0.0,1.0,0.0
275912,Rise & Fall,2024.0,387,8.35641730307366,7.929876696152297,0.426540606921364,8.031028368218516,0.3253889348551446,0.0606659514672933,8.237512038197766,0.307635342045469,200-499,eligible,0.0,0.0,0.0
284778,Unmatched: Jurassic Park – Dr. Sattler vs. T. Rex,2022.0,1423,8.162431134415876,7.352092616343397,0.8103385180724789,7.348341452982522,0.8140896814333534,0.0316372004239458,8.100422221584942,0.748329605241545,1k-2.5k,eligible,0.0,0.0,0.0
285133,Hacienda (Second Edition),2019.0,160,7.508236649260908,7.051617211578385,0.456619437682523,7.310811933724405,0.1974247155365027,0.0943496958559016,7.323311245383341,0.2716940338049559,100-199,eligible,0.0,0.0,0.0
292026,UND1C1,2022.0,248,8.15927192487975,7.601919367080706,0.5573525577990441,7.704403828572405,0.4548680963073455,0.0757834993875321,8.010736266080187,0.4088168989994811,200-499,eligible,0.0,0.0,0.0
292899,Tribune,2021.0,188,8.06269510638077,7.54055079079342,0.5221443155873509,7.418408463372215,0.6442866430085559,0.0870405388951028,7.892095650146369,0.3515448593529494,100-199,eligible,0.0,0.0,0.0
308970,A Touch of Evil: 10 Year Anniversary Edition,2020.0,222,8.20161764201502,7.185838032528212,1.015779609486808,6.739993812812706,1.4616238292023134,0.0800984309238906,8.044624717404194,0.8587866848759822,200-499,eligible,0.0,1.0,0.0
316377,7 Wonders (Second Edition),2020.0,8852,8.100850813326202,7.758822981062343,0.3420278322638594,7.785921444083451,0.3149293692427513,0.0126846881078033,8.075988824634909,0.3171658435725649,5k-10k,exclude,0.0,0.0,0.0
329591,Ultimate Railroads,2021.0,3023,8.816785714435994,8.253474591030573,0.5633111234054216,8.150590889488656,0.666194824947338,0.0217060811467276,8.774241795388408,0.5207672043578354,2.5k-5k,exclude,0.0,0.0,0.0
334187,Bequest,2021.0,117,7.512936692310181,7.073636396349013,0.4393002959611678,7.015979956573716,0.4969567357364646,0.1103335431594635,7.296682947717632,0.2230465513686192,100-199,eligible,0.0,0.0,0.0
334363,"Vijayanagara: The Deccan Empires of Medieval India, 1290-1398",2024.0,381,8.737029675797888,8.335416580741704,0.4016130950561845,8.349357747485794,0.3876719283120948,0.0611417701403507,8.6171918063228,0.2817752255810969,200-499,eligible,0.0,0.0,0.0
334379,Doodle Dash,2021.0,707,7.738347808065807,6.911541975514275,0.826805832551532,6.935123267169509,0.8032245408962986,0.0448839209639471,7.650375322976471,0.7388333474621955,500-999,eligible,0.0,0.0,0.0
334599,Violet and the Grumpy Nisse,2022.0,104,7.81841391603734,7.167097579483558,0.6513163365537817,7.17757568327592,0.6408382327614195,0.1170263948405929,7.589042182149778,0.4219446026662195,100-199,eligible,0.0,0.0,0.0
359612,Trick Shot (Second Edition),2024.0,354,8.465390394256422,7.731408059503352,0.7339823347530707,7.770022889314571,0.6953675049418511,0.0634306066246325,8.341066405272143,0.609658345768791,200-499,eligible,0.0,0.0,0.0
368413,Relic Hunters,2022.0,251,7.615201935653077,7.085043071090425,0.5301588645626518,7.303970537199554,0.3112313984535229,0.0753292485455614,7.467556608503776,0.3825135374133513,200-499,eligible,0.0,0.0,0.0
368463,Rebuilding Seattle,2023.0,439,8.044672097938502,7.529251603404489,0.5154204945340126,7.527199935851256,0.5174721620872464,0.0569597711472621,7.933030946489868,0.4037793430853788,200-499,eligible,0.0,0.0,0.0
368846,Dice Cards,2023.0,118,7.642541188206667,6.590379069198779,1.052162119007888,6.7077418262576,0.9347993619490672,0.1098650334287785,7.427205722686261,0.8368266534874821,100-199,eligible,0.0,0.0,0.0
369084,Tatsu,2022.0,308,7.620157085534471,7.264092538440316,0.3560645470941548,7.257027109942546,0.3631299755919244,0.0680025404724109,7.486872106208545,0.2227795677682293,200-499,eligible,0.0,0.0,0.0
369993,FUSE Countdown,2023.0,286,7.9303885045389135,7.472932901348814,0.4574556031900991,7.439048036230819,0.4913404683080946,0.0705695713189508,7.79207214475377,0.3191392434049554,200-499,eligible,0.0,1.0,0.0
370448,Europa Universalis: The Price of Power (Deluxe Edition),2023.0,181,9.244782173478878,8.651439727149059,0.5933424463298191,8.493993970319837,0.7507882031590416,0.0887076773975098,9.07091512577976,0.4194753986306999,100-199,eligible,0.0,0.0,0.0
372831,Potions of Azerland,2025.0,136,8.040590708594735,7.644909716215892,0.3956809923788427,7.744645752831877,0.2959449557628577,0.1023366135853585,7.840010945967432,0.19510122975154,100-199,eligible,0.0,0.0,0.0
373600,Cthulhu: Death May Die – Fear of the Unknown,2024.0,502,8.926113203607716,7.953060310853978,0.9730528927537384,8.045915723974009,0.8801974796337078,0.0532658224682533,8.82171219156994,0.8686518807159619,500-999,eligible,0.0,1.0,0.0
374145,Dungeon Pages: Core Set,2023.0,257,7.802647207807038,7.27438843588175,0.5282587719252874,7.323342555412211,0.479304652394827,0.0744447257226654,7.656735545390614,0.3823471095088631,200-499,eligible,0.0,0.0,0.0
374336,Trick Raiders,2022.0,111,7.893779587880391,7.195990904905015,0.6977886829753759,7.186003948201956,0.7077756396784354,0.1132762873373707,7.671758064699144,0.4757671597941293,100-199,eligible,0.0,0.0,0.0
387015,Spring Cleaning,2024.0,202,8.002383619351384,7.33085310316476,0.6715305161866247,7.333041535989386,0.6693420833619985,0.0839701272110652,7.837802170017697,0.5069490668529368,200-499,eligible,0.0,0.0,0.0
387515,Kavango,2024.0,445,8.218832357976805,7.630586764775156,0.5882455932016484,7.580229229318123,0.6386031286586817,0.0565744695128958,8.10794639773153,0.4773596329563726,200-499,eligible,0.0,0.0,0.0
388838,Black Friday,2023.0,228,8.035967246198334,7.660715491360715,0.3752517548376186,7.807179640777045,0.2287876054212887,0.0790374777107543,7.881053789885255,0.2203382985245401,200-499,eligible,0.0,0.0,0.0
390092,Ticket to Ride Legacy: Legends of the West,2023.0,3977,8.955636912917727,8.317280313911775,0.6383565990059523,8.345942703047161,0.6096942098705664,0.0189244253307761,8.918545039269405,0.6012647253576311,2.5k-5k,exclude,0.0,0.0,1.0
390173,Mindbug: Beyond Evolution,2023.0,588,8.412719989822355,7.602018232553558,0.8107017572687969,7.540238282043134,0.8724817077792206,0.0492166254419323,8.316255403956168,0.7142371714026094,500-999,eligible,0.0,0.0,0.0
390340,Challengers! Beach Cup,2023.0,922,8.218473066620431,7.570104568749144,0.6483684978712869,7.667280889896503,0.5511921767239283,0.0393038447184087,8.14143753097235,0.5713329622232057,500-999,eligible,0.0,0.0,0.0
391290,Ecosystem: Savanna,2023.0,249,7.748590048957856,7.312478166037685,0.4361118829201702,7.263340128310189,0.485249920647667,0.0756311705915286,7.60035295459846,0.2878747885607741,200-499,eligible,0.0,0.0,0.0
5,Acquire,1963.0,20432,7.656134118457065,6.848897012630504,0.8072371058265615,6.887274957494501,0.7688591609625641,0.008349203680559,7.6397696792431695,0.7908726666126658,10k-25k,exclude,0.0,0.0,0.0
586,Up Front,1983.0,2178,8.202406325516817,7.572242153146002,0.6301641723708151,7.495211171572997,0.7071951539438199,0.0255724040715425,8.152284413536593,0.5800422603905917,1k-2.5k,borderline,0.0,0.0,0.0
2346,DVONN,2001.0,5382,7.819564864085164,7.358832418505822,0.4607324455793424,7.367315159296297,0.4522497047888674,0.016267793432932,7.787679988956617,0.4288475704507956,5k-10k,exclude,0.0,0.0,0.0
3097,1849: The Game of Sicilian Railways,1998.0,942,8.922906481864528,8.172319568999157,0.750586912865371,8.163185774403642,0.759720707460886,0.0388843679846133,8.846693120614686,0.6743735516155288,500-999,eligible,1.0,0.0,0.0
3201,Lord of the Rings: The Confrontation,2002.0,6909,7.553048626393202,6.754858184448503,0.7981904419446986,6.742734166082144,0.8103144603110577,0.014357965303285,7.524907014398763,0.7700488299502599,5k-10k,exclude,0.0,0.0,0.0
9625,Struggle of Empires,2004.0,4239,8.040042482087804,7.541693612034093,0.4983488700537108,7.4786001574009,0.5614423246869045,0.0183302668560488,8.004115159049949,0.4624215470158552,2.5k-5k,exclude,0.0,0.0,0.0
18615,Warmaster Ancients,2005.0,116,7.523357291135707,6.933200788119972,0.5901565030157352,7.074572450811726,0.4487848403239818,0.1108080982232961,7.306173418618047,0.3729726304980748,100-199,eligible,0.0,0.0,0.0
25021,Sekigahara: The Unification of Japan,2011.0,6099,8.468805334098382,7.9536893324760545,0.515116001622328,7.913633445712115,0.5551718883862673,0.0152816827410239,8.438853235925976,0.4851639034499211,5k-10k,exclude,0.0,0.0,0.0
27817,Marne 1918: Friedensturm,2006.0,123,8.225838398197409,7.309796532674467,0.916041865522942,7.333188195727459,0.8926502024699499,0.1076088375982068,8.014925076504923,0.7051285438304568,100-199,eligible,0.0,0.0,0.0
27976,Heroscape Master Set: Swarm of the Marro,2007.0,2332,7.740418926908029,6.753732158802944,0.986686768105086,6.797216892344519,0.9432020345635106,0.024713611929886,7.691980247525453,0.9382480887225092,1k-2.5k,borderline,0.0,0.0,0.0
29278,18Rhl: Rhineland,2007.0,102,8.338798424903786,7.811055726353747,0.5277426985500391,7.817809444394027,0.5209889805097587,0.1181681428029229,8.107188865010057,0.2961331386563102,100-199,eligible,1.0,0.0,0.0
29603,D-Day at Omaha Beach,2009.0,1827,8.513437232590862,8.109369330929267,0.4040679016615947,8.183746634984772,0.3296905976060902,0.0279210163000818,8.458712040642702,0.3493427097134342,1k-2.5k,borderline,0.0,1.0,0.0
29663,Star Fleet Battles: Captain's Edition Basic Set,1990.0,494,7.693625417274866,7.115090815180178,0.5785346020946882,7.312386676820811,0.3812387404540551,0.0536953925091615,7.58838244795691,0.4732916327767316,200-499,eligible,0.0,0.0,0.0
38429,Cornerstone,2008.0,231,7.581854742456799,6.455332005895233,1.126522736561566,6.569843222977047,1.012011519479752,0.0785225700946497,7.427950505071285,0.9726184991760524,200-499,eligible,0.0,0.0,0.0
41627,Zulus on the Ramparts!: The Battle of Rorke's Drift – Second Edition,2009.0,940,7.543444250159891,7.093560565896199,0.4498836842636917,7.045019648143866,0.4984246020160254,0.0389257123535328,7.4671498539469665,0.3735892880507673,500-999,eligible,0.0,0.0,0.0
41934,World at War: The Untold Stories,2010.0,118,7.941940827680329,7.143531458672191,0.7984093690081382,7.16063757471594,0.7813032529643893,0.1098650334287785,7.7266053621599236,0.5830739034877322,100-199,eligible,0.0,0.0,0.0
42731,Lock 'n Load: Heroes of the Gap,2011.0,106,7.907210711897836,7.370614163458143,0.5365965484396931,7.331372546322433,0.5758381655754032,0.1159171148780976,7.680013166736765,0.3093990032786217,100-199,eligible,0.0,0.0,0.0
54361,Heroscape Master Set:  Battle for the Underdark,2010.0,1028,7.570991100367882,6.973385810934563,0.5976052894333197,7.0043763231795655,0.5666147771883168,0.0372223628613327,7.49803526915967,0.5246494582251076,1k-2.5k,eligible,0.0,0.0,0.0
68858,Tanto Cuore: Expanding the House,2010.0,538,7.625446490114959,6.774172231089137,0.8512742590258213,6.876246402382751,0.7492000877322074,0.0514528408126127,7.524598922122237,0.7504266910331003,500-999,eligible,0.0,0.0,0.0
84876,The Castles of Burgundy,2011.0,62576,8.417525628719975,7.956684972720597,0.4608406559993785,8.101917549355283,0.3156080793646918,0.0047708591660795,8.40817474475446,0.4514897720338626,25k+,exclude,0.0,0.0,0.0
100169,Hero of Weehawken: The Aaron Burr Conspiracy 1805-1807,2011.0,165,7.796908998662534,6.587550604949261,1.2093583937132737,6.476949592818677,1.319959405843857,0.0929091578907959,7.614807049196574,1.027256444247313,100-199,eligible,0.0,0.0,0.0
105024,Israeli Air Force Leader,2017.0,147,7.871777607058807,7.362535786412463,0.5092418206463432,7.264891629512073,0.6068859775467335,0.0984332508838647,7.678848435326431,0.3163126489139682,100-199,eligible,0.0,0.0,0.0
142854,Infection: Humanity's Last Gasp,2013.0,576,7.517435837304813,6.925432605747128,0.5920032315576851,6.933339993827774,0.5840958434770389,0.0497266559081331,7.419971591724872,0.4945389859777441,500-999,eligible,0.0,0.0,0.0
157001,Trains: Rising Sun,2014.0,1891,7.818880724209023,7.159099136306612,0.6597815879024118,7.317954007109265,0.5009267170997589,0.0274444626190518,7.765089577475682,0.6059904411690701,1k-2.5k,borderline,0.0,0.0,0.0
164265,Witness,2014.0,2765,7.683434719952147,7.072719830705601,0.6107148892465455,7.123126664060804,0.5603080558913431,0.0226961884086451,7.638950190671203,0.5662303599656011,2.5k-5k,exclude,0.0,1.0,0.0
178940,Push It,2015.0,501,7.567982381240202,6.494460440597942,1.0735219406422596,6.5422389995053845,1.0257433817348174,0.0533189554714571,7.463477228516146,0.9690167879182036,500-999,eligible,0.0,0.0,0.0
180205,Trans-Siberian Railroad,2015.0,349,7.896794710841266,7.0937141568835305,0.8030805539577353,7.219746457175281,0.6770482536659843,0.063883364737989,7.771583315954807,0.6778691590712768,200-499,eligible,0.0,0.0,0.0
180680,Automobiles,2016.0,3434,7.69543439837507,7.345207772335945,0.3502266260391256,7.449737481184899,0.2456969171901715,0.0203657472875161,7.655517533691539,0.310309761355594,2.5k-5k,exclude,0.0,0.0,0.0
204801,Kneipenquiz: Das Original,2016.0,1026,7.699227660514548,6.731013750892407,0.9682139096221416,6.749565845783465,0.9496618147310834,0.03725862430477,7.626200756877199,0.8951870059847924,1k-2.5k,eligible,0.0,1.0,0.0
217576,Hellenica: Story of Greece,2019.0,359,7.914870339068974,7.506086915822776,0.4087834232461986,7.223861690417046,0.6910086486519287,0.0629873404908189,7.791415151706969,0.2853282358841936,200-499,eligible,0.0,0.0,0.0
217934,Napoléon 1806,2017.0,283,8.088340186412116,7.46336587802103,0.6249743083910868,7.507559978266819,0.5807802081452973,0.0709426289209789,7.949292633726998,0.485926755705968,200-499,eligible,0.0,0.0,0.0
218948,Apocalypse Road,2020.0,366,7.611340673736468,7.181394061036984,0.4299466126994833,7.089572316556751,0.5217683571797167,0.0623820946291276,7.489071768263377,0.3076777072263931,200-499,eligible,0.0,0.0,0.0
228372,Iberian Gauge,2017.0,1656,7.924869743871698,7.355659729445451,0.5692100144262469,7.601189511730713,0.323680232140985,0.0293271816805464,7.867388467777826,0.5117287383323758,1k-2.5k,eligible,0.0,0.0,0.0
244806,Nouvelle-France,2021.0,136,7.575587838490564,7.084176117393698,0.491411721096866,7.094158689529953,0.4814291489606104,0.1023366135853585,7.375008075863261,0.2908319584695633,100-199,eligible,0.0,0.0,0.0
250467,Red Alert: Space Fleet Warfare,2019.0,315,7.917860116526319,7.4009000325382654,0.5169600839880539,7.4080789999852605,0.5097811165410588,0.0672427117026874,7.786064401589052,0.3851643690507866,200-499,eligible,0.0,0.0,0.0
250664,Godtear,2019.0,371,8.033237843305068,7.3664877747430655,0.6667500685620027,7.458550739404734,0.5746871039003345,0.061960304162451,7.911795647146664,0.5453078724035986,200-499,eligible,0.0,0.0,0.0
251433,Yokai Septet,2018.0,1036,7.980348006813072,7.156322613851605,0.8240253929614667,7.218252533310522,0.7620954735025496,0.0370783686547906,7.907674404249683,0.7513517903980771,1k-2.5k,eligible,0.0,0.0,0.0
251830,Alhambra: Mega Box,2019.0,221,8.256667811970221,7.17812036817819,1.078547443792031,7.155652813630017,1.1010149983402044,0.0802794445579611,8.099320100636618,0.9211997324584272,200-499,eligible,0.0,0.0,0.0
257518,Claustrophobia 1643,2019.0,1489,8.179115905921186,7.461760816592292,0.717355089328894,7.498952784390431,0.6801631215307555,0.0309280933113223,8.118496843030995,0.6567360264387022,1k-2.5k,eligible,0.0,0.0,0.0
264141,Kodachi,2019.0,453,7.6423494352483745,6.939860961901351,0.7024884733470236,7.006581871091704,0.6357675641566702,0.0560726904700306,7.532446961927114,0.5925860000257636,200-499,eligible,0.0,0.0,0.0
266722,Rumble Nation,2017.0,1228,7.966968553280943,7.012101864861181,0.954866688419762,7.067956551130109,0.8990120021508341,0.034056601876122,7.900217613603744,0.8881157487425628,1k-2.5k,eligible,0.0,0.0,0.0
271754,Spire's End,2019.0,853,7.669322725429239,7.029259376620301,0.6400633488089378,7.170835879843457,0.4984868455857816,0.0408625984810833,7.589232032406315,0.5599726557860143,500-999,eligible,0.0,1.0,0.0
272380,SHŌBU,2019.0,2015,7.829226446448306,7.357911154870141,0.4713152915781649,7.379649848964203,0.4495765974841035,0.0265866103475937,7.777116690167023,0.4192055352968811,1k-2.5k,borderline,0.0,0.0,0.0
273655,Shadows of Brimstone: Gates of Valhalla,2023.0,120,8.623782232073932,7.631541553072504,0.9922406790014282,7.604156868228214,1.0196253638457176,0.1089456446007282,8.410248768656505,0.7787072155840009,100-199,eligible,0.0,1.0,0.0
286063,The 7th Citadel,2024.0,1637,8.693954248635752,8.222700340979792,0.4712539076559601,8.229010571503801,0.4649436771319504,0.0294968850772163,8.636140353884407,0.4134400129046159,1k-2.5k,eligible,0.0,1.0,0.0
294113,Imperial Tide: The Great War 1914-1918,2022.0,106,8.175917702020008,7.69002869244215,0.4858890095778587,7.598541620972146,0.5773760810478628,0.1159171148780976,7.948720156858937,0.2586914644167873,100-199,eligible,0.0,0.0,0.0
294484,Unmatched: Cobble & Fog,2020.0,8097,8.14592748305316,7.627787498113175,0.5181399849399853,7.609393338022311,0.5365341450308492,0.013262897895163,8.11993220317864,0.4921447050654657,5k-10k,exclude,0.0,0.0,0.0
294693,Nokosu Dice,2016.0,1222,8.257636144590894,7.129227309430005,1.1284088351608883,7.1587193656251085,1.0989167789657852,0.0341401081769046,8.19072153256416,1.061494223134155,1k-2.5k,eligible,0.0,0.0,0.0
310885,Belaad: The Land of Swords and Quills,2020.0,192,7.82032544156322,7.153990383325764,0.6663350582374559,7.2283760901432785,0.5919493514199416,0.0861290945233816,7.651512416297392,0.4975220329716278,100-199,eligible,0.0,0.0,0.0
311900,Votes for Women,2022.0,810,8.046533778245047,7.684527204166175,0.3620065740788725,7.675469968259883,0.3710638099851646,0.0419331981581784,7.964344709855017,0.2798175056888426,500-999,eligible,0.0,1.0,0.0
312318,Century: Golem Edition – An Endless World,2020.0,1583,7.763674688326302,7.429930144426892,0.3337445438994093,7.328147782968823,0.4355269053574782,0.0299957716255368,7.70488297594025,0.2749528315133572,1k-2.5k,eligible,0.0,0.0,0.0
318985,Puerto Rico,2020.0,1237,8.252093665442464,7.83658258634696,0.4155110790955039,7.889980432172221,0.362113233270243,0.0339324834567972,8.185585997867141,0.3490034115201812,1k-2.5k,eligible,0.0,0.0,0.0
325401,Beyond the Rift: A Perdition's Mouth Card Game,2022.0,157,7.750984215184791,7.358656197079515,0.3923280181052755,7.41309896454089,0.3378852506439012,0.095246860532917,7.564300368540273,0.205644171460758,100-199,eligible,0.0,1.0,0.0
326112,Das perfekte Wort,2021.0,149,7.5160193962973665,6.863268631852016,0.6527507644453507,6.8939084209798605,0.622110975317506,0.0977703931694625,7.32438942568522,0.4611207938332041,100-199,eligible,0.0,0.0,0.0
326934,Unmatched: Hell's Kitchen,2022.0,1133,8.351246146044652,7.419073519796106,0.932172626248546,7.445792052372658,0.9054540936719936,0.0354556572915693,8.281753057753177,0.8626795379570701,1k-2.5k,eligible,0.0,0.0,0.0
326936,Unmatched: Teen Spirit,2023.0,521,7.930786109192984,7.311714792936089,0.6190713162568953,7.336307215192939,0.5944788940000452,0.0522855443903949,7.8283064421878095,0.5165916492517211,500-999,eligible,0.0,0.0,0.0
326937,Unmatched: For King and Country,2023.0,633,8.268201648435118,7.521276354433116,0.7469252940020024,7.532492693542473,0.7357089548926457,0.0474349711565165,8.175229104968347,0.6539527505352298,500-999,eligible,0.0,0.0,0.0
327056,Unlock! Kids: Detective Stories,2021.0,1008,7.986380247988464,7.330497362319367,0.6558828856690972,7.340295158012607,0.6460850899758572,0.0375898185896574,7.912704203552735,0.5822068412333687,1k-2.5k,eligible,0.0,1.0,0.0
337255,Bug Council of Backyardia,2022.0,188,7.77181029959636,7.2046566672501005,0.5671536323462592,7.203292109906865,0.5685181896894944,0.0870405388951028,7.601210843361958,0.3965541761118576,100-199,eligible,0.0,0.0,0.0
338322,Epic Spell Wars of the Battle Wizards: Annihilageddon 2 – Xtreme Nacho Legends,2022.0,227,7.953203093753127,7.361267741259464,0.591935352493663,7.378136077153027,0.5750670166001006,0.0792113777619322,7.7979487933397404,0.4366810520802758,200-499,eligible,0.0,0.0,0.0
338697,CATAN: 3D Edition,2021.0,341,8.028776451197873,7.101023462083566,0.9277529891143068,7.294464461694638,0.7343119895032348,0.0646283854294272,7.902104815756195,0.8010813536726293,200-499,eligible,0.0,0.0,0.0
343990,Not Enough Mana,2022.0,134,7.5427456136616495,6.758682035246686,0.7840635784149637,6.693365173415815,0.8493804402458345,0.103097491077084,7.340674531150565,0.581992495903879,100-199,eligible,0.0,0.0,0.0
356080,The Elder Scrolls: Betrayal of the Second Era,2025.0,205,9.09393464090596,8.428264490642063,0.6656701502638978,8.515449585249396,0.5784850556565644,0.0833534471845187,8.930561884424304,0.502297393782241,200-499,eligible,0.0,1.0,0.0
356314,Exit: The Game – Advent Calendar: The Silent Storm,2022.0,603,8.231065476322518,7.556436645957806,0.6746288303647123,7.575967321358068,0.6550981549644508,0.0486006233759504,8.135808254505655,0.5793716085478494,500-999,eligible,0.0,1.0,0.0
363625,Fateforge: Chronicles of Kaan,2024.0,405,8.61334760478483,7.782659525512653,0.8306880792721767,7.752158847703816,0.8611887570810133,0.0593024975489745,8.497114709588839,0.7144551840761867,200-499,eligible,0.0,1.0,0.0
375459,Speakeasy,2025.0,172,8.871195361049768,8.488722835936752,0.3824725251130161,8.392461504863354,0.4787338561864143,0.09099892720094,8.692837463735925,0.2041146277991736,100-199,eligible,0.0,0.0,0.0
375769,Lords of Vegas,2024.0,191,8.493834743090343,7.504576149757463,0.9892585933328792,7.537923624396637,0.955911118693706,0.0863542690109747,8.324580375828832,0.8200042260713687,100-199,eligible,0.0,0.0,0.0
376472,Noobs in Space,2023.0,657,7.579093106310956,7.214657970954351,0.3644351353566053,7.276452407684056,0.3026406986268997,0.0465605188297211,7.487834489404703,0.2731765184503518,500-999,eligible,0.0,1.0,0.0
376893,Cyberion,2023.0,546,8.229703096439072,7.54897284737255,0.6807302490665226,7.557918583046005,0.6717845133930673,0.0510745059680768,8.129597064741642,0.580624217369092,500-999,eligible,0.0,1.0,0.0
378477,Awkward Guests 2: The Berwick Cases,2023.0,265,7.901169245434249,7.407344362211585,0.4938248832226639,7.3994596951534835,0.5017095502807658,0.0733124205620359,7.757476901132659,0.3501325389210734,200-499,eligible,0.0,0.0,0.0
380619,Cyclades: Legendary Edition,2024.0,161,8.638196012262162,7.769451126508779,0.868744885753383,7.558422478563729,1.0797735336984324,0.0940562279728098,8.453845805435455,0.6843946789266757,100-199,eligible,0.0,0.0,0.0
380707,Vindication: Archive of the Ancients,2023.0,188,8.89431653362219,7.68600505398228,1.20831147963991,7.72591022532667,1.1684063082955198,0.0870405388951028,8.72371707738779,1.0377120234055086,100-199,eligible,0.0,0.0,0.0
381327,Robo Rally,2023.0,468,7.861116000649983,7.47171667810982,0.3893993225401635,7.504955716676111,0.356160283973872,0.0551667715797317,7.7529891283537085,0.2812724502438892,200-499,eligible,0.0,0.0,0.0
381591,Pax Penning,2024.0,176,8.489850602616817,7.837396693400997,0.6524539092158204,7.507665814942671,0.9821847876741464,0.089958905305302,8.313531148218425,0.4761344548174283,100-199,eligible,0.0,0.0,0.0
383701,Tricky Time Crisis,2023.0,258,7.96742987620189,7.331426850274465,0.6360030259274252,7.272551192440584,0.6948786837613055,0.0743003129276586,7.821801262863679,0.4903744125892143,200-499,eligible,0.0,0.0,0.0
416059,Gardlings,2024.0,185,7.687706572827102,7.141519259040884,0.5461873137862181,7.241300138223613,0.4464064346034888,0.0877434348755685,7.515729440470987,0.3742101814301037,100-199,eligible,0.0,0.0,0.0
418581,Bus & Stop,2024.0,354,7.50122783790763,7.105390226033675,0.3958376118739544,7.076055998211039,0.4251718396965902,0.0634306066246325,7.37690384892335,0.2715136228896746,200-499,eligible,0.0,0.0,0.0
419704,Phoenix New Horizon,2024.0,448,8.330409693797113,7.971589785058708,0.3588199087384058,7.982390851317486,0.3480188424796271,0.0563847278844861,8.21989562714352,0.248305842084813,200-499,eligible,0.0,0.0,0.0
420087,Flip 7,2024.0,1844,7.652040209711216,7.232720005826774,0.4193202038844417,7.234156591838266,0.4178836178729499,0.0277920151270898,7.59756786006212,0.3648478542353455,1k-2.5k,borderline,0.0,0.0,0.0
420862,LUZ,2024.0,135,7.89681982264237,7.282223529911448,0.6145962927309219,7.267775410328188,0.6290444123141823,0.1027149387705526,7.6954985426520865,0.4132750127406386,100-199,eligible,0.0,0.0,0.0
420876,Spotlight,2024.0,169,7.509179031553962,6.94378292988565,0.5653961016683118,6.953189040076213,0.5559899914777491,0.0918030570611688,7.3292450397140705,0.3854621098284209,100-199,eligible,0.0,1.0,0.0
421547,Disney Lorcana: Illumineer's Quest – Deep Trouble,2024.0,158,7.682621530679886,7.319478025669197,0.3631435050106892,7.353793767410288,0.3288277632695982,0.0949449679809969,7.4965293934371315,0.1770513677679351,100-199,eligible,0.0,1.0,0.0
423432,Skull Queen,2024.0,101,7.752888263455339,7.209098574153604,0.5437896893017351,7.14201884981385,0.6108694136414892,0.1187516927360825,7.520134945692617,0.3110363715390132,100-199,eligible,0.0,0.0,0.0
424975,Wilmot's Warehouse,2024.0,477,8.153891057671837,7.165508310249095,0.988382747422742,7.217011486163969,0.936879571507868,0.0546438519905886,8.046789107770284,0.8812807975211884,200-499,eligible,0.0,1.0,0.0
425560,Strange World Above the Clouds,2024.0,101,7.6612651075403,7.320278771972527,0.3409863355677736,7.276339099394658,0.3849260081456425,0.1187516927360825,7.428511789777579,0.1082330178050517,100-199,eligible,0.0,0.0,0.0
