game_id,title,year,n_obs,adj_mean,expected_Q3bFam,resid_Q3bFam,expected_Q4Fam,resid_Q4Fam,se_adj,lower_bound_adj,lower_bound_resid_Q3bFam,vol_band,hiddenness_bucket,fam_18XX,fam_Cooperative Game,fam_Legacy Game
12,Ra,1999.0,27540,8.040775564758325,7.424339622304419,0.6164359424539061,7.439195784526584,0.6015797802317415,0.007191484154628069,8.026680255815254,0.6023406335108351,25k+,exclude,0.0,0.0,0.0
2641,"Barbarian, Kingdom & Empire",1983.0,123,7.504335064481186,6.5575180179795876,0.9468170465015984,6.527989775704885,0.9763452887763009,0.10760883759820682,7.2934217427887,0.735903724809113,100-199,eligible,0.0,0.0,0.0
4688,Angola,1988.0,540,8.532192604514535,7.256964832903307,1.2752277716112275,7.340045029352485,1.1921475751620498,0.051357469385276334,8.431531964519394,1.174567131616086,500-999,eligible,0.0,0.0,0.0
5243,Montage,1973.0,209,7.713078492508855,6.339803739090195,1.3732747534186602,6.375464892309971,1.3376136001988845,0.08255195311523299,7.551276664402999,1.2114729253128036,200-499,eligible,0.0,0.0,0.0
5369,Hordes of the Things,1991.0,253,7.5083972175308284,6.681739451002565,0.8266577665282631,6.651410485561234,0.8569867319695943,0.07503091371580374,7.361336626647853,0.6795971756452878,200-499,eligible,0.0,0.0,0.0
5452,"DAK: The Campaign in North Africa, 1940-1942",1997.0,196,8.401652134454874,7.592897207498757,0.8087549269561176,7.658004838605038,0.7436472958498364,0.08524569584251393,8.234570570603546,0.6416733631047903,100-199,eligible,0.0,0.0,0.0
5686,Stargrunt II,1996.0,145,7.625455827965627,6.8507555711331065,0.7747002568325208,6.809885272842305,0.8155705551233225,0.09910977603390549,7.431200666939173,0.5804450958060661,100-199,eligible,0.0,0.0,0.0
8045,Princes of the Renaissance,2003.0,2339,7.864250860940865,7.349963528559249,0.514287332381616,7.376164988223797,0.4880858727170674,0.024676603612297825,7.815884717860761,0.4659211893015122,1k-2.5k,borderline,0.0,0.0,0.0
12355,Brigade Fire and Fury: Wargaming the Civil War with Miniatures,1990.0,174,7.863286095732696,6.85448405313198,1.008802042600716,6.912431034008371,0.950855061724325,0.09047443333842489,7.685956206389383,0.8314721532574032,100-199,eligible,0.0,0.0,0.0
12608,Chess960,1996.0,158,8.110360596352983,6.8773613229811446,1.2329992733718385,6.886580533291072,1.223780063061911,0.09494496798099698,7.924268459110229,1.0469071361290845,100-199,eligible,0.0,0.0,0.0
12897,La Bataille de Ligny,1991.0,217,7.976467959678571,7.507374858079409,0.46909310159916195,7.514518430630144,0.461949529048427,0.08101596865112519,7.817676661122365,0.3103018030429566,200-499,eligible,0.0,0.0,0.0
22766,Die Siedler von Catan: Das Kartenspiel – 10th Anniversary Special Edition Tin Box,2006.0,395,7.634883303726444,6.679174518754236,0.9557087849722086,6.714418222165264,0.9204650815611801,0.06004847023834176,7.517188302059294,0.8380137833050587,200-499,eligible,0.0,0.0,0.0
23604,The World Cup Game,2006.0,741,7.527375316005767,6.540834485851095,0.9865408301546719,6.574862492679202,0.9525128233265647,0.04384210439530261,7.441444791390974,0.9006103055398788,500-999,eligible,0.0,0.0,0.0
30645,Tammany Hall,2007.0,4375,7.773017390778109,7.275112712103322,0.4979046786747867,7.311037237772469,0.46198015300563977,0.01804311292303556,7.73765288944896,0.462540177345637,2.5k-5k,exclude,0.0,0.0,0.0
31627,Ticket to Ride: Nordic Countries,2007.0,14132,7.858752074705099,7.257429497407639,0.6013225772974602,7.355501927865818,0.5032501468392807,0.010039190179658838,7.839075261952968,0.5816457645453289,10k-25k,exclude,0.0,0.0,0.0
41006,Ordo,2009.0,109,7.683836580063044,6.884445663353091,0.7993909167099531,6.883048583088938,0.8007879969741065,0.11431079545189816,7.459787420977324,0.5753417576242327,100-199,eligible,0.0,0.0,0.0
62230,Wild Blue Yonder,2017.0,303,8.031898303663032,7.481866197844473,0.5500321058185591,7.348751393820285,0.6831469098427476,0.06856132176790099,7.897518112997947,0.41565191515347316,200-499,eligible,0.0,0.0,0.0
62972,The Barbarossa Campaign,2010.0,227,8.058188629726226,7.543536543088784,0.514652086637442,7.507282006592412,0.5509066231338142,0.07921137776193223,7.902934329312839,0.3593977862240548,200-499,eligible,0.0,0.0,0.0
63170,1817,2010.0,764,9.360258130891463,8.707875013351014,0.6523831175404489,8.688787913470843,0.6714702174206195,0.04317713450548739,9.275630947260709,0.5677559339096936,500-999,eligible,1.0,0.0,0.0
89952,Carcassonne: 10 Year Special Edition,2011.0,1698,7.720648580902868,6.854997606724464,0.8656509741784042,6.893759302809178,0.8268892780936898,0.028962206978001875,7.663882655225984,0.8088850485015205,1k-2.5k,eligible,0.0,0.0,0.0
92828,Dixit: Odyssey,2011.0,21146,7.588442463506621,6.751055751519846,0.8373867119867748,6.780721679227154,0.8077207842794669,0.008207036821277372,7.572356671336918,0.8213009198170712,10k-25k,exclude,0.0,0.0,0.0
94373,Dien Bien Phu: The Final Gamble,2014.0,256,8.682484796881457,7.56571975988107,1.1167650370003877,7.593166844994515,1.089317951886942,0.07458998386219969,8.536288428511545,0.9705686686304763,200-499,eligible,0.0,0.0,0.0
102151,Colorado Midland,2011.0,149,7.728605550899646,6.623875188699579,1.1047303622000673,6.760107650177154,0.9684979007224914,0.09777039316946254,7.536975580287499,0.9131003915879207,100-199,eligible,0.0,0.0,0.0
119637,Zug um Zug: Deutschland,2012.0,910,7.773935741652534,6.710767222131876,1.0631685195206577,6.762070499717522,1.0118652419350118,0.03956214220602658,7.696393942928721,0.9856267207968457,500-999,eligible,0.0,0.0,0.0
127493,Bolt Action,2012.0,637,7.936375748443059,7.522204271601931,0.414171476841128,7.614931972253663,0.3214437761893958,0.04728580421119867,7.843695572189109,0.32149130058717856,500-999,eligible,0.0,0.0,0.0
128271,Ginkgopolis,2012.0,8277,7.996824305093476,7.451262398096404,0.5455619069970723,7.46071923063624,0.536105074457236,0.013117891010063802,7.971113238713751,0.5198508406173472,5k-10k,exclude,0.0,0.0,0.0
131111,Codex: Card-Time Strategy – Deluxe Set,2016.0,1055,8.372303457816434,7.83066086693052,0.5416425908859139,7.858466400833262,0.5138370569831725,0.03674297066340358,8.300287235316164,0.4696263683856429,1k-2.5k,eligible,0.0,0.0,0.0
139131,Hoplomachus: Rise of Rome,2013.0,389,8.212705736298304,7.167597835453902,1.0451079008444015,7.340547537817626,0.8721581984806779,0.06050979689307838,8.09410653438787,0.9265086989339679,200-499,eligible,0.0,1.0,0.0
146207,Dead Man's Hand,2013.0,136,7.9825298601065695,6.881517137707325,1.1010127223992443,6.951926856172225,1.0306030039343446,0.1023366135853585,7.781950097479267,0.9004329597719416,100-199,eligible,0.0,0.0,0.0
146652,Legendary Encounters: An Alien Deck Building Game,2014.0,12921,7.993580322885686,7.347550271553091,0.6460300513325947,7.449867267527104,0.543713055358582,0.010499108712033248,7.973002069810101,0.6254517982570096,10k-25k,exclude,0.0,1.0,0.0
151771,La Cosa Nostra,2014.0,1784,7.898957527390872,7.3705981381547545,0.5283593892361171,7.333725578883952,0.5652319485069199,0.028255504814036964,7.84357673795536,0.4729785998006047,1k-2.5k,borderline,0.0,0.0,0.0
152765,Thunderstone Advance: Worlds Collide,2014.0,803,7.957738538132572,7.135434080822746,0.8223044573098264,7.230830584515951,0.726907953616621,0.04211557390976252,7.875192013269437,0.7397579324466919,500-999,eligible,0.0,0.0,0.0
165556,Nyakuza,2014.0,607,7.501128658328248,6.956928782072795,0.544199876255453,6.990003139344102,0.5111255189841462,0.04844022484150462,7.4061858176388995,0.4492570355661039,500-999,eligible,0.0,0.0,0.0
170472,Prelude to Rebellion: Mobilization & Unrest in Lower Canada 1834-1837,2018.0,102,8.358057091683177,7.45000519093694,0.9080519007462371,7.363868089773224,0.9941890019099535,0.1181681428029229,8.126447531789449,0.6764423408525082,100-199,eligible,0.0,0.0,0.0
170669,Old School Tactical: Volume 1 – Fighting on the Eastern Front 1941/42,2016.0,208,8.111176398462657,7.687350395296473,0.4238260031661838,7.749829756835503,0.36134664162715424,0.08275015736959768,7.948986090018246,0.2616356947217724,200-499,eligible,0.0,0.0,0.0
174298,Napoleon's Last Gamble: Battles of the Hundred Days,2016.0,151,8.524707498575438,7.383662454411084,1.141045044164354,7.527553167673572,0.997154330901866,0.09712074881117622,8.334350830905533,0.9506883764944487,100-199,eligible,0.0,0.0,0.0
173634,The Red Dragon Inn 5: The Character Trove,2015.0,877,7.542725905817354,6.707524194755006,0.8352017110623482,6.610322530938442,0.9324033748789127,0.040299596627821066,7.463738696426825,0.7562145016718189,500-999,eligible,0.0,0.0,0.0
176530,Xenon Profiteer,2015.0,1051,7.707905753841328,7.05232663211844,0.6555791217228881,7.296218529078548,0.4116872247627805,0.036812824282856614,7.635752618246929,0.5834259861284892,1k-2.5k,eligible,0.0,0.0,0.0
177014,Giga-Robo!,2020.0,140,8.219250455160834,7.710533081701653,0.5087173734591808,7.573715649598077,0.6455348055627574,0.10086406755403113,8.021556882754933,0.31102380105327976,100-199,eligible,0.0,0.0,0.0
177354,Frostgrave,2015.0,758,8.102334103413853,7.5060734309833705,0.596260672430482,7.4974950788588455,0.604839024555007,0.04334768342947621,8.01737264389208,0.5112992129087086,500-999,eligible,0.0,0.0,0.0
182631,Star Realms: Colony Wars,2015.0,8214,8.015769108961521,7.287230311159913,0.7285387978016082,7.352223882714263,0.6635452262472583,0.013168100928635742,7.989959631141395,0.7027293199814821,5k-10k,exclude,0.0,0.0,0.0
182770,DC Comics Dice Masters: World's Finest,2016.0,401,7.524307461362925,6.989150151682701,0.5351573096802245,7.08174037930309,0.44256708205983486,0.05959753667138609,7.407496289487009,0.41834613780430774,200-499,eligible,0.0,0.0,0.0
185380,"Exceed: Red Horizon – Satoshi, Mei Lien, Morathi, and Baelkhor",2016.0,118,8.16846568283193,6.864378156926048,1.3040875259058833,6.840636397647758,1.3278292851841726,0.10986503342877853,7.953130217311525,1.0887520603854774,100-199,eligible,0.0,0.0,0.0
185381,"Exceed: Red Horizon – Alice, Zoey, Gabrek, and Ulrik",2016.0,121,8.0777546311927,6.7343070334854644,1.343447597707236,6.718867570438412,1.358887060754288,0.10849452198138136,7.865105368109193,1.1307983346237285,100-199,eligible,0.0,0.0,0.0
201856,Last Will,2016.0,236,7.518194204840359,6.776141612160199,0.7420525926801602,6.721723971751544,0.7964702330888151,0.07768631015277604,7.365929036940918,0.5897874247807192,200-499,eligible,0.0,0.0,0.0
222291,Ivion: The Herocrafting Card Game,2018.0,106,8.162602101902847,7.072522786418373,1.0900793154844735,7.007486330736658,1.155115771166189,0.11591711487809765,7.9354045567417755,0.8628817703234021,100-199,eligible,0.0,0.0,0.0
228602,Valor & Villainy: Minions of Mordak,2020.0,666,7.6228932850164615,7.211273797674753,0.4116194873417083,7.28072328625816,0.3421699987583011,0.04624485065557493,7.532253377731535,0.3209795800567814,500-999,eligible,0.0,0.0,0.0
228668,Dungeons & Dragons: Tomb of Annihilation Board Game,2017.0,716,7.556294265412315,7.116658053719609,0.4396362116927053,7.1801191506046695,0.3761751148076451,0.044600937205126895,7.468876428490266,0.35221837477065654,500-999,eligible,0.0,1.0,0.0
233502,Katarenga,2017.0,226,7.512694998077076,7.037916959158936,0.4747780389181395,6.98515471339528,0.5275402846817956,0.07938643074396462,7.357097593818906,0.3191806346599689,200-499,eligible,0.0,0.0,0.0
234248,Voodoo Prince,2017.0,1073,7.707532272604833,6.9704665905496395,0.737065682055194,6.92084042857557,0.7866918440292636,0.03643347826628488,7.636122655202915,0.6656560646532756,1k-2.5k,eligible,0.0,0.0,0.0
243430,Dealt!,2018.0,1815,7.511365131063757,6.999084279358062,0.5122808517056949,7.0131912337988975,0.4981738972648593,0.028013165119241634,7.456459327430043,0.4573750480719813,1k-2.5k,borderline,0.0,0.0,0.0
262498,Puzzle Dungeon,2019.0,237,7.799537873504797,7.12821590111103,0.6713219723937671,6.970698881555107,0.8288389919496906,0.07752224173277646,7.647594279708556,0.5193783785975252,200-499,eligible,0.0,0.0,0.0
264476,Rangers of Shadow Deep,2018.0,486,8.502137496477564,7.43155519114875,1.0705823053288146,7.416563872451684,1.08557362402588,0.05413552603994694,8.396031865439268,0.9644766742905186,200-499,eligible,0.0,1.0,0.0
264637,Yokohama Duel,2018.0,544,8.00677088192449,7.362847802551727,0.6439230793727635,7.254405481465728,0.7523654004587623,0.05116830679267925,7.906481000610839,0.5436331980591121,500-999,eligible,0.0,0.0,0.0
265755,Exceed: Street Fighter – Chun-Li Box,2019.0,127,8.565142783813933,7.404713657814041,1.160429125999892,7.384050507612894,1.1810922762010385,0.10590065234778524,8.357577505212273,0.9528638473982329,100-199,eligible,0.0,0.0,0.0
276925,Warhammer Age of Sigmar: Warcry Starter Set,2019.0,569,8.286980439595279,7.669055104289312,0.6179253353059675,7.634594647300499,0.6523857922947798,0.05003159664738309,8.188918510166408,0.5198634058770967,500-999,eligible,0.0,0.0,0.0
279056,Pompiers!,2019.0,111,7.798858631811304,6.772613538310939,1.026245093500365,6.778093670614865,1.0207649611964387,0.11327628733737072,7.576837108630057,0.8042235703191185,100-199,eligible,0.0,0.0,0.0
281526,The Isofarian Guard,2023.0,1009,8.779464167930257,8.241346793755692,0.5381173741745648,8.3569083292332,0.4225558386970576,0.037571186708170924,8.705824641982241,0.4644778482265498,1k-2.5k,eligible,0.0,1.0,0.0
282255,Inflation!,2019.0,245,7.7402857580166256,6.86692644373313,0.8733593142834959,6.872741159729642,0.8675445982869832,0.07624606827725293,7.59084346419321,0.7239170204600802,200-499,eligible,0.0,0.0,0.0
282418,Toy Story: Obstacles & Adventures,2019.0,587,7.5171186564967485,7.106696449105394,0.4104222073913544,7.205037928986499,0.3120807275102493,0.04925852977088746,7.420571938145809,0.31387548904041496,500-999,eligible,0.0,1.0,0.0
291453,SCOUT,2019.0,19694,8.182653634123604,7.492548647108208,0.6901049870153955,7.502789776507798,0.6798638576158051,0.008504201248775102,8.165985399676005,0.6734367525677962,10k-25k,exclude,0.0,0.0,0.0
302926,Silver Coin,2020.0,367,7.685376237476958,7.080617386464125,0.604758851012833,6.96223337763195,0.7231428598450078,0.062297047425807,7.563274024522376,0.48265663805825126,200-499,eligible,0.0,0.0,0.0
320858,Sakura Arms: Saine Box,2022.0,117,8.656027635699425,8.064317481296378,0.5917101544030476,8.005872762939452,0.6501548727599733,0.11033354315946356,8.439773891106876,0.3754564098104991,100-199,eligible,0.0,0.0,0.0
320859,Sakura Arms: Yatsuha Box,2022.0,114,8.729824284983446,7.983370173813929,0.7464541111695162,7.9300922327405665,0.799732052242879,0.11177587291431,8.510743574071398,0.5273734002574686,100-199,eligible,0.0,0.0,0.0
320879,Dual Gauge,2020.0,271,7.92231589455092,7.493523839529923,0.42879205502099715,7.679848228620516,0.2424676659304037,0.07249630140193415,7.780223143803129,0.2866993042732062,200-499,eligible,0.0,0.0,0.0
321044,Dungeon Fighter in the Catacombs of Gloomy Ghosts,2022.0,113,8.025192627253691,6.9965987250259225,1.0285939022277688,6.996288194674273,1.0289044325794183,0.1122693670265072,7.805144667881737,0.8085459428558147,100-199,eligible,0.0,1.0,0.0
322010,Enchanted Plumes,2021.0,564,7.617420047752287,7.0767894944930845,0.5406305532592022,7.048625979761667,0.5687940679906198,0.05025287856149769,7.5189244057717515,0.4421349112786667,500-999,eligible,0.0,0.0,0.0
322076,On the Underground: Paris / New York,2024.0,156,8.04015316409941,7.592119678814315,0.44803348528509446,7.6821070140060606,0.35804615009334917,0.09555165126564223,7.852871927618751,0.2607522488044357,100-199,eligible,0.0,0.0,0.0
322283,Stargrave: Science Fiction Wargames in the Ravaged Galaxy,2021.0,160,8.195071400494696,7.645955249241817,0.5491161512528784,7.6665976596061345,0.5284737408885611,0.0943496958559016,8.010145996617128,0.36419074737531126,100-199,eligible,0.0,0.0,0.0
322616,Comic Hunters,2020.0,1454,8.001564799025207,7.518774269430613,0.48279052959459356,7.476760758339369,0.5248040406858383,0.03129812297214031,7.940220477999812,0.42144620856919857,1k-2.5k,eligible,0.0,0.0,0.0
331946,Faux Diamonds,2021.0,110,7.667747524091192,6.944367539170251,0.7233799849209408,6.949928539811493,0.7178189842796989,0.11379001463206377,7.444719095412347,0.5003515562420958,100-199,eligible,0.0,0.0,0.0
332230,Unlock!: Heroic Adventures – Insert Coin,2018.0,229,7.9861799801884565,6.8592425848567355,1.126937395331721,6.846339970283699,1.1398400099047574,0.07886471799005844,7.831605132927942,0.9723625480712065,200-499,eligible,0.0,1.0,0.0
332606,Hidden Games Tatort: Ein Drahtseilakt,2021.0,149,8.102740207134847,7.15016174784401,0.9525784592908373,7.199559760248633,0.9031804468862141,0.09777039316946254,7.9111102365227,0.7609484886786907,100-199,eligible,0.0,1.0,0.0
340216,Heredity: The Book of Swan,2023.0,176,8.627492692999917,7.3819375545997925,1.2455551384001247,7.482639115981051,1.144853577018866,0.08995890530530207,8.451173238601525,1.0692356840017325,100-199,eligible,0.0,1.0,0.0
341008,Unlock!: Heroic Adventures – Sherlock Holmes: Der scharlachrote Faden,2018.0,181,7.6557094137021835,6.761561863689884,0.8941475500122991,6.741763557784244,0.9139458559179392,0.0887076773975098,7.481842366003065,0.7202805023131799,100-199,eligible,0.0,1.0,0.0
341362,Reapers,2021.0,100,7.584543534119239,6.971882353267343,0.6126611808518954,7.014096452994467,0.5704470811247715,0.1193439741795195,7.3506293447273805,0.37874699146003715,100-199,eligible,0.0,0.0,0.0
351648,Dragons Down,2024.0,193,8.621911868121755,8.029713178260204,0.5921986898615508,8.106763580207838,0.5151482879139166,0.08590567237136365,8.453536750273882,0.42382357201367804,100-199,eligible,0.0,1.0,0.0
351666,Vidrasso,2021.0,112,7.7570813983950515,7.1242565083545255,0.632824890040526,7.111225226019441,0.6458561723756109,0.11276945576897227,7.536053265087866,0.4117967567333404,100-199,eligible,0.0,0.0,0.0
352687,"Escape Room: The Game – Puzzle Adventures: The Baron, The Witch & The Thief",2021.0,143,7.741378266575563,7.067385371315471,0.673992895260092,7.078177131456897,0.6632011351186655,0.09980044485011572,7.545769394669335,0.4783840233538652,100-199,eligible,0.0,1.0,0.0
354544,Unmatched: Houdini vs. The Genie,2022.0,1394,8.36619163238591,7.773290694249299,0.5929009381366104,7.767859988573628,0.5983316438122817,0.031964587845132134,8.303541040209451,0.5302503459601514,1k-2.5k,eligible,0.0,0.0,0.0
365717,Clank!: Catacombs,2022.0,8014,8.582546168901787,8.004088512463444,0.5784576564383439,8.030672862576594,0.5518733063251933,0.013331402070674158,8.556416620843265,0.5523281083798226,5k-10k,exclude,0.0,0.0,0.0
366023,Marvel Zombies: Heroes' Resistance,2022.0,804,7.877697100830761,7.276103221705485,0.601593879125276,7.358581647027069,0.5191154538036917,0.042089374483332914,7.795201926843428,0.5190987051379434,500-999,eligible,0.0,1.0,0.0
366577,Bestiary of Sigillum: Collector's Edition,2023.0,120,8.102168537819345,7.651157890568195,0.4510106472511506,7.740824905580249,0.3613436322390964,0.10894564460072821,7.888635074401918,0.2374771838337233,100-199,eligible,0.0,0.0,0.0
366748,Northgard: Uncharted Lands – Warchief Collector Edition,2022.0,232,8.356568570121166,7.560526346094811,0.7960422240263547,7.570011232607394,0.7865573375137718,0.07835315766407769,8.202996381099574,0.6424700350047625,200-499,eligible,0.0,0.0,0.0
410382,That Escalated Quickly,2024.0,230,7.54455810485969,6.943665475653745,0.6008926292059451,6.938449090118871,0.6061090147408192,0.07869308619142615,7.390319655924495,0.4466541802707499,200-499,eligible,0.0,1.0,0.0
411003,Disney Villainous: Sugar and Spite,2024.0,192,7.63262362507438,7.125336985875771,0.5072866391986093,7.076835400066228,0.5557882250081523,0.08612909452338166,7.463810599808553,0.3384736139327812,100-199,eligible,0.0,0.0,0.0
412865,Foundations of Metropolis,2024.0,866,8.139402111860745,7.6504596272044765,0.48894248465626866,7.69179229030895,0.4476098215517954,0.04055473331322061,8.059914834566833,0.40945520736235624,500-999,eligible,0.0,0.0,0.0
415945,Unmatched: Slings and Arrows,2024.0,440,8.6899613146951,7.697007343466883,0.9929539712282178,7.730364966381835,0.9595963483132657,0.056895007316031886,8.578447100355678,0.8814397568887953,200-499,eligible,0.0,0.0,0.0
397598,Dune: Imperium – Uprising,2023.0,8869,9.050338662689258,8.269012683492166,0.7813259791970921,8.355349141716891,0.6949895209723671,0.012672525342501401,9.025500513017956,0.7564878295257894,5k-10k,exclude,0.0,0.0,0.0
16,MarraCash,1996.0,1169,7.5291775747655665,6.661673437221985,0.8675041375435812,6.743980338833019,0.7851972359325474,0.0349054499177046,7.460762892926866,0.7990894557048802,1k-2.5k,eligible,0.0,0.0,0.0
93,El Grande,1995.0,29933,8.126980516418769,7.592748294482915,0.534232221935854,7.618139375382569,0.5088411410361999,0.006898034672797362,8.113460368460085,0.5207120739771711,25k+,exclude,0.0,0.0,0.0
313,Big Boss,1994.0,917,7.675939556188903,6.501926896192344,1.1740126599965581,6.5651695852071885,1.110769970981714,0.039410852389123424,7.5986942855062205,1.0967673893138763,500-999,eligible,0.0,0.0,0.0
372,Schotten Totten,1999.0,12185,7.629136427904309,7.106239994662683,0.5228964332416259,7.062876601431615,0.5662598264726943,0.010811544223363131,7.607945801226517,0.5017058065638342,10k-25k,exclude,0.0,0.0,0.0
384,TurfMaster,1998.0,1030,7.683046583267463,6.5595485754305525,1.1234980078369103,6.261343322302098,1.4217032609653648,0.037186207085086444,7.610161617380693,1.050613041950141,1k-2.5k,eligible,0.0,0.0,0.0
1301,Netrunner,1996.0,2392,7.784744772061744,7.0151246406376835,0.7696201314240607,7.020487248433064,0.7642575236286806,0.02440169014939812,7.736917459368924,0.7217928187312403,1k-2.5k,borderline,0.0,0.0,0.0
2470,The Extraordinary Adventures of Baron Munchausen,1998.0,379,7.54142635668983,5.865516804987347,1.6759095517024827,5.937250728091978,1.6041756285978517,0.061302881803420736,7.421272708355126,1.5557559033677781,200-499,eligible,0.0,0.0,0.0
4079,What's My Word?,1972.0,375,7.512861846020476,6.191110763935987,1.3217510820844893,6.2042611091242,1.3086007368962758,0.061628963262331596,7.392069078026306,1.2009583140903195,200-499,eligible,0.0,0.0,0.0
4206,Roads to Gettysburg,1993.0,338,8.134801591793423,7.292098015475704,0.8427035763177191,7.317916640942414,0.8168849508510085,0.06491456418160806,8.00756904599747,0.7154710305217673,200-499,eligible,0.0,0.0,0.0
4292,The Sword and the Flame,1979.0,116,7.6092559823801285,6.499031969711913,1.1102240126682155,6.556410161029595,1.0528458213505338,0.1108080982232961,7.392072109862468,0.8930401401505551,100-199,eligible,0.0,0.0,0.0
4385,A Gamut of Games,1969.0,434,8.074748244439382,6.12181244085644,1.9529358035829425,6.1159858294847,1.9587624149546823,0.05728694081760737,7.962465840436872,1.840653399580432,200-499,eligible,0.0,0.0,0.0
6927,Hornet Leader: Strike Fighter Operations,1991.0,307,7.574977762072288,6.956054017871908,0.6189237442003792,6.885067492222488,0.6899102698497996,0.06811320375224417,7.441475882717889,0.48542186484598066,200-499,eligible,0.0,1.0,0.0
7662,Bar-Lev: The Yom-Kippur War of 1973,1974.0,115,7.679248551361279,6.754042747761092,0.9252058036001864,6.879206330124871,0.8000422212364073,0.11128882975690979,7.461122445037735,0.7070796972766433,100-199,eligible,0.0,0.0,0.0
7858,Ardennes '44: The Battle of the Bulge,2003.0,801,8.321685514894092,7.806026143454417,0.5156593714396749,7.87014465163031,0.45154086326378184,0.04216811987394148,8.239035999941168,0.4330098564867496,500-999,eligible,0.0,0.0,0.0
7935,1844: Schweiz,2003.0,212,8.943775536007132,8.045227384204917,0.8985481518022151,8.045882964109396,0.8978925718977369,0.0819657779858829,8.783122611154802,0.7378952269498846,200-499,eligible,1.0,0.0,0.0
9963,Santorini,2004.0,380,7.687820440284095,6.597742660037348,1.0900777802467472,6.594326698711187,1.0934937415729076,0.0612221669799983,7.567824993003298,0.9700823329659505,200-499,eligible,0.0,0.0,0.0
10226,"Thunder at the Crossroads: The Battle of Gettysburg, July 1-3, 1863  (Second Edition)",1993.0,204,8.006943232984549,7.28674867263774,0.7201945603468083,7.4403373470242435,0.5666058859603051,0.0835574950961671,7.843170542596061,0.5564218699583208,200-499,eligible,0.0,0.0,0.0
10431,Epic Armageddon,2003.0,264,7.739873230407917,7.088691815175968,0.6511814152319486,7.001880098662486,0.7379931317454309,0.0734511386057802,7.595908998740588,0.5072171835646194,200-499,eligible,0.0,0.0,0.0
17863,The Western Front: 1914 to 1918,2004.0,133,8.018629143082904,7.3026492860371945,0.7159798570457099,7.419654086359053,0.5989750567238517,0.10348434981369051,7.815799817448071,0.5131505314108765,100-199,eligible,0.0,0.0,0.0
25900,Kingdom of Heaven: The Crusader States 1097-1291,2012.0,335,8.025060034856406,7.564709694637365,0.46035034021904053,7.581379772416447,0.4436802624399583,0.06520457857049432,7.897259060858237,0.33254936622087167,200-499,eligible,0.0,0.0,0.0
32424,1848: Australia,2007.0,577,8.654277629694453,8.176348879324,0.4779287503704541,8.180480864720964,0.4737967649734891,0.049683546532099006,8.55689787849154,0.3805489991675401,500-999,eligible,1.0,0.0,0.0
32928,Mü and Lots More,2007.0,852,7.883644317423068,6.820139831810259,1.0635044856128086,6.862863412749725,1.0207809046733427,0.040886571846877606,7.8035066366031876,0.9833668047929285,500-999,eligible,0.0,0.0,0.0
35614,Where There Is Discord: War in the South Atlantic,2009.0,408,8.092738575263006,7.428012762144025,0.6647258131189808,7.455401834583151,0.6373367406798547,0.05908407140146145,7.976933795316142,0.5489210331721164,200-499,eligible,0.0,0.0,0.0
37919,Ascending Empires,2011.0,2050,7.581653563485185,7.1537190491842395,0.4279345143009454,7.130082579220007,0.45157098426517805,0.026358674392962838,7.529990561674977,0.37627151249073826,1k-2.5k,borderline,0.0,0.0,0.0
57141,"Codeword Cromwell: The German Invasion of England, 8 June 1940",2014.0,136,8.201727887811241,7.362543957709596,0.8391839301016457,7.272297094072524,0.9294307937387174,0.1023366135853585,8.001148125183938,0.638604167474343,100-199,eligible,0.0,0.0,0.0
84465,Ottoman Sunset: The Great War in the Near East,2010.0,701,7.51292335843262,7.069085059425699,0.44383829900692096,7.129387719774808,0.38353563865781215,0.045075596943300024,7.424575188423752,0.3554901289980529,500-999,eligible,0.0,0.0,0.0
90942,Mixtour,2012.0,159,7.7790354639485635,6.572384113991083,1.2066513499574807,6.595204298983122,1.1838311649654418,0.09464592796897318,7.593529445129376,1.0211453311382932,100-199,eligible,0.0,0.0,0.0
122294,Ascension: Immortal Heroes,2012.0,1661,7.617165878976864,6.945822841786876,0.6713430371899873,7.054730295013311,0.5624355839635529,0.02928300756045698,7.559771184158368,0.6139483423714917,1k-2.5k,eligible,0.0,0.0,0.0
125752,Race! Formula 90,2013.0,855,8.227258408829297,7.550215920784133,0.6770424880451635,7.67966529168244,0.5475931171468567,0.04081477798666553,8.147261443975433,0.5970455231912991,500-999,eligible,0.0,0.0,0.0
126100,Mythos Tales,2016.0,2406,7.660636958039266,7.068305843295098,0.5923311147441677,7.1100863551732605,0.5505506028660054,0.02433059246195076,7.612948996813842,0.5446431535187441,1k-2.5k,borderline,0.0,1.0,0.0
128721,Crisis,2016.0,2061,7.939678475838292,7.52193444070889,0.4177440351294024,7.474042857243868,0.46563561859442437,0.026288239330019482,7.888153526751454,0.3662190860425642,1k-2.5k,borderline,0.0,0.0,0.0
135508,The Mushroom Eaters,2013.0,183,7.747835638972792,6.517909805883416,1.2299258330893759,6.597895535679413,1.1499401032933791,0.08822160427375413,7.574921294596234,1.0570114887128177,100-199,eligible,0.0,0.0,0.0
135779,A Fake Artist Goes to New York,2011.0,9128,7.515186940383214,6.864223419636016,0.6509635207471982,6.907080294288971,0.6081066460942433,0.012491445001034404,7.4907037081811865,0.6264802885451708,5k-10k,exclude,0.0,0.0,0.0
139976,Cthulhu Wars,2015.0,6072,8.185322828748763,7.76230406787894,0.42301876086982304,7.66319136255699,0.5221314661917731,0.015315621128209243,8.155304211337473,0.3930001434585329,5k-10k,exclude,0.0,0.0,0.0
144574,Last Chance for Victory: The Battle of Gettysburg,2014.0,165,8.990150177064573,7.8708013573495155,1.1193488197150572,7.952537984783849,1.037612192280724,0.09290915789079598,8.808048227598613,0.937246870249097,100-199,eligible,0.0,0.0,0.0
145588,Citrus,2013.0,1708,7.562778920592711,7.09010157093369,0.47267734965902086,7.086705047413647,0.4760738731790646,0.02887729853677985,7.506179415460623,0.41607784452693236,1k-2.5k,borderline,0.0,0.0,0.0
149910,Six Making,2013.0,246,7.607342004502621,6.623220001514715,0.9841220029879061,6.6503529515090225,0.9569890529935989,0.07609093878129396,7.4582037644912855,0.83498376297657,200-499,eligible,0.0,0.0,0.0
153113,Slaughterball,2016.0,104,7.579234827279877,6.817679512264073,0.7615553150158041,6.847389032489357,0.7318457947905204,0.11702639484059296,7.349863093392315,0.5321835811282418,100-199,eligible,0.0,0.0,0.0
153498,Kamisado Max,2014.0,155,7.6015884541196,6.477208265841908,1.1243801882776925,6.50378969047884,1.0977987636407605,0.0958593868490308,7.4137040558955,0.9364957900535922,100-199,eligible,0.0,0.0,0.0
156091,Sons of Anarchy: Men of Mayhem,2014.0,2923,7.538499505872163,7.081268009678308,0.45723149619385506,6.951765552076489,0.5867339537956733,0.02207425667679685,7.495233962785641,0.41396595310733325,2.5k-5k,exclude,0.0,0.0,0.0
162009,The U.S. Civil War,2015.0,787,8.594448102461829,8.148434917841486,0.4460131846203428,8.300366492564848,0.2940816098969812,0.04254153239806162,8.511066698961628,0.362631781120142,500-999,eligible,0.0,0.0,0.0
162388,BattleCON: Fate of Indines,2015.0,803,8.10583374267274,7.574535866995484,0.5312978756772555,7.5691390527392155,0.5366946899335243,0.04211557390976252,8.023287217809605,0.448751350814121,500-999,eligible,0.0,0.0,0.0
161617,Dungeon Lords: Happy Anniversary,2014.0,1051,8.425364276680536,7.582579740591241,0.8427845360892956,7.566209027441062,0.8591552492394747,0.036812824282856614,8.353211141086136,0.7706314004948966,1k-2.5k,eligible,0.0,0.0,0.0
172155,Ascension: Dawn of Champions,2015.0,737,7.54924970388701,6.932236652894863,0.6170130509921465,7.036805382462244,0.5124443214247654,0.04396091790420093,7.463086304794776,0.5308496518999127,500-999,eligible,0.0,0.0,0.0
176146,The Lamps are Going Out: World War I,2016.0,375,7.897041219448298,7.452895813962515,0.4441454054857834,7.362830785000231,0.5342104344480676,0.061628963262331596,7.776248451454128,0.32335263749161347,200-499,eligible,0.0,0.0,0.0
180942,A Touch of Evil: Dark Gothic – Colonial Horror,2015.0,215,7.591385215335654,6.636715173851332,0.9546700414843219,6.736637774019451,0.8547474413162028,0.08139191484034264,7.431857062248582,0.7951418883972503,200-499,eligible,0.0,0.0,0.0
197065,Valley of the Kings: Last Rites,2016.0,755,7.762494425112055,7.09507168177883,0.6674227433332254,7.161353750096447,0.6011406750156079,0.04343371927349438,7.677364335336006,0.5822926535571764,500-999,eligible,0.0,0.0,0.0
197333,Deadzone (Second Edition),2016.0,175,7.997902687747038,7.2261972867152835,0.7717054010317543,7.13042239520129,0.8674802925457481,0.09021556461517782,7.821080181101289,0.5948828943860058,100-199,eligible,0.0,0.0,0.0
198287,Legends of Andor: The Last Hope,2016.0,975,7.922664408021986,7.502210080220667,0.42045432780131886,7.343214348109953,0.5794500599120331,0.038220660506256894,7.847751913429723,0.34554183320905535,500-999,eligible,0.0,1.0,0.0
198707,Hostage Negotiator: Crime Wave,2017.0,891,7.539849145545836,7.130897251749008,0.4089518937968277,7.144359416081597,0.39548972946423877,0.039981735691245364,7.461484943590995,0.33058769184198683,500-999,eligible,0.0,0.0,0.0
210113,Tank Chess,2016.0,166,7.536318287120873,6.937033803426093,0.5992844836947802,7.012596290749492,0.5237219963713811,0.09262888829931706,7.354765666054212,0.4177318626281187,100-199,eligible,0.0,0.0,0.0
210290,Legendary: Buffy The Vampire Slayer,2017.0,1092,7.640807820637732,6.886187477047743,0.7546203435899885,7.049795529953116,0.591012290684616,0.03611512951577993,7.570022166786803,0.6838346897390599,1k-2.5k,eligible,0.0,1.0,0.0
211453,Ecogon,2015.0,123,7.5492459563005285,6.7012747854401695,0.847971170860359,6.634688160875854,0.9145577954246749,0.10760883759820682,7.338332634608043,0.6370578491678737,100-199,eligible,0.0,1.0,0.0
212662,The Red Dragon Inn 6: Villains,2017.0,411,7.672041526060949,6.829705358750999,0.8423361673099494,6.707718793656078,0.9643227324048711,0.058868041166609486,7.556660165374394,0.7269548066233948,200-499,eligible,0.0,0.0,0.0
213788,Ascension: Year Three Collector's Edition,2016.0,218,8.068199869579036,6.901221333323903,1.166978536255133,7.001340943278292,1.0668589263007444,0.08082993862686555,7.909773189870379,1.0085518565464766,200-499,eligible,0.0,0.0,0.0
209324,The World of SMOG: Rise of Moloch,2018.0,912,7.776833270779109,7.225878800421619,0.5509544703574907,7.267264784790452,0.5095684859886571,0.03951873885537717,7.69937654262257,0.4734977422009514,500-999,eligible,0.0,0.0,0.0
209418,Dominion (Second Edition),2016.0,10598,8.1266579001284,7.662225896261679,0.4644320038667207,7.731075588172342,0.3955823119560584,0.01159280520027036,8.10393600193587,0.4417101056741908,10k-25k,exclude,0.0,0.0,0.0
225694,Decrypto,2018.0,23792,8.106573094793184,7.631450537563937,0.47512255722924657,7.68722143504503,0.4193516597481537,0.007737221327293547,8.091408140991689,0.4599576034277512,10k-25k,exclude,0.0,0.0,0.0
227212,For Glory,2020.0,570,8.21297330582367,7.57640049984802,0.6365728059756499,7.810805608771538,0.40216769705213196,0.04998769001615493,8.114997433392007,0.5385969335439862,500-999,eligible,0.0,0.0,0.0
223952,Boast or Nothing,2017.0,364,7.909245967666622,6.584788598099989,1.324457369566633,6.60547318589102,1.303772781775602,0.06255323924326121,7.7866416187498295,1.201853020649841,200-499,eligible,0.0,0.0,0.0
224141,DreadBall (Second Edition),2018.0,135,8.375095139399932,7.09134990115022,1.2837452382497112,7.110207334811513,1.2648878045884189,0.10271493877055267,8.173773859409648,1.082423958259428,100-199,eligible,0.0,0.0,0.0
224149,Deadball,2017.0,172,7.871282045940592,6.79172915751969,1.0795528884209018,6.908304838360646,0.9629772075799456,0.09099892720094005,7.692924148626749,0.9011949911070594,100-199,eligible,0.0,0.0,0.0
224483,Exceed Fighting System,2016.0,586,8.434270347579723,7.354953735614261,1.0793166119654618,7.316469301625887,1.1178010459538363,0.04930054131777425,8.337641286596885,0.9826875509826243,500-999,eligible,0.0,0.0,0.0
225482,Seas of Strife,2015.0,1743,7.877373449368684,6.737501751508804,1.1398716978598804,6.763396189515543,1.113977259853141,0.028585895535698087,7.8213450941187155,1.083843342609912,1k-2.5k,borderline,0.0,0.0,0.0
238094,Mutabo,2017.0,520,7.7504606865742325,6.4856238537789235,1.264836832795309,6.5101756547746525,1.24028503179958,0.05233579480505931,7.647882528756316,1.1622586749773927,500-999,eligible,0.0,1.0,0.0
253344,Cthulhu: Death May Die,2019.0,13262,8.402802162215716,7.97990622628204,0.4228959359336759,7.963223583368755,0.4395785788469606,0.010363250214411424,8.382490191795469,0.4025839655134295,10k-25k,exclude,0.0,1.0,0.0
254239,Quatre Bras 1815: Last Eagles,2019.0,183,8.347388006185017,7.916253319124936,0.43113468706008184,8.080868642833325,0.26651936335169246,0.08822160427375413,8.17447366180846,0.2582203426835238,100-199,eligible,0.0,0.0,0.0
267333,Goetia: Nine Kings of Solomon,2021.0,314,8.052888620830666,7.577188176077074,0.47570044475359197,7.435448779493619,0.6174398413370472,0.06734970096955499,7.9208832069303385,0.3436950308532642,200-499,eligible,0.0,0.0,0.0
267609,Guards of Atlantis II,2022.0,924,8.913027205983314,8.339816638653728,0.5732105673295855,8.333587220763544,0.5794399852197696,0.03926128504732488,8.836075087290556,0.4962584486368288,500-999,eligible,0.0,0.0,0.0
274429,The Queen of Hansa,2019.0,122,7.575797895885447,6.982451888540627,0.5933460073448202,6.94919248484695,0.6266054110384971,0.10804895738021865,7.364021939420219,0.3815700508795917,100-199,eligible,0.0,0.0,0.0
283474,Star Wars: Legion – Clone Wars Core Set,2019.0,238,8.37609630176314,7.445921183888839,0.9301751178743007,7.417841231572842,0.9582550701902974,0.0773592084466779,8.22447225320765,0.778551069318812,200-499,eligible,0.0,0.0,0.0
289247,Verdun 1916: Steel Inferno,2020.0,326,8.6433834851727,7.755628967285491,0.8877545178872097,7.736233138013269,0.9071503471594315,0.06609851397715599,8.513830397777475,0.758201430491984,200-499,eligible,0.0,0.0,0.0
289850,Dwar7s Spring,2020.0,120,7.661311161487327,7.216259858585529,0.4450513029017982,7.195391208064086,0.4659199534232412,0.10894564460072821,7.4477776980699,0.23151783948437088,100-199,eligible,0.0,0.0,0.0
290357,Hanabi: Grands Feux,2019.0,520,7.815422935857852,7.275038704056923,0.5403842318009291,7.213098469784928,0.6023244660729246,0.05233579480505931,7.712844778039936,0.43780607398301286,500-999,eligible,0.0,1.0,0.0
291155,Enemy Action: Kharkov,2022.0,192,8.986175461811172,8.530683146709723,0.4554923151014485,8.594875590764175,0.3912998710469964,0.08612909452338166,8.817362436545343,0.2866792898356204,100-199,eligible,0.0,0.0,0.0
309752,The Field of the Cloth of Gold,2020.0,459,7.848384092973293,6.940129992819525,0.9082541001537683,6.812157897119928,1.0362261958533656,0.05570499673077806,7.739202299380969,0.7990723065614432,200-499,eligible,0.0,0.0,0.0
309917,Hidden Games Crime Scene: The Midnight Crown,2020.0,341,8.200197969827395,7.172898426753939,1.0272995430734557,7.225469776855162,0.9747281929722327,0.06462838542942728,8.073526334385717,0.9006279076317782,200-499,eligible,0.0,1.0,0.0
317434,Exit: The Game – Advent Calendar: The Mystery of the Ice Cave,2020.0,1023,8.187789691245294,7.2990566663980765,0.8887330248472178,7.308177643704084,0.8796120475412099,0.037313215724970726,8.114655788424352,0.8155991220262753,1k-2.5k,eligible,0.0,1.0,0.0
324150,Reign of Witches,2020.0,242,7.851684735945321,7.13480707239566,0.7168776635496616,7.233544161763968,0.6181405741813535,0.0767172122146277,7.701319000004651,0.5665119276089914,200-499,eligible,0.0,0.0,0.0
324345,Cat in the box,2020.0,910,7.663204859980142,7.254710685834651,0.40849417414549105,7.256985495376545,0.4062193646035963,0.03956214220602658,7.585663061256329,0.330952375421679,500-999,eligible,0.0,0.0,0.0
342075,Crossbows & Catapults: Fortress War,2024.0,181,7.675318534694919,7.1608668071568236,0.5144517275380958,7.1691869919437075,0.5061315427512119,0.0887076773975098,7.5014514869958,0.34058467983897656,100-199,eligible,0.0,0.0,0.0
342492,A game about WEE WHIMSICAL CREATURES and trying to identify them after someone makes noises.,2021.0,127,7.593953939297365,6.557381410190526,1.0365725291068388,6.605582137096926,0.9883718022004393,0.10590065234778524,7.386388660695706,0.8290072505051798,100-199,eligible,0.0,0.0,0.0
347218,Dickory,2021.0,160,7.999754134752189,7.0620163958741795,0.9377377388780097,7.040635919174241,0.9591182155779485,0.0943496958559016,7.8148287308746225,0.7528123350004425,100-199,eligible,0.0,0.0,0.0
347747,Mythic Mischief: Headmaster's Box,2022.0,157,8.074593038211697,7.198341036815114,0.8762520013965833,7.253394367609378,0.8211986706023193,0.09524686053291706,7.8879091915671795,0.6895681547520659,100-199,eligible,0.0,0.0,0.0
347811,Too Many Bones: Unbreakable,2023.0,849,9.131088034214466,8.426332116721625,0.7047559174928413,8.475730037405858,0.6553579968086076,0.04095874590454694,9.050808892241553,0.6244767755199293,500-999,eligible,0.0,1.0,0.0
348877,Lobotomy II: Manhunt,2022.0,281,8.231947473522569,7.6538263604406644,0.5781211130819042,7.653479972927162,0.5784675005954067,0.07119464615842558,8.092405967052054,0.43857960661139006,200-499,eligible,0.0,1.0,0.0
349523,Resident Evil: The Board Game,2023.0,326,8.120597017619167,7.676511483784747,0.4440855338344196,7.801435831060147,0.31916118655902004,0.06609851397715599,7.991043930223941,0.31453244643919387,200-499,eligible,0.0,1.0,0.0
360366,Tainted Grail: Kings of Ruin,2024.0,518,8.919952127129138,8.173690951156411,0.7462611759727267,8.06305189367595,0.856900233453187,0.05243673182227438,8.81717613275748,0.6434851816010689,500-999,eligible,0.0,1.0,0.0
362366,Junk Drawer,2023.0,351,7.666202323285754,6.990979902020253,0.6752224212655005,7.000485091599357,0.6657172316863971,0.06370110084376149,7.541348165631981,0.550368263611728,200-499,eligible,0.0,0.0,0.0
398774,Reif für die Insel,2023.0,103,7.691181444804089,7.05321212055534,0.6379693242487487,7.149396966714866,0.5417844780892231,0.11759311193156399,7.4606989454182235,0.40748682486288335,100-199,eligible,0.0,0.0,0.0
401168,nana: Christmas Edition,2022.0,100,8.160131243453613,6.6853435039208975,1.4747877395327151,6.678437494752272,1.4816937487013409,0.1193439741795195,7.9262170540617545,1.240873550140857,100-199,eligible,0.0,0.0,0.0
401177,Passo,2023.0,104,7.596594111197918,7.037582628506318,0.5590114826916004,6.922898666731157,0.6736954444667607,0.11702639484059296,7.367222377310356,0.3296397488040382,100-199,eligible,0.0,0.0,0.0
406652,Compile: Main 1,2024.0,558,8.368811111703025,7.814840129368337,0.5539709823346879,7.818808892349583,0.5500022193534413,0.050522332925021445,8.269787339169982,0.4549472098016459,500-999,eligible,0.0,0.0,0.0
407805,Caution Signs,2024.0,171,7.683736369409588,7.00608577781035,0.6776505915992379,7.020065430297629,0.6636709391119586,0.09126461806474613,7.504857718002685,0.4987719401923355,100-199,eligible,0.0,0.0,0.0
155,Was sticht?,1993.0,683,7.534872568565166,6.6352441163953735,0.8996284521697921,6.651756263774795,0.883116304790371,0.04566570260364234,7.445367791462027,0.8101236750666532,500-999,eligible,0.0,0.0,0.0
1634,Warhammer Quest,1995.0,2362,7.594514876413053,6.972105972022396,0.6224089043906567,6.992661584277201,0.6018532921358517,0.024556165358439002,7.546384792310512,0.5742788202881162,1k-2.5k,borderline,0.0,1.0,0.0
1662,"Napoléon: The Waterloo Campaign, 1815",1974.0,1343,7.707277424884571,6.95297031016154,0.7543071147230309,7.003567059860163,0.7037103650244072,0.03256585535028357,7.643448348398015,0.6904780382364751,1k-2.5k,eligible,0.0,0.0,0.0
1796,Pampas Railroads,2001.0,240,7.888392436136963,6.923607390317548,0.9647850458194149,6.977492763950057,0.9108996721869058,0.07703620407791449,7.7374014761442504,0.8137940858267025,200-499,eligible,0.0,0.0,0.0
2653,Survive: Escape from Atlantis!,1982.0,26095,7.50180384062405,6.987672887513206,0.5141309531108442,7.067527073555864,0.4342767670681864,0.0073879142367348685,7.48732352872005,0.4996506412068439,25k+,exclude,0.0,0.0,0.0
3553,Close Action: The Age of Fighting Sail Vol. 1,1997.0,369,8.098228262238123,7.189452190487996,0.9087760717501272,7.363462799821274,0.7347654624168491,0.06212799135450743,7.976457399183289,0.7870052086952927,200-499,eligible,0.0,0.0,0.0
3828,Locomotive Werks,2002.0,570,7.569011550566273,6.900598406460881,0.6684131441053918,6.9467248571427085,0.6222866934235647,0.04998769001615493,7.4710356781346094,0.570437271673728,500-999,eligible,0.0,0.0,0.0
6495,Iron Tide: Panzers in the Ardennes,2003.0,104,8.051432964985917,7.165777862320731,0.8856551026651864,7.252474494096747,0.7989584708891702,0.11702639484059296,7.822061231098355,0.6562833687776242,100-199,eligible,0.0,0.0,0.0
11269,"Roads to Leningrad: Battles of Soltsy and Staraya Russa, 1941",2004.0,261,7.812591057723592,7.341785189323151,0.4708058684004417,7.27473385037146,0.5378572073521326,0.07387206548219741,7.667801809378486,0.32601662005533477,200-499,eligible,0.0,0.0,0.0
11437,La Bataille de Lützen,1999.0,154,7.843814271003993,7.397767199197059,0.4460470718069338,7.408759501846376,0.43505476915761676,0.09617011501190885,7.655320845580651,0.25755364638359246,100-199,eligible,0.0,0.0,0.0
12071,Second Season Pro Football Game,1999.0,132,8.079682206743014,6.591765667595162,1.487916539147852,6.723187363347767,1.3564948433952466,0.1038755963880404,7.876086037822454,1.2843203702272927,100-199,eligible,0.0,0.0,0.0
12134,This Hallowed Ground,1998.0,124,8.261459988677476,7.490034962150826,0.77142502652665,7.487761598840157,0.7736983898373193,0.10717405263794114,8.051398845507112,0.5613638833562854,100-199,eligible,0.0,0.0,0.0
12166,Funkenschlag,2001.0,897,7.979448127313571,7.158253164136873,0.8211949631766977,7.276769658954349,0.7026784683592222,0.03984779315168267,7.901346452736273,0.7430932885993997,500-999,eligible,0.0,0.0,0.0
12234,"DAK2: The Campaign in North Africa, 1940-1942",2004.0,282,8.613507545883223,7.9449812775899264,0.6685262682932969,7.987910924554228,0.6255966213289952,0.07106830240995819,8.474213673159705,0.5292323955697789,200-499,eligible,0.0,0.0,0.0
13016,"White Death: Velikiye Luki, The Stalingrad of the North",1979.0,125,7.736589706848453,6.97431008194051,0.7622796249079427,6.9387960195868885,0.7977936872615645,0.1067444955881541,7.527370495495671,0.5530604135551607,100-199,eligible,0.0,0.0,0.0
21358,Savage Worlds,2003.0,173,8.245398882021961,6.9018538279674555,1.3435450540545055,6.874516889139734,1.370881992882227,0.09073554335706392,8.067557217042117,1.1657033890746602,100-199,eligible,0.0,0.0,0.0
25277,Richard III: The Wars of the Roses,2009.0,984,7.832827806466339,7.354554052003188,0.47827375446315123,7.191369657141118,0.6414581493252207,0.03804546939064698,7.758258686460671,0.40370463445748317,500-999,eligible,0.0,0.0,0.0
39019,Nothing Gained But Glory,2010.0,240,8.141866455253515,7.735608383562559,0.4062580716909565,7.841564942501648,0.3003015127518669,0.07703620407791449,7.990875495260803,0.2552671116982441,200-499,eligible,0.0,0.0,0.0
39336,Mégawatts,2008.0,441,8.14642804889953,6.884388720284633,1.2620393286148968,7.015449594643865,1.130978454255665,0.05683046389500929,8.035040339665311,1.1506516193806786,200-499,eligible,0.0,0.0,0.0
43262,Neuroshima Hex! Duel,2009.0,838,7.799905259887792,6.950058942461677,0.849846317426115,7.08297538282533,0.7169298770624621,0.04122669179191108,7.719100943975646,0.7690420015139693,500-999,eligible,0.0,0.0,0.0
66589,Navegador,2010.0,9364,8.019705636396646,7.541726678187956,0.4779789582086895,7.479523750836215,0.5401818855604308,0.012333030153780036,7.995532897295237,0.45380621910728064,5k-10k,exclude,0.0,0.0,0.0
75449,Firenze,2010.0,3294,7.700950687176687,7.216932957072835,0.48401773010385174,7.230898811028318,0.47005187614836874,0.02079403154304255,7.660194385352323,0.44326142827948833,2.5k-5k,exclude,0.0,0.0,0.0
78733,Key Market,2010.0,739,7.961771857403485,7.332146283272246,0.6296255741312384,7.060712479143177,0.9010593782603076,0.043901390567614204,7.875725131890961,0.5435788486187146,500-999,eligible,0.0,0.0,0.0
123123,BattleCON: Devastation of Indines,2013.0,3237,8.143772204451041,7.603803559212777,0.5399686452382646,7.591105198667936,0.5526670057831051,0.020976312583932354,8.102658631786534,0.49885507257375716,2.5k-5k,exclude,0.0,0.0,0.0
129165,Wings of Glory: WW1 Duel Pack,2013.0,249,7.923116268152656,7.183637966824021,0.739478301328635,7.302625394305942,0.6204908738467143,0.07563117059152864,7.77487917379326,0.5912412069692389,200-499,eligible,0.0,0.0,0.0
141067,History Maker Baseball,2013.0,207,8.227778046143344,6.730568917322557,1.4972091288207867,6.853368202732293,1.3744098434110512,0.08294979615761722,8.065196445674415,1.334627528351857,200-499,eligible,0.0,0.0,0.0
154086,Gold West,2015.0,3243,7.767881616876754,7.314776347432481,0.453105269444273,7.360942952829969,0.4069386640467849,0.02095689905586405,7.7268060947272605,0.4120297472947794,2.5k-5k,exclude,0.0,0.0,0.0
158816,Longstreet Attacks: The Second Day at Gettysburg,2018.0,186,8.628390773053367,7.810023270149577,0.81836750290379,7.819908115648088,0.8084826574052784,0.08750724754304706,8.456876567868994,0.6468532977194178,100-199,eligible,0.0,0.0,0.0
178591,Lunarchitects,2016.0,492,7.66981731128846,6.884498519515468,0.7853187917729922,6.953801702227313,0.7160156090611469,0.05380441879910341,7.564360650442217,0.6798621309267495,200-499,eligible,0.0,0.0,0.0
178754,Z War One: Damnation,2016.0,118,7.749600050956229,6.915902764873753,0.8336972860824758,6.920270402716456,0.8293296482397725,0.10986503342877853,7.534264585435823,0.6183618205620699,100-199,eligible,0.0,1.0,0.0
189190,9 Lives,2015.0,852,7.69336308968328,6.710166694618366,0.9831963950649145,6.735384630651954,0.9579784590313265,0.040886571846877606,7.6132254088634,0.9030587142450344,500-999,eligible,0.0,0.0,0.0
189932,Tyrants of the Underdark,2016.0,9452,8.313463990652801,7.648483111833217,0.6649808788195841,7.7575712850645715,0.5558927055882297,0.012275484418121907,8.289404041193283,0.6409209293600652,5k-10k,exclude,0.0,0.0,0.0
196202,Rum & Bones: Second Tide,2017.0,1556,7.8290800340145195,7.331494793480136,0.49758524053438347,7.337281130203083,0.49179890381143654,0.03025489844653919,7.769780433059303,0.43828563957916666,1k-2.5k,eligible,0.0,0.0,0.0
206150,1754: Conquest – The French and Indian War,2017.0,922,8.051588535428424,7.497109929549918,0.5544786058785061,7.426583141182254,0.6250053942461697,0.03930384471840875,7.974552999780343,0.4774430702304249,500-999,eligible,0.0,0.0,0.0
207230,"Thunder in the Ozarks: Battle for Pea Ridge, March 1862",2016.0,159,8.362664340117616,7.710199127184733,0.6524652129328832,7.723281627673904,0.6393827124437124,0.09464592796897318,8.177158321298428,0.46695919411369574,100-199,eligible,0.0,0.0,0.0
220224,Maniacal,2019.0,113,7.6939230902337234,7.145886406503603,0.5480366837301203,7.113976748241626,0.5799463419920974,0.1122693670265072,7.473875130861769,0.3279887243581662,100-199,eligible,0.0,0.0,0.0
232139,Autumn For Barbarossa,2017.0,189,7.784313327400052,7.37684588040438,0.40746744699567206,7.470576295281514,0.31373703211853776,0.08680996752611164,7.614165791048873,0.23731991064449323,100-199,eligible,0.0,0.0,0.0
232267,"Red Typhoon: The Soviet Winter Counter-Offensive, 1942",2017.0,119,7.8583956535491275,7.136923516827014,0.7214721367221131,7.1497436277844795,0.708652025764648,0.10940244175973919,7.643966867700039,0.5070433508730243,100-199,eligible,0.0,0.0,0.0
241590,Smart10,2017.0,3374,7.757835146620193,6.937220757323615,0.820614389296578,7.010548124060531,0.7472870225596626,0.020546031836183122,7.717564924221274,0.7803441668976592,2.5k-5k,exclude,0.0,0.0,0.0
249552,Ascension: Delirium,2018.0,280,7.9930499409443625,6.845732317725648,1.1473176232187141,6.938965419201779,1.0540845217425838,0.07132166614551344,7.853259475299156,1.0075271575735079,200-499,eligible,0.0,0.0,0.0
255570,Brotherhood & Unity,2020.0,595,8.536690983003801,8.104084540316785,0.43260644268701576,8.120438351179539,0.4162526318242623,0.048926259335847704,8.44079551470554,0.33671097438875425,500-999,eligible,0.0,0.0,0.0
259435,Middle-earth Strategy Battle Game: The Lord of the Rings – Battle of Pelennor Fields,2018.0,116,8.568697868859607,7.5568226199453665,1.0118752489142402,7.5268712438438925,1.0418266250157142,0.1108080982232961,8.351513996341946,0.7946913763965798,100-199,eligible,0.0,0.0,0.0
260561,WARIGIN,2018.0,120,8.021273379673282,7.340509058316229,0.6807643213570529,7.331796235119235,0.6894771445540471,0.10894564460072821,7.807739916255855,0.4672308579396256,100-199,eligible,0.0,0.0,0.0
260799,Trans Europa & Trans Amerika,2018.0,204,7.5202392634172925,6.651990016739395,0.8682492466778973,6.697809066488592,0.8224301969287007,0.0835574950961671,7.356466573028805,0.7044765562894097,200-499,eligible,0.0,0.0,0.0
270847,Set & Match,2017.0,1308,7.644645121468904,6.907395485027401,0.7372496364415033,7.0376778225907834,0.6069672988781205,0.03299868426271683,7.579967700313979,0.6725722152865783,1k-2.5k,eligible,0.0,0.0,0.0
271064,Ascension: Skulls & Sails,2019.0,417,7.5684919151370735,7.005896242777089,0.5625956723599845,7.081080213953861,0.48741170118321264,0.058442995598473706,7.453943643764065,0.44804740098697604,200-499,eligible,0.0,0.0,0.0
292811,American Bookshop,2019.0,537,7.859503837967489,6.922024001760073,0.9374798362074159,6.942371990697751,0.9171318472697383,0.05150072620297922,7.75856241460965,0.8365384128495766,500-999,eligible,0.0,0.0,0.0
298586,Demeter,2020.0,848,7.59105695962325,7.083510834868079,0.5075461247551711,7.1245942121600425,0.4664627474632077,0.04098288899294145,7.510730497197085,0.4272196623290059,500-999,eligible,0.0,0.0,0.0
299104,Apex Theropod Deck Building Game: Collected Edition,2020.0,576,8.027282217119607,7.598988427606365,0.4282937895132424,7.6841092040782595,0.34317301304134773,0.049726655908133126,7.929817971539666,0.33082954393330144,500-999,eligible,0.0,0.0,0.0
309058,Dog Tag Trick,2020.0,175,7.77296092011273,6.91565356778492,0.8573073523278101,6.924163236835339,0.8487976832773914,0.09021556461517782,7.596138413466981,0.6804848456820616,100-199,eligible,0.0,0.0,0.0
316554,Dune: Imperium,2020.0,46940,8.691736482193742,8.0949071193871,0.5968293628066412,8.088918118796537,0.6028183633972048,0.005508444184596433,8.680939931591933,0.5860328122048322,25k+,exclude,0.0,0.0,0.0
315767,Cartographers Heroes,2021.0,4847,8.01296815509824,7.271675043134227,0.7412931119640138,7.371812313100634,0.6411558419976071,0.01714209848885622,7.979369642060083,0.7076945989258556,2.5k-5k,exclude,0.0,0.0,0.0
315975,Dungeon Fighter in the Labyrinth of Sinister Storms,2022.0,158,7.871822846151918,7.155774334787594,0.716048511364324,7.157688439119832,0.7141344070320859,0.09494496798099698,7.685730708909164,0.5299563741215699,100-199,eligible,0.0,1.0,0.0
316410,The Third World War: Designer Signature Edition,2022.0,120,8.787755641726445,8.204908038651093,0.5828476030753524,8.321482671782354,0.4662729699440913,0.10894564460072821,8.574222178309018,0.36931413965792514,100-199,eligible,0.0,0.0,0.0
334590,For Northwood! A Solo Trick-Taking Game,2021.0,3530,8.114709738700897,7.635546576216651,0.4791631624842463,7.707655143197767,0.40705459550312995,0.02008691043703421,8.07533939424431,0.43979281802765924,2.5k-5k,exclude,0.0,0.0,0.0
335678,Let's Make a Bus Route: The Dice Game,2021.0,251,7.813586192635576,7.311162744245236,0.5024234483903403,7.3207504883376675,0.49283570429790835,0.07532924854556144,7.6659408654862755,0.3547781212410398,200-499,eligible,0.0,0.0,0.0
336755,King of Tokyo: Monster Box,2021.0,1226,7.808109211106896,6.806747998364193,1.0013612127427036,6.797137187164701,1.0109720239421955,0.0340843691876049,7.741303847499191,0.934555849134998,1k-2.5k,eligible,0.0,0.0,0.0
345266,Tales from the Red Dragon Inn,2023.0,519,8.660438543475616,7.853442801964242,0.8069957415113738,7.915743149893171,0.744695393582445,0.05238619038226782,8.55776161032637,0.7043188083621288,500-999,eligible,0.0,1.0,0.0
345888,Siege of Valeria,2022.0,359,7.846460476051118,7.418802655075369,0.42765782097574867,7.411580066469577,0.43488040958154084,0.06298734049081892,7.723005288689113,0.3042026336137436,200-499,eligible,0.0,0.0,0.0
345976,System Gateway (fan expansion for Android: Netrunner),2021.0,660,9.452369137041867,8.085282483094607,1.3670866539472595,7.978716081701878,1.4736530553399891,0.04645457894539799,9.361318162308887,1.2760356792142795,500-999,eligible,0.0,0.0,0.0
358816,Rear Window,2022.0,1481,7.759508575313373,7.265631106258963,0.4938774690544099,7.2937448470671296,0.4657637282462437,0.03101151380892679,7.698726008247877,0.43309490198891337,1k-2.5k,eligible,0.0,1.0,0.0
359124,The Animals of Baker Street,2022.0,569,7.835789602412898,7.3851033371888235,0.45068626522407484,7.406307943491871,0.4294816589210271,0.05003159664738309,7.737727672984027,0.352624335795204,500-999,eligible,0.0,1.0,0.0
369509,Of What's Left,2023.0,117,8.542877580824095,7.307766693844899,1.2351108869791965,7.294605047839783,1.2482725329843127,0.11033354315946356,8.326623836231546,1.018857142386648,100-199,eligible,0.0,0.0,0.0
370597,Fugitive (Second Edition),2023.0,470,7.817235179121694,7.353892902135495,0.46334227698619834,7.349955035542823,0.46728014357887027,0.055049270335400094,7.709338609264309,0.3554457071288142,200-499,eligible,0.0,0.0,0.0
372197,Snakes of Wrath,2022.0,110,7.737679423200105,7.170333852381171,0.5673455708189339,7.19953110662026,0.5381483165798455,0.11379001463206377,7.5146509945212605,0.3443171421400889,100-199,eligible,0.0,0.0,0.0
373835,Unlock! Kids: Stories from the Past,2022.0,252,8.076560191133414,6.870594022327142,1.2059661688062722,6.957924254783178,1.1186359363502358,0.07517963717931485,7.929208102261956,1.0586140799348152,200-499,eligible,0.0,0.0,0.0
387144,R-ECO+,2023.0,160,7.86121190193292,7.195503406568035,0.6657084953648855,7.211851619044271,0.6493602828886491,0.0943496958559016,7.676286498055354,0.4807830914873184,100-199,eligible,0.0,0.0,0.0
388329,Waypoints,2023.0,603,7.917286870276495,7.349355873932021,0.5679309963444741,7.42962665031655,0.48766021995994535,0.04860062337595045,7.822029648459632,0.4726737745276112,500-999,eligible,0.0,0.0,0.0
388570,Jokkmokk: The Winter Market,2023.0,276,7.501489744410001,6.993783779943332,0.5077059644666688,7.007652006642786,0.4938377377672145,0.07183663071123733,7.360689948215976,0.36690616827264366,200-499,eligible,0.0,0.0,0.0
390903,Villagers of the Oak Dell,2023.0,118,7.605856445667211,6.943114327975598,0.6627421176916126,6.9885165916528855,0.6173398540143253,0.10986503342877853,7.390520980146805,0.4474066521712067,100-199,eligible,0.0,0.0,0.0
392842,Wonder Bowling,2023.0,305,7.564975358105642,7.062081072879852,0.5028942852257892,6.983698278354453,0.5812770797511888,0.06833616082559017,7.431036482887485,0.36895541000763243,200-499,eligible,0.0,0.0,0.0
393307,Tower Up,2024.0,737,8.003287126111962,7.594933228054341,0.4083538980576211,7.65044181302088,0.35284531309108225,0.04396091790420093,7.917123727019728,0.3221904989653873,500-999,eligible,0.0,0.0,0.0
230,Merchant of Venus,1988.0,2724,7.572861809956566,6.850453774169441,0.722408035787125,6.633592654684694,0.9392691552718722,0.022866355136866353,7.5280437538883085,0.6775899797188669,2.5k-5k,exclude,0.0,0.0,0.0
620,We the People,1993.0,1124,7.748143834985115,7.283691452234985,0.4644523827501299,7.302215604052492,0.4459282309326227,0.03559732307921279,7.678373081749857,0.39468162951487284,1k-2.5k,eligible,0.0,0.0,0.0
1883,Cataphract,1999.0,329,7.762127690526863,7.331164759380149,0.4309629311467136,7.374771115383181,0.3873565751436816,0.06579646282785334,7.6331666233842705,0.30200186400412105,200-499,eligible,0.0,0.0,0.0
2251,Strat-O-Matic Baseball,1962.0,1071,7.9171055146130795,6.4764231790172975,1.440682335595782,6.58832958080783,1.3287759338052494,0.036467480586579726,7.845629252663383,1.3692060736460858,1k-2.5k,eligible,0.0,0.0,0.0
4485,Hotel Life,1989.0,139,7.704084067024758,6.095137080326529,1.6089469866982293,6.166056881299658,1.5380271857250998,0.10122623772308073,7.50568064108752,1.410543560760991,100-199,eligible,0.0,0.0,0.0
6431,Air & Armor,1986.0,152,7.836376387763832,7.170236243326981,0.6661401444368513,7.2789465332488135,0.5574298545150187,0.09680074547397342,7.646646926634844,0.4764106833078634,100-199,eligible,0.0,0.0,0.0
15369,The Devil's Cauldron: The Battles for Arnhem and Nijmegen,2008.0,398,8.513942371205532,7.815264326407842,0.6986780447976901,7.78645616309964,0.7274862081058924,0.05982172882354406,8.396691782711386,0.5814274563035438,200-499,eligible,0.0,0.0,0.0
18748,Unhappy King Charles!,2008.0,717,8.077601519772793,7.642154213768128,0.4354473060046651,7.554467409096427,0.5231341106763665,0.044569823886233886,7.990244664955775,0.3480904511876467,500-999,eligible,0.0,0.0,0.0
22143,EastFront: The War in Russia 1941-45 – Second Edition,2006.0,588,8.477999142082737,7.766629528691665,0.7113696133910725,7.844043120920949,0.6339560211617883,0.04921662544193238,8.38153455621655,0.6149050275248851,500-999,eligible,0.0,0.0,0.0
29199,Victoria Cross II: Battle of Isandlwana & Rorke's Drift,2011.0,146,7.504338904385589,6.79879757443997,0.7055413299456195,6.946143634019851,0.5581952703657382,0.09876977580017929,7.310750143817238,0.5119525693772681,100-199,eligible,0.0,0.0,0.0
29285,Case Blue,2007.0,291,8.555157934355043,7.960293869759026,0.5948640645960168,7.965006150844879,0.590151783510164,0.06996067666459725,8.418035008092431,0.45774113833340624,200-499,eligible,0.0,0.0,0.0
33434,Funkenschlag: EnBW,2007.0,198,8.694110770076955,6.795378128061499,1.8987326420154567,6.92065905826278,1.7734517118141753,0.08481406929266344,8.527875194263334,1.7324970662018364,100-199,eligible,0.0,0.0,0.0
33665,Battle Above the Clouds,2010.0,305,8.479529530827948,7.675726300443239,0.8038032303847089,7.689154002014934,0.7903755288130139,0.06833616082559017,8.345590655609792,0.6698643551665522,200-499,eligible,0.0,0.0,0.0
36597,Serpents of the Seas,2010.0,170,7.881762407419728,7.220414713868346,0.6613476935513827,7.343585209469833,0.5381771979498957,0.09153264982559603,7.70235841376156,0.48194369989321445,100-199,eligible,0.0,0.0,0.0
36932,Claustrophobia,2009.0,6936,7.746584721034853,7.1597707819116785,0.5868139391231741,7.247879826943313,0.4987048940915395,0.014329992187044779,7.718497936348244,0.5587271544365664,5k-10k,exclude,0.0,0.0,0.0
84834,Heights of Courage: The Battle for the Golan Heights,2013.0,189,7.666020812171393,7.061102543217817,0.6049182689535755,7.20983620424936,0.4561846079220331,0.08680996752611164,7.495873275820214,0.4347707326023966,100-199,eligible,0.0,0.0,0.0
84838,Yomi (Second Edition),2014.0,559,7.800413628003603,7.141050850384474,0.6593627776191289,7.159503697913808,0.6409099300897951,0.050477122774646783,7.701478467365295,0.5604276169808212,500-999,eligible,0.0,0.0,0.0
84889,Cave Evil,2011.0,538,8.138333952756502,7.167863036088816,0.9704709166676864,6.970836579304946,1.1674973734515568,0.05145284081261277,8.037486384763781,0.8696233486749654,500-999,eligible,0.0,0.0,0.0
85204,Kings of War,2012.0,244,7.845892387008329,7.165234945870191,0.6806574411381376,7.116584268232122,0.7293081187762063,0.07640215046368888,7.6961441720994985,0.5309092262293075,200-499,eligible,0.0,0.0,0.0
106113,Manoeuvre: Distant Lands,2017.0,124,8.204750188949733,7.081033918417187,1.1237162705325456,6.930680263277244,1.2740699256724888,0.10717405263794114,7.994689045779368,0.913655127362181,100-199,eligible,0.0,0.0,0.0
136955,Hands in the Sea,2016.0,902,8.335593927724478,7.827722668618275,0.5078712591062029,7.945440072563024,0.3901538551614543,0.039737196787548466,8.257709022020883,0.42998635340260793,500-999,eligible,0.0,0.0,0.0
137141,Batman Miniature Game: Rulebook,2012.0,115,7.662070697285697,7.013953543940039,0.648117153345658,7.018815633756928,0.6432550635287688,0.11128882975690979,7.443944590962153,0.4299910470221148,100-199,eligible,0.0,0.0,0.0
142961,Thunderstone Advance: Numenera,2013.0,1367,7.552914860877224,7.147602767559402,0.40531209331782225,7.263881086573276,0.28903377430394794,0.032278715090789306,7.489648579299277,0.3420458117398752,1k-2.5k,eligible,0.0,0.0,0.0
155451,Guild Ball,2015.0,451,8.072521343069054,7.594357953561319,0.47816338950773485,7.606985677683912,0.4655356653851417,0.056196882627639624,7.962375453118881,0.3680174995575612,200-499,eligible,0.0,0.0,0.0
157026,Ascension: Realms Unraveled,2014.0,1154,7.752719945074359,7.000835281021375,0.7518846640529837,7.1122627014315185,0.6404572436428406,0.03513157266624458,7.68386206264852,0.6830267816271444,1k-2.5k,eligible,0.0,0.0,0.0
164698,Fresh Fish,2014.0,985,7.824971566951879,7.0003514106981335,0.8246201562537454,7.007390444546006,0.8175811224058727,0.038026152065517085,7.750440308903466,0.750088898205332,500-999,eligible,0.0,0.0,0.0
169366,Waterloo 200,2015.0,126,7.970391230352002,7.256858987654754,0.7135322426972479,7.090846121500174,0.8795451088518274,0.10632006251327562,7.7620039078259815,0.5051449201712277,100-199,eligible,0.0,0.0,0.0
179803,Arcadia Quest: Inferno,2017.0,2316,7.9939077184017355,7.341905476822019,0.6520022415797166,7.402948716201795,0.5909590021999405,0.024798831534261295,7.945302008594584,0.6033965317725645,1k-2.5k,borderline,0.0,0.0,0.0
191597,Dale of Merchants 2,2016.0,2480,7.549460940131631,7.103928156282912,0.4455327838487193,7.138860494094878,0.41060044603675294,0.0239648467122577,7.502489840575606,0.39856168429269423,1k-2.5k,borderline,0.0,0.0,0.0
204493,Sakura Arms,2016.0,648,8.030154120545605,7.467114465375783,0.5630396551698222,7.366656013024015,0.6634981075215904,0.04688274079782804,7.938263948581862,0.4711494832060793,500-999,eligible,0.0,0.0,0.0
218074,Detective: City of Angels,2019.0,2952,8.249334673617556,7.727899032195294,0.5214356414222614,7.655290309502185,0.594044364115371,0.021965561994135702,8.20628217210905,0.4783831399137554,2.5k-5k,exclude,0.0,1.0,0.0
218417,Aeon's End: War Eternal,2017.0,5888,8.550321756045818,7.87676552568994,0.673556230355878,7.953202865111697,0.5971188909341212,0.015553086779553232,8.519837705957894,0.6430721802679537,5k-10k,exclude,0.0,1.0,0.0
228371,Iberian Railways,2017.0,163,7.522239090978676,6.949518317754215,0.5727207732244608,7.182137324482202,0.34010176649647406,0.09347741491920161,7.339023357737041,0.38950503998282565,100-199,eligible,0.0,0.0,0.0
228399,Okko Chronicles: Cycle of Water – Quest into Darkness,2019.0,162,7.963728745579458,7.329967482696306,0.6337612628831524,7.342856445572304,0.6208723000071545,0.09376548159565608,7.779948401651972,0.4499809189556665,100-199,eligible,0.0,0.0,0.0
230650,Table Battles,2017.0,420,7.537354295262745,7.109988702748108,0.42736559251463646,7.145605208915246,0.39174908634749883,0.05823389655388047,7.423215858017139,0.3132271552690308,200-499,eligible,0.0,0.0,0.0
230889,Aristeia!,2017.0,1033,8.27019837327286,7.655386599411525,0.6148117738613355,7.686983647071342,0.5832147262015184,0.03713217042720799,8.197419319235532,0.5420327198240078,1k-2.5k,eligible,0.0,0.0,0.0
249768,My First Adventure: Finding the Dragon,2018.0,100,7.792468060399719,6.154676112180329,1.6377919482193901,6.251666618590789,1.54080144180893,0.1193439741795195,7.558553871007861,1.403877758827532,100-199,eligible,0.0,1.0,0.0
251551,Dale of Merchants Collection,2019.0,1212,8.059204781078353,7.440405598665535,0.6187991824128183,7.456085183666108,0.6031195974122454,0.034280660883950494,7.9920146857458105,0.5516090870802753,1k-2.5k,eligible,0.0,0.0,0.0
251723,Zombicide: Dark Side,2019.0,532,7.8958449680579115,7.346356631435388,0.5494883366225238,7.302997161890168,0.5928478061677431,0.051742174906845254,7.794430305240494,0.44807367380510715,500-999,eligible,0.0,1.0,0.0
252432,Zoo Break,2019.0,178,7.970369187843468,6.836759539770428,1.1336096480730395,6.859967883484547,1.1104013043589207,0.08945209053825372,7.79504309038849,0.9582835506180623,100-199,eligible,0.0,1.0,0.0
252657,luz,2014.0,228,8.076977195037024,6.707024291651852,1.3699529033851725,6.7144910711678385,1.3624861238691857,0.07903747771075434,7.922063738723946,1.215039447072094,200-499,eligible,0.0,0.0,0.0
256788,Detective Club,2018.0,4339,7.663792281165163,6.993883436318498,0.669908844846665,7.050487584008179,0.613304697156984,0.01811780874209573,7.628281376030656,0.6343979397121574,2.5k-5k,exclude,0.0,0.0,0.0
256885,The Fantasy Trip: Legacy Edition,2019.0,148,8.534328343536563,7.41137290347223,1.1229554400643327,7.465353384284079,1.0689749592524844,0.09810014248054857,8.342052064274688,0.9306791608024575,100-199,eligible,0.0,0.0,0.0
256964,Dark Rituals: Malleus Maleficarum,2020.0,221,7.810063490091073,7.374196733568709,0.43586675652236373,7.370798296518357,0.4392651935727159,0.08027944455796115,7.652715778757469,0.27851904518875986,200-499,eligible,0.0,0.0,0.0
271321,CABO (Second Edition),2019.0,1743,7.553740945807379,6.935879277435475,0.617861668371904,6.944056777406004,0.6096841684013752,0.028585895535698087,7.497712590557411,0.5618333131219357,1k-2.5k,borderline,0.0,0.0,0.0
271615,The Quest for El Dorado: The Golden Temples,2019.0,1744,8.000784795570118,7.212041707488197,0.7887430880819206,7.316761792398427,0.6840230031716903,0.02857769886297454,7.944772505798688,0.7327307983104905,1k-2.5k,borderline,0.0,0.0,0.0
274075,The Quest Kids,2021.0,305,7.5061439005341395,6.482041516768714,1.0241023837654257,6.539370716467774,0.9667731840663656,0.06833616082559017,7.372205025315983,0.890163508547269,200-499,eligible,0.0,0.0,0.0
294112,"Western Front Ace: The Great War in the Air, 1916-1918",2023.0,132,8.483087164608758,8.022301645268747,0.46078551934001055,7.804430407553056,0.6786567570557018,0.1038755963880404,8.2794909956882,0.25718935041945135,100-199,eligible,0.0,0.0,0.0
294612,Unlock!: Epic Adventures,2019.0,2503,8.075810006786284,7.419233052488842,0.6565769542974422,7.480397974179363,0.5954120326069212,0.023854486435275938,8.029055213373143,0.6098221608843014,2.5k-5k,exclude,0.0,1.0,0.0
296345,Sherlock Holmes Consulting Detective: The Baker Street Irregulars,2020.0,1404,8.414612841517592,7.588212593135744,0.826400248381848,7.583916863518866,0.830695977998726,0.031850550421880744,8.352185762690706,0.7639731695549618,1k-2.5k,eligible,0.0,1.0,0.0
297985,Battle Line: Medieval,2017.0,1829,8.006606602121385,7.122792812289385,0.8838137898320007,7.131212743411046,0.8753938587103391,0.027905746396670098,7.951911339183912,0.8291185268945273,1k-2.5k,borderline,0.0,0.0,0.0
298102,Roll Camera!: The Filmmaking Board Game,2021.0,2224,7.683492672528341,7.1376339830372615,0.5458586894910793,7.272630410054298,0.4108622624740432,0.025306559430770183,7.633891816044032,0.49625783300676973,1k-2.5k,borderline,0.0,1.0,0.0
304531,Ascension Tactics: Miniatures Deckbuilding Game,2022.0,831,8.22842485310923,7.765827716545926,0.4625971365633035,7.934609632466056,0.29381522064317345,0.041399965952423574,8.14728091984248,0.3814532032965533,500-999,eligible,0.0,1.0,0.0
304847,Hidden Games Crime Scene: The New Haven Case,2019.0,664,8.372371019768345,7.4525779851041545,0.91979303466419,7.495241793589042,0.8771292261793029,0.04631444414965853,8.281594709235014,0.8290167241308594,500-999,eligible,0.0,1.0,0.0
319031,Project L: Kickstarter Edition,2020.0,522,8.183652861272897,7.130137766970531,1.053515094302366,7.155196711631694,1.0284561496412028,0.05223543844271846,8.081271401925168,0.9511336349546378,500-999,eligible,0.0,0.0,0.0
319135,Nightmare Horror Adventures: Welcome to Crafton Mansion,2021.0,418,8.078773504377258,7.28815687043763,0.7906166339396279,7.281760582403145,0.7970129219741136,0.05837304584797518,7.964362334515227,0.6762054640775965,200-499,eligible,0.0,1.0,0.0
325011,Citytrip Brugge,2022.0,116,7.672897088571911,7.0586379448088525,0.6142591437630589,7.202954669832177,0.4699424187397341,0.1108080982232961,7.455713216054251,0.39707527124539854,100-199,eligible,0.0,0.0,0.0
325941,Nemo's War: The Ultimate Edition,2022.0,359,8.496448186292062,8.025732627460037,0.4707155588320244,7.969535447595545,0.5269127386965167,0.06298734049081892,8.372992998930057,0.34726037147001937,200-499,eligible,0.0,1.0,0.0
326767,Infinity N4: Core Rules,2020.0,115,8.902920471278437,8.353584126427219,0.5493363448512181,8.383069403645102,0.5198510676333346,0.11128882975690979,8.684794364954893,0.3312102385276749,100-199,eligible,0.0,0.0,0.0
327778,ito,2019.0,979,7.710958899393944,6.743503480928933,0.9674554184650113,6.75128296544861,0.9596759339453342,0.038142499564525235,7.636199600247474,0.8926961193185418,500-999,eligible,0.0,1.0,0.0
327793,30 Monedas,2021.0,187,7.609877458439697,7.131135968949231,0.47874148949046624,7.17498195049833,0.4348955079413672,0.0872729573032229,7.43882246212538,0.3076864931761494,100-199,eligible,0.0,0.0,0.0
327913,Unlock!: Timeless Adventures – Arsène Lupin und der große weiße Diamant,2019.0,138,7.835265364359108,6.922909371226407,0.9123559931327012,6.896465635235332,0.938799729123776,0.10159233742701944,7.63614438300215,0.7132350117757431,100-199,eligible,0.0,1.0,0.0
355199,Star Realms,2021.0,297,8.00855638790681,7.077857484755208,0.9306989031516011,7.147362100000155,0.8611942879066543,0.06925039759202693,7.872825608626437,0.7949681238712283,200-499,eligible,0.0,0.0,0.0
356313,Exit: The Game – The Professor's Last Riddle,2022.0,396,8.13754937113608,7.512672110332227,0.6248772608038529,7.516752878927113,0.6207964922089673,0.05997260353686805,8.020003068203819,0.5073309578715914,200-499,eligible,0.0,1.0,0.0
358094,G.I. JOE Mission Critical,2022.0,124,7.519689471037617,7.0650145610669455,0.45467490997067195,7.138812674951097,0.38087679608652003,0.10717405263794114,7.3096283278672525,0.24461376680030733,100-199,eligible,0.0,1.0,0.0
363841,Snap Ships Tactics,2023.0,114,8.173530498053232,7.674487218293109,0.49904327976012297,7.640713266161606,0.5328172318916256,0.11177587291431,7.954449787141185,0.27996256884807535,100-199,eligible,0.0,1.0,0.0
374866,Robotrick,2020.0,547,8.195177911801768,7.278205051369676,0.9169728604320913,7.2740739076675425,0.9211040041342251,0.051027798591166566,8.095163426563081,0.8169583751934048,500-999,eligible,0.0,0.0,0.0
374982,Nebula,2023.0,146,7.966805945806031,7.464351772341997,0.5024541734640335,7.464927505585782,0.5018784402202483,0.09876977580017929,7.773217185237679,0.30886541289568215,100-199,eligible,0.0,0.0,0.0
380887,Deduckto,2023.0,224,7.519503471737821,6.965432195435069,0.5540712763027518,7.024793143844926,0.4947103278928946,0.07974004688495673,7.363212979843305,0.3977807844082366,200-499,eligible,0.0,0.0,0.0
381246,S.T.A.L.K.E.R. The Board Game,2025.0,180,8.663847901499313,8.098315310064788,0.5655325914345255,8.19876146489056,0.46508643660875393,0.08895374632346176,8.489498558705328,0.39118324864054044,100-199,eligible,0.0,1.0,0.0
418812,Little Alchemists,2024.0,201,8.268613973783136,7.566171161376506,0.7024428124066304,7.5881645169493055,0.6804494568338306,0.08417874896666583,8.10362362580847,0.5374524644319654,200-499,eligible,0.0,0.0,0.0
419384,Suna Valo,2024.0,108,8.351413093113747,7.792124237248741,0.559288855865006,7.792918249180616,0.558494843933131,0.11483879269784221,8.126329059425975,0.33420482217723524,100-199,eligible,0.0,0.0,0.0
421199,Link City,2024.0,323,7.649159293993435,7.137596478257924,0.5115628157355108,7.12185726497211,0.5273020290213246,0.06640476355810622,7.519005957419547,0.3814094791616226,200-499,eligible,0.0,1.0,0.0
422345,Star Trek: Star Realms,2024.0,120,7.5671369577708,6.993525414588902,0.5736115431818982,7.115356409208431,0.45178054856236916,0.10894564460072821,7.353603494353373,0.3600780797644709,100-199,eligible,0.0,0.0,0.0
424442,Beatz'n'Catz,2024.0,129,7.58657455049878,6.998473581371112,0.5881009691276677,7.02649015411302,0.5600843963857596,0.10507651023085979,7.380624590446295,0.38215100907518257,100-199,eligible,0.0,1.0,0.0
424774,Dorfromantik: Sakura,2024.0,370,8.443661175381106,7.486131277422274,0.9575298979588318,7.572399485330736,0.8712616900503694,0.06204397780511476,8.32205497888308,0.8359237014608069,200-499,eligible,0.0,1.0,0.0
424809,Joyride: Turbo,2024.0,153,8.665376560976457,7.66917352747422,0.9962030335022369,7.67577924718554,0.9895973137909166,0.09648388457316583,8.476268147213052,0.8070946197388319,100-199,eligible,0.0,0.0,0.0
432527,Ethnos: 2nd Edition,2025.0,135,8.030799295589656,7.572655646049537,0.4581436495401192,7.609334696488084,0.4214645991015722,0.10271493877055267,7.829478015599372,0.25682236954983595,100-199,eligible,0.0,0.0,0.0
47,Chinatown,1999.0,11597,7.829604436308877,7.1759490839147535,0.6536553523941233,7.186399765129542,0.6432046711793351,0.011082242963654693,7.8078832401001135,0.6319341561853601,10k-25k,exclude,0.0,0.0,0.0
215,Tichu,1991.0,15687,7.957452657786266,7.136373539710924,0.8210791180753425,7.184954688754491,0.7724979690317753,0.009528631845232696,7.93877653936961,0.8024029996586864,10k-25k,exclude,0.0,0.0,0.0
875,Roads & Boats,1999.0,3437,8.272708159276412,7.751961816571683,0.5207463427047294,7.802485392740074,0.4702227665363381,0.02035685718278366,8.232808719198156,0.48084690262647345,2.5k-5k,exclude,0.0,0.0,0.0
939,Star Wars: The Queen's Gambit,2000.0,2222,7.919630953349073,6.883797437305642,1.0358335160434313,6.952101219507975,0.967529733841098,0.025317945959774144,7.870007779267916,0.986210341962274,1k-2.5k,borderline,0.0,0.0,0.0
2125,Amazons,1992.0,327,7.597089169680857,6.68507361011279,0.9120155595680677,6.658896558746093,0.938192610934764,0.06599736852543366,7.467734327371008,0.7826607172582177,200-499,eligible,0.0,0.0,0.0
2163,Space Hulk,1989.0,3652,7.689789326245721,7.276997810523499,0.4127915157222226,7.206860314639901,0.4829290116058207,0.019748545340638222,7.65108217737807,0.3740843668545717,2.5k-5k,exclude,0.0,0.0,0.0
3003,Crash Tackle Rugby Board Game,2001.0,149,7.745019856594135,6.49926380207005,1.2457560545240849,6.621930583310256,1.1230892732838793,0.09777039316946254,7.553389885981988,1.0541260839119384,100-199,eligible,0.0,0.0,0.0
3041,Panzergruppe Guderian,1976.0,745,7.660579809948251,7.094327472003027,0.5662523379452242,7.242469994844708,0.41810981510354317,0.043724249062759867,7.574880281785242,0.4805528097822149,500-999,eligible,0.0,0.0,0.0
4884,"The Legend Begins: North Africa, 1940-42",1991.0,151,8.011400621980624,7.077008048001314,0.9343925739793093,7.171607868276832,0.8397927537037919,0.09712074881117622,7.821043954310718,0.744035906309404,100-199,eligible,0.0,0.0,0.0
5217,Eleusis,1956.0,216,7.787940551780393,6.3066186455251,1.4813219062552925,6.2693790118972075,1.5185615398831853,0.0812032890599204,7.628782105222949,1.3221634596978484,200-499,eligible,0.0,0.0,0.0
17396,Manoeuvre,2008.0,2431,7.716776498413887,7.230493410015372,0.4862830883985154,7.0880368200891315,0.6287396783247559,0.024205163270626894,7.669334378403459,0.4388409683880867,1k-2.5k,borderline,0.0,0.0,0.0
21133,Infinity N3: Core Book,2005.0,791,8.192884116557703,7.780707074301176,0.41217704225652696,7.719103652817278,0.47378046374042526,0.0424338321432533,8.109713805556927,0.3290067312557505,500-999,eligible,0.0,0.0,0.0
21182,1850: The MidWest,2005.0,115,8.243295145840605,7.702074635871995,0.5412205099686105,7.711664806313922,0.531630339526683,0.11128882975690979,8.025169039517062,0.3230944036450673,100-199,eligible,1.0,0.0,0.0
30804,Song of Blades and Heroes: Revised Edition,2007.0,365,7.747689174134394,6.885781287100793,0.8619078870336017,6.900516012551588,0.8471731615828064,0.06246749110254928,7.625252891573398,0.7394716044726051,200-499,eligible,0.0,0.0,0.0
39939,"The Battle of Fontenoy: 11 May, 1745",2012.0,121,8.700524513881497,7.862634883793774,0.837889630087723,7.847135151229439,0.8533893626520577,0.10849452198138136,8.48787525079799,0.6252403670042155,100-199,eligible,0.0,0.0,0.0
62222,Commands & Colors: Napoleonics,2010.0,3180,8.350201773352433,7.740233306650625,0.6099684667018082,7.8066809453037305,0.5435208280487025,0.021163472873217265,8.308721366520928,0.5684880598703023,2.5k-5k,exclude,0.0,0.0,0.0
65564,Hornet Leader: Carrier Air Operations,2010.0,903,7.995044225899419,7.4681033064844335,0.5269409194149857,7.521415236405932,0.47362898949348686,0.03971518781505559,7.917202457781911,0.4490991512974767,500-999,eligible,0.0,0.0,0.0
85424,La Bataille de la Moscowa (Third Edition),2011.0,162,8.527178301731162,7.7599327354636625,0.7672455662674995,7.780259086194196,0.7469192155369662,0.09376548159565608,8.343397957803676,0.5834652223400136,100-199,eligible,0.0,0.0,0.0
94104,Omen: A Reign of War,2011.0,1792,7.707554761187177,7.029414527029925,0.6781402341572527,7.064438108270755,0.6431166529164223,0.028192363942243066,7.652297727860381,0.6228832008304562,1k-2.5k,borderline,0.0,0.0,0.0
94902,Dungeons & Dragons Starter Set,2008.0,555,7.820635694105706,6.942316315507391,0.8783193785983148,6.975257843803741,0.8453778503019649,0.050658695745031915,7.721344650445443,0.7790283349380522,500-999,eligible,0.0,0.0,0.0
119866,Wings of Glory: WW1 Rules and Accessories Pack,2012.0,591,7.987410740646013,6.80937169070638,1.178039049939633,6.979208592387545,1.0082021482584675,0.04909155122336614,7.891191300248215,1.0818196095418353,500-999,eligible,0.0,0.0,0.0
138704,Northern Pacific,2013.0,1083,7.806710588238965,6.68070325529602,1.1260073329429447,6.812797306278092,0.9939132819608725,0.036264881904581756,7.735631419705984,1.0549281644099646,1k-2.5k,eligible,0.0,0.0,0.0
147884,Ore: The Mining Game,2013.0,116,7.572801819867397,6.572155737711638,1.0006460821557592,6.545096217156821,1.0277056027105758,0.1108080982232961,7.355617947349737,0.7834622096380989,100-199,eligible,0.0,0.0,0.0
160436,Lost Legacy: Binbo Tantei to Inbo no Shiro,2014.0,116,7.607473968178757,6.277785948582835,1.3296880195959222,6.221510701045654,1.3859632671331035,0.1108080982232961,7.390290095661097,1.112504147078262,100-199,eligible,0.0,0.0,0.0
163399,Infinity: Operation Icestorm,2014.0,123,8.412421958205236,7.59837398544531,0.8140479727599264,7.551178594642282,0.861243363562954,0.10760883759820682,8.20150863651275,0.603134651067441,100-199,eligible,0.0,0.0,0.0
165022,€uro Crisis,2015.0,108,7.671693386599592,7.070339230917629,0.601354155681963,7.273433549242659,0.3982598373569326,0.11483879269784221,7.446609352911821,0.3762701219941923,100-199,eligible,0.0,0.0,0.0
166857,Antike II,2014.0,1703,7.987173538569879,7.398545108403692,0.588628430166187,7.336780017550156,0.6503935210197227,0.028919659273262708,7.930491006394284,0.5319458979905921,1k-2.5k,borderline,0.0,0.0,0.0
166859,Web of Spies,2014.0,184,7.500385318603385,6.51988379792131,0.9805015206820755,6.58960029302915,0.9107850255742349,0.08798154504163945,7.327941490321772,0.8080576924004622,100-199,eligible,0.0,0.0,0.0
167270,Medina (Second Edition),2014.0,2143,7.677181487709225,7.232092439879613,0.4450890478296117,7.240808125602168,0.4363733621070569,0.025780385687297343,7.626651931762122,0.3945594918825089,1k-2.5k,borderline,0.0,0.0,0.0
174402,Tide of Iron: Next Wave,2014.0,196,8.124022510702481,7.627144386996179,0.4968781237063027,7.671024214227359,0.4529982964751227,0.08524569584251393,7.956940946851154,0.32979655985497536,100-199,eligible,0.0,0.0,0.0
173346,7 Wonders Duel,2015.0,93303,8.255521464636324,7.798331033583347,0.4571904310529771,7.776281492939342,0.4792399716969822,0.003907083491336462,8.247863580993304,0.44953254740995763,25k+,exclude,0.0,0.0,0.0
173442,Empires: Age of Discovery,2015.0,2283,8.326312941596594,7.58475387690188,0.7415590646947141,7.444267947619748,0.8820449939768462,0.024977417898180573,8.27735720251616,0.6926033256142802,1k-2.5k,borderline,0.0,0.0,0.0
181807,Dragon Rampant: Fantasy Wargaming Rules,2015.0,138,7.803775105765958,6.814186821347938,0.9895882844180193,6.905935624621884,0.8978394811440733,0.10159233742701944,7.604654124409,0.7904673030610612,100-199,eligible,0.0,0.0,0.0
182082,Carcassonne: Over Hill and Dale,2015.0,802,7.500106864469364,6.832522966594954,0.66758389787441,6.78607580919655,0.7140310552728142,0.04214182232235105,7.4175088927175565,0.5849859261226019,500-999,eligible,0.0,0.0,0.0
184866,Wings for the Baron (Second Edition),2015.0,298,7.95039283189382,6.919572697992468,1.0308201339013525,6.962348889637701,0.9880439422561196,0.06913410800940187,7.814889980195392,0.8953172822029248,200-499,eligible,0.0,0.0,0.0
186567,Baseball Highlights: 2045 – Super Deluxe Edition,2015.0,513,8.15557440517576,6.853490765051923,1.3020836401238363,6.908993936605945,1.2465804685698139,0.05269165180716956,8.052298767633706,1.198808002581784,500-999,eligible,0.0,0.0,0.0
187687,Pathfinder Adventure Card Game: Mummy's Mask – Base Set,2016.0,592,8.100260737578582,7.40668352073658,0.6935772168420016,7.499907410766886,0.6003533268116961,0.04905007124027429,8.004122597947644,0.5974390772110639,500-999,eligible,0.0,1.0,0.0
188325,'65: Squad-Level Combat in the Jungles of Vietnam,2016.0,170,7.746159371864333,7.198923758945943,0.5472356129183895,7.339896389619128,0.4062629822452051,0.09153264982559603,7.566755378206165,0.3678316192602213,100-199,eligible,0.0,0.0,0.0
205164,Old School Tactical: Volume 2 – West Front 1944/45,2017.0,179,8.433413664595449,7.653853350202674,0.779560314392775,7.631677840252539,0.8017358243429094,0.08920187441025379,8.258577990751352,0.6047246405486775,100-199,eligible,0.0,0.0,0.0
215471,Photograph,2016.0,1709,7.9067501639077085,7.135799783962552,0.7709503799451563,7.099424544438978,0.8073256194687302,0.028868848705278755,7.850167220445362,0.7143674364828099,1k-2.5k,borderline,0.0,0.0,0.0
215616,Ascension: Gift of the Elements,2017.0,483,7.8385452571969765,6.843307662080193,0.9952375951167838,6.953376478782715,0.8851687784142612,0.05430338853906257,7.732110615660414,0.8888029535802211,200-499,eligible,0.0,0.0,0.0
229414,Tulip Bubble,2015.0,1253,7.647886572355988,7.199911011043332,0.44797556131265637,7.241435472536512,0.4064510998194759,0.03371513945290685,7.581804899028291,0.38189388798495894,1k-2.5k,eligible,0.0,0.0,0.0
232974,Paco Ŝako,2017.0,254,7.933856566403806,7.3646241249632,0.5692324414406063,7.362726735435421,0.5711298309683848,0.07488306940719801,7.787085750365698,0.42246162540249815,200-499,eligible,0.0,0.0,0.0
232981,Tanto Cuore: Winter Romance,2018.0,144,7.84887258884988,6.811738077485751,1.0371345113641288,6.890556365755463,0.9583162230944167,0.09945331181626625,7.653944097689998,0.842206020204247,100-199,eligible,0.0,0.0,0.0
234167,Masters of Mutanite,2022.0,103,8.0005703946445,7.32718805312834,0.6733823415161595,7.4114336436142345,0.5891367510302654,0.11759311193156399,7.7700878952586345,0.4428998421302941,100-199,eligible,0.0,0.0,0.0
234669,Legacy of Dragonholt,2017.0,3191,7.509390023600151,6.914761240071535,0.5946287835286164,7.0867864973610395,0.42260352623911146,0.021126964071374228,7.467981174020258,0.5532199339487229,2.5k-5k,exclude,0.0,1.0,0.0
246700,Hard City,2020.0,178,7.539447004128057,6.814532692277673,0.7249143118503838,6.903853797377593,0.6355932067504639,0.08945209053825372,7.3641209066730795,0.5495882143954065,100-199,eligible,0.0,0.0,0.0
265430,Elekt,2019.0,381,7.890681431226995,7.351145831045084,0.5395356001819112,7.363152032518181,0.5275293987088139,0.06114177014035077,7.770843561751907,0.41969773070682365,200-499,eligible,0.0,0.0,0.0
265752,Exceed: Street Fighter – Ryu Box,2019.0,221,8.254887536564429,7.3528192885501955,0.902068248014233,7.319432209119739,0.9354553274446893,0.08027944455796115,8.097539825230825,0.7447205366806291,200-499,eligible,0.0,0.0,0.0
265754,Exceed: Street Fighter – M. Bison Box,2019.0,134,8.573574810096195,7.1011840183396355,1.4723907917565597,7.099894829977366,1.4736799801188294,0.103097491077084,8.371503727585111,1.270319709245475,100-199,eligible,0.0,0.0,0.0
266188,Seven Bridges,2020.0,327,7.596689244781426,7.175531890353096,0.42115735442833024,7.310909895402867,0.28577934937855876,0.06599736852543366,7.467334402471576,0.2918025121184803,200-499,eligible,0.0,0.0,0.0
278292,Anachrony: Infinity Box,2020.0,1489,9.221992333350165,8.209449765547046,1.01254256780312,8.12112842749697,1.1008639058531955,0.030928093311322357,9.161373270459974,0.9519235049129281,1k-2.5k,eligible,0.0,0.0,0.0
279886,Iron Forest,2024.0,101,8.136316627055175,7.241520063362511,0.8947965636926636,7.2798269982921795,0.8564896287629953,0.11875169273608258,7.903563309292453,0.6620432459299417,100-199,eligible,0.0,0.0,0.0
281657,Malifaux (Third Edition),2019.0,155,8.952998169522637,8.129470231181866,0.8235279383407708,8.059420953737913,0.8935772157847239,0.0958593868490308,8.765113771298536,0.6356435401166705,100-199,eligible,0.0,0.0,0.0
295694,Catchy!,2019.0,106,7.666937425644299,6.483121341636435,1.183816084007864,6.509012073424465,1.1579253522198343,0.11591711487809765,7.439739880483228,0.9566185388467926,100-199,eligible,0.0,0.0,0.0
301616,"Hood Strikes North: The Tennessee Campaign, Fall 1864",2021.0,162,8.875150816705961,8.11838440993705,0.7567664067689108,8.229668721873477,0.6454820948324844,0.09376548159565608,8.691370472778475,0.572986062841425,100-199,eligible,0.0,0.0,0.0
302098,Chronicles of Crime: 1900,2021.0,1809,7.999954246391533,7.508763067957833,0.4911911784336995,7.557772245306044,0.4421820010854889,0.02805958298888861,7.944957463733311,0.43619439577547786,1k-2.5k,borderline,0.0,1.0,0.0
320855,Sakura Arms: Yurina Box,2022.0,184,8.573858062920516,7.811368527206113,0.762489535714403,7.769069261373081,0.8047888015474349,0.08798154504163945,8.401414234638903,0.5900457074327897,100-199,eligible,0.0,0.0,0.0
321047,Dungeon Fighter in the Castle of Frightening Frosts,2022.0,110,7.815985928050635,6.8827808011192175,0.9332051269314174,6.889735143213523,0.9262507848371122,0.11379001463206377,7.59295749937179,0.7101766982525725,100-199,eligible,0.0,1.0,0.0
322562,Dice Throne: Season One ReRolled – Monk v. Paladin,2021.0,873,7.890661763657519,7.382196837162413,0.5084649264951064,7.365655846707057,0.5250059169504624,0.040391815504993586,7.811493805267732,0.42929696810531903,500-999,eligible,0.0,0.0,0.0
322985,Shadows of Brimstone: Swamps of Death (Revised Edition),2020.0,137,8.609584343208867,7.531044682105312,1.0785396611035551,7.496773381375608,1.1128109618332598,0.10196243824262387,8.409737964253324,0.8786932821480123,100-199,eligible,0.0,1.0,0.0
323046,"Panzers Last Stand: Battles for Budapest, 1945",2021.0,109,9.15981394687202,8.458531016562077,0.7012829303099437,8.50909481647832,0.6507191303936999,0.11431079545189816,8.935764787786301,0.4772337712242233,100-199,eligible,0.0,0.0,0.0
323255,Box One,2020.0,1106,8.010732847286532,7.560954489143221,0.4497783581433108,7.58049398495031,0.4302388623362212,0.035885824787815476,7.940396630702414,0.3794421415591925,1k-2.5k,eligible,0.0,0.0,0.0
331952,Unlock!: Timeless Adventures – Die Noside-Show,2019.0,135,7.805731438260881,6.922909371226407,0.882822067034474,6.896465635235332,0.9092658030255487,0.10271493877055267,7.604410158270597,0.6815007870441907,100-199,eligible,0.0,1.0,0.0
331953,Unlock!: Timeless Adventures – Verloren im Zeitstrudel!,2019.0,132,8.391370545565449,6.680212602495294,1.7111579430701553,6.676430874308108,1.7149396712573406,0.1038755963880404,8.18777437664489,1.5075617741495961,100-199,eligible,0.0,1.0,0.0
332804,Cantaloop: Book 3 – Against All Odds,2023.0,106,8.031929872191578,7.167367369304287,0.8645625028872903,7.258071781471386,0.7738580907201911,0.11591711487809765,7.804732327030506,0.6373649577262189,100-199,eligible,0.0,1.0,0.0
332943,Archduke,2020.0,146,7.518349803900084,6.727388735666709,0.7909610682333748,6.690515974545258,0.8278338293548257,0.09876977580017929,7.3247610433317325,0.5973723076650234,100-199,eligible,0.0,0.0,0.0
339349,Le Plateau,2021.0,146,8.335006976336958,7.409890534872057,0.9251164414649011,7.425557937018558,0.9094490393183996,0.09876977580017929,8.141418215768606,0.7315276808965497,100-199,eligible,0.0,0.0,0.0
339753,Évora,2022.0,187,7.794409156396048,7.355712601300153,0.4386965550958948,7.4024711444720666,0.3919380119239815,0.0872729573032229,7.623354160081731,0.2676415587815779,100-199,eligible,0.0,0.0,0.0
340237,Wonder Book,2021.0,818,7.762462399104497,7.357016059718816,0.40544633938568087,7.46737286944898,0.2950895296555176,0.041727642027366424,7.680676220730859,0.32366016101204265,500-999,eligible,0.0,1.0,0.0
341489,Carrooka,2021.0,195,8.554627332404891,6.806130809333538,1.7484965230713527,6.824312814015451,1.7303145183894397,0.08546399503693193,8.387117902132504,1.5809870927989662,100-199,eligible,0.0,0.0,0.0
351600,Mortum: Medieval Detective – The Shelter,2022.0,131,8.491014256539268,6.8466271613323215,1.6443870952069464,6.89710090426591,1.5939133522733577,0.10427131437869634,8.286642480357022,1.4400153190247016,100-199,eligible,0.0,1.0,0.0
351817,Marvel Zombies: A Zombicide Game,2023.0,1950,8.072069877534398,7.536910217529801,0.5351596600045969,7.61018449866908,0.46188537886531833,0.027026088225403113,8.019098744612608,0.4821885270828068,1k-2.5k,borderline,0.0,1.0,0.0
352606,Naturopolis,2023.0,568,7.997254491341834,7.449911208831807,0.5473432825100266,7.425941121839861,0.571313369501973,0.050075619178247086,7.89910627775247,0.4491950689206623,500-999,eligible,0.0,1.0,0.0
353311,Star Trek: Super-Skill Pinball,2022.0,291,7.559463672633045,6.9148188046472185,0.6446448679858268,6.659458861615686,0.9000048110173591,0.06996067666459725,7.422340746370435,0.5075219417232162,200-499,eligible,0.0,0.0,0.0
410209,Hitster: Summer Party,2024.0,452,7.8111026200329,6.996838031829839,0.814264588203061,7.000431487813298,0.8106711322196016,0.0561346835132536,7.701078640346923,0.704240608517084,200-499,eligible,0.0,0.0,0.0
411865,Magic Number Eleven,2024.0,105,8.063599372624815,7.520297342740635,0.5433020298841793,7.491246064411033,0.5723533082137813,0.11646779310776094,7.835322498133603,0.3150251553929679,100-199,eligible,0.0,0.0,0.0
395181,Farms Race,2024.0,149,7.723129167344239,7.187010499715511,0.5361186676287284,7.279032851905768,0.44409631543847095,0.09777039316946254,7.531499196732092,0.3444886970165818,100-199,eligible,0.0,0.0,0.0
396587,Colossal Cat in the Box,2024.0,236,8.158753179417486,7.601141674375786,0.5576115050417005,7.585220356233249,0.5735328231842374,0.07768631015277604,8.006488011518044,0.40534633714225954,200-499,eligible,0.0,0.0,0.0
20,Full Metal Planète,1988.0,739,7.716994678043291,6.847274986966628,0.8697196910766634,6.905460483604925,0.8115341944383667,0.043901390567614204,7.630947952530768,0.7836729655641396,500-999,eligible,0.0,0.0,0.0
354,Stick 'Em,1993.0,3781,7.5532691105032645,6.6621580429701,0.8911110675331644,6.62542093501138,0.9278481754918841,0.019408731728508835,7.515227996315387,0.853069953345287,2.5k-5k,exclude,0.0,0.0,0.0
760,Battle Line,2000.0,17480,7.739345897031651,7.182170033984704,0.5571758630469468,7.205942131632916,0.5334037653987345,0.0090267160595727,7.721653533554888,0.5394834995701843,10k-25k,exclude,0.0,0.0,0.0
1278,Dutch InterCity,1999.0,209,7.911830022362588,6.514243458959752,1.397586563402836,6.578355691512426,1.3334743308501622,0.08255195311523299,7.750028194256732,1.2357847352969793,200-499,eligible,0.0,0.0,0.0
1313,1826: Railroading in France and Belgium from 1826,2000.0,158,8.223435412452895,7.802018449440627,0.42141696301226794,7.7589605622378395,0.46447485021505575,0.09494496798099698,8.03734327521014,0.23532482576951386,100-199,eligible,1.0,0.0,0.0
4210,Stonewall's Last Battle: The Chancellorsville Campaign,1996.0,322,7.8713584638743335,7.1811138203443345,0.6902446435299989,7.194401898235444,0.6769565656388892,0.06650779661240168,7.741003182514026,0.5598893621696917,200-499,eligible,0.0,0.0,0.0
4212,Here Come the Rebels,1993.0,392,8.00821232538834,7.267285708064042,0.7409266173242983,7.27977074263276,0.7284415827555808,0.06027780959720748,7.890067818577814,0.6227821105137716,200-499,eligible,0.0,0.0,0.0
4214,Stonewall in the Valley,1995.0,333,8.050253680724557,7.315915527989475,0.7343381527350825,7.33388714318405,0.716366537540507,0.06540009498703238,7.922069494549974,0.606153966560499,200-499,eligible,0.0,0.0,0.0
4226,"Victory at Midway: Turning Point of the Pacific War, June 1942",1992.0,188,7.521476269378612,6.663758256823874,0.8577180125547379,6.760090282090717,0.7613859872878947,0.0870405388951028,7.35087681314421,0.6871185563203364,100-199,eligible,0.0,0.0,0.0
6930,Sweden Fights On,2003.0,235,8.076002169902988,7.501259169422447,0.5747430004805416,7.5069266891278446,0.5690754807751439,0.07785142470706571,7.923413377477139,0.42215420805469284,200-499,eligible,0.0,0.0,0.0
7092,Battles for the Ardennes,1978.0,301,7.591655399823351,6.940503924579339,0.6511514752440117,7.036776918933413,0.5548784808899381,0.06878872312781667,7.45682950249283,0.5163255779134911,200-499,eligible,0.0,0.0,0.0
7138,"The Killing Ground: Campaign for Normandy, July-August 1944",2002.0,126,8.414391534433951,7.657944751658006,0.7564467827759458,7.794734145510889,0.6196573889230628,0.10632006251327562,8.206004211907931,0.5480594602499256,100-199,eligible,0.0,0.0,0.0
7215,"To the Green Fields Beyond: The Battle of Cambrai, 1917",1978.0,151,7.578618438351262,7.109644346189565,0.4689740921616963,7.261223658115846,0.317394780235416,0.09712074881117622,7.388261770681356,0.2786174244917909,100-199,eligible,0.0,0.0,0.0
7453,Hube's Pocket,1995.0,143,7.824676092645423,7.400404994768639,0.4242710978767841,7.460784020894158,0.36389207175126526,0.09980044485011572,7.629067220739196,0.22866222597055727,100-199,eligible,0.0,0.0,0.0
10183,Napoleon at Leipzig,1979.0,271,7.693195654389192,6.883319077452965,0.8098765769362268,7.011769078574732,0.6814265758144602,0.07249630140193415,7.551102903641401,0.6677838261884359,200-499,eligible,0.0,0.0,0.0
13532,Guderian's Blitzkrieg II,2001.0,305,8.431311358463237,7.867465368394258,0.5638459900689785,7.950136290421682,0.48117506804155497,0.06833616082559017,8.29737248324508,0.4299071148508218,200-499,eligible,0.0,0.0,0.0
14188,Bughouse Chess,1960.0,362,7.9287325922212455,6.356477613193304,1.5722549790279414,6.388166092639064,1.540566499582181,0.06272580023108781,7.8057900237683135,1.4493124105750093,200-499,eligible,0.0,0.0,0.0
18098,Napoleon's Triumph,2007.0,1764,8.454166066588618,7.935150908003747,0.519015158584871,7.823214521406445,0.6309515451821728,0.028415231947504643,8.398472211971509,0.46332130396776194,1k-2.5k,borderline,0.0,0.0,0.0
20266,"Bitter End: Attack to Budapest, 1945",2005.0,126,7.662833486824407,7.205663315190561,0.45717017163384543,7.2838492792502585,0.3789842075741481,0.10632006251327562,7.454446164298386,0.24878284910782522,100-199,eligible,0.0,0.0,0.0
20437,Lords of Vegas,2010.0,7719,7.714378988425345,7.241092521195764,0.4732864672295811,7.300551905874524,0.4138270825508208,0.013583759236730036,7.687754820321354,0.44666229912559025,5k-10k,exclude,0.0,0.0,0.0
20646,1824: Austria-Hungary,2005.0,154,8.510497294707323,7.822595767346392,0.6879015273609301,7.827732890797701,0.6827644039096219,0.09617011501190885,8.32200386928398,0.4994081019375888,100-199,eligible,1.0,0.0,0.0
23995,No Peace Without Spain!: The War of the Spanish Succession 1702-1713,2011.0,332,7.980556849209924,7.291918958268793,0.6886378909411306,7.332810191959078,0.6477466572508455,0.06549851505021835,7.852179759711496,0.5602608014427026,200-499,eligible,0.0,0.0,0.0
25727,Lock 'n Load Tactical: Day of Heroes,2008.0,303,7.77161461229325,7.277818637728277,0.49379597456497315,7.209555148865666,0.562059463427584,0.06856132176790099,7.637234421628165,0.3594157838998872,200-499,eligible,0.0,0.0,0.0
33003,The Caucasus Campaign,2009.0,436,7.976761812880752,7.420094181131116,0.5566676317496357,7.505826221297504,0.47093559158324805,0.05715539772594908,7.864737233337892,0.4446430522067755,200-499,eligible,0.0,0.0,0.0
35285,Prussian Rails,2008.0,988,7.663778655414595,7.0191340072595825,0.6446446481550128,7.253510072598431,0.4102685828161645,0.03796837616170145,7.58936063813766,0.5702266308780779,500-999,eligible,0.0,0.0,0.0
37836,"Julius Caesar: Caesar, Pompey, and the Roman Civil War",2010.0,1691,8.171563808652932,7.451264526434782,0.72029928221815,7.542690966828895,0.6288728418240375,0.029022090500466315,8.114680511272018,0.663415984837236,1k-2.5k,eligible,0.0,0.0,0.0
43526,Germantown,2010.0,179,7.735016963138965,7.258249167683909,0.4767677954550562,7.291055593510423,0.4439613696285418,0.08920187441025379,7.560181289294867,0.3019321216109588,100-199,eligible,0.0,0.0,0.0
57998,Boże Igrzysko,2010.0,268,8.002885928807913,7.2700483065906845,0.7328376222172288,7.268422350444865,0.734463578363048,0.07290093506392567,7.860000096082619,0.5899517894919345,200-499,eligible,0.0,0.0,0.0
82420,Summoner Wars: Guild Dwarves vs Cave Goblins,2009.0,2362,7.7930304566853685,6.935422236574517,0.8576082201108512,6.926009735403223,0.8670207212821452,0.024556165358439002,7.744900372582828,0.8094781360083108,1k-2.5k,borderline,0.0,0.0,0.0
82421,Summoner Wars: Phoenix Elves vs Tundra Orcs,2009.0,2634,7.759804049919784,7.12862324869635,0.6311808012234339,7.121066916309605,0.6387371336101788,0.023253729196082644,7.714226740695461,0.5856034919991119,2.5k-5k,exclude,0.0,0.0,0.0
83283,Volo,2010.0,101,7.967566568208754,6.838048425883477,1.1295181423252778,6.834259132448565,1.133307435760189,0.11875169273608258,7.734813250446033,0.8967648245625559,100-199,eligible,0.0,0.0,0.0
99358,Stonewall Jackson's Way II: Battles of Bull Run,2013.0,324,9.102288001734976,7.816764010063803,1.2855239916711731,7.824038152174349,1.278249849560627,0.06630220787751083,8.972335674295055,1.155571664231252,200-499,eligible,0.0,0.0,0.0
113927,Nightfall: The Coldest War,2012.0,449,7.552690622705081,6.818830745204847,0.7338598775002341,6.943004713266827,0.6096859094382543,0.056321903655634845,7.442299691540037,0.6234689463351898,200-499,eligible,0.0,0.0,0.0
125993,France '40,2013.0,390,8.062058530746109,7.541672574295168,0.5203859564509408,7.532912108455559,0.52914642229055,0.060432170437908016,7.943611476687809,0.4019389023926411,200-499,eligible,0.0,0.0,0.0
128425,Asteriated Grail,2010.0,156,7.8831851516459555,6.909736548918616,0.9734486027273395,6.954796515037012,0.9283886366089433,0.09555165126564223,7.695903915165297,0.7861673662466807,100-199,eligible,0.0,0.0,0.0
144864,Ascension: Darkness Unleashed,2013.0,1025,7.626337715531724,7.073643748959112,0.5526939665726118,7.1760522275403,0.4502854879914242,0.037276794812704454,7.553275197698824,0.4796314487397111,1k-2.5k,eligible,0.0,0.0,0.0
153625,Han,2014.0,354,7.729112032176084,6.662243484574251,1.0668685476018327,6.825460321278676,0.9036517108974076,0.06343060662463253,7.604788043191804,0.9425445586175529,200-499,eligible,0.0,0.0,0.0
156129,Deception: Murder in Hong Kong,2014.0,23119,7.728200630861079,7.317493255309737,0.4107073755513424,7.402093555784663,0.3261070750764157,0.007849029717005095,7.712816532615749,0.3953232773060124,10k-25k,exclude,0.0,0.0,0.0
161936,Pandemic Legacy: Season 1,2015.0,51131,8.739320408937298,8.321878743089632,0.4174416658476652,8.251563308216175,0.4877571007211223,0.005277865913248614,8.728975791747331,0.4070970486576979,25k+,exclude,0.0,1.0,1.0
162384,Imperial Stars II,2014.0,124,7.587657306127106,6.99106436625746,0.5965929398696463,7.158022531113279,0.4296347750138274,0.10717405263794114,7.377596162956741,0.3865317966992817,100-199,eligible,0.0,0.0,0.0
161882,Irish Gauge,2014.0,3497,7.815964900836607,7.262253596755285,0.5537113040813226,7.5178470294896425,0.29811787134696477,0.020181464564099673,7.776409230290972,0.5141556335356873,2.5k-5k,exclude,0.0,0.0,0.0
175973,The Hunters A.D. 2114,2019.0,419,8.16585641566127,7.709472501639022,0.45638391402224876,7.670210168231787,0.4956462474294838,0.05830334666389621,8.051581856200034,0.3421093545610122,200-499,eligible,0.0,1.0,0.0
184145,Flash Duel: Revised Second Edition,2015.0,156,7.573229835952584,6.358339060965756,1.214890774986828,6.403797645742397,1.1694321902101867,0.09555165126564223,7.385948599471925,1.0276095385061692,100-199,eligible,0.0,0.0,0.0
184424,Mega Civilization,2015.0,1035,8.616270610757237,7.782888694970321,0.8333819157869158,7.6726316640637275,0.9436389466935093,0.0370962765856366,8.543561908649389,0.760673213679068,1k-2.5k,eligible,0.0,0.0,0.0
200247,Austerlitz 1805: Rising Eagles,2016.0,255,8.599361732565319,7.596228009433343,1.0031337231319757,7.795770919876723,0.8035908126885953,0.07473609562585398,8.452878985138645,0.8566509757053019,200-499,eligible,0.0,0.0,0.0
200853,Habitats,2016.0,2370,7.771037177379957,7.125418026857428,0.6456191505225286,7.174873390991186,0.5961637863887708,0.02451468531977318,7.722988394153202,0.5975703672957732,1k-2.5k,borderline,0.0,0.0,0.0
211734,Master of Respect,2016.0,417,7.630497641652315,6.922952560426795,0.7075450812255202,6.924240822323334,0.7062568193289813,0.058442995598473706,7.515949370279307,0.5929968098525117,200-499,eligible,0.0,0.0,0.0
212346,Shadows of Brimstone: Forbidden Fortress,2018.0,677,8.519782242632955,7.633804975539608,0.885977267093347,7.61544829750029,0.9043339451326649,0.04586761531684457,8.42988171661194,0.7960767410723316,500-999,eligible,0.0,1.0,0.0
212581,Mega Man Pixel Tactics: Proto Man Red,2017.0,144,7.6289524434886955,7.00189827640178,0.6270541670869152,6.962528668973636,0.6664237745150592,0.09945331181626625,7.434023952328814,0.4321256759270333,100-199,eligible,0.0,0.0,0.0
207951,Tintas,2016.0,312,8.107522688894388,6.592813363317967,1.5147093255764208,6.626678095022649,1.4808445938717387,0.06756522056350776,7.975094856589913,1.3822814932719456,200-499,eligible,0.0,0.0,0.0
209641,Warpgate,2019.0,459,7.843685493812472,7.296518671819987,0.5471668219924846,7.254435856748779,0.5892496370636922,0.05570499673077806,7.734503700220147,0.43798502840015957,200-499,eligible,0.0,0.0,0.0
226213,Cursed Court,2017.0,828,7.571277053263758,6.810886496388388,0.7603905568753699,6.850828541167624,0.7204485120961337,0.04147489807880861,7.4899862530292936,0.679099756640905,500-999,eligible,0.0,0.0,0.0
226802,Galilean Moons,2020.0,142,7.662987690683444,6.934830644052376,0.7281570466310683,6.794537837597574,0.8684498530858704,0.10015123835649417,7.466691263504716,0.5318606194523396,100-199,eligible,0.0,0.0,0.0
227127,Europe in Turmoil: Prelude to the Great War,2018.0,305,8.444792479011667,7.705056137871688,0.7397363411399791,7.757019930401217,0.6877725486104502,0.06833616082559017,8.310853603793511,0.6057974659218224,200-499,eligible,0.0,0.0,0.0
225244,Ticket to Ride: Germany,2017.0,1783,7.834422687193688,7.040761834850768,0.7936608523429198,7.1221744030249,0.7122482841687878,0.0282634272885552,7.779026369708119,0.7382645348573517,1k-2.5k,borderline,0.0,0.0,0.0
232832,Century: Golem Edition,2017.0,12733,7.844003700978381,7.384504937662578,0.4594987633158025,7.497367377739206,0.34663632323917515,0.010576333243983294,7.823274087820174,0.43876915015759527,10k-25k,exclude,0.0,0.0,0.0
238026,Greater East Asia Co-Prosperity Sphere: War in Asia and the Pacific,2017.0,102,7.960592582786884,7.447863732850429,0.5127288499364546,7.290519107712026,0.670073475074858,0.1181681428029229,7.728983022893155,0.28111929004272573,100-199,eligible,0.0,0.0,0.0
244114,Yellow & Yangtze,2018.0,2816,8.366636967280952,7.845811057454803,0.520825909826149,7.946280925519208,0.42035604176174424,0.022489726326325517,8.322557103681355,0.4767460462265509,2.5k-5k,exclude,0.0,0.0,0.0
266964,Dice Throne: Season Two – Seraph v. Vampire Lord,2018.0,1032,7.938836830548135,7.3634712040016,0.5753656265465352,7.3081786176164005,0.6306582129317349,0.0371501564638293,7.86602252387903,0.5025513198774298,1k-2.5k,eligible,0.0,0.0,0.0
267304,Mega Empires: The West,2019.0,366,8.65455353802916,7.608646555247452,1.045906982781709,7.477914607068243,1.1766389309609178,0.062382094629127645,8.53228463255607,0.9236380773086187,200-499,eligible,0.0,0.0,0.0
268586,6 nimmt! 25 Jahre,2019.0,2513,7.516844827824821,7.081843537737656,0.4350012900871647,7.149037789717019,0.36780703810780224,0.02380697695486513,7.470183152993285,0.38833961525562904,2.5k-5k,exclude,0.0,0.0,0.0
286343,Conflict of Heroes: Awakening the Bear – Operation Barbarossa 1941 (Third Edition),2019.0,325,8.377959357867717,7.895793814094624,0.4821655437730925,7.921914411638786,0.4560449462289302,0.06620012589567814,8.248207111112187,0.35241329701756335,200-499,eligible,0.0,0.0,0.0
286344,Conflict of Heroes: Storms of Steel – Kursk 1943 (Third Edition),2019.0,369,8.508850892850594,7.875989495334856,0.6328613975157378,7.964542025908234,0.5443088669423606,0.06212799135450743,8.38708002979576,0.5110905344609032,200-499,eligible,0.0,0.0,0.0
286428,"Wits & Wagers: It's Vegas, Baby!",2019.0,1026,7.676242203785407,6.735447827874653,0.9407943759107535,6.806112024225465,0.8701301795599417,0.037258624304770005,7.603215300148057,0.8677674722734043,1k-2.5k,eligible,0.0,0.0,0.0
287450,Nothing Personal (Revised Edition),2019.0,138,7.629914199227693,7.166746762058388,0.46316743716930553,7.099369179824896,0.5305450194027976,0.10159233742701944,7.430793217870735,0.2640464558123474,100-199,eligible,0.0,0.0,0.0
290829,Fresco: Mega Box,2020.0,111,8.225438641903068,7.255547408829733,0.9698912330733354,7.246441896352804,0.9789967455502637,0.11327628733737072,8.00341711872182,0.7478697098920888,100-199,eligible,0.0,0.0,0.0
299317,Aeon's End: Outcasts,2020.0,1087,8.807349215333737,7.815609015286858,0.9917402000468787,7.927205744739425,0.8801434705943123,0.036198095693381636,8.736400947774708,0.9207919324878506,1k-2.5k,eligible,0.0,1.0,0.0
299371,The Emerald Flame,2021.0,297,8.559843583356756,7.913681179943108,0.6461624034136477,7.896892969331951,0.6629506140248047,0.06925039759202693,8.424112804076383,0.5104316241332749,200-499,eligible,0.0,1.0,0.0
299452,Dale of Merchants 3,2020.0,794,7.899841376187654,7.293402421556756,0.6064389546308977,7.3186886993041025,0.5811526768835513,0.04235359160727096,7.8168283366374025,0.5234259150806466,500-999,eligible,0.0,0.0,0.0
310442,Feierabend,2020.0,494,7.551776730486465,7.087964235408656,0.46381249507780975,7.062622127894516,0.48915460259194976,0.05369539250916151,7.446533761168509,0.3585695257598532,200-499,eligible,0.0,0.0,0.0
318472,Blood Bowl: Second Season Edition,2020.0,963,8.675588729682802,8.186691532509093,0.48889719717370994,8.204742710698223,0.4708460189845791,0.03845805819568834,8.600210935619254,0.4135194031101608,500-999,eligible,0.0,0.0,0.0
318474,Who Goes There? 2nd Edition,2021.0,312,7.892272117852087,7.394738349662948,0.49753376818913964,7.44376764813614,0.4485044697159477,0.06756522056350776,7.759844285547612,0.36510593588466445,200-499,eligible,0.0,0.0,0.0
318546,CoraQuest,2021.0,1235,7.878865537215385,7.353717304674561,0.5251482325408245,7.437422681240118,0.441442855975267,0.033959948037138796,7.812304039062593,0.4585867343880325,1k-2.5k,eligible,0.0,1.0,0.0
318709,For Sale Autorama,2021.0,520,7.704089664157911,7.213342459449972,0.4907472047079384,7.253957554053001,0.45013211010491005,0.05233579480505931,7.601511506339994,0.3881690468900222,500-999,eligible,0.0,0.0,0.0
323784,Ghost Letters,2020.0,264,7.6878799600877175,7.080562848697237,0.6073171113904801,7.064030303984222,0.6238496561034959,0.0734511386057802,7.543915728420388,0.46335287972315087,200-499,eligible,0.0,0.0,0.0
324320,Planet etuC,2020.0,280,7.681839148849474,6.754615489907055,0.9272236589424194,6.777649285123154,0.9041898637263204,0.07132166614551344,7.542048683204268,0.7874331932972131,200-499,eligible,0.0,0.0,0.0
324344,Twinkle Starship,2020.0,264,7.955937487615062,6.941540184833389,1.0143973027816724,6.9603269456775365,0.9956105419375252,0.0734511386057802,7.811973255947732,0.8704330711143432,200-499,eligible,0.0,0.0,0.0
324711,Schadenfreude,2020.0,821,8.334325814342495,7.158719469183561,1.1756063451589345,7.105553756317558,1.228772058024937,0.041651334175591526,8.252689199358336,1.093969730174775,500-999,eligible,0.0,0.0,0.0
329873,Grove: 9 card solitaire game,2021.0,2256,7.782871890991841,7.31312245572766,0.46974943526418134,7.289079848655538,0.49379204233630336,0.025126439280748845,7.733624070001573,0.4205016142739136,1k-2.5k,borderline,0.0,0.0,0.0
331259,Sleeping Gods: Kickstarter Edition,2021.0,315,8.676128674113004,7.644739703241706,1.0313889708712978,7.684568225586592,0.9915604485264122,0.06724271170268742,8.544332959175737,0.8995932559340305,200-499,eligible,0.0,1.0,0.0
341753,Tholos,2021.0,370,7.641488639937717,7.199534274498502,0.44195436543921485,7.216879019509729,0.42460962042798744,0.06204397780511476,7.519882443439692,0.3203481689411899,200-499,eligible,0.0,0.0,0.0
342508,Snapshot: Wildlife Photographer,2021.0,123,7.564852797076833,7.062079369471915,0.502773427604918,7.019787276679111,0.5450655203977224,0.10760883759820682,7.3539394753843474,0.2918601059124327,100-199,eligible,0.0,0.0,0.0
347112,Secret Identity,2022.0,925,7.691148303514825,7.087241371221877,0.603906932292948,7.108310206512797,0.5828380970020275,0.03924005699221943,7.6142377918100745,0.526996420588198,500-999,eligible,0.0,0.0,0.0
347767,Ostia,2022.0,508,8.271735481803697,7.845222485892005,0.42651299591169156,7.829527269889837,0.44220821191385973,0.05295032617389262,8.167952842502867,0.322730356610862,500-999,eligible,0.0,0.0,0.0
347900,Tin Helm,2021.0,546,7.609715624072068,7.010776239027521,0.598939385044547,7.065500189211857,0.5442154348602113,0.05107450596807683,7.5096095923746375,0.4988333533471164,500-999,eligible,0.0,0.0,0.0
349703,Race! Formula 90: 2nd Edition,2023.0,239,9.03671703784806,8.246800459269704,0.7899165785783566,8.346580766928874,0.6901362709191865,0.07719719945535404,8.885410526915566,0.6386100676458627,200-499,eligible,0.0,0.0,0.0
359929,Hachi Train,2021.0,104,8.08936433351446,6.840239215644502,1.2491251178699585,6.83929034597498,1.25007398753948,0.11702639484059296,7.8599925996268984,1.0197533839823962,100-199,eligible,0.0,0.0,0.0
360152,Marvel Dice Throne: Black Widow v. Doctor Strange,2022.0,464,7.9678949915314226,7.540858405334276,0.42703658619714613,7.523634406399339,0.444260585132084,0.05540404911164805,7.859303055272592,0.31844464993831595,200-499,eligible,0.0,0.0,0.0
360332,Masters of the Universe: Battleground,2022.0,158,8.107071534526003,7.510724951456716,0.5963465830692876,7.6332522547349235,0.47381927979107985,0.09494496798099698,7.920979397283249,0.4102544458265335,100-199,eligible,0.0,0.0,0.0
360931,DC Deck-Building Game: Injustice,2023.0,149,7.879686349755547,7.45600871623895,0.42367763351659704,7.531377478547826,0.34830887120772047,0.09777039316946254,7.6880563791434,0.23204766290445047,100-199,eligible,0.0,0.0,0.0
367396,Avalon: Big Box,2022.0,398,8.346901925748652,7.410072508912275,0.9368294168363764,7.484410324550556,0.8624916011980961,0.05982172882354406,8.229651337254506,0.8195788283422301,200-499,eligible,0.0,0.0,0.0
367625,Set A Watch: Forsaken Isles,2024.0,121,8.161960359969784,7.670774184685568,0.4911861752842164,7.637536891584974,0.5244234683848106,0.10849452198138136,7.949311096886277,0.2785369122007089,100-199,eligible,0.0,1.0,0.0
368046,La Bête,2022.0,232,7.671660273853918,7.207479177497804,0.46418109635611415,7.317096166630945,0.3545641072229735,0.07835315766407769,7.518088084832326,0.3106089073345219,200-499,eligible,0.0,0.0,0.0
398162,MicroMacro: Crime City – Showdown,2023.0,452,8.274026909309363,7.0223735564075245,1.2516533529018385,7.100988723175883,1.1730381861334802,0.0561346835132536,8.164002929623386,1.1416293732158616,200-499,eligible,0.0,1.0,0.0
398996,Panda Royale,2024.0,206,7.7566623171046425,7.003910783204335,0.7527515339003079,7.0408984825249945,0.715763834579648,0.08315088686763761,7.593686578844073,0.5897757956397383,200-499,eligible,0.0,0.0,0.0
400617,Mythic Mischief Vol. II,2024.0,112,8.134382487398797,7.634036903988514,0.500345583410283,7.670088941389766,0.4642935460090314,0.11276945576897227,7.913354354091612,0.2793174501030974,100-199,eligible,0.0,0.0,0.0
401493,FateFlip: Washed Ashore,2024.0,178,7.5393754352052476,6.633644100218271,0.9057313349869762,6.708965950697536,0.8304094845077117,0.08945209053825372,7.36404933775027,0.7304052375319989,100-199,eligible,0.0,0.0,0.0
405460,CATsle Builders,2023.0,130,8.226736586299314,7.290498702485461,0.9362378838138525,7.21877357171978,1.0079630145795342,0.10467158961011862,8.021580270663481,0.7310815681780201,100-199,eligible,0.0,0.0,0.0
406174,Kinfire Delve: Callous' Lab,2024.0,284,8.423013689410212,7.5520401052517325,0.8709735841584791,7.535971002469928,0.8870426869402834,0.07081761978610727,8.28421115462944,0.7321710493777089,200-499,eligible,0.0,1.0,0.0
406322,Saboteur: 20 Jahre-Edition,2024.0,239,7.819608705673618,7.343479039110456,0.47612966656316225,7.40443114904426,0.4151775566293576,0.07719719945535404,7.668302194741124,0.3248231556306683,200-499,eligible,0.0,0.0,0.0
408836,Aqua ROVE: Results-Oriented Versatile Explorer,2024.0,145,7.96313453405051,7.109825894134268,0.853308639916242,7.140220938810341,0.8229135952401689,0.09910977603390549,7.768879373024055,0.6590534788897873,100-199,eligible,0.0,0.0,0.0
150,PitchCar,1995.0,11175,7.615857162300742,6.692312405814821,0.9235447564859207,6.679431576133343,0.9364255861673989,0.011289552563032948,7.593729639277197,0.9014172334623761,10k-25k,exclude,0.0,0.0,0.0
154,Union vs. Central,1999.0,110,7.573011873872863,7.029104314027981,0.5439075598448824,7.026200862236584,0.5468110116362794,0.11379001463206377,7.3499834451940185,0.3208791311660374,100-199,eligible,0.0,0.0,0.0
1821,Grant Takes Command,2001.0,288,8.339677299821991,7.513612912290874,0.8260643875311171,7.672349878820668,0.6673274210013229,0.07032411119674206,8.201842041876377,0.6882291295855026,200-499,eligible,0.0,0.0,0.0
3406,Lines of Action,1969.0,557,7.539860150196591,6.581634716570571,0.9582254336260201,6.566290071179104,0.9735700790174873,0.050567664771669366,7.4407475272441195,0.8591128106735482,500-999,eligible,0.0,0.0,0.0
3412,Brandywine,2000.0,216,7.6187787113250796,7.056101107005482,0.5626776043195978,7.10653171720365,0.5122469941214298,0.0812032890599204,7.4596202647676355,0.4035191577621538,200-499,eligible,0.0,0.0,0.0
3523,Decision At Kasserine: Rommel's Last Chance,1983.0,103,7.50775234395977,6.9297642469016765,0.5779880970580935,7.01200860759209,0.49574373636767977,0.11759311193156399,7.277269844573905,0.3475055976722281,100-199,eligible,0.0,0.0,0.0
3605,The Third World War: Battle for Germany,1984.0,442,7.963252239986311,7.244548764221079,0.7187034757652313,7.359607757317091,0.6036444826692193,0.05676613963682381,7.851990606298136,0.6074418420770566,200-499,eligible,0.0,0.0,0.0
11057,The Great Battles of Alexander: Deluxe Edition,1995.0,714,7.991412751515143,7.436424327889224,0.554988423625919,7.6339578311619345,0.35745492035320847,0.044663359820985855,7.903872566266011,0.4674482383767868,500-999,eligible,0.0,0.0,0.0
11170,Heroscape Master Set: Rise of the Valkyrie,2004.0,7868,7.539258609853374,7.018960683573653,0.5202979262797216,7.075357521878761,0.46390108797461327,0.013454523458173865,7.512887743875353,0.4939270603017008,5k-10k,exclude,0.0,0.0,0.0
11436,La Bataille d'Orthez,2000.0,116,7.831673449932202,7.397249590890713,0.4344238590414893,7.391022180023418,0.4406512699087841,0.1108080982232961,7.614489577414542,0.21723998652382892,100-199,eligible,0.0,0.0,0.0
16747,Tumblin' Dice,2004.0,4786,7.619640926524079,6.524368242959536,1.0952726835645432,6.547241606818034,1.0723993197060455,0.01725099497664168,7.585828976369862,1.0614607334103254,2.5k-5k,exclude,0.0,0.0,0.0
21551,SPQR (Deluxe Edition),2008.0,867,8.270033227834181,7.84290963544913,0.42712359238505115,7.966113403194264,0.30391982463991773,0.04053133859923843,8.190591804179673,0.3476821687305438,500-999,eligible,0.0,0.0,0.0
21779,1914: Twilight in the East,2007.0,189,8.283356778744976,7.8109980501659795,0.4723587285789961,7.9214903388398845,0.36186643990509104,0.08680996752611164,8.113209242393797,0.3022111922278172,100-199,eligible,0.0,0.0,0.0
42910,Peloponnes,2009.0,2936,7.601884738863157,7.112805212551375,0.489079526311782,7.149165216036359,0.45271952282679884,0.022025332341344045,7.558715087474123,0.44590987492274764,2.5k-5k,exclude,0.0,0.0,0.0
58624,Storm Over Dien Bien Phu,2014.0,212,7.879551152036691,7.304425597573033,0.575125554463658,7.201509659168144,0.6780414928685472,0.0819657779858829,7.7188982271843605,0.41447262961132747,200-499,eligible,0.0,0.0,0.0
59335,Wherewolf,2009.0,164,7.505710001170089,6.334947442025257,1.1707625591448316,6.291528211380209,1.2141817897898797,0.09319198703176114,7.323053706587837,0.9881062645625798,100-199,eligible,0.0,0.0,0.0
61458,Kaigan,2009.0,459,7.597244757919161,6.972491206243019,0.6247535516761422,6.992021352056996,0.6052234058621648,0.05570499673077806,7.488062964326836,0.5155717580838172,200-499,eligible,0.0,0.0,0.0
67199,The Coming Storm: Quadrigame of the Fourth Coalition October 1806 - June 1807,2010.0,132,8.216467481879732,7.309230601725922,0.9072368801538104,7.433702524422552,0.7827649574571804,0.1038755963880404,8.012871312959174,0.7036407112332512,100-199,eligible,0.0,0.0,0.0
68076,Conflict of Heroes: Guadalcanal – The Pacific 1942,2016.0,489,8.164463255512826,7.662505787705575,0.5019574678072516,7.578891334925819,0.5855719205870074,0.05396921066675138,8.058683602605994,0.39617781490041887,200-499,eligible,0.0,0.0,0.0
68199,Catchup,2010.0,135,8.018880163988579,6.528659065363479,1.4902210986250992,6.624218325742067,1.3946618382465115,0.10271493877055267,7.817558883998295,1.288899818634816,100-199,eligible,0.0,0.0,0.0
97683,Age of Rail: South Africa,2011.0,277,8.731969342439568,6.95518779732582,1.7767815451137476,7.009799235172364,1.7221701072672033,0.07170684446121928,8.591423927295578,1.6362361299697579,200-499,eligible,0.0,0.0,0.0
103670,Dust Warfare: Core Rulebook,2012.0,138,7.578254355872066,7.143191476212978,0.4350628796590881,7.1188543290177595,0.4594000268543068,0.10159233742701944,7.379133374515108,0.23594189830212997,100-199,eligible,0.0,0.0,0.0
108687,Puerto Rico,2011.0,5629,8.612416966736454,7.699668005207418,0.9127489615290365,7.759049402975839,0.8533675637606155,0.015906875117897172,8.581239491505375,0.881571486297958,5k-10k,exclude,0.0,0.0,0.0
129122,Band of Brothers: Ghost Panzer,2013.0,420,8.209231881375956,7.420006407750661,0.7892254736252955,7.4402652281471156,0.7689666532288406,0.05823389655388047,8.09509344413035,0.6750870363796898,200-499,eligible,0.0,0.0,0.0
129156,"Celles: The Ardennes, December 23-27, 1944",2012.0,382,8.019109969489921,7.253910678916137,0.7651992905737846,7.364321164985903,0.6547888045040189,0.0610616892020676,7.899429058653869,0.6455183797377321,200-499,eligible,0.0,0.0,0.0
147190,Yggdrasil (Second Edition with Asgard Expansion),2013.0,250,7.941970165184061,6.845903818343208,1.0960663468408525,6.870128926260438,1.0718412389236223,0.07547975668472127,7.794029842082007,0.9481260237387987,200-499,eligible,0.0,1.0,0.0
154910,Darklight: Memento Mori,2018.0,428,8.117082901044968,7.622451247684506,0.49463165336046266,7.605976110792138,0.5111067902528301,0.0576870872935325,8.004016209949645,0.381564962265139,200-499,eligible,0.0,1.0,0.0
158889,Summoner Wars: Alliances Master Set,2014.0,1794,8.286580762765244,7.3532635542087625,0.9333172085564811,7.327950251693901,0.9586305110713429,0.028176644752873684,8.231354539049612,0.8780909848408487,1k-2.5k,borderline,0.0,0.0,0.0
159469,Ortus Regni,2014.0,602,8.03562590893062,7.4481100692084805,0.5875158397221387,7.3331703625723925,0.7024555463582267,0.048640972592843064,7.9402896026486465,0.4921795334401663,500-999,eligible,0.0,0.0,0.0
175223,Valley of the Kings: Afterlife,2015.0,1996,7.580595467537578,7.143812477699749,0.4367829898378295,7.217892077070777,0.3627033904668009,0.026712850116953686,7.528238281308349,0.38442580360860024,1k-2.5k,borderline,0.0,0.0,0.0
178212,Treasure Mountain,2019.0,182,7.652446198801517,7.016553226709943,0.6358929720915736,6.922505904312398,0.7299402944891185,0.08846363930818893,7.479057465757466,0.46250423904752325,100-199,eligible,0.0,0.0,0.0
178550,Spheres of Influence: Struggle for Global Supremacy,2016.0,392,7.964695200427984,7.175104432959213,0.7895907674687717,7.145967475359679,0.8187277250683049,0.06027780959720748,7.846550693617457,0.671446260658245,200-499,eligible,0.0,0.0,0.0
182982,Horse & Musket: Dawn of an Era,2017.0,124,8.070850873864464,7.282775334050848,0.7880755398136152,7.358739015379754,0.7121118584847093,0.10717405263794114,7.860789730694099,0.5780143966432506,100-199,eligible,0.0,0.0,0.0
188885,Grasse: Mestres Perfumistas,2018.0,101,7.921281126850633,6.940188596553167,0.9810925302974658,6.860989874976726,1.060291251873907,0.11875169273608258,7.688527809087911,0.7483392125347439,100-199,eligible,0.0,0.0,0.0
195372,Krazy Wordz: Nicht 100% jugendfrei,2016.0,1080,7.590985157725267,6.682965831691176,0.9080193260340916,6.76741628665928,0.8235688710659872,0.036315214866909404,7.519807336586125,0.8368415048949492,1k-2.5k,eligible,0.0,0.0,0.0
206490,An Infamous Traffic,2016.0,726,8.052590852494932,7.584403909979898,0.46818694251503423,7.782466292872998,0.2701245596219337,0.04429270312359295,7.96577715437269,0.3813732443927921,500-999,eligible,0.0,0.0,0.0
219650,Arydia: The Paths We Dare Tread,2025.0,637,9.388250917291272,8.322519916628782,1.06573100066249,8.333870037148174,1.054380880143098,0.04728580421119867,9.295570741037322,0.9730508244085406,500-999,eligible,0.0,1.0,0.0
220827,Planet Apocalypse,2020.0,706,8.161401031210083,7.732051783688222,0.429349247521861,7.772377392150343,0.38902363905974013,0.0449156971951585,8.073366264707573,0.34131448101935036,500-999,eligible,0.0,1.0,0.0
240271,Core Space,2019.0,770,8.39679021852471,7.824063015039595,0.5727272034851154,7.822869931786821,0.5739202867378896,0.04300858291412024,8.312493396013036,0.4884303809734397,500-999,eligible,0.0,1.0,0.0
242227,"Nightfighter Ace: Air Defense Over Germany, 1943-44",2018.0,256,8.020507507385547,7.4953849351837825,0.5251225722017647,7.496554629976401,0.5239528774091458,0.07458998386219969,7.874311139015636,0.3789262038318534,200-499,eligible,0.0,0.0,0.0
249381,The Estates,2018.0,4020,8.012692159120972,7.56673321551655,0.44595894360442223,7.548306150425596,0.46438600869537616,0.0188229404950355,7.975799195750702,0.40906598023415264,2.5k-5k,exclude,0.0,0.0,0.0
254708,Roll Player Adventures,2021.0,1947,8.39461804491672,7.537125591936027,0.8574924529806935,7.6381403623432576,0.7564776825734629,0.027046901542485163,8.34160611789345,0.8044805259574226,1k-2.5k,borderline,0.0,1.0,0.0
255392,The Acts,2018.0,118,7.58842317432404,6.818383850567116,0.7700393237569241,6.784979436444482,0.803443737879558,0.10986503342877853,7.373087708803634,0.5547038582365181,100-199,eligible,0.0,0.0,0.0
255516,Brave Little Belgium,2019.0,201,7.864816876399458,7.368343127145616,0.496473749253842,7.405514833737952,0.4593020426615064,0.08417874896666583,7.6998265284247935,0.33148340127917697,200-499,eligible,0.0,0.0,0.0
259121,Less Than 60 Miles,2019.0,101,8.648837329259095,7.999830488800043,0.6490068404590517,8.104493416335988,0.5443439129231074,0.11875169273608258,8.416084011496373,0.4162535226963298,100-199,eligible,0.0,0.0,0.0
260234,Middle-Earth Strategy Battle Game: Rules Manual,2018.0,144,8.842478847140908,7.273310230295314,1.5691686168455945,7.299323826051387,1.5431550210895217,0.09945331181626625,8.647550355981027,1.3742401256857126,100-199,eligible,0.0,0.0,0.0
261114,Men at Work,2018.0,3519,7.526198065821401,7.11161453608614,0.41458352973526047,7.052767436092756,0.4734306297286448,0.020118280657724107,7.4867662357322615,0.3751516996461212,2.5k-5k,exclude,0.0,0.0,0.0
270633,Aeon's End: The New Age,2019.0,2859,8.76622729807018,7.846922487020503,0.9193048110496775,7.966757310875465,0.7994699871947155,0.022319960319074142,8.722480175844796,0.8755576888242922,2.5k-5k,exclude,0.0,1.0,0.0
276169,For What Remains: Streets of Ruin,2020.0,135,8.036951564738006,7.530231333736195,0.5067202310018111,7.399045441272298,0.637906123465708,0.10271493877055267,7.835630284747722,0.3053989510115278,100-199,eligible,0.0,0.0,0.0
291794,Dice Throne: Season One ReRolled,2020.0,2794,8.41650251131785,7.558429072189638,0.8580734391282121,7.558178889900784,0.8583236214170658,0.022578094943074268,8.372249445229425,0.8138203730397865,2.5k-5k,exclude,0.0,0.0,0.0
298562,Minigolf Designer,2020.0,493,8.144384082263926,7.222537318584672,0.9218467636792536,7.146109134035278,0.9982749482286479,0.05374982272334899,8.039034429726161,0.8164971111414896,200-499,eligible,0.0,0.0,0.0
308368,Digimon Card Game,2020.0,175,7.64455187342677,6.626495234022283,1.0180566394044872,6.656116049342488,0.9884358240842817,0.09021556461517782,7.467729366781021,0.8412341327587387,100-199,eligible,0.0,0.0,0.0
308388,Egizia: Shifting Sands – Kickstarter Edition,2019.0,167,8.118981118295055,7.4464577741087155,0.6725233441863399,7.384468412704663,0.734512705590392,0.09235113988306634,7.937972884124245,0.49151511001552983,100-199,eligible,0.0,0.0,0.0
308762,Mystic Vale: Essential Edition,2020.0,611,8.127349296347505,7.399661823365609,0.7276874729818967,7.499723609392637,0.6276256869548682,0.04828140400466321,8.032717744498365,0.6330559211327569,500-999,eligible,0.0,0.0,0.0
315048,Survive: Escape from Atlantis!,2010.0,384,7.551906702794063,6.3813432953587945,1.1705634074352682,6.474465280048333,1.0774414227457294,0.06090246679494031,7.43253786787598,1.0511945725171852,200-499,eligible,0.0,0.0,0.0
315252,Murano: Complete Edition,2020.0,116,7.827608699495781,7.314186765720795,0.5134219337749863,7.344930405333605,0.48267829416217634,0.1108080982232961,7.610424826978121,0.296238061257326,100-199,eligible,0.0,0.0,0.0
315976,Dungeon Fighter in the Chambers of Malevolent Magma,2022.0,107,7.976946063049983,7.155774334787594,0.8211717282623887,7.157688439119832,0.8192576239301506,0.115374174587065,7.750812680859336,0.5950383460717413,100-199,eligible,0.0,1.0,0.0
316343,Capital Lux 2: Pocket,2021.0,299,8.028935439312766,7.2609617488883735,0.7679736904243928,7.286696702643258,0.742238736669508,0.06901840230820955,7.893659370788676,0.6326976219003021,200-499,eligible,0.0,0.0,0.0
329089,A Most Fearful Sacrifice: The Three Days of Gettysburg,2022.0,214,8.75106994714782,8.242487482517811,0.5085824646300097,8.371843189118216,0.3792267580296045,0.08158186122431431,8.591169499148165,0.3486820166303536,200-499,eligible,0.0,0.0,0.0
334137,Top Ten 18+,2021.0,398,7.670333879403267,6.850509839017052,0.8198240403862149,6.866361314048463,0.8039725653548038,0.05982172882354406,7.553083290909121,0.7025734518920685,200-499,eligible,0.0,1.0,0.0
335446,Maximum Apocalypse: Wasted Wilds,2023.0,183,8.183419413049869,7.513668674306755,0.6697507387431134,7.417018862070135,0.7664005509797338,0.08822160427375413,8.01050506867331,0.49683639436655536,100-199,eligible,0.0,1.0,0.0
335764,"Unmatched: Battle of Legends, Volume Two",2021.0,2647,8.380901344042291,7.601181689179393,0.7797196548628982,7.675113873006117,0.7057874710361745,0.023196556820300057,8.335436092674502,0.7342544034951101,2.5k-5k,exclude,0.0,0.0,0.0
336847,Tyrants of the Underdark: Board Game,2021.0,2602,8.558942084044283,7.900885216767438,0.6580568672768443,8.02428505652411,0.5346570275201721,0.023396282127898384,8.513085371073602,0.6122001543061635,2.5k-5k,exclude,0.0,0.0,0.0
336849,Kemet: Blood and Sand – Kickstarter Edition,2021.0,269,8.510012963754527,8.002891241923903,0.5071217218306234,7.854473376809892,0.6555395869446343,0.07276530529982086,8.367392965366877,0.36450172344297455,200-499,eligible,0.0,0.0,0.0
346597,"Worldspanner Factions, Set 1: Heroes",2024.0,144,8.912937375932223,8.00680694343345,0.9061304324987738,8.055856204137397,0.8570811717948263,0.09945331181626625,8.718008884772342,0.7112019413388919,100-199,eligible,0.0,0.0,0.0
359315,Sorcery: Contested Realm,2022.0,143,8.5874483404266,7.947576319052372,0.639872021374229,7.8998733970373145,0.6875749433892864,0.09980044485011572,8.391839468520374,0.44426314946800227,100-199,eligible,0.0,0.0,0.0
359609,Arkham Horror: The Card Game (Revised Edition),2021.0,3235,8.853143167791815,8.305389888958192,0.547753278833623,8.171436320798282,0.6817068469935332,0.020982795759047424,8.812016888104083,0.50662699914589,2.5k-5k,exclude,0.0,1.0,0.0
359613,Triomphe à Marengo,2023.0,198,8.762329824228049,8.140648620922294,0.621681203305755,8.020250771983298,0.7420790522447511,0.08481406929266344,8.596094248414428,0.4554456274921347,100-199,eligible,0.0,0.0,0.0
371140,Ticket to Ride: Northern Lights,2022.0,223,8.097440438231734,7.106939479837788,0.9905009583939464,7.198466887125061,0.898973551106673,0.0799186362394187,7.940799911202474,0.8338604313646857,200-499,eligible,0.0,0.0,0.0
371433,Terrorscape,2023.0,1384,8.441678293544387,7.390620336814745,1.0510579567296414,7.467183517278636,0.9744947762657503,0.03207985900121295,8.37880176990201,0.988181433087264,1k-2.5k,eligible,0.0,0.0,0.0
386538,Astro Knights: Eternity,2024.0,316,8.648403452493088,7.88035621502838,0.7680472374647085,7.961461892092208,0.6869415604008804,0.0671362306989026,8.51681644032324,0.6364602252948595,200-499,eligible,0.0,1.0,0.0
386906,Bohnanza: Dahlias,2023.0,140,8.049672248703017,6.856279438815221,1.1933928098877953,6.784595434592198,1.2650768141108184,0.10086406755403113,7.851978676297115,0.9956992374818943,100-199,eligible,0.0,0.0,0.0
387866,Star Wars: Unlimited,2024.0,2151,8.355707862049519,7.552968467453331,0.8027393945961876,7.518727841183653,0.836980020865866,0.025732399818451344,8.305272358405354,0.752303890952023,1k-2.5k,borderline,0.0,0.0,0.0
390406,The Morrison Game Factory,2024.0,146,8.593847282891009,7.508896266524948,1.0849510163660607,7.527793644855315,1.0660536380356938,0.09876977580017929,8.400258522322657,0.8913622557977093,100-199,eligible,0.0,1.0,0.0
391795,Kinfire Delve: Vainglory's Grotto,2023.0,793,8.094351185562232,7.59029052893186,0.5040606566303723,7.5779141800750764,0.5164370054871554,0.0423802878542377,8.011285821367926,0.42099529243606637,500-999,eligible,0.0,1.0,0.0
392513,Mindbug: Beyond Eternity,2023.0,510,8.386332913498592,7.600071153980794,0.7862617595177976,7.5482273426099535,0.8381055708886382,0.05284640001644762,8.282753969466354,0.6826828154855603,500-999,eligible,0.0,0.0,0.0
220,High Society,1995.0,14540,7.57252370946446,6.815776549635938,0.7567471598285218,6.836671098227722,0.7358526112367381,0.009897335508000206,7.55312493186878,0.7373483822328414,10k-25k,exclude,0.0,0.0,0.0
552,Bus,1999.0,4136,8.283094723330892,7.2981649760195655,0.9849297473113268,7.3061903905850745,0.9769043327458178,0.018557105244414288,8.24672279705184,0.9485578210322747,2.5k-5k,exclude,0.0,0.0,0.0
631,Daytona 500,1990.0,1007,7.501685223900743,6.482758357725659,1.018926866175084,6.494187674574933,1.0074975493258105,0.03760847821780572,7.427972606593844,0.945214248868185,1k-2.5k,eligible,0.0,0.0,0.0
3263,Ukraine '43: The Soviet Summer Offensive Against Army Group South,2000.0,476,8.261351689446284,7.4607905560344285,0.8005611334118559,7.535342231057184,0.7260094583891004,0.054701220879869596,8.15413729652174,0.6933467404873115,200-499,eligible,0.0,0.0,0.0
6253,"'Wacht am Rhein': The Battle of the Bulge, 16 Dec 44 – 2 Jan 45",1977.0,137,7.559213421627537,7.139409379463276,0.4198040421642615,7.20157546297801,0.3576379586495273,0.10196243824262387,7.359367042671995,0.2199576632087187,100-199,eligible,0.0,0.0,0.0
8730,Flying Colors,2003.0,887,7.827703154849988,7.344643411367789,0.4830597434821984,7.475164577676356,0.3525385771736316,0.040071784759573244,7.749162456721224,0.4045190453534348,500-999,eligible,0.0,0.0,0.0
15274,La Bataille de la Moscowa,1975.0,129,7.842411861376383,7.231332394594565,0.6110794667818178,7.331182755687138,0.5112291056892451,0.10507651023085979,7.636461901323898,0.4051295067293326,100-199,eligible,0.0,0.0,0.0
18485,18MEX,2005.0,647,8.568871388950305,8.15314104224045,0.41573034670985365,8.258462466666067,0.3104089222842372,0.04691895767522434,8.476910231906865,0.32376918966641394,500-999,eligible,1.0,0.0,0.0
18746,Gustav Adolf the Great: With God and Victorious Arms,2006.0,263,8.081944982283245,7.642580766749603,0.4393642155336419,7.64168708650125,0.44025789578199515,0.07359064706691283,7.937707314032096,0.29512654728249277,200-499,eligible,0.0,0.0,0.0
19056,Square on Sale,2002.0,178,7.902040237077352,6.541796798147786,1.3602434389295661,6.56963092702456,1.3324093100527916,0.08945209053825372,7.726714139622374,1.1849173414745888,100-199,eligible,0.0,0.0,0.0
22161,WestFront II: The War in Europe 1943-45 – Second Edition,2006.0,184,8.142218568269248,7.414266091877211,0.7279524763920371,7.274327383595633,0.8678911846736153,0.08798154504163945,7.969774739987635,0.5555086481104238,100-199,eligible,0.0,0.0,0.0
27739,Hearts and Minds: Vietnam 1965-1975,2010.0,407,7.974151497348006,7.305440734126938,0.6687107632210685,7.207830195297971,0.7663213020500352,0.05915661172516077,7.858204538366691,0.5527638042397534,200-499,eligible,0.0,0.0,0.0
31443,"The Habit of Victory: From Warsaw to Eylau to Friedland, 1806-7",2007.0,101,7.872097709989428,7.349687187034755,0.5224105229546732,7.485191159000495,0.38690655098893334,0.11875169273608258,7.639344392226707,0.2896572051919513,100-199,eligible,0.0,0.0,0.0
33767,Yavalath,2007.0,256,7.589164746620361,6.57649428962757,1.0126704569927911,6.690521806110734,0.8986429405096272,0.07458998386219969,7.44296837825045,0.8664740886228798,200-499,eligible,0.0,0.0,0.0
34098,Guelphs and Ghibellines,2009.0,114,8.129029668387597,7.044679731591845,1.0843499367957516,7.1985682414918735,0.9304614268957234,0.11177587291431,7.9099489574755495,0.865269225883704,100-199,eligible,0.0,0.0,0.0
36424,"Gulf, Mobile & Ohio",2008.0,525,8.011867937577522,6.9799806414356755,1.0318872961418464,7.1430158735563705,0.8688520640211514,0.05208598051566699,7.909779415766814,0.9297987743311391,500-999,eligible,0.0,0.0,0.0
41490,Phantom Leader,2010.0,494,7.624147885684261,7.170266987306206,0.45388089837805445,7.2129549592055895,0.41119292647867134,0.05369539250916151,7.518904916366305,0.3486379290600979,200-499,eligible,0.0,0.0,0.0
54043,Jaipur,2009.0,52305,7.695117185110973,7.189614998651004,0.5055021864599691,7.217215931563118,0.47790125354785573,0.0052182981924343485,7.684889320653802,0.4952743220027978,25k+,exclude,0.0,0.0,0.0
96007,The New Era,2011.0,1289,7.859750468119382,7.4038514392616115,0.4558990288577709,7.347877555024764,0.511872913094618,0.03324099669628511,7.794598114594663,0.3907466753330521,1k-2.5k,eligible,0.0,0.0,0.0
96749,Fading Glory,2012.0,593,7.808928933439755,7.396881265137054,0.41204766830270056,7.529108563409524,0.2798203700302304,0.04900869622553857,7.712871888837699,0.31599062370064496,500-999,eligible,0.0,0.0,0.0
111341,The Great Zimbabwe,2012.0,4984,8.500260041357206,7.805319449870527,0.6949405914866791,7.865428911110623,0.6348311302465834,0.016904856129932373,8.46712652334254,0.6618070734720116,2.5k-5k,exclude,0.0,0.0,0.0
120265,"Supply Lines of the American Revolution: The Northern Theater, 1775-1777",2017.0,190,8.002785292518737,7.433403452546106,0.5693818399726318,7.352847327522035,0.6499379649967025,0.08658121886098387,7.833086103551209,0.3996826510051034,100-199,eligible,0.0,0.0,0.0
120269,Red White & Blue Racin': Stock Car Action Game,2012.0,131,8.447093894085006,6.453439834632928,1.9936540594520782,6.46641752549619,1.9806763685888154,0.10427131437869634,8.24272211790276,1.7892822832698334,100-199,eligible,0.0,0.0,0.0
121288,Dixit: Journey,2012.0,4550,7.579115857586545,6.581543259330852,0.9975725982556929,6.642432357444095,0.9366835001424496,0.017692727861637784,7.544438110977735,0.9628948516468828,2.5k-5k,exclude,0.0,0.0,0.0
124839,Hoplomachus: The Lost Cities,2012.0,555,7.9772087609005435,7.0352398377326235,0.94196892316792,7.255158362556328,0.7220503983442157,0.050658695745031915,7.877917717240281,0.8426778795076575,500-999,eligible,0.0,0.0,0.0
136890,Hold the Line:  Frederick's War,2013.0,102,7.73118225929885,6.7912443716698245,0.9399378876290259,6.938003611517033,0.7931786477818177,0.1181681428029229,7.499572699405121,0.708328327735297,100-199,eligible,0.0,0.0,0.0
155496,Holdfast: Russia 1941-42,2014.0,229,7.9958774587100665,7.1823634242987975,0.813514034411269,7.08432950547812,0.9115479532319464,0.07886471799005844,7.841302611449552,0.6589391871507545,200-499,eligible,0.0,0.0,0.0
156943,Saint Petersburg (Second Edition),2014.0,3430,7.953565139774272,7.40760674947515,0.5459583902991225,7.425774200573668,0.5277909392006039,0.020377618898718124,7.913625006732785,0.506018257257635,2.5k-5k,exclude,0.0,0.0,0.0
160610,Thunderbirds,2015.0,1906,7.678827776133872,6.812831897434474,0.8659958786993975,6.696201411269746,0.9826263648641262,0.02733625693044983,7.62524871255019,0.8124168151157158,1k-2.5k,borderline,0.0,1.0,0.0
164338,The Golden Ages,2014.0,2406,7.785123728143311,7.370721249702919,0.41440247844039213,7.354156087086633,0.43096764105667873,0.02433059246195076,7.737435766917888,0.3667145172149686,1k-2.5k,borderline,0.0,0.0,0.0
164702,Glorantha: The Gods War,2019.0,447,8.212250019038846,7.640604149181863,0.5716458698569831,7.5293317678144245,0.6829182512244216,0.05644776281516475,8.101612403921123,0.46100825473926016,200-499,eligible,0.0,0.0,0.0
172737,High Frontier (Third Edition),2017.0,666,8.621809071697076,8.136557274187522,0.4852517975095534,8.203961379719882,0.41784769197719385,0.04624485065557493,8.531169164412148,0.3946118902246265,500-999,eligible,0.0,0.0,0.0
180543,"Exceed: Red Horizon – Reese, Heidi, Nehtali, and Vincent",2016.0,218,7.949869745219902,6.981341157044085,0.9685285881758174,6.960283514185878,0.989586231034024,0.08082993862686555,7.791443065511245,0.810101908467161,200-499,eligible,0.0,0.0,0.0
180616,Ascension: Year Two Collector's Edition,2015.0,281,7.955360516004284,7.072805286045071,0.8825552299592134,7.159504645966193,0.7958558700380918,0.07119464615842558,7.8158190095337705,0.7430137234886993,200-499,eligible,0.0,0.0,0.0
191475,Wizard: Jubiläumsedition,2016.0,562,7.857703726761505,6.927414378435467,0.9302893483260384,6.930278300844117,0.927425425917388,0.05034221708279952,7.759032981279218,0.8316186028437513,500-999,eligible,0.0,0.0,0.0
204728,BattleCON: Trials of Indines,2016.0,354,8.533508405085657,7.670577944555506,0.8629304605301513,7.647569169143045,0.8859392359426117,0.06343060662463253,8.409184416101377,0.7386064715458716,200-499,eligible,0.0,0.0,0.0
218933,Warhammer Quest: Shadows Over Hammerhal,2017.0,229,7.7210007882460285,6.692957634054757,1.0280431541912716,6.799333312289889,0.9216674759561396,0.07886471799005844,7.566425940985514,0.873468306930757,200-499,eligible,0.0,0.0,0.0
249750,"Brazen Chariots: Battles for Tobruk, 1941",2019.0,195,8.60446735967745,7.974885963509003,0.6295813961684473,7.993017415632151,0.6114499440452992,0.08546399503693193,8.436957929405063,0.46207196589606075,100-199,eligible,0.0,0.0,0.0
250481,Meltwater: A Game of Tactical Starvation,2018.0,285,8.002938909539962,7.419470919958133,0.5834679895818287,7.474132569872225,0.5288063396677369,0.07069326917254846,7.864380101961767,0.44490918200363366,200-499,eligible,0.0,0.0,0.0
251661,Oathsworn: Into the Deepwood,2022.0,4767,9.071117168712876,8.656886882637504,0.41423028607537127,8.807371465184177,0.2637457035286985,0.017285339737895054,9.037237902826602,0.38035102018909694,2.5k-5k,exclude,0.0,1.0,1.0
251722,Triad,2018.0,110,7.5733959764085865,7.168401001261579,0.4049949751470079,7.167422798857764,0.4059731775508224,0.11379001463206377,7.350367547729742,0.1819665464681629,100-199,eligible,0.0,0.0,0.0
252526,Pictomania (Second Edition),2018.0,2397,7.963980904151993,6.988191621599205,0.9757892825527881,6.985765080795412,0.9782158233565807,0.024376226623575557,7.916203499969785,0.92801187837058,1k-2.5k,borderline,0.0,0.0,0.0
252688,Enchanters: Overlords,2018.0,546,7.598731135404294,6.819267638576687,0.7794634968276073,6.813890551377261,0.7848405840270329,0.05107450596807683,7.498625103706863,0.6793574651301767,500-999,eligible,0.0,0.0,0.0
257601,The Duke: Lord's Legacy,2018.0,391,7.994661690379034,7.026486749719902,0.9681749406591313,7.028356537253298,0.9663051531257354,0.06035484197317231,7.876366200111616,0.8498794503917136,200-499,eligible,0.0,0.0,0.0
266266,Murder Mystery Party Case Files: Death in Antarctica,2017.0,277,7.519966084140076,7.049123929379938,0.47084215476013824,7.07548757459543,0.4444785095446466,0.07170684446121928,7.379420668996087,0.33029673961614847,200-499,eligible,0.0,1.0,0.0
271896,Star Wars: Outer Rim,2019.0,12888,7.945696188698892,7.506414507981868,0.43928168071702434,7.488005573857208,0.4576906148416837,0.01051254171500687,7.925091606937478,0.4186770989556109,10k-25k,exclude,0.0,0.0,0.0
274072,Omen: Heir to the Dunes,2020.0,117,7.645080018483627,6.93201916646543,0.7130608520181969,6.972303976608922,0.6727760418747053,0.11033354315946356,7.428826273891079,0.4968071074256484,100-199,eligible,0.0,0.0,0.0
294047,Superclub: The football manager board game,2020.0,409,7.652977438061344,7.215095026073033,0.43788241198831024,7.271288368038348,0.3816890700229951,0.05901179728095114,7.537314315390679,0.322219289317646,200-499,eligible,0.0,0.0,0.0
294986,Necromolds: Monster Battles,2021.0,229,7.988882925641231,7.284644462916672,0.7042384627245584,7.337016130294931,0.6518667953463,0.07886471799005844,7.834308078380716,0.5496636154640439,200-499,eligible,0.0,0.0,0.0
298163,Dark Venture: Battle of the Ancients,2022.0,102,8.15293982374024,7.5048834645410505,0.6480563591991899,7.561533919591627,0.5914059041486137,0.1181681428029229,7.921330263846512,0.416446799305461,100-199,eligible,0.0,0.0,0.0
325635,Unmatched: Little Red Riding Hood vs. Beowulf,2020.0,3009,8.236318705565205,7.6188729751100865,0.6174457304551186,7.628988255008675,0.60733045055653,0.02175651858171105,8.193675929145051,0.574802954034965,2.5k-5k,exclude,0.0,0.0,0.0
326933,Unmatched: Redemption Row,2022.0,1188,8.31891225369407,7.3645774978295755,0.9543347558644939,7.394774451333252,0.9241378023608178,0.034625198796013466,8.251046864053883,0.8864693662243075,1k-2.5k,eligible,0.0,0.0,0.0
327721,Ambon: Burning Sun & Little Seagulls,2021.0,103,8.107062209502153,7.563141335165115,0.5439208743370383,7.667269057761777,0.4397931517403766,0.11759311193156399,7.876579710116288,0.3134383749511729,100-199,eligible,0.0,0.0,0.0
328326,Fleet: The Dice Game (Second Edition),2020.0,1337,8.118441718531383,7.467855527459244,0.6505861910721382,7.501122631565078,0.6173190869663046,0.032638845778830125,8.054469580804875,0.5866140533456312,1k-2.5k,eligible,0.0,0.0,0.0
343322,Exit: The Game – Advent Calendar: The Hunt for the Golden Book,2021.0,830,8.012458357635548,7.077424826589805,0.9350335310457432,7.108658901136508,0.9037994564990406,0.04142489818350157,7.931265557195886,0.8538407306060801,500-999,eligible,0.0,1.0,0.0
344415,Trek 12: Amazonia,2021.0,383,7.594951215151561,6.580377633103309,1.0145735820482518,6.7169253052197515,0.8780259099318091,0.06098192210178053,7.47542664783207,0.895049014728762,200-499,eligible,0.0,0.0,0.0
355200,Marvel Zombies: X-Men Resistance,2023.0,589,8.532018679537533,7.417763843133855,1.1142548364036777,7.516833124858589,1.0151855546789434,0.04917482787563096,8.435636016901297,1.017872173767441,500-999,eligible,0.0,1.0,0.0
355997,Thunder Road: Vendetta – Maximum Chrome,2023.0,1069,8.909782794046846,7.888415469997746,1.0213673240491001,7.46032083643038,1.4494619576164656,0.036501578285086815,8.838239700608076,0.94982423061033,1k-2.5k,eligible,0.0,0.0,0.0
358320,Sleeping Gods: Distant Skies,2023.0,1181,8.71483435420161,8.132916867361395,0.581917486840215,8.301069240065795,0.4137651141358152,0.03472766208978082,8.64676813650564,0.5138512691442446,1k-2.5k,eligible,0.0,1.0,0.0
363247,Azul: Master Chocolatier,2022.0,2444,8.105841236896858,7.603608189464744,0.5022330474321137,7.61118179824617,0.49465943865068773,0.024140702002331604,8.058525460972287,0.4549172715075438,1k-2.5k,borderline,0.0,0.0,0.0
363278,Dodos Riding Dinos: Dodo Dash,2024.0,177,7.677744220482221,7.171666720016624,0.5060775004655964,6.899123052859281,0.7786211676229398,0.089704424158108,7.501923549132329,0.33025682911570475,100-199,eligible,0.0,0.0,0.0
364766,MicroMacro: Crime City – All In,2022.0,1234,8.135560036297067,7.102300365277992,1.0332596710190742,7.2305775767163905,0.9049824595806761,0.033973705359168424,8.068971573793096,0.9666712085151041,1k-2.5k,eligible,0.0,1.0,0.0
365128,Paper Tales : Édition intégrale,2022.0,126,8.217037117555215,7.284259923674838,0.9327771938803764,7.30337204561309,0.9136650719421251,0.10632006251327562,8.008649795029195,0.7243898713543562,100-199,eligible,0.0,0.0,0.0
377969,Marvel United: Multiverse,2024.0,405,8.598492892011315,7.492820722619099,1.105672169392216,7.456576098509331,1.1419167935019843,0.05930249754897451,8.482259996815324,0.989439274196226,200-499,eligible,0.0,1.0,0.0
379583,Patterns,2023.0,360,8.17142598375204,7.437318180136884,0.7341078036151565,7.288862340816726,0.882563642935315,0.06289979723726773,8.048142381166997,0.6108242010301117,200-499,eligible,0.0,0.0,0.0
381247,Dragon Eclipse,2025.0,147,8.301709017204152,7.881613649912229,0.420095367291923,8.065521738047504,0.23618727915664728,0.09843325088386476,8.108779845471776,0.22716619555954806,100-199,eligible,0.0,1.0,0.0
382035,Cursed!?,2023.0,231,7.736148363657257,6.964216035183355,0.7719323284739019,7.0363022059508875,0.6998461577063697,0.07852257009464976,7.5822441262717435,0.6180280910883884,200-499,eligible,0.0,0.0,0.0
382315,Century: Big Box,2023.0,133,7.9857747278145075,7.206668436672555,0.7791062911419528,7.291891148340319,0.6938835794741882,0.10348434981369051,7.782945402179674,0.5762769655071195,100-199,eligible,0.0,0.0,0.0
383010,Clank! Legacy 2: Acquisitions Incorporated – Darkest Magic,2024.0,234,9.383173286917032,7.893718426326979,1.4894548605900528,8.066251032561336,1.3169222543556955,0.0780175965603953,9.230258797658657,1.3365403713316781,200-499,eligible,0.0,0.0,1.0
383087,Magic Trick,2023.0,162,7.976594899834154,7.381553041610827,0.5950418582233272,7.367096403732859,0.6094984961012955,0.09376548159565608,7.792814555906668,0.41126151429584135,100-199,eligible,0.0,0.0,0.0
383206,Freelancers: A Crossroads Game,2023.0,905,8.17319353059157,7.545870688393119,0.6273228421984509,7.63411893643152,0.5390745941600503,0.03967127935739071,8.095437823051084,0.5495671346579651,500-999,eligible,0.0,1.0,0.0
383469,Unmatched: Sun's Origin,2024.0,559,8.473197279021397,7.804878153254991,0.6683191257664056,7.8177381340300744,0.6554591449913225,0.050477122774646783,8.37426211838309,0.569383965128098,500-999,eligible,0.0,0.0,0.0
385325,Skytear Horde: Monoliths,2024.0,152,8.49608708138497,7.88632337570235,0.6097637056826191,7.8328402507056385,0.6632468306793307,0.09680074547397342,8.306357620255982,0.42003424455363114,100-199,eligible,0.0,1.0,0.0
416284,Avatar: The Last Airbender – Aang's Destiny,2024.0,114,7.664084199100746,7.210297823990777,0.4537863751099689,7.33810666276915,0.325977536331596,0.11177587291431,7.445003488188698,0.2347056641979213,100-199,eligible,0.0,1.0,0.0
417197,Rebirth,2024.0,1400,8.167788318854122,7.6808976122241095,0.4868907066300121,7.80822276964869,0.35956554920543127,0.03189601875398269,8.105272122096316,0.42437450987220604,1k-2.5k,eligible,0.0,0.0,0.0
417426,Rogue Dungeon: 2nd Edition,2024.0,117,8.223808433755826,7.3447024952307345,0.8791059385250914,7.395794795795075,0.8280136379607512,0.11033354315946356,8.007554689163277,0.6628521939325429,100-199,eligible,0.0,1.0,0.0
420077,The Mandalorian: Adventures,2024.0,848,7.814092896705444,7.338078226025091,0.4760146706803523,7.458688244756701,0.35540465194874304,0.04098288899294145,7.7337664342792785,0.39568820825418705,500-999,eligible,0.0,1.0,0.0
421006,The Lord of the Rings: Duel for Middle-earth,2024.0,6710,8.683400621594574,8.200322453774064,0.4830781678205103,8.048760778477607,0.6346398431169664,0.014569318441008025,8.654844757450197,0.45452230367613455,5k-10k,exclude,0.0,0.0,0.0
422332,Star Wars: The Deckbuilding Game – Clone Wars Edition,2024.0,584,8.335319398990773,7.5044564449608515,0.8308629540299215,7.649597806437692,0.6857215925530813,0.049384887900089644,8.238525018706598,0.7340685737457457,500-999,eligible,0.0,0.0,0.0
422374,Lone Wolves,2024.0,232,8.314499536646947,7.508003537650872,0.8064959989960752,7.489446601852244,0.8250529347947033,0.07835315766407769,8.160927347625355,0.652923809974483,200-499,eligible,0.0,0.0,0.0
422732,Agent Avenue,2024.0,596,8.174951991121562,7.394472324039786,0.7804796670817762,7.345985226314513,0.8289667648070491,0.04888519658473127,8.079137005815488,0.6846646817757029,500-999,eligible,0.0,0.0,0.0
424219,Zenith,2025.0,167,8.316275501448175,7.540331063543901,0.7759444379042737,7.518102737043883,0.798172764404292,0.09235113988306634,8.135267267277365,0.5949362037334637,100-199,eligible,0.0,0.0,0.0
424280,Hitster Bingo,2024.0,457,7.692772596333297,7.030591797487169,0.6621807988461281,7.037075142417287,0.6556974539160105,0.055826756431747636,7.583352153727072,0.5527603562399027,200-499,eligible,0.0,0.0,0.0
424395,Power Grid: Outpost,2024.0,139,8.20580046888069,7.703401980207206,0.5023984886734851,7.839408493566543,0.3663919753141478,0.10122623772308073,8.007397042943452,0.3039950627362469,100-199,eligible,0.0,0.0,0.0
424995,Star Explorer,2024.0,146,8.051220842996651,7.247107060548165,0.8041137824484856,7.265995149540624,0.7852256934560273,0.09876977580017929,7.8576320824282995,0.6105250218801342,100-199,eligible,0.0,0.0,0.0
429293,The Fellowship of the Ring: Trick-Taking Game,2025.0,724,8.402917380280131,7.660687755455527,0.7422296248246045,7.70749025105081,0.695427129229321,0.0443538386987549,8.315983856430572,0.6552961009750449,500-999,eligible,0.0,1.0,0.0
491,Web of Power,2000.0,3531,7.74461356964743,6.951250443753747,0.7933631258936833,7.1235512128720675,0.6210623567753624,0.02008406586993972,7.705248800542348,0.7539983567886015,2.5k-5k,exclude,0.0,0.0,0.0
511,Silverton,1991.0,1060,7.55517647837622,7.013967469156357,0.5412090092198625,7.028251298890966,0.5269251794852536,0.036656210281017995,7.483330306225424,0.46936283706906723,1k-2.5k,eligible,0.0,0.0,0.0
2794,Spinball,2001.0,171,7.511348565739415,6.010175594311937,1.5011729714274784,6.028410155571951,1.4829384101674643,0.09126461806474613,7.3324699143325125,1.3222943200205761,100-199,eligible,0.0,0.0,0.0
2981,Breaking Away,1991.0,460,7.882878139721112,6.342046378689959,1.5408317610311526,6.375814754574428,1.507063385146684,0.055644414878454895,7.77381508655934,1.431768707869381,200-499,eligible,0.0,0.0,0.0
5394,"Kolin: Frederick's First Defeat – June 18, 1757",1994.0,128,7.94762063059159,7.388308470064228,0.5593121605273623,7.396216700044299,0.5514039305472913,0.10548616679511308,7.740867743673169,0.3525592736089407,100-199,eligible,0.0,0.0,0.0
5508,La Bataille de Mont Saint Jean,1993.0,164,8.094458176124782,7.443085271404486,0.6513729047202954,7.4345435195258425,0.6599146565989393,0.09319198703176114,7.91180188154253,0.46871661013804355,100-199,eligible,0.0,0.0,0.0
5511,Southern Front: Race for the Turkish Straits,1984.0,241,7.613753313529165,7.1699615923464695,0.44379172118269583,7.299707277005222,0.31404603652394325,0.07687621178874714,7.463075938423221,0.29311434607675146,200-499,eligible,0.0,0.0,0.0
8125,Santiago,2003.0,5458,7.664316353529996,7.216424365148754,0.447891988381242,7.224613156119656,0.43970319741034025,0.016154135826620588,7.632654247309819,0.41622988216106566,5k-10k,exclude,0.0,0.0,0.0
8316,Over the Reich,1993.0,161,7.76687694856241,7.336345558093116,0.43053139046929356,7.50574181236113,0.2611351362012799,0.09405622797280985,7.582526741735703,0.24618118364258626,100-199,eligible,0.0,0.0,0.0
12750,1860: Railways on the Isle of Wight,2004.0,982,8.702273638789405,8.259772395607573,0.44250124318183204,8.250286152109199,0.4519874866802063,0.03808419252473232,8.62762862144093,0.3678562258333567,500-999,eligible,1.0,0.0,0.0
12899,La Bataille de Preussisch-Eylau,1978.0,149,7.82225921804344,7.237335019411606,0.5849241986318336,7.332134193484981,0.4901250245584592,0.09777039316946254,7.630629247431293,0.39329422801968705,100-199,eligible,0.0,0.0,0.0
23421,1832: The South,2006.0,125,8.772476207947946,7.857778975352918,0.914697232595028,7.858914891465015,0.913561316482931,0.1067444955881541,8.563256996595165,0.705478021242246,100-199,eligible,1.0,0.0,0.0
23679,"Warriors of God: The Wars of England & France, 1135-1453",2008.0,1116,7.853159380462175,7.4325027140464535,0.42065666641572186,7.34792848053692,0.5052308999252553,0.03572468421264704,7.783138999405387,0.35063628535893365,1k-2.5k,eligible,0.0,0.0,0.0
26736,Ukraine '44,2006.0,100,7.763388506253307,6.98986091718321,0.7735275890700972,7.087613762417055,0.6757747438362518,0.1193439741795195,7.529474316861449,0.5396133996782391,100-199,eligible,0.0,0.0,0.0
30958,Check Your 6!,2007.0,142,7.978316460401845,7.014339655008657,0.9639768053931883,7.089971886884449,0.8883445735173963,0.10015123835649417,7.782020033223117,0.7676803782144597,100-199,eligible,0.0,0.0,0.0
31730,Wabash Cannonball,2007.0,8412,7.763342986704332,7.356413530966215,0.40692945573811734,7.59818118773757,0.16516179896676242,0.01301220401454867,7.737839066835817,0.38142553586960193,5k-10k,exclude,0.0,0.0,0.0
31999,TZAAR,2007.0,3914,8.054175410944184,7.278868987370286,0.7753064235738982,7.30000512682736,0.7541702841168245,0.019076121732727137,8.01678621234804,0.737917224977753,2.5k-5k,exclude,0.0,0.0,0.0
62225,Infidel: The Supremacy of Cavalry in the Crusader Era – 11th-12th Century,2011.0,316,7.750379037879618,7.31601664679323,0.4343623910863883,7.347667915281754,0.40271112259786435,0.0671362306989026,7.618792025709769,0.3027753789165392,200-499,eligible,0.0,0.0,0.0
62922,None But Heroes,2011.0,140,8.406517529881974,7.607607367258076,0.7989101626238977,7.701105149282222,0.7054123805997516,0.10086406755403113,8.208823957476072,0.6012165902179967,100-199,eligible,0.0,0.0,0.0
85572,"The Last Success: Quadrigame of the War Against Austria, April - July 1809",2011.0,133,7.963893826603349,7.393043545950228,0.5708502806531213,7.518642102748331,0.44525172385501843,0.10348434981369051,7.761064500968516,0.3680209550182879,100-199,eligible,0.0,0.0,0.0
88253,Unconditional Surrender! Case Blue,2010.0,199,7.701726515557829,7.173004946645957,0.5287215689118723,7.32266939181849,0.3790571237393392,0.0846007002268615,7.535909143113181,0.3629041964672237,100-199,eligible,0.0,0.0,0.0
94246,1812: The Invasion of Canada,2012.0,2393,7.737742540520401,7.323288829202898,0.41445371131750264,7.271770000141384,0.4659725403790169,0.024396591060396797,7.689925222042023,0.3666363928391249,1k-2.5k,borderline,0.0,0.0,0.0
101682,Saints in Armor,2012.0,234,8.277426794697698,7.755262843319496,0.5221639513782019,7.877807098279815,0.39961969641788286,0.0780175965603953,8.124512305439323,0.3692494621198271,200-499,eligible,0.0,0.0,0.0
131014,Carcassonne: Winter Edition,2012.0,1944,7.657258570533817,6.728297976170847,0.9289605943629704,6.781869902422777,0.8753886681110403,0.02706776301997347,7.604205755014669,0.8759077788438224,1k-2.5k,borderline,0.0,0.0,0.0
130960,Triumph & Tragedy: European Balance of Power 1936-1945,2015.0,2315,8.638400605732409,8.05349394173311,0.5849066639992984,7.84089240617643,0.7975081995559794,0.02480418707509347,8.589784399065225,0.5362904573321151,1k-2.5k,borderline,0.0,0.0,0.0
147537,Malifaux (Second Edition),2013.0,399,8.221051469976173,7.582663142619369,0.6383883273568038,7.541455823772047,0.6795956462041257,0.05974671722184762,8.103947904221352,0.5212847616019824,200-499,eligible,0.0,0.0,0.0
147887,Allegiance: A Realm Divided,2015.0,301,8.1694374404753,7.102008442264024,1.067428998211275,7.11188037402863,1.0575570664466696,0.06878872312781667,8.034611543144779,0.9326031008807544,200-499,eligible,0.0,0.0,0.0
152345,"La Patrie en Danger 1814: The Campaign in France, Part I",2014.0,103,8.238174608895157,7.392484462697663,0.8456901461974944,7.508383198632146,0.7297914102630116,0.11759311193156399,8.007692109509291,0.615207646811629,100-199,eligible,0.0,0.0,0.0
163163,Grand Prix,2016.0,491,7.5371345733029695,6.847769777322286,0.6893647959806835,6.876200849253641,0.6609337240493289,0.0538591815805045,7.43157057740518,0.5838008000828947,200-499,eligible,0.0,0.0,0.0
163166,One Night Ultimate Werewolf: Daybreak,2015.0,6028,7.516421256106441,6.994625306051333,0.5217959500551084,6.996439722298147,0.519981533808294,0.015371415925480357,7.486293280892499,0.49166797484116687,5k-10k,exclude,0.0,0.0,0.0
165332,Puerto Rico,2007.0,117,8.190242020504654,6.770841534250113,1.4194004862545402,6.83279461715267,1.3574474033519834,0.11033354315946356,7.973988275912105,1.2031467416619916,100-199,eligible,0.0,0.0,0.0
165722,KLASK,2014.0,10897,7.951441779511645,7.238398703147288,0.7130430763643574,7.252453808428973,0.6989879710826727,0.011432652954324638,7.929033779721169,0.6906350765738811,10k-25k,exclude,0.0,0.0,0.0
165748,Psycho Raiders,2014.0,197,8.273367651575443,6.749005592257038,1.5243620593184044,6.868161675438548,1.4052059761368945,0.08502906094124024,8.106710692130612,1.3577050998735736,100-199,eligible,0.0,0.0,0.0
165967,Great War Commander,2018.0,405,8.456986908583787,7.832268028798643,0.624718879785144,7.943966838705856,0.5130200698779301,0.05930249754897451,8.340754013387796,0.508485984589154,200-499,eligible,0.0,0.0,0.0
166669,San Juan (Second Edition),2014.0,7504,7.8267628993283065,7.304899612441346,0.5218632868869602,7.299384955205213,0.5273779441230939,0.013776981751658281,7.799760015095056,0.4948604026537099,5k-10k,exclude,0.0,0.0,0.0
174458,Baseball Highlights: 2045 – Deluxe Edition,2015.0,545,8.15720858888965,6.917007675740196,1.2402009131494545,6.96635335527443,1.1908552336152205,0.05112134183850362,8.057010758886184,1.1400030831459873,500-999,eligible,0.0,0.0,0.0
174518,Ylandyss,2015.0,251,7.518761227929183,6.924580303748714,0.5941809241804688,6.95908680072519,0.5596744272039924,0.07532924854556144,7.371115900779882,0.4465355970311683,200-499,eligible,0.0,0.0,0.0
174570,Legendary Encounters: A Predator Deck Building Game,2015.0,2708,7.655448953566672,7.1666745673601415,0.48877438620653013,7.2022568071484105,0.4531921464182611,0.022933807658422286,7.610498690556164,0.44382412319602244,2.5k-5k,exclude,0.0,1.0,0.0
174802,VENOM Assault,2016.0,297,7.646819220882192,6.858919568297367,0.7878996525848256,6.916537912433489,0.7302813084487036,0.06925039759202693,7.51108844160182,0.6521688733044528,200-499,eligible,0.0,1.0,0.0
174852,Pandánte (Second Edition),2015.0,187,7.504849515044286,6.694330086519239,0.8105194285250477,6.691341818778616,0.8135076962656704,0.0872729573032229,7.333794518729969,0.6394644322107308,100-199,eligible,0.0,0.0,0.0
173504,"The Greatest Day: Sword, Juno, and Gold Beaches",2015.0,228,8.686268517430548,8.113391297719694,0.572877219710854,8.086569290687423,0.5996992267431249,0.07903747771075434,8.53135506111747,0.4179637633977755,200-499,eligible,0.0,0.0,0.0
182352,Exodus Fleet,2017.0,341,7.571046299832086,7.106169956401407,0.46487634343067885,7.159675223027115,0.4113710768049712,0.06462838542942728,7.444374664390409,0.3382047079890014,200-499,eligible,0.0,0.0,0.0
180901,Joraku,2015.0,1612,7.657264292579373,7.179266389638872,0.4779979029405004,7.060055021355833,0.59720927122354,0.029724734014259485,7.599003813911424,0.4197374242725518,1k-2.5k,eligible,0.0,0.0,0.0
184824,Gaslands: Post-Apocalyptic Vehicular Combat,2017.0,795,8.195797417198387,7.5164389902408715,0.6793584269575152,7.4852398344482935,0.7105575827500932,0.04232694574643453,8.112836603535374,0.5963976132945036,500-999,eligible,0.0,0.0,0.0
185123,Ascension: Dreamscape,2015.0,764,7.895070482600537,6.961801918952428,0.9332685636481086,7.0695278847724765,0.8255425978280604,0.04317713450548739,7.810443298969782,0.8486413800173533,500-999,eligible,0.0,0.0,0.0
185378,"Exceed: Red Horizon – Kaden, Eva, Miska, and Lily",2016.0,128,8.057383356321903,6.8860490896378845,1.1713342666840187,6.898424577764365,1.1589587785575386,0.10548616679511308,7.850630469403482,0.9645813797655971,100-199,eligible,0.0,0.0,0.0
186279,Finska Mini,2011.0,468,7.816398671008494,6.05658809300658,1.7598105780019138,6.002956836858015,1.8134418341504785,0.05516677157973178,7.708271798712219,1.6516837057056395,200-499,eligible,0.0,0.0,0.0
186751,Mythic Battles: Pantheon,2017.0,3017,8.409899380371275,7.906301710408947,0.5035976699623284,7.910477714511833,0.49942166585944214,0.02172765419940702,8.367313178140437,0.4610114677314906,2.5k-5k,exclude,0.0,0.0,0.0
186864,Tiefe Taschen,2016.0,607,7.636051537347169,6.794185909248537,0.8418656280986321,6.867708782159282,0.768342755187887,0.04844022484150462,7.54110869665782,0.746922787409283,500-999,eligible,0.0,0.0,0.0
187926,Islebound: Kickstarter Edition,2016.0,178,7.710949379739339,7.124529137433127,0.5864202423062119,7.11041162776635,0.6005377519729889,0.08945209053825372,7.535623282284361,0.41109414485123463,100-199,eligible,0.0,0.0,0.0
199723,"UltraQuest: Gold, Ruhm! und Ehre!",2016.0,533,8.339510883737358,7.128740868618133,1.210770015119225,7.179855394990247,1.159655488747111,0.05169361349313691,8.238191401290809,1.1094505326726767,500-999,eligible,0.0,0.0,0.0
215565,Roads to Gettysburg II: Lee Strikes North,2018.0,256,9.231490674317204,8.081622820591562,1.1498678537256417,8.193005361202468,1.0384853131147356,0.07458998386219969,9.085294305947292,1.0036714853557303,200-499,eligible,0.0,0.0,0.0
219215,Werewords,2017.0,5494,7.509613573897655,7.034242042667763,0.4753715312298912,7.055454823164579,0.4541587507330753,0.016101123022785206,7.478055372772996,0.44381333010523216,5k-10k,exclude,0.0,0.0,0.0
230253,Star Realms: Frontiers,2018.0,5343,8.105905683702469,7.519038795366296,0.5868668883361732,7.494370927441386,0.6115347562610829,0.016327056993256574,8.073904651995687,0.5548658566293903,5k-10k,exclude,0.0,1.0,0.0
233261,Tidal Blades 2: Rise of the Unfolders,2024.0,291,8.812265594604728,7.918444174003865,0.8938214206008634,8.209457915383888,0.6028076792208399,0.06996067666459725,8.675142668342117,0.7566984943382529,200-499,eligible,0.0,1.0,0.0
234578,Waters of Nereus,2019.0,216,7.67787215579449,7.077126556176834,0.6007455996176558,7.016259617095168,0.6616125386993224,0.0812032890599204,7.518713709237046,0.44158715306021185,200-499,eligible,0.0,0.0,0.0
235454,Ligny 1815: Last Eagles,2017.0,214,8.422102163640508,7.8458777627437275,0.5762244008967805,8.015319522106402,0.4067826415341056,0.08158186122431431,8.262201715640852,0.4163239528971244,200-499,eligible,0.0,0.0,0.0
235544,Specter Ops: Broken Covenant,2018.0,506,7.812271803960232,7.202831218361396,0.6094405855988354,7.276836326974774,0.5354354769854579,0.053054867887067564,7.7082842629015795,0.505453044540183,500-999,eligible,0.0,0.0,0.0
235802,Too Many Bones: Undertow,2018.0,3430,8.933753500957923,8.341714643675424,0.5920388572824997,8.42095334160278,0.5128001593551428,0.020377618898718124,8.893813367916437,0.5520987242410123,2.5k-5k,exclude,0.0,1.0,0.0
235839,Master of Wills,2017.0,103,7.539874786248966,6.7284455448339155,0.8114292414150501,6.587238005299531,0.9526367809494349,0.11759311193156399,7.3093922868631,0.5809467420291847,100-199,eligible,0.0,0.0,0.0
236239,"Battles of the American Revolution Tri-pack: Guilford, Saratoga, Brandywine",2017.0,333,8.219441320393491,7.746820230860214,0.472621089533277,7.864322899372073,0.3551184210214178,0.06540009498703238,8.091257134218907,0.3444369033586935,200-499,eligible,0.0,0.0,0.0
242705,Aeon Trespass: Odyssey,2022.0,1745,9.050429038968009,8.55935525324427,0.4910737857237386,8.58021384384474,0.47021519512326826,0.0285695092371113,8.99443280086327,0.43507754761900047,1k-2.5k,borderline,0.0,1.0,0.0
246873,"Königsberg: The Soviet Attack on East Prussia, 1945",2018.0,186,8.16374889514631,7.378126686390676,0.785622208755635,7.371030283054363,0.7927186120919476,0.08750724754304706,7.992234689961939,0.6141080035712628,100-199,eligible,0.0,0.0,0.0
255668,Trickerion: Collector's Edition,2019.0,2580,9.048734242243349,8.632482536704696,0.4162517055386523,8.587855241058401,0.4608790011849475,0.02349582197146546,9.002682431179275,0.37019989447458,2.5k-5k,exclude,0.0,0.0,0.0
261720,Finca,2018.0,616,7.797944750269355,7.036438473025028,0.7615062772443277,7.050349086320775,0.7475956639485801,0.048085057505954425,7.703698037557684,0.6672595645326571,500-999,eligible,0.0,0.0,0.0
264638,5x5 City,2018.0,137,7.535339413212562,6.549371488708198,0.9859679245043642,6.568172518605879,0.9671668946066836,0.10196243824262387,7.33549303425702,0.7861215455488214,100-199,eligible,0.0,0.0,0.0
266121,Unlock!: Heroic Adventures,2018.0,3868,7.960375483610042,7.517825789760558,0.44254969384948417,7.5078271917105734,0.4525482918994683,0.01918921740068953,7.92276461750469,0.4049388277441327,2.5k-5k,exclude,0.0,1.0,0.0
266140,Unforgiven: The Lincoln Assassination Trial,2021.0,403,8.005869305356805,7.452899536735842,0.5529697686209634,7.513880531159765,0.4919887741970399,0.05944946802851897,7.889348348020908,0.4364488112850662,200-499,eligible,0.0,0.0,0.0
266164,Babylonia,2019.0,3005,8.223889483250652,7.663602654725848,0.5602868285248039,7.896650007385956,0.3272394758646957,0.021770993978243756,8.181218335053295,0.5176156803274462,2.5k-5k,exclude,0.0,0.0,0.0
277184,Across the United States,2019.0,109,7.651982075307472,7.090852970397394,0.5611291049100773,7.178209204763236,0.4737728705442352,0.11431079545189816,7.427932916221751,0.33707994582435685,100-199,eligible,0.0,0.0,0.0
279419,Eternal: Chronicles of the Throne,2019.0,380,7.568209749375052,7.04631407405733,0.5218956753177224,7.075175898416276,0.49303385095877594,0.0612221669799983,7.4482143020942555,0.4019002280369257,200-499,eligible,0.0,0.0,0.0
281474,Lands of Galzyr,2022.0,1709,8.190589190896944,7.363675635716165,0.8269135551807789,7.510388138659058,0.6802010522378854,0.028868848705278755,8.134006247434597,0.7703306117184325,1k-2.5k,borderline,0.0,1.0,0.0
300765,Quiz Club,2021.0,151,7.664352457743781,7.139117730157089,0.5252347275866915,7.125961430416897,0.5383910273268837,0.09712074881117622,7.473995790073875,0.33487805991678615,100-199,eligible,0.0,1.0,0.0
301665,DC Deck-Building Game: Dark Nights – Metal,2020.0,339,7.824448533198508,7.256509199429155,0.5679393337693526,7.314613559532646,0.5098349736658623,0.06481874927450283,7.697403784620482,0.440894585191327,200-499,eligible,0.0,0.0,0.0
302723,Forgotten Waters,2020.0,6281,8.079403525138996,7.590769779903997,0.48863374523499914,7.621564986792778,0.457838538346218,0.015058652073678428,8.049888567074587,0.4591187871705894,5k-10k,exclude,0.0,0.0,0.0
303263,Pingyao: First Chinese Banks,2017.0,145,7.60909132068575,7.070059603150552,0.539031717535198,6.9891889441481645,0.6199023765375857,0.09910977603390549,7.414836159659296,0.3447765565087432,100-199,eligible,0.0,0.0,0.0
312859,Townsfolk Tussle,2022.0,1452,7.925546007881839,7.403845539435853,0.521700468445986,7.5545945409989255,0.37095146688291347,0.03131967073577515,7.864159453239719,0.46031391380386677,1k-2.5k,eligible,0.0,1.0,0.0
320527,Dice Throne: Season One ReRolled – Treant v. Ninja,2020.0,856,7.929461215876995,7.283847181786264,0.6456140340907313,7.227864451464496,0.701596764412499,0.040790930612157154,7.8495109918771675,0.5656638100909033,500-999,eligible,0.0,0.0,0.0
320698,Blitz Bowl: Season 2,2020.0,292,8.284951700506632,7.336548483494022,0.9484032170126095,7.3695540266465365,0.9153976738600953,0.06984077824458174,8.148063775147252,0.8115152916532293,200-499,eligible,0.0,0.0,0.0
322523,Warhammer Age of Sigmar: Warcry – Catacombs,2020.0,102,8.20160506223134,7.566998764041935,0.6346062981894054,7.527912783748192,0.6736922784831485,0.1181681428029229,7.969995502337612,0.4029967382956765,100-199,eligible,0.0,0.0,0.0
322543,Don't Get Got!: Shut Up & Sit Down Special Edition,2021.0,491,7.517417887278017,6.74898864868107,0.7684292385969469,6.809082620951665,0.708335266326352,0.0538591815805045,7.411853891380228,0.6628652426991581,200-499,eligible,0.0,0.0,0.0
322984,Shadows of Brimstone: City of the Ancients (Revised Edition),2020.0,182,8.575585667395497,7.4804639967211735,1.0951216706743239,7.44942120530645,1.1261644620890472,0.08846363930818893,8.402196934351448,0.9217329376302735,100-199,eligible,0.0,1.0,0.0
331979,Quartermaster General WW2: 2nd Edition,2020.0,498,8.204055095213215,7.767767847163714,0.43628724804950103,7.6963684720973795,0.5076866231158359,0.05347931359434649,8.099235640568295,0.33146779340458193,200-499,eligible,0.0,0.0,0.0
331992,Steampunk Rally Fusion: Atomic Edition,2021.0,378,7.97787945372352,7.411366741286253,0.5665127124372669,7.420005741084008,0.5578737126395117,0.06138391671229752,7.857566976967417,0.44620023568116374,200-499,eligible,0.0,0.0,0.0
338960,Slay the Spire: The Board Game,2024.0,4459,9.005989440796906,8.41542460744763,0.5905648333492763,8.55919448432168,0.4467949564752267,0.017872354069503202,8.97095962682068,0.55553501937305,2.5k-5k,exclude,0.0,1.0,0.0
340722,Smart10: Family,2021.0,147,7.683915234633063,6.460060859692234,1.2238543749408288,6.513975213776762,1.169940020856301,0.09843325088386476,7.490986062900688,1.030925203208454,100-199,eligible,0.0,0.0,0.0
351113,KeyForge: Winds of Exchange,2023.0,152,8.548795547818573,7.610735072481244,0.9380604753373287,7.534596992710572,1.0141985551080008,0.09680074547397342,8.359066086689586,0.7483310142083408,100-199,eligible,0.0,0.0,0.0
354806,London Necropolis Railway,2022.0,141,7.644759545209743,7.2118800110941965,0.43287953411554625,7.243277354437243,0.4014821907724997,0.10050575712299538,7.4477682612486715,0.23588825015447532,100-199,eligible,0.0,0.0,0.0
366194,A Wayfarer's Tale,2022.0,120,7.641364537642482,6.8526730691567455,0.7886914684857365,6.938594010013739,0.7027705276287426,0.10894564460072821,7.427831074225055,0.5751580050683092,100-199,eligible,0.0,0.0,0.0
366310,Dice Throne: Santa v. Krampus,2022.0,1102,8.09232202501498,7.590287650866111,0.5020343741488684,7.540769665859365,0.5515523591556146,0.035950894333160434,8.021858272121985,0.431570621255874,1k-2.5k,eligible,0.0,0.0,0.0
415776,Kingdom Legacy: Feudal Kingdom,2024.0,565,8.711745326785875,7.836089694063038,0.8756556327228378,8.036653858161145,0.6750914686247302,0.0502083872924287,8.613336887692714,0.7772471936296775,500-999,eligible,0.0,0.0,1.0
393429,Critter Kitchen,2025.0,106,8.266197368010491,7.669978531219133,0.5962188367913583,7.664915579429808,0.6012817885806836,0.11591711487809765,8.03899982284942,0.36902129163028696,100-199,eligible,0.0,0.0,0.0
394691,The Six of VIII,2024.0,128,8.29111739644164,7.4209596371841435,0.8701577592574967,7.452010853842076,0.8391065425995645,0.10548616679511308,8.084364509523219,0.6634048723390751,100-199,eligible,0.0,0.0,0.0
394735,Exit: The Game – Advent Calendar: The Missing Hollywood Star,2023.0,339,8.058571903052831,6.85330810418804,1.2052637988647916,6.9356798666322135,1.1228920364206179,0.06481874927450283,7.931527154474805,1.0782190502867661,200-499,eligible,0.0,1.0,0.0
396251,Invincible: The Hero-Building Game,2024.0,363,8.304974252051462,7.815340558132075,0.48963369391938727,7.946327113464655,0.3586471385868073,0.0626393414715503,8.182201142767223,0.3668605846351487,200-499,eligible,0.0,1.0,0.0
397385,Pirates of Maracaibo,2023.0,1907,8.416515952911581,7.978324632757074,0.4381913201545071,8.015702998509504,0.40081295440207754,0.027329088644780383,8.362950939167812,0.3846263064107376,1k-2.5k,borderline,0.0,0.0,0.0
94,Union Pacific,1999.0,4320,7.6031615864880475,7.034963953722974,0.5681976327650737,7.214439704479469,0.3887218820085785,0.018157607433454702,7.567572675918476,0.5326087221955025,2.5k-5k,exclude,0.0,0.0,0.0
104,Extrablatt,1991.0,271,7.673941023344246,6.60356025421545,1.0703807691287954,6.661400507547702,1.0125405157965437,0.07249630140193415,7.531848272596455,0.9282880183810045,200-499,eligible,0.0,0.0,0.0
1353,Time's Up!,1999.0,5962,7.639137369332766,6.462973162613789,1.176164206718977,6.617022115598145,1.0221152537346212,0.015456263392024607,7.608843093084397,1.1458699304706088,5k-10k,exclude,0.0,0.0,0.0
1447,1841: Railways in Northern Italy,1994.0,343,8.790623187104979,8.007377991355204,0.7832451957497746,7.9965656119778865,0.7940575751270922,0.0644396890108413,8.66432139664373,0.6569434052885257,200-499,eligible,1.0,0.0,0.0
4098,Age of Steam,2002.0,11551,8.358721507144777,7.946145275950991,0.4125762311937855,8.097741221725975,0.26098028541880147,0.01110428766333534,8.33695710332464,0.3908118273736482,10k-25k,exclude,0.0,0.0,0.0
4230,Napoleon's Last Battles,1976.0,637,7.502413310016134,6.786516085720539,0.7158972242955954,6.931146524022212,0.571266785993922,0.04728580421119867,7.409733133762185,0.623217048041646,500-999,eligible,0.0,0.0,0.0
6688,Ninety-Nine,1974.0,554,7.886113311979459,6.282513320447752,1.6035999915317074,6.275007745590509,1.6111055663889502,0.050704395976017176,7.7867326958664655,1.5042193754187136,500-999,eligible,0.0,0.0,0.0
6830,Zendo,2001.0,3261,7.670660268796655,7.140977443401029,0.5296828253956258,7.187155392585584,0.48350487621107074,0.02089898029272572,7.629698267422913,0.48872082402188344,2.5k-5k,exclude,0.0,0.0,0.0
7290,Dynasty League Baseball Powered by Pursue the Pennant,1985.0,222,7.837850753987609,6.413378854042438,1.4244718999451704,6.528012198824904,1.3098385551627052,0.08009843092389068,7.680857829376783,1.2674789753343447,200-499,eligible,0.0,0.0,0.0
7823,1837: Rail Building in the Austro-Hungarian Empire,1994.0,103,8.288622016967615,7.817116696896374,0.47150532007124113,7.811957887415892,0.47666412955172266,0.11759311193156399,8.058139517581749,0.2410228206853757,100-199,eligible,1.0,0.0,0.0
7854,YINSH,2003.0,9112,8.043699284881908,7.399866124365257,0.6438331605166514,7.40637847416286,0.6373208107190482,0.012502407219029165,8.019194566732612,0.6193284423673543,5k-10k,exclude,0.0,0.0,0.0
10156,The Russian Campaign: 4th Edition,2003.0,265,7.9387151463993435,7.269294408823896,0.6694207375754475,7.249423791475641,0.6892913549237027,0.07331242056203599,7.795022802097753,0.525728393273857,200-499,eligible,0.0,0.0,0.0
10174,Bitter Woods Deluxe Edition,2003.0,281,7.93876059097591,7.302922435956322,0.635838155019588,7.4397400906687725,0.49902050030713774,0.07119464615842558,7.799219084505396,0.49629664854907385,200-499,eligible,0.0,0.0,0.0
13709,Clash of Giants II: 1st Ypres & Galicia 1914,2006.0,315,7.501732674329941,6.981116520173389,0.5206161541565519,7.037360705723161,0.46437196860677954,0.06724271170268742,7.369936959392674,0.3888204392192846,200-499,eligible,0.0,0.0,0.0
13883,Jenseits von Theben,2004.0,550,7.553988042012132,6.711699490731634,0.8422885512804976,6.754192365544149,0.7997956764679826,0.05088844157559806,7.45424669652396,0.7425472057923255,500-999,eligible,0.0,0.0,0.0
17651,Under the Lily Banners,2005.0,321,8.02267799485498,7.395135271966559,0.6275427228884212,7.470847089312057,0.5518309055429231,0.06661131075537287,7.89211982577445,0.49698455380789036,200-499,eligible,0.0,0.0,0.0
18115,Four Lost Battles,2005.0,135,7.764465804183956,7.105143156472842,0.6593226477111145,7.230184693920554,0.534281110263402,0.10271493877055267,7.563144524193673,0.4580013677208312,100-199,eligible,0.0,0.0,0.0
20078,Monmouth,2007.0,278,7.646495167592445,7.125940920992507,0.5205542465999375,7.26512750961391,0.3813676579785348,0.0715777591279919,7.506202759701581,0.38026183870907343,200-499,eligible,0.0,0.0,0.0
23827,Millionen von Schwalben,2006.0,133,7.546311479834395,6.480486513757029,1.0658249660773658,6.500622481552158,1.0456889982822366,0.10348434981369051,7.343482154199561,0.8629956404425324,100-199,eligible,0.0,0.0,0.0
35035,World at War: Blood and Bridges,2008.0,348,7.709577468061311,7.20231921626225,0.5072582517990609,7.22608754653454,0.48348992152677095,0.06397508533761048,7.584186300799594,0.3818670845373444,200-499,eligible,0.0,0.0,0.0
41090,Magnate,2008.0,210,7.683532630210059,6.559574248022903,1.1239583821871557,6.588480727016325,1.0950519031937338,0.08235516629632961,7.522116504269253,0.9625422562463497,200-499,eligible,0.0,0.0,0.0
82222,Xia: Legends of a Drift System,2014.0,9900,8.138306734974083,7.699378633925168,0.43892810104891566,7.3350176810699335,0.80328905390415,0.01199452070737361,8.11479747438763,0.4154188404624634,5k-10k,exclude,0.0,0.0,0.0
83040,Leader 1: Hell of the North,2011.0,480,7.913656690269035,6.8126177987549,1.1010388915141354,6.878901177769826,1.034755512499209,0.054472822300364106,7.806889958560322,0.9942721598054217,200-499,eligible,0.0,0.0,0.0
109125,Wallenstein (Second Edition),2012.0,1371,8.083348004033729,7.401437543109992,0.6819104609237367,7.390041243153023,0.6933067608807058,0.032231592853853165,8.020174082040176,0.6187365389301845,1k-2.5k,eligible,0.0,0.0,0.0
125943,Corporate America,2013.0,482,7.561106249489165,6.477635794569359,1.083470454919806,6.508952348854489,1.0521539006346758,0.05435969066775631,7.454561255780362,0.9769254612110037,200-499,eligible,0.0,0.0,0.0
128671,Spartacus: A Game of Blood and Treachery,2012.0,8832,7.757213967271501,7.308056270997204,0.44915769627429736,7.4094488295439245,0.3477651377275768,0.01269904217837743,7.732323844601882,0.4242675736046776,5k-10k,exclude,0.0,0.0,0.0
131904,Heart of Crown,2011.0,1063,7.949436789133162,7.0871366911464495,0.8623000979867124,7.183332960029837,0.7661038291033249,0.036604448131946826,7.877692070794546,0.7905553796480966,1k-2.5k,eligible,0.0,0.0,0.0
134520,Phantom Leader: Deluxe Edition,2013.0,533,8.096561894643822,7.452618800537383,0.6439430941064384,7.389977898716692,0.7065839959271294,0.05169361349313691,7.995242412197273,0.54262361165989,500-999,eligible,0.0,0.0,0.0
134524,Lion Rampant: Medieval Wargaming Rules,2014.0,145,7.882805234227336,6.994545946213895,0.8882592880134403,7.09494428128701,0.787860952940326,0.09910977603390549,7.688550073200881,0.6940041269869857,100-199,eligible,0.0,0.0,0.0
145371,Three Kingdoms Redux,2014.0,1632,8.439230758831215,7.8509349435128435,0.5882958153183715,7.924295900475265,0.5149348583559501,0.029542035700730725,8.381328368857783,0.5303934253449393,1k-2.5k,eligible,0.0,0.0,0.0
146922,Chain of Command,2013.0,174,8.37545809403745,7.53981505326564,0.8356430407718101,7.5310150001883365,0.8444430938491134,0.09047443333842489,8.198128204694138,0.6583131514284972,100-199,eligible,0.0,0.0,0.0
153016,Telestrations: 12 Player Party Pack,2011.0,3140,7.962493213410589,6.440024893396414,1.522468320014175,6.495562492524815,1.4669307208857738,0.02129784547950444,7.920749436270761,1.4807245428743463,2.5k-5k,exclude,0.0,0.0,0.0
153703,Darkest Night: Necromancer Bundle,2013.0,117,7.649267383745693,6.6925937895305765,0.9566735942151166,6.709662132444096,0.9396052513015967,0.11033354315946356,7.4330136391531445,0.740419849622568,100-199,eligible,0.0,1.0,0.0
153728,Fields of Despair: France 1914-1918,2017.0,416,8.203917575497034,7.7003222355616465,0.5035953399353872,7.725226541591084,0.4786910339059496,0.05851319742029648,8.089231708553253,0.38890947299160605,200-499,eligible,0.0,0.0,0.0
156175,Championship Formula Racing,2017.0,338,7.92592615353109,7.092451443368976,0.8334747101621138,7.210073151872431,0.7158530016586591,0.06491456418160806,7.798693607735138,0.706242164366162,200-499,eligible,0.0,0.0,0.0
156372,Heart of Crown: Fairy Garden,2013.0,304,8.435737541032188,6.851612430891995,1.5841251101401923,6.939985216301201,1.4957523247309865,0.06844846354855959,8.301578552477011,1.4499661215850155,200-499,eligible,0.0,0.0,0.0
156373,Chimera,2014.0,846,7.58545874700252,6.9715898423535165,0.6138689046490038,7.00618871250278,0.5792700344997401,0.04103130352723909,7.505037392089132,0.5334475497356151,500-999,eligible,0.0,0.0,0.0
158600,Hanamikoji,2013.0,19235,7.771460626531826,7.283593858483105,0.487866768048721,7.326750145374628,0.44471048115719736,0.008605069860808416,7.754594689604641,0.47100083112153646,10k-25k,exclude,0.0,0.0,0.0
162286,Super Motherload,2015.0,4056,7.731557907780039,7.2464619550105525,0.4850959527694867,7.269638849347373,0.4619190584326658,0.018739220552289323,7.694829035497552,0.44836708048699964,2.5k-5k,exclude,0.0,0.0,0.0
161921,Dolmen,2015.0,141,7.5070004405273325,6.8885691146572405,0.618431325870092,6.917249535285631,0.5897509052417016,0.10050575712299538,7.310009156566261,0.42144004190902107,100-199,eligible,0.0,0.0,0.0
171726,Project: ELITE,2016.0,1141,7.884551132988267,7.366456233742138,0.5180948992461287,7.388724042928359,0.4958270900599073,0.03533114186820091,7.815302094926593,0.4488458611844549,1k-2.5k,eligible,0.0,1.0,0.0
175360,W1815,2015.0,711,7.763831442437395,6.985595510003433,0.7782359324339616,7.021762292721023,0.7420691497163716,0.04475748713260173,7.676106767657496,0.6905112576540622,500-999,eligible,0.0,0.0,0.0
175707,Apex Theropod Deck-Building Game: Exotic Predators Limited Edition,2014.0,133,7.5566542521267115,6.826607463641027,0.7300467884856845,6.927626845716867,0.6290274064098442,0.10348434981369051,7.353824926491878,0.5272174628508511,100-199,eligible,0.0,0.0,0.0
192663,Fleet Commander: Genesis,2016.0,164,7.7627377489908165,7.249696745339188,0.5130410036516286,7.203977105571875,0.5587606434189416,0.09319198703176114,7.580081454408565,0.3303847090693768,100-199,eligible,0.0,0.0,0.0
193042,Junk Art,2016.0,7771,7.691391581247917,7.155657358992723,0.5357342222551935,7.156863922554999,0.5345276586929177,0.013538234780230227,7.664856641078665,0.5091992820859422,5k-10k,exclude,0.0,0.0,0.0
193512,Kingdom Defenders,2018.0,453,7.879703571896924,7.376334334319914,0.5033692375770098,7.186754302345317,0.6929492695516064,0.05607269047003061,7.769801098575663,0.3934667642557498,200-499,eligible,0.0,0.0,0.0
197072,High Treason: The Trial of Louis Riel,2016.0,559,7.742884563824832,7.330387301322819,0.41249726250201313,7.396437318412744,0.3464472454120884,0.050477122774646783,7.643949403186524,0.3135621018637054,500-999,eligible,0.0,0.0,0.0
198630,Hold the Line: The American Revolution,2016.0,129,7.656593737522575,7.1237343189033115,0.5328594186192639,7.17107848749062,0.4855152500319555,0.10507651023085979,7.45064377747009,0.3269094585667787,100-199,eligible,0.0,0.0,0.0
198740,Lovecraft Letter,2017.0,5033,7.534821299989631,7.017201936624488,0.5176193633651431,6.900135952295297,0.6346853476943339,0.016822364182158434,7.501849466192601,0.48464752956811263,5k-10k,exclude,0.0,0.0,0.0
203800,Dust 1947,2016.0,101,7.654677090461042,7.216990432238569,0.4376866582224723,7.129372519363564,0.525304571097478,0.11875169273608258,7.42192377269832,0.20493334045975048,100-199,eligible,0.0,0.0,0.0
212370,Omen: Edge of the Aegean,2016.0,183,7.772215473079981,6.6796334252961245,1.0925820477838561,6.69814042025714,1.0740750528228409,0.08822160427375413,7.599301128703423,0.9196677034072981,100-199,eligible,0.0,0.0,0.0
212956,Room 25 Ultimate,2016.0,873,7.595697657822653,6.544829823464328,1.0508678343583249,6.571376214080697,1.0243214437419557,0.040391815504993586,7.516529699432866,0.9716998759685375,500-999,eligible,0.0,1.0,0.0
214296,Tenkatoitsu,2016.0,220,8.643939013797509,7.81033895599022,0.8336000578072884,7.937676905376055,0.7062621084214538,0.08046169097764876,8.486234099481317,0.6758951434910969,200-499,eligible,0.0,0.0,0.0
214988,Railways of Nippon,2018.0,518,8.090449643821074,7.22136287918887,0.869086764632204,7.321999798542379,0.7684498452786954,0.05243673182227438,7.987673649449416,0.7663107702605463,500-999,eligible,0.0,0.0,0.0
208754,Wings of Glory: Tripods & Triplanes,2018.0,102,7.9742112099662315,6.773611987088927,1.2005992228773046,6.882461414881174,1.0917497950850574,0.1181681428029229,7.742601650072503,0.9689896629835757,100-199,eligible,0.0,0.0,0.0
209136,Q.E.,2017.0,318,7.994942579540181,6.731045632291844,1.2638969472483375,6.810818139044734,1.184124440495447,0.06692477747855446,7.863770015682214,1.1327243833903706,200-499,eligible,0.0,0.0,0.0
223770,Startups,2017.0,5151,7.6635674351811325,7.196781435952243,0.46678599922888964,7.204494259121251,0.4590731760598814,0.01662856302829501,7.630975451645674,0.4341940156934314,5k-10k,exclude,0.0,0.0,0.0
225836,España 20: La Guerra Peninsular,2017.0,113,7.684195483816511,7.210274839163665,0.47392064465284633,7.234157936048421,0.45003754776809046,0.1122693670265072,7.464147524444557,0.25387268528089224,100-199,eligible,0.0,0.0,0.0
225976,Emperor's Choice,2017.0,115,7.775552161456256,7.298027722273618,0.47752443918263765,7.262194302350196,0.5133578591060601,0.11128882975690979,7.557426055132712,0.25939833285909447,100-199,eligible,0.0,0.0,0.0
223931,Sherlock Holmes Consulting Detective: Carlton House & Queen's Park,2017.0,1401,8.009069367229523,7.339397238351792,0.6696721288777319,7.330740512813485,0.6783288544160389,0.03188463341763781,7.946575485730953,0.6071782473791618,1k-2.5k,eligible,0.0,1.0,0.0
224678,Baseball Highlights: 2045 – Spring Training,2017.0,176,7.706666397485737,6.812548636756153,0.8941177607295838,6.875109050392204,0.8315573470935327,0.08995890530530207,7.530346943087345,0.7177983063311918,100-199,eligible,0.0,0.0,0.0
237009,Urbino,2017.0,207,8.44228573901027,6.991255027950061,1.4510307110602092,7.012767151523599,1.4295185874866707,0.08294979615761722,8.27970413854134,1.2884491105912794,200-499,eligible,0.0,0.0,0.0
237792,Rummikub Twist,2016.0,204,7.62447815110335,6.832143848705375,0.7923343023979754,6.7892695357553094,0.8352086153480407,0.0835574950961671,7.460705460714863,0.6285616120094879,200-499,eligible,0.0,0.0,0.0
244258,The Red Dragon Inn 7: The Tavern Crew,2018.0,310,7.8556047162760585,6.541730332767488,1.3138743835085709,6.441405631210124,1.4141990850659347,0.06778282248133423,7.7227503842126435,1.1810200514451559,200-499,eligible,0.0,0.0,0.0
244271,Dice Throne: Season Two – Battle Chest,2019.0,4629,8.22312019303742,7.512863450034102,0.7102567430033186,7.511570493723333,0.7115496993140873,0.017541103272523124,8.188739630623274,0.6758761805891733,2.5k-5k,exclude,0.0,0.0,0.0
247104,Blitz Bowl,2018.0,763,7.942293552230859,7.2374231342141755,0.7048704180166832,7.279696148863076,0.6625974033677826,0.04320541956224226,7.857610929888864,0.6201877956746883,500-999,eligible,0.0,0.0,0.0
258148,Power Rangers: Heroes of the Grid,2019.0,787,7.7499709336031675,7.220269592918987,0.5297013406841806,7.28677145865592,0.4631994749472472,0.04254153239806162,7.666589530102967,0.44631993718397983,500-999,eligible,0.0,1.0,0.0
262621,The Soo Line,2018.0,217,7.759402777597738,6.910359484090598,0.8490432935071395,7.158945638971961,0.6004571386257771,0.08101596865112519,7.6006114790415324,0.6902519949509341,200-499,eligible,0.0,0.0,0.0
263192,Teenage Mutant Ninja Turtles Adventures: Change is Constant,2020.0,329,8.123381717246433,7.385348549374619,0.7380331678718139,7.512095464367574,0.611286252878859,0.06579646282785334,7.994420650103841,0.6090721007292215,200-499,eligible,0.0,1.0,0.0
263938,Paupers' Ladder,2019.0,251,7.9002018437381105,6.926833615431155,0.9733682283069554,6.928968045617458,0.9712337981206529,0.07532924854556144,7.75255651658881,0.8257229011576549,200-499,eligible,0.0,0.0,0.0
266830,QE,2019.0,6703,7.838379566800632,7.369309578035573,0.46906998876505934,7.432590747957148,0.40578881884348394,0.014576923887596866,7.809808795980942,0.4404992179453695,5k-10k,exclude,0.0,0.0,0.0
266938,Smash Up: World Tour – International Incident,2019.0,360,7.6215664247901636,7.2133136934692175,0.4082527313209461,7.197479419344901,0.4240870054452621,0.06289979723726773,7.498282822205119,0.28496912873590136,200-499,eligible,0.0,0.0,0.0
266965,Dice Throne: Season Two – Tactician v. Huntress,2018.0,1087,7.872558725769783,7.433036719093378,0.4395220066764045,7.373303842669211,0.49925488310057187,0.036198095693381636,7.801610458210755,0.3685737391173765,1k-2.5k,eligible,0.0,0.0,0.0
266967,Dice Throne: Season Two – Cursed Pirate v. Artificer,2018.0,1128,7.981505250665476,7.546854643000085,0.4346506076653913,7.479856894129961,0.5016483565355152,0.035534151204979096,7.911858314303717,0.3650036713036323,1k-2.5k,eligible,0.0,0.0,0.0
267661,Crossing the Line: Aachen 1944,2019.0,198,8.306191861689015,7.864263297340088,0.44192856434892747,7.944936784809379,0.36125507687963676,0.08481406929266344,8.139956285875394,0.2756929885353071,100-199,eligible,0.0,0.0,0.0
268201,Dice Throne,2018.0,2465,7.8958296618837664,7.255925181918133,0.639904479965633,7.211646500505164,0.684183161378602,0.024037651477594242,7.848715864987682,0.5927906830695483,1k-2.5k,borderline,0.0,0.0,0.0
274428,Gaslands: Refuelled,2019.0,738,8.42370162644672,7.7035847244198905,0.7201169020268292,7.675423346881857,0.7482782795648628,0.043931123988271405,8.337596623429707,0.6340118990098172,500-999,eligible,0.0,0.0,0.0
274638,Unmatched: Robin Hood vs. Bigfoot,2019.0,4374,8.06974176448516,7.498460686193502,0.5712810782916584,7.512310572190636,0.5574311922945245,0.01804517534664898,8.034373220805728,0.5359125346122264,2.5k-5k,exclude,0.0,0.0,0.0
283642,Cowboy Bebop: Space Serenade,2019.0,705,7.6035794799066965,6.914963719314111,0.6886157605925858,7.001313230977633,0.6022662489290633,0.044947541011420275,7.5154822995243125,0.600518580210202,500-999,eligible,0.0,0.0,0.0
283864,Trails of Tucana,2019.0,4776,7.714691111136336,7.001648264001407,0.713042847134929,7.277837257998282,0.4368538531380537,0.01726904561983098,7.680843781721467,0.6791955177200604,2.5k-5k,exclude,0.0,0.0,0.0
284108,Pictures,2019.0,3352,7.591191093547571,7.083077350461579,0.5081137430859917,7.115458125919995,0.4757329676275761,0.02061334589595554,7.550788935591498,0.4677115851299188,2.5k-5k,exclude,0.0,0.0,0.0
286358,Commands & Colors Tricorne: Jacobite Rising,2020.0,100,8.379267246947594,7.573180327863296,0.8060869190842972,7.5221430412206445,0.857124205726949,0.1193439741795195,8.145353057555734,0.572172729692439,100-199,eligible,0.0,0.0,0.0
286363,SPELL,2020.0,188,7.591679807063362,7.1758434077795386,0.41583639928382343,7.081988927667295,0.509690879396067,0.0870405388951028,7.4210803508289604,0.24523694304942195,100-199,eligible,0.0,0.0,0.0
286431,Electropolis,2019.0,724,7.825128418522104,7.37462155186282,0.45050686665928463,7.400954559931193,0.42417385859091095,0.0443538386987549,7.738194894672545,0.36357334280972503,500-999,eligible,0.0,0.0,0.0
299179,Chancellorsville 1863,2020.0,189,8.057866186107379,7.323043344643942,0.734822841463437,7.376021675526108,0.6818445105812714,0.08680996752611164,7.8877186497562,0.5646753051122582,100-199,eligible,0.0,0.0,0.0
299544,Exhibition: 20th Century,2021.0,175,7.509266390980361,6.903263228234948,0.606003162745413,6.876918890940509,0.6323475000398524,0.09021556461517782,7.332443884334612,0.4291806560996645,100-199,eligible,0.0,0.0,0.0
310448,Zombie Teenz Evolution,2020.0,2006,7.824416743314829,7.289991263692638,0.5344254796221906,7.287255970829163,0.5371607724856657,0.026646184552286418,7.772190221592347,0.4821989578997092,1k-2.5k,borderline,0.0,1.0,1.0
317030,Quest: Avalon Big Box Edition,2021.0,322,8.283888142620466,7.205181709709015,1.078706432911451,7.305931113222972,0.9779570293974942,0.06650779661240168,8.153532861260159,0.9483511515511438,200-499,eligible,0.0,0.0,0.0
318098,Silver Dagger,2020.0,300,7.53347240151887,7.039733988196836,0.49373841332203394,6.980454778899464,0.5530176226194063,0.06890327561870532,7.398421981306208,0.3586879931093715,200-499,eligible,0.0,0.0,0.0
324157,Hidden Games Crime Scene: Green Poison,2020.0,253,8.432093468244132,7.291243178709516,1.1408502895346153,7.337611196709391,1.0944822715347406,0.07503091371580374,8.285032877361155,0.99378969865164,200-499,eligible,0.0,1.0,0.0
324856,The Crew: Mission Deep Sea,2021.0,19985,8.459943082578489,8.01555495643966,0.44438812613882916,8.053482792817956,0.40646028976053294,0.008442059709805246,8.44339664554727,0.4278416891076109,10k-25k,exclude,0.0,1.0,0.0
329839,So Clover!,2021.0,9292,7.974623611118608,7.502497546512171,0.4721260646064378,7.5129244372835675,0.4616991738350409,0.01238071981457502,7.950357400282042,0.44785985376987075,5k-10k,exclude,0.0,1.0,0.0
331582,HEXplore It: The Domain of Mirza Noctis,2022.0,305,8.515307831492972,7.924144112816991,0.5911637186759808,8.001652903174268,0.5136549283187044,0.06833616082559017,8.381368956274816,0.4572248434578241,200-499,eligible,0.0,1.0,0.0
341512,In the Ashes,2022.0,305,8.289868806340237,7.35053986245072,0.9393289438895174,7.453669227122511,0.8361995792177268,0.06833616082559017,8.155929931122081,0.8053900686713606,200-499,eligible,0.0,0.0,0.0
348406,Marvel Dice Throne,2022.0,2987,8.132048169861864,7.516247673851705,0.6158004960101593,7.535472121509864,0.5965760483520004,0.021836492687423686,8.089248644194514,0.5730009703428088,2.5k-5k,exclude,0.0,0.0,0.0
360641,Maladum: Dungeons of Enveron,2024.0,140,8.787989144766346,8.112765255281216,0.6752238894851299,8.15158042999952,0.6364087147668265,0.10086406755403113,8.590295572360445,0.4775303170792289,100-199,eligible,0.0,1.0,0.0
360956,"Suspects: Claire Harper, Eternal Investigator",2022.0,161,7.835290112112586,7.159124894837143,0.6761652172754431,7.169458945570387,0.6658311665421994,0.09405622797280985,7.650939905285879,0.49181501044873577,100-199,eligible,0.0,1.0,0.0
361637,Decktective: You Can't Cheat Death,2022.0,159,7.563152335318428,6.882769256750162,0.6803830785682656,6.8839858673945145,0.6791664679239133,0.09464592796897318,7.3776463164992405,0.4948770597490782,100-199,eligible,0.0,1.0,0.0
362505,One Piece Card Game,2022.0,211,7.7158903005868025,7.199856945118727,0.5160333554680756,7.153698933957678,0.5621913666291247,0.08215978009865095,7.5548571315934465,0.35500018647471976,200-499,eligible,0.0,0.0,0.0
367432,On to Richmond II: The Union Strikes South,2023.0,102,9.49558070485074,8.497220357704096,0.9983603471466438,8.499866120849564,0.9957145840011759,0.1181681428029229,9.263971144957011,0.7667507872529149,100-199,eligible,0.0,0.0,0.0
400995,Perspectives,2023.0,699,8.112228083730708,7.589665300657144,0.522562783073564,7.577089586831809,0.5351384968988988,0.04514003671450448,8.023753611770278,0.4340883111131352,500-999,eligible,0.0,1.0,0.0
401885,Schätz it if you can,2023.0,231,7.682922113674121,7.088161047644288,0.5947610660298333,7.131206895582361,0.5517152180917604,0.07852257009464976,7.5290178762886075,0.44085682864431974,200-499,eligible,0.0,0.0,0.0
402207,YRO,2024.0,154,7.86399219964577,7.29048682605271,0.5735053735930595,7.245797864747178,0.6181943348985914,0.09617011501190885,7.6754987742224285,0.3850119481697182,100-199,eligible,0.0,0.0,0.0
405923,Moonrollers,2024.0,422,7.720120695611587,7.284670512602384,0.4354501830092028,7.367376553775488,0.3527441418360988,0.05809573764855164,7.606253049820426,0.3215825372180416,200-499,eligible,0.0,0.0,0.0
408381,War Story: Occupied France,2024.0,183,8.461611204652554,7.521530662410493,0.9400805422420611,7.5346114303040626,0.9269997743484915,0.08822160427375413,8.288696860275996,0.767166197865503,100-199,eligible,0.0,1.0,0.0
409581,Rivages,2024.0,185,7.578311295608075,7.14256264414426,0.4357486514638156,7.33528748812293,0.2430238074851454,0.08774343487556857,7.406334163251961,0.2637715191077012,100-199,eligible,0.0,0.0,0.0
118,Modern Art,1992.0,23096,7.8921794352947385,7.124200525211226,0.7679789100835128,7.167933375545481,0.7242460597492579,0.007852936946861537,7.87678767887889,0.7525871536676643,10k-25k,exclude,0.0,0.0,0.0
1582,Sicily: Triumph and Folly,2000.0,183,8.10926771463826,7.586856033332197,0.522411681306064,7.527759011236512,0.5815087034017488,0.08822160427375413,7.936353370261703,0.3494973369295059,100-199,eligible,0.0,0.0,0.0
1666,Battle Hymn,1986.0,435,7.695343599994401,7.283434089555342,0.41190951043905866,7.412124615137424,0.28321898485697705,0.05722105587249886,7.583190330484303,0.2997562409289609,200-499,eligible,0.0,0.0,0.0
1803,Zopp,1997.0,158,7.667323849066769,5.914974212678306,1.7523496363884625,5.942362669361394,1.7249611797053745,0.09494496798099698,7.481231711824014,1.5662574991457086,100-199,eligible,0.0,0.0,0.0
1822,Wilderness War,2001.0,1880,8.109644365164526,7.631106425505289,0.47853793965923686,7.543876892514042,0.5657674726504833,0.027524635167700047,8.055696080235833,0.4245896547305448,1k-2.5k,borderline,0.0,0.0,0.0
3365,Gumshoe,1985.0,146,7.799363660363855,6.593626724914536,1.2057369354493188,6.581237088687853,1.2181265716760015,0.09876977580017929,7.605774899795503,1.0121481748809673,100-199,eligible,0.0,1.0,0.0
6581,Korea: The Forgotten War,2003.0,330,8.427302678500132,7.879452658004039,0.5478500204960923,8.005811299652962,0.42149137884717014,0.06569669557891347,8.29853715516546,0.41908449716142193,200-499,eligible,0.0,0.0,0.0
10641,"Barbarossa: Army Group South, 1941",1996.0,193,8.183538728468646,7.542761612520792,0.6407771159478539,7.487107372756697,0.6964313557119493,0.08590567237136365,8.015163610620773,0.4724019980999812,100-199,eligible,0.0,0.0,0.0
10642,"Barbarossa: Army Group North, 1941",2000.0,167,8.272463463447602,7.609480014043273,0.6629834494043294,7.660155328913193,0.612308134534409,0.09235113988306634,8.091455229276793,0.4819752152335194,100-199,eligible,0.0,0.0,0.0
11091,Leuthen: Frederick's Greatest Victory,1997.0,105,8.120230128005938,7.450299230463141,0.6699308975427964,7.547054236308421,0.5731758916975167,0.11646779310776094,7.8919532535147265,0.441654023051585,100-199,eligible,0.0,0.0,0.0
11096,Tahuantinsuyu,2004.0,404,7.7545386941036645,6.968737545848672,0.7858011482549925,7.060131343421856,0.694407350681808,0.05937584636804129,7.638162035222304,0.6694244893736315,200-499,eligible,0.0,0.0,0.0
11967,The Seven Days of 1809: Napoleon and the Archduke Charles,2004.0,119,7.894065271559432,7.120681901190075,0.7733833703693573,7.149345095544135,0.7447201760152975,0.10940244175973919,7.679636485710343,0.5589545845202686,100-199,eligible,0.0,0.0,0.0
12266,Barren Victory,1991.0,103,7.585013572576962,7.042538388164235,0.5424751844127265,7.173671679553305,0.411341893023657,0.11759311193156399,7.3545310731910964,0.31199268502686106,100-199,eligible,0.0,0.0,0.0
13122,Antiquity,2004.0,4529,8.44130682038236,7.888624091274481,0.5526827291078789,7.953915442400728,0.48739137798163235,0.017733699111858403,8.406548770123118,0.5179246788486364,2.5k-5k,exclude,0.0,0.0,0.0
19622,A Victory Lost: Crisis in Ukraine 1942-1943,2006.0,1072,8.046616370783408,7.513838792558234,0.5327775782251738,7.62904251806491,0.41757385271849756,0.036450467531962835,7.97517345442076,0.46133466186252664,1k-2.5k,eligible,0.0,0.0,0.0
19679,Hordes,2006.0,440,7.698424266613612,6.962794949739495,0.7356293168741175,6.997360630206455,0.7010636364071576,0.056895007316031886,7.58691005227419,0.6241151025346949,200-499,eligible,0.0,0.0,0.0
19854,Federation Commander: Klingon Border,2005.0,535,7.683085619229088,7.060397432704979,0.6226881865241083,7.331623713772519,0.35146190545656886,0.05159689944492122,7.581955696317042,0.5215582636120627,500-999,eligible,0.0,0.0,0.0
21348,Ticket to Ride: Märklin,2006.0,9033,7.659483393214059,7.164556938992279,0.4949264542217806,7.240985309855546,0.41849808335851346,0.012556959419253038,7.634871752752323,0.47031481376004464,5k-10k,exclude,0.0,0.0,0.0
38877,No Retreat!: The Russian Front 1941-1944,2008.0,189,8.1229458153777,7.062027741856376,1.0609180735213233,7.0391727087463725,1.0837731066313268,0.08680996752611164,7.952798279026521,0.8907705371701444,100-199,eligible,0.0,0.0,0.0
67600,D-Day at Tarawa,2014.0,467,8.417474012675262,7.958554374037737,0.45891963863752494,8.042987115007326,0.37448689766793564,0.05522580506005719,8.30923143475755,0.35067706071981286,200-499,eligible,0.0,0.0,0.0
75448,Tanto Cuore: Romantic Vacation,2010.0,459,7.686309423650441,6.7458957737432215,0.9404136499072191,6.836288932794034,0.8500204908564069,0.05570499673077806,7.577127630058116,0.831231856314894,200-499,eligible,0.0,0.0,0.0
91739,Somme 1918: Bloody Spring,2012.0,100,8.259291712979266,7.609482044898957,0.6498096680803087,7.714607515560834,0.544684197418432,0.1193439741795195,8.025377523587407,0.4158954786884505,100-199,eligible,0.0,0.0,0.0
97155,Lords of Baseball,2024.0,127,8.232817669715876,7.6430804361314735,0.5897372335844029,7.649792917674514,0.5830247520413625,0.10590065234778524,8.025252391114217,0.3821719549827438,100-199,eligible,0.0,0.0,0.0
122913,Samurai Battles,2012.0,245,7.609904831197933,7.101526385438909,0.5083784457590239,7.165004587116696,0.44490024408123663,0.07624606827725293,7.460462537374517,0.3589361519356082,200-499,eligible,0.0,0.0,0.0
158886,Stonewall's Sword: The Battle of Cedar Mountain,2015.0,208,8.239263919584353,7.590336185510997,0.6489277340733555,7.602891119481413,0.6363728001029401,0.08275015736959768,8.07707361113994,0.48673742562894406,200-499,eligible,0.0,0.0,0.0
158976,Ascension: Year One Collector's Edition,2015.0,433,7.972375996145021,6.747604713858829,1.2247712822861923,6.855061267332536,1.1173147288124854,0.05735305386998055,7.859964010559859,1.1123592967010303,200-499,eligible,0.0,0.0,0.0
159333,Fendo,2014.0,121,8.166506203111037,6.648537711077063,1.5179684920339742,6.672725748339767,1.4937804547712705,0.10849452198138136,7.95385694002753,1.3053192289504667,100-199,eligible,0.0,0.0,0.0
177877,SiXeS,2016.0,321,7.512032725616253,6.31850775274704,1.1935249728692128,6.3723385804351125,1.1396941451811404,0.06661131075537287,7.381474556535722,1.062966803788682,200-499,eligible,0.0,0.0,0.0
188866,Awkward Guests: The Walton Case,2016.0,8559,7.844826323951546,7.19000351730274,0.6548228066488058,7.21711151029581,0.6277148136557358,0.012899978386648551,7.819542366313715,0.6295388490109746,5k-10k,exclude,0.0,0.0,0.0
206803,Warsaw: City of Ruins,2016.0,2099,7.74708229026352,7.129875293151645,0.6172069971118743,7.215984137644034,0.531098152619486,0.026049193185218786,7.696025871620491,0.5661505784688455,1k-2.5k,borderline,0.0,0.0,0.0
219217,Arena: The Contest,2019.0,753,8.215903329240293,7.51869316898429,0.6972101602560024,7.366424506420293,0.8494788228200001,0.04349136192563212,8.130660259866055,0.6119670908817634,500-999,eligible,0.0,1.0,0.0
220609,Sentinels of Earth-Prime,2022.0,143,8.23464278655181,7.629317424414602,0.6053253621372079,7.594727573072863,0.6399152134789468,0.09980044485011572,8.039033914645582,0.4097164902309811,100-199,eligible,0.0,0.0,0.0
220792,The Expanse Board Game,2017.0,1733,7.635675550930923,7.113135665165988,0.5225398857649353,7.120537751863177,0.5151377990677464,0.028668252074931976,7.579485776864057,0.4663501116980686,1k-2.5k,borderline,0.0,0.0,0.0
227995,"Raiders of the Deep: U-boats of the Great War, 1914-18",2018.0,149,8.163006942927295,7.667470310760079,0.4955366321672159,7.703522981441182,0.4594839614861126,0.09777039316946254,7.971376972315148,0.3039066615550693,100-199,eligible,0.0,0.0,0.0
231327,The Grizzled: Armistice Edition,2018.0,899,7.872058005515128,7.319050233379496,0.5530077721356319,7.351958564192769,0.5200994413223592,0.03980344389681527,7.79404325547737,0.474993022097874,500-999,eligible,0.0,1.0,0.0
231942,Last Night on Earth: The Zombie Game – 10 Year Anniversary Edition,2017.0,269,7.964623853392851,7.093567683881529,0.8710561695113217,6.777171819889334,1.1874520335035168,0.07276530529982086,7.822003855005202,0.7284361711236729,200-499,eligible,0.0,0.0,0.0
231962,Krazy Wordz,2016.0,753,7.545649480030701,6.554999811370605,0.9906496686600956,6.6342413581739414,0.9114081218567591,0.04349136192563212,7.460406410656462,0.9054065992858567,500-999,eligible,0.0,0.0,0.0
232134,Wander: The Cult of Barnacle Bay,2019.0,209,7.739456698209377,7.322063445897811,0.417393252311566,7.314687324448643,0.42476937376073387,0.08255195311523299,7.577654870103521,0.25559142420570935,200-499,eligible,0.0,1.0,0.0
240464,Cosmic Run: Regeneration,2018.0,350,7.5621610989350865,6.841540567226094,0.7206205317089927,6.855344421764329,0.7068166771707576,0.06379203750796537,7.437128705419474,0.5955881381933805,200-499,eligible,0.0,0.0,0.0
241203,Ascension: Year Four Collector's Edition,2017.0,122,8.176847733597981,6.64387682487275,1.5329709087252308,6.7514810016154065,1.4253667319825745,0.10804895738021865,7.965071777132753,1.3211949522600022,100-199,eligible,0.0,0.0,0.0
241853,Museum: Kickstarter Edition,2019.0,149,7.594837660289307,7.026432714107759,0.5684049461815475,6.985158240870122,0.6096794194191846,0.09777039316946254,7.40320768967716,0.37677497556940087,100-199,eligible,0.0,0.0,0.0
248878,FlickFleet,2019.0,214,8.1419606295357,6.951687967763455,1.1902726617722443,6.999047176018683,1.142913453517016,0.08158186122431431,7.982060181536043,1.0303722137725884,200-499,eligible,0.0,0.0,0.0
255393,"Stalingrad '42: Southern Russia, June-December, 1942",2019.0,453,8.57778304921306,8.140692684840326,0.4370903643727342,8.207391602367151,0.3703914468459093,0.05607269047003061,8.467880575891801,0.32718789105147417,200-499,eligible,0.0,0.0,0.0
259571,Quarriors! Qultimate Quedition,2019.0,334,7.848769524629266,7.025788955016322,0.8229805696129437,7.172511807074846,0.67625771755442,0.06530211726162363,7.720777374796484,0.6949884197801615,200-499,eligible,0.0,0.0,0.0
270871,Agemonia,2024.0,650,9.13215688043694,8.15950046067205,0.9726564197648901,8.206353244271682,0.9258036361652575,0.04681055793623718,9.040408186881915,0.8809077262098652,500-999,eligible,0.0,1.0,0.0
275626,Dominion: Einsteiger-Bigbox,2019.0,114,8.35750685195751,6.858775453848667,1.498731398108843,6.923311340842842,1.4341955111146678,0.11177587291431,8.138426141045462,1.2796506871967954,100-199,eligible,0.0,0.0,0.0
275972,Star Trek: Alliance – Dominion War Campaign,2021.0,193,8.586067013741074,7.245367226005122,1.3406997877359519,7.261603458237952,1.3244635555031223,0.08590567237136365,8.417691895893201,1.1723246698880792,100-199,eligible,0.0,1.0,0.0
284777,Unmatched: Jurassic Park – InGen vs Raptors,2020.0,2488,8.235595866848483,7.177021857724913,1.0585740091235696,7.175946964525686,1.059648902322797,0.023926286998282635,8.18870034433185,1.0116784866069357,1k-2.5k,borderline,0.0,0.0,0.0
285157,Legendary: A James Bond Deck Building Game,2019.0,674,7.94157442227659,7.11764283999827,0.8239315822783198,7.21181754856031,0.7297568737162798,0.04596958124183024,7.851474043042603,0.7338312030443325,500-999,eligible,0.0,1.0,0.0
293141,King of Tokyo: Dark Edition,2020.0,5420,7.833856833940148,7.103961281558176,0.7298955523819721,7.159291427138411,0.6745654068017366,0.016210665805203806,7.802083928961949,0.6981226474037727,5k-10k,exclude,0.0,0.0,0.0
293207,Eila and Something Shiny,2021.0,1257,8.223399392519292,7.454723293031458,0.7686760994878341,7.577817459255364,0.6455819332639283,0.03366145289105654,8.157422944852822,0.7026996518213633,1k-2.5k,eligible,0.0,0.0,0.0
306637,Resident Evil 3: The Board Game,2021.0,347,7.8717251738009,7.30481009506309,0.5669150787378108,7.324320850355496,0.547404323445404,0.06406720213886775,7.746153457608719,0.44134336254563,200-499,eligible,0.0,1.0,0.0
307997,Insider Black,2020.0,365,7.619979324629217,6.774190172318317,0.8457891523108998,6.838932327656,0.7810469969732168,0.06246749110254928,7.49754304206822,0.7233528697499032,200-499,eligible,0.0,0.0,0.0
308755,Ascension: Eternal,2020.0,219,7.883140442214987,7.141868131442486,0.7412723107725014,7.252348248423624,0.630792193791363,0.08064518423984444,7.7250758811048925,0.5832077496624063,200-499,eligible,0.0,0.0,0.0
314672,Stilicho: Last of the Romans,2020.0,150,7.992773687670193,7.52932551673141,0.46344817093878365,7.468458382490441,0.5243153051797522,0.09744394687190448,7.80178355180126,0.2724580350698509,100-199,eligible,0.0,0.0,0.0
315060,Unmatched: Buffy the Vampire Slayer,2020.0,1163,7.62065619652894,7.128609188020647,0.4920470085082931,7.166462206913179,0.45419398961576096,0.034995373939411295,7.552065263607694,0.42345607558704695,1k-2.5k,eligible,0.0,0.0,0.0
329106,Fallen Land: A Post Apocalyptic Board Game – 2nd Edition,2023.0,159,8.47802357917602,7.904079985176557,0.5739435939994628,7.768830816034134,0.7091927631418855,0.09464592796897318,8.292517560356831,0.3884375751802754,100-199,eligible,0.0,0.0,0.0
334011,A Gentle Rain,2021.0,1392,7.715324604403884,7.161081646813422,0.5542429575904624,7.166823899417599,0.5485007049862851,0.03198754266880524,7.652629020773026,0.49154737395960413,1k-2.5k,eligible,0.0,0.0,0.0
336811,Catharsis,2022.0,105,8.306869751294075,7.3579246753818985,0.9489450759121763,7.440936992929744,0.8659327583643304,0.11646779310776094,8.078592876802864,0.7206682014209649,100-199,eligible,0.0,1.0,0.0
345894,Thrones of Valeria,2022.0,166,7.534349129830082,7.025066605031295,0.5092825247987873,7.079053531808798,0.4552955980212845,0.09262888829931706,7.352796508763421,0.32772990373212585,100-199,eligible,0.0,0.0,0.0
358981,"Air, Land, & Sea: Spies, Lies, & Supplies",2022.0,1157,8.106576141515397,7.667172144098412,0.439403997416985,7.619025813200519,0.4875503283148781,0.03508599655278648,8.037807588271935,0.3706354441735235,1k-2.5k,eligible,0.0,0.0,0.0
359065,Blitz Bowl: Ultimate Edition,2022.0,249,8.579050702178197,7.451780077432954,1.1272706247452433,7.496366924389385,1.0826837777888123,0.07563117059152864,8.4308136078188,0.9790335303858472,200-499,eligible,0.0,0.0,0.0
368557,Heroscape: Master Set – Age of Annihilation,2024.0,142,8.472552993347907,7.940920124312425,0.5316328690354819,7.977712809941066,0.49484018340684166,0.10015123835649417,8.27625656616918,0.3353364418567533,100-199,eligible,0.0,0.0,0.0
369258,Isle of Skye: Big Box,2022.0,353,8.223449131645932,7.23189824340324,0.991550888242692,7.230618913011929,0.992830218634003,0.06352038813683634,8.098949170897733,0.8670509274944928,200-499,eligible,0.0,0.0,0.0
369635,Between Two Cities Essential Edition,2022.0,334,7.705679492919999,7.108735605699765,0.5969438872202337,7.116188574206344,0.589490918713655,0.06530211726162363,7.5776873430872165,0.46895173738745144,200-499,eligible,0.0,0.0,0.0
370444,Hard to Get,2023.0,279,7.503382298893498,7.01847854160439,0.48490375728910795,7.012181613901284,0.49120068499221414,0.07144936842529408,7.363341536779921,0.34486299517553154,200-499,eligible,0.0,1.0,0.0
373105,Legendary Encounters: The Matrix,2023.0,245,8.41383020541206,7.472648628942391,0.9411815764696687,7.535061655205277,0.8787685502067824,0.07624606827725293,8.264387911588644,0.791739282646253,200-499,eligible,0.0,1.0,0.0
373828,Galdor's Grip,2022.0,274,8.133307006680797,7.334645891576486,0.798661115104311,7.335170885520023,0.7981361211607734,0.0720983315076739,7.991994276925756,0.6573483853492702,200-499,eligible,0.0,0.0,0.0
386405,Come Sail Away!,2023.0,584,8.18474666565053,7.572614463240862,0.6121322024096685,7.549768376478502,0.6349782891720288,0.049384887900089644,8.087952285366356,0.5153378221254927,500-999,eligible,0.0,0.0,0.0
386937,Lacuna,2023.0,1454,7.800103647605134,7.391191264772724,0.40891238283241016,7.4226291221934275,0.37747452541170645,0.03129812297214031,7.738759326579739,0.34756806180701516,1k-2.5k,eligible,0.0,0.0,0.0
387276,Reforest: Plants of the Pacific Northwest Coast,2024.0,196,8.188961142304597,7.628906320462523,0.5600548218420744,7.5771442105150335,0.6118169317895639,0.08524569584251393,8.02187957845327,0.3929732579907471,100-199,eligible,0.0,0.0,0.0
3,Samurai,1998.0,16336,7.824501675976537,7.37339315636728,0.4511085196092566,7.449495376243467,0.3750062997330694,0.009337435900077818,7.806200301612384,0.43280714524510405,10k-25k,exclude,0.0,0.0,0.0
8812,No Better Place to Die: The Battle of Murfreesboro,1994.0,147,7.551354481754806,7.078461267662588,0.47289321409221774,7.213624767812718,0.33772971394208806,0.09843325088386476,7.35842531002243,0.27996404235984285,100-199,eligible,0.0,0.0,0.0
8887,Battle for Stalingrad,1980.0,190,7.656709021930909,7.0510121236157755,0.6056968983151334,7.139781049983895,0.5169279719470135,0.08658121886098387,7.4870098329633805,0.435997709347605,100-199,eligible,0.0,0.0,0.0
18833,Lord of the Rings: The Confrontation,2005.0,6420,7.8464568844907605,6.785522158346492,1.0609347261442688,6.763189009222673,1.0832678752680875,0.014894741891937659,7.817263190382563,1.031741032036071,5k-10k,exclude,0.0,0.0,0.0
29055,Down in Flames: Locked-On,2018.0,128,7.77056191193061,6.994434298875314,0.7761276130552961,6.925571937681109,0.8449899742495006,0.10548616679511308,7.563809025012189,0.5693747261368745,100-199,eligible,0.0,0.0,0.0
29379,"Ici, c'est la France! The Algerian War of Independence 1954 - 1962",2009.0,149,7.790836760155617,7.149356371277628,0.641480388877989,6.968254582238776,0.822582177916841,0.09777039316946254,7.59920678954347,0.4498504182658424,100-199,eligible,0.0,0.0,0.0
33924,Nightfighter: Air Warfare in the Night Skies of World War Two,2011.0,250,7.68834802880593,7.269693870956695,0.4186541578492342,7.351684487076829,0.3366635417291004,0.07547975668472127,7.540407705703876,0.2707138347471805,200-499,eligible,0.0,0.0,0.0
34219,Biblios,2007.0,17799,7.529468224957935,7.091694368838732,0.43777385611920305,7.061030673584881,0.46843755137305454,0.008945460334330326,7.511935122702648,0.42024075386391563,10k-25k,exclude,0.0,0.0,0.0
36314,Where Eagles Dare: The Battle for Hell's Highway,2011.0,188,8.461223131236869,7.654687551857309,0.8065355793795597,7.62760987267175,0.8336132585651193,0.0870405388951028,8.290623675002468,0.6359361231451581,100-199,eligible,0.0,0.0,0.0
38309,God's Playground,2009.0,731,7.9852749329179415,7.462775189016506,0.5224997439014354,7.459926956639794,0.5253479762781472,0.044140963372631514,7.898758644707584,0.4359834556910776,500-999,eligible,0.0,0.0,0.0
38786,"Red Winter: The Soviet Attack at Tolvajärvi, Finland – 8-12 December 1939",2012.0,495,8.340614961277021,7.545710795770683,0.7949041655063382,7.632878790868549,0.7077361704084719,0.053641127318432506,8.235478351732894,0.6897675559622105,200-499,eligible,0.0,0.0,0.0
41429,Band of Brothers: Screaming Eagles,2011.0,663,7.982703042767097,7.571732511308678,0.41097053145841933,7.485086733355981,0.4976163094111161,0.046349358925932505,7.891858299272269,0.3201257879635916,500-999,eligible,0.0,0.0,0.0
41749,American Rails,2009.0,1071,8.024870539551326,7.184698995868258,0.8401715436830681,7.321858226778426,0.7030123127729002,0.036467480586579726,7.95339427760163,0.7686952817333719,1k-2.5k,eligible,0.0,0.0,0.0
54221,Push Fight,2008.0,155,7.55697028764889,6.732587269447205,0.8243830182016856,6.612131764189277,0.9448385234596133,0.0958593868490308,7.36908588942479,0.6364986199775853,100-199,eligible,0.0,0.0,0.0
85000,We Must Tell the Emperor,2010.0,268,7.574425248062683,7.008841945371634,0.5655833026910493,7.027145229595563,0.54728001846712,0.07290093506392567,7.431539415337388,0.42269746996575497,200-499,eligible,0.0,0.0,0.0
124622,In Magnificent Style: Pickett's Charge at Gettysburg,2012.0,414,7.686847719096619,6.916457872511494,0.7703898465851253,6.991313325534879,0.69553439356174,0.05865436336109297,7.571885166908877,0.6554272943973831,200-499,eligible,0.0,0.0,0.0
143175,Kashgar: Merchants of the Silk Road,2013.0,2329,7.584470787581589,7.0324499107275535,0.5520208768540353,7.154261338232434,0.43020944934915484,0.02472952368940328,7.536000921150358,0.5035510104228049,1k-2.5k,borderline,0.0,0.0,0.0
143680,Nightfall: Eastern Skies,2013.0,113,8.036883002448286,6.875122187920496,1.1617608145277902,6.948246829407527,1.0886361730407597,0.1122693670265072,7.816835043076332,0.9417128551558361,100-199,eligible,0.0,0.0,0.0
169141,Fallen Land: A Post Apocalyptic Board Game,2017.0,291,7.890290383735723,7.414047000973161,0.4762433827625614,7.298570727365991,0.5917196563697313,0.06996067666459725,7.753167457473112,0.3391204564999508,200-499,eligible,0.0,0.0,0.0
172844,Charms,2014.0,254,8.135458120859894,6.652768550669139,1.4826895701907556,6.635166274671697,1.5002918461881976,0.07488306940719801,7.988687304821786,1.3359187541526476,200-499,eligible,0.0,0.0,0.0
184561,Lock 'n Load Tactical: Heroes of the Nam,2015.0,112,8.388746341435636,7.676484643987152,0.7122616974484846,7.783002736019641,0.605743605415995,0.11276945576897227,8.16771820812845,0.49123356414129893,100-199,eligible,0.0,0.0,0.0
191296,RUMBLESLAM,2016.0,154,7.936061434185844,7.1078826014589005,0.8281788327269437,7.0796295858583935,0.8564318483274507,0.09617011501190885,7.747568008762503,0.6396854073036023,100-199,eligible,0.0,0.0,0.0
191612,Skies Above the Reich,2018.0,457,8.316424604493244,7.822098662251836,0.49432594224140836,7.846045701438042,0.47037890305520236,0.055826756431747636,8.207004161887019,0.384905499635183,200-499,eligible,0.0,0.0,0.0
199182,Commands & Colors Tricorne: The American Revolution,2017.0,302,8.498585846053697,7.425289789935528,1.0732960561181688,7.539289924910795,0.9592959211429015,0.06867474007829803,8.363983355500233,0.9386935655647046,200-499,eligible,0.0,0.0,0.0
204286,Big Trouble in Little China: The Game,2018.0,828,7.740115270232075,7.181011999209868,0.5591032710222068,7.275173849093518,0.4649414211385574,0.04147489807880861,7.658824469997611,0.4778124707877419,500-999,eligible,0.0,1.0,0.0
250396,Terminator Genisys: Rise of the Resistance,2018.0,605,8.027841502955507,7.0275756419731845,1.0002658609823225,7.051486959119583,0.9763545438359245,0.04852022526734277,7.9327418614315155,0.9051662194583306,500-999,eligible,0.0,1.0,0.0
251053,Let's Make a Bus Route,2018.0,993,7.795761720720545,7.020752449221948,0.7750092714985968,7.06883566125059,0.7269260594699549,0.037872665457000874,7.721531296424823,0.7007788472028751,500-999,eligible,0.0,0.0,0.0
256707,Trick Shot,2021.0,446,8.11656075983711,7.392927849839587,0.7236329099975229,7.459549962458498,0.6570107973786126,0.05651100962807393,8.005799180966086,0.612871331126498,200-499,eligible,0.0,0.0,0.0
256874,Legendary Encounters: The X-Files Deck Building Game,2018.0,815,7.852452424928615,7.076625704675131,0.7758267202534848,7.205841544585381,0.6466108803432347,0.04180437082405756,7.770515858113463,0.6938901534383319,500-999,eligible,0.0,1.0,0.0
256916,Concordia Venus,2018.0,6433,8.688896301411905,7.96160449895387,0.7272918024580353,8.208154031028927,0.48074227038297757,0.014879684409602285,8.659732119969085,0.6981276210152147,5k-10k,exclude,0.0,0.0,0.0
256952,Zombie Kidz Evolution,2018.0,5294,7.756185585263831,7.305615429669576,0.45057015559425473,7.178456546254823,0.5777290390090073,0.016402442627813228,7.724036797713317,0.4184213680437408,5k-10k,exclude,0.0,1.0,1.0
256999,Project: ELITE,2020.0,2740,8.275467228674383,7.843959180949035,0.4315080477253481,7.908060786311514,0.3674064423628689,0.022799494306213117,8.230780219834205,0.3868210388851704,2.5k-5k,exclude,0.0,1.0,0.0
257145,Teenage Mutant Ninja Turtles Adventures: City Fall,2020.0,220,8.318215717138065,7.393497912726339,0.9247178044117259,7.519724662852163,0.7984910542859023,0.08046169097764876,8.160510802821873,0.7670128900955344,200-499,eligible,0.0,1.0,0.0
266448,Imperium: The Contention,2021.0,428,8.294717502774501,7.42626454994587,0.8684529528286316,7.350161022355055,0.9445564804194468,0.0576870872935325,8.181650811679178,0.7553862617333078,200-499,eligible,0.0,0.0,0.0
266507,Clank! Legacy: Acquisitions Incorporated,2019.0,9745,8.831527220528356,8.056793035814245,0.7747341847141112,8.099714856060471,0.7318123644678849,0.012089534365710721,8.807831733171563,0.7510386973573181,5k-10k,exclude,0.0,0.0,1.0
271320,The Castles of Burgundy,2019.0,11746,8.695186268689138,8.10541597186702,0.5897702968221186,8.22905271807196,0.46613355061717776,0.01101172856340195,8.67360328070487,0.5681873088378507,10k-25k,exclude,0.0,0.0,0.0
272538,1828,2018.0,194,8.958374841770517,8.545908683210108,0.41246615856040947,8.530386656553704,0.4279881852168135,0.0856839799440507,8.790434241080177,0.24452555787007008,100-199,eligible,1.0,0.0,0.0
285436,Kernstown,2019.0,105,8.36881957575895,7.954720164874365,0.41409941088458524,8.058101004240651,0.31071857151829896,0.11646779310776094,8.140542701267739,0.18582253639337382,100-199,eligible,0.0,0.0,0.0
294230,Remember Our Trip,2019.0,880,7.815285324243645,7.279143453672436,0.5361418705712087,7.288017382321351,0.5272679419222932,0.04023084548882438,7.736432867085549,0.4572894134131129,500-999,eligible,0.0,0.0,0.0
295293,The Thing: The Boardgame,2022.0,2420,7.90970500644114,7.47229226987578,0.43741273656535995,7.536156635845154,0.37354837059598545,0.024260112633671387,7.862155185679144,0.389862915803364,1k-2.5k,borderline,0.0,0.0,0.0
296483,The Great Race,2020.0,291,7.608387989064336,7.157415313517076,0.45097267554726006,7.368949232028644,0.23943875703569173,0.06996067666459725,7.471265062801725,0.3138497492846495,200-499,eligible,0.0,0.0,0.0
297658,[kosmopoli:t],2020.0,664,7.885719140250272,7.017196258268642,0.8685228819816295,7.007614936230619,0.8781042040196532,0.04631444414965853,7.794942829716941,0.7777465714482988,500-999,eligible,0.0,1.0,0.0
304983,Key Enigma: Hack Forward,2021.0,115,8.105986545648022,7.553679297456483,0.5523072481915392,7.558543664683972,0.5474428809640504,0.11128882975690979,7.887860439324479,0.334181141867996,100-199,eligible,0.0,1.0,0.0
311031,Oh! Meow! Bow!,2020.0,639,7.680665465477294,7.011610738051042,0.6690547274262526,7.037678487279793,0.6429869781975013,0.04721174652407152,7.588130442290114,0.5765197042390724,500-999,eligible,0.0,0.0,0.0
311464,Florenza: X Anniversary Edition,2020.0,322,8.270386178614592,7.791028740013923,0.47935743860066893,7.756610317589502,0.5137758610250902,0.06650779661240168,8.140030897254285,0.34900215724036165,200-499,eligible,0.0,0.0,0.0
311920,Ultimate Werewolf: Extreme,2021.0,139,7.923722669585063,7.1300181785563765,0.7937044910286861,7.0562447625423665,0.8674779070426961,0.10122623772308073,7.725319243647824,0.5953010650914479,100-199,eligible,0.0,0.0,0.0
312675,Pole Position,2024.0,225,8.302773534743713,7.875317660579952,0.4274558741637602,7.963144469006998,0.33962906573671425,0.079562649453013,8.146830741815807,0.2715130812358547,200-499,eligible,0.0,0.0,0.0
319604,Ricochet: A la poursuite du Comte courant,2020.0,223,7.7387095494797675,6.572476004494614,1.166233544985153,6.632709229385426,1.1060003200943411,0.0799186362394187,7.582069022450507,1.0095930179558925,200-499,eligible,0.0,1.0,0.0
325810,Ascension: 10 Year Anniversary Edition,2022.0,840,7.973590898395578,7.310418516019359,0.663172382376219,7.42960139416687,0.5439895042287084,0.041177583148164804,7.892882835425175,0.582464319405816,500-999,eligible,0.0,0.0,0.0
325889,Valor & Villainy: Lludwik's Labyrinth,2023.0,218,8.239100576841633,7.572203757118148,0.666896819723485,7.7134748856825155,0.5256256911591173,0.08082993862686555,8.080673897132977,0.5084701400148286,200-499,eligible,0.0,1.0,0.0
337195,Growing Season,2021.0,160,7.667183789151079,6.952256845138965,0.714926944012114,7.013384695089519,0.6537990940615606,0.0943496958559016,7.4822583852735125,0.5300015401345468,100-199,eligible,0.0,0.0,0.0
337690,Escape Room: The Game – Puzzle Adventures: Secret of The Scientist,2021.0,325,7.780940032637016,7.253686250677472,0.5272537819595442,7.262736366944905,0.518203665692111,0.06620012589567814,7.651187785881487,0.39750153520401504,200-499,eligible,0.0,1.0,0.0
337864,Five Parsecs From Home: Solo Adventure Wargaming,2021.0,214,8.553022030739351,7.919631329086959,0.6333907016523916,7.937663869965048,0.6153581607743028,0.08158186122431431,8.393121582739695,0.47349025365273556,200-499,eligible,0.0,0.0,0.0
338834,MicroMacro: Crime City – Full House,2021.0,4492,7.977921341349923,7.380952056940362,0.5969692844095604,7.507612006478698,0.4703093348712244,0.01780658438065741,7.943020435963835,0.562068379023472,2.5k-5k,exclude,0.0,1.0,0.0
343566,TRICKTAKERs,2021.0,401,8.094322372907087,7.543995662302136,0.550326710604951,7.524573053566947,0.56974931934014,0.05959753667138609,7.97751120103117,0.43351553872903426,200-499,eligible,0.0,0.0,0.0
343844,Bullet★,2022.0,993,8.382052189896728,7.5367950968283015,0.845257093068426,7.541819403907352,0.8402327859893752,0.037872665457000874,8.307821765601005,0.7710266687727043,500-999,eligible,0.0,1.0,0.0
343847,Dustbiters,2021.0,210,7.639527257492072,7.044085627789935,0.5954416297021377,7.077271275221834,0.562255982270238,0.08235516629632961,7.478111131551266,0.43402550376133164,200-499,eligible,0.0,0.0,0.0
357726,51st State: Ultimate Edition,2023.0,1445,8.44950397745717,7.910249326274451,0.5392546511827181,7.7996052492132435,0.6498987282439259,0.03139543987886886,8.387968915294586,0.4777195890201351,1k-2.5k,eligible,0.0,0.0,0.0
363538,Heading Forward,2022.0,114,8.146163975743137,7.215550507254315,0.9306134684888221,7.226960581562773,0.9192033941803643,0.11177587291431,7.92708326483109,0.7115327575767745,100-199,eligible,0.0,0.0,0.0
364655,Kinfire Chronicles: Night's Fall,2023.0,570,8.622125181522138,7.803837260606773,0.8182879209153651,7.7290850806556985,0.8930401008664397,0.04998769001615493,8.524149309090475,0.7203120484837013,500-999,eligible,0.0,1.0,0.0
374400,Unlock!: Extraordinary Adventures,2022.0,463,8.005167219596279,7.037436407258534,0.967730812337745,7.111813282207885,0.8933539373883939,0.05546384842653068,7.896458076680279,0.859021669421745,200-499,eligible,0.0,1.0,0.0
374909,Dieson Crusoe,2022.0,185,8.10345102791936,7.193938388052457,0.9095126398669038,7.2339010682225595,0.8695499596968013,0.08774343487556857,7.931473895563246,0.7375355075107894,100-199,eligible,0.0,0.0,0.0
377704,Tales of the Arthurian Knights,2024.0,164,8.360316616574263,7.275723251770918,1.0845933648033448,7.308712310788213,1.05160430578605,0.09319198703176114,8.177660321992011,0.9019370702210929,100-199,eligible,0.0,1.0,0.0
379552,2D6 Dungeon: A Dungeon Crawler,2023.0,154,8.148076549389376,7.41239943140158,0.7356771179877963,7.464927915108337,0.6831486342810393,0.09617011501190885,7.959583123966035,0.547183692564455,100-199,eligible,0.0,0.0,0.0
379908,Marvel United: Spider-Geddon,2023.0,440,8.473507589416219,7.419040766910138,1.0544668225060807,7.334379308953942,1.1391282804622769,0.056895007316031886,8.361993375076796,0.9429526081666582,200-499,eligible,0.0,1.0,0.0
379928,Fall of Lumen,2024.0,171,8.410122623395706,7.978504872529822,0.4316177508658843,7.983404404612747,0.426718218782959,0.09126461806474613,8.231243971988803,0.2527390994589819,100-199,eligible,0.0,0.0,0.0
380175,Halloween,2023.0,213,7.814617193949949,6.946937443540859,0.8676797504090894,7.075068714344027,0.7395484796059213,0.08177314369375521,7.654341832310188,0.7074043887693292,200-499,eligible,0.0,0.0,0.0
383467,Unmatched: Brains and Brawn,2023.0,691,8.363297436805821,7.757660283919362,0.6056371528864588,7.8120770345591115,0.5512204022467095,0.0454005874308723,8.274312285441312,0.5166520015219491,500-999,eligible,0.0,0.0,0.0
385331,Creature Caravan,2024.0,795,8.303576546817407,7.827328700477796,0.4762478463396107,7.731001966107037,0.5725745807103699,0.04232694574643453,8.220615733154395,0.39328703267659904,500-999,eligible,0.0,0.0,0.0
420242,VIVO,2024.0,121,7.846389484883858,7.139220116203619,0.7071693686802387,7.149873915694004,0.6965155691898541,0.10849452198138136,7.63374022180035,0.49452010559673126,100-199,eligible,0.0,0.0,0.0
425235,Point of View: Lost Places,2024.0,115,7.548348908933,7.085022834445114,0.46332607448788554,7.103792602843225,0.44455630608977525,0.11128882975690979,7.330222802609456,0.24519996816434236,100-199,eligible,0.0,1.0,0.0
427345,Res Arcana Duo,2024.0,261,8.372814041430532,7.8212091135720385,0.5516049278584934,7.806602821903361,0.5662112195271707,0.07387206548219741,8.228024793085424,0.40681567951338643,200-499,eligible,0.0,0.0,0.0
172,For Sale,1997.0,31909,7.5842677114551975,6.837552522838488,0.7467151886167098,6.900898231044129,0.6833694804110682,0.006681037337465599,7.571172878273765,0.7336203554352773,25k+,exclude,0.0,0.0,0.0
911,Empires of the Middle Ages,1980.0,451,7.50828712413766,7.041438666905387,0.4668484572322731,7.017420562944132,0.49086656119352856,0.056196882627639624,7.398141234187487,0.3567025672820994,200-499,eligible,0.0,0.0,0.0
2800,The Ironclads: A Tactical Level Game of Naval Combat in the American Civil War 1861-1865,1979.0,277,7.5021716075710465,7.0496819501357635,0.452489657435283,7.161906973652769,0.3402646339182773,0.07170684446121928,7.361626192427057,0.31194424229129325,200-499,eligible,0.0,0.0,0.0
4657,Replay Baseball,1973.0,103,7.978247154421985,6.175689298237961,1.8025578561840243,6.150270615558844,1.8279765388631413,0.11759311193156399,7.74776465503612,1.572075356798159,100-199,eligible,0.0,0.0,0.0
5410,La Grande Guerre 14-18,1999.0,103,8.090959485602328,7.685475784033054,0.40548370156927405,7.793652775681251,0.29730670992107733,0.11759311193156399,7.8604769862164625,0.17500120218340862,100-199,eligible,0.0,0.0,0.0
5516,Symbioz,1995.0,107,7.5164167164840245,6.361734901238474,1.1546818152455502,6.284070179478109,1.232346537005916,0.115374174587065,7.2902833342933775,0.9285484330549029,100-199,eligible,0.0,0.0,0.0
8066,CrossFire: Rules and Organizations for Company Level WW II Gaming,1996.0,146,7.778584870265895,6.815465314435784,0.9631195558301116,6.835576893122866,0.9430079771430293,0.09876977580017929,7.584996109697544,0.7695307952617602,100-199,eligible,0.0,0.0,0.0
12896,La Bataille des Quatre Bras,1991.0,341,8.065670379457774,7.532322090343914,0.5333482891138601,7.644047806010967,0.42162257344680754,0.06462838542942728,7.9389987440160965,0.40667665367218264,200-499,eligible,0.0,0.0,0.0
12898,La Bataille d'Auerstædt,1977.0,188,7.771822302080634,7.240475814643267,0.531346487437367,7.231670839341126,0.5401514627395079,0.0870405388951028,7.601222845846232,0.36074703120296553,100-199,eligible,0.0,0.0,0.0
17419,CATAN 3D Collector's Edition,2005.0,1029,8.10460574629893,7.053714542136872,1.050891204162058,7.099708659822131,1.0048970864767988,0.03720427179690499,8.031685373576996,0.9779708314401242,1k-2.5k,eligible,0.0,0.0,0.0
23540,Shikoku 1889,2004.0,2196,8.708669073783875,8.24647331237313,0.4621957614107455,8.357209320877017,0.3514597529068588,0.025467383487896292,8.658753002147598,0.4122796897744687,1k-2.5k,borderline,1.0,0.0,0.0
31790,"Crusade and Revolution: The Spanish Civil War, 1936-1939",2013.0,543,8.81321505612216,7.8234317269511084,0.9897833291710523,7.860687570386428,0.9525274857357324,0.05121540142463876,8.71283286932987,0.8894011423787603,500-999,eligible,0.0,0.0,0.0
32002,Forged in Steel,2016.0,324,7.869792328157335,7.3811033611378924,0.488688967019443,7.415242523464517,0.45454980469281825,0.06630220787751083,7.739840000717415,0.35873663957952173,200-499,eligible,0.0,0.0,0.0
46213,Telestrations,2009.0,18877,7.648009141997896,6.722765667042664,0.9252434749552325,6.771239220088358,0.8767699219095384,0.008686283666429822,7.630984026011694,0.90821835896903,10k-25k,exclude,0.0,0.0,0.0
46396,Ubongo 3D,2009.0,2046,7.505798498477866,6.827703640371958,0.6780948581059079,6.840364892505839,0.6654336059720265,0.026384427867003322,7.454085019858539,0.6263813794865813,1k-2.5k,borderline,0.0,0.0,0.0
62814,Tumblin-Dice Medium,2008.0,215,7.61403753309305,6.080798857360682,1.5332386757323686,6.113032022429472,1.5010055106635782,0.08139191484034264,7.4545093800059785,1.373710522645297,200-499,eligible,0.0,0.0,0.0
72321,The Networks,2016.0,6610,7.509031019028682,7.084253828726258,0.4247771903024242,7.174392878528657,0.33463814050002494,0.01467911139136041,7.480259960701615,0.39600613197535783,5k-10k,exclude,0.0,0.0,0.0
89409,BattleCON: War of Indines,2012.0,1906,7.967983328531415,7.330951499848679,0.6370318286827361,7.34814653998213,0.6198367885492848,0.02733625693044983,7.914404264947733,0.5834527650990544,1k-2.5k,borderline,0.0,0.0,0.0
94396,It Never Snows,2012.0,256,7.7294634503987485,7.2704466637846785,0.45901678661406997,7.381916843597196,0.34754660680155247,0.07458998386219969,7.583267082028837,0.3128204182441586,200-499,eligible,0.0,0.0,0.0
95064,Ascension: Return of the Fallen,2011.0,3314,7.5434490755194386,7.100265452168909,0.44318362335052974,7.211994503783252,0.3314545717361863,0.020731190566637844,7.502815942008828,0.4025504898399196,2.5k-5k,exclude,0.0,0.0,0.0
101865,Saga,2011.0,328,8.046061591445465,7.080918561736153,0.9651430297093118,7.047351474103635,0.9987101173418296,0.0658966859824071,7.916904086919947,0.8359855251837939,200-499,eligible,0.0,0.0,0.0
101929,Sergeants Miniatures Game: Day of Days,2011.0,239,7.665184263082802,7.256557167482773,0.4086270956000284,7.155829244090079,0.5093550189927232,0.07719719945535404,7.513877752150308,0.2573205846675345,200-499,eligible,0.0,0.0,0.0
123609,Puzzle Strike Shadows,2012.0,639,8.118031888697127,7.177711668146262,0.9403202205508645,7.221509478936484,0.8965224097606423,0.04721174652407152,8.025496865509947,0.8477851973636843,500-999,eligible,0.0,0.0,0.0
124361,Concordia,2013.0,41235,8.453445303694076,7.972140636644994,0.48130466704908237,8.172462978112778,0.28098232558129865,0.005877159760125061,8.44192607056423,0.46978543391923727,25k+,exclude,0.0,0.0,0.0
130390,Ruhrschifffahrt 1769-1890,2012.0,468,7.741690501514993,7.247188514207783,0.49450198730720984,7.186762968221148,0.5549275332938457,0.05516677157973178,7.633563629218719,0.3863751150109356,200-499,eligible,0.0,0.0,0.0
150997,Shadows of Brimstone: Swamps of Death,2014.0,2293,8.111879267117972,7.4396751068705225,0.6722041602474498,7.426958217054889,0.6849210500630836,0.02492289389100693,8.063030395091598,0.6233552882210762,1k-2.5k,borderline,0.0,1.0,0.0
151022,Baseball Highlights: 2045,2015.0,4596,7.872219007498423,7.199157923867382,0.6730610836310404,7.272104455110771,0.6001145523876517,0.017603964570581887,7.837715236940082,0.6385573130726999,2.5k-5k,exclude,0.0,0.0,0.0
163172,Waterloo 1815: Fallen Eagles,2015.0,195,8.34809555913361,7.427919204437897,0.9201763546957125,7.608828651997259,0.7392669071363507,0.08546399503693193,8.180586128861222,0.752666924423326,100-199,eligible,0.0,0.0,0.0
165595,JamSumo,2014.0,350,7.736932225470537,6.391270029633581,1.3456621958369555,6.431055274561283,1.305876950909254,0.06379203750796537,7.611899831954925,1.2206298023213433,200-499,eligible,0.0,0.0,0.0
166317,Time of Soccer,2014.0,915,7.873346667691943,7.327772503156709,0.5455741645352346,7.405455631541837,0.46789103615010585,0.039453900848040034,7.796017022029785,0.46824451887307605,500-999,eligible,0.0,0.0,0.0
167791,Terraforming Mars,2016.0,93632,8.539475992191845,8.132998342289953,0.40647764990189117,8.23412911953259,0.3053468726592552,0.0039002131818851836,8.53183157435535,0.3988332320653962,25k+,exclude,0.0,0.0,0.0
170561,Valeria: Card Kingdoms,2016.0,5915,7.699866498763461,7.280760290726963,0.41910620803649756,7.343859279989932,0.35600721877352903,0.015517548854466328,7.669452103008707,0.38869181228174354,5k-10k,exclude,0.0,0.0,0.0
174400,BattleCON: Wanderers of Indines,2020.0,131,8.823743295541332,7.469341515368049,1.3544017801732835,7.462320471296753,1.3614228242445794,0.10427131437869634,8.619371519359087,1.1500300039910387,100-199,eligible,0.0,0.0,0.0
174837,Sol: Last Days of a Star,2017.0,1539,8.069890995715985,7.5387355534179274,0.5311554422980578,7.486043746854833,0.5838472488611526,0.030421539354915376,8.010264778580352,0.4715292251624236,1k-2.5k,eligible,0.0,1.0,0.0
173776,Battle for Biternia,2018.0,126,8.315857592624537,7.205091750970118,1.1107658416544197,7.304699402797366,1.0111581898271709,0.10632006251327562,8.107470270098517,0.9023785191283995,100-199,eligible,0.0,0.0,0.0
176601,Dead of Winter: Tabletop Edition,2015.0,104,8.07363665020583,6.947364803322957,1.1262718468828723,6.933356283028237,1.140280367177592,0.11702639484059296,7.844264916318267,0.89690011299531,100-199,eligible,0.0,1.0,0.0
187988,Pyramid Arcade,2016.0,813,7.945993544520125,7.0566766527255105,0.8893168917946142,6.905704376484206,1.040289168035919,0.04185575912965893,7.863956256625993,0.8072796039004826,500-999,eligible,0.0,1.0,0.0
194392,Moscow '41,2016.0,124,8.159717830938655,7.507478999470479,0.6522388314681766,7.305229444423993,0.854488386514662,0.10717405263794114,7.94965668776829,0.442177688297812,100-199,eligible,0.0,0.0,0.0
202265,Chicago & NorthWestern,2016.0,102,7.865316570519178,7.092443643984856,0.7728729265343217,7.210517211349634,0.6547993591695436,0.1181681428029229,7.633707010625448,0.5412633666405928,100-199,eligible,0.0,0.0,0.0
216710,Wings of Glory: WW2 Battle of Britain Starter Set,2017.0,184,7.9870729536657095,6.924029218823469,1.0630437348422408,6.99708843914606,0.9899845145196497,0.08798154504163945,7.814629125384096,0.8905999065606275,100-199,eligible,0.0,0.0,0.0
217099,Seeders from Sereis: Exodus,2017.0,409,7.813400800172699,7.376655335216936,0.43674546495576294,7.396480880563898,0.4169199196088016,0.05901179728095114,7.697737677502035,0.3210823422850987,200-499,eligible,0.0,0.0,0.0
223167,Secret Unknown Stuff: Escape from Dulce,2018.0,131,7.730134281126223,6.871350969074273,0.8587833120519504,6.7076989706746595,1.0224353104515638,0.10427131437869634,7.5257625049439785,0.6544115358697056,100-199,eligible,0.0,1.0,0.0
232956,Omen: Fires in the East,2019.0,103,7.9163589211370935,6.861697477709772,1.0546614434273218,6.892790911177441,1.0235680099596527,0.11759311193156399,7.685876421751228,0.8241789440414564,100-199,eligible,0.0,0.0,0.0
233996,The Primary,2018.0,108,7.967963081890026,6.7552622713025094,1.212700810587516,6.735015079720524,1.2329480021695014,0.11483879269784221,7.742879048202255,0.9876167768997454,100-199,eligible,0.0,0.0,0.0
234673,1918: Brother Against Brother,2018.0,124,7.877097071223227,7.349981999407726,0.5271150718155013,7.382628019115931,0.49446905210729675,0.10717405263794114,7.667035928052862,0.3170539286451367,100-199,eligible,0.0,0.0,0.0
235362,Santa Cruz 1797,2017.0,178,8.025626026878715,7.143132977700686,0.882493049178029,6.938005653672825,1.0876203732058904,0.08945209053825372,7.850299929423738,0.7071669517230517,100-199,eligible,0.0,0.0,0.0
245961,Fleet: The Dice Game,2018.0,4137,7.99607807688091,7.579479707695086,0.4165983691858246,7.6122055591114925,0.3838725177694178,0.01855486228734507,7.959710546797714,0.3802308391026283,2.5k-5k,exclude,0.0,0.0,0.0
255902,Napoleon 1807,2020.0,221,8.204471882784572,7.705911102981117,0.49856077980345503,7.730591592271404,0.4738802905131685,0.08027944455796115,8.04712417145097,0.34121306846985117,200-499,eligible,0.0,0.0,0.0
261588,Ascension: Year Five Collector's Edition,2019.0,107,8.341164274398478,6.805572871266229,1.5355914031322495,6.909790106580912,1.431374167817566,0.115374174587065,8.11503089220783,1.309458020941602,100-199,eligible,0.0,0.0,0.0
278554,Silver Bullet,2019.0,813,7.557336702049032,7.079693360537359,0.47764334151167276,7.024457201701367,0.532879500347665,0.04185575912965893,7.4752994141549,0.39560605361754125,500-999,eligible,0.0,0.0,0.0
279613,Unlock!: Timeless Adventures,2019.0,2793,8.124802783909676,7.5797981373667085,0.5450046465429672,7.562666065063272,0.5621367188464035,0.022582136488786958,8.080541796391653,0.5007436590249448,2.5k-5k,exclude,0.0,1.0,0.0
280475,Element: Silver,2019.0,166,7.662471176918534,7.0060609520780055,0.6564102248405286,7.0012171131857635,0.6612540637327706,0.09262888829931706,7.480918555851873,0.4748576037738671,100-199,eligible,0.0,0.0,0.0
281260,Veilwraith: A Veil Odyssey Game,2021.0,329,7.7121530776090905,7.1799504057853305,0.53220267182376,7.280203572392349,0.4319495052167417,0.06579646282785334,7.583192010466498,0.4032416046811675,200-499,eligible,0.0,0.0,0.0
282391,Stockpile: Epic Edition,2019.0,981,8.271465602702026,7.191002432296713,1.080463170405313,7.281605397349502,0.9898602053525245,0.03810359848396606,8.196782549673452,1.0057801173767396,500-999,eligible,0.0,0.0,0.0
295564,Unmatched Game System,2019.0,2193,8.525293184273332,7.303107817615981,1.2221853666573512,7.364271067559979,1.1610221167133528,0.025484797085478215,8.475342981985795,1.172235164369814,1k-2.5k,borderline,0.0,0.0,0.0
295574,Dice Masters,2014.0,233,8.088119173400067,7.032774130268848,1.0553450431312186,7.101657440218837,0.9864617331812298,0.07818483704504625,7.934876892791776,0.9021027625229279,200-499,eligible,0.0,0.0,0.0
295604,Rangers of Shadow Deep: Standard Edition,2020.0,101,8.62188545250424,7.415741278033154,1.2061441744710848,7.40384136661701,1.2180440858872288,0.11875169273608258,8.389132134741518,0.9733908567083629,100-199,eligible,0.0,1.0,0.0
295931,Granada: Last Stand of the Moors – 1482-1492,2021.0,150,8.493072788629476,7.851406597094737,0.641666191534739,7.900681513155737,0.592391275473739,0.09744394687190448,8.302082652760543,0.45067605566580626,100-199,eligible,0.0,0.0,0.0
300905,Top Ten,2020.0,3990,7.8183647098565086,7.232041491559066,0.5863232182974425,7.255391621930686,0.5629730879258226,0.01889357091390461,7.781333310865255,0.5492918193061894,2.5k-5k,exclude,0.0,1.0,0.0
301480,Binho Classic,2019.0,112,8.022526904294581,6.5570195487591505,1.465507355535431,6.562736179637055,1.4597907246575268,0.11276945576897227,7.801498770987396,1.2444792222282453,100-199,eligible,0.0,0.0,0.0
302425,Unlock!: Mythic Adventures,2020.0,1746,8.08868093038253,7.469300986312456,0.619379944070074,7.461383605621766,0.6272973247607645,0.0285613266480169,8.032700730152417,0.5633997438399609,1k-2.5k,borderline,0.0,1.0,0.0
322563,Dice Throne: Season One ReRolled – Pyromancer v. Shadow Thief,2021.0,869,7.917091937722202,7.3018413828842785,0.6152505548379237,7.290429392375767,0.6266625453464352,0.0404846703758181,7.837741983785599,0.5359006009013202,500-999,eligible,0.0,0.0,0.0
338980,Mega Empires: The East,2021.0,170,8.874480262307921,7.812879036644125,1.0616012256637966,7.603092221257791,1.2713880410501304,0.09153264982559603,8.695076268649753,0.8821972320056284,100-199,eligible,0.0,0.0,0.0
350636,Unlock!: Game Adventures,2021.0,1448,8.308812859429949,7.614986958585753,0.693825900844196,7.663142567259291,0.6456702921706583,0.03136290011554391,8.247341575203484,0.63235461661773,1k-2.5k,eligible,0.0,1.0,0.0
351488,Six Second Scribbles,2021.0,272,7.618768613202745,6.82370191590339,0.7950666972993545,6.85041742785455,0.7683511853481946,0.07236291342987436,7.476937302880191,0.6532353869768008,200-499,eligible,0.0,0.0,0.0
351735,Newton & Great Discoveries,2021.0,341,8.323419199772495,7.653322246289173,0.6700969534833217,7.737646629403933,0.5857725703685617,0.06462838542942728,8.196747564330817,0.5434253180416442,200-499,eligible,0.0,0.0,0.0
351810,Viking See-Saw,2021.0,873,7.616949628596586,7.047868345305298,0.5690812832912879,7.058549425637608,0.5584002029589783,0.040391815504993586,7.537781670206799,0.4899133249015005,500-999,eligible,0.0,0.0,0.0
351869,Adventure Games: Expedition Azcana,2022.0,101,7.686901971034317,6.859435523537037,0.8274664474972795,6.901156009828064,0.7857459612062527,0.11875169273608258,7.454148653271595,0.5947131297345576,100-199,eligible,0.0,1.0,0.0
351991,Worldbreakers: Advent of the Khanate,2023.0,237,8.035344838813076,7.590072825008457,0.4452720138046189,7.61683884943497,0.41850598937810624,0.07752224173277646,7.8834012450168345,0.29332842000837706,200-499,eligible,0.0,0.0,0.0
352026,Dungeon Bowl: The Game of Subterranean Blood Bowl Mayhem,2021.0,108,8.173309570492801,7.614031463121787,0.5592781073710142,7.537704620877426,0.6356049496153755,0.11483879269784221,7.9482255368050305,0.3341940736832435,100-199,eligible,0.0,0.0,0.0
354570,Undaunted: Stalingrad,2022.0,1475,8.866696976627043,8.429895197622923,0.43680177900412076,8.568499204941455,0.29819777168558836,0.03107452406111041,8.805790909467268,0.37589571184434434,1k-2.5k,eligible,0.0,0.0,0.0
409858,Maple Valley: Kickstarter Edition,2023.0,167,7.8921099074153505,7.250092235892339,0.6420176715230115,7.212538773908237,0.6795711335071131,0.09235113988306634,7.71110167324454,0.46100943735220146,100-199,eligible,0.0,0.0,0.0
413246,Bomb Busters,2024.0,1645,8.357051892686865,7.940928512894304,0.41612337979256075,8.01073578582506,0.3463161068618046,0.029425072712423627,8.299378750170515,0.35845023727621045,1k-2.5k,eligible,0.0,1.0,0.0
393910,The Texas Chainsaw Massacre: Slaughterhouse,2023.0,204,8.04223242281266,7.1582205377238335,0.8840118850888263,7.044404259454854,0.9978281633578057,0.0835574950961671,7.878459732424172,0.7202391947003388,200-499,eligible,0.0,0.0,0.0
394127,Yokai Pagoda,2023.0,278,7.697666942874904,7.221571884079184,0.4760950587957202,7.224920256056361,0.47274668681854326,0.0715777591279919,7.55737453498404,0.3358026509048561,200-499,eligible,0.0,0.0,0.0
394960,Legendary: A Marvel Deck Building Game – Marvel Studios' What If...?,2023.0,119,8.4226702292903,7.793621716924145,0.6290485123661558,7.810764640229962,0.6119055890603384,0.10940244175973919,8.208241443441212,0.41461972651706697,100-199,eligible,0.0,1.0,0.0
46,Medici,1995.0,8446,7.638993387689081,7.024269427101471,0.61472396058761,7.033798394038602,0.6051949936504792,0.012985986806492857,7.613540853548355,0.589271426446884,5k-10k,exclude,0.0,0.0,0.0
77,"EastFront: The War in Russia, 1941-45",1991.0,667,8.134294485169379,7.619862604728931,0.5144318804404477,7.684783395654419,0.4495110895149601,0.04621017134761875,8.043722549328047,0.423859944599115,500-999,eligible,0.0,0.0,0.0
378,Lancashire Railways,1998.0,120,7.566311807781945,6.639453611436473,0.9268581963454725,6.692735633877305,0.8735761739046399,0.10894564460072821,7.352778344364518,0.7133247329280452,100-199,eligible,0.0,0.0,0.0
541,Das Motorsportspiel,1995.0,381,7.884625607694253,6.216082474208292,1.6685431334859606,6.029140588957576,1.855485018736677,0.06114177014035077,7.764787738219165,1.5487052640108732,200-499,eligible,0.0,0.0,0.0
756,Black Vienna,1987.0,474,7.533283679784169,6.485173428676967,1.048110251107202,6.469701002583944,1.063582677200225,0.05481650282202901,7.425843334252993,0.9406699055760251,200-499,eligible,0.0,0.0,0.0
1041,San Marco,2001.0,4560,7.589111912107175,7.175975539563741,0.41313637254343405,7.249929456209642,0.33918245589753226,0.017673317293137116,7.554472210212626,0.3784966706488853,2.5k-5k,exclude,0.0,0.0,0.0
2511,Sherlock Holmes Consulting Detective: The Thames Murders & Other Cases,1981.0,21275,7.877661301282565,7.258491704014595,0.6191695972679696,7.264944182428961,0.6127171188536042,0.008182117491298853,7.8616243509996195,0.6031326469850239,10k-25k,exclude,0.0,1.0,0.0
4205,On to Richmond!,1998.0,225,8.29678950818097,7.321940338042886,0.9748491701380839,7.3510652263533895,0.9457242818275802,0.079562649453013,8.140846715253064,0.8189063772101784,200-499,eligible,0.0,0.0,0.0
4211,Stonewall Jackson's Way,1992.0,400,7.931292699883921,7.2304561376897105,0.7008365621942101,7.346006557476512,0.5852861424074085,0.05967198708975975,7.814335605187991,0.583879467498281,200-499,eligible,0.0,0.0,0.0
7349,The Korean War: June 1950-May 1951,1986.0,456,7.950815673089537,7.304425349342786,0.6463903237467514,7.416597698959265,0.5342179741302724,0.055887936457155,7.841275317633514,0.5368499682907276,200-499,eligible,0.0,0.0,0.0
7844,"Operation Typhoon: The German Assault on Moscow, 1941",1978.0,174,7.603668301518053,7.176911285959548,0.426757015558505,7.261217194948099,0.34245110656995426,0.09047443333842489,7.42633841217474,0.2494271262151922,100-199,eligible,0.0,0.0,0.0
13403,Three Battles of Manassas,2004.0,153,8.127633401369366,7.246841972021537,0.8807914293478287,7.272584597010223,0.8550488043591429,0.09648388457316583,7.938524987605961,0.6916830155844237,100-199,eligible,0.0,0.0,0.0
14634,Homeworlds,2001.0,456,7.8989914561406644,6.956136080190193,0.9428553759504714,6.825270653145321,1.0737208029953438,0.055887936457155,7.789451100684641,0.8333150204944476,200-499,eligible,0.0,0.0,0.0
17536,Lobositz: First Battle of the Seven Years War,2005.0,145,8.139103519718002,7.578441287487184,0.5606622322308183,7.679070120344754,0.4600333993732484,0.09910977603390549,7.944848358691548,0.3664070712043636,100-199,eligible,0.0,0.0,0.0
20101,Kaivai,2005.0,443,7.72076865366546,7.185615488484807,0.5351531651806534,7.06764631492975,0.6531223387357104,0.05670203330396558,7.609632668389687,0.42401717990488086,200-499,eligible,0.0,0.0,0.0
20734,Corsair Leader,2005.0,283,7.563284941938588,7.087785677635372,0.4754992643032159,7.101138994122447,0.4621459478161407,0.07094262892097898,7.424237389253469,0.33645171161809706,200-499,eligible,0.0,0.0,0.0
24070,Afrika: 2nd Edition,2006.0,420,7.8259317902963845,7.228611727864347,0.5973200624320372,7.324903541712281,0.5010282485841033,0.05823389655388047,7.711793353050779,0.4831816251864315,200-499,eligible,0.0,0.0,0.0
28181,Combat Commander: Pacific,2008.0,1709,8.473934199593485,7.8559766026741435,0.6179575969193412,7.997975058820741,0.47595914077274415,0.028868848705278755,8.417351256131138,0.5613746534569948,1k-2.5k,borderline,0.0,0.0,0.0
28284,Lock 'n Load: Heroes of the Blitzkrieg,2009.0,186,7.919578637067077,7.304817307429948,0.6147613296371288,7.279783677026668,0.6397949600404091,0.08750724754304706,7.748064431882705,0.4432471244527566,100-199,eligible,0.0,0.0,0.0
32838,The Battle for Normandy,2009.0,321,8.101507669392657,7.619080014044069,0.48242765534858734,7.691598414940364,0.40990925445229287,0.06661131075537287,7.970949500312126,0.35186948626805653,200-499,eligible,0.0,0.0,0.0
32944,Neue Heimat,2007.0,793,8.019695871968176,6.838833648503222,1.1808622234649544,6.90864164800829,1.1110542239598864,0.0423802878542377,7.93663050777387,1.0977968592706486,500-999,eligible,0.0,0.0,0.0
32989,Axis Empires: Totaler Krieg!,2011.0,268,8.633943845488616,8.123639629446537,0.5103042160420799,8.078327073129891,0.5556167723587251,0.07290093506392567,8.491058012763322,0.36741838331678556,200-499,eligible,0.0,0.0,0.0
35342,Hold the Line,2008.0,551,7.54490953444763,6.942544915851535,0.6023646185960949,6.9912301392652445,0.5536793951823853,0.050842242345397526,7.445258739450651,0.5027138235991158,500-999,eligible,0.0,0.0,0.0
37907,Diamonds Club,2008.0,1811,7.522380473771891,7.039728077399069,0.4826523963728224,6.951615103194413,0.5707653705774778,0.02804408473695294,7.467414067687463,0.42768599028839466,1k-2.5k,borderline,0.0,0.0,0.0
56995,The Twelve Doctors: Doctor Who Card Game,2009.0,139,7.732817228271512,6.2248449753701,1.5079722529014115,6.267101900975215,1.465715327296297,0.10122623772308073,7.5344138023342735,1.3095688269641732,100-199,eligible,0.0,0.0,0.0
70532,Tonkin: The First Indochina War (Second Edition),2012.0,133,7.9908607863470404,7.505250892930009,0.4856098934170312,7.537624650579881,0.4532361357671597,0.10348434981369051,7.788031460712207,0.28278056778219784,100-199,eligible,0.0,0.0,0.0
70918,Hanabi & Ikebana,2010.0,639,7.888394684409236,6.685828994485679,1.2025656899235573,6.636393069616281,1.2520016147929551,0.04721174652407152,7.795859661222056,1.110030666736377,500-999,eligible,0.0,1.0,0.0
71668,After Pablo,2010.0,195,7.954348808871511,7.134895187849814,0.8194536210216965,7.174434286269159,0.7799145226023514,0.08546399503693193,7.786839378599124,0.65194419074931,100-199,eligible,0.0,0.0,0.0
83325,Lost Battles: Forty Battles & Campaigns of the Ancient World,2011.0,193,8.212230891818116,7.260567883874497,0.951663007943619,7.28660480563147,0.9256260861866465,0.08590567237136365,8.043855773970243,0.7832878900957463,100-199,eligible,0.0,0.0,0.0
98229,Pictomania,2011.0,3894,7.681228547211411,6.8583693214566175,0.8228592257547938,6.886285211397238,0.7949433358141729,0.01912504749077615,7.64374345412949,0.7853741326728725,2.5k-5k,exclude,0.0,0.0,0.0
108784,Ascension: Storm of Souls,2011.0,3598,7.5696639024868135,7.128566800462501,0.4410971020243126,7.240991007833891,0.3286728946529225,0.01989618985046937,7.530667370379893,0.4021005699173927,2.5k-5k,exclude,0.0,0.0,0.0
108906,Thunder Alley,2014.0,3575,7.745417014899338,7.314403872202913,0.43101314269642543,7.344566370078139,0.40085064482119925,0.019960088970023146,7.706295240518093,0.39189136831518007,2.5k-5k,exclude,0.0,0.0,0.0
114261,Malta Besieged: 1940-1942,2011.0,205,7.746826223694842,7.051820392204531,0.6950058314903105,7.060232027823492,0.6865941958713497,0.0833534471845187,7.583453467213185,0.5316330750086538,200-499,eligible,0.0,0.0,0.0
116046,18NY,2011.0,153,8.530525523951502,7.8684398505503825,0.6620856734011191,7.875391899972402,0.6551336239790997,0.09648388457316583,8.341417110188097,0.4729772596377141,100-199,eligible,1.0,0.0,0.0
122240,Last Night on Earth: Timber Peak,2012.0,962,7.689297895817728,6.990494601000259,0.698803294817469,6.680228961536585,1.0090689342811432,0.038478041599580744,7.61388093428255,0.6233863332822907,500-999,eligible,0.0,0.0,0.0
132019,Blood & Roses,2014.0,252,7.841703331593609,7.419694148379005,0.42200918321460446,7.452647378966573,0.38905595262703674,0.07517963717931485,7.694351242722152,0.27465709434314733,200-499,eligible,0.0,0.0,0.0
140125,Fallen,2014.0,443,7.790056125988104,7.094374130841356,0.6956819951467486,7.088897737265118,0.7011583887229866,0.05670203330396558,7.678920140712331,0.584546009870976,200-499,eligible,0.0,0.0,0.0
144228,FUBA,2013.0,116,7.691251037674278,6.816251909355209,0.874999128319069,6.788464969629178,0.9027860680451001,0.1108080982232961,7.474067165156618,0.6578152558014086,100-199,eligible,0.0,0.0,0.0
144567,For the Crown (Second Edition),2012.0,280,7.659235109479541,7.146590684388466,0.5126444250910751,7.264734451037311,0.3945006584422295,0.07132166614551344,7.519444643834334,0.37285395944586874,200-499,eligible,0.0,0.0,0.0
146910,Wildcatters,2013.0,1481,8.245770473018954,7.819459767388137,0.42631070563081686,7.951294264979733,0.2944762080392209,0.03101151380892679,8.184987905953458,0.36552813856532035,1k-2.5k,eligible,0.0,0.0,0.0
149620,Decision at Elst: An Advanced Squad Leader Starter Kit Historical Module,2014.0,192,8.64802699222585,7.895524507586442,0.7525024846394075,7.915801320382002,0.7322256718438478,0.08612909452338166,8.479213966960021,0.5836894593735794,100-199,eligible,0.0,0.0,0.0
150145,Skull King,2013.0,11633,7.834798079603049,7.246942994309846,0.587855085293203,7.26148104343126,0.5733170361717885,0.011065081875128986,7.813110519127796,0.5661675248179502,10k-25k,exclude,0.0,0.0,0.0
153480,Scharfe Schoten,2014.0,367,7.678599050054305,6.750705732272312,0.9278933177819928,6.745107335520448,0.933491714533857,0.062297047425807,7.556496837099723,0.8057911048274111,200-499,eligible,0.0,0.0,0.0
156455,Viticulture: Complete Collector's Edition,2014.0,806,8.61001314486082,7.343879450448789,1.2661336944120318,7.280663826736221,1.3293493181245992,0.04203712198089862,8.52762038577826,1.1837409353294706,500-999,eligible,0.0,0.0,0.0
156546,Monikers,2015.0,6607,8.082132790312498,6.7608041511633665,1.3213286391491312,6.868726955852118,1.2134058344603798,0.014682443640215266,8.053355200777675,1.2925510496143093,5k-10k,exclude,0.0,0.0,0.0
161614,Stockpile,2015.0,7281,7.893010624192904,7.328029773106209,0.5649808510866947,7.429986092635303,0.4630245315576005,0.013986368946796578,7.865597341057183,0.5375675679509734,5k-10k,exclude,0.0,0.0,0.0
161880,The Quiet Year,2013.0,406,7.928581363307283,6.397724220368612,1.5308571429386708,6.457192465164816,1.4713888981424672,0.05922941989022403,7.812491700322444,1.4147674799538317,200-499,eligible,0.0,0.0,0.0
169427,Middara: Unintentional Malum – Act 1,2019.0,2327,8.732953291397942,8.246122789944335,0.48683050145360696,8.259776602336357,0.47317668906158517,0.02474014861951301,8.684462600103696,0.43833981015936146,1k-2.5k,borderline,0.0,1.0,0.0
183572,Dungeons & Dragons Dice Masters: Faerûn Under Siege,2016.0,402,7.656940114177888,6.967307700011043,0.6896324141668453,7.0711039664745705,0.5858361477033176,0.059523364226129485,7.5402743202946745,0.5729666202836315,200-499,eligible,0.0,0.0,0.0
183836,Ferox,2015.0,121,7.9571186157301685,6.569963932546095,1.3871546831840735,6.633265112079153,1.3238535036510157,0.10849452198138136,7.744469352646661,1.174505420100566,100-199,eligible,0.0,0.0,0.0
193291,Orient Express,2017.0,112,7.543980379424899,6.984675784644217,0.5593045947806816,7.074856061179069,0.46912431824582956,0.11276945576897227,7.322952246117714,0.338276461473496,100-199,eligible,0.0,0.0,0.0
200456,Ascension X: War of Shadows,2016.0,627,7.735191435141099,6.906830270271598,0.8283611648695004,7.021311329064927,0.7138801060761715,0.047661392353209125,7.641775106128809,0.7349448358572105,500-999,eligible,0.0,0.0,0.0
209877,World At War 85: Storming the Gap,2019.0,288,8.507247987016425,7.92170624764297,0.5855417393734559,8.027059334854533,0.48018865216189255,0.07032411119674206,8.369412729070811,0.4477064814278414,200-499,eligible,0.0,0.0,0.0
211813,Holdfast: EastFront 1941-45,2017.0,104,7.967359464310206,7.257975864404845,0.7093835999053617,7.156220140022761,0.8111393242874456,0.11702639484059296,7.7379877304226445,0.4800118660177995,100-199,eligible,0.0,0.0,0.0
214029,SpaceCorp: 2025-2300AD,2018.0,2757,8.119517217118501,7.662854804333552,0.456662412784949,7.7576843289956905,0.36183288812281056,0.022729093374685594,8.074968194104118,0.4121133897705652,2.5k-5k,exclude,0.0,0.0,0.0
214747,Mega Man Pixel Tactics: Bass Orange,2017.0,138,7.592631750552735,6.6691998071528324,0.923431943399903,6.669161769776039,0.9234699807766962,0.10159233742701944,7.393510769195777,0.7243109620429449,100-199,eligible,0.0,0.0,0.0
208024,The Reckoners,2018.0,2080,7.923582760797078,7.493830720398517,0.4297520403985615,7.56054972923735,0.36303303155972877,0.026167897402529654,7.87229368188812,0.3784629614896034,1k-2.5k,borderline,0.0,1.0,0.0
209003,Commands & Colors: Medieval,2019.0,543,8.524960335780627,7.822974698000939,0.7019856377796874,7.906865964020726,0.6180943717599003,0.05121540142463876,8.424578148988335,0.6016034509873954,500-999,eligible,0.0,0.0,0.0
209511,Atlanta Is Ours,2018.0,165,8.830272809072333,8.015139697594785,0.8151331114775484,8.18362410530847,0.646648703763864,0.09290915789079598,8.648170859606374,0.6330311620115883,100-199,eligible,0.0,0.0,0.0
226170,Advanced Guildhall Fantasy: The Gathering,2017.0,126,7.568109147392366,6.676236471063946,0.8918726763284193,6.5703373795072455,0.9977717678851201,0.10632006251327562,7.359721824866345,0.683485353802399,100-199,eligible,0.0,0.0,0.0
224830,Chimera & More,2017.0,136,8.05503327505175,6.933744498071656,1.1212887769800943,6.9645980422082285,1.0904352328435216,0.1023366135853585,7.854453512424447,0.9207090143527916,100-199,eligible,0.0,0.0,0.0
232900,Anachrony Leader Box,2017.0,165,8.476101095844752,7.465904360558577,1.0101967352861756,7.367001048902367,1.1091000469423857,0.09290915789079598,8.293999146378793,0.8280947858202155,100-199,eligible,0.0,0.0,0.0
237828,Anno Domini 1666,2019.0,126,8.37960157100523,7.499535713079567,0.880065857925663,7.52550674003467,0.8540948309705598,0.10632006251327562,8.17121424847921,0.6716785353996428,100-199,eligible,0.0,0.0,0.0
238935,Stool Pigeon,2017.0,100,7.51617807628911,6.785760309464532,0.7304177668245782,6.778722341843533,0.737455734445577,0.1193439741795195,7.282263886897252,0.49650357743271994,100-199,eligible,0.0,0.0,0.0
244452,Wisdom of Solomon,2018.0,169,7.60552151380137,6.973725004094115,0.6317965097072546,6.998226448313023,0.6072950654883469,0.09180305706116884,7.425587521961479,0.45186251786736376,100-199,eligible,0.0,0.0,0.0
246912,Take 5 & Take A Number,2018.0,1113,7.697791220719152,6.913865358947168,0.7839258617719835,6.936439814195527,0.7613514065236249,0.03577279828726223,7.627676536076118,0.7138111771289496,1k-2.5k,eligible,0.0,0.0,0.0
254588,Hearts and Minds: Vietnam 1965-1975 (Third Edition),2019.0,317,8.253975214082939,7.827317582880168,0.42665763120277056,7.776350517730252,0.47762469635268623,0.06703025394664705,8.12259591634751,0.29527833346734234,200-499,eligible,0.0,0.0,0.0
284189,Foundations of Rome,2022.0,4280,8.36985950608708,7.7254942376456,0.6443652684414793,7.803336878518648,0.5665226275684319,0.018242258742852104,8.334104678951089,0.6086104413054892,2.5k-5k,exclude,0.0,0.0,0.0
286925,Detective Stories: Case 3 – Still Lake,2019.0,133,7.776859324966884,6.988570038943408,0.7882892860234758,6.982070450674231,0.794788874292653,0.10348434981369051,7.57402999933205,0.5854599603886425,100-199,eligible,0.0,1.0,0.0
288316,Rurik: Dawn of Kiev – Kickstarter Edition,2019.0,321,8.249973668031766,7.323352187078472,0.926621480953294,7.262119347940711,0.9878543200910546,0.06661131075537287,8.119415498951234,0.7960633118727631,200-499,eligible,0.0,0.0,0.0
288539,The Jaws of Victory: Battle of Korsun-Cherkassy Pocket – January/February 1944,2020.0,122,8.747106066272604,8.338149915494101,0.40895615077850245,8.46769452870913,0.27941153756347425,0.10804895738021865,8.535330109807376,0.1971801943132739,100-199,eligible,0.0,0.0,0.0
299566,Batman: The Animated Series Adventures – Shadow of the Bat,2021.0,453,8.08536553117603,7.534552579518811,0.5508129516572193,7.6359873066100565,0.4493782245659741,0.05607269047003061,7.97546305785477,0.4409104783359593,200-499,eligible,0.0,1.0,0.0
299607,Capital Lux 2: Generations,2021.0,957,8.052874364348387,7.3624646384665,0.6904097258818869,7.372452014961777,0.6804223493866104,0.038578427999240224,7.977260645469876,0.614796007003376,500-999,eligible,0.0,0.0,0.0
310636,Drakborgen,2022.0,171,7.5261961353055264,7.029391191745685,0.49680494355984184,6.972464894226052,0.5537312410794746,0.09126461806474613,7.347317483898624,0.31792629215293944,100-199,eligible,0.0,0.0,0.0
318243,HITSTER,2022.0,3729,7.9101619513449,7.288026775129252,0.6221351762156484,7.302334886773371,0.6078270645715289,0.019543588247604285,7.871856518379595,0.583829743250344,2.5k-5k,exclude,0.0,0.0,0.0
324512,KAPOW! Volume 1,2023.0,135,7.6702931126391025,7.176927488825816,0.4933656238132862,7.225586233012484,0.4447068796266187,0.10271493877055267,7.468971832648819,0.2920443438230029,100-199,eligible,0.0,0.0,0.0
324639,The Road,2021.0,234,7.916637104631615,7.181761864815707,0.7348752398159082,7.214394355570871,0.7022427490607441,0.0780175965603953,7.76372261537324,0.5819607505575334,200-499,eligible,0.0,0.0,0.0
324657,Core Space: First Born,2021.0,232,8.358370573923871,7.914758755474828,0.4436118184490425,7.963590030681928,0.3947805432419429,0.07835315766407769,8.20479838490228,0.29003962942745026,200-499,eligible,0.0,1.0,0.0
330097,The Red Dragon Inn 8: Pub Crawl,2022.0,123,7.919392636566072,6.960533499985294,0.9588591365807781,6.840322862200237,1.079069774365835,0.10760883759820682,7.708479314873586,0.7479458148882928,100-199,eligible,0.0,0.0,0.0
330592,Phantom Ink,2022.0,1891,7.871632927750639,7.2102785017167434,0.6613544260338955,7.25916415881329,0.6124687689373491,0.027444462619051882,7.8178417810172975,0.6075632793005538,1k-2.5k,borderline,0.0,0.0,0.0
341519,The Light in the Mist,2022.0,509,8.351890072993877,7.882430145430742,0.46945992756313437,7.895978031967266,0.4559120410266111,0.05289828652871686,8.248209431397592,0.36577928596684933,500-999,eligible,0.0,1.0,0.0
348870,Heckmeck am Karteneck,2021.0,209,7.525107011598668,6.855885788870928,0.6692212227277397,6.833681747026844,0.6914252645718237,0.08255195311523299,7.363305183492812,0.507419394621883,200-499,eligible,0.0,0.0,0.0
348872,The Bad Karmas and The Curse of the Zodiac,2024.0,129,8.274148691268895,7.828734757606357,0.4454139336625378,7.923312609825592,0.3508360814433029,0.10507651023085979,8.068198731216409,0.23946397361005262,100-199,eligible,0.0,1.0,0.0
348973,Hidden Games Tatort: Winterkrimi – Eiskaltes Verbrechen,2021.0,115,8.102204139578445,7.226055539505001,0.876148600073444,7.312153966756092,0.7900501728223528,0.11128882975690979,7.884078033254902,0.6580224937499008,100-199,eligible,0.0,1.0,0.0
349955,The Quacks of Quedlinburg: MegaBox,2021.0,1166,8.40331177513882,7.508157916841819,0.8951538582970002,7.6329614110267645,0.7703503641120548,0.034950325166470314,8.334809137812538,0.8266512209707184,1k-2.5k,eligible,0.0,0.0,0.0
361895,Trick and Trade,2022.0,119,7.9311545303898,7.18662221589476,0.7445323144950402,7.207011696227523,0.7241428341622766,0.10940244175973919,7.716725744540711,0.5301035286459514,100-199,eligible,0.0,0.0,0.0
361918,BattleTech: Alpha Strike Box Set,2022.0,113,8.445771801681971,7.55046804899842,0.8953037526835512,7.579571292199422,0.8662005094825496,0.1122693670265072,8.225723842310018,0.6752557933115971,100-199,eligible,0.0,0.0,0.0
361923,Curse of the Dark,2022.0,128,8.255860213505064,7.193623728012765,1.0622364854922992,7.204561385280538,1.0512988282245264,0.10548616679511308,8.049107326586643,0.8554835985738776,100-199,eligible,0.0,1.0,0.0
397736,HITSTER: Guilty Pleasures,2023.0,652,7.744433552915801,7.084075689959409,0.660357862956392,7.088235098767157,0.6561984541486439,0.046738707459600806,7.6528256862949835,0.5687499963355744,500-999,eligible,0.0,0.0,0.0
399374,For One: Kniffel,2023.0,139,7.855174856130276,7.119986399979835,0.7351884561504409,7.117365212401317,0.7378096437289585,0.10122623772308073,7.656771430193038,0.5367850302132027,100-199,eligible,0.0,0.0,0.0
399378,For One: Galaktix,2023.0,112,7.539810882167258,6.879702782770234,0.6601080993970232,6.921747694957908,0.6180631872093496,0.11276945576897227,7.318782748860072,0.43907996608983757,100-199,eligible,0.0,0.0,0.0
400203,Snails,2024.0,235,8.247543740157889,7.360915167032395,0.8866285731254937,7.186274152294187,1.061269587863702,0.07785142470706571,8.09495494773204,0.7340397806996449,200-499,eligible,0.0,0.0,0.0
402215,Silver & Gold Pyramids,2023.0,392,7.836747204270409,6.9392653236004165,0.8974818806699929,6.952237048233378,0.884510156037031,0.06027780959720748,7.7186026974598825,0.7793373738594662,200-499,eligible,0.0,0.0,0.0
404513,Tokyo Highway: Rainbow City,2023.0,288,7.855521366011611,7.269763529383013,0.5857578366285976,7.3497295189623415,0.5057918470492693,0.07032411119674206,7.717686108065997,0.44792257868298313,200-499,eligible,0.0,0.0,0.0
404538,Kinfire Delve: Scorn's Stockade,2024.0,408,8.28771414548349,7.512385940562636,0.7753282049208536,7.498847919341003,0.7888662261424866,0.05908407140146145,8.171909365536624,0.6595234249739892,200-499,eligible,0.0,1.0,0.0
406591,The Walking Dead: Surrounded,2024.0,111,7.605711009949687,6.999614604568192,0.6060964053814946,7.022184063095203,0.5835269468544837,0.11327628733737072,7.38368948676844,0.384074882200248,100-199,eligible,0.0,1.0,0.0
406663,That's Not a Hat: Pop Culture,2024.0,376,7.700586277074409,7.197225753207663,0.5033605238667462,7.2496543503805455,0.4509319266938636,0.06154695529085863,7.579954244704326,0.3827284914966633,200-499,eligible,0.0,0.0,0.0
406767,Hegemony: Lead Your Class to Victory – Extended Edition,2023.0,202,9.098426694159063,8.395010237066435,0.7034164570926276,8.478990158321746,0.6194365358373162,0.08397012721106527,8.933845244825374,0.5388350077589397,200-499,eligible,0.0,0.0,0.0
121,Dune,1979.0,5709,7.96473030759001,7.47611936971831,0.48861093787169985,7.400284930495356,0.5644453770946534,0.01579503069946428,7.93377204741906,0.45765267770074985,5k-10k,exclude,0.0,0.0,0.0
152,Mü & More,1995.0,1984,7.662442539200861,6.833296436268444,0.829146102932417,6.880877755742546,0.7815647834583155,0.026793513159485284,7.60992725340827,0.7766308171398258,1k-2.5k,borderline,0.0,0.0,0.0
1583,"Barbarossa: Army Group Center, 1941",1998.0,217,8.345785742968385,7.613180250672103,0.7326054922962815,7.575094417169872,0.7706913257985128,0.08101596865112519,8.18699444441218,0.5738141937400761,200-499,eligible,0.0,0.0,0.0
1585,"Burma: The Campaign in Northern Burma, 1944",1999.0,348,8.263482748939635,7.745935868981551,0.5175468799580845,7.708336586779776,0.5551461621598595,0.06397508533761048,8.13809158167792,0.39215571269636795,200-499,eligible,0.0,0.0,0.0
3416,Fallschirmjaeger: The Airborne Assault on Fortress Holland,2001.0,192,8.001330913571861,7.146661468401133,0.8546694451707282,7.25040720795209,0.7509237056197708,0.08612909452338166,7.832517888306033,0.6858564199049001,100-199,eligible,0.0,0.0,0.0
3893,Full Thrust,1992.0,437,7.5459699611823385,6.721126321906132,0.8248436392762066,6.721136911541601,0.8248330496407377,0.05708996507973978,7.434073629626049,0.7129473077199167,200-499,eligible,0.0,0.0,0.0
12140,Stalingrad Pocket: 2nd Edition – The Wehrmacht's Greatest Disaster,1996.0,459,7.550990540044845,7.043101006389817,0.5078895336550282,7.1414117921985785,0.40957874784626647,0.05570499673077806,7.44180874645252,0.3987077400627032,200-499,eligible,0.0,0.0,0.0
12141,This Terrible Sound,2000.0,113,8.181891365795869,7.363874184460016,0.8180171813358523,7.376981001136334,0.8049103646595341,0.1122693670265072,7.961843406423914,0.5979692219638982,100-199,eligible,0.0,0.0,0.0
19777,Indonesia,2005.0,4761,8.52500065897303,7.769034257986025,0.7559664009870044,8.002047076181977,0.5229535827910521,0.017296228141959347,8.491100051814788,0.7220657938287641,2.5k-5k,exclude,0.0,0.0,0.0
21373,Federation Commander: Romulan Border,2006.0,246,7.854659233404641,6.968485206578613,0.8861740268260281,7.131690997122785,0.7229682362818561,0.07609093878129396,7.705520993393305,0.737035786814692,200-499,eligible,0.0,0.0,0.0
27173,Vikings,2007.0,8503,7.644145738041909,7.211462691892411,0.4326830461494984,7.283678147131759,0.36046759091015,0.012942387729044323,7.618778658092983,0.4073159662005715,5k-10k,exclude,0.0,0.0,0.0
27266,Silent Death: The Next Millennium Deluxe Edition,1995.0,194,7.6546056914811285,6.744215410581253,0.9103902808998754,6.803721626421048,0.8508840650600806,0.0856839799440507,7.4866650907907895,0.742449680209536,100-199,eligible,0.0,0.0,0.0
38863,The Rich and the Good,2008.0,2484,7.665678345964867,6.825320502259444,0.8403578437054229,6.804657705128941,0.8610206408359264,0.023945543570412446,7.618745080566859,0.7934245783074145,1k-2.5k,borderline,0.0,0.0,0.0
39188,Liberty Roads,2009.0,520,8.341682606873707,7.737923295404196,0.6037593114695117,7.822871332537197,0.5188112743365103,0.05233579480505931,8.239104449055791,0.5011811536515954,500-999,eligible,0.0,0.0,0.0
40243,Roads to Stalingrad: Campaign Commander Series,2009.0,137,7.694244242443202,7.0685386721247685,0.6257055703184333,6.962738571033544,0.7315056714096579,0.10196243824262387,7.494397863487659,0.4258591913628905,100-199,eligible,0.0,0.0,0.0
40258,Buffalo Wings,2010.0,135,8.152688059816294,7.287291670188216,0.8653963896280779,7.367579530331394,0.7851085294848996,0.10271493877055267,7.95136677982601,0.6640751096377946,100-199,eligible,0.0,0.0,0.0
40529,Cosmic Encounter,1991.0,1047,7.567761740749081,6.817283195818016,0.7504785449310649,6.8169486099524175,0.7508131307966632,0.036883077828217,7.4954709082057756,0.6781877123877595,1k-2.5k,eligible,0.0,0.0,0.0
42929,Martian Rails,2009.0,433,7.601210513281789,6.904809430520595,0.6964010827611933,7.150071493900603,0.45113901938118595,0.05735305386998055,7.488798527696627,0.5839890971760314,200-499,eligible,0.0,0.0,0.0
43015,Hansa Teutonica,2009.0,16049,8.231183187695295,7.769868617818208,0.4613145698770875,7.824862390850582,0.4063207968447138,0.009420555387586838,8.212718899135625,0.4428502813174173,10k-25k,exclude,0.0,0.0,0.0
43307,Baltimore & Ohio,2009.0,644,7.848979557025002,7.424348920283304,0.4246306367416981,7.535354684816557,0.3136248722084449,0.047028113986404926,7.7568044536116485,0.33245553332834443,500-999,eligible,0.0,0.0,0.0
58625,Storm Over Normandy,2015.0,128,7.687637628679098,7.155463842302039,0.5321737863770588,7.163328882290417,0.5243087463886811,0.10548616679511308,7.480884741760676,0.32542089945863717,100-199,eligible,0.0,0.0,0.0
75360,Texas & Pacific,2010.0,223,7.842798267900666,6.808471074119417,1.034327193781249,7.046338250176708,0.796460017723958,0.0799186362394187,7.686157740871406,0.8776866667519884,200-499,eligible,0.0,0.0,0.0
79127,Star Trek: Fleet Captains,2011.0,3216,7.705613182240692,7.178733939757988,0.5268792424827042,7.27057952854209,0.4350336536986026,0.021044687241666457,7.664365595247026,0.48563165548903797,2.5k-5k,exclude,0.0,0.0,0.0
92363,Amateurs to Arms!,2012.0,204,8.217768762502748,7.494050691773806,0.7237180707289426,7.377032314572109,0.8407364479306398,0.0835574950961671,8.053996072114261,0.559945380340455,200-499,eligible,0.0,0.0,0.0
97377,Hail Caesar: Battles with Model Soldiers in the Ancient Era,2011.0,100,7.613009146159843,7.19039452654409,0.42261461961575364,7.176871165368123,0.4361379807917203,0.1193439741795195,7.379094956767985,0.18870043022389543,100-199,eligible,0.0,0.0,0.0
117959,Las Vegas,2012.0,11627,7.5428591253041875,6.944217051371737,0.5986420739324503,7.028936633392226,0.5139224919119618,0.01106793652071334,7.521165969723589,0.5769489183518521,10k-25k,exclude,0.0,0.0,0.0
129294,Campaign Trail,2019.0,749,7.987854003945998,7.51176785718944,0.4760861467565576,7.4142442708781395,0.5736097330678582,0.0436073390966746,7.902383619316516,0.3906157621270754,500-999,eligible,0.0,0.0,0.0
141090,Kohle & Kolonie,2013.0,610,8.022871956792216,7.603262459948466,0.4196094968437496,7.637571346535644,0.3853006102565715,0.0483209627200293,7.928162869860958,0.32490040991249214,500-999,eligible,0.0,0.0,0.0
147154,Blue Moon Legends,2014.0,2137,7.634833627110101,7.135395331895477,0.4994382952146239,7.12098304510954,0.5138505820005612,0.025816551782731997,7.584233185615947,0.4488378537204692,1k-2.5k,borderline,0.0,0.0,0.0
171278,Victory Roads: From Bagration to the Fall of Berlin 1944-1945,2015.0,157,8.285571880727382,7.818216585813813,0.46735529491356864,7.888766078607331,0.3968058021200509,0.09524686053291706,8.098888034082865,0.2806714482690512,100-199,eligible,0.0,0.0,0.0
178896,"Last Blitzkrieg: Wacht am Rhein, The Battle of the Bulge",2016.0,285,8.869971099589902,8.05921965013725,0.8107514494526527,8.126391405804597,0.7435796937853052,0.07069326917254846,8.731412292011708,0.6721926418744577,200-499,eligible,0.0,0.0,0.0
188530,My Favourite Things,2015.0,375,7.903825141235959,6.25024264183374,1.6535824994022192,6.253678950242698,1.6501461909932615,0.061628963262331596,7.783032373241789,1.5327897314080494,200-499,eligible,0.0,0.0,0.0
194923,Techno Bowl: Arcade Football Unplugged,2017.0,261,8.569860666363287,7.267838004597875,1.3020226617654114,7.2882021520226274,1.2816585143406591,0.07387206548219741,8.42507141801818,1.1572334134203044,200-499,eligible,0.0,0.0,0.0
195226,Napoleon Saga: Waterloo,2019.0,160,7.967939368961839,7.550517774523895,0.41742159443794424,7.557783395984403,0.410155972977436,0.0943496958559016,7.7830139650842725,0.23249619056037713,100-199,eligible,0.0,0.0,0.0
195539,The Godfather: Corleone's Empire,2017.0,7742,7.85647031068604,7.370072576709967,0.486397733976073,7.3591317037417046,0.49733860694433574,0.01356356685442814,7.829885719651361,0.45981314294139386,5k-10k,exclude,0.0,0.0,0.0
206915,Tempel des Schreckens,2016.0,2986,7.565363610142293,6.920755927268724,0.644607682873569,6.972426730641718,0.5929368795005745,0.021840148860356373,7.522556918375995,0.6018009911072705,2.5k-5k,exclude,0.0,0.0,0.0
207330,Hellas,2016.0,490,7.529586353599597,7.026112590393225,0.5034737632063715,7.174193963854901,0.3553923897446962,0.05391411191765806,7.423914694240987,0.3978021038477617,200-499,eligible,0.0,0.0,0.0
219774,Vikings Gone Wild Ultimate Set,2017.0,128,7.725844594493842,6.745413330535396,0.9804312639584465,6.835145647106657,0.8906989473871851,0.10548616679511308,7.51909170757542,0.7736783770400248,100-199,eligible,0.0,0.0,0.0
219807,Test of Honour: The Samurai Miniatures Game,2017.0,106,7.60910191318213,7.042559647152807,0.5665422660293231,7.01964862625611,0.5894532869260196,0.11591711487809765,7.3819043680210585,0.33934472086825174,100-199,eligible,0.0,0.0,0.0
220975,History Maker Golf,2017.0,130,8.411238474481728,6.859123165045725,1.5521153094360027,6.974507012474076,1.4367314620076517,0.10467158961011862,8.206082158845895,1.3469589938001703,100-199,eligible,0.0,0.0,0.0
232254,KAPOW!,2019.0,131,7.566029656775555,6.984454126834859,0.5815755299406966,7.03143196942894,0.534597687346615,0.10427131437869634,7.36165788059331,0.3772037537584518,100-199,eligible,0.0,0.0,0.0
239307,Unlock!: Secret Adventures,2017.0,2921,7.859726390695562,7.383672899558878,0.4760534911366845,7.378956396898898,0.4807699937966641,0.022081812472560414,7.816446038249344,0.4327731386904661,2.5k-5k,exclude,0.0,1.0,0.0
248375,SAGA Rulebook (2nd Edition),2018.0,136,8.395735795938235,7.407645838822704,0.9880899571155304,7.4743486072084515,0.9213871887297831,0.1023366135853585,8.195156033310932,0.7875101944882277,100-199,eligible,0.0,0.0,0.0
248928,The White Tribe: Rhodesia's War 1966-1980,2018.0,151,8.107907024620719,7.621303949746151,0.48660307487456755,7.618353985742299,0.4895530388784195,0.09712074881117622,7.917550356950813,0.29624640720466217,100-199,eligible,0.0,0.0,0.0
255262,Agricola: All Creatures Big and Small – The Big Box,2018.0,1833,7.915192563453687,7.440118142960259,0.47507442049342785,7.338190648690839,0.5770019147628478,0.027875281598945378,7.860557011519754,0.4204388685594949,1k-2.5k,borderline,0.0,0.0,0.0
255524,Belfort: Edición Limitada,2018.0,101,7.8876362515990035,7.218642941312716,0.6689933102862877,7.208206776809195,0.6794294747898082,0.11875169273608258,7.654882933836282,0.4362399925235659,100-199,eligible,0.0,0.0,0.0
261145,Murder Mystery Party Case Files: Fire in Adlerstein,2018.0,562,7.900804734572594,7.360526703782224,0.5402780307903701,7.3630380163233315,0.5377667182492623,0.05034221708279952,7.802133989090307,0.441607285308083,500-999,eligible,0.0,1.0,0.0
261321,Ascension: Deliverance,2018.0,219,8.067083502131386,6.845732317725648,1.2213511844057372,6.953882752292991,1.113200749838395,0.08064518423984444,7.909018941021291,1.0632866232956422,200-499,eligible,0.0,0.0,0.0
270131,KLASK 4,2019.0,563,7.8350046827659074,6.963399635958899,0.8716050468070087,6.96963471115218,0.8653699716137275,0.05029748831600917,7.736421605666529,0.7730219697076307,500-999,eligible,0.0,0.0,0.0
270143,Kōhaku,2020.0,937,7.813926816725129,7.171615870391147,0.642310946333982,7.22212758231996,0.591799234405169,0.03898797692921856,7.73751038194386,0.5658945115527136,500-999,eligible,0.0,0.0,0.0
270314,Ohanami,2019.0,4165,7.565494050163721,7.103882468899938,0.4616115812637833,7.074056363111312,0.4914376870524091,0.018492387826186462,7.529248970024396,0.42536650112445784,2.5k-5k,exclude,0.0,0.0,0.0
271319,Las Vegas Royale,2019.0,2834,7.795193973250078,7.1978203685937086,0.5973736046563696,7.253091335069071,0.5421026381810075,0.022418191408597774,7.751254318089226,0.5534339494955179,2.5k-5k,exclude,0.0,0.0,0.0
275067,Key Market (Second Edition),2019.0,372,8.045696196106565,7.55246761755968,0.4932285785468853,7.277278586565691,0.7684176095408741,0.06187696814065843,7.9244173385508745,0.3719497209911948,200-499,eligible,0.0,0.0,0.0
275564,Maximum Apocalypse: Legendary Edition,2020.0,421,7.990075053267263,7.251830820785511,0.738244232481752,7.2042672309508795,0.7858078223163831,0.05816469403798577,7.87607225295281,0.6242414321672999,200-499,eligible,0.0,1.0,0.0
275912,Rise & Fall,2024.0,387,8.35641730307366,7.929876696152297,0.426540606921364,8.031028368218516,0.32538893485514464,0.060665951467293366,8.237512038197766,0.307635342045469,200-499,eligible,0.0,0.0,0.0
284778,Unmatched: Jurassic Park – Dr. Sattler vs. T. Rex,2022.0,1423,8.162431134415876,7.352092616343397,0.8103385180724789,7.348341452982522,0.8140896814333534,0.03163720042394586,8.100422221584942,0.748329605241545,1k-2.5k,eligible,0.0,0.0,0.0
285133,Hacienda (Second Edition),2019.0,160,7.508236649260908,7.051617211578385,0.456619437682523,7.3108119337244055,0.19742471553650276,0.0943496958559016,7.3233112453833416,0.2716940338049559,100-199,eligible,0.0,0.0,0.0
292026,UND1C1,2022.0,248,8.15927192487975,7.601919367080706,0.5573525577990441,7.704403828572405,0.4548680963073455,0.07578349938753216,8.010736266080187,0.4088168989994811,200-499,eligible,0.0,0.0,0.0
292899,Tribune,2021.0,188,8.06269510638077,7.54055079079342,0.5221443155873509,7.418408463372215,0.6442866430085559,0.0870405388951028,7.892095650146369,0.3515448593529494,100-199,eligible,0.0,0.0,0.0
308970,A Touch of Evil: 10 Year Anniversary Edition,2020.0,222,8.20161764201502,7.185838032528212,1.015779609486808,6.739993812812706,1.4616238292023134,0.08009843092389068,8.044624717404194,0.8587866848759822,200-499,eligible,0.0,1.0,0.0
329591,Ultimate Railroads,2021.0,3023,8.816785714435994,8.253474591030573,0.5633111234054216,8.150590889488656,0.666194824947338,0.0217060811467276,8.774241795388408,0.5207672043578354,2.5k-5k,exclude,0.0,0.0,0.0
334187,Bequest,2021.0,117,7.512936692310181,7.073636396349013,0.4393002959611678,7.015979956573716,0.4969567357364646,0.11033354315946356,7.296682947717632,0.22304655136861926,100-199,eligible,0.0,0.0,0.0
334379,Doodle Dash,2021.0,707,7.738347808065807,6.911541975514275,0.826805832551532,6.935123267169509,0.8032245408962986,0.044883920963947124,7.650375322976471,0.7388333474621955,500-999,eligible,0.0,0.0,0.0
334599,Violet and the Grumpy Nisse,2022.0,104,7.81841391603734,7.167097579483558,0.6513163365537817,7.17757568327592,0.6408382327614195,0.11702639484059296,7.589042182149778,0.4219446026662195,100-199,eligible,0.0,0.0,0.0
359612,Trick Shot (Second Edition),2024.0,354,8.465390394256422,7.731408059503352,0.7339823347530707,7.770022889314571,0.6953675049418511,0.06343060662463253,8.341066405272143,0.609658345768791,200-499,eligible,0.0,0.0,0.0
368413,Relic Hunters,2022.0,251,7.615201935653077,7.085043071090425,0.5301588645626518,7.303970537199554,0.3112313984535229,0.07532924854556144,7.467556608503776,0.38251353741335137,200-499,eligible,0.0,0.0,0.0
368463,Rebuilding Seattle,2023.0,439,8.044672097938502,7.529251603404489,0.5154204945340126,7.527199935851256,0.5174721620872464,0.056959771147262146,7.933030946489868,0.40377934308537883,200-499,eligible,0.0,0.0,0.0
368846,Dice Cards,2023.0,118,7.642541188206667,6.590379069198779,1.052162119007888,6.7077418262576,0.9347993619490671,0.10986503342877853,7.427205722686261,0.8368266534874821,100-199,eligible,0.0,0.0,0.0
369993,FUSE Countdown,2023.0,286,7.9303885045389135,7.472932901348814,0.45745560319009915,7.439048036230819,0.49134046830809464,0.07056957131895088,7.79207214475377,0.3191392434049554,200-499,eligible,0.0,1.0,0.0
370448,Europa Universalis: The Price of Power (Deluxe Edition),2023.0,181,9.244782173478878,8.651439727149059,0.5933424463298191,8.493993970319837,0.7507882031590416,0.0887076773975098,9.07091512577976,0.41947539863069994,100-199,eligible,0.0,0.0,0.0
373600,Cthulhu: Death May Die – Fear of the Unknown,2024.0,502,8.926113203607716,7.953060310853978,0.9730528927537385,8.045915723974009,0.8801974796337078,0.05326582246825337,8.82171219156994,0.8686518807159619,500-999,eligible,0.0,1.0,0.0
374145,Dungeon Pages: Core Set,2023.0,257,7.802647207807038,7.27438843588175,0.5282587719252874,7.323342555412211,0.479304652394827,0.07444472572266543,7.656735545390614,0.3823471095088631,200-499,eligible,0.0,0.0,0.0
374336,Trick Raiders,2022.0,111,7.893779587880391,7.195990904905015,0.6977886829753759,7.1860039482019555,0.7077756396784354,0.11327628733737072,7.671758064699144,0.4757671597941293,100-199,eligible,0.0,0.0,0.0
387015,Spring Cleaning,2024.0,202,8.002383619351384,7.33085310316476,0.6715305161866247,7.333041535989386,0.6693420833619985,0.08397012721106527,7.837802170017697,0.5069490668529368,200-499,eligible,0.0,0.0,0.0
387515,Kavango,2024.0,445,8.218832357976805,7.630586764775156,0.5882455932016484,7.580229229318123,0.6386031286586817,0.0565744695128958,8.10794639773153,0.4773596329563726,200-499,eligible,0.0,0.0,0.0
390092,Ticket to Ride Legacy: Legends of the West,2023.0,3977,8.955636912917727,8.317280313911775,0.6383565990059523,8.345942703047161,0.6096942098705664,0.018924425330776127,8.918545039269405,0.6012647253576311,2.5k-5k,exclude,0.0,0.0,1.0
390173,Mindbug: Beyond Evolution,2023.0,588,8.412719989822355,7.602018232553558,0.8107017572687969,7.540238282043134,0.8724817077792206,0.04921662544193238,8.316255403956168,0.7142371714026094,500-999,eligible,0.0,0.0,0.0
390340,Challengers! Beach Cup,2023.0,922,8.218473066620431,7.570104568749144,0.6483684978712869,7.667280889896503,0.5511921767239283,0.03930384471840875,8.14143753097235,0.5713329622232057,500-999,eligible,0.0,0.0,0.0
391290,Ecosystem: Savanna,2023.0,249,7.748590048957856,7.312478166037685,0.4361118829201702,7.263340128310189,0.48524992064766703,0.07563117059152864,7.60035295459846,0.2878747885607741,200-499,eligible,0.0,0.0,0.0
5,Acquire,1963.0,20432,7.656134118457065,6.848897012630504,0.8072371058265615,6.887274957494501,0.7688591609625641,0.008349203680559048,7.6397696792431695,0.7908726666126658,10k-25k,exclude,0.0,0.0,0.0
586,Up Front,1983.0,2178,8.202406325516817,7.572242153146002,0.6301641723708151,7.495211171572997,0.7071951539438199,0.025572404071542567,8.152284413536593,0.5800422603905917,1k-2.5k,borderline,0.0,0.0,0.0
2346,DVONN,2001.0,5382,7.819564864085164,7.358832418505822,0.46073244557934245,7.367315159296297,0.4522497047888674,0.016267793432932078,7.787679988956617,0.4288475704507956,5k-10k,exclude,0.0,0.0,0.0
3097,1849: The Game of Sicilian Railways,1998.0,942,8.922906481864528,8.172319568999157,0.750586912865371,8.163185774403642,0.759720707460886,0.03888436798461337,8.846693120614686,0.6743735516155288,500-999,eligible,1.0,0.0,0.0
3201,Lord of the Rings: The Confrontation,2002.0,6909,7.553048626393202,6.754858184448503,0.7981904419446986,6.742734166082144,0.8103144603110577,0.014357965303285055,7.524907014398763,0.7700488299502599,5k-10k,exclude,0.0,0.0,0.0
9625,Struggle of Empires,2004.0,4239,8.040042482087804,7.541693612034093,0.49834887005371087,7.4786001574009,0.5614423246869045,0.018330266856048803,8.004115159049949,0.4624215470158552,2.5k-5k,exclude,0.0,0.0,0.0
18615,Warmaster Ancients,2005.0,116,7.523357291135707,6.933200788119972,0.5901565030157352,7.074572450811726,0.4487848403239818,0.1108080982232961,7.306173418618047,0.37297263049807483,100-199,eligible,0.0,0.0,0.0
25021,Sekigahara: The Unification of Japan,2011.0,6099,8.468805334098382,7.9536893324760545,0.515116001622328,7.913633445712115,0.5551718883862673,0.01528168274102391,8.438853235925976,0.4851639034499211,5k-10k,exclude,0.0,0.0,0.0
27817,Marne 1918: Friedensturm,2006.0,123,8.225838398197409,7.309796532674467,0.9160418655229421,7.333188195727459,0.8926502024699499,0.10760883759820682,8.014925076504923,0.7051285438304568,100-199,eligible,0.0,0.0,0.0
27976,Heroscape Master Set: Swarm of the Marro,2007.0,2332,7.7404189269080295,6.7537321588029435,0.9866867681050859,6.797216892344519,0.9432020345635106,0.02471361192988601,7.691980247525453,0.9382480887225093,1k-2.5k,borderline,0.0,0.0,0.0
29278,18Rhl: Rhineland,2007.0,102,8.338798424903786,7.811055726353747,0.5277426985500391,7.817809444394027,0.5209889805097587,0.1181681428029229,8.107188865010057,0.2961331386563102,100-199,eligible,1.0,0.0,0.0
29603,D-Day at Omaha Beach,2009.0,1827,8.513437232590862,8.109369330929267,0.4040679016615947,8.183746634984772,0.3296905976060902,0.027921016300081865,8.458712040642702,0.34934270971343423,1k-2.5k,borderline,0.0,1.0,0.0
29663,Star Fleet Battles: Captain's Edition Basic Set,1990.0,494,7.693625417274866,7.115090815180178,0.5785346020946882,7.312386676820811,0.38123874045405515,0.05369539250916151,7.58838244795691,0.47329163277673164,200-499,eligible,0.0,0.0,0.0
38429,Cornerstone,2008.0,231,7.581854742456799,6.455332005895233,1.126522736561566,6.569843222977047,1.0120115194797519,0.07852257009464976,7.427950505071285,0.9726184991760525,200-499,eligible,0.0,0.0,0.0
41627,Zulus on the Ramparts!: The Battle of Rorke's Drift – Second Edition,2009.0,940,7.543444250159891,7.093560565896199,0.44988368426369174,7.045019648143866,0.49842460201602545,0.03892571235353286,7.4671498539469665,0.37358928805076735,500-999,eligible,0.0,0.0,0.0
41934,World at War: The Untold Stories,2010.0,118,7.941940827680329,7.143531458672191,0.7984093690081382,7.16063757471594,0.7813032529643893,0.10986503342877853,7.7266053621599236,0.5830739034877322,100-199,eligible,0.0,0.0,0.0
42731,Lock 'n Load: Heroes of the Gap,2011.0,106,7.907210711897836,7.370614163458143,0.5365965484396931,7.331372546322433,0.5758381655754032,0.11591711487809765,7.680013166736765,0.3093990032786217,100-199,eligible,0.0,0.0,0.0
54361,Heroscape Master Set:  Battle for the Underdark,2010.0,1028,7.570991100367882,6.973385810934563,0.5976052894333197,7.0043763231795655,0.5666147771883168,0.037222362861332715,7.49803526915967,0.5246494582251076,1k-2.5k,eligible,0.0,0.0,0.0
68858,Tanto Cuore: Expanding the House,2010.0,538,7.625446490114959,6.774172231089137,0.8512742590258213,6.876246402382751,0.7492000877322074,0.05145284081261277,7.524598922122237,0.7504266910331003,500-999,eligible,0.0,0.0,0.0
84876,The Castles of Burgundy,2011.0,62576,8.417525628719975,7.956684972720597,0.4608406559993785,8.101917549355283,0.3156080793646918,0.0047708591660795135,8.40817474475446,0.45148977203386265,25k+,exclude,0.0,0.0,0.0
100169,Hero of Weehawken: The Aaron Burr Conspiracy 1805-1807,2011.0,165,7.796908998662534,6.587550604949261,1.2093583937132735,6.476949592818677,1.319959405843857,0.09290915789079598,7.614807049196574,1.0272564442473133,100-199,eligible,0.0,0.0,0.0
105024,Israeli Air Force Leader,2017.0,147,7.871777607058807,7.362535786412463,0.5092418206463432,7.264891629512073,0.6068859775467335,0.09843325088386476,7.678848435326431,0.31631264891396826,100-199,eligible,0.0,0.0,0.0
142854,Infection: Humanity's Last Gasp,2013.0,576,7.517435837304813,6.925432605747128,0.5920032315576851,6.933339993827774,0.5840958434770389,0.049726655908133126,7.419971591724872,0.49453898597774415,500-999,eligible,0.0,0.0,0.0
157001,Trains: Rising Sun,2014.0,1891,7.8188807242090235,7.159099136306612,0.6597815879024118,7.317954007109265,0.5009267170997589,0.027444462619051882,7.765089577475682,0.6059904411690701,1k-2.5k,borderline,0.0,0.0,0.0
164265,Witness,2014.0,2765,7.683434719952147,7.072719830705601,0.6107148892465455,7.123126664060804,0.5603080558913431,0.022696188408645113,7.638950190671203,0.5662303599656011,2.5k-5k,exclude,0.0,1.0,0.0
178940,Push It,2015.0,501,7.567982381240202,6.494460440597942,1.0735219406422596,6.5422389995053845,1.0257433817348174,0.05331895547145713,7.463477228516146,0.9690167879182037,500-999,eligible,0.0,0.0,0.0
180205,Trans-Siberian Railroad,2015.0,349,7.896794710841266,7.0937141568835305,0.8030805539577353,7.219746457175281,0.6770482536659843,0.06388336473798902,7.771583315954807,0.6778691590712768,200-499,eligible,0.0,0.0,0.0
204801,Kneipenquiz: Das Original,2016.0,1026,7.699227660514548,6.731013750892407,0.9682139096221416,6.749565845783465,0.9496618147310834,0.037258624304770005,7.626200756877199,0.8951870059847924,1k-2.5k,eligible,0.0,1.0,0.0
217576,Hellenica: Story of Greece,2019.0,359,7.914870339068974,7.506086915822776,0.40878342324619865,7.223861690417046,0.6910086486519287,0.06298734049081892,7.791415151706969,0.2853282358841936,200-499,eligible,0.0,0.0,0.0
217934,Napoléon 1806,2017.0,283,8.088340186412116,7.46336587802103,0.6249743083910868,7.507559978266819,0.5807802081452973,0.07094262892097898,7.949292633726998,0.485926755705968,200-499,eligible,0.0,0.0,0.0
218948,Apocalypse Road,2020.0,366,7.611340673736468,7.181394061036984,0.4299466126994833,7.089572316556751,0.5217683571797167,0.062382094629127645,7.489071768263377,0.30767770722639315,200-499,eligible,0.0,0.0,0.0
228372,Iberian Gauge,2017.0,1656,7.924869743871698,7.355659729445451,0.5692100144262469,7.601189511730713,0.32368023214098507,0.029327181680546485,7.867388467777826,0.5117287383323758,1k-2.5k,eligible,0.0,0.0,0.0
244806,Nouvelle-France,2021.0,136,7.575587838490564,7.084176117393698,0.49141172109686604,7.094158689529953,0.4814291489606104,0.1023366135853585,7.375008075863261,0.29083195846956333,100-199,eligible,0.0,0.0,0.0
250467,Red Alert: Space Fleet Warfare,2019.0,315,7.917860116526319,7.4009000325382654,0.5169600839880539,7.4080789999852605,0.5097811165410588,0.06724271170268742,7.786064401589052,0.3851643690507866,200-499,eligible,0.0,0.0,0.0
250664,Godtear,2019.0,371,8.033237843305068,7.3664877747430655,0.6667500685620027,7.458550739404734,0.5746871039003345,0.06196030416245109,7.911795647146664,0.5453078724035986,200-499,eligible,0.0,0.0,0.0
251433,Yokai Septet,2018.0,1036,7.980348006813072,7.156322613851605,0.8240253929614667,7.2182525333105225,0.7620954735025496,0.037078368654790646,7.907674404249683,0.7513517903980771,1k-2.5k,eligible,0.0,0.0,0.0
251830,Alhambra: Mega Box,2019.0,221,8.256667811970221,7.17812036817819,1.078547443792031,7.155652813630017,1.1010149983402044,0.08027944455796115,8.099320100636618,0.9211997324584271,200-499,eligible,0.0,0.0,0.0
257518,Claustrophobia 1643,2019.0,1489,8.179115905921186,7.461760816592292,0.717355089328894,7.498952784390431,0.6801631215307555,0.030928093311322357,8.118496843030995,0.6567360264387022,1k-2.5k,eligible,0.0,0.0,0.0
264141,Kodachi,2019.0,453,7.6423494352483745,6.939860961901351,0.7024884733470236,7.006581871091704,0.6357675641566702,0.05607269047003061,7.532446961927114,0.5925860000257636,200-499,eligible,0.0,0.0,0.0
266722,Rumble Nation,2017.0,1228,7.966968553280943,7.012101864861181,0.9548666884197621,7.067956551130109,0.8990120021508341,0.03405660187612208,7.900217613603744,0.8881157487425628,1k-2.5k,eligible,0.0,0.0,0.0
271754,Spire's End,2019.0,853,7.669322725429239,7.029259376620301,0.6400633488089378,7.170835879843457,0.4984868455857816,0.04086259848108339,7.589232032406315,0.5599726557860143,500-999,eligible,0.0,1.0,0.0
272380,SHŌBU,2019.0,2015,7.829226446448306,7.357911154870141,0.4713152915781649,7.379649848964203,0.4495765974841035,0.026586610347593766,7.777116690167023,0.4192055352968811,1k-2.5k,borderline,0.0,0.0,0.0
273655,Shadows of Brimstone: Gates of Valhalla,2023.0,120,8.623782232073932,7.631541553072504,0.9922406790014282,7.604156868228214,1.0196253638457176,0.10894564460072821,8.410248768656505,0.7787072155840009,100-199,eligible,0.0,1.0,0.0
286063,The 7th Citadel,2024.0,1637,8.693954248635752,8.222700340979792,0.4712539076559601,8.229010571503801,0.4649436771319504,0.029496885077216383,8.636140353884407,0.41344001290461596,1k-2.5k,eligible,0.0,1.0,0.0
294113,Imperial Tide: The Great War 1914-1918,2022.0,106,8.175917702020008,7.69002869244215,0.48588900957785874,7.598541620972146,0.5773760810478628,0.11591711487809765,7.948720156858937,0.25869146441678736,100-199,eligible,0.0,0.0,0.0
294484,Unmatched: Cobble & Fog,2020.0,8097,8.14592748305316,7.627787498113175,0.5181399849399853,7.609393338022311,0.5365341450308492,0.013262897895163044,8.11993220317864,0.4921447050654657,5k-10k,exclude,0.0,0.0,0.0
294693,Nokosu Dice,2016.0,1222,8.257636144590894,7.129227309430005,1.1284088351608883,7.1587193656251085,1.0989167789657852,0.03414010817690469,8.19072153256416,1.061494223134155,1k-2.5k,eligible,0.0,0.0,0.0
310885,Belaad: The Land of Swords and Quills,2020.0,192,7.82032544156322,7.153990383325764,0.6663350582374559,7.2283760901432785,0.5919493514199416,0.08612909452338166,7.651512416297392,0.4975220329716278,100-199,eligible,0.0,0.0,0.0
318985,Puerto Rico,2020.0,1237,8.252093665442464,7.83658258634696,0.4155110790955039,7.889980432172221,0.36211323327024303,0.033932483456797294,8.185585997867141,0.3490034115201812,1k-2.5k,eligible,0.0,0.0,0.0
326112,Das perfekte Wort,2021.0,149,7.5160193962973665,6.863268631852016,0.6527507644453507,6.8939084209798605,0.622110975317506,0.09777039316946254,7.32438942568522,0.46112079383320415,100-199,eligible,0.0,0.0,0.0
326934,Unmatched: Hell's Kitchen,2022.0,1133,8.351246146044652,7.419073519796106,0.9321726262485459,7.445792052372658,0.9054540936719935,0.03545565729156931,8.281753057753177,0.8626795379570701,1k-2.5k,eligible,0.0,0.0,0.0
326936,Unmatched: Teen Spirit,2023.0,521,7.930786109192984,7.311714792936089,0.6190713162568953,7.336307215192939,0.5944788940000452,0.05228554439039499,7.8283064421878095,0.5165916492517211,500-999,eligible,0.0,0.0,0.0
326937,Unmatched: For King and Country,2023.0,633,8.268201648435118,7.521276354433116,0.7469252940020024,7.532492693542473,0.7357089548926457,0.047434971156516584,8.175229104968347,0.6539527505352298,500-999,eligible,0.0,0.0,0.0
327056,Unlock! Kids: Detective Stories,2021.0,1008,7.986380247988464,7.330497362319367,0.6558828856690972,7.340295158012607,0.6460850899758572,0.037589818589657424,7.912704203552735,0.5822068412333687,1k-2.5k,eligible,0.0,1.0,0.0
337255,Bug Council of Backyardia,2022.0,188,7.77181029959636,7.2046566672501005,0.5671536323462592,7.203292109906865,0.5685181896894944,0.0870405388951028,7.601210843361958,0.39655417611185767,100-199,eligible,0.0,0.0,0.0
338322,Epic Spell Wars of the Battle Wizards: Annihilageddon 2 – Xtreme Nacho Legends,2022.0,227,7.953203093753127,7.361267741259464,0.591935352493663,7.378136077153027,0.5750670166001006,0.07921137776193223,7.7979487933397404,0.43668105208027586,200-499,eligible,0.0,0.0,0.0
338697,CATAN: 3D Edition,2021.0,341,8.028776451197873,7.101023462083566,0.9277529891143068,7.294464461694638,0.7343119895032348,0.06462838542942728,7.902104815756195,0.8010813536726293,200-499,eligible,0.0,0.0,0.0
343990,Not Enough Mana,2022.0,134,7.5427456136616495,6.758682035246686,0.7840635784149637,6.693365173415815,0.8493804402458345,0.103097491077084,7.340674531150565,0.581992495903879,100-199,eligible,0.0,0.0,0.0
356080,The Elder Scrolls: Betrayal of the Second Era,2025.0,205,9.09393464090596,8.428264490642063,0.6656701502638978,8.515449585249396,0.5784850556565644,0.0833534471845187,8.930561884424304,0.502297393782241,200-499,eligible,0.0,1.0,0.0
356314,Exit: The Game – Advent Calendar: The Silent Storm,2022.0,603,8.231065476322518,7.556436645957806,0.6746288303647123,7.575967321358068,0.6550981549644508,0.04860062337595045,8.135808254505655,0.5793716085478494,500-999,eligible,0.0,1.0,0.0
363625,Fateforge: Chronicles of Kaan,2024.0,405,8.61334760478483,7.782659525512653,0.8306880792721767,7.752158847703816,0.8611887570810133,0.05930249754897451,8.497114709588839,0.7144551840761867,200-499,eligible,0.0,1.0,0.0
375769,Lords of Vegas,2024.0,191,8.493834743090343,7.5045761497574635,0.9892585933328792,7.537923624396637,0.9559111186937059,0.08635426901097477,8.324580375828832,0.8200042260713687,100-199,eligible,0.0,0.0,0.0
376893,Cyberion,2023.0,546,8.229703096439072,7.54897284737255,0.6807302490665226,7.557918583046005,0.6717845133930673,0.05107450596807683,8.129597064741642,0.580624217369092,500-999,eligible,0.0,1.0,0.0
378477,Awkward Guests 2: The Berwick Cases,2023.0,265,7.901169245434249,7.407344362211585,0.49382488322266394,7.3994596951534835,0.5017095502807658,0.07331242056203599,7.757476901132659,0.35013253892107343,200-499,eligible,0.0,0.0,0.0
380619,Cyclades: Legendary Edition,2024.0,161,8.638196012262162,7.769451126508779,0.868744885753383,7.558422478563729,1.0797735336984324,0.09405622797280985,8.453845805435455,0.6843946789266757,100-199,eligible,0.0,0.0,0.0
380707,Vindication: Archive of the Ancients,2023.0,188,8.89431653362219,7.68600505398228,1.2083114796399101,7.72591022532667,1.1684063082955198,0.0870405388951028,8.72371707738779,1.0377120234055086,100-199,eligible,0.0,0.0,0.0
381591,Pax Penning,2024.0,176,8.489850602616817,7.837396693400997,0.6524539092158204,7.507665814942671,0.9821847876741465,0.08995890530530207,8.313531148218425,0.47613445481742833,100-199,eligible,0.0,0.0,0.0
383701,Tricky Time Crisis,2023.0,258,7.96742987620189,7.331426850274465,0.6360030259274252,7.272551192440584,0.6948786837613055,0.0743003129276586,7.821801262863679,0.4903744125892143,200-499,eligible,0.0,0.0,0.0
416059,Gardlings,2024.0,185,7.687706572827102,7.141519259040884,0.5461873137862181,7.241300138223613,0.44640643460348883,0.08774343487556857,7.515729440470987,0.3742101814301037,100-199,eligible,0.0,0.0,0.0
420087,Flip 7,2024.0,1844,7.652040209711216,7.232720005826774,0.4193202038844417,7.234156591838266,0.4178836178729499,0.027792015127089894,7.59756786006212,0.3648478542353455,1k-2.5k,borderline,0.0,0.0,0.0
420862,LUZ,2024.0,135,7.89681982264237,7.282223529911448,0.6145962927309219,7.267775410328188,0.6290444123141823,0.10271493877055267,7.6954985426520865,0.4132750127406386,100-199,eligible,0.0,0.0,0.0
420876,Spotlight,2024.0,169,7.509179031553962,6.94378292988565,0.5653961016683118,6.953189040076213,0.5559899914777491,0.09180305706116884,7.3292450397140705,0.3854621098284209,100-199,eligible,0.0,1.0,0.0
423432,Skull Queen,2024.0,101,7.752888263455339,7.209098574153604,0.5437896893017351,7.14201884981385,0.6108694136414892,0.11875169273608258,7.520134945692617,0.31103637153901326,100-199,eligible,0.0,0.0,0.0
424975,Wilmot's Warehouse,2024.0,477,8.153891057671837,7.165508310249095,0.988382747422742,7.217011486163969,0.9368795715078679,0.0546438519905886,8.046789107770284,0.8812807975211884,200-499,eligible,0.0,1.0,0.0
