game_id,title,year,n_obs,ref_penetration,families,max_ecosystem_size,n_contained_tgt,n_version_tgt,title_has_fam,decision,confidence,reason,evidence
40831,The Pillars of the Earth: Builders Duel,2009.0,1535,0.0054889146853547,"[""Authors: Ken Follett"", ""Occupation: Builder"", ""Players: Two-Player Only Games"", ""Series: Literature (Kosmos)"", ""Series: The Pillars of the Earth (Kosmos)""]",53,0,0,True,ecosystem_derivative_borderline,medium,established_system_derivative_large_eco,"families ['Authors: Ken Follett', 'Occupation: Builder'] eco_size 53 + title 'The Pillars of the Earth: Builders Duel' contains fam + n_contained 0 n_version_tgt 0 ref_pen 0.0055 n_obs 1535"
255674,Imhotep: The Duel,2018.0,3163,0.011328947934133,"[""Admin: Better Description Needed!"", ""Ancient: Egypt"", ""Digital Implementations: Yucata"", ""Game: Imhotep"", ""Occupation: Architect""]",53,0,0,True,ecosystem_derivative_borderline,medium,established_system_derivative_large_eco,"families ['Admin: Better Description Needed!', 'Ancient: Egypt'] eco_size 53 + title 'Imhotep: The Duel' contains fam + n_contained 0 n_version_tgt 0 ref_pen 0.0113 n_obs 3163"
34969,Ubongo: Duel,2008.0,1162,0.0041632629663069,"[""Components: Polyhedral (not D6) dice"", ""Components: Polyominoes"", ""Game: Ubongo"", ""Players: Two-Player Only Games"", ""Series: Two-player games (Kosmos)""]",53,0,0,True,ecosystem_derivative_borderline,medium,established_system_derivative_large_eco,"families ['Components: Polyhedral (not D6) dice', 'Components: Polyominoes'] eco_size 53 + title 'Ubongo: Duel' contains fam + n_contained 0 n_version_tgt 0 ref_pen 0.0042 n_obs 1162"
66056,Rivals for Catan,2010.0,7615,0.0271436146581251,"[""Game: Catan"", ""Game: The Rivals for Catan"", ""Players: Two-Player Only Games"", ""Series: Two-player games (Kosmos)"", ""Versions & Editions: Two-Player Versions of More-Player Games""]",53,0,0,True,ecosystem_derivative_borderline,medium,established_system_derivative_large_eco,"families ['Game: Catan', 'Game: The Rivals for Catan'] eco_size 53 + title 'Rivals for Catan' contains fam + n_contained 0 n_version_tgt 0 ref_pen 0.0271 n_obs 7615"
278,Catan Card Game,1996.0,13833,0.0490849420296086,"[""Digital Implementations: Apple App Store"", ""Game: Catan"", ""Game: Catan Card Game"", ""Players: Two-Player Only Games"", ""Series: Two-player games (Kosmos)""]",53,0,0,True,ecosystem_derivative_borderline,medium,established_system_derivative_large_eco,"families ['Digital Implementations: Apple App Store', 'Game: Catan'] eco_size 53 + title 'Catan Card Game' contains fam + n_contained 0 n_version_tgt 0 ref_pen 0.0491 n_obs 13833"
230408,Monopoly Gamer,2017.0,1901,0.0066533384926265,"[""Game: Monopoly (Official)"", ""Game: Monopoly Gamer"", ""Versions & Editions: Versions with IP after the original release"", ""Video Game Theme: Nintendo"", ""Video Game Theme: Super Mario Bros.""]",51,0,0,True,ecosystem_derivative_borderline,medium,established_system_derivative_large_eco,"families ['Game: Monopoly (Official)', 'Game: Monopoly Gamer'] eco_size 51 + title 'Monopoly Gamer' contains fam + n_contained 0 n_version_tgt 0 ref_pen 0.0067 n_obs 1901"
5339,Monopoly Junior,1990.0,1888,0.0065601845880447,"[""Game: Monopoly (Official)"", ""Game: Monopoly Junior"", ""Theme: Amusement Parks / Theme Parks"", ""Versions & Editions: Junior Versions of Grown-Up Games""]",51,0,0,True,ecosystem_derivative_borderline,medium,established_system_derivative_large_eco,"families ['Game: Monopoly (Official)', 'Game: Monopoly Junior'] eco_size 51 + title 'Monopoly Junior' contains fam + n_contained 0 n_version_tgt 0 ref_pen 0.0066 n_obs 1888"
249833,Monopoly Gamer: Mario Kart,2018.0,681,0.0023790074093182,"[""Game: Monopoly (Official)"", ""Game: Monopoly Gamer"", ""Versions & Editions: Versions with IP after the original release"", ""Video Game Theme: Nintendo"", ""Video Game Theme: Super Mario Bros.""]",51,0,0,True,ecosystem_derivative_borderline,medium,established_system_derivative_large_eco,"families ['Game: Monopoly (Official)', 'Game: Monopoly Gamer'] eco_size 51 + title 'Monopoly Gamer: Mario Kart' contains fam + n_contained 0 n_version_tgt 0 ref_pen 0.0024 n_obs 681"
258411,Unlock!: Exotic Adventures – Expedition: Challenger,2019.0,812,0.0029021024119695,"[""Category: Escape Room Games"", ""Components: Digital Hybrid \u2013 App/Website Required"", ""Series: Unlock! (Space Cowboys)""]",47,0,0,True,ecosystem_derivative_borderline,medium,established_system_derivative_large_eco,"families ['Category: Escape Room Games', 'Components: Digital Hybrid – App/Website Required'] eco_size 47 + title 'Unlock!: Exotic Adventures – Expedition:' contains fam + n_contained 0 n_version_tgt 0 ref_pen 0.0029 n_obs 812"
312267,Star Wars: Unlock!,2020.0,3097,0.0110494862203878,"[""Category: Escape Room Games"", ""Components: Digital Hybrid \u2013 App/Website Required"", ""Movies: Star Wars"", ""Series: Unlock! (Space Cowboys)"", ""Versions & Editions: Versions with IP after the original release""]",47,0,0,True,ecosystem_derivative_borderline,medium,established_system_derivative_large_eco,"families ['Category: Escape Room Games', 'Components: Digital Hybrid – App/Website Required'] eco_size 47 + title 'Star Wars: Unlock!' contains fam + n_contained 0 n_version_tgt 0 ref_pen 0.0110 n_obs 3097"
350760,Unlock!: The Ghost Stone,2021.0,120,0.0004299410980695,"[""Category: Escape Room Games"", ""Components: Digital Hybrid \u2013 App/Website Required"", ""Misc: Limited Replayability"", ""Promotional: Board Games"", ""Series: Unlock! (Space Cowboys)""]",47,0,0,True,ecosystem_derivative_borderline,medium,established_system_derivative_large_eco,"families ['Category: Escape Room Games', 'Components: Digital Hybrid – App/Website Required'] eco_size 47 + title 'Unlock!: The Ghost Stone' contains fam + n_contained 0 n_version_tgt 0 ref_pen 0.0004 n_obs 120"
125921,Catan: Junior,2012.0,3424,0.0121243389655617,"[""Game: Catan"", ""Versions & Editions: Junior Versions of Grown-Up Games""]",40,0,0,True,ecosystem_derivative_borderline,medium,established_system_derivative_large_eco,"families ['Game: Catan', 'Versions & Editions: Junior Versions of Grown-Up Games'] eco_size 40 + title 'Catan: Junior' contains fam + n_contained 0 n_version_tgt 0 ref_pen 0.0121 n_obs 3424"
117985,Star Trek: Catan,2012.0,3603,0.0127835819826017,"[""Game: Catan"", ""Space: Colonization / Extraterrestrial Colonisation"", ""TV Shows: Star Trek (various)"", ""Versions & Editions: Versions with IP after the original release""]",40,0,0,True,ecosystem_derivative_borderline,medium,established_system_derivative_large_eco,"families ['Game: Catan', 'Space: Colonization / Extraterrestrial Colonisation'] eco_size 40 + title 'Star Trek: Catan' contains fam + n_contained 0 n_version_tgt 0 ref_pen 0.0128 n_obs 3603"
27710,Catan Dice Game,2007.0,6605,0.0234891153245338,"[""Components: Dice with Icons"", ""Game: Catan"", ""Mechanism: Roll-and-Write"", ""Misc: LongPack Games"", ""Versions & Editions: Dice Versions of Non-Dice Games""]",40,0,0,True,ecosystem_derivative_borderline,medium,established_system_derivative_large_eco,"families ['Components: Dice with Icons', 'Game: Catan'] eco_size 40 + title 'Catan Dice Game' contains fam + n_contained 0 n_version_tgt 0 ref_pen 0.0235 n_obs 6605"
27766,Die Siedler von Catan: Junior,2007.0,515,0.0018308325092795,"[""Game: Catan"", ""Versions & Editions: Junior Versions of Grown-Up Games""]",40,0,0,True,ecosystem_derivative_borderline,medium,established_system_derivative_large_eco,"families ['Game: Catan', 'Versions & Editions: Junior Versions of Grown-Up Games'] eco_size 40 + title 'Die Siedler von Catan: Junior' contains fam + n_contained 0 n_version_tgt 0 ref_pen 0.0018 n_obs 515"
184842,Catan Junior,2014.0,1132,0.0040163664244665,"[""Game: Catan"", ""Versions & Editions: Junior Versions of Grown-Up Games""]",40,0,0,True,ecosystem_derivative_borderline,medium,established_system_derivative_large_eco,"families ['Game: Catan', 'Versions & Editions: Junior Versions of Grown-Up Games'] eco_size 40 + title 'Catan Junior' contains fam + n_contained 0 n_version_tgt 0 ref_pen 0.0040 n_obs 1132"
229218,A Game of Thrones: Catan – Brotherhood of the Watch,2017.0,1663,0.0059224386259082,"[""Books: A Song of Ice and Fire"", ""Components: Miniatures"", ""Game: Catan"", ""Versions & Editions: Versions with IP after the original release""]",40,0,0,True,ecosystem_derivative_borderline,medium,established_system_derivative_large_eco,"families ['Books: A Song of Ice and Fire', 'Components: Miniatures'] eco_size 40 + title 'A Game of Thrones: Catan – Brotherhood o' contains fam + n_contained 0 n_version_tgt 0 ref_pen 0.0059 n_obs 1663"
91534,Struggle for Catan,2011.0,2951,0.0105084770053169,"[""Game: Catan"", ""Versions & Editions: Card Versions of Non-Card Games""]",40,0,0,True,ecosystem_derivative_borderline,medium,established_system_derivative_large_eco,"families ['Game: Catan', 'Versions & Editions: Card Versions of Non-Card Games'] eco_size 40 + title 'Struggle for Catan' contains fam + n_contained 0 n_version_tgt 0 ref_pen 0.0105 n_obs 2951"
5824,The Kids of Catan,2003.0,711,0.0025259039511586,"[""Components: 3-Dimensional (3D)"", ""Components: Game Box Used In Play"", ""Components: Wooden pieces & boards"", ""Game: Catan"", ""Versions & Editions: Junior Versions of Grown-Up Games""]",40,0,0,True,ecosystem_derivative_borderline,medium,established_system_derivative_large_eco,"families ['Components: 3-Dimensional (3D)', 'Components: Game Box Used In Play'] eco_size 40 + title 'The Kids of Catan' contains fam + n_contained 0 n_version_tgt 0 ref_pen 0.0025 n_obs 711"
249824,Munchkin Harry Potter Deluxe,2018.0,310,0.0010784355876578,"[""Books: Harry Potter"", ""Game: Munchkin"", ""Theme: Wizards"", ""Versions & Editions: Versions with IP after the original release""]",39,0,0,True,ecosystem_derivative_borderline,medium,established_system_derivative_large_eco,"families ['Books: Harry Potter', 'Game: Munchkin'] eco_size 39 + title 'Munchkin Harry Potter Deluxe' contains fam + n_contained 0 n_version_tgt 0 ref_pen 0.0011 n_obs 310"
224134,Munchkin Rick and Morty,2017.0,476,0.0016731874399873,"[""Game: Munchkin"", ""TV Shows: Rick and Morty"", ""Versions & Editions: Versions with IP after the original release""]",39,0,0,True,ecosystem_derivative_borderline,medium,established_system_derivative_large_eco,"families ['Game: Munchkin', 'TV Shows: Rick and Morty'] eco_size 39 + title 'Munchkin Rick and Morty' contains fam + n_contained 0 n_version_tgt 0 ref_pen 0.0017 n_obs 476"
257700,"Munchkin Warhammer 40,000",2019.0,296,0.0010390243203347,"[""Game: Munchkin"", ""Setting: Warhammer 40,000 Board Games"", ""Versions & Editions: Versions with IP after the original release""]",39,0,0,True,ecosystem_derivative_borderline,medium,established_system_derivative_large_eco,"families ['Game: Munchkin', 'Setting: Warhammer 40,000 Board Games'] eco_size 39 + title 'Munchkin Warhammer 40,000' contains fam + n_contained 0 n_version_tgt 0 ref_pen 0.0010 n_obs 296"
94915,Munchkin Axe Cop,2011.0,373,0.0013077375066282,"[""Game: Munchkin"", ""Versions & Editions: Versions with IP after the original release""]",39,0,0,True,ecosystem_derivative_borderline,medium,established_system_derivative_large_eco,"families ['Game: Munchkin', 'Versions & Editions: Versions with IP after the original release'] eco_size 39 + title 'Munchkin Axe Cop' contains fam + n_contained 0 n_version_tgt 0 ref_pen 0.0013 n_obs 373"
112991,Munchkin Conan,2012.0,447,0.0015549536380182,"[""Characters: Conan the Barbarian"", ""Game: Munchkin"", ""Versions & Editions: Versions with IP after the original release""]",39,0,0,True,ecosystem_derivative_borderline,medium,established_system_derivative_large_eco,"families ['Characters: Conan the Barbarian', 'Game: Munchkin'] eco_size 39 + title 'Munchkin Conan' contains fam + n_contained 0 n_version_tgt 0 ref_pen 0.0016 n_obs 447"
246689,Munchkin Teenage Mutant Ninja Turtles,2018.0,208,0.0007273170242343,"[""Animals: Turtles"", ""Comic Books: Teenage Mutant Ninja Turtles"", ""Game: Munchkin"", ""Theme: Ninjas"", ""Versions & Editions: Versions with IP after the original release""]",39,0,0,True,ecosystem_derivative_borderline,medium,established_system_derivative_large_eco,"families ['Animals: Turtles', 'Comic Books: Teenage Mutant Ninja Turtles'] eco_size 39 + title 'Munchkin Teenage Mutant Ninja Turtles' contains fam + n_contained 0 n_version_tgt 0 ref_pen 0.0007 n_obs 208"
312346,Munchkin Disney,2020.0,149,0.0005051807902317,"[""Brands: Disney"", ""Game: Munchkin"", ""Versions & Editions: Versions with IP after the original release""]",39,0,0,True,ecosystem_derivative_borderline,medium,established_system_derivative_large_eco,"families ['Brands: Disney', 'Game: Munchkin'] eco_size 39 + title 'Munchkin Disney' contains fam + n_contained 0 n_version_tgt 0 ref_pen 0.0005 n_obs 149"
213670,Munchkin X-Men,2017.0,399,0.0013650629863708,"[""Comic Books: Marvel Universe"", ""Comic Books: The X-Men"", ""Game: Munchkin"", ""Theme: Superheroes"", ""Versions & Editions: Versions with IP after the original release""]",39,0,0,True,ecosystem_derivative_borderline,medium,established_system_derivative_large_eco,"families ['Comic Books: Marvel Universe', 'Comic Books: The X-Men'] eco_size 39 + title 'Munchkin X-Men' contains fam + n_contained 0 n_version_tgt 0 ref_pen 0.0014 n_obs 399"
189848,Munchkin Marvel,2016.0,1324,0.0045932040643765,"[""Comic Books: Marvel Universe"", ""Game: Munchkin"", ""Theme: Superheroes"", ""Versions & Editions: Versions with IP after the original release""]",39,0,0,True,ecosystem_derivative_borderline,medium,established_system_derivative_large_eco,"families ['Comic Books: Marvel Universe', 'Game: Munchkin'] eco_size 39 + title 'Munchkin Marvel' contains fam + n_contained 0 n_version_tgt 0 ref_pen 0.0046 n_obs 1324"
180816,Munchkin: The Nightmare Before Christmas,2015.0,383,0.001314903191596,"[""Brands: Disney"", ""Game: Munchkin"", ""Holidays: Christmas"", ""Holidays: Halloween"", ""Movies: The Nightmare Before Christmas""]",39,0,0,True,ecosystem_derivative_borderline,medium,established_system_derivative_large_eco,"families ['Brands: Disney', 'Game: Munchkin'] eco_size 39 + title 'Munchkin: The Nightmare Before Christmas' contains fam + n_contained 0 n_version_tgt 0 ref_pen 0.0013 n_obs 383"
23107,Drakon (Third Edition),2006.0,2742,0.0097524972412112,"[""Creatures: Dragons"", ""Game: Drakon"", ""Series: Fantasy Flight Silver Line""]",38,0,0,True,ecosystem_derivative_borderline,medium,established_system_derivative_large_eco,"families ['Creatures: Dragons', 'Game: Drakon'] eco_size 38 + title 'Drakon (Third Edition)' contains fam + n_contained 0 n_version_tgt 0 ref_pen 0.0098 n_obs 2742"
2952,Trivial Pursuit: Genus Edition,1981.0,8058,0.0281253134987173,"[""Game: Trivial Pursuit"", ""Misc: Dice Tower Hall of Fame"", ""Misc: Mensa Select""]",37,0,0,True,ecosystem_derivative_borderline,medium,established_system_derivative_large_eco,"families ['Game: Trivial Pursuit', 'Misc: Dice Tower Hall of Fame'] eco_size 37 + title 'Trivial Pursuit: Genus Edition' contains fam + n_contained 0 n_version_tgt 0 ref_pen 0.0281 n_obs 8058"
82216,Trivial Pursuit: Steal Card Game,2009.0,282,0.0009888645255599,"[""Game: Trivial Pursuit"", ""Versions & Editions: Card Versions of Non-Card Games""]",37,0,0,True,ecosystem_derivative_borderline,medium,established_system_derivative_large_eco,"families ['Game: Trivial Pursuit', 'Versions & Editions: Card Versions of Non-Card Games'] eco_size 37 + title 'Trivial Pursuit: Steal Card Game' contains fam + n_contained 0 n_version_tgt 0 ref_pen 0.0010 n_obs 282"
87904,Trivial Pursuit: Master Edition,2009.0,663,0.0023360132995113,"[""Game: Trivial Pursuit""]",37,0,0,True,ecosystem_derivative_borderline,medium,established_system_derivative_large_eco,families ['Game: Trivial Pursuit'] eco_size 37 + title 'Trivial Pursuit: Master Edition' contains fam + n_contained 0 n_version_tgt 0 ref_pen 0.0023 n_obs 663
7927,Trivial Pursuit: Junior,1992.0,165,0.0005696719549421,"[""Game: Trivial Pursuit"", ""Versions & Editions: Junior Versions of Grown-Up Games""]",37,0,0,True,ecosystem_derivative_borderline,medium,established_system_derivative_large_eco,"families ['Game: Trivial Pursuit', 'Versions & Editions: Junior Versions of Grown-Up Games'] eco_size 37 + title 'Trivial Pursuit: Junior' contains fam + n_contained 0 n_version_tgt 0 ref_pen 0.0006 n_obs 165"
156108,Regular Show Fluxx,2014.0,338,0.0011966693896269,"[""Game: Fluxx"", ""Players: Games with expansions that add solo play"", ""Theme: Time Travel"", ""Versions & Editions: Versions with IP after the original release""]",34,0,0,True,ecosystem_derivative_borderline,medium,established_system_derivative_large_eco,"families ['Game: Fluxx', 'Players: Games with expansions that add solo play'] eco_size 34 + title 'Regular Show Fluxx' contains fam + n_contained 0 n_version_tgt 0 ref_pen 0.0012 n_obs 338"
178210,Batman Fluxx,2015.0,1346,0.0047186035513134,"[""Comic Books: Batman"", ""Comic Books: DC Universe"", ""Game: Fluxx"", ""Players: Games with expansions that add solo play"", ""Versions & Editions: Versions with IP after the original release""]",34,0,0,True,ecosystem_derivative_borderline,medium,established_system_derivative_large_eco,"families ['Comic Books: Batman', 'Comic Books: DC Universe'] eco_size 34 + title 'Batman Fluxx' contains fam + n_contained 0 n_version_tgt 0 ref_pen 0.0047 n_obs 1346"
235365,Doctor Who Fluxx,2017.0,696,0.0024363328890608,"[""Game: Fluxx"", ""Players: Games with expansions that add solo play"", ""Theme: Time Travel"", ""TV Shows: Doctor Who"", ""Versions & Editions: Versions with IP after the original release""]",34,0,0,True,ecosystem_derivative_borderline,medium,established_system_derivative_large_eco,"families ['Game: Fluxx', 'Players: Games with expansions that add solo play'] eco_size 34 + title 'Doctor Who Fluxx' contains fam + n_contained 0 n_version_tgt 0 ref_pen 0.0024 n_obs 696"
17816,Family Fluxx,2005.0,746,0.0026083093282886,"[""Game: Fluxx"", ""Players: Games with expansions that add solo play"", ""Versions & Editions: Junior Versions of Grown-Up Games""]",34,0,0,True,ecosystem_derivative_borderline,medium,established_system_derivative_large_eco,"families ['Game: Fluxx', 'Players: Games with expansions that add solo play'] eco_size 34 + title 'Family Fluxx' contains fam + n_contained 0 n_version_tgt 0 ref_pen 0.0026 n_obs 746"
246531,Star Trek Fluxx,2018.0,327,0.0011608409647878,"[""Game: Fluxx"", ""Misc: LongPack Games"", ""Players: Games with expansions that add solo play"", ""TV Shows: Star Trek (various)"", ""Versions & Editions: Versions with IP after the original release""]",34,0,0,True,ecosystem_derivative_borderline,medium,established_system_derivative_large_eco,"families ['Game: Fluxx', 'Misc: LongPack Games'] eco_size 34 + title 'Star Trek Fluxx' contains fam + n_contained 0 n_version_tgt 0 ref_pen 0.0012 n_obs 327"
183896,Firefly Fluxx,2016.0,1311,0.0046361981741834,"[""Game: Fluxx"", ""Misc: LongPack Games"", ""Players: Games with expansions that add solo play"", ""TV Shows: Firefly"", ""Versions & Editions: Versions with IP after the original release""]",34,0,0,True,ecosystem_derivative_borderline,medium,established_system_derivative_large_eco,"families ['Game: Fluxx', 'Misc: LongPack Games'] eco_size 34 + title 'Firefly Fluxx' contains fam + n_contained 0 n_version_tgt 0 ref_pen 0.0046 n_obs 1311"
178209,Adventure Time Fluxx,2015.0,620,0.0021640368602834,"[""Game: Fluxx"", ""Players: Games with expansions that add solo play"", ""TV Shows: Adventure Time"", ""Versions & Editions: Versions with IP after the original release""]",34,0,0,True,ecosystem_derivative_borderline,medium,established_system_derivative_large_eco,"families ['Game: Fluxx', 'Players: Games with expansions that add solo play'] eco_size 34 + title 'Adventure Time Fluxx' contains fam + n_contained 0 n_version_tgt 0 ref_pen 0.0022 n_obs 620"
272541,Marvel Fluxx,2019.0,643,0.0022930191897043,"[""Comic Books: Marvel Universe"", ""Game: Fluxx"", ""Players: Games with expansions that add solo play"", ""Versions & Editions: Versions with IP after the original release""]",34,0,0,True,ecosystem_derivative_borderline,medium,established_system_derivative_large_eco,"families ['Comic Books: Marvel Universe', 'Game: Fluxx'] eco_size 34 + title 'Marvel Fluxx' contains fam + n_contained 0 n_version_tgt 0 ref_pen 0.0023 n_obs 643"
246530,Star Trek: The Next Generation Fluxx,2018.0,381,0.001357897301403,"[""Game: Fluxx"", ""Players: Games with expansions that add solo play"", ""TV Shows: Star Trek (various)"", ""Versions & Editions: Versions with IP after the original release""]",34,0,0,True,ecosystem_derivative_borderline,medium,established_system_derivative_large_eco,"families ['Game: Fluxx', 'Players: Games with expansions that add solo play'] eco_size 34 + title 'Star Trek: The Next Generation Fluxx' contains fam + n_contained 0 n_version_tgt 0 ref_pen 0.0014 n_obs 381"
268274,Star Trek: Deep Space Nine Fluxx,2019.0,184,0.0006484944895882,"[""Game: Fluxx"", ""Players: Games with expansions that add solo play"", ""TV Shows: Star Trek (various)"", ""Versions & Editions: Versions with IP after the original release""]",34,0,0,True,ecosystem_derivative_borderline,medium,established_system_derivative_large_eco,"families ['Game: Fluxx', 'Players: Games with expansions that add solo play'] eco_size 34 + title 'Star Trek: Deep Space Nine Fluxx' contains fam + n_contained 0 n_version_tgt 0 ref_pen 0.0006 n_obs 184"
36345,Monty Python Fluxx,2008.0,5315,0.0187096034509938,"[""Celebrities: Monty Python"", ""Game: Fluxx"", ""Players: Games with expansions that add solo play"", ""Versions & Editions: Versions with IP after the original release""]",34,0,0,True,ecosystem_derivative_borderline,medium,established_system_derivative_large_eco,"families ['Celebrities: Monty Python', 'Game: Fluxx'] eco_size 34 + title 'Monty Python Fluxx' contains fam + n_contained 0 n_version_tgt 0 ref_pen 0.0187 n_obs 5315"
272542,Jumanji Fluxx,2019.0,261,0.0009243733608495,"[""Books: Jumanji / Zathura"", ""Game: Fluxx"", ""Players: Games with expansions that add solo play"", ""Versions & Editions: Versions with IP after the original release""]",34,0,0,True,ecosystem_derivative_borderline,medium,established_system_derivative_large_eco,"families ['Books: Jumanji / Zathura', 'Game: Fluxx'] eco_size 34 + title 'Jumanji Fluxx' contains fam + n_contained 0 n_version_tgt 0 ref_pen 0.0009 n_obs 261"
2243,Yahtzee,1956.0,15826,0.0554767330209094,"[""Animals: Cats"", ""Animals: Rabbits / Hares"", ""Animals: Sharks"", ""Authors: J.R.R. Tolkien"", ""Books: Alice in Wonderland""]",29,0,0,True,ecosystem_derivative_borderline,medium,established_system_derivative_large_eco,"families ['Animals: Cats', 'Animals: Rabbits / Hares'] eco_size 29 + title 'Yahtzee' contains fam + n_contained 0 n_version_tgt 0 ref_pen 0.0555 n_obs 15826"
72644,Perplexus,2001.0,440,0.0015657021654699,"[""Admin: Outside the Scope of BGG"", ""Components: 3-Dimensional (3D)"", ""Components: Marbles"", ""Game: Perplexus"", ""Players: Games with Solitaire Rules""]",29,0,0,True,ecosystem_derivative_borderline,medium,established_system_derivative_large_eco,"families ['Admin: Outside the Scope of BGG', 'Components: 3-Dimensional (3D)'] eco_size 29 + title 'Perplexus' contains fam + n_contained 0 n_version_tgt 0 ref_pen 0.0016 n_obs 440"
131260,Qwixx,2012.0,13978,0.0499018301159407,"[""Components: Coloured Dice"", ""Game: Qwixx"", ""Mechanism: Roll-and-Write"", ""Misc: Mensa Select"", ""Series: Beveled Boxes (Gigamic)""]",29,0,0,True,ecosystem_derivative_borderline,medium,established_system_derivative_large_eco,"families ['Components: Coloured Dice', 'Game: Qwixx'] eco_size 29 + title 'Qwixx' contains fam + n_contained 0 n_version_tgt 0 ref_pen 0.0499 n_obs 13978"
2453,Blokus,2000.0,27380,0.0970986141565272,"[""Category: Combinatorial"", ""Components: 20 x 20 Grids"", ""Components: Polyominoes"", ""Digital Implementations: Apple App Store"", ""Game: Blokus""]",29,0,0,True,ecosystem_derivative_borderline,medium,established_system_derivative_large_eco,"families ['Category: Combinatorial', 'Components: 20 x 20 Grids'] eco_size 29 + title 'Blokus' contains fam + n_contained 0 n_version_tgt 0 ref_pen 0.0971 n_obs 27380"
168215,Saboteur: The Duel,2014.0,2152,0.0076529515456382,"[""Creatures: Dwarves & Gnomes"", ""Creatures: Trolls"", ""Game: Saboteur"", ""Series: Beveled Boxes (Gigamic)"", ""Theme: Mining""]",29,0,0,True,ecosystem_derivative_borderline,medium,established_system_derivative_large_eco,"families ['Creatures: Dwarves & Gnomes', 'Creatures: Trolls'] eco_size 29 + title 'Saboteur: The Duel' contains fam + n_contained 0 n_version_tgt 0 ref_pen 0.0077 n_obs 2152"
9090,My First UNO,1991.0,146,0.0005051807902317,"[""Animals: Apes / Monkeys"", ""Animals: Bears"", ""Animals: Koalas"", ""Animals: Spiders"", ""Books: Curious George""]",28,0,0,True,ecosystem_derivative_borderline,medium,established_system_derivative_large_eco,"families ['Animals: Apes / Monkeys', 'Animals: Bears'] eco_size 28 + title 'My First UNO' contains fam + n_contained 0 n_version_tgt 0 ref_pen 0.0005 n_obs 146"
20952,UNO Junior,1992.0,538,0.0018953236739899,"[""Brands: Disney"", ""Characters: Mickey Mouse"", ""Game: UNO"", ""Versions & Editions: Junior Versions of Grown-Up Games""]",28,0,0,True,ecosystem_derivative_borderline,medium,established_system_derivative_large_eco,"families ['Brands: Disney', 'Characters: Mickey Mouse'] eco_size 28 + title 'UNO Junior' contains fam + n_contained 0 n_version_tgt 0 ref_pen 0.0019 n_obs 538"
116593,UNO Dice Game,2011.0,197,0.0006735743869756,"[""Game: UNO"", ""Players: Two-Player Only Games"", ""Series: Soda Pop Can Dice Game (Mattel)"", ""Versions & Editions: Dice Versions of Non-Dice Games""]",28,0,0,True,ecosystem_derivative_borderline,medium,established_system_derivative_large_eco,"families ['Game: UNO', 'Players: Two-Player Only Games'] eco_size 28 + title 'UNO Dice Game' contains fam + n_contained 0 n_version_tgt 0 ref_pen 0.0007 n_obs 197"
209095,UNO: Super Mario,2016.0,372,0.0012790747667569,"[""Game: UNO"", ""Versions & Editions: Versions with IP after the original release"", ""Video Game Theme: Nintendo"", ""Video Game Theme: Super Mario Bros.""]",28,0,0,True,ecosystem_derivative_borderline,medium,established_system_derivative_large_eco,"families ['Game: UNO', 'Versions & Editions: Versions with IP after the original release'] eco_size 28 + title 'UNO: Super Mario' contains fam + n_contained 0 n_version_tgt 0 ref_pen 0.0013 n_obs 372"
3806,UNO: Star Trek,1999.0,221,0.0007595626065895,"[""Game: UNO"", ""TV Shows: Star Trek (various)"", ""Versions & Editions: Versions with IP after the original release""]",28,0,0,True,ecosystem_derivative_borderline,medium,established_system_derivative_large_eco,"families ['Game: UNO', 'TV Shows: Star Trek (various)'] eco_size 28 + title 'UNO: Star Trek' contains fam + n_contained 0 n_version_tgt 0 ref_pen 0.0008 n_obs 221"
9583,UNO: SpongeBob SquarePants,2002.0,105,0.0003511185634234,"[""Game: UNO"", ""TV Shows: SpongeBob SquarePants"", ""Versions & Editions: Versions with IP after the original release""]",28,0,0,True,ecosystem_derivative_borderline,medium,established_system_derivative_large_eco,"families ['Game: UNO', 'TV Shows: SpongeBob SquarePants'] eco_size 28 + title 'UNO: SpongeBob SquarePants' contains fam + n_contained 0 n_version_tgt 0 ref_pen 0.0004 n_obs 105"
25204,UNO: Cars,2006.0,125,0.0004406896255213,"[""Brands: Disney"", ""Game: UNO"", ""Movies: Cars"", ""Movies: Pixar"", ""Theme: Automotive Industry""]",28,0,0,True,ecosystem_derivative_borderline,medium,established_system_derivative_large_eco,"families ['Brands: Disney', 'Game: UNO'] eco_size 28 + title 'UNO: Cars' contains fam + n_contained 0 n_version_tgt 0 ref_pen 0.0004 n_obs 125"
5585,UNO: Harry Potter,2000.0,456,0.0015764506929217,"[""Books: Harry Potter"", ""Game: UNO"", ""Versions & Editions: Versions with IP after the original release""]",28,0,0,True,ecosystem_derivative_borderline,medium,established_system_derivative_large_eco,"families ['Books: Harry Potter', 'Game: UNO'] eco_size 28 + title 'UNO: Harry Potter' contains fam + n_contained 0 n_version_tgt 0 ref_pen 0.0016 n_obs 456"
355850,UNO Ultimate Marvel,2022.0,234,0.0008240537712999,"[""Comic Books: Marvel Universe"", ""Game: UNO"", ""Game: Uno Ultimate"", ""Theme: Superheroes""]",28,0,0,True,ecosystem_derivative_borderline,medium,established_system_derivative_large_eco,"families ['Comic Books: Marvel Universe', 'Game: UNO'] eco_size 28 + title 'UNO Ultimate Marvel' contains fam + n_contained 0 n_version_tgt 0 ref_pen 0.0008 n_obs 234"
140709,Alhambra: Family Box,2011.0,583,0.0020887971681213,"[""Game: Alhambra"", ""Series: Yellow Wave Box (Queen)"", ""Versions & Editions: Big Box Versions of Individual Games""]",27,0,0,True,ecosystem_derivative_borderline,medium,established_system_derivative_large_eco,"families ['Game: Alhambra', 'Series: Yellow Wave Box (Queen)'] eco_size 27 + title 'Alhambra: Family Box' contains fam + n_contained 0 n_version_tgt 0 ref_pen 0.0021 n_obs 583"
245961,Fleet: The Dice Game,2018.0,4137,0.0148007223010447,"[""Animals: Fish / Fishes"", ""Components: Dice with Icons"", ""Crowdfunding: Kickstarter"", ""Digital Implementations: Google Play"", ""Digital Implementations: Tabletopia""]",26,0,0,True,ecosystem_derivative_borderline,medium,established_system_derivative_large_eco,"families ['Animals: Fish / Fishes', 'Components: Dice with Icons'] eco_size 26 + title 'Fleet: The Dice Game' contains fam + n_contained 0 n_version_tgt 0 ref_pen 0.0148 n_obs 4137"
236461,The Game: Face to Face,2017.0,1272,0.0045537927970534,"[""Game: The Game"", ""Players: Two-Player Only Games"", ""Series: NSV Middys (N\u00fcrnberger Spielkartenverlag)"", ""Versions & Editions: Two-Player Versions of More-Player Games""]",26,0,0,True,ecosystem_derivative_borderline,medium,established_system_derivative_large_eco,"families ['Game: The Game', 'Players: Two-Player Only Games'] eco_size 26 + title 'The Game: Face to Face' contains fam + n_contained 0 n_version_tgt 0 ref_pen 0.0046 n_obs 1272"
325810,Ascension: 10 Year Anniversary Edition,2022.0,840,0.0029952563165512,"[""Crowdfunding: Kickstarter"", ""Game: Ascension Deck Building"", ""Players: Games with Solitaire Rules""]",24,0,0,False,ecosystem_derivative_borderline,medium,large_eco_crowdfunding_edition,Game: ['Ascension Deck Building'] eco 24 + crowdfunding + edition title
7717,Carcassonne: The Castle,2003.0,8292,0.0295727818622182,"[""Cities: Carcassonne (France)"", ""Digital Implementations: VASSAL"", ""Game: Carcassonne"", ""Players: Two-Player Only Games"", ""Versions & Editions: Two-Player Versions of More-Player Games""]",21,0,0,True,ecosystem_derivative_borderline,medium,established_system_derivative_large_eco,"families ['Cities: Carcassonne (France)', 'Digital Implementations: VASSAL'] eco_size 21 + title 'Carcassonne: The Castle' contains fam + n_contained 0 n_version_tgt 0 ref_pen 0.0296 n_obs 8292"
169611,Love Letter: The Hobbit – The Battle of the Five Armies,2015.0,1851,0.0065995958553678,"[""Authors: J.R.R. Tolkien"", ""Containers: Drawstring Bag"", ""Fictional Events: The Battle of Five Armies"", ""Game: Love Letter"", ""Series: 5 Minute Fun (AEG)""]",21,0,0,True,ecosystem_derivative_borderline,medium,established_system_derivative_large_eco,"families ['Authors: J.R.R. Tolkien', 'Containers: Drawstring Bag'] eco_size 21 + title 'Love Letter: The Hobbit – The Battle of ' contains fam + n_contained 0 n_version_tgt 0 ref_pen 0.0066 n_obs 1851"
175307,Love Letter: Adventure Time,2015.0,1829,0.0064956934233343,"[""Components: Gems/Crystals"", ""Containers: Drawstring Bag"", ""Game: Love Letter"", ""Series: 5 Minute Fun (AEG)"", ""Series: Big in Japan (AEG)""]",21,0,0,True,ecosystem_derivative_borderline,medium,established_system_derivative_large_eco,"families ['Components: Gems/Crystals', 'Containers: Drawstring Bag'] eco_size 21 + title 'Love Letter: Adventure Time' contains fam + n_contained 0 n_version_tgt 0 ref_pen 0.0065 n_obs 1829"
168584,Love Letter: Batman,2015.0,5608,0.0199421012654599,"[""Comic Books: Batman"", ""Comic Books: DC Universe"", ""Containers: Drawstring Bag"", ""Game: Love Letter"", ""Series: 5 Minute Fun (AEG)""]",21,0,0,True,ecosystem_derivative_borderline,medium,established_system_derivative_large_eco,"families ['Comic Books: Batman', 'Comic Books: DC Universe'] eco_size 21 + title 'Love Letter: Batman' contains fam + n_contained 0 n_version_tgt 0 ref_pen 0.0199 n_obs 5608"
180564,Carcassonne: Star Wars,2015.0,2553,0.0091254998065265,"[""Game: Carcassonne"", ""Movies: Star Wars"", ""Versions & Editions: Versions with IP after the original release""]",21,0,0,True,ecosystem_derivative_borderline,medium,established_system_derivative_large_eco,"families ['Game: Carcassonne', 'Movies: Star Wars'] eco_size 21 + title 'Carcassonne: Star Wars' contains fam + n_contained 0 n_version_tgt 0 ref_pen 0.0091 n_obs 2553"
89953,Carcassonne: The Dice Game,2011.0,897,0.0032138097080699,"[""Admin: Better Description Needed!"", ""Components: Dice with Icons"", ""Containers: Unique Shape"", ""Game: Carcassonne"", ""Versions & Editions: Dice Versions of Non-Dice Games""]",21,0,0,True,ecosystem_derivative_borderline,medium,established_system_derivative_large_eco,"families ['Admin: Better Description Needed!', 'Components: Dice with Icons'] eco_size 21 + title 'Carcassonne: The Dice Game' contains fam + n_contained 0 n_version_tgt 0 ref_pen 0.0032 n_obs 897"
230751,Carcassonne für 2,2017.0,211,0.0007523969216217,"[""Game: Carcassonne"", ""Players: Two-Player Only Games"", ""Versions & Editions: Two-Player Versions of More-Player Games""]",21,0,0,True,ecosystem_derivative_borderline,medium,established_system_derivative_large_eco,"families ['Game: Carcassonne', 'Players: Two-Player Only Games'] eco_size 21 + title 'Carcassonne für 2' contains fam + n_contained 0 n_version_tgt 0 ref_pen 0.0008 n_obs 211"
285826,Ultra Tiny Epic Galaxies,2019.0,1255,0.0044678045774395,"[""Components: Dice with Icons"", ""Crowdfunding: Kickstarter"", ""Game: Tiny Epic Galaxies"", ""Players: Games with Solitaire Rules"", ""Series: Tiny Epic (Gamelyn Games/Tycoon Games)""]",19,0,0,True,ecosystem_derivative_borderline,medium,established_system_derivative_large_eco,"families ['Components: Dice with Icons', 'Crowdfunding: Kickstarter'] eco_size 19 + title 'Ultra Tiny Epic Galaxies' contains fam + n_contained 0 n_version_tgt 0 ref_pen 0.0045 n_obs 1255"
286447,Ultra Tiny Epic Kingdoms,2016.0,304,0.0010784355876578,"[""Crowdfunding: Giochistarter"", ""Crowdfunding: Kickstarter"", ""Mechanism: 4X"", ""Series: Tiny Epic (Gamelyn Games/Tycoon Games)"", ""Setting: Aughmoore""]",19,0,0,True,ecosystem_derivative_borderline,medium,established_system_derivative_large_eco,"families ['Crowdfunding: Giochistarter', 'Crowdfunding: Kickstarter'] eco_size 19 + title 'Ultra Tiny Epic Kingdoms' contains fam + n_contained 0 n_version_tgt 0 ref_pen 0.0011 n_obs 304"
318472,Blood Bowl: Second Season Edition,2020.0,963,0.0033893689897817,"[""Components: Miniatures"", ""Game: Blood Bowl"", ""Players: Two-Player Only Games"", ""Series: Specialist Games (Games Workshop)"", ""Setting: Warhammer Fantasy Board Games""]",19,0,0,True,ecosystem_derivative_borderline,medium,established_system_derivative_large_eco,"families ['Components: Miniatures', 'Game: Blood Bowl'] eco_size 19 + title 'Blood Bowl: Second Season Edition' contains fam + n_contained 0 n_version_tgt 0 ref_pen 0.0034 n_obs 963"
119890,Agricola: All Creatures Big and Small,2012.0,13726,0.0491530160368029,"[""Animals: Cattle / Cows"", ""Animals: Horses"", ""Animals: Pigs"", ""Animals: Sheep"", ""Category: Combinatorial""]",18,0,0,True,ecosystem_derivative_borderline,medium,established_system_derivative_large_eco,"families ['Animals: Cattle / Cows', 'Animals: Horses'] eco_size 18 + title 'Agricola: All Creatures Big and Small' contains fam + n_contained 0 n_version_tgt 0 ref_pen 0.0492 n_obs 13726"
129051,Le Havre: The Inland Port,2012.0,3689,0.0132135230806712,"[""Cities: Le Havre (France)"", ""Digital Implementations: Google Play"", ""Digital Implementations: Steam"", ""Game: Le Havre"", ""Players: Two-Player Only Games""]",17,0,0,True,ecosystem_derivative_borderline,medium,established_system_derivative_large_eco,"families ['Cities: Le Havre (France)', 'Digital Implementations: Google Play'] eco_size 17 + title 'Le Havre: The Inland Port' contains fam + n_contained 0 n_version_tgt 0 ref_pen 0.0132 n_obs 3689"
204583,Kingdomino,2016.0,48355,0.1728219900540292,"[""Category: DIZED Tutorial"", ""Components: 5 x 5 Grids"", ""Components: Non-Traditional Dominoes"", ""Components: Oversized Editions"", ""Components: Scoring pad""]",17,0,0,True,ecosystem_derivative_borderline,medium,established_system_derivative_large_eco,"families ['Category: DIZED Tutorial', 'Components: 5 x 5 Grids'] eco_size 17 + title 'Kingdomino' contains fam + n_contained 0 n_version_tgt 0 ref_pen 0.1728 n_obs 48355"
306697,Smash Up: Marvel,2021.0,532,0.0018809923040543,"[""Comic Books: Marvel Universe"", ""Game: Smash Up"", ""Versions & Editions: Versions with IP after the original release""]",17,0,0,True,ecosystem_derivative_borderline,medium,established_system_derivative_large_eco,"families ['Comic Books: Marvel Universe', 'Game: Smash Up'] eco_size 17 + title 'Smash Up: Marvel' contains fam + n_contained 0 n_version_tgt 0 ref_pen 0.0019 n_obs 532"
134520,Phantom Leader: Deluxe Edition,2013.0,533,0.0017197643922782,"[""Country: USA"", ""Players: Games with Solitaire Rules"", ""Players: Solitaire Only Games"", ""Players: Solitaire Only Wargames"", ""Players: Wargames with Solitaire Rules""]",16,0,0,True,ecosystem_derivative_borderline,medium,established_system_derivative_large_eco,"families ['Country: USA', 'Players: Games with Solitaire Rules'] eco_size 16 + title 'Phantom Leader: Deluxe Edition' contains fam + n_contained 0 n_version_tgt 0 ref_pen 0.0017 n_obs 533"
6272,Junior Stratego,1997.0,132,0.0004621866804247,"[""Animals: Dinosaurs"", ""Game: Stratego"", ""Players: Two-Player Only Games"", ""Series: De Efteling"", ""Versions & Editions: Junior Versions of Grown-Up Games""]",15,0,0,True,ecosystem_derivative_borderline,medium,established_system_derivative_large_eco,"families ['Animals: Dinosaurs', 'Game: Stratego'] eco_size 15 + title 'Junior Stratego' contains fam + n_contained 0 n_version_tgt 0 ref_pen 0.0005 n_obs 132"
130841,Stratego Card Game,2012.0,164,0.0005804204823939,"[""Game: Stratego"", ""Players: Two-Player Only Games"", ""Versions & Editions: Card Versions of Non-Card Games""]",15,0,0,True,ecosystem_derivative_borderline,medium,established_system_derivative_large_eco,"families ['Game: Stratego', 'Players: Two-Player Only Games'] eco_size 15 + title 'Stratego Card Game' contains fam + n_contained 0 n_version_tgt 0 ref_pen 0.0006 n_obs 164"
150658,Pandemic: The Cure,2014.0,10685,0.0381751866660934,"[""Components: Dice with Icons"", ""Game: Pandemic"", ""Medical: Diseases"", ""Occupation: Medic / Doctor / Nurses"", ""Occupation: Researcher / Scientist""]",15,0,0,True,ecosystem_derivative_borderline,medium,established_system_derivative_large_eco,"families ['Components: Dice with Icons', 'Game: Pandemic'] eco_size 15 + title 'Pandemic: The Cure' contains fam + n_contained 0 n_version_tgt 0 ref_pen 0.0382 n_obs 10685"
39210,Tier auf Tier: Das Duell,2008.0,235,0.0008419679837195,"[""Animals: Octopuses"", ""Animals: Squirrels / Chipmunks"", ""Animals: Tigers"", ""Components: Meeples (Animal) / Animeeples"", ""Game: Tier auf Tier""]",15,0,0,True,ecosystem_derivative_borderline,medium,established_system_derivative_large_eco,"families ['Animals: Octopuses', 'Animals: Squirrels / Chipmunks'] eco_size 15 + title 'Tier auf Tier: Das Duell' contains fam + n_contained 0 n_version_tgt 0 ref_pen 0.0008 n_obs 235"
15731,The Game of Life: Card Game,2002.0,183,0.0006449116471043,"[""Game: Game of Life"", ""Theme: My Best Life"", ""Versions & Editions: Card Versions of Non-Card Games""]",14,0,0,True,ecosystem_derivative_borderline,medium,established_system_derivative_large_eco,"families ['Game: Game of Life', 'Theme: My Best Life'] eco_size 14 + title 'The Game of Life: Card Game' contains fam + n_contained 0 n_version_tgt 0 ref_pen 0.0006 n_obs 183"
12875,Cranium Turbo Edition,2004.0,453,0.0015692850079539,"[""Components: Play Dough / Modeling Clay"", ""Game: Cranium""]",14,0,0,True,ecosystem_derivative_borderline,medium,established_system_derivative_large_eco,"families ['Components: Play Dough / Modeling Clay', 'Game: Cranium'] eco_size 14 + title 'Cranium Turbo Edition' contains fam + n_contained 0 n_version_tgt 0 ref_pen 0.0016 n_obs 453"
351817,Marvel Zombies: A Zombicide Game,2023.0,1950,0.0069113031514682,"[""Category: Dungeon Crawler"", ""Comic Books: Marvel Universe"", ""Components: Miniatures"", ""Creatures: Zombies"", ""Crowdfunding: Kickstarter""]",14,0,0,True,ecosystem_derivative_borderline,medium,established_system_derivative_large_eco,"families ['Category: Dungeon Crawler', 'Comic Books: Marvel Universe'] eco_size 14 + title 'Marvel Zombies: A Zombicide Game' contains fam + n_contained 0 n_version_tgt 0 ref_pen 0.0069 n_obs 1950"
193141,The Game of Life Junior,2014.0,121,0.0004227754131017,"[""Game: Game of Life"", ""Versions & Editions: Junior Versions of Grown-Up Games""]",14,0,0,True,ecosystem_derivative_borderline,medium,established_system_derivative_large_eco,"families ['Game: Game of Life', 'Versions & Editions: Junior Versions of Grown-Up Games'] eco_size 14 + title 'The Game of Life Junior' contains fam + n_contained 0 n_version_tgt 0 ref_pen 0.0004 n_obs 121"
104527,The Game of Life Adventure Edition,2011.0,122,0.0004227754131017,"[""Game: Game of Life""]",14,0,0,True,ecosystem_derivative_borderline,medium,established_system_derivative_large_eco,families ['Game: Game of Life'] eco_size 14 + title 'The Game of Life Adventure Edition' contains fam + n_contained 0 n_version_tgt 0 ref_pen 0.0004 n_obs 122
364792,Zombicide: Gear Up,2022.0,612,0.0021783682302191,"[""Game: Zombicide"", ""Mechanism: Flip-and-Write"", ""Players: Games with Solitaire Rules"", ""Versions & Editions: Roll- or Flip-and-Write Versions of Non-Writing Games""]",14,0,0,True,ecosystem_derivative_borderline,medium,established_system_derivative_large_eco,"families ['Game: Zombicide', 'Mechanism: Flip-and-Write'] eco_size 14 + title 'Zombicide: Gear Up' contains fam + n_contained 0 n_version_tgt 0 ref_pen 0.0022 n_obs 612"
346143,The Game of Life: Super Mario Edition,2021.0,184,0.0006377459621365,"[""Game: Game of Life"", ""Video Game Theme: Nintendo"", ""Video Game Theme: Super Mario Bros.""]",14,0,0,True,ecosystem_derivative_borderline,medium,established_system_derivative_large_eco,"families ['Game: Game of Life', 'Video Game Theme: Nintendo'] eco_size 14 + title 'The Game of Life: Super Mario Edition' contains fam + n_contained 0 n_version_tgt 0 ref_pen 0.0006 n_obs 184"
204069,Cranium Dark,2016.0,151,0.0005374263725869,"[""Components: Play Dough / Modeling Clay"", ""Game: Cranium"", ""Versions & Editions: Adult Versions of Family-Friendly Games""]",14,0,0,True,ecosystem_derivative_borderline,medium,established_system_derivative_large_eco,"families ['Components: Play Dough / Modeling Clay', 'Game: Cranium'] eco_size 14 + title 'Cranium Dark' contains fam + n_contained 0 n_version_tgt 0 ref_pen 0.0005 n_obs 151"
264164,Night of the Living Dead: A Zombicide Game,2021.0,1051,0.0036795792309786,"[""Category: Tower Defense"", ""Components: Miniatures"", ""Country: USA"", ""Creatures: Zombies"", ""Crowdfunding: Kickstarter""]",14,0,0,True,ecosystem_derivative_borderline,medium,established_system_derivative_large_eco,"families ['Category: Tower Defense', 'Components: Miniatures'] eco_size 14 + title 'Night of the Living Dead: A Zombicide Ga' contains fam + n_contained 0 n_version_tgt 0 ref_pen 0.0037 n_obs 1051"
109276,Kanban: Driver's Edition,2014.0,6852,0.0245317224873525,"[""Crowdfunding: Giochistarter"", ""Digital Implementations: Boiteajeux"", ""Digital Implementations: Tabletopia"", ""Game: Kanban"", ""Series: Castle Line (Stronghold)""]",13,0,0,True,ecosystem_derivative_borderline,medium,established_system_derivative_large_eco,"families ['Crowdfunding: Giochistarter', 'Digital Implementations: Boiteajeux'] eco_size 13 + title 'Kanban: Driver's Edition' contains fam + n_contained 0 n_version_tgt 0 ref_pen 0.0245 n_obs 6852"
66797,Heckmeck Junior,2010.0,400,0.0014223884661134,"[""Animals: Worms"", ""Series: Heckmeck"", ""Series: The Chicken Family of Zoch"", ""Versions & Editions: Junior Versions of Grown-Up Games""]",13,0,0,True,ecosystem_derivative_borderline,medium,established_system_derivative_large_eco,"families ['Animals: Worms', 'Series: Heckmeck'] eco_size 13 + title 'Heckmeck Junior' contains fam + n_contained 0 n_version_tgt 0 ref_pen 0.0014 n_obs 400"
171419,My First Bohnanza,2015.0,236,0.0008419679837195,"[""Game: Bohnanza"", ""Versions & Editions: Junior Versions of Grown-Up Games""]",13,0,0,True,ecosystem_derivative_borderline,medium,established_system_derivative_large_eco,"families ['Game: Bohnanza', 'Versions & Editions: Junior Versions of Grown-Up Games'] eco_size 13 + title 'My First Bohnanza' contains fam + n_contained 0 n_version_tgt 0 ref_pen 0.0008 n_obs 236"
205867,Bohnanza: The Duel,2016.0,1753,0.0062628086618799,"[""Digital Implementations: Google Play"", ""Digital Implementations: Steam"", ""Game: Bohnanza"", ""Players: Two-Player Only Games"", ""Versions & Editions: Two-Player Versions of More-Player Games""]",13,0,0,True,ecosystem_derivative_borderline,medium,established_system_derivative_large_eco,"families ['Digital Implementations: Google Play', 'Digital Implementations: Steam'] eco_size 13 + title 'Bohnanza: The Duel' contains fam + n_contained 0 n_version_tgt 0 ref_pen 0.0063 n_obs 1753"
111148,Würfel Bohnanza,2012.0,2210,0.0078894191495765,"[""Components: Color Dice"", ""Components: Dice with Icons"", ""Components: Multi-Use Cards"", ""Food & Drink: Vegetables"", ""Game: Bohnanza""]",13,0,0,True,ecosystem_derivative_borderline,medium,established_system_derivative_large_eco,"families ['Components: Color Dice', 'Components: Dice with Icons'] eco_size 13 + title 'Würfel Bohnanza' contains fam + n_contained 0 n_version_tgt 0 ref_pen 0.0079 n_obs 2210"
245200,Heckmeck Deluxe,2018.0,848,0.0030239190564226,"[""Animals: Chickens / Roosters"", ""Animals: Worms"", ""Components: Meeples (Animal) / Animeeples"", ""Series: Heckmeck"", ""Series: The Chicken Family of Zoch""]",13,0,0,True,ecosystem_derivative_borderline,medium,established_system_derivative_large_eco,"families ['Animals: Chickens / Roosters', 'Animals: Worms'] eco_size 13 + title 'Heckmeck Deluxe' contains fam + n_contained 0 n_version_tgt 0 ref_pen 0.0030 n_obs 848"
348870,Heckmeck am Karteneck,2021.0,209,0.0007452312366539,"[""Animals: Chickens / Roosters"", ""Animals: Worms"", ""Digital Implementations: Tabletopia"", ""Series: Heckmeck"", ""Series: The Chicken Family of Zoch""]",13,0,0,True,ecosystem_derivative_borderline,medium,established_system_derivative_large_eco,"families ['Animals: Chickens / Roosters', 'Animals: Worms'] eco_size 13 + title 'Heckmeck am Karteneck' contains fam + n_contained 0 n_version_tgt 0 ref_pen 0.0007 n_obs 209"
368093,Bohnanza: Das Würfelspiel,2022.0,117,0.0004191925706178,"[""Components: Color Dice"", ""Components: Dice with Icons"", ""Components: Multi-Use Cards"", ""Food & Drink: Vegetables"", ""Game: Bohnanza""]",13,0,0,True,ecosystem_derivative_borderline,medium,established_system_derivative_large_eco,"families ['Components: Color Dice', 'Components: Dice with Icons'] eco_size 13 + title 'Bohnanza: Das Würfelspiel' contains fam + n_contained 0 n_version_tgt 0 ref_pen 0.0004 n_obs 117"
244795,Lost Cities: To Go,2018.0,310,0.0011070983275291,"[""Admin: Better Description Needed!"", ""Game: Lost Cities"", ""Players: Two-Player Only Games"", ""Theme: Archaeology / Paleontology"", ""Versions & Editions: Travel Versions of Non-Travel Games""]",12,0,0,True,ecosystem_derivative_borderline,medium,established_system_derivative_large_eco,"families ['Admin: Better Description Needed!', 'Game: Lost Cities'] eco_size 12 + title 'Lost Cities: To Go' contains fam + n_contained 0 n_version_tgt 0 ref_pen 0.0011 n_obs 310"
85424,La Bataille de la Moscowa (Third Edition),2011.0,162,0.0004120268856499,"[""Cities: Borodino (Russia)"", ""Cities: Moscow (Russia)"", ""Country: Russia"", ""Series: La Bataille (Marshal Enterprises / Clash of Arms Games)""]",12,0,0,True,ecosystem_derivative_borderline,medium,established_system_derivative_large_eco,"families ['Cities: Borodino (Russia)', 'Cities: Moscow (Russia)'] eco_size 12 + title 'La Bataille de la Moscowa (Third Edition' contains fam + n_contained 0 n_version_tgt 0 ref_pen 0.0004 n_obs 162"
40958,6 nimmt! Junior,2009.0,225,0.0008025567163965,"[""Game: 6 nimmt!"", ""Misc: Lowest Score Wins"", ""Versions & Editions: Junior Versions of Grown-Up Games""]",12,0,0,True,ecosystem_derivative_borderline,medium,established_system_derivative_large_eco,"families ['Game: 6 nimmt!', 'Misc: Lowest Score Wins'] eco_size 12 + title '6 nimmt! Junior' contains fam + n_contained 0 n_version_tgt 0 ref_pen 0.0008 n_obs 225"
327831,Lost Cities: Roll & Write,2021.0,1154,0.0041274345414678,"[""Game: Lost Cities"", ""Mechanism: Roll-and-Write"", ""Theme: Archaeology / Paleontology"", ""Versions & Editions: Dice Versions of Non-Dice Games"", ""Versions & Editions: Roll- or Flip-and-Write Versions of Non-Writing Games""]",12,0,0,True,ecosystem_derivative_borderline,medium,established_system_derivative_large_eco,"families ['Game: Lost Cities', 'Mechanism: Roll-and-Write'] eco_size 12 + title 'Lost Cities: Roll & Write' contains fam + n_contained 0 n_version_tgt 0 ref_pen 0.0041 n_obs 1154"
283935,Lost Cities: Auf Schatzsuche,2019.0,157,0.0005625062699743,"[""Components: Dice with Icons"", ""Game: Lost Cities"", ""Versions & Editions: Dice Versions of Non-Dice Games""]",12,0,0,True,ecosystem_derivative_borderline,medium,established_system_derivative_large_eco,"families ['Components: Dice with Icons', 'Game: Lost Cities'] eco_size 12 + title 'Lost Cities: Auf Schatzsuche' contains fam + n_contained 0 n_version_tgt 0 ref_pen 0.0006 n_obs 157"
304285,Infinity Gauntlet: A Love Letter Game,2020.0,3495,0.0124969545838886,"[""Comic Books: Marvel Universe"", ""Containers: Drawstring Bag"", ""Game: Love Letter"", ""Misc: Watch It Played How To Videos"", ""Players: One versus Many""]",11,0,0,True,ecosystem_derivative_borderline,medium,established_system_derivative_large_eco,"families ['Comic Books: Marvel Universe', 'Containers: Drawstring Bag'] eco_size 11 + title 'Infinity Gauntlet: A Love Letter Game' contains fam + n_contained 0 n_version_tgt 0 ref_pen 0.0125 n_obs 3495"
339905,Love Letter: Princess Princess Ever After,2021.0,347,0.0012289149719821,"[""Game: Love Letter"", ""Theme: LGBTQIA"", ""Theme: Love / Romance"", ""Versions & Editions: Versions with IP after the original release""]",11,0,0,True,ecosystem_derivative_borderline,medium,established_system_derivative_large_eco,"families ['Game: Love Letter', 'Theme: LGBTQIA'] eco_size 11 + title 'Love Letter: Princess Princess Ever Afte' contains fam + n_contained 0 n_version_tgt 0 ref_pen 0.0012 n_obs 347"
353470,Star Wars: Jabba's Palace – A Love Letter Game,2022.0,2918,0.0104296544706708,"[""Containers: Drawstring Bag"", ""Game: Love Letter"", ""Movies: Star Wars"", ""Versions & Editions: Versions with IP after the original release""]",11,0,0,True,ecosystem_derivative_borderline,medium,established_system_derivative_large_eco,"families ['Containers: Drawstring Bag', 'Game: Love Letter'] eco_size 11 + title 'Star Wars: Jabba's Palace – A Love Lette' contains fam + n_contained 0 n_version_tgt 0 ref_pen 0.0104 n_obs 2918"
7118,Ace of Aces: Handy Rotary Deluxe Edition,1986.0,339,0.0011178468549808,"[""Misc: No Table Needed"", ""Occupation: Aviator"", ""Players: Two-Player Only Games"", ""Series: Ace of Aces (Nova Game Designs)"", ""Series: Ace of Aces WWI (Nova Game Designs)""]",11,0,0,True,ecosystem_derivative_borderline,medium,established_system_derivative_large_eco,"families ['Misc: No Table Needed', 'Occupation: Aviator'] eco_size 11 + title 'Ace of Aces: Handy Rotary Deluxe Edition' contains fam + n_contained 0 n_version_tgt 0 ref_pen 0.0011 n_obs 339"
24321,Panzer Grenadier: Airborne – Introductory Edition,2006.0,163,0.0004765180503604,"[""Players: Two-Player Only Games"", ""Players: Wargames with Rules Supporting Only Two Players"", ""Series: Panzer Grenadier (Avalanche)""]",11,0,0,True,ecosystem_derivative_borderline,medium,established_system_derivative_large_eco,"families ['Players: Two-Player Only Games', 'Players: Wargames with Rules Supporting Only Two Players'] eco_size 11 + title 'Panzer Grenadier: Airborne – Introductor' contains fam + n_contained 0 n_version_tgt 0 ref_pen 0.0005 n_obs 163"
33451,The Red Dragon Inn 2,2008.0,3190,0.011285953824326,"[""Game: The Red Dragon Inn"", ""Versions & Editions: Sequels""]",11,0,0,True,ecosystem_derivative_borderline,medium,established_system_derivative_large_eco,"families ['Game: The Red Dragon Inn', 'Versions & Editions: Sequels'] eco_size 11 + title 'The Red Dragon Inn 2' contains fam + n_contained 0 n_version_tgt 0 ref_pen 0.0113 n_obs 3190"
6994,Scrabble Card Game,1997.0,321,0.0011285953824326,"[""Game: Scrabble"", ""Versions & Editions: Card Versions of Non-Card Games""]",11,0,0,True,ecosystem_derivative_borderline,medium,established_system_derivative_large_eco,"families ['Game: Scrabble', 'Versions & Editions: Card Versions of Non-Card Games'] eco_size 11 + title 'Scrabble Card Game' contains fam + n_contained 0 n_version_tgt 0 ref_pen 0.0011 n_obs 321"
5336,Talisman (Third Edition),1994.0,1580,0.0054280063631282,"[""Game: Talisman"", ""Theme: Wizards""]",10,0,0,True,ecosystem_derivative_borderline,medium,established_system_derivative_large_eco,"families ['Game: Talisman', 'Theme: Wizards'] eco_size 10 + title 'Talisman (Third Edition)' contains fam + n_contained 0 n_version_tgt 0 ref_pen 0.0054 n_obs 1580"
274690,Talisman: Batman – Super-Villains Edition,2019.0,319,0.0011178468549808,"[""Comic Books: Batman"", ""Comic Books: DC Universe"", ""Components: Miniatures"", ""Game: Talisman"", ""Theme: Superheroes""]",10,0,0,True,ecosystem_derivative_borderline,medium,established_system_derivative_large_eco,"families ['Comic Books: Batman', 'Comic Books: DC Universe'] eco_size 10 + title 'Talisman: Batman – Super-Villains Editio' contains fam + n_contained 0 n_version_tgt 0 ref_pen 0.0011 n_obs 319"
118568,Ubongo! Junior,2012.0,265,0.000945870415753,"[""Characters: Bamse"", ""Components: Gems/Crystals"", ""Components: Sand Timers"", ""Game: Ubongo"", ""Versions & Editions: Junior Versions of Grown-Up Games""]",10,0,0,True,ecosystem_derivative_borderline,medium,established_system_derivative_large_eco,"families ['Characters: Bamse', 'Components: Gems/Crystals'] eco_size 10 + title 'Ubongo! Junior' contains fam + n_contained 0 n_version_tgt 0 ref_pen 0.0009 n_obs 265"
3845,Yahtzee Jr.,1988.0,478,0.0016516903850839,"[""Animals: Bears"", ""Animals: Dogs"", ""Animals: Elephants"", ""Animals: Mice"", ""Animals: Turtles""]",10,0,0,True,ecosystem_derivative_borderline,medium,established_system_derivative_large_eco,"families ['Animals: Bears', 'Animals: Dogs'] eco_size 10 + title 'Yahtzee Jr.' contains fam + n_contained 0 n_version_tgt 0 ref_pen 0.0017 n_obs 478"
8432,Sorry! The Disney Edition,2001.0,211,0.0007165684967826,"[""Brands: Disney"", ""Game: Sorry!"", ""Traditional Games: Pachisi / Ludo"", ""TV Shows: SpongeBob SquarePants""]",10,0,0,True,ecosystem_derivative_borderline,medium,established_system_derivative_large_eco,"families ['Brands: Disney', 'Game: Sorry!'] eco_size 10 + title 'Sorry! The Disney Edition' contains fam + n_contained 0 n_version_tgt 0 ref_pen 0.0007 n_obs 211"
93472,Ubongo: Das Kartenspiel,2011.0,225,0.0008061395588804,"[""Game: Ubongo"", ""Versions & Editions: Card Versions of Non-Card Games""]",10,0,0,True,ecosystem_derivative_borderline,medium,established_system_derivative_large_eco,"families ['Game: Ubongo', 'Versions & Editions: Card Versions of Non-Card Games'] eco_size 10 + title 'Ubongo: Das Kartenspiel' contains fam + n_contained 0 n_version_tgt 0 ref_pen 0.0008 n_obs 225"
275067,Key Market (Second Edition),2019.0,372,0.0013328174040156,"[""Crowdfunding: Kickstarter"", ""Digital Implementations: Tabletopia"", ""Series: Key (Richard Breese)""]",10,0,0,True,ecosystem_derivative_borderline,medium,established_system_derivative_large_eco,"families ['Crowdfunding: Kickstarter', 'Digital Implementations: Tabletopia'] eco_size 10 + title 'Key Market (Second Edition)' contains fam + n_contained 0 n_version_tgt 0 ref_pen 0.0013 n_obs 372"
257499,Arkham Horror (Third Edition),2018.0,9051,0.0323208220473795,"[""Components: Standees"", ""Game: Arkham Horror"", ""Game: Arkham Horror (Third Edition)"", ""Players: Games with Solitaire Rules"", ""Series: Arkham Horror Files (Fantasy Flight Games)""]",10,0,0,True,ecosystem_derivative_borderline,medium,established_system_derivative_large_eco,"families ['Components: Standees', 'Game: Arkham Horror'] eco_size 10 + title 'Arkham Horror (Third Edition)' contains fam + n_contained 0 n_version_tgt 0 ref_pen 0.0323 n_obs 9051"
229632,Unlock!: Escape Adventures – Fifth Avenue,2017.0,647,0.0022858535047365,"[""Category: Escape Room Games"", ""Cities: Chicago (Illinois, USA)"", ""Components: Digital Hybrid \u2013 App/Website Required"", ""Decades: The 1930's"", ""Series: Free PnP during 2019-2020 COVID-19 Pandemic (Asmodee)""]",47,0,1,True,ecosystem_derivative_hard,high,established_system_derivative_large_eco,"families ['Category: Escape Room Games', 'Cities: Chicago (Illinois, USA)'] eco_size 47 + title 'Unlock!: Escape Adventures – Fifth Avenu' contains fam + n_contained 0 n_version_tgt 1 ref_pen 0.0023 n_obs 647"
152959,The Settlers of Catan,2008.0,1157,0.0041274345414678,"[""Game: Catan""]",40,1,0,True,ecosystem_derivative_hard,high,established_system_derivative_large_eco,families ['Game: Catan'] eco_size 40 + title 'The Settlers of Catan' contains fam + n_contained 1 n_version_tgt 0 ref_pen 0.0041 n_obs 1157
190553,Munchkin 1+2,2010.0,160,0.0005589234274904,"[""Game: Munchkin""]",39,1,0,True,ecosystem_derivative_hard,high,established_system_derivative_large_eco,families ['Game: Munchkin'] eco_size 39 + title 'Munchkin 1+2' contains fam + n_contained 1 n_version_tgt 0 ref_pen 0.0006 n_obs 160
112869,Munchkin Apocalypse,2012.0,1599,0.0055963999598721,"[""Game: Munchkin""]",39,0,1,True,ecosystem_derivative_hard,high,established_system_derivative_large_eco,families ['Game: Munchkin'] eco_size 39 + title 'Munchkin Apocalypse' contains fam + n_contained 0 n_version_tgt 1 ref_pen 0.0056 n_obs 1599
20589,Trivial Pursuit: DVD – Pop Culture 2,2005.0,166,0.0005625062699743,"[""Components: DVDs"", ""Game: Trivial Pursuit""]",37,0,1,True,ecosystem_derivative_hard,high,established_system_derivative_large_eco,"families ['Components: DVDs', 'Game: Trivial Pursuit'] eco_size 37 + title 'Trivial Pursuit: DVD – Pop Culture 2' contains fam + n_contained 0 n_version_tgt 1 ref_pen 0.0006 n_obs 166"
343322,Exit: The Game – Advent Calendar: The Hunt for the Golden Book,2021.0,830,0.0029450965217765,"[""Category: Escape Room Games"", ""Holidays: Christmas"", ""Misc: Advent / Christmas / Jule calendar game"", ""Misc: Limited Replayability"", ""Series: EXIT The Game \u2013 Advent Calendar (KOSMOS)""]",36,0,1,True,ecosystem_derivative_hard,high,established_system_derivative_large_eco,"families ['Category: Escape Room Games', 'Holidays: Christmas'] eco_size 36 + title 'Exit: The Game – Advent Calendar: The Hu' contains fam + n_contained 0 n_version_tgt 1 ref_pen 0.0029 n_obs 830"
63268,Spot it!,2009.0,19482,0.0691524427820055,"[""Books: Harry Potter"", ""Brands: Disney"", ""Characters: Smurfs"", ""Characters: Stitch"", ""Cities: San Francisco (California, USA)""]",29,0,1,True,ecosystem_derivative_hard,high,established_system_derivative_large_eco,"families ['Books: Harry Potter', 'Brands: Disney'] eco_size 29 + title 'Spot it!' contains fam + n_contained 0 n_version_tgt 1 ref_pen 0.0692 n_obs 19482"
24318,UNO Spin,2005.0,442,0.0015155423706952,"[""Game: UNO"", ""Series: To Go! games (Mattel)""]",28,0,1,True,ecosystem_derivative_hard,high,established_system_derivative_large_eco,"families ['Game: UNO', 'Series: To Go! games (Mattel)'] eco_size 28 + title 'UNO Spin' contains fam + n_contained 0 n_version_tgt 1 ref_pen 0.0015 n_obs 442"
29839,Key Harvest,2007.0,1824,0.0065279390056895,"[""Digital Implementations: Yucata"", ""Series: Key (Richard Breese)"", ""Series: Master Print (Quined)""]",26,0,1,True,ecosystem_derivative_hard,high,established_system_derivative_large_eco,"families ['Digital Implementations: Yucata', 'Series: Key (Richard Breese)'] eco_size 26 + title 'Key Harvest' contains fam + n_contained 0 n_version_tgt 1 ref_pen 0.0065 n_obs 1824"
41010,My First Carcassonne,2009.0,4390,0.0155531192226664,"[""Cities: Carcassonne (France)"", ""Game: Carcassonne"", ""Versions & Editions: Junior Versions of Grown-Up Games""]",21,0,1,True,ecosystem_derivative_hard,high,established_system_derivative_large_eco,"families ['Cities: Carcassonne (France)', 'Game: Carcassonne'] eco_size 21 + title 'My First Carcassonne' contains fam + n_contained 0 n_version_tgt 1 ref_pen 0.0156 n_obs 4390"
27364,Caylus Magna Carta,2007.0,4985,0.0178425555698869,"[""Game: Caylus"", ""Series: Ystari originals"", ""Versions & Editions: Card Versions of Non-Card Games""]",20,0,1,True,ecosystem_derivative_hard,high,established_system_derivative_large_eco,"families ['Game: Caylus', 'Series: Ystari originals'] eco_size 20 + title 'Caylus Magna Carta' contains fam + n_contained 0 n_version_tgt 1 ref_pen 0.0178 n_obs 4985"
108687,Puerto Rico,2011.0,5629,0.0201391576020751,"[""Country: Puerto Rico"", ""Game: Puerto Rico"", ""Mechanism: Tableau Building"", ""Series: Alea Big Box"", ""Theme: Colonial""]",19,1,0,True,ecosystem_derivative_hard,high,established_system_derivative_large_eco,"families ['Country: Puerto Rico', 'Game: Puerto Rico'] eco_size 19 + title 'Puerto Rico' contains fam + n_contained 1 n_version_tgt 0 ref_pen 0.0201 n_obs 5629"
155708,Tiny Epic Defenders,2015.0,2883,0.0102469295039912,"[""Category: DIZED Tutorial"", ""Category: Tower Defense"", ""Crowdfunding: Giochistarter"", ""Crowdfunding: Kickstarter"", ""Digital Implementations: TableTop Simulator Mod (TTS)""]",19,0,1,True,ecosystem_derivative_hard,high,established_system_derivative_large_eco,"families ['Category: DIZED Tutorial', 'Category: Tower Defense'] eco_size 19 + title 'Tiny Epic Defenders' contains fam + n_contained 0 n_version_tgt 1 ref_pen 0.0102 n_obs 2883"
165332,Puerto Rico,2007.0,117,0.0004191925706178,"[""Country: Puerto Rico"", ""Game: Puerto Rico"", ""Mechanism: Tableau Building"", ""Series: Alea Big Box"", ""Theme: Colonial""]",19,1,0,True,ecosystem_derivative_hard,high,established_system_derivative_large_eco,"families ['Country: Puerto Rico', 'Game: Puerto Rico'] eco_size 19 + title 'Puerto Rico' contains fam + n_contained 1 n_version_tgt 0 ref_pen 0.0004 n_obs 117"
191579,Teenage Mutant Ninja Turtles Dice Masters,2016.0,359,0.0012719090817891,"[""Animals: Turtles"", ""Collectible: Collectible Dice Games"", ""Comic Books: Teenage Mutant Ninja Turtles"", ""Game: Dice Masters"", ""Series: Quarriors Pool Building system""]",18,0,1,True,ecosystem_derivative_hard,high,established_system_derivative_large_eco,"families ['Animals: Turtles', 'Collectible: Collectible Dice Games'] eco_size 18 + title 'Teenage Mutant Ninja Turtles Dice Master' contains fam + n_contained 0 n_version_tgt 1 ref_pen 0.0013 n_obs 359"
359999,Agricola 15,2022.0,440,0.0015764506929217,"[""Components: Meeples (Animal) / Animeeples"", ""Components: Wooden pieces & boards"", ""Game: Agricola"", ""Mechanism: Tableau Building"", ""Players: Games with expansions that change player count""]",18,1,0,True,ecosystem_derivative_hard,high,established_system_derivative_large_eco,"families ['Components: Meeples (Animal) / Animeeples', 'Components: Wooden pieces & boards'] eco_size 18 + title 'Agricola 15' contains fam + n_contained 1 n_version_tgt 0 ref_pen 0.0016 n_obs 440"
326936,Unmatched: Teen Spirit,2023.0,521,0.0017985869269243,"[""Category: Two-Player Fighting Games"", ""Comic Books: Marvel Universe"", ""Components: Miniatures"", ""Components: Multi-Use Cards"", ""Game: Unmatched""]",18,0,1,True,ecosystem_derivative_hard,high,established_system_derivative_large_eco,"families ['Category: Two-Player Fighting Games', 'Comic Books: Marvel Universe'] eco_size 18 + title 'Unmatched: Teen Spirit' contains fam + n_contained 0 n_version_tgt 1 ref_pen 0.0018 n_obs 521"
266964,Dice Throne: Season Two – Seraph v. Vampire Lord,2018.0,1032,0.0036580821760752,"[""Components: Game Trayz Inside"", ""Crowdfunding: Kickstarter"", ""Game: Dice Throne"", ""Players: Two-Player Only Games""]",17,0,1,True,ecosystem_derivative_hard,high,established_system_derivative_large_eco,"families ['Components: Game Trayz Inside', 'Crowdfunding: Kickstarter'] eco_size 17 + title 'Dice Throne: Season Two – Seraph v. Vamp' contains fam + n_contained 0 n_version_tgt 1 ref_pen 0.0037 n_obs 1032"
187353,Marvel Dice Masters: Civil War,2016.0,482,0.0017125987073104,"[""Collectible: Collectible Dice Games"", ""Comic Books: Marvel Universe"", ""Game: Dice Masters"", ""Players: Two-Player Only Games""]",17,0,1,True,ecosystem_derivative_hard,high,established_system_derivative_large_eco,"families ['Collectible: Collectible Dice Games', 'Comic Books: Marvel Universe'] eco_size 17 + title 'Marvel Dice Masters: Civil War' contains fam + n_contained 0 n_version_tgt 1 ref_pen 0.0017 n_obs 482"
331224,Zombicide: Undead or Alive,2022.0,1198,0.0041955085486621,"[""Admin: Better Description Needed!"", ""Category: Dungeon Crawler"", ""Components: Miniatures"", ""Continents: North America"", ""Country: Mexico""]",14,0,1,True,ecosystem_derivative_hard,high,established_system_derivative_large_eco,"families ['Admin: Better Description Needed!', 'Category: Dungeon Crawler'] eco_size 14 + title 'Zombicide: Undead or Alive' contains fam + n_contained 0 n_version_tgt 1 ref_pen 0.0042 n_obs 1198"
168421,Bohnanza: Ladies & Gangsters,2015.0,211,0.0007488140791378,"[""Game: Bohnanza""]",13,1,0,True,ecosystem_derivative_hard,high,established_system_derivative_large_eco,families ['Game: Bohnanza'] eco_size 13 + title 'Bohnanza: Ladies & Gangsters' contains fam + n_contained 1 n_version_tgt 0 ref_pen 0.0007 n_obs 211
25417,BattleLore,2006.0,9024,0.0320306118061825,"[""Components: Dice with Icons"", ""Components: Miniatures"", ""Digital Implementations: VASSAL"", ""Game: BattleLore"", ""Game: BattleLore (First Edition)""]",13,0,1,True,ecosystem_derivative_hard,high,established_system_derivative_large_eco,"families ['Components: Dice with Icons', 'Components: Miniatures'] eco_size 13 + title 'BattleLore' contains fam + n_contained 0 n_version_tgt 1 ref_pen 0.0320 n_obs 9024"
24310,The Red Dragon Inn,2007.0,8563,0.0303287616263238,"[""Game: The Red Dragon Inn""]",11,0,1,True,ecosystem_derivative_hard,high,established_system_derivative_large_eco,families ['Game: The Red Dragon Inn'] eco_size 11 + title 'The Red Dragon Inn' contains fam + n_contained 0 n_version_tgt 1 ref_pen 0.0303 n_obs 8563
255658,Talisman: Legendary Tales,2018.0,415,0.0014617997334365,"[""Game: Talisman"", ""Misc: LongPack Games""]",10,0,1,True,ecosystem_derivative_hard,high,established_system_derivative_large_eco,"families ['Game: Talisman', 'Misc: LongPack Games'] eco_size 10 + title 'Talisman: Legendary Tales' contains fam + n_contained 0 n_version_tgt 1 ref_pen 0.0015 n_obs 415"
31479,Ubongo Extreme,2007.0,1452,0.0051915387591899,"[""Components: Gems/Crystals"", ""Components: Sand Timers"", ""Game: Ubongo""]",10,0,1,True,ecosystem_derivative_hard,high,established_system_derivative_large_eco,"families ['Components: Gems/Crystals', 'Components: Sand Timers'] eco_size 10 + title 'Ubongo Extreme' contains fam + n_contained 0 n_version_tgt 1 ref_pen 0.0052 n_obs 1452"
198953,Pax Renaissance,2016.0,2407,0.0085773249064878,"[""Cities: Venice (Veneto, Italy)"", ""History: Holy Roman Empire"", ""Mechanism: Tableau Building"", ""Misc: LongPack Games"", ""Series: Pax""]",9,0,0,True,ecosystem_derivative_borderline,borderline,medium_eco_hobby_penetration,eco 9 + ref_pen 0.0086 suggests hobby-known despite low n
1258,Phase 10,1982.0,10659,0.0374012926895682,"[""Card Games: Draw and Discard"", ""Card Games: Exchange"", ""Containers: Tin/Metal Box"", ""Game: Phase 10"", ""Misc: Lowest Score Wins""]",9,0,0,True,ecosystem_derivative_borderline,borderline,medium_eco_hobby_penetration,eco 9 + ref_pen 0.0374 suggests hobby-known despite low n
963,The Gardens of the Alhambra,1993.0,1372,0.0049049113604769,"[""Cities: Granada (Andalusia, Spain)"", ""Game: Alhambra"", ""Theme: Gardening""]",9,0,0,True,ecosystem_derivative_borderline,borderline,medium_eco_hobby_penetration,eco 9 + ref_pen 0.0049 suggests hobby-known despite low n
9674,Ingenious,2004.0,17206,0.0613740917494303,"[""Components: HexHex8 Grids"", ""Game: Ingenious"", ""Misc: Mensa Select"", ""Players: Games with expansions that change player count"", ""Players: Games with Solitaire Rules""]",9,0,0,True,ecosystem_derivative_borderline,borderline,medium_eco_hobby_penetration,eco 9 + ref_pen 0.0614 suggests hobby-known despite low n
155255,Pax Pamir,2015.0,1265,0.0045215472146982,"[""Country: Afghanistan"", ""Country: Russia"", ""Country: United Kingdom"", ""Game: Pax Pamir"", ""History: Anglo-Afghan Wars""]",9,0,0,True,ecosystem_derivative_borderline,borderline,medium_eco_hobby_penetration,eco 9 + ref_pen 0.0045 suggests hobby-known despite low n
303954,Pax Viking,2021.0,1182,0.0042134227610817,"[""Components: Map (Continental / National scale)"", ""Crowdfunding: Kickstarter"", ""Digital Implementations: TableTop Simulator Mod (TTS)"", ""Digital Implementations: Tabletopia"", ""History: Viking Expansion""]",9,0,0,True,ecosystem_derivative_borderline,borderline,medium_eco_hobby_penetration,eco 9 + ref_pen 0.0042 suggests hobby-known despite low n
61470,Phase 10 Master,2008.0,715,0.0025438181635782,"[""Game: Phase 10"", ""Series: Kartenspiele (Ravensburger)""]",9,0,0,True,ecosystem_derivative_borderline,borderline,medium_eco_hobby_penetration,eco 9 + ref_pen 0.0025 suggests hobby-known despite low n
6249,Alhambra,2003.0,33580,0.1199750634163119,"[""Cities: Granada (Andalusia, Spain)"", ""Country: Spain"", ""Crowdfunding: Kickstarter"", ""Digital Implementations: Board Game Arena"", ""Digital Implementations: Boiteajeux""]",9,0,0,True,ecosystem_derivative_borderline,borderline,medium_eco_hobby_penetration,eco 9 + ref_pen 0.1200 suggests hobby-known despite low n
245928,Pax Emancipation,2018.0,650,0.0023109334021239,"[""Components: Map (Global Scale)"", ""Series: Pax"", ""Theme: Alternate History""]",9,0,0,True,ecosystem_derivative_borderline,borderline,medium_eco_hobby_penetration,eco 9 + ref_pen 0.0023 suggests hobby-known despite low n
10681,Apples to Apples Junior,2002.0,1199,0.0041883428636943,"[""Game: Apples to Apples"", ""Mechanism: Judging Games"", ""Versions & Editions: Junior Versions of Grown-Up Games""]",9,0,0,True,ecosystem_derivative_borderline,borderline,medium_eco_hobby_penetration,eco 9 + ref_pen 0.0042 suggests hobby-known despite low n
431,Alhambra: The Card Game,1992.0,1052,0.003747653238173,"[""Cities: Bonn (North Rhine-Westphalia, Germany)"", ""Cities: Granada (Andalusia, Spain)"", ""Cities: New York (New York, USA)"", ""Country: Belgium"", ""Country: Netherlands""]",9,0,0,True,ecosystem_derivative_borderline,borderline,medium_eco_hobby_penetration,eco 9 + ref_pen 0.0037 suggests hobby-known despite low n
74,Apples to Apples,1999.0,18815,0.0660497011909368,"[""Digital Implementations: VASSAL"", ""Game: Apples to Apples"", ""Mechanism: Judging Games"", ""Misc: Dice Tower Hall of Fame"", ""Misc: Mensa Select""]",9,0,0,True,ecosystem_derivative_borderline,borderline,medium_eco_hobby_penetration,eco 9 + ref_pen 0.0660 suggests hobby-known despite low n
25491,Alhambra: The Dice Game,2006.0,1208,0.0043280737205669,"[""Cities: Granada (Andalusia, Spain)"", ""Components: Dice with Icons"", ""Country: Spain"", ""Game: Alhambra"", ""Versions & Editions: Dice Versions of Non-Dice Games""]",9,0,0,True,ecosystem_derivative_borderline,borderline,medium_eco_hobby_penetration,eco 9 + ref_pen 0.0043 suggests hobby-known despite low n
257732,Pax Transhumanity,2019.0,1212,0.0043101595081473,"[""Digital Implementations: TableTop Simulator Mod (TTS)"", ""Series: Pax""]",9,0,0,True,ecosystem_derivative_borderline,borderline,medium_eco_hobby_penetration,eco 9 + ref_pen 0.0043 suggests hobby-known despite low n
8207,Dungeoneer: Vault of the Fiends,2003.0,1362,0.0047615976611204,"[""Game: Dungeoneer""]",8,0,0,True,ecosystem_derivative_borderline,borderline,medium_eco_hobby_penetration,eco 8 + ref_pen 0.0048 suggests hobby-known despite low n
172242,Exploding Kittens: NSFW Deck,2015.0,9725,0.0341803172965303,"[""Animals: Cats"", ""Crowdfunding: Kickstarter"", ""Game: Exploding Kittens"", ""Versions & Editions: Adult Versions of Family-Friendly Games""]",8,0,0,True,ecosystem_derivative_borderline,borderline,medium_eco_hobby_penetration,eco 8 + ref_pen 0.0342 suggests hobby-known despite low n
203780,Power Grid: The Card Game,2016.0,1987,0.0071191080155352,"[""Game: Power Grid"", ""Versions & Editions: Card Versions of Non-Card Games""]",8,0,0,True,ecosystem_derivative_borderline,borderline,medium_eco_hobby_penetration,eco 8 + ref_pen 0.0071 suggests hobby-known despite low n
16443,Dungeoneer: Dragons of the Forsaken Desert,2005.0,573,0.002017140318443,"[""Creatures: Dragons"", ""Game: Dungeoneer""]",8,0,0,True,ecosystem_derivative_borderline,borderline,medium_eco_hobby_penetration,eco 8 + ref_pen 0.0020 suggests hobby-known despite low n
66589,Navegador,2010.0,9364,0.033535405649426,"[""Components: Map (Global Scale)"", ""Components: Wooden pieces & boards"", ""Country: Portugal"", ""Digital Implementations: Yucata"", ""Game: Navegador""]",8,0,0,True,ecosystem_derivative_borderline,borderline,medium_eco_hobby_penetration,eco 8 + ref_pen 0.0335 suggests hobby-known despite low n
143741,BANG! The Dice Game,2013.0,24690,0.0881343422617768,"[""Components: Dice with Icons"", ""Food & Drink: Beer"", ""Game: BANG!"", ""History: American Old West (Wild West)"", ""Versions & Editions: Dice Versions of Non-Dice Games""]",8,0,0,True,ecosystem_derivative_borderline,borderline,medium_eco_hobby_penetration,eco 8 + ref_pen 0.0881 suggests hobby-known despite low n
104955,Antike Duellum,2012.0,1850,0.0066246757527552,"[""Ancient: Greece"", ""Ancient: Rome"", ""Components: Map (Continental / National scale)"", ""Digital Implementations: Yucata"", ""Game: Antike""]",8,0,0,True,ecosystem_derivative_borderline,borderline,medium_eco_hobby_penetration,eco 8 + ref_pen 0.0066 suggests hobby-known despite low n
249821,Codenames: Harry Potter,2018.0,1272,0.0045107986872465,"[""Books: Harry Potter"", ""Game: Codenames"", ""Players: Two-Player Only Games"", ""Theme: Wizards""]",8,0,0,True,ecosystem_derivative_borderline,borderline,medium_eco_hobby_penetration,eco 8 + ref_pen 0.0045 suggests hobby-known despite low n
5576,Dungeoneer: Tomb of the Lich Lord,2003.0,2711,0.0094981154248534,"[""Category: Dungeon Crawler"", ""Digital Implementations: VASSAL"", ""Game: Dungeoneer""]",8,0,0,True,ecosystem_derivative_borderline,borderline,medium_eco_hobby_penetration,eco 8 + ref_pen 0.0095 suggests hobby-known despite low n
30933,BANG! The Bullet!,2007.0,8600,0.0304971552230677,"[""Containers: Tin/Metal Box"", ""Containers: Tubes"", ""Containers: Unique Shape"", ""Game: BANG!"", ""Misc: LongPack Games""]",8,1,0,True,ecosystem_derivative_borderline,borderline,medium_eco_hobby_penetration,eco 8 + ref_pen 0.0305 suggests hobby-known despite low n
128174,Dragon Farkle,2015.0,740,0.0026298063831921,"[""Creatures: Dragons"", ""Game: Farkle"", ""Players: Games with Solitaire Rules"", ""Traditional Dice Games: Dice 10,000 games""]",8,0,0,True,ecosystem_derivative_borderline,borderline,medium_eco_hobby_penetration,eco 8 + ref_pen 0.0026 suggests hobby-known despite low n
166857,Antike II,2014.0,1703,0.0060872493801682,"[""Ancient: Greece"", ""Category: Combinatorial"", ""Components: Map (Continental / National scale)"", ""Game: Antike"", ""Series: Rondel (Mac Gerdts)""]",8,0,0,True,ecosystem_derivative_borderline,borderline,medium_eco_hobby_penetration,eco 8 + ref_pen 0.0061 suggests hobby-known despite low n
205158,Codenames: Deep Undercover,2016.0,3674,0.0131347005460251,"[""Game: Codenames"", ""Versions & Editions: Adult Versions of Family-Friendly Games"", ""Word Games: Guess the Word""]",8,0,0,True,ecosystem_derivative_borderline,borderline,medium_eco_hobby_penetration,eco 8 + ref_pen 0.0131 suggests hobby-known despite low n
198773,Codenames: Pictures,2016.0,23170,0.082849649598005,"[""Game: Codenames"", ""Mechanism: Image Interpretation"", ""Versions & Editions: Bigger Versions of Regular-Size Games""]",8,0,0,True,ecosystem_derivative_borderline,borderline,medium_eco_hobby_penetration,eco 8 + ref_pen 0.0828 suggests hobby-known despite low n
106662,Power Grid: The First Sparks,2011.0,3573,0.0128014961950212,"[""Game: Power Grid""]",8,0,0,True,ecosystem_derivative_borderline,borderline,medium_eco_hobby_penetration,eco 8 + ref_pen 0.0128 suggests hobby-known despite low n
26990,Container,2007.0,4819,0.0172478037175573,"[""Digital Implementations: BoardSpace"", ""Digital Implementations: VASSAL"", ""Game: Container"", ""Series: Modern Line (Valley Games)""]",8,0,0,True,ecosystem_derivative_borderline,borderline,medium_eco_hobby_penetration,eco 8 + ref_pen 0.0172 suggests hobby-known despite low n
130176,Tales & Games: The Hare & the Tortoise,2011.0,4198,0.0149726987402725,"[""Animals: Foxes"", ""Animals: Rabbits / Hares"", ""Animals: Sheep"", ""Animals: Turtles"", ""Animals: Wolves""]",8,0,0,True,ecosystem_derivative_borderline,borderline,medium_eco_hobby_penetration,eco 8 + ref_pen 0.0150 suggests hobby-known despite low n
44163,Power Grid: Factory Manager,2009.0,6012,0.0215185519583817,"[""Game: Power Grid"", ""Theme: Electricity Generation"", ""Theme: Factories""]",8,0,0,True,ecosystem_derivative_borderline,borderline,medium_eco_hobby_penetration,eco 8 + ref_pen 0.0215 suggests hobby-known despite low n
135649,Tales & Games: The Three Little Pigs,2013.0,1942,0.0068969717815325,"[""Animals: Pigs"", ""Animals: Wolves"", ""Containers: Book-like"", ""Folk Tales & Fairy Tales: Three Little Pigs"", ""Series: Tales & Games (Purple Brain Creations)""]",8,0,0,True,ecosystem_derivative_borderline,borderline,medium_eco_hobby_penetration,eco 8 + ref_pen 0.0069 suggests hobby-known despite low n
227224,The Red Cathedral,2020.0,13246,0.047418920274589,"[""Category: DIZED Tutorial"", ""Cities: Moscow (Russia)"", ""Components: Coloured Dice"", ""Components: Control Boards"", ""Country: Russia""]",8,0,0,True,ecosystem_derivative_borderline,borderline,medium_eco_hobby_penetration,eco 8 + ref_pen 0.0474 suggests hobby-known despite low n
19600,Antike,2005.0,4664,0.0166817146050991,"[""Ancient: Greece"", ""Ancient: Rome"", ""Category: Combinatorial"", ""Components: Map (Continental / National scale)"", ""Game: Antike""]",8,0,0,True,ecosystem_derivative_borderline,borderline,medium_eco_hobby_penetration,eco 8 + ref_pen 0.0167 suggests hobby-known despite low n
173319,Lost Legacy: Second Chronicle – Vorpal Sword & Whitegold Spire,2015.0,719,0.0025581495335139,"[""Game: Lost Legacy""]",8,0,0,True,ecosystem_derivative_borderline,borderline,medium_eco_hobby_penetration,eco 8 + ref_pen 0.0026 suggests hobby-known despite low n
160567,BANG!: The Walking Dead,2014.0,613,0.0021676197027673,"[""Comic Books: The Walking Dead"", ""Creatures: Zombies"", ""Game: BANG!""]",8,0,1,True,ecosystem_derivative_borderline,borderline,medium_eco_hobby_penetration,eco 8 + ref_pen 0.0022 suggests hobby-known despite low n
256804,Exploding Kittens: Party Pack,2017.0,2042,0.0071979305501812,"[""Animals: Cats"", ""Card Games: Matching"", ""Game: Exploding Kittens""]",8,0,0,True,ecosystem_derivative_borderline,borderline,medium_eco_hobby_penetration,eco 8 + ref_pen 0.0072 suggests hobby-known despite low n
343282,Exploding Kittens: Recipes for Disaster,2021.0,665,0.0023145162446078,"[""Game: Exploding Kittens""]",8,0,0,True,ecosystem_derivative_borderline,borderline,medium_eco_hobby_penetration,eco 8 + ref_pen 0.0023 suggests hobby-known despite low n
3955,BANG!,2002.0,31395,0.1115876291614715,"[""Category: DIZED Tutorial"", ""Digital Implementations: Board Game Arena"", ""Digital Implementations: VASSAL"", ""Game: BANG!"", ""Misc: Dice Tower Hall of Fame""]",8,0,0,True,ecosystem_derivative_borderline,borderline,medium_eco_hobby_penetration,eco 8 + ref_pen 0.1116 suggests hobby-known despite low n
138104,Warmachine: High Command,2013.0,599,0.0021246255929604,"[""Admin: Better Description Needed!"", ""Game: Iron Kingdoms"", ""Mechanism: Pure Deckbuilding"", ""Series: High Command (Privateer Press)""]",8,0,0,True,ecosystem_derivative_borderline,borderline,medium_eco_hobby_penetration,eco 8 + ref_pen 0.0021 suggests hobby-known despite low n
178900,Codenames,2015.0,91984,0.3295641830402568,"[""Components: 5 x 5 Grids"", ""Components: Oversized Editions"", ""Components: Sand Timers"", ""Digital Implementations: Apple App Store"", ""Digital Implementations: Google Play""]",8,0,0,True,ecosystem_derivative_borderline,borderline,medium_eco_hobby_penetration,eco 8 + ref_pen 0.3296 suggests hobby-known despite low n
182094,BANG! The Duel,2015.0,1344,0.0047902604009917,"[""Category: Two-Player Fighting Games"", ""Digital Implementations: VASSAL"", ""Game: BANG!"", ""Misc: LongPack Games"", ""Players: Two-Player Only Games""]",8,0,0,True,ecosystem_derivative_borderline,borderline,medium_eco_hobby_penetration,eco 8 + ref_pen 0.0048 suggests hobby-known despite low n
224037,Codenames: Duet,2017.0,23850,0.0853289765968729,"[""Components: 5 x 5 Grids"", ""Game: Codenames"", ""Mechanism: Give a Clue / Get a Clue"", ""Players: Two-Player Only Games"", ""Versions & Editions: Bigger Versions of Regular-Size Games""]",8,0,0,True,ecosystem_derivative_borderline,borderline,medium_eco_hobby_penetration,eco 8 + ref_pen 0.0853 suggests hobby-known despite low n
220774,Codenames: Marvel,2017.0,1165,0.0041560972813391,"[""Comic Books: Marvel Universe"", ""Game: Codenames"", ""Theme: Superheroes""]",8,0,0,True,ecosystem_derivative_borderline,borderline,medium_eco_hobby_penetration,eco 8 + ref_pen 0.0042 suggests hobby-known despite low n
53953,Thunderstone,2009.0,10441,0.0372973902575347,"[""Digital Implementations: Yucata"", ""Game: Thunderstone"", ""Mechanism: Pure Deckbuilding"", ""Players: Games with Solitaire Rules""]",7,0,0,True,ecosystem_derivative_borderline,borderline,medium_eco_hobby_penetration,eco 7 + ref_pen 0.0373 suggests hobby-known despite low n
70323,King of Tokyo,2011.0,70139,0.2498244407182882,"[""Category: DIZED Tutorial"", ""Cities: Tokyo (Japan)"", ""Components: Dice with Icons"", ""Components: Standees"", ""Country: Japan""]",7,0,0,True,ecosystem_derivative_borderline,borderline,medium_eco_hobby_penetration,eco 7 + ref_pen 0.2498 suggests hobby-known despite low n
85897,Thunderstone: Dragonspire,2011.0,2684,0.0095948521719191,"[""Game: Thunderstone"", ""Players: Games with Solitaire Rules""]",7,0,0,True,ecosystem_derivative_borderline,borderline,medium_eco_hobby_penetration,eco 7 + ref_pen 0.0096 suggests hobby-known despite low n
127398,Legends of Andor,2012.0,19020,0.0679629390773464,"[""Components: Standees"", ""Game: Legends of Andor"", ""Mechanism: Campaign Games"", ""Theme: King Arthur / The Knights of the Round Table / Camelot""]",7,0,0,True,ecosystem_derivative_borderline,borderline,medium_eco_hobby_penetration,eco 7 + ref_pen 0.0680 suggests hobby-known despite low n
152765,Thunderstone Advance: Worlds Collide,2014.0,803,0.0028662739871304,"[""Game: Thunderstone"", ""Game: Thunderstone Advance"", ""Players: Games with Solitaire Rules""]",7,0,0,True,ecosystem_derivative_borderline,borderline,medium_eco_hobby_penetration,eco 7 + ref_pen 0.0029 suggests hobby-known despite low n
152899,Pixel Tactics 3,2014.0,679,0.0023969216217378,"[""Game: Pixel Tactics"", ""Players: Two-Player Only Games"", ""Setting: World of Indines""]",7,0,0,True,ecosystem_derivative_borderline,borderline,medium_eco_hobby_penetration,eco 7 + ref_pen 0.0024 suggests hobby-known despite low n
282006,50 Clues: The Pendulum of the Dead,2019.0,679,0.0024040873067056,"[""Category: Escape Room Games"", ""Components: Digital Hybrid \u2013 App/Website Required"", ""Contests: Fastaval Design Competition"", ""Series: 50 Clues"", ""Series: 50 Clues \u2013 The Leopold Trilogy""]",7,0,0,True,ecosystem_derivative_borderline,borderline,medium_eco_hobby_penetration,eco 7 + ref_pen 0.0024 suggests hobby-known despite low n
198287,Legends of Andor: The Last Hope,2016.0,975,0.0034825228943634,"[""Game: Legends of Andor""]",7,0,0,True,ecosystem_derivative_borderline,borderline,medium_eco_hobby_penetration,eco 7 + ref_pen 0.0035 suggests hobby-known despite low n
284082,Adventure Games: The Volcanic Island,2019.0,673,0.0024040873067056,"[""Admin: Better Description Needed!"", ""Misc: Limited Replayability"", ""Series: Adventure Games (Kosmos)"", ""Theme: Volcanoes""]",7,0,0,True,ecosystem_derivative_borderline,borderline,medium_eco_hobby_penetration,eco 7 + ref_pen 0.0024 suggests hobby-known despite low n
336755,King of Tokyo: Monster Box,2021.0,1226,0.0043459879329865,"[""Animals: Bears"", ""Animals: Pandas"", ""Cities: Tokyo (Japan)"", ""Components: Dice with Icons"", ""Components: Standees""]",7,1,0,True,ecosystem_derivative_borderline,borderline,medium_eco_hobby_penetration,eco 7 + ref_pen 0.0043 suggests hobby-known despite low n
124708,Mice and Mystics,2012.0,19157,0.0682638978459951,"[""Animals: Cockroaches"", ""Animals: Ladybugs / Ladybirds"", ""Animals: Mice"", ""Animals: Rats"", ""Animals: Spiders""]",7,0,0,True,ecosystem_derivative_borderline,borderline,medium_eco_hobby_penetration,eco 7 + ref_pen 0.0683 suggests hobby-known despite low n
142961,Thunderstone Advance: Numenera,2013.0,1367,0.0048834143055734,"[""Game: Thunderstone"", ""Game: Thunderstone Advance""]",7,0,0,True,ecosystem_derivative_borderline,borderline,medium_eco_hobby_penetration,eco 7 + ref_pen 0.0049 suggests hobby-known despite low n
143147,Saboteur Gold,2011.0,1698,0.006055003797813,"[""Creatures: Dwarves & Gnomes"", ""Game: Saboteur"", ""Theme: Mining""]",7,0,0,True,ecosystem_derivative_borderline,borderline,medium_eco_hobby_penetration,eco 7 + ref_pen 0.0061 suggests hobby-known despite low n
257321,Gen7: A Crossroads Game,2018.0,661,0.0023682588818665,"[""Mechanism: Campaign Games"", ""Series: Crossroads (Plaid Hat Games)"", ""Space: Earth's Solar System"", ""Theme: Science""]",7,0,0,True,ecosystem_derivative_borderline,borderline,medium_eco_hobby_penetration,eco 7 + ref_pen 0.0024 suggests hobby-known despite low n
422484,King of Tokyo: Duel,2024.0,631,0.0022464422374134,"[""Category: Two-Player Fighting Games"", ""Cities: Tokyo (Japan)"", ""Components: Dice with Icons"", ""Country: Japan"", ""Creatures: Aliens / Extraterrestrials""]",7,0,0,True,ecosystem_derivative_borderline,borderline,medium_eco_hobby_penetration,eco 7 + ref_pen 0.0022 suggests hobby-known despite low n
859,Illuminati,1982.0,2610,0.0091469968614299,"[""Components: Multi-Use Cards"", ""Game: Illuminati"", ""Mechanism: Tableau Building"", ""Series: Pocket Box (Steve Jackson Games)""]",7,0,0,True,ecosystem_derivative_borderline,borderline,medium_eco_hobby_penetration,eco 7 + ref_pen 0.0091 suggests hobby-known despite low n
2795,Car Wars,1981.0,2193,0.007373489831893,"[""Admin: Better Description Needed!"", ""Digital Implementations: VASSAL"", ""Game: Car Wars"", ""Players: Games with expansions that add solo play"", ""Players: Games with expansions that change player count""]",7,0,0,True,ecosystem_derivative_borderline,borderline,medium_eco_hobby_penetration,eco 7 + ref_pen 0.0074 suggests hobby-known despite low n
22825,Tide of Iron,2007.0,3662,0.0128839015721512,"[""Admin: Better Description Needed!"", ""Country: Germany"", ""Digital Implementations: VASSAL"", ""Game: Tide of Iron"", ""Series: Fantasy Flight Big Box""]",7,0,0,True,ecosystem_derivative_borderline,borderline,medium_eco_hobby_penetration,eco 7 + ref_pen 0.0129 suggests hobby-known despite low n
267813,Adventure Games: The Dungeon,2019.0,2606,0.009308224773206,"[""Misc: Limited Replayability"", ""Misc: LongPack Games"", ""Series: Adventure Games (Kosmos)""]",7,0,0,True,ecosystem_derivative_borderline,borderline,medium_eco_hobby_penetration,eco 7 + ref_pen 0.0093 suggests hobby-known despite low n
267814,Adventure Games: Monochrome Inc.,2019.0,1793,0.0064025395187525,"[""Misc: Limited Replayability"", ""Misc: LongPack Games"", ""Series: Adventure Games (Kosmos)""]",7,0,0,True,ecosystem_derivative_borderline,borderline,medium_eco_hobby_penetration,eco 7 + ref_pen 0.0064 suggests hobby-known despite low n
295949,Adventure Games: The Grand Hotel Abaddon,2020.0,639,0.0022786878197686,"[""Admin: Better Description Needed!"", ""Misc: Limited Replayability"", ""Misc: LongPack Games"", ""Series: Adventure Games (Kosmos)"", ""Theme: Hotels, Inns, Lodgings""]",7,0,0,True,ecosystem_derivative_borderline,borderline,medium_eco_hobby_penetration,eco 7 + ref_pen 0.0023 suggests hobby-known despite low n
1265,Mystery Rummy: Jekyll & Hyde,2001.0,1288,0.0045824555369247,"[""Books: Dr. Jekyll and Mr. Hyde"", ""Books: Mystery Novels"", ""Card Games: Draw and Discard"", ""Players: Two-Player Only Games"", ""Series: Mystery Rummy""]",7,0,0,True,ecosystem_derivative_borderline,borderline,medium_eco_hobby_penetration,eco 7 + ref_pen 0.0046 suggests hobby-known despite low n
231665,Fast Forward: FORTRESS,2017.0,1622,0.0058042048239391,"[""Game: Fast Forward"", ""Series: Fable Game system""]",7,0,0,True,ecosystem_derivative_borderline,borderline,medium_eco_hobby_penetration,eco 7 + ref_pen 0.0058 suggests hobby-known despite low n
5942,Mystery Rummy: Al Capone and the Chicago Underworld,2003.0,827,0.0029415136792926,"[""Admin: Better Description Needed!"", ""Card Games: Draw and Discard"", ""Cities: Chicago (Illinois, USA)"", ""Country: USA"", ""Decades: The 1920's""]",7,0,0,True,ecosystem_derivative_borderline,borderline,medium_eco_hobby_penetration,eco 7 + ref_pen 0.0029 suggests hobby-known despite low n
383206,Freelancers: A Crossroads Game,2023.0,905,0.0032388896054573,"[""Components: Book as Board"", ""Components: Digital Hybrid \u2013 App/Website Required"", ""Components: Polyhedral (not D6) dice"", ""Components: Standees"", ""Mechanism: Campaign Games""]",7,0,0,True,ecosystem_derivative_borderline,borderline,medium_eco_hobby_penetration,eco 7 + ref_pen 0.0032 suggests hobby-known despite low n
112686,Epic Spell Wars of the Battle Wizards: Duel at Mt. Skullzfyre,2012.0,6506,0.022987517376786,"[""Digital Implementations: Tabletopia"", ""Game: Epic Spell Wars of the Battle Wizards"", ""Theme: Wizards""]",7,0,0,True,ecosystem_derivative_borderline,borderline,medium_eco_hobby_penetration,eco 7 + ref_pen 0.0230 suggests hobby-known despite low n
215341,Thunderstone Quest,2018.0,4601,0.0159114034710577,"[""Components: Miniatures"", ""Crowdfunding: Kickstarter"", ""Game: Thunderstone"", ""Players: Games with expansions that add solo play"", ""Players: Games with expansions that change player count""]",7,0,0,True,ecosystem_derivative_borderline,borderline,medium_eco_hobby_penetration,eco 7 + ref_pen 0.0159 suggests hobby-known despite low n
116998,Thunderstone Advance: Towers of Ruin,2012.0,4675,0.0167032116600025,"[""Game: Thunderstone"", ""Game: Thunderstone Advance"", ""Players: Games with Solitaire Rules""]",7,0,0,True,ecosystem_derivative_borderline,borderline,medium_eco_hobby_penetration,eco 7 + ref_pen 0.0167 suggests hobby-known despite low n
150376,Dead of Winter: A Crossroads Game,2014.0,45230,0.1615790303395101,"[""Components: Dynamic Event Boards"", ""Components: Standees"", ""Creatures: Zombies"", ""Digital Implementations: VASSAL"", ""Misc: Made by Panda""]",7,0,0,True,ecosystem_derivative_borderline,borderline,medium_eco_hobby_penetration,eco 7 + ref_pen 0.1616 suggests hobby-known despite low n
140951,Thunderstone: Starter Set,2013.0,890,0.003170815598263,"[""Game: Thunderstone"", ""Game: Thunderstone Advance""]",7,0,0,True,ecosystem_derivative_borderline,borderline,medium_eco_hobby_penetration,eco 7 + ref_pen 0.0032 suggests hobby-known despite low n
173200,Epic Spell Wars of the Battle Wizards: Rumble at Castle Tentakill,2015.0,2319,0.008154549493386,"[""Game: Epic Spell Wars of the Battle Wizards"", ""Theme: Wizards""]",7,0,0,True,ecosystem_derivative_borderline,borderline,medium_eco_hobby_penetration,eco 7 + ref_pen 0.0082 suggests hobby-known despite low n
231666,Fast Forward: FLEE,2017.0,1257,0.0045036330022786,"[""Books: Alice in Wonderland"", ""Game: Fast Forward"", ""Series: Fable Game system""]",7,0,0,True,ecosystem_derivative_borderline,borderline,medium_eco_hobby_penetration,eco 7 + ref_pen 0.0045 suggests hobby-known despite low n
553,Chez Geek,1999.0,4428,0.0154814623729882,"[""Game: Chez Geek""]",7,0,0,True,ecosystem_derivative_borderline,borderline,medium_eco_hobby_penetration,eco 7 + ref_pen 0.0155 suggests hobby-known despite low n
125548,Pixel Tactics,2012.0,3475,0.0123787207819195,"[""Components: Multi-Use Cards"", ""Digital Implementations: Tabletopia"", ""Game: Pixel Tactics"", ""Players: Two-Player Only Games"", ""Series: Minigame Library (Level 99 Games)""]",7,0,0,True,ecosystem_derivative_borderline,borderline,medium_eco_hobby_penetration,eco 7 + ref_pen 0.0124 suggests hobby-known despite low n
245214,Saboteur: The Lost Mines,2018.0,787,0.0028017828224199,"[""Creatures: Dragons"", ""Creatures: Dwarves & Gnomes"", ""Game: Saboteur"", ""Theme: Mining""]",7,0,0,True,ecosystem_derivative_borderline,borderline,medium_eco_hobby_penetration,eco 7 + ref_pen 0.0028 suggests hobby-known despite low n
271320,The Castles of Burgundy,2019.0,11746,0.042062570761139,"[""Animals: Cattle / Cows"", ""Animals: Chickens / Roosters"", ""Animals: Pigs"", ""Animals: Sheep"", ""Components: Hexagonal Tiles""]",7,1,0,True,ecosystem_derivative_borderline,borderline,medium_eco_hobby_penetration,eco 7 + ref_pen 0.0421 suggests hobby-known despite low n
137423,Pixel Tactics 2,2013.0,1230,0.0043710678303739,"[""Game: Pixel Tactics"", ""Players: Two-Player Only Games"", ""Setting: World of Indines""]",7,0,0,True,ecosystem_derivative_borderline,borderline,medium_eco_hobby_penetration,eco 7 + ref_pen 0.0044 suggests hobby-known despite low n
221366,Epic Spell Wars of the Battle Wizards: Melee at Murdershroom Marsh,2017.0,659,0.0023001848746721,"[""Game: Epic Spell Wars of the Battle Wizards"", ""Theme: Wizards""]",7,0,0,True,ecosystem_derivative_borderline,borderline,medium_eco_hobby_penetration,eco 7 + ref_pen 0.0023 suggests hobby-known despite low n
106,Mystery Rummy: Jack the Ripper,1998.0,3517,0.012482623213953,"[""Card Games: Draw and Discard"", ""Historical Figures: Jack the Ripper"", ""Misc: LongPack Games"", ""Series: Mystery Rummy"", ""Traditional Card Games: Rummy""]",7,0,0,True,ecosystem_derivative_borderline,borderline,medium_eco_hobby_penetration,eco 7 + ref_pen 0.0125 suggests hobby-known despite low n
371,Mystery Rummy: Murders in the Rue Morgue,1999.0,853,0.0030418332688421,"[""Books: Mystery Novels"", ""Card Games: Draw and Discard"", ""Misc: LongPack Games"", ""Series: Mystery Rummy"", ""Traditional Card Games: Rummy""]",7,0,0,True,ecosystem_derivative_borderline,borderline,medium_eco_hobby_penetration,eco 7 + ref_pen 0.0030 suggests hobby-known despite low n
367272,Puerto Rico 1897,2022.0,602,0.0021568711753156,"[""Country: Puerto Rico"", ""Game: Puerto Rico"", ""Mechanism: Tableau Building"", ""Misc: Watch It Played How To Videos"", ""Series: Alea Revised Big Box""]",7,1,0,True,ecosystem_derivative_borderline,borderline,medium_eco_hobby_penetration,eco 7 + ref_pen 0.0022 suggests hobby-known despite low n
231664,Fast Forward: FEAR,2017.0,1485,0.0053169382461269,"[""Game: Fast Forward"", ""Series: Fable Game system""]",7,0,0,True,ecosystem_derivative_borderline,borderline,medium_eco_hobby_penetration,eco 7 + ref_pen 0.0053 suggests hobby-known despite low n
2392,Mastermind,1971.0,7805,0.0273872479470312,"[""Brands: Disney"", ""Game: Mastermind"", ""Mechanism: Give a Clue / Get a Clue"", ""Players: Two-Player Only Games""]",7,0,0,True,ecosystem_derivative_borderline,borderline,medium_eco_hobby_penetration,eco 7 + ref_pen 0.0274 suggests hobby-known despite low n
318985,Puerto Rico,2020.0,1237,0.0044283933101165,"[""Country: Puerto Rico"", ""Game: Puerto Rico"", ""Mechanism: Tableau Building"", ""Region: Caribbean Sea"", ""Series: Alea Revised Big Box""]",7,1,0,True,ecosystem_derivative_borderline,borderline,medium_eco_hobby_penetration,eco 7 + ref_pen 0.0044 suggests hobby-known despite low n
39856,Dixit,2008.0,64620,0.2304340971953509,"[""Components: Meeples (Animal) / Animeeples"", ""Digital Implementations: Boiteajeux"", ""Digital Implementations: VASSAL"", ""Game: Dixit"", ""Mechanism: Give a Clue / Get a Clue""]",6,0,0,True,ecosystem_derivative_borderline,borderline,medium_eco_hobby_penetration,eco 6 + ref_pen 0.2304 suggests hobby-known despite low n
92828,Dixit: Odyssey,2011.0,21146,0.0754725769236281,"[""Game: Dixit"", ""Mechanism: Image Interpretation"", ""Mechanism: Judging Games""]",6,0,0,True,ecosystem_derivative_borderline,borderline,medium_eco_hobby_penetration,eco 6 + ref_pen 0.0755 suggests hobby-known despite low n
142121,Guildhall: Job Faire,2013.0,1106,0.0039554581022399,"[""Game: Guildhall""]",6,0,0,True,ecosystem_derivative_borderline,borderline,medium_eco_hobby_penetration,eco 6 + ref_pen 0.0040 suggests hobby-known despite low n
191189,Aeon's End,2016.0,21056,0.0754403313412729,"[""Components: Official Music Soundtrack"", ""Crowdfunding: Kickstarter"", ""Digital Implementations: Apple App Store"", ""Digital Implementations: Steam"", ""Game: Aeon's End""]",6,0,0,True,ecosystem_derivative_borderline,borderline,medium_eco_hobby_penetration,eco 6 + ref_pen 0.0754 suggests hobby-known despite low n
221769,Bios: Megafauna (Second Edition),2017.0,1337,0.0047723461885721,"[""Animals: Dinosaurs"", ""Animals: Fish / Fishes"", ""Animals: Prehistoric Non-Dinosaurs"", ""Animals: Worms"", ""Components: Meeples (Animal) / Animeeples""]",6,0,0,True,ecosystem_derivative_borderline,borderline,medium_eco_hobby_penetration,eco 6 + ref_pen 0.0048 suggests hobby-known despite low n
229853,Teotihuacan: City of Gods,2018.0,20357,0.0729359244450177,"[""Components: 8 x 8 Grids"", ""Constructions: Pyramids"", ""Country: Mexico"", ""Digital Implementations: Board Game Arena"", ""Digital Implementations: Tabletopia""]",6,0,0,True,ecosystem_derivative_borderline,borderline,medium_eco_hobby_penetration,eco 6 + ref_pen 0.0729 suggests hobby-known despite low n
15,Cosmic Encounter,1977.0,3860,0.0135503102741591,"[""Admin: Better Description Needed!"", ""Creatures: Aliens / Extraterrestrials"", ""Digital Implementations: VASSAL"", ""Game: Cosmic Encounter"", ""Misc: BGG Hall of Fame""]",6,0,0,True,ecosystem_derivative_borderline,borderline,medium_eco_hobby_penetration,eco 6 + ref_pen 0.0136 suggests hobby-known despite low n
10550,Big Boggle,1979.0,1617,0.0056895538644539,"[""Components: 5 x 5 Grids"", ""Components: Letter Cubes / Word Dice"", ""Components: Sand Timers"", ""Containers: Cubes"", ""Game: Boggle""]",6,0,0,True,ecosystem_derivative_borderline,borderline,medium_eco_hobby_penetration,eco 6 + ref_pen 0.0057 suggests hobby-known despite low n
132028,Conflict of Heroes: Awakening the Bear! – Operation Barbarossa 1941 (Second Edition),2012.0,1833,0.0064204537311721,"[""History: World War II (Eastern Front)"", ""Players: Games with expansions that add solo play"", ""Series: Conflict of Heroes (Academy Games)""]",6,0,0,True,ecosystem_derivative_borderline,borderline,medium_eco_hobby_penetration,eco 6 + ref_pen 0.0064 suggests hobby-known despite low n
144388,Elevenses,2013.0,1356,0.0048404201957665,"[""Crowdfunding: Kickstarter"", ""Decades: The 1920's"", ""Food & Drink: Tea"", ""Series: Elevenses"", ""Series: Pocket (Grail Games)""]",6,0,0,True,ecosystem_derivative_borderline,borderline,medium_eco_hobby_penetration,eco 6 + ref_pen 0.0048 suggests hobby-known despite low n
287954,Azul: Summer Pavilion,2019.0,17008,0.0608760766441664,"[""Country: Portugal"", ""Digital Implementations: Board Game Arena"", ""Game: Azul"", ""Theme: Art"", ""Versions & Editions: Travel Versions of Non-Travel Games""]",6,0,0,True,ecosystem_derivative_borderline,borderline,medium_eco_hobby_penetration,eco 6 + ref_pen 0.0609 suggests hobby-known despite low n
300192,Twilight Struggle: Red Sea – Conflict in the Horn of Africa,2022.0,861,0.0030669131662295,"[""Continents: Africa"", ""Country: Soviet Union"", ""Digital Implementations: Apple App Store"", ""Digital Implementations: Google Play"", ""Digital Implementations: Steam""]",6,0,0,True,ecosystem_derivative_borderline,borderline,medium_eco_hobby_penetration,eco 6 + ref_pen 0.0031 suggests hobby-known despite low n
271044,UNDO: Cherry Blossom Festival,2019.0,638,0.002264356449833,"[""Cities: Osaka (Japan)"", ""Country: Japan"", ""Misc: Limited Replayability"", ""Series: Undo (Pegasus Spiele)"", ""Theme: Time Travel""]",6,0,0,True,ecosystem_derivative_borderline,borderline,medium_eco_hobby_penetration,eco 6 + ref_pen 0.0023 suggests hobby-known despite low n
15126,Advanced Squad Leader: Starter Kit #2,2005.0,1219,0.0038730527251099,"[""Players: Two-Player Only Games"", ""Series: Advanced Squad Leader"", ""Series: Advanced Squad Leader Starter Kit""]",6,0,0,True,ecosystem_derivative_borderline,borderline,medium_eco_hobby_penetration,eco 6 + ref_pen 0.0039 suggests hobby-known despite low n
179275,One Deck Dungeon,2016.0,11409,0.040579273972799,"[""Category: Dungeon Crawler"", ""Components: Multi-Use Cards"", ""Digital Implementations: Apple App Store"", ""Digital Implementations: Steam"", ""Mechanism: Campaign Games""]",6,0,0,True,ecosystem_derivative_borderline,borderline,medium_eco_hobby_penetration,eco 6 + ref_pen 0.0406 suggests hobby-known despite low n
218417,Aeon's End: War Eternal,2017.0,5888,0.0210886108603121,"[""Crowdfunding: Kickstarter"", ""Game: Aeon's End"", ""Players: Games with Solitaire Rules"", ""Theme: Boss Battle""]",6,0,0,True,ecosystem_derivative_borderline,borderline,medium_eco_hobby_penetration,eco 6 + ref_pen 0.0211 suggests hobby-known despite low n
257501,KeyForge: Call of the Archons,2018.0,11104,0.0397050604067242,"[""Category: Two-Player Fighting Games"", ""Collectible: Collectible Card Games"", ""Components: Unique Game"", ""Digital Implementations: Tabletopia"", ""Game: KeyForge""]",6,0,0,True,ecosystem_derivative_borderline,borderline,medium_eco_hobby_penetration,eco 6 + ref_pen 0.0397 suggests hobby-known despite low n
285775,KeyForge: Worlds Collide,2019.0,1208,0.0043029938231795,"[""Category: Two-Player Fighting Games"", ""Components: Unique Game"", ""Game: KeyForge"", ""Players: Two-Player Only Games""]",6,0,0,True,ecosystem_derivative_borderline,borderline,medium_eco_hobby_penetration,eco 6 + ref_pen 0.0043 suggests hobby-known despite low n
304847,Hidden Games Crime Scene: The New Haven Case,2019.0,664,0.0023503446694469,"[""Series: Hidden Games (Hidden Industries GmbH)"", ""Theme: Mystery / Crime""]",6,0,0,True,ecosystem_derivative_borderline,borderline,medium_eco_hobby_penetration,eco 6 + ref_pen 0.0024 suggests hobby-known despite low n
9823,Advanced Squad Leader: Starter Kit #1,2004.0,2526,0.008279948980323,"[""Players: Two-Player Only Games"", ""Players: Wargames with Rules Supporting Only Two Players"", ""Series: Advanced Squad Leader"", ""Series: Advanced Squad Leader Starter Kit""]",6,0,0,True,ecosystem_derivative_borderline,borderline,medium_eco_hobby_penetration,eco 6 + ref_pen 0.0083 suggests hobby-known despite low n
65282,Tanto Cuore,2009.0,2166,0.0076744486005417,"[""Country: Japan"", ""Game: Tanto Cuore"", ""Mechanism: Pure Deckbuilding"", ""Theme: Anime / Manga""]",6,0,0,True,ecosystem_derivative_borderline,borderline,medium_eco_hobby_penetration,eco 6 + ref_pen 0.0077 suggests hobby-known despite low n
112138,Krosmaster: Arena,2012.0,3654,0.013016466744056,"[""Crowdfunding: Kickstarter"", ""Digital Implementations: Board Game Arena"", ""Game: Krosmaster"", ""Theme: Anime / Manga"", ""Theme: Chibis""]",6,0,0,True,ecosystem_derivative_borderline,borderline,medium_eco_hobby_penetration,eco 6 + ref_pen 0.0130 suggests hobby-known despite low n
157723,We Didn't Playtest This at All with Chaos Pack Expansion,2012.0,721,0.0025044068962552,"[""Game: We Didn't Playtest This At All"", ""Misc: Self-Referential Games""]",6,0,0,True,ecosystem_derivative_borderline,borderline,medium_eco_hobby_penetration,eco 6 + ref_pen 0.0025 suggests hobby-known despite low n
235555,Bios: Origins (Second Edition),2019.0,1194,0.0042564168708886,"[""Components: Map (Global Scale)"", ""Crowdfunding: Kickstarter"", ""Digital Implementations: VASSAL"", ""Mechanism: Tableau Building"", ""Players: Games with Solitaire Rules""]",6,0,0,True,ecosystem_derivative_borderline,borderline,medium_eco_hobby_penetration,eco 6 + ref_pen 0.0043 suggests hobby-known despite low n
256226,Azul: Stained Glass of Sintra,2018.0,13737,0.0491745130917064,"[""Country: Portugal"", ""Game: Azul"", ""Theme: Art"", ""Theme: Stained Glass""]",6,0,0,True,ecosystem_derivative_borderline,borderline,medium_eco_hobby_penetration,eco 6 + ref_pen 0.0492 suggests hobby-known despite low n
281960,Kingdomino Duel,2019.0,2369,0.0084698396319704,"[""Components: Dice with Icons"", ""Digital Implementations: Tabletopia"", ""Game: Kingdomino"", ""Mechanism: Dice Drafting"", ""Mechanism: Roll-and-Write""]",6,0,0,True,ecosystem_derivative_borderline,borderline,medium_eco_hobby_penetration,eco 6 + ref_pen 0.0085 suggests hobby-known despite low n
301607,KeyForge: Mass Mutation,2020.0,627,0.0022356937099617,"[""Category: Two-Player Fighting Games"", ""Components: Unique Game"", ""Game: KeyForge"", ""Players: Two-Player Only Games""]",6,0,0,True,ecosystem_derivative_borderline,borderline,medium_eco_hobby_penetration,eco 6 + ref_pen 0.0022 suggests hobby-known despite low n
5782,Coloretto,2003.0,21545,0.076877051177322,"[""Animals: Chameleons"", ""Category: Color"", ""Digital Implementations: Board Game Arena"", ""Game: Coloretto"", ""Players: Games with expansions that change player count""]",6,0,0,True,ecosystem_derivative_borderline,borderline,medium_eco_hobby_penetration,eco 6 + ref_pen 0.0769 suggests hobby-known despite low n
20542,Advanced Squad Leader: Starter Kit #3,2007.0,1049,0.0032997979276839,"[""Players: Two-Player Only Games"", ""Series: Advanced Squad Leader"", ""Series: Advanced Squad Leader Starter Kit""]",6,0,0,True,ecosystem_derivative_borderline,borderline,medium_eco_hobby_penetration,eco 6 + ref_pen 0.0033 suggests hobby-known despite low n
82420,Summoner Wars: Guild Dwarves vs Cave Goblins,2009.0,2362,0.0084375940496152,"[""Creatures: Dwarves & Gnomes"", ""Creatures: Goblins"", ""Game: Summoner Wars"", ""Misc: LongPack Games""]",6,0,0,True,ecosystem_derivative_borderline,borderline,medium_eco_hobby_penetration,eco 6 + ref_pen 0.0084 suggests hobby-known despite low n
82421,Summoner Wars: Phoenix Elves vs Tundra Orcs,2009.0,2634,0.0093977958353038,"[""Creatures: Fairies / Elves / Pixies"", ""Creatures: Orcs"", ""Game: Summoner Wars""]",6,0,0,True,ecosystem_derivative_borderline,borderline,medium_eco_hobby_penetration,eco 6 + ref_pen 0.0094 suggests hobby-known despite low n
212346,Shadows of Brimstone: Forbidden Fortress,2018.0,677,0.0023825902518021,"[""Category: Dungeon Crawler"", ""Country: Japan"", ""Crowdfunding: Kickstarter"", ""Game: Shadows of Brimstone"", ""Mechanism: Campaign Games""]",6,0,0,True,ecosystem_derivative_borderline,borderline,medium_eco_hobby_penetration,eco 6 + ref_pen 0.0024 suggests hobby-known despite low n
208773,Quartermaster General: 1914,2016.0,1102,0.0039160468349169,"[""Continents: Europe"", ""Country: Austria-Hungary"", ""Country: Germany"", ""Crowdfunding: Kickstarter"", ""Game: Quartermaster General""]",6,0,0,True,ecosystem_derivative_borderline,borderline,medium_eco_hobby_penetration,eco 6 + ref_pen 0.0039 suggests hobby-known despite low n
299317,Aeon's End: Outcasts,2020.0,1087,0.0038873840950456,"[""Crowdfunding: Kickstarter"", ""Game: Aeon's End"", ""Mechanism: Campaign Games"", ""Players: Games with Solitaire Rules"", ""Theme: Boss Battle""]",6,0,0,True,ecosystem_derivative_borderline,borderline,medium_eco_hobby_penetration,eco 6 + ref_pen 0.0039 suggests hobby-known despite low n
158889,Summoner Wars: Alliances Master Set,2014.0,1794,0.0064061223612365,"[""Game: Summoner Wars""]",6,0,0,True,ecosystem_derivative_borderline,borderline,medium_eco_hobby_penetration,eco 6 + ref_pen 0.0064 suggests hobby-known despite low n
241451,Aeon's End: Legacy,2019.0,5258,0.0188135058830273,"[""Crowdfunding: Kickstarter"", ""Game: Aeon's End"", ""Mechanism: Campaign Games"", ""Mechanism: Legacy"", ""Players: Games with Solitaire Rules""]",6,0,0,True,ecosystem_derivative_borderline,borderline,medium_eco_hobby_penetration,eco 6 + ref_pen 0.0188 suggests hobby-known despite low n
270633,Aeon's End: The New Age,2019.0,2859,0.0102218496066038,"[""Crowdfunding: Kickstarter"", ""Game: Aeon's End"", ""Mechanism: Campaign Games"", ""Players: Games with Solitaire Rules"", ""Theme: Boss Battle""]",6,0,0,True,ecosystem_derivative_borderline,borderline,medium_eco_hobby_penetration,eco 6 + ref_pen 0.0102 suggests hobby-known despite low n
24800,Conflict of Heroes: Awakening the Bear! – Russia 1941-42,2008.0,2948,0.0103365005660891,"[""Country: Germany"", ""Country: Soviet Union"", ""Decades: The 1940's"", ""Digital Implementations: VASSAL"", ""History: World War II (Eastern Front)""]",6,0,0,True,ecosystem_derivative_borderline,borderline,medium_eco_hobby_penetration,eco 6 + ref_pen 0.0103 suggests hobby-known despite low n
121288,Dixit: Journey,2012.0,4550,0.0162051965547386,"[""Game: Dixit"", ""Mechanism: Image Interpretation"", ""Mechanism: Judging Games""]",6,0,0,True,ecosystem_derivative_borderline,borderline,medium_eco_hobby_penetration,eco 6 + ref_pen 0.0162 suggests hobby-known despite low n
191475,Wizard: Jubiläumsedition,2016.0,562,0.0020028089485073,"[""Creatures: Dwarves & Gnomes"", ""Creatures: Fairies / Elves / Pixies"", ""Series: Amigo Anniversary Rubber-Band Games"", ""Series: Wizard (Amigo)"", ""Theme: Wizards""]",6,0,0,True,ecosystem_derivative_borderline,borderline,medium_eco_hobby_penetration,eco 6 + ref_pen 0.0020 suggests hobby-known despite low n
363247,Azul: Master Chocolatier,2022.0,2444,0.0087242214483282,"[""Food & Drink: Chocolate"", ""Game: Azul""]",6,0,0,True,ecosystem_derivative_borderline,borderline,medium_eco_hobby_penetration,eco 6 + ref_pen 0.0087 suggests hobby-known despite low n
31016,We Didn't Playtest This at All,2007.0,3567,0.0126366854407612,"[""Crowdfunding: Wspieram"", ""Game: We Didn't Playtest This At All"", ""Misc: Self-Referential Games""]",6,0,0,True,ecosystem_derivative_borderline,borderline,medium_eco_hobby_penetration,eco 6 + ref_pen 0.0126 suggests hobby-known despite low n
202755,Guildhall Fantasy: Fellowship,2016.0,658,0.002346761826963,"[""Game: Guildhall""]",6,0,0,True,ecosystem_derivative_borderline,borderline,medium_eco_hobby_penetration,eco 6 + ref_pen 0.0023 suggests hobby-known despite low n
340041,Kingdomino Origins,2021.0,2563,0.0091720767588173,"[""Animals: Mammoths"", ""Animals: Prehistoric Non-Dinosaurs"", ""Components: Meeples (Animal) / Animeeples"", ""Components: Non-Traditional Dominoes"", ""Game: Kingdomino""]",6,0,0,True,ecosystem_derivative_borderline,borderline,medium_eco_hobby_penetration,eco 6 + ref_pen 0.0092 suggests hobby-known despite low n
98918,Bios: Genesis,2016.0,1709,0.0060979979076199,"[""Crowdfunding: Kickstarter"", ""Digital Implementations: VASSAL"", ""Misc: LongPack Games"", ""Series: BIOS (Phil Eklund)"", ""Theme: Bacteria""]",6,0,0,True,ecosystem_derivative_borderline,borderline,medium_eco_hobby_penetration,eco 6 + ref_pen 0.0061 suggests hobby-known despite low n
146791,Shadows of Brimstone: City of the Ancients,2014.0,3582,0.012686845235536,"[""Category: Dungeon Crawler"", ""Components: Miniatures"", ""Crowdfunding: Kickstarter"", ""Game: Shadows of Brimstone"", ""History: American Old West (Wild West)""]",6,0,0,True,ecosystem_derivative_borderline,borderline,medium_eco_hobby_penetration,eco 6 + ref_pen 0.0127 suggests hobby-known despite low n
224821,One Deck Dungeon: Forest of Shadows,2017.0,3162,0.0112071312896799,"[""Category: Dungeon Crawler"", ""Components: Multi-Use Cards"", ""Mechanism: Campaign Games"", ""Players: Games with Solitaire Rules"", ""Players: Two-Player Only Games""]",6,0,0,True,ecosystem_derivative_borderline,borderline,medium_eco_hobby_penetration,eco 6 + ref_pen 0.0112 suggests hobby-known despite low n
331212,Aeon's End: Legacy of Gravehold,2021.0,743,0.0026548862805795,"[""Crowdfunding: Kickstarter"", ""Game: Aeon's End"", ""Mechanism: Campaign Games"", ""Mechanism: Legacy"", ""Players: Games with Solitaire Rules""]",6,0,0,True,ecosystem_derivative_borderline,borderline,medium_eco_hobby_penetration,eco 6 + ref_pen 0.0027 suggests hobby-known despite low n
346965,Azul: Queen's Garden,2021.0,5184,0.0185412098542499,"[""Country: Portugal"", ""Digital Implementations: Board Game Arena"", ""Game: Azul"", ""Theme: Art""]",6,0,0,True,ecosystem_derivative_borderline,borderline,medium_eco_hobby_penetration,eco 6 + ref_pen 0.0185 suggests hobby-known despite low n
3699,Killer Bunnies and the Quest for the Magic Carrot,2002.0,5646,0.0198417816759104,"[""Animals: Rabbits / Hares"", ""Components: Polyhedral (not D6) dice"", ""Game: Killer Bunnies"", ""Theme: Animal Battles"", ""Theme: Anthropomorphic Animals""]",6,0,0,True,ecosystem_derivative_borderline,borderline,medium_eco_hobby_penetration,eco 6 + ref_pen 0.0198 suggests hobby-known despite low n
40531,Cosmic Encounter,2000.0,1349,0.0048081746134112,"[""Game: Cosmic Encounter""]",6,0,0,True,ecosystem_derivative_borderline,borderline,medium_eco_hobby_penetration,eco 6 + ref_pen 0.0048 suggests hobby-known despite low n
97915,Bios: Megafauna,2011.0,801,0.0028519426171947,"[""Animals: Dinosaurs"", ""Components: Map (Continental / National scale)"", ""Digital Implementations: VASSAL"", ""Players: Games with Solitaire Rules"", ""Series: BIOS (Phil Eklund)""]",6,0,0,True,ecosystem_derivative_borderline,borderline,medium_eco_hobby_penetration,eco 6 + ref_pen 0.0029 suggests hobby-known despite low n
159473,Quartermaster General,2014.0,2713,0.0096880060765008,"[""Components: Map (Global Scale)"", ""Components: Wooden pieces & boards"", ""Game: Quartermaster General"", ""Region: The World""]",6,0,0,True,ecosystem_derivative_borderline,borderline,medium_eco_hobby_penetration,eco 6 + ref_pen 0.0097 suggests hobby-known despite low n
243,Advanced Squad Leader,1985.0,3425,0.0110351548504521,"[""Country: Germany"", ""Digital Implementations: VASSAL"", ""Misc: Dice Tower Hall of Fame"", ""Misc: Wargame Vault"", ""Players: Games with expansions that add solo play""]",6,0,0,True,ecosystem_derivative_borderline,borderline,medium_eco_hobby_penetration,eco 6 + ref_pen 0.0110 suggests hobby-known despite low n
272453,KeyForge: Age of Ascension,2019.0,2541,0.0090681743267838,"[""Category: Two-Player Fighting Games"", ""Components: Unique Game"", ""Game: KeyForge"", ""Players: Two-Player Only Games""]",6,0,0,True,ecosystem_derivative_borderline,borderline,medium_eco_hobby_penetration,eco 6 + ref_pen 0.0091 suggests hobby-known despite low n
93260,Summoner Wars: Master Set,2011.0,10842,0.0387376929360677,"[""Components: Multi-Use Cards"", ""Game: Summoner Wars"", ""Theme: Wizards""]",6,0,0,True,ecosystem_derivative_borderline,borderline,medium_eco_hobby_penetration,eco 6 + ref_pen 0.0387 suggests hobby-known despite low n
119407,Dixit Jinx,2012.0,1205,0.0042886624532439,"[""Game: Dixit"", ""Mechanism: Judging Games"", ""Organizations: Board Games Association of Creators in Spain (LUDO)""]",6,0,0,True,ecosystem_derivative_borderline,borderline,medium_eco_hobby_penetration,eco 6 + ref_pen 0.0043 suggests hobby-known despite low n
150997,Shadows of Brimstone: Swamps of Death,2014.0,2293,0.0081330524384825,"[""Category: Dungeon Crawler"", ""Crowdfunding: Kickstarter"", ""Game: Shadows of Brimstone"", ""History: American Old West (Wild West)"", ""Mechanism: Campaign Games""]",6,0,0,True,ecosystem_derivative_borderline,borderline,medium_eco_hobby_penetration,eco 6 + ref_pen 0.0081 suggests hobby-known despite low n
332800,Summoner Wars (Second Edition),2021.0,3940,0.0140734052768104,"[""Category: Two-Player Fighting Games"", ""Components: Dice with Icons"", ""Game: Summoner Wars"", ""Misc: LongPack Games"", ""Misc: Watch It Played How To Videos""]",6,0,0,True,ecosystem_derivative_borderline,borderline,medium_eco_hobby_penetration,eco 6 + ref_pen 0.0141 suggests hobby-known despite low n
128445,Darkest Night,2012.0,1019,0.0036258365937199,"[""Components: Standees"", ""Digital Implementations: TableTop Simulator Mod (TTS)"", ""Game: Darkest Night"", ""Players: Games with Solitaire Rules"", ""Series: Euro Games (Victory Point Games)""]",6,0,0,True,ecosystem_derivative_borderline,borderline,medium_eco_hobby_penetration,eco 6 + ref_pen 0.0036 suggests hobby-known despite low n
132372,Guildhall,2012.0,4166,0.014911790418046,"[""Digital Implementations: Yucata"", ""Game: Guildhall""]",6,0,0,True,ecosystem_derivative_borderline,borderline,medium_eco_hobby_penetration,eco 6 + ref_pen 0.0149 suggests hobby-known despite low n
329845,Stella: Dixit Universe,2021.0,3896,0.0139157602075182,"[""Digital Implementations: Board Game Arena"", ""Game: Dixit"", ""Mechanism: Image Interpretation"", ""Misc: Watch It Played How To Videos""]",6,0,0,True,ecosystem_derivative_borderline,borderline,medium_eco_hobby_penetration,eco 6 + ref_pen 0.0139 suggests hobby-known despite low n
40529,Cosmic Encounter,1991.0,1047,0.0037333218682373,"[""Creatures: Aliens / Extraterrestrials"", ""Game: Cosmic Encounter""]",6,0,0,True,ecosystem_derivative_borderline,borderline,medium_eco_hobby_penetration,eco 6 + ref_pen 0.0037 suggests hobby-known despite low n
38823,Conflict of Heroes: Storms of Steel! – Kursk 1943,2009.0,1439,0.0050088137925104,"[""Cities: Kursk (Russia)"", ""Country: Soviet Union"", ""Digital Implementations: VASSAL"", ""History: World War II (Eastern Front)"", ""Players: Games with Solitaire Rules""]",6,0,0,True,ecosystem_derivative_borderline,borderline,medium_eco_hobby_penetration,eco 6 + ref_pen 0.0050 suggests hobby-known despite low n
230802,Azul,2017.0,91038,0.3261748140504751,"[""Components: 5 x 5 Grids"", ""Country: Portugal"", ""Digital Implementations: Apple App Store"", ""Digital Implementations: Board Game Arena"", ""Game: Azul""]",6,0,0,True,ecosystem_derivative_borderline,borderline,medium_eco_hobby_penetration,eco 6 + ref_pen 0.3262 suggests hobby-known despite low n
182631,Star Realms: Colony Wars,2015.0,8214,0.0294079711079582,"[""Game: Star Realms"", ""Misc: LongPack Games"", ""Players: Games with expansions that add solo play"", ""Players: Two-Player Only Games""]",5,0,0,True,ecosystem_derivative_borderline,borderline,medium_eco_hobby_penetration,eco 5 + ref_pen 0.0294 suggests hobby-known despite low n
232988,The Castles of Burgundy: The Dice Game,2017.0,4168,0.0149189561030138,"[""Components: Dice with Icons"", ""Country: France"", ""Digital Implementations: TableTop Simulator Mod (TTS)"", ""Game: The Castles of Burgundy"", ""Mechanism: Roll-and-Write""]",5,0,0,True,ecosystem_derivative_borderline,borderline,medium_eco_hobby_penetration,eco 5 + ref_pen 0.0149 suggests hobby-known despite low n
234190,Unstable Unicorns,2017.0,9314,0.032833168522579,"[""Card Games: Adding"", ""Containers: Magnetic Flip Box"", ""Creatures: Unicorns"", ""Crowdfunding: Kickstarter"", ""Game: Unstable unicorns""]",5,0,0,True,ecosystem_derivative_borderline,borderline,medium_eco_hobby_penetration,eco 5 + ref_pen 0.0328 suggests hobby-known despite low n
302809,Betrayal at Mystery Mansion,2020.0,1037,0.0036831620734626,"[""Series: Betrayal (Avalon Hill)"", ""Theme: Spooky Old Houses"", ""Theme: TV Detectives"", ""TV Shows: Scooby-Doo!""]",5,0,0,True,ecosystem_derivative_borderline,borderline,medium_eco_hobby_penetration,eco 5 + ref_pen 0.0037 suggests hobby-known despite low n
10547,Betrayal at House on the Hill,2004.0,43890,0.1554416211645671,"[""Category: Dungeon Crawler"", ""Digital Implementations: VASSAL"", ""Misc: Dice Tower Hall of Fame"", ""Players: One versus Many"", ""Series: Betrayal (Avalon Hill)""]",5,0,0,True,ecosystem_derivative_borderline,borderline,medium_eco_hobby_penetration,eco 5 + ref_pen 0.1554 suggests hobby-known despite low n
57390,Catacombs,2010.0,2939,0.0104941456353812,"[""Category: Dungeon Crawler"", ""Crowdfunding: Kickstarter"", ""Game: Catacombs"", ""Mechanism: Finger Flicking Games"", ""Players: One versus Many""]",5,0,0,True,ecosystem_derivative_borderline,borderline,medium_eco_hobby_penetration,eco 5 + ref_pen 0.0105 suggests hobby-known despite low n
162388,BattleCON: Fate of Indines,2015.0,803,0.0028626911446465,"[""Components: Standees"", ""Crowdfunding: Kickstarter"", ""Game: BattleCON"", ""Players: Two-Player Only Games"", ""Setting: World of Indines""]",5,0,0,True,ecosystem_derivative_borderline,borderline,medium_eco_hobby_penetration,eco 5 + ref_pen 0.0029 suggests hobby-known despite low n
172062,Fairytale Gloom,2015.0,711,0.002511572581223,"[""Components: Transparent Elements"", ""Game: Gloom""]",5,0,0,True,ecosystem_derivative_borderline,borderline,medium_eco_hobby_penetration,eco 5 + ref_pen 0.0025 suggests hobby-known despite low n
192735,Broom Service: The Card Game,2016.0,1049,0.0037440703956891,"[""Admin: Better Description Needed!"", ""Game: Broom Service"", ""Series: Alea Very Small Box"", ""Theme: Witches"", ""Theme: Wizards""]",5,0,0,True,ecosystem_derivative_borderline,borderline,medium_eco_hobby_penetration,eco 5 + ref_pen 0.0037 suggests hobby-known despite low n
192947,Camel Up Cards,2016.0,1320,0.0047006893388939,"[""Animals: Camels"", ""Game: Camel Up"", ""Versions & Editions: Card Versions of Non-Card Games""]",5,0,0,True,ecosystem_derivative_borderline,borderline,medium_eco_hobby_penetration,eco 5 + ref_pen 0.0047 suggests hobby-known despite low n
200077,Mint Works,2017.0,6672,0.0237793255657308,"[""Containers: Mint Tins"", ""Containers: Tin/Metal Box"", ""Contests: Mint Tin Design"", ""Crowdfunding: Kickstarter"", ""Crowdfunding: Spieleschmiede""]",5,0,0,True,ecosystem_derivative_borderline,borderline,medium_eco_hobby_penetration,eco 5 + ref_pen 0.0238 suggests hobby-known despite low n
214032,Founders of Gloomhaven,2018.0,3146,0.0112608739269386,"[""Components: Polyominoes"", ""Crowdfunding: Kickstarter"", ""Game: Gloomhaven""]",5,0,0,True,ecosystem_derivative_borderline,borderline,medium_eco_hobby_penetration,eco 5 + ref_pen 0.0113 suggests hobby-known despite low n
227758,Kokoro: Avenue of the Kodama,2017.0,2070,0.0074057354142482,"[""Country: Japan"", ""Game: Kodama"", ""Mechanism: Drawing"", ""Mechanism: Flip-and-Write"", ""Players: Games with Solitaire Rules""]",5,0,0,True,ecosystem_derivative_borderline,borderline,medium_eco_hobby_penetration,eco 5 + ref_pen 0.0074 suggests hobby-known despite low n
224597,Warhammer Underworlds: Shadespire,2017.0,2697,0.0095697722745317,"[""Category: Two-Player Fighting Games"", ""Digital Implementations: Steam"", ""Game: Warhammer Underworlds"", ""Game: Warhammer Underworlds Shadespire"", ""Players: Two-Player Only Games""]",5,0,0,True,ecosystem_derivative_borderline,borderline,medium_eco_hobby_penetration,eco 5 + ref_pen 0.0096 suggests hobby-known despite low n
268864,Undaunted: Normandy,2019.0,12314,0.0439722258050647,"[""Country: France"", ""Country: Germany"", ""Country: USA"", ""Crowdfunding: Spieleschmiede"", ""Digital Implementations: Steam""]",5,0,0,True,ecosystem_derivative_borderline,borderline,medium_eco_hobby_penetration,eco 5 + ref_pen 0.0440 suggests hobby-known despite low n
290359,Undaunted: North Africa,2020.0,4030,0.0143492841480717,"[""Country: Egypt"", ""Country: Italy"", ""Country: Libya"", ""Country: New Zealand"", ""Country: United Kingdom""]",5,0,0,True,ecosystem_derivative_borderline,borderline,medium_eco_hobby_penetration,eco 5 + ref_pen 0.0143 suggests hobby-known despite low n
122588,Dungeon Command: Sting of Lolth,2012.0,893,0.0031349871734239,"[""Digital Implementations: VASSAL"", ""Game: Dungeon Command"", ""Players: Two-Player Only Games"", ""Setting: Dungeons & Dragons""]",5,0,0,True,ecosystem_derivative_borderline,borderline,medium_eco_hobby_penetration,eco 5 + ref_pen 0.0031 suggests hobby-known despite low n
123123,BattleCON: Devastation of Indines,2013.0,3237,0.0115403356406838,"[""Category: Two-Player Fighting Games"", ""Crowdfunding: Kickstarter"", ""Digital Implementations: Tabletopia"", ""Game: BattleCON"", ""Players: Games with Solitaire Rules""]",5,0,0,True,ecosystem_derivative_borderline,borderline,medium_eco_hobby_penetration,eco 5 + ref_pen 0.0115 suggests hobby-known despite low n
240196,Betrayal Legacy,2018.0,4756,0.0169647591613282,"[""Category: Dungeon Crawler"", ""Mechanism: Campaign Games"", ""Mechanism: Legacy"", ""Players: One versus Many"", ""Series: Betrayal (Avalon Hill)""]",5,0,0,True,ecosystem_derivative_borderline,borderline,medium_eco_hobby_penetration,eco 5 + ref_pen 0.0170 suggests hobby-known despite low n
124965,Dungeon Command: Heart of Cormyr,2012.0,865,0.0030346675838743,"[""Digital Implementations: VASSAL"", ""Game: Dungeon Command"", ""Players: Two-Player Only Games"", ""Setting: Dungeons & Dragons""]",5,0,0,True,ecosystem_derivative_borderline,borderline,medium_eco_hobby_penetration,eco 5 + ref_pen 0.0030 suggests hobby-known despite low n
943,Ligretto,1988.0,4715,0.0167891998796164,"[""Containers: Tin/Metal Box"", ""Digital Implementations: BrettspielWelt"", ""Digital Implementations: Google Play"", ""Series: Ligretto (Schmidt Spiele)""]",5,0,0,True,ecosystem_derivative_borderline,borderline,medium_eco_hobby_penetration,eco 5 + ref_pen 0.0168 suggests hobby-known despite low n
9829,Runebound,2004.0,1522,0.0053312696160626,"[""Components: Polyhedral (not D6) dice"", ""Occupation: Adventurer / Explorer"", ""Series: Runebound (Fantasy Flight Games)"", ""Setting: The Realms of Terrinoth""]",5,0,0,True,ecosystem_derivative_borderline,borderline,medium_eco_hobby_penetration,eco 5 + ref_pen 0.0053 suggests hobby-known despite low n
40834,Dominion: Intrigue,2009.0,32981,0.1181657279619358,"[""Crowdfunding: Wspieram"", ""Digital Implementations: VASSAL"", ""Game: Dominion""]",5,0,0,True,ecosystem_derivative_borderline,borderline,medium_eco_hobby_penetration,eco 5 + ref_pen 0.1182 suggests hobby-known despite low n
176524,Hoplomachus: Origins,2015.0,667,0.0023754245668343,"[""Admin: Better Description Needed!"", ""Ancient: Rome"", ""Crowdfunding: Kickstarter"", ""Digital Implementations: TableTop Simulator Mod (TTS)"", ""Game: Hoplomachus""]",5,0,0,True,ecosystem_derivative_borderline,borderline,medium_eco_hobby_penetration,eco 5 + ref_pen 0.0024 suggests hobby-known despite low n
176734,The Manhattan Project: Energy Empire,2016.0,6224,0.022285280249939,"[""Crowdfunding: Kickstarter"", ""Digital Implementations: BoardGamePlay"", ""Game: The Manhattan Project"", ""Mechanism: Tableau Building"", ""Players: Games with Solitaire Rules""]",5,0,0,True,ecosystem_derivative_borderline,borderline,medium_eco_hobby_penetration,eco 5 + ref_pen 0.0223 suggests hobby-known despite low n
177659,The Manhattan Project 2: Minutes to Midnight,2018.0,825,0.0029522622067443,"[""Crowdfunding: Kickstarter"", ""Game: The Manhattan Project"", ""History: Cold War"", ""Theme: Physics"", ""Theme: Retro""]",5,0,0,True,ecosystem_derivative_borderline,borderline,medium_eco_hobby_penetration,eco 5 + ref_pen 0.0030 suggests hobby-known despite low n
194607,Mystic Vale,2016.0,11939,0.0427110652507273,"[""Components: PVC Cards"", ""Components: Transparent Elements"", ""Digital Implementations: Google Play"", ""Digital Implementations: Steam"", ""Digital Implementations: Yucata""]",5,0,0,True,ecosystem_derivative_borderline,borderline,medium_eco_hobby_penetration,eco 5 + ref_pen 0.0427 suggests hobby-known despite low n
230251,Mint Delivery,2017.0,2407,0.0085916562764234,"[""Containers: Mint Tins"", ""Containers: Tin/Metal Box"", ""Crowdfunding: Kickstarter"", ""Crowdfunding: Spieleschmiede"", ""Food & Drink: Candy""]",5,0,0,True,ecosystem_derivative_borderline,borderline,medium_eco_hobby_penetration,eco 5 + ref_pen 0.0086 suggests hobby-known despite low n
246855,Boss Monster: Rise of the Minibosses,2018.0,780,0.0027552058701291,"[""Game: Boss Monster"", ""Theme: Villainy""]",5,0,0,True,ecosystem_derivative_borderline,borderline,medium_eco_hobby_penetration,eco 5 + ref_pen 0.0028 suggests hobby-known despite low n
313889,Hoplomachus: Victorum,2023.0,1425,0.0050804706421886,"[""Ancient: Rome"", ""Components: PVC Cards"", ""Crowdfunding: Kickstarter"", ""Game: Hoplomachus"", ""Players: Solitaire Only Games""]",5,0,0,True,ecosystem_derivative_borderline,borderline,medium_eco_hobby_penetration,eco 5 + ref_pen 0.0051 suggests hobby-known despite low n
366495,Undaunted: Battle of Britain,2023.0,852,0.0030024220015191,"[""Country: England"", ""Country: Germany"", ""Country: United Kingdom"", ""History: World War II (Battle of Britain)"", ""Players: Two-Player Only Games""]",5,0,0,True,ecosystem_derivative_borderline,borderline,medium_eco_hobby_penetration,eco 5 + ref_pen 0.0030 suggests hobby-known despite low n
43530,Party Alias,2009.0,871,0.0030955759061008,"[""Game: Alias"", ""Word Games: Guess the Word""]",5,0,1,True,ecosystem_derivative_borderline,borderline,medium_eco_hobby_penetration,eco 5 + ref_pen 0.0031 suggests hobby-known despite low n
63628,The Manhattan Project,2012.0,9902,0.035430729323416,"[""Crowdfunding: Kickstarter"", ""Digital Implementations: BoardSpace"", ""Game: The Manhattan Project"", ""Mechanism: Tableau Building"", ""Theme: Physics""]",5,0,1,True,ecosystem_derivative_borderline,borderline,medium_eco_hobby_penetration,eco 5 + ref_pen 0.0354 suggests hobby-known despite low n
126008,Dungeon Command: Blood of Gruumsh,2013.0,585,0.0020314716883786,"[""Digital Implementations: VASSAL"", ""Game: Dungeon Command"", ""Players: Two-Player Only Games"", ""Setting: Dungeons & Dragons""]",5,0,0,True,ecosystem_derivative_borderline,borderline,medium_eco_hobby_penetration,eco 5 + ref_pen 0.0020 suggests hobby-known despite low n
131835,Boss Monster: The Dungeon Building Card Game,2013.0,16436,0.0580742938217464,"[""Containers: Unique Shape"", ""Creatures: Monsters"", ""Crowdfunding: Kickstarter"", ""Digital Implementations: TableTop Simulator Mod (TTS)"", ""Digital Implementations: VASSAL""]",5,0,0,True,ecosystem_derivative_borderline,borderline,medium_eco_hobby_penetration,eco 5 + ref_pen 0.0581 suggests hobby-known despite low n
153938,Camel Up,2014.0,27358,0.0978115998108259,"[""Animals: Camels"", ""Components: 3-Dimensional (3D)"", ""Components: Drop Tower"", ""Components: Meeples (Animal) / Animeeples"", ""Country: Egypt""]",5,0,0,True,ecosystem_derivative_borderline,borderline,medium_eco_hobby_penetration,eco 5 + ref_pen 0.0978 suggests hobby-known despite low n
342207,echoes: The Dancer,2021.0,763,0.002715794602806,"[""Components: Digital Hybrid \u2013 App/Website Required"", ""Country: Scotland"", ""Creatures: Ghosts"", ""Misc: Limited Replayability"", ""Series: echoes""]",5,0,0,True,ecosystem_derivative_borderline,borderline,medium_eco_hobby_penetration,eco 5 + ref_pen 0.0027 suggests hobby-known despite low n
1589,Star Fleet Battles,1979.0,1235,0.0040271149519182,"[""Creatures: Aliens / Extraterrestrials"", ""Game: Star Fleet Battles"", ""Players: Two-Player Only Games"", ""Players: Wargames with Rules Supporting Only Two Players"", ""Series: Pocket Games (Task Force Games)""]",5,0,0,True,ecosystem_derivative_borderline,borderline,medium_eco_hobby_penetration,eco 5 + ref_pen 0.0040 suggests hobby-known despite low n
3818,Alias,1990.0,1407,0.0050016481075426,"[""Game: Alias"", ""Word Games: Guess the Word""]",5,0,0,True,ecosystem_derivative_borderline,borderline,medium_eco_hobby_penetration,eco 5 + ref_pen 0.0050 suggests hobby-known despite low n
11170,Heroscape Master Set: Rise of the Valkyrie,2004.0,7868,0.027519813118936,"[""Components: 3-Dimensional (3D)"", ""Components: Miniatures"", ""Game: Heroscape"", ""Misc: Dice Tower Hall of Fame""]",5,0,0,True,ecosystem_derivative_borderline,borderline,medium_eco_hobby_penetration,eco 5 + ref_pen 0.0275 suggests hobby-known despite low n
21523,Runebound: Second Edition,2005.0,7713,0.0272510999326425,"[""Components: Polyhedral (not D6) dice"", ""Creatures: Dragons"", ""Occupation: Adventurer / Explorer"", ""Series: Runebound (Fantasy Flight Games)"", ""Setting: The Realms of Terrinoth""]",5,0,0,True,ecosystem_derivative_borderline,borderline,medium_eco_hobby_penetration,eco 5 + ref_pen 0.0273 suggests hobby-known despite low n
298701,Decktective: The Gaze of the Ghost,2020.0,577,0.0020350545308626,"[""Category: Escape Room Games"", ""Misc: Limited Replayability"", ""Series: Decktective (dV Giochi)""]",5,0,0,True,ecosystem_derivative_borderline,borderline,medium_eco_hobby_penetration,eco 5 + ref_pen 0.0020 suggests hobby-known despite low n
335212,Sentinels of the Multiverse: Definitive Edition,2022.0,1290,0.0045932040643765,"[""Category: DIZED Tutorial"", ""Crowdfunding: Kickstarter"", ""Game: Sentinel"", ""Misc: LongPack Games"", ""Theme: Boss Battle""]",5,0,0,True,ecosystem_derivative_borderline,borderline,medium_eco_hobby_penetration,eco 5 + ref_pen 0.0046 suggests hobby-known despite low n
8790,Activity,1990.0,1322,0.0047150207088295,"[""Admin: Better Description Needed!"", ""Mechanism: Drawing"", ""Series: Activity (Piatnik)""]",5,0,0,True,ecosystem_derivative_borderline,borderline,medium_eco_hobby_penetration,eco 5 + ref_pen 0.0047 suggests hobby-known despite low n
9609,War of the Ring,2004.0,10305,0.0365378276509451,"[""Authors: J.R.R. Tolkien"", ""Components: Map (Continental / National scale)"", ""Components: Miniatures"", ""Components: Multi-Use Cards"", ""Misc: Dice Tower Hall of Fame""]",5,0,0,True,ecosystem_derivative_borderline,borderline,medium_eco_hobby_penetration,eco 5 + ref_pen 0.0365 suggests hobby-known despite low n
24703,Heroscape Marvel: The Conflict Begins,2007.0,1890,0.0065960130128839,"[""Comic Books: Marvel Universe"", ""Game: Heroscape"", ""Players: Two-Player Only Games"", ""Theme: Superheroes""]",5,0,0,True,ecosystem_derivative_borderline,borderline,medium_eco_hobby_penetration,eco 5 + ref_pen 0.0066 suggests hobby-known despite low n
191977,The Castles of Burgundy: The Card Game,2016.0,6887,0.0246499562893216,"[""Components: Multi-Use Cards"", ""Country: France"", ""Digital Implementations: Yucata"", ""Game: The Castles of Burgundy"", ""Players: Games with Solitaire Rules""]",5,0,0,True,ecosystem_derivative_borderline,borderline,medium_eco_hobby_penetration,eco 5 + ref_pen 0.0246 suggests hobby-known despite low n
338434,Hoplomachus: Remastered,2023.0,616,0.0021998652851226,"[""Admin: Better Description Needed!"", ""Ancient: Rome"", ""Components: PVC Cards"", ""Crowdfunding: Kickstarter"", ""Game: Hoplomachus""]",5,0,0,True,ecosystem_derivative_borderline,borderline,medium_eco_hobby_penetration,eco 5 + ref_pen 0.0022 suggests hobby-known despite low n
358504,Betrayal at House on the Hill: 3rd Edition,2022.0,2576,0.0091183341215586,"[""Category: Dungeon Crawler"", ""Players: One versus Many"", ""Series: Betrayal (Avalon Hill)"", ""Theme: Spooky Old Houses""]",5,0,0,True,ecosystem_derivative_borderline,borderline,medium_eco_hobby_penetration,eco 5 + ref_pen 0.0091 suggests hobby-known despite low n
4862,Outburst!,1986.0,2005,0.0070367026384052,"[""Game: Outburst""]",5,0,0,True,ecosystem_derivative_borderline,borderline,medium_eco_hobby_penetration,eco 5 + ref_pen 0.0070 suggests hobby-known despite low n
36218,Dominion,2008.0,87834,0.3146953867320177,"[""Crowdfunding: Wspieram"", ""Digital Implementations: Apple App Store"", ""Digital Implementations: Google Play"", ""Digital Implementations: Steam"", ""Digital Implementations: VASSAL""]",5,0,0,True,ecosystem_derivative_borderline,borderline,medium_eco_hobby_penetration,eco 5 + ref_pen 0.3147 suggests hobby-known despite low n
146408,Sentinel Tactics: The Flame of Freedom,2014.0,779,0.0027695372400647,"[""Crowdfunding: Kickstarter"", ""Game: Sentinel"", ""Theme: Superheroes""]",5,0,0,True,ecosystem_derivative_borderline,borderline,medium_eco_hobby_penetration,eco 5 + ref_pen 0.0028 suggests hobby-known despite low n
174430,Gloomhaven,2017.0,54321,0.1946235865686401,"[""Category: Dungeon Crawler"", ""Components: Map (City Scale)"", ""Components: Miniatures"", ""Components: Multi-Use Cards"", ""Components: Standees""]",5,0,0,True,ecosystem_derivative_borderline,borderline,medium_eco_hobby_penetration,eco 5 + ref_pen 0.1946 suggests hobby-known despite low n
229491,Edge of Darkness,2019.0,2080,0.0070904452756639,"[""Components: Drop Tower"", ""Components: Miniatures"", ""Components: Transparent Elements"", ""Crowdfunding: Kickstarter"", ""Game: Edge of Darkness""]",5,0,0,True,ecosystem_derivative_borderline,borderline,medium_eco_hobby_penetration,eco 5 + ref_pen 0.0071 suggests hobby-known despite low n
230253,Star Realms: Frontiers,2018.0,5343,0.0190893847542886,"[""Crowdfunding: Kickstarter"", ""Game: Star Realms"", ""Players: Games with Solitaire Rules""]",5,0,0,True,ecosystem_derivative_borderline,borderline,medium_eco_hobby_penetration,eco 5 + ref_pen 0.0191 suggests hobby-known despite low n
261594,Warhammer Underworlds: Nightvault,2018.0,980,0.0034681915244278,"[""Game: Warhammer Underworlds"", ""Players: Two-Player Only Games""]",5,0,0,True,ecosystem_derivative_borderline,borderline,medium_eco_hobby_penetration,eco 5 + ref_pen 0.0035 suggests hobby-known despite low n
282765,Mint Cooperative,2020.0,735,0.0026047264858047,"[""Containers: Mint Tins"", ""Containers: Tin/Metal Box"", ""Crowdfunding: Kickstarter"", ""Crowdfunding: Spieleschmiede"", ""Mechanism: Dice Drafting""]",5,0,0,True,ecosystem_derivative_borderline,borderline,medium_eco_hobby_penetration,eco 5 + ref_pen 0.0026 suggests hobby-known despite low n
147020,Star Realms,2014.0,44411,0.1591176175530619,"[""Category: Two-Player Fighting Games"", ""Crowdfunding: Kickstarter"", ""Digital Implementations: Apple App Store"", ""Digital Implementations: Google Play"", ""Digital Implementations: Steam""]",5,0,0,True,ecosystem_derivative_borderline,borderline,medium_eco_hobby_penetration,eco 5 + ref_pen 0.1591 suggests hobby-known despite low n
181530,Runebound (Third Edition),2015.0,6058,0.0216403686028347,"[""Components: Dice with Icons"", ""Components: Map (Continental / National scale)"", ""Components: Miniatures"", ""Mechanism: Tableau Building"", ""Occupation: Adventurer / Explorer""]",5,0,0,True,ecosystem_derivative_borderline,borderline,medium_eco_hobby_penetration,eco 5 + ref_pen 0.0216 suggests hobby-known despite low n
226254,The Ruhr: A Story of Coal Trade,2017.0,695,0.0024900755263195,"[""Digital Implementations: Board Game Arena"", ""Occupation: Merchant"", ""Region: North Rhine-Westphalia (Germany)"", ""Series: Coal (Thomas Spitzer)""]",5,0,0,True,ecosystem_derivative_borderline,borderline,medium_eco_hobby_penetration,eco 5 + ref_pen 0.0025 suggests hobby-known despite low n
286827,Decktective: Bloody-Red Roses,2019.0,816,0.0028877710420339,"[""Category: Escape Room Games"", ""Misc: Limited Replayability"", ""Series: Decktective (dV Giochi)""]",5,0,0,True,ecosystem_derivative_borderline,borderline,medium_eco_hobby_penetration,eco 5 + ref_pen 0.0029 suggests hobby-known despite low n
342210,echoes: The Cocktail,2021.0,581,0.0020673001132178,"[""Cities: New York (New York, USA)"", ""Components: Digital Hybrid \u2013 App/Website Required"", ""Food & Drink: Liquor / Cocktails"", ""Misc: Limited Replayability"", ""Misc: Watch It Played How To Videos""]",5,0,0,True,ecosystem_derivative_borderline,borderline,medium_eco_hobby_penetration,eco 5 + ref_pen 0.0021 suggests hobby-known despite low n
1563,Rise and Decline of the Third Reich,1974.0,1923,0.0057468793441965,"[""Admin: Better Description Needed!"", ""Components: Map (Continental / National scale)"", ""Continents: Europe"", ""Country: Bulgaria"", ""Country: Finland""]",5,0,0,True,ecosystem_derivative_borderline,borderline,medium_eco_hobby_penetration,eco 5 + ref_pen 0.0057 suggests hobby-known despite low n
68264,No Retreat! The Russian Front,2011.0,1669,0.0057361308167447,"[""Country: Soviet Union"", ""History: World War II (Eastern Front)"", ""Players: Games with expansions that add solo play"", ""Players: Two-Player Only Games"", ""Series: No Retreat! (Carl Paradis)""]",5,0,0,True,ecosystem_derivative_borderline,borderline,medium_eco_hobby_penetration,eco 5 + ref_pen 0.0057 suggests hobby-known despite low n
117995,"Spot it! 1,2,3",2012.0,992,0.0035111856342347,"[""Animals: Cats"", ""Animals: Dogs"", ""Animals: Fish / Fishes"", ""Brands: Disney"", ""Characters: Jake and the Never Land Pirates""]",5,0,0,True,ecosystem_derivative_borderline,borderline,medium_eco_hobby_penetration,eco 5 + ref_pen 0.0035 suggests hobby-known despite low n
276182,Dead Reckoning,2022.0,3231,0.0115510841681356,"[""Components: Drop Tower"", ""Components: Transparent Elements"", ""Crowdfunding: Kickstarter"", ""Digital Implementations: TableTop Simulator Mod (TTS)"", ""Game:  Dead Reckoning""]",5,0,0,True,ecosystem_derivative_borderline,borderline,medium_eco_hobby_penetration,eco 5 + ref_pen 0.0116 suggests hobby-known despite low n
34219,Biblios,2007.0,17799,0.0637316021038451,"[""Containers: Book-like"", ""Containers: Magnetic Flip Box"", ""Containers: Video Tape Boxes"", ""Religious: Monks/Abbots & Monasteries/Abbeys"", ""Series: Biblios (Steve Finn)""]",5,0,0,True,ecosystem_derivative_borderline,borderline,medium_eco_hobby_penetration,eco 5 + ref_pen 0.0637 suggests hobby-known despite low n
95234,Cthulhu Gloom,2011.0,1957,0.0068826404115969,"[""Components: Transparent Elements"", ""Game: Gloom"", ""Theme: Cthulhu Mythos""]",5,0,1,True,ecosystem_derivative_borderline,borderline,medium_eco_hobby_penetration,eco 5 + ref_pen 0.0069 suggests hobby-known despite low n
256952,Zombie Kidz Evolution,2018.0,5294,0.0188206715679951,"[""Creatures: Zombies"", ""Mechanism: Legacy"", ""Series: Zombie Kidz"", ""Versions & Editions: Legacy Versions of Non-Legacy Games""]",5,0,0,True,ecosystem_derivative_borderline,borderline,medium_eco_hobby_penetration,eco 5 + ref_pen 0.0188 suggests hobby-known despite low n
327076,Cartaventura: Lhasa,2021.0,1206,0.0042886624532439,"[""Country: China"", ""Country: India"", ""Mechanism: Campaign Games"", ""Misc: Limited Replayability"", ""Mountain: Himalayas""]",5,0,0,True,ecosystem_derivative_borderline,borderline,medium_eco_hobby_penetration,eco 5 + ref_pen 0.0043 suggests hobby-known despite low n
327077,Cartaventura: Vinland,2021.0,1042,0.0036903277584304,"[""Theme: Vikings"", ""Islands: Greenland (Denmark)"", ""Mechanism: Campaign Games"", ""Misc: Limited Replayability"", ""Players: Games with Solitaire Rules""]",5,0,0,True,ecosystem_derivative_borderline,borderline,medium_eco_hobby_penetration,eco 5 + ref_pen 0.0037 suggests hobby-known despite low n
12692,Gloom,2005.0,15426,0.0543947145907677,"[""Components: Transparent Elements"", ""Digital Implementations: Apple App Store"", ""Digital Implementations: Steam"", ""Game: Gloom"", ""Misc: Lowest Score Wins""]",5,0,0,True,ecosystem_derivative_borderline,borderline,medium_eco_hobby_penetration,eco 5 + ref_pen 0.0544 suggests hobby-known despite low n
53317,Pictureka! Card Game,2008.0,579,0.0020458030583143,"[""Game: Pictureka"", ""Series: Shuffle Card Games (Cartamundi / Hasbro)""]",5,0,0,True,ecosystem_derivative_borderline,borderline,medium_eco_hobby_penetration,eco 5 + ref_pen 0.0020 suggests hobby-known despite low n
89409,BattleCON: War of Indines,2012.0,1906,0.0067787379795634,"[""Category: Two-Player Fighting Games"", ""Crowdfunding: Kickstarter"", ""Digital Implementations: Tabletopia"", ""Digital Implementations: VASSAL"", ""Game: BattleCON""]",5,0,0,True,ecosystem_derivative_borderline,borderline,medium_eco_hobby_penetration,eco 5 + ref_pen 0.0068 suggests hobby-known despite low n
102548,Dungeon Fighter,2011.0,6788,0.0242379294036717,"[""Components: 3-Dimensional (3D)"", ""Game: Dungeon Fighter"", ""Players: Games with Solitaire Rules""]",5,0,0,True,ecosystem_derivative_borderline,borderline,medium_eco_hobby_penetration,eco 5 + ref_pen 0.0242 suggests hobby-known despite low n
102652,Sentinels of the Multiverse,2011.0,15598,0.0555842182954268,"[""Components: Official Music Soundtrack"", ""Crowdfunding: Kickstarter"", ""Digital Implementations: Apple App Store"", ""Digital Implementations: Google Play"", ""Digital Implementations: Steam""]",5,0,0,True,ecosystem_derivative_borderline,borderline,medium_eco_hobby_penetration,eco 5 + ref_pen 0.0556 suggests hobby-known despite low n
113873,"The Hunters: German U-Boats at War, 1939-43",2013.0,1676,0.0055032460552904,"[""Country: Germany"", ""Country: USA"", ""Mechanism: Campaign Games"", ""Players: Games with Solitaire Rules"", ""Players: Two-Player Only Games""]",5,0,0,True,ecosystem_derivative_borderline,borderline,medium_eco_hobby_penetration,eco 5 + ref_pen 0.0055 suggests hobby-known despite low n
151022,Baseball Highlights: 2045,2015.0,4596,0.0164094185763217,"[""Game: Baseball Highlights: 2045"", ""Players: Games with Solitaire Rules"", ""Sports: Baseball"", ""Theme: Robots"", ""Theme: Sci-Fi Sports""]",5,0,0,True,ecosystem_derivative_borderline,borderline,medium_eco_hobby_penetration,eco 5 + ref_pen 0.0164 suggests hobby-known despite low n
176565,Ninja Camp,2016.0,1207,0.0043065766656634,"[""Components:  Meeples"", ""Crowdfunding: Kickstarter"", ""Game: Ninja Camp"", ""Series: Small Box Big Fun (Action Phase Games)"", ""Theme: Ninjas""]",5,0,0,True,ecosystem_derivative_borderline,borderline,medium_eco_hobby_penetration,eco 5 + ref_pen 0.0043 suggests hobby-known despite low n
177249,The Manhattan Project: Chain Reaction,2016.0,1887,0.0067429095547243,"[""Components: Multi-Use Cards"", ""Game: The Manhattan Project"", ""Players: Games with Solitaire Rules"", ""Theme: Physics"", ""Theme: Retro""]",5,0,0,True,ecosystem_derivative_borderline,borderline,medium_eco_hobby_penetration,eco 5 + ref_pen 0.0067 suggests hobby-known despite low n
181810,Kodama: The Tree Spirits,2016.0,5896,0.0210384510655373,"[""Country: Japan"", ""Crowdfunding: Kickstarter"", ""Game: Kodama"", ""Mechanism: Partially overlapping cards"", ""Mechanism: Tableau Building""]",5,0,0,True,ecosystem_derivative_borderline,borderline,medium_eco_hobby_penetration,eco 5 + ref_pen 0.0210 suggests hobby-known despite low n
194286,Catacombs & Castles,2017.0,722,0.0025796465884173,"[""Crowdfunding: Kickstarter"", ""Game: Catacombs"", ""Mechanism: Finger Flicking Games""]",5,0,0,True,ecosystem_derivative_borderline,borderline,medium_eco_hobby_penetration,eco 5 + ref_pen 0.0026 suggests hobby-known despite low n
201808,Clank!: A Deck-Building Adventure,2016.0,42615,0.152682832451954,"[""Category: Dungeon Crawler"", ""Creatures: Dragons"", ""Creatures: Goblins"", ""Creatures: Monsters"", ""Digital Implementations: Dire Wolf Game Room""]",5,0,0,True,ecosystem_derivative_borderline,borderline,medium_eco_hobby_penetration,eco 5 + ref_pen 0.1527 suggests hobby-known despite low n
228660,Betrayal at Baldur's Gate,2017.0,4169,0.0147684767186895,"[""Category: Dungeon Crawler"", ""Components: Miniatures"", ""Players: One versus Many"", ""Series: Betrayal (Avalon Hill)"", ""Setting: Dungeons & Dragons""]",5,0,0,True,ecosystem_derivative_borderline,borderline,medium_eco_hobby_penetration,eco 5 + ref_pen 0.0148 suggests hobby-known despite low n
291457,Gloomhaven: Jaws of the Lion,2020.0,33528,0.1201255428006363,"[""Category: Dungeon Crawler"", ""Components: Book as Board"", ""Components: Miniatures"", ""Components: Multi-Use Cards"", ""Components: Standees""]",5,0,1,True,ecosystem_derivative_borderline,borderline,medium_eco_hobby_penetration,eco 5 + ref_pen 0.1201 suggests hobby-known despite low n
393672,Gloomhaven: Buttons & Bugs,2024.0,1835,0.006549436060593,"[""Category: DIZED Tutorial"", ""Category: Dungeon Crawler"", ""Components: Dice with Icons"", ""Components: Miniatures"", ""Creatures: Monsters""]",5,0,0,True,ecosystem_derivative_borderline,borderline,medium_eco_hobby_penetration,eco 5 + ref_pen 0.0065 suggests hobby-known despite low n
24,Twilight Imperium,1997.0,688,0.0024040873067056,"[""Components: Hexagonal Tiles"", ""Game: Twilight Imperium"", ""Mechanism: 4X""]",5,0,0,True,ecosystem_derivative_borderline,borderline,medium_eco_hobby_penetration,eco 5 + ref_pen 0.0024 suggests hobby-known despite low n
42,Tigris & Euphrates,1997.0,28453,0.1019426171947776,"[""Ancient: Babylon"", ""Ancient: Mesopotamia"", ""Components: Map (Regional scale)"", ""Components: Player Screens"", ""Components: Wooden pieces & boards""]",5,0,0,True,ecosystem_derivative_borderline,borderline,medium_eco_hobby_penetration,eco 5 + ref_pen 0.1019 suggests hobby-known despite low n
764,Mad Gab,1996.0,1620,0.0056644739670665,"[""Containers: Cubes"", ""Game: Mad Gab"", ""Series: To Go! games (Mattel)""]",5,0,0,True,ecosystem_derivative_borderline,borderline,medium_eco_hobby_penetration,eco 5 + ref_pen 0.0057 suggests hobby-known despite low n
1423,Storm over Arnhem,1981.0,905,0.002798199979936,"[""Cities: Arnhem (The Netherlands)"", ""Components: Map (City Scale)"", ""Country: Germany"", ""Country: Netherlands"", ""Country: United Kingdom""]",5,0,0,True,ecosystem_derivative_borderline,borderline,medium_eco_hobby_penetration,eco 5 + ref_pen 0.0028 suggests hobby-known despite low n
253664,Taco Cat Goat Cheese Pizza,2018.0,6369,0.0225432449087808,"[""Animals: Cats"", ""Animals: Goats"", ""Crowdfunding: Kickstarter"", ""Food & Drink: Cheese"", ""Food & Drink: Pizza""]",5,0,0,True,ecosystem_derivative_borderline,borderline,medium_eco_hobby_penetration,eco 5 + ref_pen 0.0225 suggests hobby-known despite low n
287952,Unstable Unicorns: NSFW Base Game,2019.0,620,0.0021353741204121,"[""Containers: Magnetic Flip Box"", ""Creatures: Unicorns"", ""Game: Unstable unicorns"", ""Versions & Editions: Adult Versions of Family-Friendly Games""]",5,0,0,True,ecosystem_derivative_borderline,borderline,medium_eco_hobby_penetration,eco 5 + ref_pen 0.0021 suggests hobby-known despite low n
310192,Overboss: A Boss Monster Adventure,2021.0,2150,0.0076493687031543,"[""Components: Game Trayz Inside"", ""Crowdfunding: Kickstarter"", ""Game: Boss Monster"", ""Theme: Villainy""]",5,0,1,True,ecosystem_derivative_borderline,borderline,medium_eco_hobby_penetration,eco 5 + ref_pen 0.0076 suggests hobby-known despite low n
318243,HITSTER,2022.0,3729,0.0133353397251243,"[""Components: Digital Hybrid \u2013 App/Website Required"", ""Crowdfunding: Kickstarter"", ""Game: Hitster"", ""Music: Pop"", ""Trivia: Music""]",5,0,0,True,ecosystem_derivative_borderline,borderline,medium_eco_hobby_penetration,eco 5 + ref_pen 0.0133 suggests hobby-known despite low n
362944,War of the Ring: The Card Game,2022.0,3763,0.0134679048970291,"[""Admin: Better Description Needed!"", ""Authors: J.R.R. Tolkien"", ""Category: DIZED Tutorial"", ""Players: Games with expansions that add solo play"", ""Players: Games with expansions that change player count""]",5,0,0,True,ecosystem_derivative_borderline,borderline,medium_eco_hobby_penetration,eco 5 + ref_pen 0.0135 suggests hobby-known despite low n
397736,HITSTER: Guilty Pleasures,2023.0,652,0.0023252647720595,"[""Components: Digital Hybrid \u2013 App/Website Required"", ""Game: Hitster""]",5,0,0,True,ecosystem_derivative_borderline,borderline,medium_eco_hobby_penetration,eco 5 + ref_pen 0.0023 suggests hobby-known despite low n
1552,Illuminati: New World Order,1994.0,1285,0.0044749702624073,"[""Admin: Better Description Needed!"", ""Collectible: Collectible Card Games"", ""Digital Implementations: Steam"", ""Game: Illuminati""]",5,0,0,True,ecosystem_derivative_borderline,borderline,medium_eco_hobby_penetration,eco 5 + ref_pen 0.0045 suggests hobby-known despite low n
16395,Blokus Duo,2005.0,5818,0.0206515040772747,"[""Category: Combinatorial"", ""Components: 14 x 14 Grids"", ""Components: Polyominoes"", ""Game: Blokus"", ""Players: Two-Player Only Games""]",5,0,0,True,ecosystem_derivative_borderline,borderline,medium_eco_hobby_penetration,eco 5 + ref_pen 0.0207 suggests hobby-known despite low n
207243,The City of Kings,2018.0,2483,0.0088890322025882,"[""Category: Dungeon Crawler"", ""Crowdfunding: Kickstarter"", ""Game: The City of Kings"", ""Players: Games with Solitaire Rules"", ""Theme: City""]",5,0,0,True,ecosystem_derivative_borderline,borderline,medium_eco_hobby_penetration,eco 5 + ref_pen 0.0089 suggests hobby-known despite low n
27976,Heroscape Master Set: Swarm of the Marro,2007.0,2332,0.0081796293907734,"[""Game: Heroscape""]",5,0,1,True,ecosystem_derivative_borderline,borderline,medium_eco_hobby_penetration,eco 5 + ref_pen 0.0082 suggests hobby-known despite low n
54361,Heroscape Master Set:  Battle for the Underdark,2010.0,1028,0.0036115052237843,"[""Creatures: Dragons"", ""Game: Heroscape"", ""Players: Two-Player Only Games"", ""Setting: Dungeons & Dragons""]",5,0,0,True,ecosystem_derivative_borderline,borderline,medium_eco_hobby_penetration,eco 5 + ref_pen 0.0036 suggests hobby-known despite low n
124968,Dungeon Command: Tyranny of Goblins,2012.0,668,0.0023360132995113,"[""Creatures: Goblins"", ""Digital Implementations: VASSAL"", ""Game: Dungeon Command"", ""Setting: Dungeons & Dragons""]",5,0,0,True,ecosystem_derivative_borderline,borderline,medium_eco_hobby_penetration,eco 5 + ref_pen 0.0023 suggests hobby-known despite low n
124969,Dungeon Command: Curse of Undeath,2012.0,674,0.0023431789844791,"[""Digital Implementations: VASSAL"", ""Game: Dungeon Command"", ""Players: Two-Player Only Games"", ""Setting: Dungeons & Dragons""]",5,0,0,True,ecosystem_derivative_borderline,borderline,medium_eco_hobby_penetration,eco 5 + ref_pen 0.0023 suggests hobby-known despite low n
164506,Biblios Dice,2015.0,593,0.0021174599079926,"[""Components: Player Screens"", ""Crowdfunding: Kickstarter"", ""Digital Implementations: Steam"", ""Mechanism: Artificial Player"", ""Religious: Monks/Abbots & Monasteries/Abbeys""]",5,0,0,True,ecosystem_derivative_borderline,borderline,medium_eco_hobby_penetration,eco 5 + ref_pen 0.0021 suggests hobby-known despite low n
