game_id,n_obs,n_ref_raters,ref_penetration,hiddenness_bucket
12,27540,27540,0.09867148200696504,exclude_>2500
173,7719,7623,0.027312008254869083,exclude_>2500
178,217,213,0.000763145449073477,eligible_<1700
180,139,138,0.0004944322627799991,eligible_<1700
181,34214,33414,0.11971709875747023,exclude_>2500
183,148,147,0.0005266778451352165,eligible_<1700
185,713,691,0.0024757441563839086,eligible_<1700
190,202,202,0.0007237341817504336,eligible_<1700
195,106,102,0.0003654499333591298,eligible_<1700
199,5828,5810,0.020816314831534746,exclude_>2500
206,317,317,0.0011357610674004328,eligible_<1700
214,2876,2866,0.010268426558894764,exclude_>2500
424,1053,1026,0.0036759963884947762,eligible_<1700
481,3669,3659,0.013109620648637804,exclude_>2500
483,12881,12618,0.0452083064620147,exclude_>2500
486,243,239,0.0008562993536552159,eligible_<1700
487,274,266,0.0009530361007208679,eligible_<1700
497,638,633,0.0022679392923169524,eligible_<1700
499,388,381,0.0013650629863708671,eligible_<1700
507,176,174,0.0006234145922008685,eligible_<1700
509,786,778,0.0027874514524843428,eligible_<1700
510,223,223,0.0007989738739126073,eligible_<1700
514,587,572,0.002049385900798257,eligible_<1700
519,115,115,0.00041202688564999926,eligible_<1700
828,383,363,0.0013005718216604326,eligible_<1700
834,1056,1045,0.0037440703956891238,eligible_<1700
853,348,346,0.001239663499433911,eligible_<1700
855,3469,3455,0.012378720781919544,exclude_>2500
865,222,210,0.0007523969216217378,eligible_<1700
866,183,174,0.0006234145922008685,eligible_<1700
869,541,537,0.001923986413861301,eligible_<1700
870,543,534,0.001913237886409562,eligible_<1700
908,3063,3042,0.010899006836063459,exclude_>2500
916,110,109,0.0003905298307465211,eligible_<1700
929,8138,8075,0.028931453057597777,exclude_>2500
935,526,515,0.0018451638792152142,eligible_<1700
937,306,299,0.0010712699026899982,eligible_<1700
940,172,172,0.0006162489072330424,eligible_<1700
950,432,429,0.001537039425598693,eligible_<1700
954,125,125,0.0004478553104891297,eligible_<1700
982,499,462,0.0016552732275678232,eligible_<1700
988,471,466,0.0016696045975034754,eligible_<1700
1017,995,994,0.003561345429009559,eligible_<1700
1032,1914,1668,0.005976181263166946,borderline_1700-2500
1037,638,622,0.0022285280249939093,eligible_<1700
1467,269,260,0.0009315390458173897,eligible_<1700
1468,105,100,0.00035828424839130373,eligible_<1700
1470,230,228,0.0008168880863321725,eligible_<1700
1477,122,114,0.00040844404316608626,eligible_<1700
1484,1618,1574,0.005639394069679121,eligible_<1700
1491,1215,1208,0.004328073720566949,eligible_<1700
1916,300,288,0.0010318586353669547,eligible_<1700
1919,398,315,0.0011285953824326067,eligible_<1700
1920,332,316,0.0011321782249165198,eligible_<1700
1931,781,763,0.0027337088152256475,eligible_<1700
1961,614,603,0.0021604540177995613,eligible_<1700
1969,133,123,0.00044068962552130356,eligible_<1700
1987,115,100,0.00035828424839130373,eligible_<1700
1992,892,861,0.003084827378649125,eligible_<1700
1998,149,148,0.0005302606876191296,eligible_<1700
2000,150,146,0.0005230950026513034,eligible_<1700
2002,144,141,0.0005051807902317383,eligible_<1700
2004,386,376,0.001347148773951302,eligible_<1700
2040,165,159,0.000569671954942173,eligible_<1700
2073,518,417,0.0014940453157917366,eligible_<1700
2078,182,137,0.0004908494202960861,eligible_<1700
2079,585,455,0.0016301933301804319,eligible_<1700
2091,131,123,0.00044068962552130356,eligible_<1700
2099,106,106,0.00037978130329478196,eligible_<1700
2114,615,606,0.0021712025452513004,eligible_<1700
2121,150,134,0.000480100892844347,eligible_<1700
2130,356,349,0.00125041202688565,eligible_<1700
2133,574,556,0.0019920604210556486,eligible_<1700
2138,105,83,0.0002973759261647821,eligible_<1700
2157,157,149,0.0005338435301030425,eligible_<1700
2168,561,499,0.0017878383994726055,eligible_<1700
2179,424,422,0.0015119595282113017,eligible_<1700
2180,179,176,0.0006305802771686945,eligible_<1700
2206,230,211,0.0007559797641056509,eligible_<1700
2212,402,393,0.0014080570961778236,eligible_<1700
2213,207,185,0.0006628258595239119,eligible_<1700
2214,162,146,0.0005230950026513034,eligible_<1700
2223,29272,28601,0.10247287788239678,exclude_>2500
2604,1325,1301,0.004661278071570862,eligible_<1700
2608,494,473,0.0016946844948908667,eligible_<1700
2613,259,233,0.0008348022987517377,eligible_<1700
2641,123,113,0.0004048612006821732,eligible_<1700
2645,125,115,0.00041202688564999926,eligible_<1700
2651,64071,64071,0.2295563007867922,exclude_>2500
2667,257,253,0.0009064591484299984,eligible_<1700
2669,578,561,0.002009974633475214,eligible_<1700
2672,384,381,0.0013650629863708671,eligible_<1700
2693,255,250,0.0008957106209782593,eligible_<1700
2707,123,121,0.0004335239405534775,eligible_<1700
2716,123,122,0.00043710678303739056,eligible_<1700
2721,124,115,0.00041202688564999926,eligible_<1700
2728,185,177,0.0006341631196526076,eligible_<1700
2742,135,117,0.0004191925706178254,eligible_<1700
2760,120,112,0.00040127835819826015,eligible_<1700
2771,361,356,0.0012754919242730413,eligible_<1700
2775,120,108,0.000386946988262608,eligible_<1700
2779,177,149,0.0005338435301030425,eligible_<1700
2812,237,205,0.0007344827092021726,eligible_<1700
2843,424,423,0.0015155423706952147,eligible_<1700
2872,530,509,0.0018236668243117359,eligible_<1700
2876,671,647,0.002318099087091735,eligible_<1700
2878,240,227,0.0008133052438482595,eligible_<1700
2888,137,109,0.0003905298307465211,eligible_<1700
2901,240,232,0.0008312194562678246,eligible_<1700
2902,115,112,0.00040127835819826015,eligible_<1700
2904,272,215,0.000770311134041303,eligible_<1700
2936,416,410,0.0014689654184043453,eligible_<1700
2937,211,210,0.0007523969216217378,eligible_<1700
2944,3296,3263,0.01169081502500824,exclude_>2500
2946,171,164,0.0005875861673617382,eligible_<1700
2970,262,251,0.0008992934634621723,eligible_<1700
2975,454,410,0.0014689654184043453,eligible_<1700
2979,267,255,0.0009136248333978245,eligible_<1700
2980,256,242,0.000867047881106955,eligible_<1700
2986,115,104,0.00037261561832695585,eligible_<1700
2988,162,139,0.0004980151052639122,eligible_<1700
2990,168,163,0.0005840033248778251,eligible_<1700
3034,268,251,0.0008992934634621723,eligible_<1700
3048,570,550,0.0019705633661521705,eligible_<1700
3054,118,93,0.0003332043510039125,eligible_<1700
4562,608,607,0.0021747853877352136,eligible_<1700
4580,117,117,0.0004191925706178254,eligible_<1700
4597,199,195,0.0006986542843630423,eligible_<1700
4598,226,225,0.0008061395588804333,eligible_<1700
4606,444,431,0.0015442051105665191,eligible_<1700
4610,1435,1421,0.005091219169640426,eligible_<1700
4651,474,342,0.0012253321294982587,eligible_<1700
4667,283,265,0.0009494532582369549,eligible_<1700
4688,540,525,0.0018809923040543446,eligible_<1700
4696,129,121,0.0004335239405534775,eligible_<1700
4741,974,941,0.003371454777362168,eligible_<1700
4780,202,201,0.0007201513392665205,eligible_<1700
4781,175,167,0.0005983346948134772,eligible_<1700
4794,118,104,0.00037261561832695585,eligible_<1700
4816,517,505,0.0018093354543760839,eligible_<1700
4902,103,96,0.00034395287845565155,eligible_<1700
4909,138,126,0.0004514381529730427,eligible_<1700
4910,468,447,0.0016015305903091276,eligible_<1700
4914,121,89,0.0003188729810682603,eligible_<1700
4921,289,226,0.0008097224013643464,eligible_<1700
4934,388,376,0.001347148773951302,eligible_<1700
4975,202,200,0.0007165684967826075,eligible_<1700
4985,453,437,0.0015657021654699973,eligible_<1700
4991,398,390,0.0013973085687260846,eligible_<1700
5014,479,475,0.0017018501798586926,eligible_<1700
5041,139,110,0.0003941126732304341,eligible_<1700
5060,151,132,0.0004729352078765209,eligible_<1700
5195,913,892,0.0031958954956504294,eligible_<1700
5222,401,398,0.0014259713085973888,eligible_<1700
5239,145,117,0.0004191925706178254,eligible_<1700
5243,209,208,0.0007452312366539117,eligible_<1700
5244,105,95,0.00034037003597173855,eligible_<1700
5255,363,345,0.001236080656949998,eligible_<1700
5260,137,133,0.00047651805036043397,eligible_<1700
5281,323,313,0.0011214296974647806,eligible_<1700
5296,451,341,0.0012217492870143457,eligible_<1700
5297,419,345,0.001236080656949998,eligible_<1700
5336,1580,1515,0.005428006363128251,eligible_<1700
5369,253,230,0.0008240537712999985,eligible_<1700
5393,657,652,0.0023360132995113004,eligible_<1700
5404,9343,9327,0.0334171718474569,exclude_>2500
5452,196,139,0.0004980151052639122,eligible_<1700
5455,591,445,0.0015943649053413015,eligible_<1700
5467,195,182,0.0006520773320721727,eligible_<1700
5491,157,155,0.0005553405850065207,eligible_<1700
5504,288,236,0.0008455508262034768,eligible_<1700
5559,181,158,0.0005660891124582599,eligible_<1700
5635,169,131,0.00046935236539260786,eligible_<1700
5637,140,125,0.0004478553104891297,eligible_<1700
5650,119,113,0.0004048612006821732,eligible_<1700
5651,445,336,0.0012038350745947805,eligible_<1700
5680,293,250,0.0008957106209782593,eligible_<1700
5686,145,124,0.0004442724680052166,eligible_<1700
5697,621,613,0.0021962824426386917,eligible_<1700
5711,401,397,0.0014223884661134758,eligible_<1700
5716,6023,5992,0.02146839216360692,exclude_>2500
8009,146,137,0.0004908494202960861,eligible_<1700
8031,139,131,0.00046935236539260786,eligible_<1700
8045,2339,2334,0.00836235435745303,borderline_1700-2500
8051,6562,6533,0.023406709947403872,exclude_>2500
8121,105,96,0.00034395287845565155,eligible_<1700
8124,1806,1799,0.006445533628559554,borderline_1700-2500
8130,692,691,0.0024757441563839086,eligible_<1700
8147,839,836,0.002995256316551299,eligible_<1700
8203,21686,21547,0.07719950700087422,exclude_>2500
8207,1362,1329,0.004761597661120427,eligible_<1700
8229,1213,1198,0.004292245295727818,eligible_<1700
8232,441,440,0.0015764506929217363,eligible_<1700
8243,610,597,0.002138956962896083,eligible_<1700
8273,993,987,0.003536265531622168,eligible_<1700
8284,249,181,0.0006484944895882597,eligible_<1700
8320,236,164,0.0005875861673617382,eligible_<1700
8322,111,88,0.00031529013858434726,eligible_<1700
8328,224,161,0.000576837639909999,eligible_<1700
8495,258,230,0.0008240537712999985,eligible_<1700
8497,227,216,0.000773893976525216,eligible_<1700
8522,1245,1211,0.004338822248018688,eligible_<1700
9675,1416,1413,0.0050625564297691215,eligible_<1700
9681,149,145,0.0005195121601673904,eligible_<1700
9735,629,622,0.0022285280249939093,eligible_<1700
9801,187,187,0.0006699915444917379,eligible_<1700
9803,129,104,0.00037261561832695585,eligible_<1700
9804,222,208,0.0007452312366539117,eligible_<1700
9824,190,190,0.0006807400719434771,eligible_<1700
12355,174,151,0.0005410092150708686,eligible_<1700
12477,3218,3193,0.011440016051134328,exclude_>2500
12545,405,387,0.0013865600412743455,eligible_<1700
12608,158,154,0.0005517577425226077,eligible_<1700
12623,229,229,0.0008204709288160856,eligible_<1700
12627,533,518,0.0018559124066669533,eligible_<1700
12634,214,212,0.0007595626065895639,eligible_<1700
12826,861,832,0.002980924946615647,eligible_<1700
12829,263,262,0.0009387047307852157,eligible_<1700
12897,217,157,0.0005625062699743469,eligible_<1700
12902,4435,4408,0.01579316966908867,exclude_>2500
15510,2463,2461,0.008817375352909985,borderline_1700-2500
15731,183,180,0.0006449116471043467,eligible_<1700
15804,126,125,0.0004478553104891297,eligible_<1700
15818,11579,11518,0.04126717972971036,exclude_>2500
17026,175,174,0.0006234145922008685,eligible_<1700
17030,221,221,0.0007918081889447812,eligible_<1700
17132,116,115,0.00041202688564999926,eligible_<1700
17133,12114,12072,0.043252074465798186,exclude_>2500
17204,223,223,0.0007989738739126073,eligible_<1700
17209,333,327,0.0011715894922395631,eligible_<1700
17235,190,188,0.000673574386975651,eligible_<1700
17250,365,358,0.0012826576092408674,eligible_<1700
17274,280,275,0.0009852816830760852,eligible_<1700
17450,335,333,0.0011930865471430415,eligible_<1700
17465,513,491,0.0017591756596013013,eligible_<1700
20847,541,540,0.0019347349413130401,eligible_<1700
20881,220,217,0.0007774768190091291,eligible_<1700
20906,103,101,0.0003618670908752168,eligible_<1700
20907,111,108,0.000386946988262608,eligible_<1700
20963,9123,9055,0.03244263869183255,exclude_>2500
20966,252,250,0.0008957106209782593,eligible_<1700
21123,134,132,0.0004729352078765209,eligible_<1700
22192,1597,1554,0.00556773722000086,eligible_<1700
22254,108,106,0.00037978130329478196,eligible_<1700
22544,330,320,0.0011465095948521718,eligible_<1700
22545,10172,10149,0.03636226836923342,exclude_>2500
22629,101,97,0.0003475357209395646,eligible_<1700
22673,270,267,0.000956618943204781,eligible_<1700
22684,202,199,0.0007129856542986944,eligible_<1700
22766,395,391,0.0014008914112099975,eligible_<1700
22827,7307,7259,0.026007853590724737,exclude_>2500
22861,471,464,0.0016624389125356493,eligible_<1700
22889,1363,1326,0.004750849133668688,eligible_<1700
23142,1944,1916,0.006864726199177379,borderline_1700-2500
23284,110,107,0.00038336414577869497,eligible_<1700
23329,311,300,0.0010748527451739111,eligible_<1700
23348,387,380,0.0013614801438869542,eligible_<1700
23375,169,168,0.0006019175372973903,eligible_<1700
23604,741,738,0.0026441377531278214,eligible_<1700
23656,332,327,0.0011715894922395631,eligible_<1700
23657,112,111,0.00039769551571434714,eligible_<1700
23685,309,278,0.0009960302105278243,eligible_<1700
26054,545,542,0.0019419006262808662,eligible_<1700
26118,163,161,0.000576837639909999,eligible_<1700
26124,175,174,0.0006234145922008685,eligible_<1700
26233,111,111,0.00039769551571434714,eligible_<1700
26459,214,196,0.0007022371268469553,eligible_<1700
26859,1305,1294,0.00463619817418347,eligible_<1700
26961,253,252,0.0009028763059460854,eligible_<1700
27028,155,146,0.0005230950026513034,eligible_<1700
28023,20742,20700,0.07416483941699988,exclude_>2500
28025,1519,1514,0.005424423520644339,eligible_<1700
28047,249,248,0.0008885449360104332,eligible_<1700
28143,55102,55102,0.19742178654857617,exclude_>2500
30645,4375,4370,0.01565702165469997,exclude_>2500
30741,227,226,0.0008097224013643464,eligible_<1700
30878,288,288,0.0010318586353669547,eligible_<1700
30957,4660,4657,0.016685297447583014,exclude_>2500
31506,1429,1424,0.005101967697092165,eligible_<1700
31547,192,192,0.0006879057569113031,eligible_<1700
31621,598,595,0.0021317912779282573,eligible_<1700
31627,14132,14107,0.050543158920561215,exclude_>2500
31759,880,852,0.003052581796293908,eligible_<1700
31808,1573,1545,0.005535491637645643,eligible_<1700
31822,468,467,0.0016731874399873883,eligible_<1700
31897,317,316,0.0011321782249165198,eligible_<1700
31935,159,157,0.0005625062699743469,eligible_<1700
31954,415,371,0.0013292345615317368,eligible_<1700
31968,190,189,0.000677157229459564,eligible_<1700
32048,180,177,0.0006341631196526076,eligible_<1700
32114,963,962,0.003446694469524342,eligible_<1700
32116,2734,2729,0.009777577138598679,exclude_>2500
35801,413,411,0.0014725482608882582,eligible_<1700
35865,138,136,0.0004872665778121731,eligible_<1700
35935,682,680,0.002436332889060865,eligible_<1700
37184,215,211,0.0007559797641056509,eligible_<1700
37196,3877,3844,0.013772446508161715,exclude_>2500
37296,692,689,0.0024685784714160827,eligible_<1700
37371,2432,2423,0.008681227338521289,borderline_1700-2500
39856,64620,64316,0.2304340971953509,exclude_>2500
39927,1017,1016,0.003640167963655646,eligible_<1700
39941,252,236,0.0008455508262034768,eligible_<1700
39953,6104,6080,0.021783682302191267,exclude_>2500
40816,416,414,0.0014832967883399975,eligible_<1700
40831,1535,1532,0.005488914685354773,eligible_<1700
40853,172,167,0.0005983346948134772,eligible_<1700
41003,1353,1351,0.004840420195766513,eligible_<1700
41006,109,97,0.0003475357209395646,eligible_<1700
45748,1213,1211,0.004338822248018688,eligible_<1700
45986,3466,3457,0.01238588646688737,exclude_>2500
46362,348,345,0.001236080656949998,eligible_<1700
46422,396,395,0.0014152227811456497,eligible_<1700
46530,275,265,0.0009494532582369549,eligible_<1700
46782,844,838,0.0030024220015191254,eligible_<1700
47130,168,164,0.0005875861673617382,eligible_<1700
47218,381,378,0.001354314458919128,eligible_<1700
48979,1666,1652,0.005918855783424337,eligible_<1700
49261,235,233,0.0008348022987517377,eligible_<1700
50458,194,189,0.000677157229459564,eligible_<1700
50862,239,239,0.0008562993536552159,eligible_<1700
53376,151,150,0.0005374263725869556,eligible_<1700
53953,10441,10410,0.037297390257534715,exclude_>2500
62230,303,287,0.0010282757928830417,eligible_<1700
62343,267,267,0.000956618943204781,eligible_<1700
62972,227,213,0.000763145449073477,eligible_<1700
63027,278,274,0.0009816988405921723,eligible_<1700
63170,764,758,0.002715794602806082,eligible_<1700
65272,242,240,0.000859882196139129,eligible_<1700
65534,697,697,0.0024972412112873868,eligible_<1700
65556,247,247,0.0008849620935265202,eligible_<1700
65568,629,627,0.0022464422374134743,eligible_<1700
65581,120,119,0.00042635825558565144,eligible_<1700
65590,181,181,0.0006484944895882597,eligible_<1700
65781,6584,6580,0.023575103544147786,exclude_>2500
65814,780,774,0.002773120082548691,eligible_<1700
65889,170,169,0.0006055003797813033,eligible_<1700
65901,3039,3036,0.010877509781159981,exclude_>2500
65936,233,184,0.0006592430170399989,eligible_<1700
66081,846,839,0.003006004844003038,eligible_<1700
70323,70139,69728,0.24982444071828827,exclude_>2500
72482,402,401,0.0014367198360491279,eligible_<1700
72800,324,322,0.001153675279819998,eligible_<1700
72808,174,172,0.0006162489072330424,eligible_<1700
73171,3272,3257,0.011669317970104762,exclude_>2500
73228,119,117,0.0004191925706178254,eligible_<1700
73369,2985,2982,0.010684036287028678,exclude_>2500
85250,2070,2066,0.007402152571764335,borderline_1700-2500
85563,138,135,0.00048368373532826003,eligible_<1700
85567,109,109,0.0003905298307465211,eligible_<1700
85769,535,473,0.0016946844948908667,eligible_<1700
85897,2684,2678,0.009594852171919114,exclude_>2500
86955,3566,3481,0.012471874686501282,exclude_>2500
87890,4961,4959,0.017767315877724753,exclude_>2500
87907,191,189,0.000677157229459564,eligible_<1700
88016,635,631,0.0022607736073491265,eligible_<1700
88464,217,215,0.000770311134041303,eligible_<1700
88950,206,206,0.0007380655516860857,eligible_<1700
89340,331,321,0.001150092437336085,eligible_<1700
89918,391,389,0.0013937257262421714,eligible_<1700
89928,113,111,0.00039769551571434714,eligible_<1700
89952,1698,1685,0.006037089585393468,eligible_<1700
89956,169,168,0.0006019175372973903,eligible_<1700
89976,182,182,0.0006520773320721727,eligible_<1700
90040,2595,2592,0.009286727718302593,exclude_>2500
92499,164,163,0.0005840033248778251,eligible_<1700
92666,560,559,0.0020028089485073877,eligible_<1700
92828,21146,21065,0.07547257692362813,exclude_>2500
93540,251,251,0.0008992934634621723,eligible_<1700
93563,250,248,0.0008885449360104332,eligible_<1700
93678,104,104,0.00037261561832695585,eligible_<1700
94002,101,100,0.00035828424839130373,eligible_<1700
94331,167,167,0.0005983346948134772,eligible_<1700
94373,256,210,0.0007523969216217378,eligible_<1700
94481,225,219,0.0007846425039769551,eligible_<1700
94733,557,547,0.0019598148387004314,eligible_<1700
94891,399,397,0.0014223884661134758,eligible_<1700
101335,137,135,0.00048368373532826003,eligible_<1700
101718,255,254,0.0009100419909139115,eligible_<1700
101721,7553,7528,0.026971638218897344,exclude_>2500
102144,255,253,0.0009064591484299984,eligible_<1700
102151,149,149,0.0005338435301030425,eligible_<1700
102159,104,102,0.0003654499333591298,eligible_<1700
104006,23381,23381,0.08377044011637072,exclude_>2500
104162,23870,23870,0.0855224500910042,exclude_>2500
111799,3534,3500,0.01253994869369563,exclude_>2500
111866,184,183,0.0006556601745560858,eligible_<1700
111999,270,269,0.000963784628172607,eligible_<1700
112210,359,357,0.0012790747667569542,eligible_<1700
112373,2658,2643,0.009469452684982158,exclude_>2500
112381,274,271,0.0009709503131404331,eligible_<1700
112445,193,190,0.0006807400719434771,eligible_<1700
113294,16968,16921,0.0606252776702925,exclude_>2500
113636,1755,1753,0.0062807228742995545,borderline_1700-2500
113656,141,141,0.0005051807902317383,eligible_<1700
113853,230,225,0.0008061395588804333,eligible_<1700
118695,2002,1995,0.007147770755406509,borderline_1700-2500
118955,166,165,0.0005911690098456511,eligible_<1700
119316,157,157,0.0005625062699743469,eligible_<1700
119391,1686,1686,0.006040672427877381,eligible_<1700
119500,195,195,0.0006986542843630423,eligible_<1700
119506,4514,4506,0.016144288232512145,exclude_>2500
119637,910,909,0.003256803817876951,eligible_<1700
119890,13726,13719,0.04915301603680296,exclude_>2500
123406,190,187,0.0006699915444917379,eligible_<1700
123844,366,366,0.0013113203491121716,eligible_<1700
123885,1492,1485,0.00532052108861086,eligible_<1700
124356,152,151,0.0005410092150708686,eligible_<1700
127024,6877,6856,0.024563968069707783,exclude_>2500
127028,195,194,0.0006950714418791292,eligible_<1700
127096,196,194,0.0006950714418791292,eligible_<1700
127129,250,243,0.0008706307235908681,eligible_<1700
127398,19020,18969,0.06796293907734641,exclude_>2500
127436,263,262,0.0009387047307852157,eligible_<1700
127493,637,615,0.002203448127606518,eligible_<1700
127518,1748,1710,0.006126660647491294,borderline_1700-2500
127561,275,265,0.0009494532582369549,eligible_<1700
127589,505,502,0.0017985869269243446,eligible_<1700
127648,230,226,0.0008097224013643464,eligible_<1700
127784,1488,1470,0.005266778451352165,eligible_<1700
127798,155,155,0.0005553405850065207,eligible_<1700
128011,263,263,0.0009422875732691288,eligible_<1700
128114,213,212,0.0007595626065895639,eligible_<1700
128271,8277,8274,0.02964443871189647,exclude_>2500
131111,1055,1050,0.003761984608108689,eligible_<1700
131199,266,265,0.0009494532582369549,eligible_<1700
131232,175,175,0.0006269974346847816,eligible_<1700
129974,208,201,0.0007201513392665205,eligible_<1700
129976,955,955,0.0034216145721369506,eligible_<1700
130060,1637,1626,0.0058257018788425985,eligible_<1700
130229,169,168,0.0006019175372973903,eligible_<1700
130240,317,300,0.0010748527451739111,eligible_<1700
130685,133,132,0.0004729352078765209,eligible_<1700
130705,215,213,0.000763145449073477,eligible_<1700
130764,161,160,0.0005732547974260859,eligible_<1700
130792,1389,1376,0.004929991257864339,eligible_<1700
130912,683,681,0.0024399157315447783,eligible_<1700
137290,950,949,0.0034001175172334724,eligible_<1700
137297,8329,8317,0.02979850093870473,exclude_>2500
137550,306,300,0.0010748527451739111,eligible_<1700
137651,432,429,0.001537039425598693,eligible_<1700
137872,239,239,0.0008562993536552159,eligible_<1700
138166,494,491,0.0017591756596013013,eligible_<1700
138311,493,490,0.0017555928171173883,eligible_<1700
139033,935,928,0.0033248778250712986,eligible_<1700
139042,127,124,0.0004442724680052166,eligible_<1700
139131,389,386,0.0013829771987904323,eligible_<1700
139137,340,334,0.0011966693896269544,eligible_<1700
139433,251,223,0.0007989738739126073,eligible_<1700
141735,392,391,0.0014008914112099975,eligible_<1700
141932,1494,1484,0.005316938246126947,eligible_<1700
142063,304,289,0.0010354414778508678,eligible_<1700
142121,1106,1104,0.003955458102239993,eligible_<1700
142239,582,579,0.0020744657981856484,eligible_<1700
142271,1673,1665,0.005965432735715207,eligible_<1700
142296,2043,2023,0.0072480903449560746,borderline_1700-2500
142326,5278,5265,0.018863665677802142,exclude_>2500
142551,132,131,0.00046935236539260786,eligible_<1700
146021,34489,34489,0.12356865442767674,exclude_>2500
146034,120,120,0.0004299410980695645,eligible_<1700
146035,303,303,0.0010856012726256502,eligible_<1700
146146,123,123,0.00044068962552130356,eligible_<1700
146149,1571,1554,0.00556773722000086,eligible_<1700
146158,471,471,0.0016875188099230406,eligible_<1700
146188,225,225,0.0008061395588804333,eligible_<1700
146207,136,130,0.00046576952290869485,eligible_<1700
146290,100,100,0.00035828424839130373,eligible_<1700
146418,1955,1946,0.006972211473694771,borderline_1700-2500
146508,27085,27048,0.09690872350487983,exclude_>2500
146652,12921,12876,0.046132679822864266,exclude_>2500
147241,363,363,0.0013005718216604326,eligible_<1700
147299,748,742,0.0026584691230634736,eligible_<1700
147305,649,648,0.002321681929575648,eligible_<1700
147363,280,277,0.0009924473680439114,eligible_<1700
147451,476,474,0.0016982673373747796,eligible_<1700
147523,189,185,0.0006628258595239119,eligible_<1700
147568,444,432,0.001547787953050432,eligible_<1700
147623,1070,1062,0.0038049787179156454,eligible_<1700
147681,172,170,0.0006090832222652163,eligible_<1700
147685,220,220,0.0007882253464608682,eligible_<1700
147790,660,657,0.0023539275119308653,eligible_<1700
150580,420,417,0.0014940453157917366,eligible_<1700
151016,203,202,0.0007237341817504336,eligible_<1700
151275,275,274,0.0009816988405921723,eligible_<1700
151367,203,198,0.0007094028118147813,eligible_<1700
151377,100,100,0.00035828424839130373,eligible_<1700
151396,101,101,0.0003618670908752168,eligible_<1700
151410,141,137,0.0004908494202960861,eligible_<1700
151467,158,158,0.0005660891124582599,eligible_<1700
151645,156,156,0.0005589234274904338,eligible_<1700
151771,1784,1777,0.006366711093913467,borderline_1700-2500
152053,1353,1350,0.0048368373532826,eligible_<1700
152162,5587,5581,0.01999584390271866,exclude_>2500
152172,144,141,0.0005051807902317383,eligible_<1700
152237,2349,2337,0.008373102884904768,borderline_1700-2500
152241,580,573,0.0020529687432821703,eligible_<1700
152470,2229,2218,0.007946744629319116,borderline_1700-2500
152510,495,488,0.0017484271321495622,eligible_<1700
152758,510,506,0.0018129182968599968,eligible_<1700
152765,803,800,0.00286627398713043,eligible_<1700
152899,679,669,0.002396921621737822,eligible_<1700
155068,10107,10055,0.03602548117574559,exclude_>2500
155322,277,275,0.0009852816830760852,eligible_<1700
157413,2007,2003,0.007176433495277814,borderline_1700-2500
157526,5677,5669,0.020311134041303008,exclude_>2500
157653,259,238,0.0008527165111713029,eligible_<1700
157917,1281,1281,0.004589621221892601,eligible_<1700
157969,35640,35520,0.1272625650285911,exclude_>2500
157979,133,131,0.00046935236539260786,eligible_<1700
158093,146,144,0.0005159293176834773,eligible_<1700
158109,1450,1446,0.005180790231738252,eligible_<1700
158130,368,358,0.0012826576092408674,eligible_<1700
158168,302,301,0.0010784355876578243,eligible_<1700
158237,189,159,0.000569671954942173,eligible_<1700
158268,372,364,0.0013041546641443455,eligible_<1700
158275,3752,3738,0.013392665204866934,exclude_>2500
158339,2694,2682,0.009609183541854766,exclude_>2500
158445,111,109,0.0003905298307465211,eligible_<1700
159868,657,654,0.0023431789844791263,eligible_<1700
160044,284,279,0.0009996130530117375,eligible_<1700
160067,185,181,0.0006484944895882597,eligible_<1700
160432,400,399,0.001429554151081302,eligible_<1700
160434,316,316,0.0011321782249165198,eligible_<1700
163040,137,137,0.0004908494202960861,eligible_<1700
163097,175,133,0.00047651805036043397,eligible_<1700
163277,573,571,0.0020458030583143444,eligible_<1700
163370,1626,1621,0.005807787666423033,eligible_<1700
163377,556,555,0.001988477578571736,eligible_<1700
165090,115,106,0.00037978130329478196,eligible_<1700
165292,246,210,0.0007523969216217378,eligible_<1700
165556,607,607,0.0021747853877352136,eligible_<1700
165586,296,296,0.0010605213752382591,eligible_<1700
165587,101,101,0.0003618670908752168,eligible_<1700
165628,458,456,0.001633776172664345,eligible_<1700
165662,1196,1195,0.004281496768276079,eligible_<1700
165796,166,166,0.0005947518523295642,eligible_<1700
165872,1577,1539,0.005513994582742164,eligible_<1700
165876,661,660,0.0023646760393826044,eligible_<1700
165959,405,405,0.00145105120598478,eligible_<1700
166107,802,799,0.0028626911446465167,eligible_<1700
166158,1543,1535,0.005499663212806512,eligible_<1700
166226,2416,2415,0.008652564598649985,borderline_1700-2500
166384,21506,21459,0.07688421686228987,exclude_>2500
166418,219,217,0.0007774768190091291,eligible_<1700
166640,326,324,0.001160840964787824,eligible_<1700
166776,238,234,0.0008383851412356508,eligible_<1700
166854,419,417,0.0014940453157917366,eligible_<1700
166976,255,251,0.0008992934634621723,eligible_<1700
170225,281,281,0.0010067787379795634,eligible_<1700
170395,170,169,0.0006055003797813033,eligible_<1700
170416,6945,6922,0.024800435673646044,exclude_>2500
170431,271,270,0.0009673674706565201,eligible_<1700
170472,102,96,0.00034395287845565155,eligible_<1700
170669,208,174,0.0006234145922008685,eligible_<1700
170771,4669,4647,0.016649469022743883,exclude_>2500
170799,184,182,0.0006520773320721727,eligible_<1700
170909,114,114,0.00040844404316608626,eligible_<1700
170922,187,185,0.0006628258595239119,eligible_<1700
171110,451,448,0.0016051134327930406,eligible_<1700
171129,1697,1684,0.006033506742909554,eligible_<1700
171226,708,704,0.002522321108674778,eligible_<1700
172242,9725,9540,0.03418031729653038,exclude_>2500
174226,2957,2948,0.010562219642575634,exclude_>2500
174231,164,163,0.0005840033248778251,eligible_<1700
174298,151,117,0.0004191925706178254,eligible_<1700
174552,111,110,0.0003941126732304341,eligible_<1700
174611,534,532,0.0019060722014417359,eligible_<1700
174696,126,123,0.00044068962552130356,eligible_<1700
174991,155,151,0.0005410092150708686,eligible_<1700
175023,367,363,0.0013005718216604326,eligible_<1700
173634,877,852,0.003052581796293908,eligible_<1700
173649,490,490,0.0017555928171173883,eligible_<1700
173666,121,118,0.0004227754131017384,eligible_<1700
173770,164,161,0.000576837639909999,eligible_<1700
174013,135,135,0.00048368373532826003,eligible_<1700
174064,179,171,0.0006126660647491293,eligible_<1700
174093,339,336,0.0012038350745947805,eligible_<1700
176530,1051,1049,0.003758401765624776,eligible_<1700
176544,2544,2541,0.009104002751623028,exclude_>2500
176651,116,116,0.0004156097281339123,eligible_<1700
176920,11680,11670,0.041811771787265146,exclude_>2500
177014,140,139,0.0004980151052639122,eligible_<1700
177048,121,121,0.0004335239405534775,eligible_<1700
177096,292,288,0.0010318586353669547,eligible_<1700
177245,116,115,0.00041202688564999926,eligible_<1700
177354,758,739,0.0026477205956117345,eligible_<1700
177513,139,137,0.0004908494202960861,eligible_<1700
177639,10339,10326,0.036996431488886025,exclude_>2500
177697,380,376,0.001347148773951302,eligible_<1700
181906,118,117,0.0004191925706178254,eligible_<1700
181955,160,160,0.0005732547974260859,eligible_<1700
182028,31305,31305,0.11216088395889763,exclude_>2500
182090,161,156,0.0005589234274904338,eligible_<1700
182214,119,118,0.0004227754131017384,eligible_<1700
182385,229,229,0.0008204709288160856,eligible_<1700
182556,128,127,0.00045502099545695573,eligible_<1700
182631,8214,8208,0.02940797110795821,exclude_>2500
182704,1706,1705,0.006108746435071729,borderline_1700-2500
182770,401,398,0.0014259713085973888,eligible_<1700
182799,106,105,0.0003761984608108689,eligible_<1700
182801,153,152,0.0005445920575547817,eligible_<1700
180906,144,142,0.0005087636327156513,eligible_<1700
180920,233,232,0.0008312194562678246,eligible_<1700
184921,13408,13388,0.047967095174627744,exclude_>2500
185154,268,265,0.0009494532582369549,eligible_<1700
185276,209,202,0.0007237341817504336,eligible_<1700
185331,155,155,0.0005553405850065207,eligible_<1700
185380,118,114,0.00040844404316608626,eligible_<1700
185381,121,119,0.00042635825558565144,eligible_<1700
186302,867,859,0.003077661693681299,eligible_<1700
186442,114,113,0.0004048612006821732,eligible_<1700
186475,507,504,0.0018057526118921707,eligible_<1700
186904,443,443,0.0015871992203734754,eligible_<1700
186905,206,198,0.0007094028118147813,eligible_<1700
186945,155,155,0.0005553405850065207,eligible_<1700
186986,223,221,0.0007918081889447812,eligible_<1700
186995,934,929,0.0033284606675552117,eligible_<1700
187587,120,120,0.0004299410980695645,eligible_<1700
187679,209,199,0.0007129856542986944,eligible_<1700
187777,239,234,0.0008383851412356508,eligible_<1700
188021,261,261,0.0009351218883013028,eligible_<1700
188164,557,491,0.0017591756596013013,eligible_<1700
188188,679,674,0.002414835834157387,eligible_<1700
188196,202,199,0.0007129856542986944,eligible_<1700
188314,725,721,0.0025832294309012997,eligible_<1700
191055,1163,1163,0.004166845808790862,eligible_<1700
191110,148,144,0.0005159293176834773,eligible_<1700
191189,21056,21056,0.07544033134127291,exclude_>2500
193738,40772,40772,0.14607965375410237,exclude_>2500
194028,205,200,0.0007165684967826075,eligible_<1700
194062,411,409,0.0014653825759204323,eligible_<1700
194079,119,117,0.0004191925706178254,eligible_<1700
194230,828,821,0.0029415136792926037,eligible_<1700
194298,426,422,0.0015119595282113017,eligible_<1700
194505,126,126,0.0004514381529730427,eligible_<1700
194517,2457,2436,0.00872780429081216,borderline_1700-2500
194577,223,223,0.0007989738739126073,eligible_<1700
198953,2407,2394,0.008577324906487811,borderline_1700-2500
201856,236,236,0.0008455508262034768,eligible_<1700
201861,251,249,0.0008921277784943463,eligible_<1700
202096,111,110,0.0003941126732304341,eligible_<1700
202254,224,224,0.0008025567163965203,eligible_<1700
202477,230,227,0.0008133052438482595,eligible_<1700
202490,566,560,0.002006391790991301,eligible_<1700
202737,500,500,0.0017914212419565187,eligible_<1700
202771,307,304,0.0010891841151095634,eligible_<1700
202977,2225,2221,0.007957493156770856,borderline_1700-2500
202982,881,870,0.0031170729610043423,eligible_<1700
203204,633,622,0.0022285280249939093,eligible_<1700
203420,11516,11469,0.04109162044799863,exclude_>2500
199790,114,113,0.0004048612006821732,eligible_<1700
199792,55769,55769,0.19981154248534616,exclude_>2500
204817,704,695,0.002490075526319561,eligible_<1700
204887,122,122,0.00043710678303739056,eligible_<1700
205039,136,136,0.0004872665778121731,eligible_<1700
205046,2233,2227,0.007978990211674334,borderline_1700-2500
205057,720,714,0.0025581495335139084,eligible_<1700
205079,553,546,0.0019562319962165182,eligible_<1700
205398,14724,14677,0.05258537913639165,exclude_>2500
205420,193,191,0.0006843229144273902,eligible_<1700
205506,114,112,0.00040127835819826015,eligible_<1700
205507,1324,1324,0.0047436834487008615,eligible_<1700
205637,40539,40539,0.14524485145535063,exclude_>2500
215371,1008,1005,0.0036007566963326024,eligible_<1700
215463,2386,2379,0.008523582269229116,borderline_1700-2500
215469,352,349,0.00125041202688565,eligible_<1700
215503,133,128,0.0004586038379408688,eligible_<1700
215840,3368,3352,0.012009688006076501,exclude_>2500
215841,3732,3707,0.013281597087865629,exclude_>2500
215918,384,378,0.001354314458919128,eligible_<1700
216014,361,352,0.001261160554337389,eligible_<1700
216070,1634,1630,0.00584003324877825,eligible_<1700
216459,7333,7289,0.02611533886524213,exclude_>2500
216578,775,774,0.002773120082548691,eligible_<1700
216658,914,898,0.0032173925505539075,eligible_<1700
216985,373,371,0.0013292345615317368,eligible_<1700
217012,100,97,0.0003475357209395646,eligible_<1700
217085,5066,5043,0.018068274646373447,exclude_>2500
217338,167,166,0.0005947518523295642,eligible_<1700
215312,1879,1870,0.00669991544491738,borderline_1700-2500
221155,678,674,0.002414835834157387,eligible_<1700
221230,511,511,0.001830832509279562,eligible_<1700
221318,3650,3645,0.01305946085386302,exclude_>2500
221599,398,393,0.0014080570961778236,eligible_<1700
221644,269,266,0.0009530361007208679,eligible_<1700
221661,125,124,0.0004442724680052166,eligible_<1700
221769,1337,1332,0.004772346188572166,eligible_<1700
222219,1539,1530,0.005481749000386947,eligible_<1700
222291,106,104,0.00037261561832695585,eligible_<1700
222514,2415,2389,0.008559410694068246,borderline_1700-2500
222741,112,111,0.00039769551571434714,eligible_<1700
222862,582,581,0.0020816314831534747,eligible_<1700
222951,132,129,0.0004621866804247818,eligible_<1700
223040,16119,16107,0.05770884388838729,exclude_>2500
223215,2177,2174,0.007789099560026943,borderline_1700-2500
223321,10383,10366,0.03713974518824254,exclude_>2500
223726,342,341,0.0012217492870143457,eligible_<1700
228526,117,111,0.00039769551571434714,eligible_<1700
228602,666,662,0.0023718417243504307,eligible_<1700
228603,137,136,0.0004872665778121731,eligible_<1700
228668,716,693,0.002482909841351735,eligible_<1700
228713,106,105,0.0003761984608108689,eligible_<1700
228867,3864,3845,0.013776029350645628,exclude_>2500
229220,7147,7138,0.02557432965017126,exclude_>2500
229235,241,239,0.0008562993536552159,eligible_<1700
229708,150,148,0.0005302606876191296,eligible_<1700
229791,1005,998,0.003575676798945211,eligible_<1700
229853,20357,20357,0.0729359244450177,exclude_>2500
230064,227,225,0.0008061395588804333,eligible_<1700
230265,311,309,0.0011070983275291285,eligible_<1700
230304,2088,2079,0.007448729524055204,borderline_1700-2500
232918,7609,7550,0.02705046075354343,exclude_>2500
232944,226,221,0.0007918081889447812,eligible_<1700
232988,4168,4164,0.014918956103013888,exclude_>2500
233015,451,449,0.0016086962752769537,eligible_<1700
233016,123,101,0.0003618670908752168,eligible_<1700
233094,148,147,0.0005266778451352165,eligible_<1700
233149,615,609,0.00218195107270304,eligible_<1700
233194,319,318,0.001139343909884346,eligible_<1700
233206,163,162,0.000580420482393912,eligible_<1700
233247,6872,6862,0.024585465124611263,exclude_>2500
233266,111,110,0.0003941126732304341,eligible_<1700
233364,121,118,0.0004227754131017384,eligible_<1700
233502,226,219,0.0007846425039769551,eligible_<1700
233848,296,290,0.0010390243203347808,eligible_<1700
233867,31889,31889,0.11425326396950285,exclude_>2500
233974,638,636,0.002278687819768692,eligible_<1700
234104,170,167,0.0005983346948134772,eligible_<1700
234105,418,416,0.0014904624733078234,eligible_<1700
234190,9314,9164,0.03283316852257907,exclude_>2500
234248,1073,1073,0.003844389985238689,eligible_<1700
234292,299,298,0.001067687060206085,eligible_<1700
234429,1062,1052,0.003769150293076515,eligible_<1700
234468,434,433,0.001551370795534345,eligible_<1700
234834,264,263,0.0009422875732691288,eligible_<1700
234842,199,196,0.0007022371268469553,eligible_<1700
234877,981,979,0.0035076027917508635,eligible_<1700
234949,212,210,0.0007523969216217378,eligible_<1700
235017,321,318,0.001139343909884346,eligible_<1700
235247,159,158,0.0005660891124582599,eligible_<1700
235252,333,328,0.0011751723347234763,eligible_<1700
235344,741,741,0.0026548862805795604,eligible_<1700
235451,502,496,0.0017770898720208665,eligible_<1700
235533,272,272,0.0009745331556243462,eligible_<1700
235655,1769,1752,0.006277140031815641,borderline_1700-2500
235767,221,218,0.0007810596614930422,eligible_<1700
236125,174,170,0.0006090832222652163,eligible_<1700
236205,157,154,0.0005517577425226077,eligible_<1700
236250,135,134,0.000480100892844347,eligible_<1700
236370,185,180,0.0006449116471043467,eligible_<1700
242804,3123,3123,0.011189217077260415,exclude_>2500
243430,1815,1813,0.006495693423334337,borderline_1700-2500
243696,644,644,0.002307350559639996,eligible_<1700
243697,101,100,0.00035828424839130373,eligible_<1700
243704,234,233,0.0008348022987517377,eligible_<1700
243759,1779,1751,0.006273557189331728,borderline_1700-2500
243797,1032,1030,0.0036903277584304285,eligible_<1700
243994,438,436,0.0015621193229860843,eligible_<1700
245638,12197,12195,0.04369276409131949,exclude_>2500
245645,629,629,0.0022536079223813006,eligible_<1700
245704,193,192,0.0006879057569113031,eligible_<1700
245876,147,147,0.0005266778451352165,eligible_<1700
246015,106,104,0.00037261561832695585,eligible_<1700
246228,1101,1098,0.003933961047336515,eligible_<1700
246297,2068,2056,0.007366324146925204,borderline_1700-2500
246355,117,116,0.0004156097281339123,eligible_<1700
246508,112,111,0.00039769551571434714,eligible_<1700
246567,636,635,0.0022751049772847787,eligible_<1700
246639,1080,1076,0.003855138512690428,eligible_<1700
246663,2249,2249,0.008057812746320421,borderline_1700-2500
246685,101,101,0.0003618670908752168,eligible_<1700
246746,155,154,0.0005517577425226077,eligible_<1700
246759,1045,1029,0.0036867449159465153,eligible_<1700
246816,971,966,0.003461025839459994,eligible_<1700
252929,5667,5652,0.020250225719076486,exclude_>2500
253087,287,284,0.0010175272654313026,eligible_<1700
255697,147,146,0.0005230950026513034,eligible_<1700
255907,1215,1201,0.004302993823179558,eligible_<1700
256313,583,580,0.0020780486406695615,eligible_<1700
256334,108,105,0.0003761984608108689,eligible_<1700
256390,766,764,0.0027372916577095606,eligible_<1700
256438,517,512,0.0018344153517634752,eligible_<1700
256442,559,559,0.0020028089485073877,eligible_<1700
256478,563,562,0.0020135574759591267,eligible_<1700
256541,881,878,0.0031457357008756468,eligible_<1700
256568,560,557,0.0019956432635395618,eligible_<1700
261614,407,406,0.001454634048468693,eligible_<1700
261683,175,174,0.0006234145922008685,eligible_<1700
262215,6065,6061,0.02171560829499692,exclude_>2500
262370,137,137,0.0004908494202960861,eligible_<1700
262388,514,512,0.0018344153517634752,eligible_<1700
262498,237,235,0.0008419679837195637,eligible_<1700
264239,2114,2112,0.007566963326024335,borderline_1700-2500
264476,486,470,0.0016839359674391274,eligible_<1700
264637,544,544,0.0019490663112486924,eligible_<1700
264669,121,92,0.00032962150851999943,eligible_<1700
264797,253,248,0.0008885449360104332,eligible_<1700
264858,230,229,0.0008204709288160856,eligible_<1700
265113,142,141,0.0005051807902317383,eligible_<1700
265256,2549,2539,0.009096837066655202,exclude_>2500
265537,513,506,0.0018129182968599968,eligible_<1700
265755,127,127,0.00045502099545695573,eligible_<1700
269257,965,960,0.003439528784556516,eligible_<1700
276925,569,555,0.001988477578571736,eligible_<1700
277017,404,397,0.0014223884661134758,eligible_<1700
277025,484,477,0.0017090158648265187,eligible_<1700
277109,102,102,0.0003654499333591298,eligible_<1700
277458,3270,3248,0.011637072387749544,exclude_>2500
277611,210,207,0.0007416483941699987,eligible_<1700
277659,7260,7218,0.025860957048884303,exclude_>2500
277670,702,697,0.0024972412112873868,eligible_<1700
277927,1930,1929,0.006911303151468249,borderline_1700-2500
278120,983,971,0.003478940051879559,eligible_<1700
278297,771,760,0.0027229602877739084,eligible_<1700
278824,536,534,0.001913237886409562,eligible_<1700
278989,103,101,0.0003618670908752168,eligible_<1700
279056,111,110,0.0003941126732304341,eligible_<1700
279204,171,171,0.0006126660647491293,eligible_<1700
279497,402,397,0.0014223884661134758,eligible_<1700
279869,1812,1808,0.006477779210914771,borderline_1700-2500
279900,374,370,0.0013256517190478238,eligible_<1700
279975,183,174,0.0006234145922008685,eligible_<1700
280203,461,458,0.0016409418576321712,eligible_<1700
280748,1177,1163,0.004166845808790862,eligible_<1700
280834,602,602,0.0021568711753156486,eligible_<1700
280896,746,745,0.0026692176505152126,eligible_<1700
280984,152,152,0.0005445920575547817,eligible_<1700
283289,467,466,0.0016696045975034754,eligible_<1700
281514,509,506,0.0018129182968599968,eligible_<1700
281526,1009,993,0.003557762586525646,eligible_<1700
281655,1855,1845,0.006610344382819554,borderline_1700-2500
281946,1853,1837,0.006581681642948249,borderline_1700-2500
282006,679,671,0.002404087306705648,eligible_<1700
282007,466,462,0.0016552732275678232,eligible_<1700
282227,254,252,0.0009028763059460854,eligible_<1700
282255,245,245,0.0008777964085586942,eligible_<1700
282418,587,585,0.002095962853089127,eligible_<1700
282439,1019,1012,0.0036258365937199936,eligible_<1700
282475,120,120,0.0004299410980695645,eligible_<1700
282776,574,571,0.0020458030583143444,eligible_<1700
282922,979,975,0.0034932714218152113,eligible_<1700
282954,2887,2883,0.010329334881121286,exclude_>2500
283212,1077,1074,0.003847972827722602,eligible_<1700
283217,214,211,0.0007559797641056509,eligible_<1700
283242,840,839,0.003006004844003038,eligible_<1700
291453,19694,19694,0.07056049987818336,exclude_>2500
295486,11646,11637,0.041693537985296014,exclude_>2500
295490,537,534,0.001913237886409562,eligible_<1700
295607,3431,3423,0.012264069822434326,exclude_>2500
295947,42673,42673,0.15289063731602104,exclude_>2500
300753,3911,3886,0.013922925892486063,exclude_>2500
300882,145,145,0.0005195121601673904,eligible_<1700
300930,1395,1392,0.004987316737606948,eligible_<1700
300936,1809,1803,0.006459864998495206,borderline_1700-2500
301002,258,257,0.0009207905183656505,eligible_<1700
301019,620,617,0.002210613812574344,eligible_<1700
301242,518,511,0.001830832509279562,eligible_<1700
302238,220,220,0.0007882253464608682,eligible_<1700
302280,2338,2330,0.008348022987517377,borderline_1700-2500
302312,1253,1248,0.00447138741992347,eligible_<1700
302336,2753,2708,0.009702337446436504,exclude_>2500
302477,451,450,0.0016122791177608667,eligible_<1700
302510,442,442,0.0015836163778895625,eligible_<1700
302520,4682,4627,0.01657781217306562,exclude_>2500
302734,924,919,0.0032926322427160814,eligible_<1700
302809,1037,1028,0.003683162073462602,eligible_<1700
302917,1390,1388,0.004972985367671295,eligible_<1700
302926,367,366,0.0013113203491121716,eligible_<1700
303051,1484,1467,0.0052560299239004255,eligible_<1700
303551,884,881,0.003156484228327386,eligible_<1700
303621,200,200,0.0007165684967826075,eligible_<1700
303635,107,106,0.00037978130329478196,eligible_<1700
303676,456,455,0.0016301933301804319,eligible_<1700
303733,321,317,0.0011357610674004328,eligible_<1700
303830,276,275,0.0009852816830760852,eligible_<1700
303961,106,106,0.00037978130329478196,eligible_<1700
303981,201,197,0.0007058199693308683,eligible_<1700
304285,3495,3488,0.012496954583888675,exclude_>2500
312786,2521,2483,0.008896197887556072,exclude_>2500
312959,905,901,0.0032281410780056466,eligible_<1700
313002,146,127,0.00045502099545695573,eligible_<1700
313121,294,286,0.0010246929503991285,eligible_<1700
313261,685,683,0.0024470814165126046,eligible_<1700
313269,297,296,0.0010605213752382591,eligible_<1700
313439,129,128,0.0004586038379408688,eligible_<1700
313442,203,202,0.0007237341817504336,eligible_<1700
313536,222,218,0.0007810596614930422,eligible_<1700
313730,194,189,0.000677157229459564,eligible_<1700
313807,1262,1259,0.004510798687246514,eligible_<1700
314088,2471,2459,0.00881020966794216,borderline_1700-2500
314125,172,171,0.0006126660647491293,eligible_<1700
314243,333,325,0.001164423807271737,eligible_<1700
314421,1363,1358,0.004865500093153905,eligible_<1700
314503,4918,4903,0.017566676698625622,exclude_>2500
320275,143,142,0.0005087636327156513,eligible_<1700
320677,146,144,0.0005159293176834773,eligible_<1700
320858,117,114,0.00040844404316608626,eligible_<1700
320859,114,111,0.00039769551571434714,eligible_<1700
320862,151,151,0.0005410092150708686,eligible_<1700
320879,271,270,0.0009673674706565201,eligible_<1700
320992,227,226,0.0008097224013643464,eligible_<1700
321044,113,112,0.00040127835819826015,eligible_<1700
321140,211,210,0.0007523969216217378,eligible_<1700
321506,295,294,0.001053355690270433,eligible_<1700
321596,587,583,0.0020887971681213006,eligible_<1700
321608,8084,8077,0.028938618742565602,exclude_>2500
322010,564,563,0.00201714031844304,eligible_<1700
322076,156,156,0.0005589234274904338,eligible_<1700
322148,192,191,0.0006843229144273902,eligible_<1700
322282,621,621,0.002224945182509996,eligible_<1700
322283,160,153,0.0005481749000386947,eligible_<1700
322354,120,117,0.0004191925706178254,eligible_<1700
322421,867,864,0.003095575906100864,eligible_<1700
322451,412,400,0.001433136993565215,eligible_<1700
322524,757,738,0.0026441377531278214,eligible_<1700
322561,1140,1132,0.004055777691789558,eligible_<1700
322616,1454,1447,0.005184373074222165,eligible_<1700
322696,253,251,0.0008992934634621723,eligible_<1700
322697,597,589,0.0021102942230247787,eligible_<1700
322703,1236,1230,0.004406896255213036,eligible_<1700
323365,156,155,0.0005553405850065207,eligible_<1700
323377,206,202,0.0007237341817504336,eligible_<1700
323529,115,96,0.00034395287845565155,eligible_<1700
323612,6520,6515,0.02334221878269344,exclude_>2500
331820,1796,1792,0.006420453731172162,borderline_1700-2500
331946,110,110,0.0003941126732304341,eligible_<1700
331947,118,117,0.0004191925706178254,eligible_<1700
332018,110,110,0.0003941126732304341,eligible_<1700
332229,143,143,0.0005123464751995643,eligible_<1700
332230,229,228,0.0008168880863321725,eligible_<1700
332393,320,320,0.0011465095948521718,eligible_<1700
332420,111,103,0.00036903277584304285,eligible_<1700
332606,149,146,0.0005230950026513034,eligible_<1700
332782,125,124,0.0004442724680052166,eligible_<1700
332944,2537,2535,0.00908250569671955,exclude_>2500
339031,709,701,0.002511572581223039,eligible_<1700
339466,316,310,0.0011106811700130415,eligible_<1700
339789,7359,7348,0.026326726571792997,exclude_>2500
339905,347,343,0.0012289149719821718,eligible_<1700
340216,176,175,0.0006269974346847816,eligible_<1700
340455,207,206,0.0007380655516860857,eligible_<1700
340744,100,100,0.00035828424839130373,eligible_<1700
340898,207,205,0.0007344827092021726,eligible_<1700
340910,104,104,0.00037261561832695585,eligible_<1700
341008,181,181,0.0006484944895882597,eligible_<1700
341256,488,487,0.001744844289665649,eligible_<1700
341315,222,219,0.0007846425039769551,eligible_<1700
341362,100,99,0.00035470140590739067,eligible_<1700
341402,165,165,0.0005911690098456511,eligible_<1700
341416,1034,1033,0.0037010762858821675,eligible_<1700
350198,473,472,0.0016911016524069535,eligible_<1700
350755,1152,1144,0.004098771801596514,eligible_<1700
351526,2631,2627,0.009412127205239549,exclude_>2500
351594,815,810,0.00290210241196956,eligible_<1700
351648,193,191,0.0006843229144273902,eligible_<1700
351666,112,112,0.00040127835819826015,eligible_<1700
351809,141,141,0.0005051807902317383,eligible_<1700
352263,320,317,0.0011357610674004328,eligible_<1700
352567,411,408,0.0014617997334365192,eligible_<1700
352593,314,311,0.0011142640124969547,eligible_<1700
352596,529,524,0.0018774094615704314,eligible_<1700
352687,143,138,0.0004944322627799991,eligible_<1700
352710,708,701,0.002511572581223039,eligible_<1700
352818,311,311,0.0011142640124969547,eligible_<1700
352823,707,707,0.002533069636126517,eligible_<1700
352997,372,355,0.0012719090817891283,eligible_<1700
353150,941,939,0.003364289092394342,eligible_<1700
353196,268,267,0.000956618943204781,eligible_<1700
353543,658,658,0.0023575103544147785,eligible_<1700
353848,285,285,0.0010211101079152156,eligible_<1700
353921,177,177,0.0006341631196526076,eligible_<1700
353945,346,344,0.0012324978144660848,eligible_<1700
354273,586,585,0.002095962853089127,eligible_<1700
354395,229,222,0.0007953910314286943,eligible_<1700
354544,1394,1363,0.00488341430557347,eligible_<1700
354892,404,403,0.001443885521016954,eligible_<1700
355093,5200,5198,0.018623615231379967,exclude_>2500
365717,8014,8006,0.028684236926207776,exclude_>2500
365761,247,241,0.0008634650386230419,eligible_<1700
366023,804,793,0.0028411940897430385,eligible_<1700
366316,183,182,0.0006520773320721727,eligible_<1700
366318,441,436,0.0015621193229860843,eligible_<1700
366397,321,319,0.001142926752368259,eligible_<1700
366577,120,120,0.0004299410980695645,eligible_<1700
366748,232,230,0.0008240537712999985,eligible_<1700
366752,1953,1951,0.006990125686114335,borderline_1700-2500
366910,122,121,0.0004335239405534775,eligible_<1700
366994,2462,2459,0.00881020966794216,borderline_1700-2500
367047,808,806,0.002887771042033908,eligible_<1700
367150,2199,2195,0.007864339252189117,borderline_1700-2500
410201,8208,8185,0.02932556573082821,exclude_>2500
410382,230,226,0.0008097224013643464,eligible_<1700
411003,192,190,0.0006807400719434771,eligible_<1700
411369,103,100,0.00035828424839130373,eligible_<1700
411404,236,230,0.0008240537712999985,eligible_<1700
411875,1972,1964,0.007036702638405205,borderline_1700-2500
412865,866,865,0.0030991587485847774,eligible_<1700
412927,156,156,0.0005589234274904338,eligible_<1700
412997,132,132,0.0004729352078765209,eligible_<1700
413435,151,148,0.0005302606876191296,eligible_<1700
413461,325,322,0.001153675279819998,eligible_<1700
414176,140,139,0.0004980151052639122,eligible_<1700
414648,131,131,0.00046935236539260786,eligible_<1700
414855,222,219,0.0007846425039769551,eligible_<1700
415090,280,280,0.0010031958954956504,eligible_<1700
415108,164,164,0.0005875861673617382,eligible_<1700
415147,665,664,0.0023790074093182566,eligible_<1700
415836,509,509,0.0018236668243117359,eligible_<1700
415938,365,364,0.0013041546641443455,eligible_<1700
415945,440,431,0.0015442051105665191,eligible_<1700
393892,262,261,0.0009351218883013028,eligible_<1700
394081,132,132,0.0004729352078765209,eligible_<1700
394144,361,358,0.0012826576092408674,eligible_<1700
394325,148,145,0.0005195121601673904,eligible_<1700
394332,126,125,0.0004478553104891297,eligible_<1700
394889,977,975,0.0034932714218152113,eligible_<1700
394893,107,107,0.00038336414577869497,eligible_<1700
395581,145,143,0.0005123464751995643,eligible_<1700
396335,129,129,0.0004621866804247818,eligible_<1700
396607,129,126,0.0004514381529730427,eligible_<1700
396749,163,161,0.000576837639909999,eligible_<1700
396790,5756,5752,0.02060850996746779,exclude_>2500
397393,966,962,0.003446694469524342,eligible_<1700
397431,327,327,0.0011715894922395631,eligible_<1700
397598,8869,8869,0.031776229989824725,exclude_>2500
15,3860,3782,0.013550310274159106,exclude_>2500
16,1169,1167,0.004181177178726515,eligible_<1700
17,810,789,0.0028268627198073863,eligible_<1700
18,23442,23248,0.08329392206601029,exclude_>2500
23,592,536,0.001920403571377388,eligible_<1700
27,1323,1253,0.004489301632343036,eligible_<1700
31,813,767,0.0027480401851612997,eligible_<1700
32,392,389,0.0013937257262421714,eligible_<1700
36,407,356,0.0012754919242730413,eligible_<1700
38,103,103,0.00036903277584304285,eligible_<1700
116,21167,20937,0.07501397308568726,exclude_>2500
76,761,744,0.0026656348080313,eligible_<1700
82,372,342,0.0012253321294982587,eligible_<1700
84,1075,1024,0.0036688307035269503,eligible_<1700
93,29933,29933,0.10724522407096894,exclude_>2500
97,1021,956,0.0034251974146208637,eligible_<1700
98,10313,9916,0.03552746607048168,exclude_>2500
105,7275,7231,0.025907534001175174,exclude_>2500
111,1721,1716,0.006148157702394772,borderline_1700-2500
115,3933,3922,0.014051908221906932,exclude_>2500
289,229,218,0.0007810596614930422,eligible_<1700
299,666,609,0.00218195107270304,eligible_<1700
302,506,506,0.0018129182968599968,eligible_<1700
307,184,183,0.0006556601745560858,eligible_<1700
308,241,240,0.000859882196139129,eligible_<1700
311,282,280,0.0010031958954956504,eligible_<1700
313,917,915,0.003278300872780429,eligible_<1700
314,222,221,0.0007918081889447812,eligible_<1700
327,9546,9487,0.033990426644882984,exclude_>2500
333,2087,2033,0.0072839187697952045,borderline_1700-2500
339,3682,3618,0.012962724106797368,exclude_>2500
352,603,598,0.0021425398053799964,eligible_<1700
356,215,213,0.000763145449073477,eligible_<1700
359,706,705,0.0025259039511586912,eligible_<1700
361,4803,4775,0.017108072860684755,exclude_>2500
367,280,277,0.0009924473680439114,eligible_<1700
372,12185,12156,0.04355303323444688,exclude_>2500
375,131,126,0.0004514381529730427,eligible_<1700
380,1729,1714,0.006140992017426946,borderline_1700-2500
384,1030,1028,0.003683162073462602,eligible_<1700
388,266,262,0.0009387047307852157,eligible_<1700
394,9887,9845,0.03527308425412385,exclude_>2500
404,1043,1039,0.0037225733407856457,eligible_<1700
410,117,116,0.0004156097281339123,eligible_<1700
420,1584,1512,0.005417257835676512,eligible_<1700
423,1328,1301,0.004661278071570862,eligible_<1700
701,1988,1878,0.006728578184788684,borderline_1700-2500
702,229,216,0.000773893976525216,eligible_<1700
711,306,306,0.0010963498000773895,eligible_<1700
714,5266,5095,0.018254582455536926,exclude_>2500
716,153,146,0.0005230950026513034,eligible_<1700
720,398,395,0.0014152227811456497,eligible_<1700
724,426,405,0.00145105120598478,eligible_<1700
746,545,393,0.0014080570961778236,eligible_<1700
748,564,546,0.0019562319962165182,eligible_<1700
752,112,105,0.0003761984608108689,eligible_<1700
761,565,549,0.0019669805236682573,eligible_<1700
768,114,114,0.00040844404316608626,eligible_<1700
785,131,128,0.0004586038379408688,eligible_<1700
789,851,841,0.0030131705289708644,eligible_<1700
801,101,72,0.00025796465884173866,eligible_<1700
803,259,244,0.0008742135660747811,eligible_<1700
813,192,181,0.0006484944895882597,eligible_<1700
814,1843,1799,0.006445533628559554,borderline_1700-2500
1042,3312,3296,0.011809048826977371,exclude_>2500
1269,8725,8542,0.030604640497585163,exclude_>2500
1298,1820,1764,0.006320134141622598,borderline_1700-2500
1301,2392,2374,0.008505668056809551,borderline_1700-2500
1304,239,234,0.0008383851412356508,eligible_<1700
1307,163,160,0.0005732547974260859,eligible_<1700
1308,648,641,0.002296602032188257,eligible_<1700
1321,197,191,0.0006843229144273902,eligible_<1700
1324,986,980,0.0035111856342347767,eligible_<1700
1334,1986,1979,0.0070904452756639005,borderline_1700-2500
1335,341,339,0.0012145836020465196,eligible_<1700
1341,103,101,0.0003618670908752168,eligible_<1700
1350,728,722,0.002586812273385213,eligible_<1700
1354,154,151,0.0005410092150708686,eligible_<1700
1367,110,110,0.0003941126732304341,eligible_<1700
1370,400,380,0.0013614801438869542,eligible_<1700
1372,535,498,0.0017842555569886926,eligible_<1700
1373,182,161,0.000576837639909999,eligible_<1700
1375,168,146,0.0005230950026513034,eligible_<1700
1376,1192,1187,0.0042528340284047755,eligible_<1700
1379,581,578,0.0020708829557017356,eligible_<1700
1381,1629,1584,0.005675222494518251,eligible_<1700
1408,421,399,0.001429554151081302,eligible_<1700
1426,1131,1117,0.004002035054530863,eligible_<1700
1434,299,285,0.0010211101079152156,eligible_<1700
1435,382,362,0.0012969889791765194,eligible_<1700
1448,536,531,0.0019024893589578227,eligible_<1700
1463,680,666,0.002386173094286083,eligible_<1700
2456,1243,1217,0.004360319302922166,eligible_<1700
2470,379,375,0.001343565931467389,eligible_<1700
2476,1545,1542,0.005524743110193904,eligible_<1700
2503,116,99,0.00035470140590739067,eligible_<1700
2521,219,214,0.0007667282915573899,eligible_<1700
2537,385,380,0.0013614801438869542,eligible_<1700
2538,177,166,0.0005947518523295642,eligible_<1700
2543,339,336,0.0012038350745947805,eligible_<1700
2573,620,608,0.0021783682302191267,eligible_<1700
2579,276,201,0.0007201513392665205,eligible_<1700
2583,247,243,0.0008706307235908681,eligible_<1700
3076,67925,67925,0.24336457571979306,exclude_>2500
3972,1499,1485,0.00532052108861086,eligible_<1700
4008,358,267,0.000956618943204781,eligible_<1700
4062,284,274,0.0009816988405921723,eligible_<1700
4079,375,373,0.001336400246499563,eligible_<1700
4095,4884,4746,0.017004170428651273,exclude_>2500
4102,336,316,0.0011321782249165198,eligible_<1700
4105,144,142,0.0005087636327156513,eligible_<1700
4106,295,295,0.001056938532754346,eligible_<1700
4113,170,148,0.0005302606876191296,eligible_<1700
4123,312,294,0.001053355690270433,eligible_<1700
4143,6641,6463,0.02315591097352996,exclude_>2500
4146,219,188,0.000673574386975651,eligible_<1700
4162,187,182,0.0006520773320721727,eligible_<1700
4168,743,580,0.0020780486406695615,eligible_<1700
4172,165,120,0.0004299410980695645,eligible_<1700
4201,167,127,0.00045502099545695573,eligible_<1700
4206,338,287,0.0010282757928830417,eligible_<1700
4208,171,118,0.0004227754131017384,eligible_<1700
4218,2176,2162,0.007746105450219987,borderline_1700-2500
4241,114,77,0.00027587887126130384,eligible_<1700
4249,2070,2064,0.007394986886796509,borderline_1700-2500
4255,287,205,0.0007344827092021726,eligible_<1700
4258,334,313,0.0011214296974647806,eligible_<1700
4279,279,276,0.0009888645255599982,eligible_<1700
4289,132,107,0.00038336414577869497,eligible_<1700
4292,116,97,0.0003475357209395646,eligible_<1700
4323,296,294,0.001053355690270433,eligible_<1700
4367,219,213,0.000763145449073477,eligible_<1700
4370,1040,1032,0.0036974934433982544,eligible_<1700
4376,520,504,0.0018057526118921707,eligible_<1700
4384,112,112,0.00040127835819826015,eligible_<1700
4385,434,427,0.001529873740630867,eligible_<1700
4395,748,743,0.0026620519655473867,eligible_<1700
5755,159,114,0.00040844404316608626,eligible_<1700
5770,1129,1112,0.003984120842111297,eligible_<1700
5775,109,106,0.00037978130329478196,eligible_<1700
6613,411,352,0.001261160554337389,eligible_<1700
6617,265,258,0.0009243733608495636,eligible_<1700
6627,530,528,0.0018917408315060837,eligible_<1700
6642,223,191,0.0006843229144273902,eligible_<1700
6653,396,386,0.0013829771987904323,eligible_<1700
6668,113,105,0.0003761984608108689,eligible_<1700
6714,840,831,0.002977342104131734,eligible_<1700
6718,126,123,0.00044068962552130356,eligible_<1700
6779,1575,1552,0.005560571535033034,eligible_<1700
6810,183,177,0.0006341631196526076,eligible_<1700
6873,151,150,0.0005374263725869556,eligible_<1700
6898,204,193,0.0006914885993952162,eligible_<1700
6919,106,79,0.00028304455622912996,eligible_<1700
6927,307,272,0.0009745331556243462,eligible_<1700
6928,138,98,0.00035111856342347767,eligible_<1700
6953,180,174,0.0006234145922008685,eligible_<1700
6977,201,191,0.0006843229144273902,eligible_<1700
6982,259,248,0.0008885449360104332,eligible_<1700
7062,671,666,0.002386173094286083,eligible_<1700
7086,280,252,0.0009028763059460854,eligible_<1700
7103,298,267,0.000956618943204781,eligible_<1700
7114,120,99,0.00035470140590739067,eligible_<1700
7176,193,155,0.0005553405850065207,eligible_<1700
7218,188,187,0.0006699915444917379,eligible_<1700
7239,404,391,0.0014008914112099975,eligible_<1700
7251,196,152,0.0005445920575547817,eligible_<1700
7270,253,247,0.0008849620935265202,eligible_<1700
7314,105,99,0.00035470140590739067,eligible_<1700
7334,113,105,0.0003761984608108689,eligible_<1700
7336,854,833,0.00298450778909956,eligible_<1700
7377,110,107,0.00038336414577869497,eligible_<1700
7470,106,93,0.0003332043510039125,eligible_<1700
7473,101,96,0.00034395287845565155,eligible_<1700
7483,320,311,0.0011142640124969547,eligible_<1700
7502,137,109,0.0003905298307465211,eligible_<1700
7563,127,118,0.0004227754131017384,eligible_<1700
7614,333,298,0.001067687060206085,eligible_<1700
7662,115,90,0.00032245582355217337,eligible_<1700
7709,169,163,0.0005840033248778251,eligible_<1700
7718,265,262,0.0009387047307852157,eligible_<1700
7719,980,968,0.00346819152442782,eligible_<1700
7742,374,358,0.0012826576092408674,eligible_<1700
7755,159,126,0.0004514381529730427,eligible_<1700
7803,401,385,0.0013793943563065194,eligible_<1700
7824,790,762,0.0027301259727417343,eligible_<1700
7826,182,179,0.0006413288046204337,eligible_<1700
7858,801,676,0.0024220015191252133,eligible_<1700
7922,146,118,0.0004227754131017384,eligible_<1700
7935,212,208,0.0007452312366539117,eligible_<1700
7941,135,95,0.00034037003597173855,eligible_<1700
7967,519,515,0.0018451638792152142,eligible_<1700
7972,328,327,0.0011715894922395631,eligible_<1700
9211,379,365,0.0013077375066282587,eligible_<1700
9921,167,156,0.0005589234274904338,eligible_<1700
9961,113,85,0.00030454161113260814,eligible_<1700
9962,692,677,0.002425584361609126,eligible_<1700
9963,380,375,0.001343565931467389,eligible_<1700
10140,298,290,0.0010390243203347808,eligible_<1700
10164,603,596,0.00213537412041217,eligible_<1700
10196,241,240,0.000859882196139129,eligible_<1700
10226,204,148,0.0005302606876191296,eligible_<1700
10293,478,473,0.0016946844948908667,eligible_<1700
10431,264,242,0.000867047881106955,eligible_<1700
10453,470,454,0.001626610487696519,eligible_<1700
10506,116,116,0.0004156097281339123,eligible_<1700
10520,393,393,0.0014080570961778236,eligible_<1700
10527,440,431,0.0015442051105665191,eligible_<1700
10534,206,152,0.0005445920575547817,eligible_<1700
10547,43890,43385,0.1554416211645671,exclude_>2500
10550,1617,1588,0.005689553864453903,eligible_<1700
10579,136,110,0.0003941126732304341,eligible_<1700
10623,188,151,0.0005410092150708686,eligible_<1700
13224,200,186,0.000666408702007825,eligible_<1700
13230,1058,1040,0.003726156183269559,eligible_<1700
13254,130,104,0.00037261561832695585,eligible_<1700
13284,272,270,0.0009673674706565201,eligible_<1700
13293,820,808,0.0028949367270017343,eligible_<1700
13308,8781,8738,0.03130687762443212,exclude_>2500
13347,564,557,0.0019956432635395618,eligible_<1700
13367,142,137,0.0004908494202960861,eligible_<1700
13373,141,138,0.0004944322627799991,eligible_<1700
13456,598,585,0.002095962853089127,eligible_<1700
13503,164,164,0.0005875861673617382,eligible_<1700
13507,719,716,0.0025653152184817347,eligible_<1700
13508,156,147,0.0005266778451352165,eligible_<1700
13511,978,963,0.003450277312008255,eligible_<1700
13512,166,165,0.0005911690098456511,eligible_<1700
13542,322,320,0.0011465095948521718,eligible_<1700
13576,101,100,0.00035828424839130373,eligible_<1700
13642,5490,5485,0.01965189102426301,exclude_>2500
13703,180,170,0.0006090832222652163,eligible_<1700
13855,322,281,0.0010067787379795634,eligible_<1700
13884,2547,2542,0.00910758559410694,exclude_>2500
13945,769,742,0.0026584691230634736,eligible_<1700
13981,144,141,0.0005051807902317383,eligible_<1700
13995,135,92,0.00032962150851999943,eligible_<1700
14010,112,112,0.00040127835819826015,eligible_<1700
14017,962,957,0.0034287802571047765,eligible_<1700
14054,270,268,0.000960201785688694,eligible_<1700
14080,444,369,0.0013220688765639107,eligible_<1700
14083,571,529,0.0018953236739899966,eligible_<1700
14134,391,381,0.0013650629863708671,eligible_<1700
14254,2344,2329,0.008344440145033464,borderline_1700-2500
14258,639,625,0.0022392765524456484,eligible_<1700
14441,251,247,0.0008849620935265202,eligible_<1700
14535,490,460,0.001648107542599997,eligible_<1700
14683,568,509,0.0018236668243117359,eligible_<1700
14701,199,185,0.0006628258595239119,eligible_<1700
14736,383,371,0.0013292345615317368,eligible_<1700
14940,245,245,0.0008777964085586942,eligible_<1700
17687,130,129,0.0004621866804247818,eligible_<1700
17705,308,307,0.0010999326425613024,eligible_<1700
17710,2979,2921,0.010465482895509982,exclude_>2500
17857,269,266,0.0009530361007208679,eligible_<1700
17863,133,106,0.00037978130329478196,eligible_<1700
17965,128,123,0.00044068962552130356,eligible_<1700
17995,137,137,0.0004908494202960861,eligible_<1700
18100,4511,4503,0.016133539705060408,exclude_>2500
19918,252,247,0.0008849620935265202,eligible_<1700
19948,1828,1823,0.0065315218481734666,borderline_1700-2500
20022,1789,1783,0.006388208148816945,borderline_1700-2500
20040,208,206,0.0007380655516860857,eligible_<1700
20074,199,199,0.0007129856542986944,eligible_<1700
20077,254,237,0.0008491336686873898,eligible_<1700
20079,807,799,0.0028626911446465167,eligible_<1700
20081,157,156,0.0005589234274904338,eligible_<1700
20195,699,685,0.0024542471014804305,eligible_<1700
20228,301,300,0.0010748527451739111,eligible_<1700
20281,109,105,0.0003761984608108689,eligible_<1700
20750,1370,1357,0.004861917250669991,eligible_<1700
20782,777,774,0.002773120082548691,eligible_<1700
20821,177,177,0.0006341631196526076,eligible_<1700
20829,126,123,0.00044068962552130356,eligible_<1700
23761,188,149,0.0005338435301030425,eligible_<1700
23777,141,140,0.0005015979477478252,eligible_<1700
23935,493,491,0.0017591756596013013,eligible_<1700
23959,174,162,0.000580420482393912,eligible_<1700
24051,209,209,0.0007488140791378248,eligible_<1700
24118,175,165,0.0005911690098456511,eligible_<1700
24157,1239,1218,0.00436390214540608,eligible_<1700
24230,126,126,0.0004514381529730427,eligible_<1700
24258,115,115,0.00041202688564999926,eligible_<1700
24270,411,410,0.0014689654184043453,eligible_<1700
24304,1599,1576,0.005646559754646946,eligible_<1700
24396,1130,1115,0.003994869369563036,eligible_<1700
24416,594,590,0.002113877065508692,eligible_<1700
25554,13440,13426,0.04810324318901644,exclude_>2500
25568,4327,4323,0.01548862805795606,exclude_>2500
25623,401,397,0.0014223884661134758,eligible_<1700
25677,463,462,0.0016552732275678232,eligible_<1700
25685,1210,1187,0.0042528340284047755,eligible_<1700
25738,883,872,0.0031242386459721687,eligible_<1700
25772,118,116,0.0004156097281339123,eligible_<1700
25775,175,159,0.000569671954942173,eligible_<1700
25821,11817,11723,0.04200166243891253,exclude_>2500
25900,335,319,0.001142926752368259,eligible_<1700
25920,145,140,0.0005015979477478252,eligible_<1700
28396,1060,1058,0.003790647347979993,eligible_<1700
28472,102,91,0.0003260386660360864,eligible_<1700
28565,102,99,0.00035470140590739067,eligible_<1700
28705,268,265,0.0009494532582369549,eligible_<1700
32157,114,114,0.00040844404316608626,eligible_<1700
32194,122,122,0.00043710678303739056,eligible_<1700
32260,246,246,0.0008813792510426071,eligible_<1700
32341,3188,3177,0.01138269057139172,exclude_>2500
32382,742,739,0.0026477205956117345,eligible_<1700
32424,577,574,0.0020565515857660834,eligible_<1700
32441,3337,3316,0.011880705676655631,exclude_>2500
32465,109,108,0.000386946988262608,eligible_<1700
32469,177,175,0.0006269974346847816,eligible_<1700
32471,374,372,0.00133281740401565,eligible_<1700
32928,852,851,0.0030489989538099948,eligible_<1700
33071,311,306,0.0010963498000773895,eligible_<1700
33088,1014,999,0.0035792596414291242,eligible_<1700
33112,288,283,0.0010139444229473895,eligible_<1700
33154,4836,4821,0.017272883614944754,exclude_>2500
34635,52458,52458,0.1879487510211101,exclude_>2500
34745,321,316,0.0011321782249165198,eligible_<1700
34747,277,253,0.0009064591484299984,eligible_<1700
34829,399,398,0.0014259713085973888,eligible_<1700
34843,186,186,0.000666408702007825,eligible_<1700
35179,184,184,0.0006592430170399989,eligible_<1700
35306,136,131,0.00046935236539260786,eligible_<1700
35376,195,188,0.000673574386975651,eligible_<1700
35472,245,245,0.0008777964085586942,eligible_<1700
35477,184,142,0.0005087636327156513,eligible_<1700
35505,1856,1847,0.00661751006778738,borderline_1700-2500
35614,408,372,0.00133281740401565,eligible_<1700
35662,112,106,0.00037978130329478196,eligible_<1700
37400,2604,2593,0.009290310560786505,exclude_>2500
37441,220,219,0.0007846425039769551,eligible_<1700
37589,1074,1038,0.0037189904983017325,eligible_<1700
37680,137,135,0.00048368373532826003,eligible_<1700
37686,147,146,0.0005230950026513034,eligible_<1700
37875,112,102,0.0003654499333591298,eligible_<1700
37904,19468,19391,0.06947489860555771,exclude_>2500
37919,2050,2048,0.007337661407053901,borderline_1700-2500
37982,223,218,0.0007810596614930422,eligible_<1700
38026,1526,1488,0.0053312696160626,eligible_<1700
39351,5804,5800,0.020780486406695615,exclude_>2500
39415,135,132,0.0004729352078765209,eligible_<1700
39463,32624,32624,0.11688665319517892,exclude_>2500
39798,306,301,0.0010784355876578243,eligible_<1700
39802,183,182,0.0006520773320721727,eligible_<1700
41033,170,139,0.0004980151052639122,eligible_<1700
43365,286,286,0.0010246929503991285,eligible_<1700
43856,128,125,0.0004478553104891297,eligible_<1700
44558,277,274,0.0009816988405921723,eligible_<1700
45315,13873,13850,0.04962236840219557,exclude_>2500
55679,332,323,0.0011572581223039111,eligible_<1700
55690,7969,7922,0.02838327815755908,exclude_>2500
55705,724,715,0.0025617323759978216,eligible_<1700
55763,378,374,0.0013399830889834759,eligible_<1700
55781,151,143,0.0005123464751995643,eligible_<1700
55833,653,649,0.0023252647720595613,eligible_<1700
55835,451,448,0.0016051134327930406,eligible_<1700
55863,469,464,0.0016624389125356493,eligible_<1700
56241,118,109,0.0003905298307465211,eligible_<1700
56244,102,99,0.00035470140590739067,eligible_<1700
56294,306,300,0.0010748527451739111,eligible_<1700
56320,224,216,0.000773893976525216,eligible_<1700
56342,381,374,0.0013399830889834759,eligible_<1700
56410,139,139,0.0004980151052639122,eligible_<1700
56707,1235,1233,0.004417644782664775,eligible_<1700
56758,669,668,0.002393338779253909,eligible_<1700
56880,307,307,0.0010999326425613024,eligible_<1700
56885,820,818,0.0029307651518408646,eligible_<1700
57052,645,638,0.002285853504736518,eligible_<1700
57141,136,124,0.0004442724680052166,eligible_<1700
57215,150,148,0.0005302606876191296,eligible_<1700
57390,2939,2929,0.010494145635381286,exclude_>2500
57458,125,125,0.0004478553104891297,eligible_<1700
63385,232,225,0.0008061395588804333,eligible_<1700
63743,264,264,0.0009458704157530418,eligible_<1700
63758,273,254,0.0009100419909139115,eligible_<1700
63778,201,199,0.0007129856542986944,eligible_<1700
64220,629,610,0.0021855339151869526,eligible_<1700
64583,224,223,0.0007989738739126073,eligible_<1700
70916,568,567,0.002031471688378692,eligible_<1700
71061,3272,3236,0.011594078277942588,exclude_>2500
71272,539,538,0.001927569256345214,eligible_<1700
71402,107,107,0.00038336414577869497,eligible_<1700
71593,532,532,0.0019060722014417359,eligible_<1700
71655,1186,1182,0.00423491981598521,eligible_<1700
82397,306,306,0.0010963498000773895,eligible_<1700
82610,384,376,0.001347148773951302,eligible_<1700
82955,460,457,0.001637359015148258,eligible_<1700
83117,114,111,0.00039769551571434714,eligible_<1700
84159,1297,1291,0.004625449646731731,eligible_<1700
84419,3857,3803,0.01362554996632128,exclude_>2500
84465,701,664,0.0023790074093182566,eligible_<1700
90142,101,100,0.00035828424839130373,eligible_<1700
90190,662,660,0.0023646760393826044,eligible_<1700
90870,1247,1245,0.004460638892471731,eligible_<1700
90919,108,108,0.000386946988262608,eligible_<1700
90942,159,152,0.0005445920575547817,eligible_<1700
91050,272,271,0.0009709503131404331,eligible_<1700
91189,652,649,0.0023252647720595613,eligible_<1700
91425,199,199,0.0007129856542986944,eligible_<1700
91430,300,299,0.0010712699026899982,eligible_<1700
91512,123,123,0.00044068962552130356,eligible_<1700
91523,2600,2596,0.009301059088238245,exclude_>2500
98529,251,251,0.0008992934634621723,eligible_<1700
98739,197,194,0.0006950714418791292,eligible_<1700
98762,358,349,0.00125041202688565,eligible_<1700
99097,723,712,0.0025509838485460825,eligible_<1700
99308,185,181,0.0006484944895882597,eligible_<1700
99392,963,957,0.0034287802571047765,eligible_<1700
99770,288,288,0.0010318586353669547,eligible_<1700
99791,211,209,0.0007488140791378248,eligible_<1700
102690,268,264,0.0009458704157530418,eligible_<1700
102794,34610,34610,0.12400217836823021,exclude_>2500
102835,961,959,0.003435945942072603,eligible_<1700
102881,111,110,0.0003941126732304341,eligible_<1700
103061,268,260,0.0009315390458173897,eligible_<1700
109215,238,235,0.0008419679837195637,eligible_<1700
109252,247,246,0.0008813792510426071,eligible_<1700
109276,6852,6847,0.024531722487352567,exclude_>2500
109296,280,276,0.0009888645255599982,eligible_<1700
109764,909,907,0.0032496381329091247,eligible_<1700
110160,266,266,0.0009530361007208679,eligible_<1700
114530,107,88,0.00031529013858434726,eligible_<1700
114667,646,646,0.0023145162446078222,eligible_<1700
114784,164,162,0.000580420482393912,eligible_<1700
114863,145,144,0.0005159293176834773,eligible_<1700
116596,114,109,0.0003905298307465211,eligible_<1700
116858,1458,1455,0.005213035814093469,eligible_<1700
116948,267,265,0.0009494532582369549,eligible_<1700
116975,100,98,0.00035111856342347767,eligible_<1700
117663,2787,2775,0.009942387892858678,exclude_>2500
121993,401,399,0.001429554151081302,eligible_<1700
122271,160,157,0.0005625062699743469,eligible_<1700
122294,1661,1656,0.00593318715335999,eligible_<1700
125752,855,850,0.0030454161113260816,eligible_<1700
125854,383,383,0.0013722286713386933,eligible_<1700
125879,294,291,0.001042607162818694,eligible_<1700
125921,3424,3384,0.012124338965561718,exclude_>2500
126025,200,189,0.000677157229459564,eligible_<1700
126100,2406,2402,0.008605987646359116,borderline_1700-2500
128537,369,367,0.0013149031915960846,eligible_<1700
128565,642,636,0.002278687819768692,eligible_<1700
128621,14292,14285,0.051180904882697734,exclude_>2500
128662,130,129,0.0004621866804247818,eligible_<1700
128667,3879,3847,0.013783195035613455,exclude_>2500
128721,2061,2053,0.007355575619473465,borderline_1700-2500
131457,125,125,0.0004478553104891297,eligible_<1700
131616,281,281,0.0010067787379795634,eligible_<1700
131788,225,223,0.0007989738739126073,eligible_<1700
132028,1833,1792,0.006420453731172162,borderline_1700-2500
132188,189,188,0.000673574386975651,eligible_<1700
132203,133,130,0.00046576952290869485,eligible_<1700
132251,1116,1108,0.003969789472175645,eligible_<1700
134253,5919,5887,0.02109219370279605,exclude_>2500
134453,3858,3848,0.013786777878097367,exclude_>2500
134615,140,139,0.0004980151052639122,eligible_<1700
135019,221,216,0.000773893976525216,eligible_<1700
135382,3614,3598,0.012891067257119108,exclude_>2500
135508,183,183,0.0006556601745560858,eligible_<1700
135648,463,457,0.001637359015148258,eligible_<1700
135654,747,746,0.002672800492999126,eligible_<1700
135779,9128,9110,0.03263969502844777,exclude_>2500
135888,481,477,0.0017090158648265187,eligible_<1700
136000,1060,1049,0.003758401765624776,eligible_<1700
139572,328,326,0.0011680066497556502,eligible_<1700
139976,6072,6042,0.02164753428780257,exclude_>2500
140163,287,286,0.0010246929503991285,eligible_<1700
140314,143,141,0.0005051807902317383,eligible_<1700
140343,800,795,0.0028483597747108644,eligible_<1700
140457,915,911,0.003263969502844777,eligible_<1700
140524,222,218,0.0007810596614930422,eligible_<1700
144223,145,145,0.0005195121601673904,eligible_<1700
144344,9168,9162,0.032826002837611244,exclude_>2500
144388,1356,1351,0.004840420195766513,eligible_<1700
144416,119,119,0.00042635825558565144,eligible_<1700
144492,752,749,0.002683549020450865,eligible_<1700
144506,181,181,0.0006484944895882597,eligible_<1700
144553,4590,4582,0.016416584261289537,exclude_>2500
144574,165,121,0.0004335239405534775,eligible_<1700
144733,18157,18150,0.06502859108302163,exclude_>2500
144734,1037,1035,0.0037082419708499934,eligible_<1700
144797,4422,4415,0.01581824956647606,exclude_>2500
145012,835,833,0.00298450778909956,eligible_<1700
145209,107,107,0.00038336414577869497,eligible_<1700
145381,122,120,0.0004299410980695645,eligible_<1700
145475,319,314,0.0011250125399486937,eligible_<1700
145493,263,261,0.0009351218883013028,eligible_<1700
145588,1708,1707,0.006115912120039555,borderline_1700-2500
145599,341,332,0.0011895037046591283,eligible_<1700
145633,1068,1062,0.0038049787179156454,eligible_<1700
146725,612,609,0.00218195107270304,eligible_<1700
146818,556,554,0.0019848947360878227,eligible_<1700
146864,108,107,0.00038336414577869497,eligible_<1700
149155,5768,5740,0.020565515857660834,exclude_>2500
149621,153,152,0.0005445920575547817,eligible_<1700
149776,1578,1565,0.005607148487323904,eligible_<1700
149787,597,593,0.002124625592960431,eligible_<1700
149794,174,149,0.0005338435301030425,eligible_<1700
149863,245,243,0.0008706307235908681,eligible_<1700
149869,1022,1017,0.003643750806139559,eligible_<1700
149910,246,241,0.0008634650386230419,eligible_<1700
149951,1291,1250,0.004478553104891297,eligible_<1700
150014,369,360,0.0012898232942086935,eligible_<1700
152955,140,138,0.0004944322627799991,eligible_<1700
153097,1534,1522,0.005453086260515642,eligible_<1700
153113,104,100,0.00035828424839130373,eligible_<1700
153422,659,658,0.0023575103544147785,eligible_<1700
153498,155,153,0.0005481749000386947,eligible_<1700
153830,100,100,0.00035828424839130373,eligible_<1700
156091,2923,2914,0.010440402998122591,exclude_>2500
156108,338,334,0.0011966693896269544,eligible_<1700
158548,279,279,0.0009996130530117375,eligible_<1700
158572,1320,1315,0.004711437866345644,eligible_<1700
161995,240,238,0.0008527165111713029,eligible_<1700
162009,787,715,0.0025617323759978216,eligible_<1700
162093,554,548,0.0019633976811843446,eligible_<1700
162367,342,341,0.0012217492870143457,eligible_<1700
162388,803,799,0.0028626911446465167,eligible_<1700
162391,106,106,0.00037978130329478196,eligible_<1700
162823,1837,1832,0.006563767430528685,borderline_1700-2500
162865,272,270,0.0009673674706565201,eligible_<1700
161537,359,359,0.0012862404517247803,eligible_<1700
161546,1113,1109,0.003973372314659558,eligible_<1700
161547,1105,1097,0.003930378204852602,eligible_<1700
161578,708,702,0.002515155423706952,eligible_<1700
161617,1051,1045,0.0037440703956891238,eligible_<1700
161719,191,186,0.000666408702007825,eligible_<1700
161866,2631,2587,0.009268813505883027,exclude_>2500
161887,102,100,0.00035828424839130373,eligible_<1700
163642,2966,2965,0.010623127964802156,exclude_>2500
163929,396,392,0.0014044742536939107,eligible_<1700
163930,1866,1857,0.00665333849262651,borderline_1700-2500
163931,776,775,0.0027767029250326037,eligible_<1700
163967,20735,20660,0.07402152571764335,exclude_>2500
164110,315,313,0.0011214296974647806,eligible_<1700
164153,23512,23512,0.08423979248176333,exclude_>2500
169786,80173,80173,0.28724723046275996,exclude_>2500
170041,483,480,0.001719764392278258,eligible_<1700
169654,18087,18026,0.06458431861501641,exclude_>2500
169697,236,236,0.0008455508262034768,eligible_<1700
169704,1115,1109,0.003973372314659558,eligible_<1700
169743,296,295,0.001056938532754346,eligible_<1700
171626,132,131,0.00046935236539260786,eligible_<1700
171672,1286,1281,0.004589621221892601,eligible_<1700
171708,108,100,0.00035828424839130373,eligible_<1700
171835,1274,1267,0.004539461427117818,eligible_<1700
171964,445,426,0.001526290898146954,eligible_<1700
172006,102,101,0.0003618670908752168,eligible_<1700
172007,539,532,0.0019060722014417359,eligible_<1700
172032,496,493,0.0017663413445691274,eligible_<1700
172062,711,701,0.002511572581223039,eligible_<1700
172064,112,111,0.00039769551571434714,eligible_<1700
172081,11662,11630,0.04166845808790862,exclude_>2500
172155,737,733,0.0026262235407082564,eligible_<1700
172164,194,192,0.0006879057569113031,eligible_<1700
173090,12418,12371,0.044323344368488185,exclude_>2500
173096,964,959,0.003435945942072603,eligible_<1700
175334,335,330,0.0011823380196913022,eligible_<1700
175458,356,350,0.0012539948693695631,eligible_<1700
175495,943,937,0.0033571234074265158,eligible_<1700
175512,178,177,0.0006341631196526076,eligible_<1700
175878,1691,1688,0.006047838112845207,eligible_<1700
175989,287,286,0.0010246929503991285,eligible_<1700
176146,375,347,0.0012432463419178238,eligible_<1700
176189,15419,15267,0.05469925620190034,exclude_>2500
176229,7498,7489,0.026831907362024735,exclude_>2500
176286,120,118,0.0004227754131017384,eligible_<1700
176371,3295,3292,0.011794717457041718,exclude_>2500
176396,13080,13075,0.046845665477162964,exclude_>2500
180921,319,318,0.001139343909884346,eligible_<1700
180942,215,213,0.000763145449073477,eligible_<1700
180956,2186,2163,0.0077496882927038995,borderline_1700-2500
181120,245,245,0.0008777964085586942,eligible_<1700
181209,127,126,0.0004514381529730427,eligible_<1700
181290,337,336,0.0012038350745947805,eligible_<1700
181293,2811,2810,0.010067787379795634,exclude_>2500
181319,212,212,0.0007595626065895639,eligible_<1700
181327,451,449,0.0016086962752769537,eligible_<1700
181329,759,758,0.002715794602806082,eligible_<1700
181331,251,250,0.0008957106209782593,eligible_<1700
181382,145,145,0.0005195121601673904,eligible_<1700
181393,337,335,0.0012002522321108674,eligible_<1700
181404,562,557,0.0019956432635395618,eligible_<1700
181495,894,888,0.003181564125714777,eligible_<1700
181615,114,108,0.000386946988262608,eligible_<1700
183284,1820,1816,0.006506441950786076,borderline_1700-2500
183361,178,178,0.0006377459621365206,eligible_<1700
183420,496,491,0.0017591756596013013,eligible_<1700
183452,146,143,0.0005123464751995643,eligible_<1700
183562,3085,3081,0.011038737692936068,exclude_>2500
183720,229,227,0.0008133052438482595,eligible_<1700
183880,4227,4191,0.015015692850079539,exclude_>2500
183959,594,589,0.0021102942230247787,eligible_<1700
183963,116,108,0.000386946988262608,eligible_<1700
184085,274,273,0.0009781159981082591,eligible_<1700
184151,2733,2725,0.009763245768663026,exclude_>2500
184287,629,622,0.0022285280249939093,eligible_<1700
184346,3146,3127,0.011203548447196067,exclude_>2500
184383,314,301,0.0010784355876578243,eligible_<1700
192291,35810,35685,0.12785373403843672,exclude_>2500
192315,107,105,0.0003761984608108689,eligible_<1700
192334,874,870,0.0031170729610043423,eligible_<1700
192345,196,195,0.0006986542843630423,eligible_<1700
192668,238,238,0.0008527165111713029,eligible_<1700
192735,1049,1045,0.0037440703956891238,eligible_<1700
192829,300,299,0.0010712699026899982,eligible_<1700
192860,3436,3428,0.012281984034853892,exclude_>2500
192906,232,232,0.0008312194562678246,eligible_<1700
192947,1320,1312,0.004700689338893905,eligible_<1700
192984,222,219,0.0007846425039769551,eligible_<1700
193062,250,250,0.0008957106209782593,eligible_<1700
193083,417,417,0.0014940453157917366,eligible_<1700
193161,141,136,0.0004872665778121731,eligible_<1700
193213,491,491,0.0017591756596013013,eligible_<1700
193238,219,171,0.0006126660647491293,eligible_<1700
193308,3280,3272,0.011723060607363459,exclude_>2500
193327,177,177,0.0006341631196526076,eligible_<1700
193328,638,634,0.0022715221348008656,eligible_<1700
193436,123,123,0.00044068962552130356,eligible_<1700
193483,898,888,0.003181564125714777,eligible_<1700
193560,1837,1824,0.00653510469065738,borderline_1700-2500
193621,6005,5921,0.021214010347249092,exclude_>2500
193628,106,106,0.00037978130329478196,eligible_<1700
193668,690,678,0.002429167204093039,eligible_<1700
193695,156,156,0.0005589234274904338,eligible_<1700
196340,12295,12293,0.04404388265474297,exclude_>2500
196392,234,234,0.0008383851412356508,eligible_<1700
196676,102,91,0.0003260386660360864,eligible_<1700
197065,755,753,0.002697880390386517,eligible_<1700
197101,281,281,0.0010067787379795634,eligible_<1700
197333,175,169,0.0006055003797813033,eligible_<1700
197439,359,356,0.0012754919242730413,eligible_<1700
197572,1146,1118,0.004005617897014775,eligible_<1700
197641,101,99,0.00035470140590739067,eligible_<1700
197760,428,422,0.0015119595282113017,eligible_<1700
197909,160,158,0.0005660891124582599,eligible_<1700
198003,131,129,0.0004621866804247818,eligible_<1700
198059,153,153,0.0005481749000386947,eligible_<1700
198087,258,225,0.0008061395588804333,eligible_<1700
198138,1358,1350,0.0048368373532826,eligible_<1700
198147,117,115,0.00041202688564999926,eligible_<1700
198287,975,972,0.0034825228943634722,eligible_<1700
198328,310,307,0.0010999326425613024,eligible_<1700
198408,343,340,0.0012181664445304326,eligible_<1700
198412,245,245,0.0008777964085586942,eligible_<1700
198414,293,289,0.0010354414778508678,eligible_<1700
198455,378,376,0.001347148773951302,eligible_<1700
198487,1410,1382,0.004951488312767817,eligible_<1700
198517,438,436,0.0015621193229860843,eligible_<1700
198671,137,135,0.00048368373532826003,eligible_<1700
198707,891,890,0.003188729810682603,eligible_<1700
198791,173,171,0.0006126660647491293,eligible_<1700
198830,3131,3121,0.01118205139229259,exclude_>2500
199908,194,194,0.0006950714418791292,eligible_<1700
199913,189,189,0.000677157229459564,eligible_<1700
200058,963,960,0.003439528784556516,eligible_<1700
200077,6672,6637,0.023779325565730827,exclude_>2500
200170,135,133,0.00047651805036043397,eligible_<1700
200371,113,111,0.00039769551571434714,eligible_<1700
200610,305,300,0.0010748527451739111,eligible_<1700
200646,168,166,0.0005947518523295642,eligible_<1700
200785,1624,1621,0.005807787666423033,eligible_<1700
200871,116,115,0.00041202688564999926,eligible_<1700
200890,1100,1098,0.003933961047336515,eligible_<1700
201037,280,276,0.0009888645255599982,eligible_<1700
201054,927,918,0.003289049400232168,eligible_<1700
201248,2233,2217,0.007943161786835204,borderline_1700-2500
201308,677,673,0.0024112529916734743,eligible_<1700
201455,598,597,0.002138956962896083,eligible_<1700
201509,833,825,0.002955845049228256,eligible_<1700
201557,150,148,0.0005302606876191296,eligible_<1700
203430,3617,3610,0.012934061366926064,exclude_>2500
203719,418,410,0.0014689654184043453,eligible_<1700
203780,1987,1987,0.007119108015535205,borderline_1700-2500
203835,181,181,0.0006484944895882597,eligible_<1700
209951,154,130,0.00046576952290869485,eligible_<1700
210008,439,436,0.0015621193229860843,eligible_<1700
210113,166,163,0.0005840033248778251,eligible_<1700
210290,1092,1084,0.0038838012525617325,eligible_<1700
211323,453,453,0.001623027645212606,eligible_<1700
211450,279,278,0.0009960302105278243,eligible_<1700
211453,123,121,0.0004335239405534775,eligible_<1700
211940,1207,1201,0.004302993823179558,eligible_<1700
212580,259,253,0.0009064591484299984,eligible_<1700
212662,411,400,0.001433136993565215,eligible_<1700
212958,233,231,0.0008276366137839116,eligible_<1700
213492,1139,1137,0.004073691904209123,eligible_<1700
213497,188,155,0.0005553405850065207,eligible_<1700
213549,496,496,0.0017770898720208665,eligible_<1700
213661,523,519,0.0018594952491508662,eligible_<1700
213788,218,216,0.000773893976525216,eligible_<1700
213953,919,918,0.003289049400232168,eligible_<1700
214032,3146,3143,0.011260873926938676,exclude_>2500
214396,2761,2745,0.009834902618341287,exclude_>2500
214887,3456,3452,0.012367972254467804,exclude_>2500
214899,252,248,0.0008885449360104332,eligible_<1700
214910,325,324,0.001160840964787824,eligible_<1700
214989,421,418,0.0014976281582756495,eligible_<1700
215213,213,211,0.0007559797641056509,eligible_<1700
207899,148,148,0.0005302606876191296,eligible_<1700
207919,292,291,0.001042607162818694,eligible_<1700
207991,881,874,0.0031314043309399946,eligible_<1700
208700,126,119,0.00042635825558565144,eligible_<1700
208766,1407,1405,0.005033893689897817,eligible_<1700
209324,912,903,0.0032353067629734725,eligible_<1700
209383,100,99,0.00035470140590739067,eligible_<1700
209418,10598,10595,0.03796021611705863,exclude_>2500
209685,25745,25718,0.09214354300127549,exclude_>2500
217424,230,227,0.0008133052438482595,eligible_<1700
223779,1915,1903,0.00681814924688651,borderline_1700-2500
225694,23792,23792,0.08524298837725898,exclude_>2500
225908,116,114,0.00040844404316608626,eligible_<1700
225910,1045,1038,0.0037189904983017325,eligible_<1700
226354,108,108,0.000386946988262608,eligible_<1700
226522,5137,5104,0.018286828037892142,exclude_>2500
226997,131,114,0.00040844404316608626,eligible_<1700
227018,125,121,0.0004335239405534775,eligible_<1700
227212,570,567,0.002031471688378692,eligible_<1700
227466,1737,1732,0.00620548318213738,borderline_1700-2500
227502,133,132,0.0004729352078765209,eligible_<1700
227545,829,826,0.0029594278917121687,eligible_<1700
227758,2070,2067,0.007405735414248248,borderline_1700-2500
227888,123,121,0.0004335239405534775,eligible_<1700
223952,364,360,0.0012898232942086935,eligible_<1700
223953,4067,4056,0.01453200911475128,exclude_>2500
224011,141,138,0.0004944322627799991,eligible_<1700
224013,217,216,0.000773893976525216,eligible_<1700
224060,119,119,0.00042635825558565144,eligible_<1700
224141,135,132,0.0004729352078765209,eligible_<1700
224149,172,162,0.000580420482393912,eligible_<1700
224478,156,155,0.0005553405850065207,eligible_<1700
224483,586,580,0.0020780486406695615,eligible_<1700
224517,46501,46501,0.16660575834444014,exclude_>2500
224597,2697,2671,0.009569772274531723,exclude_>2500
224662,120,116,0.0004156097281339123,eligible_<1700
224675,205,203,0.0007273170242343465,eligible_<1700
224710,4094,4037,0.014463935107556931,exclude_>2500
225214,434,434,0.0015549536380182582,eligible_<1700
225482,1743,1742,0.006241311606976511,borderline_1700-2500
225610,174,130,0.00046576952290869485,eligible_<1700
230315,291,291,0.001042607162818694,eligible_<1700
236905,205,204,0.0007308998667182596,eligible_<1700
237145,822,821,0.0029415136792926037,eligible_<1700
237174,227,227,0.0008133052438482595,eligible_<1700
237860,857,840,0.0030095876864869513,eligible_<1700
238094,520,519,0.0018594952491508662,eligible_<1700
238102,132,131,0.00046935236539260786,eligible_<1700
238957,137,135,0.00048368373532826003,eligible_<1700
239188,20542,20486,0.07339811112544248,exclude_>2500
244049,2994,2994,0.010727030396835634,exclude_>2500
244082,323,321,0.001150092437336085,eligible_<1700
244115,5092,5085,0.018218754030697795,exclude_>2500
244153,190,189,0.000677157229459564,eligible_<1700
244170,257,256,0.0009172076758817376,eligible_<1700
244203,150,149,0.0005338435301030425,eligible_<1700
244212,670,670,0.0024005044642217348,eligible_<1700
244241,174,174,0.0006234145922008685,eligible_<1700
244513,1922,1915,0.0068611433566934665,borderline_1700-2500
247106,497,482,0.0017269300772460839,eligible_<1700
247313,358,357,0.0012790747667569542,eligible_<1700
247360,638,635,0.0022751049772847787,eligible_<1700
247367,9206,9043,0.03239964458202559,exclude_>2500
253344,13262,13198,0.047286355102684266,exclude_>2500
253368,510,504,0.0018057526118921707,eligible_<1700
253396,202,197,0.0007058199693308683,eligible_<1700
253398,1631,1630,0.00584003324877825,eligible_<1700
253399,603,600,0.0021497054903478223,eligible_<1700
253499,4507,4499,0.016119208335124754,exclude_>2500
253512,137,135,0.00048368373532826003,eligible_<1700
253679,327,327,0.0011715894922395631,eligible_<1700
253763,188,188,0.000673574386975651,eligible_<1700
253807,621,618,0.002214196655058257,eligible_<1700
253862,107,107,0.00038336414577869497,eligible_<1700
254188,1140,1122,0.004019949266950428,eligible_<1700
254239,183,147,0.0005266778451352165,eligible_<1700
254394,150,142,0.0005087636327156513,eligible_<1700
254532,161,160,0.0005732547974260859,eligible_<1700
254640,29898,29898,0.10711982458403199,exclude_>2500
258070,126,126,0.0004514381529730427,eligible_<1700
258207,244,241,0.0008634650386230419,eligible_<1700
262941,2492,2490,0.008921277784943463,borderline_1700-2500
263223,131,115,0.00041202688564999926,eligible_<1700
263360,341,339,0.0012145836020465196,eligible_<1700
263894,247,245,0.0008777964085586942,eligible_<1700
267009,988,988,0.0035398483741060807,eligible_<1700
267246,123,123,0.00044068962552130356,eligible_<1700
267271,1325,1325,0.004747266291184774,eligible_<1700
267333,314,314,0.0011250125399486937,eligible_<1700
267370,1482,1480,0.005302606876191295,eligible_<1700
267377,150,135,0.00048368373532826003,eligible_<1700
267401,1607,1604,0.0057468793441965114,eligible_<1700
267402,142,116,0.0004156097281339123,eligible_<1700
267475,1257,1255,0.004496467317310862,eligible_<1700
267609,924,922,0.0033033807701678204,eligible_<1700
267652,772,765,0.0027408745001934734,eligible_<1700
268188,408,407,0.0014582168909526062,eligible_<1700
268864,12314,12273,0.043972225805064706,exclude_>2500
269077,113,112,0.00040127835819826015,eligible_<1700
274178,120,95,0.00034037003597173855,eligible_<1700
274230,157,157,0.0005625062699743469,eligible_<1700
274363,354,352,0.001261160554337389,eligible_<1700
274405,351,348,0.001246829184401737,eligible_<1700
274429,122,122,0.00043710678303739056,eligible_<1700
274450,1674,1670,0.005983346948134773,eligible_<1700
274533,4059,4003,0.014342118463103888,exclude_>2500
274548,171,171,0.0006126660647491293,eligible_<1700
274690,319,312,0.0011178468549808676,eligible_<1700
283474,238,237,0.0008491336686873898,eligible_<1700
283718,788,783,0.002805365664903908,eligible_<1700
283768,274,262,0.0009387047307852157,eligible_<1700
283863,3885,3881,0.013905011680066498,exclude_>2500
283871,334,333,0.0011930865471430415,eligible_<1700
283934,1597,1586,0.005682388179486077,eligible_<1700
284054,282,281,0.0010067787379795634,eligible_<1700
284082,673,671,0.002404087306705648,eligible_<1700
284083,43167,43167,0.15466056150307408,exclude_>2500
284195,380,378,0.001354314458919128,eligible_<1700
284229,953,951,0.0034072832022012983,eligible_<1700
284269,169,168,0.0006019175372973903,eligible_<1700
284291,625,622,0.0022285280249939093,eligible_<1700
284378,8345,8343,0.02989165484328647,exclude_>2500
286126,137,135,0.00048368373532826003,eligible_<1700
286439,306,306,0.0010963498000773895,eligible_<1700
286533,246,246,0.0008813792510426071,eligible_<1700
286547,228,228,0.0008168880863321725,eligible_<1700
286735,1112,1095,0.0039232125198847756,eligible_<1700
286829,112,111,0.00039769551571434714,eligible_<1700
287084,4562,4553,0.01631268182925606,exclude_>2500
287116,199,197,0.0007058199693308683,eligible_<1700
287217,118,117,0.0004191925706178254,eligible_<1700
287222,229,226,0.0008097224013643464,eligible_<1700
287228,818,804,0.002880605357066082,eligible_<1700
287247,249,248,0.0008885449360104332,eligible_<1700
287275,449,446,0.0015979477478252147,eligible_<1700
287411,157,157,0.0005625062699743469,eligible_<1700
287693,421,420,0.0015047938432434756,eligible_<1700
287742,881,880,0.0031529013858434727,eligible_<1700
287780,604,602,0.0021568711753156486,eligible_<1700
287783,162,139,0.0004980151052639122,eligible_<1700
287941,747,744,0.0026656348080313,eligible_<1700
287954,17008,16991,0.060876076644166416,exclude_>2500
288010,277,270,0.0009673674706565201,eligible_<1700
288098,119,119,0.00042635825558565144,eligible_<1700
288169,3768,3758,0.013464322054545194,exclude_>2500
288385,497,490,0.0017555928171173883,eligible_<1700
288558,237,235,0.0008419679837195637,eligible_<1700
288583,180,176,0.0006305802771686945,eligible_<1700
288933,121,121,0.0004335239405534775,eligible_<1700
289020,223,212,0.0007595626065895639,eligible_<1700
289223,149,149,0.0005338435301030425,eligible_<1700
289247,326,309,0.0011070983275291285,eligible_<1700
289467,189,188,0.000673574386975651,eligible_<1700
289566,251,247,0.0008849620935265202,eligible_<1700
289601,416,414,0.0014832967883399975,eligible_<1700
289850,120,119,0.00042635825558565144,eligible_<1700
289916,144,144,0.0005159293176834773,eligible_<1700
289937,147,143,0.0005123464751995643,eligible_<1700
290357,520,518,0.0018559124066669533,eligible_<1700
290359,4030,4005,0.014349284148071715,exclude_>2500
290484,3040,2972,0.010648207862189547,exclude_>2500
291155,192,176,0.0006305802771686945,eligible_<1700
291236,286,285,0.0010211101079152156,eligible_<1700
291334,214,200,0.0007165684967826075,eligible_<1700
291431,166,165,0.0005911690098456511,eligible_<1700
295957,833,833,0.00298450778909956,eligible_<1700
296108,3160,3154,0.01130028519426172,exclude_>2500
299171,378,378,0.001354314458919128,eligible_<1700
299249,327,323,0.0011572581223039111,eligible_<1700
299571,1328,1321,0.004732934921249122,eligible_<1700
299573,216,216,0.000773893976525216,eligible_<1700
299592,1845,1843,0.006603178697851727,borderline_1700-2500
299800,607,602,0.0021568711753156486,eligible_<1700
299815,337,330,0.0011823380196913022,eligible_<1700
299838,297,296,0.0010605213752382591,eligible_<1700
299939,248,247,0.0008849620935265202,eligible_<1700
299946,379,374,0.0013399830889834759,eligible_<1700
300036,118,82,0.0002937930836808691,eligible_<1700
300090,113,113,0.0004048612006821732,eligible_<1700
300095,237,236,0.0008455508262034768,eligible_<1700
300192,861,856,0.0030669131662295597,eligible_<1700
300296,276,275,0.0009852816830760852,eligible_<1700
300322,6201,6198,0.022206457715293004,exclude_>2500
300323,235,230,0.0008240537712999985,eligible_<1700
300367,834,833,0.00298450778909956,eligible_<1700
300400,104,104,0.00037261561832695585,eligible_<1700
300523,500,500,0.0017914212419565187,eligible_<1700
300583,2142,2139,0.007663700073089987,borderline_1700-2500
300664,865,865,0.0030991587485847774,eligible_<1700
309600,112,111,0.00039769551571434714,eligible_<1700
309752,459,458,0.0016409418576321712,eligible_<1700
309917,341,335,0.0012002522321108674,eligible_<1700
310194,255,255,0.0009136248333978245,eligible_<1700
310611,206,203,0.0007273170242343465,eligible_<1700
310757,128,126,0.0004514381529730427,eligible_<1700
316786,1755,1752,0.006277140031815641,borderline_1700-2500
316857,425,419,0.0015012110007595627,eligible_<1700
317288,102,102,0.0003654499333591298,eligible_<1700
317312,170,169,0.0006055003797813033,eligible_<1700
317367,292,284,0.0010175272654313026,eligible_<1700
317434,1023,1014,0.00363300227868782,eligible_<1700
317985,15521,15516,0.05559138398039468,exclude_>2500
318182,4106,4097,0.014678905656591714,exclude_>2500
318184,7244,7233,0.025914699686143,exclude_>2500
318553,2688,2688,0.009630680596758244,exclude_>2500
318559,204,202,0.0007237341817504336,eligible_<1700
324150,242,239,0.0008562993536552159,eligible_<1700
324342,190,187,0.0006699915444917379,eligible_<1700
324345,910,909,0.003256803817876951,eligible_<1700
324413,1642,1610,0.00576837639909999,eligible_<1700
324853,744,735,0.0026333892256760823,eligible_<1700
330116,220,218,0.0007810596614930422,eligible_<1700
330517,313,311,0.0011142640124969547,eligible_<1700
330532,285,285,0.0010211101079152156,eligible_<1700
330665,319,319,0.001142926752368259,eligible_<1700
330769,322,313,0.0011214296974647806,eligible_<1700
330806,160,160,0.0005732547974260859,eligible_<1700
331228,140,136,0.0004872665778121731,eligible_<1700
331401,3193,3187,0.01141851899623085,exclude_>2500
331408,228,226,0.0008097224013643464,eligible_<1700
341546,142,142,0.0005087636327156513,eligible_<1700
341573,1317,1305,0.0046756094415065135,eligible_<1700
341779,330,326,0.0011680066497556502,eligible_<1700
341934,101,100,0.00035828424839130373,eligible_<1700
342010,672,667,0.0023897559367699957,eligible_<1700
342062,356,350,0.0012539948693695631,eligible_<1700
342075,181,179,0.0006413288046204337,eligible_<1700
342492,127,126,0.0004514381529730427,eligible_<1700
342703,141,141,0.0005051807902317383,eligible_<1700
342810,3169,3168,0.011350444989036501,exclude_>2500
342848,3074,3044,0.010906172521031285,exclude_>2500
342894,1298,1292,0.0046290324892156445,eligible_<1700
346742,395,391,0.0014008914112099975,eligible_<1700
346951,249,248,0.0008885449360104332,eligible_<1700
347137,2256,2244,0.008039898533900856,borderline_1700-2500
347157,241,231,0.0008276366137839116,eligible_<1700
347161,164,130,0.00046576952290869485,eligible_<1700
347218,160,160,0.0005732547974260859,eligible_<1700
347305,1971,1969,0.0070546168508247705,borderline_1700-2500
347521,573,570,0.002042220215830431,eligible_<1700
347747,157,157,0.0005625062699743469,eligible_<1700
347748,141,140,0.0005015979477478252,eligible_<1700
347811,849,846,0.0030310847413904294,eligible_<1700
348070,657,655,0.0023467618269630394,eligible_<1700
348096,3176,3166,0.011343279304068676,exclude_>2500
348450,4051,4045,0.014492597847428236,exclude_>2500
348877,281,276,0.0009888645255599982,eligible_<1700
349369,159,158,0.0005660891124582599,eligible_<1700
349523,326,317,0.0011357610674004328,eligible_<1700
349805,151,140,0.0005015979477478252,eligible_<1700
349963,871,868,0.0031099072760365164,eligible_<1700
350079,342,340,0.0012181664445304326,eligible_<1700
359974,365,363,0.0013005718216604326,eligible_<1700
360175,263,256,0.0009172076758817376,eligible_<1700
360206,1360,1352,0.004844003038250427,eligible_<1700
360366,518,509,0.0018236668243117359,eligible_<1700
360503,445,442,0.0015836163778895625,eligible_<1700
360951,746,743,0.0026620519655473867,eligible_<1700
361025,639,638,0.002285853504736518,eligible_<1700
361279,440,439,0.0015728678504378234,eligible_<1700
361545,4320,4313,0.01545279963311693,exclude_>2500
361598,308,304,0.0010891841151095634,eligible_<1700
362020,1639,1635,0.005857947461197816,eligible_<1700
362164,532,530,0.0018989065164739098,eligible_<1700
362366,351,351,0.001257577711853476,eligible_<1700
362452,2694,2693,0.00964859480917781,exclude_>2500
362723,240,237,0.0008491336686873898,eligible_<1700
362800,101,100,0.00035828424839130373,eligible_<1700
362860,507,507,0.00181650113934391,eligible_<1700
367201,212,210,0.0007523969216217378,eligible_<1700
367280,463,459,0.001644524700116084,eligible_<1700
367662,1483,1478,0.005295441191223469,eligible_<1700
367820,407,401,0.0014367198360491279,eligible_<1700
367966,2713,2708,0.009702337446436504,exclude_>2500
367992,354,353,0.0012647433968213022,eligible_<1700
368028,253,253,0.0009064591484299984,eligible_<1700
368036,394,390,0.0013973085687260846,eligible_<1700
368058,3682,3673,0.013159780443412586,exclude_>2500
368109,296,293,0.0010497728477865198,eligible_<1700
368119,461,460,0.001648107542599997,eligible_<1700
397788,336,331,0.0011859208621752154,eligible_<1700
398684,320,318,0.001139343909884346,eligible_<1700
398774,103,103,0.00036903277584304285,eligible_<1700
399011,341,339,0.0012145836020465196,eligible_<1700
400314,6049,6040,0.021640368602834744,exclude_>2500
400752,126,120,0.0004299410980695645,eligible_<1700
401168,100,100,0.00035828424839130373,eligible_<1700
401177,104,102,0.0003654499333591298,eligible_<1700
401223,110,107,0.00038336414577869497,eligible_<1700
402024,785,783,0.002805365664903908,eligible_<1700
402106,293,292,0.0010461900053026069,eligible_<1700
402109,157,155,0.0005553405850065207,eligible_<1700
402111,617,616,0.0022070309700904307,eligible_<1700
402205,154,154,0.0005517577425226077,eligible_<1700
402663,1247,1245,0.004460638892471731,eligible_<1700
402669,719,718,0.0025724809034495606,eligible_<1700
403150,130,130,0.00046576952290869485,eligible_<1700
403221,246,246,0.0008813792510426071,eligible_<1700
403441,1807,1804,0.0064634478409791194,borderline_1700-2500
404041,608,608,0.0021783682302191267,eligible_<1700
404233,192,192,0.0006879057569113031,eligible_<1700
404455,176,174,0.0006234145922008685,eligible_<1700
406320,172,171,0.0006126660647491293,eligible_<1700
406329,220,218,0.0007810596614930422,eligible_<1700
406652,558,556,0.0019920604210556486,eligible_<1700
407343,620,616,0.0022070309700904307,eligible_<1700
407805,171,168,0.0006019175372973903,eligible_<1700
408180,751,751,0.0026907147054186908,eligible_<1700
408545,214,214,0.0007667282915573899,eligible_<1700
63,437,396,0.0014188056236295627,eligible_<1700
66,2649,2637,0.00944795563007868,exclude_>2500
68,502,475,0.0017018501798586926,eligible_<1700
119,4988,4961,0.017774481562692578,exclude_>2500
133,155,152,0.0005445920575547817,eligible_<1700
135,839,838,0.0030024220015191254,eligible_<1700
144,109,108,0.000386946988262608,eligible_<1700
155,683,682,0.0024434985740286914,eligible_<1700
156,618,614,0.002199865285122605,eligible_<1700
163,6222,6090,0.021819510727030398,exclude_>2500
164,1225,1186,0.004249251185920862,eligible_<1700
166,137,132,0.0004729352078765209,eligible_<1700
167,163,161,0.000576837639909999,eligible_<1700
169,1718,1707,0.006115912120039555,borderline_1700-2500
281,164,164,0.0005875861673617382,eligible_<1700
433,1404,1400,0.0050159794774782525,eligible_<1700
441,724,716,0.0025653152184817347,eligible_<1700
445,237,237,0.0008491336686873898,eligible_<1700
458,607,600,0.0021497054903478223,eligible_<1700
459,253,251,0.0008992934634621723,eligible_<1700
460,397,394,0.0014116399386617366,eligible_<1700
463,38877,38877,0.13929016724708715,exclude_>2500
473,262,260,0.0009315390458173897,eligible_<1700
477,116,114,0.00040844404316608626,eligible_<1700
697,628,614,0.002199865285122605,eligible_<1700
1263,1000,987,0.003536265531622168,eligible_<1700
1496,606,513,0.0018379981942473881,eligible_<1700
1503,124,123,0.00044068962552130356,eligible_<1700
1508,411,368,0.0013184860340799977,eligible_<1700
1510,201,196,0.0007022371268469553,eligible_<1700
1513,4054,3953,0.014162976338908236,exclude_>2500
1525,387,364,0.0013041546641443455,eligible_<1700
1544,3229,3179,0.011389856256359545,exclude_>2500
1551,359,342,0.0012253321294982587,eligible_<1700
1558,355,331,0.0011859208621752154,eligible_<1700
1568,2899,2799,0.01002837611247259,exclude_>2500
1571,285,274,0.0009816988405921723,eligible_<1700
1579,389,375,0.001343565931467389,eligible_<1700
1593,450,423,0.0015155423706952147,eligible_<1700
1594,145,117,0.0004191925706178254,eligible_<1700
1598,120,97,0.0003475357209395646,eligible_<1700
1604,1576,1508,0.0054029264657408605,eligible_<1700
1620,110,99,0.00035470140590739067,eligible_<1700
1622,124,114,0.00040844404316608626,eligible_<1700
1634,2362,2261,0.008100806856127378,borderline_1700-2500
1654,108,107,0.00038336414577869497,eligible_<1700
1662,1343,1264,0.004528712899666079,eligible_<1700
1678,481,420,0.0015047938432434756,eligible_<1700
1686,149,142,0.0005087636327156513,eligible_<1700
1687,217,212,0.0007595626065895639,eligible_<1700
1690,1795,1764,0.006320134141622598,borderline_1700-2500
1697,214,179,0.0006413288046204337,eligible_<1700
1701,383,377,0.0013507316164352151,eligible_<1700
1708,607,557,0.0019956432635395618,eligible_<1700
1716,230,192,0.0006879057569113031,eligible_<1700
1720,443,403,0.001443885521016954,eligible_<1700
1721,140,132,0.0004729352078765209,eligible_<1700
1757,120,118,0.0004227754131017384,eligible_<1700
1771,202,196,0.0007022371268469553,eligible_<1700
1794,282,277,0.0009924473680439114,eligible_<1700
1796,240,239,0.0008562993536552159,eligible_<1700
1833,243,236,0.0008455508262034768,eligible_<1700
1837,313,305,0.0010927669575934763,eligible_<1700
2653,26095,25979,0.09307866488957679,exclude_>2500
3313,286,277,0.0009924473680439114,eligible_<1700
3314,108,107,0.00038336414577869497,eligible_<1700
3318,961,952,0.0034108660446852115,eligible_<1700
3321,957,954,0.0034180317296530374,eligible_<1700
3373,150,149,0.0005338435301030425,eligible_<1700
3394,756,718,0.0025724809034495606,eligible_<1700
3413,406,357,0.0012790747667569542,eligible_<1700
3421,1634,1624,0.005818536193874772,eligible_<1700
3439,2436,2368,0.008484171001906073,borderline_1700-2500
3464,603,544,0.0019490663112486924,eligible_<1700
3465,106,93,0.0003332043510039125,eligible_<1700
3484,373,365,0.0013077375066282587,eligible_<1700
3507,313,308,0.0011035154850452154,eligible_<1700
3513,103,98,0.00035111856342347767,eligible_<1700
3517,139,128,0.0004586038379408688,eligible_<1700
3528,106,104,0.00037261561832695585,eligible_<1700
3553,369,316,0.0011321782249165198,eligible_<1700
3573,521,434,0.0015549536380182582,eligible_<1700
3613,375,299,0.0010712699026899982,eligible_<1700
3626,132,117,0.0004191925706178254,eligible_<1700
3627,229,222,0.0007953910314286943,eligible_<1700
3636,114,112,0.00040127835819826015,eligible_<1700
3646,931,726,0.002601143643320865,eligible_<1700
3655,1234,1198,0.004292245295727818,eligible_<1700
3657,116,114,0.00040844404316608626,eligible_<1700
3663,191,153,0.0005481749000386947,eligible_<1700
3679,344,341,0.0012217492870143457,eligible_<1700
3692,527,430,0.001540622268082606,eligible_<1700
3702,519,501,0.0017950040844404316,eligible_<1700
3706,612,596,0.00213537412041217,eligible_<1700
3710,348,280,0.0010031958954956504,eligible_<1700
3715,119,113,0.0004048612006821732,eligible_<1700
3736,106,102,0.0003654499333591298,eligible_<1700
3737,4568,4420,0.015836163778895625,exclude_>2500
3762,152,152,0.0005445920575547817,eligible_<1700
3765,192,170,0.0006090832222652163,eligible_<1700
3766,113,71,0.00025438181635782566,eligible_<1700
3794,219,203,0.0007273170242343465,eligible_<1700
3800,2218,2215,0.007935996101867378,borderline_1700-2500
3820,146,135,0.00048368373532826003,eligible_<1700
3828,570,569,0.002038637373346518,eligible_<1700
3836,175,172,0.0006162489072330424,eligible_<1700
3837,3885,3841,0.013761697980709977,exclude_>2500
3843,200,190,0.0006807400719434771,eligible_<1700
3846,101,99,0.00035470140590739067,eligible_<1700
3887,328,318,0.001139343909884346,eligible_<1700
3910,243,237,0.0008491336686873898,eligible_<1700
3921,446,446,0.0015979477478252147,eligible_<1700
3925,109,102,0.0003654499333591298,eligible_<1700
3936,205,152,0.0005445920575547817,eligible_<1700
3941,154,144,0.0005159293176834773,eligible_<1700
3947,377,364,0.0013041546641443455,eligible_<1700
6495,104,92,0.00032962150851999943,eligible_<1700
6539,902,892,0.0031958954956504294,eligible_<1700
6540,104,78,0.0002794617137452169,eligible_<1700
6542,345,306,0.0010963498000773895,eligible_<1700
6555,166,157,0.0005625062699743469,eligible_<1700
6566,339,330,0.0011823380196913022,eligible_<1700
8954,211,170,0.0006090832222652163,eligible_<1700
8964,1100,1081,0.0038730527251099934,eligible_<1700
8985,103,101,0.0003618670908752168,eligible_<1700
8989,5210,5201,0.018634363758831707,exclude_>2500
9048,293,282,0.0010103615804634765,eligible_<1700
9090,146,141,0.0005051807902317383,eligible_<1700
9112,104,77,0.00027587887126130384,eligible_<1700
9132,126,125,0.0004478553104891297,eligible_<1700
9139,828,825,0.002955845049228256,eligible_<1700
9151,138,107,0.00038336414577869497,eligible_<1700
9200,248,241,0.0008634650386230419,eligible_<1700
9202,1270,1259,0.004510798687246514,eligible_<1700
10653,2696,2617,0.009376298780400418,exclude_>2500
10662,207,198,0.0007094028118147813,eligible_<1700
10672,489,481,0.001723347234762171,eligible_<1700
10712,353,350,0.0012539948693695631,eligible_<1700
10802,235,231,0.0008276366137839116,eligible_<1700
10869,372,371,0.0013292345615317368,eligible_<1700
10989,372,364,0.0013041546641443455,eligible_<1700
10997,2672,2655,0.009512446794789114,exclude_>2500
11038,187,187,0.0006699915444917379,eligible_<1700
11093,119,89,0.0003188729810682603,eligible_<1700
11168,873,822,0.0029450965217765164,eligible_<1700
11229,1556,1514,0.005424423520644339,eligible_<1700
11269,261,221,0.0007918081889447812,eligible_<1700
11432,135,106,0.00037978130329478196,eligible_<1700
11437,154,107,0.00038336414577869497,eligible_<1700
11573,154,152,0.0005445920575547817,eligible_<1700
11825,1911,1779,0.006373876778881293,borderline_1700-2500
11899,104,101,0.0003618670908752168,eligible_<1700
11945,1082,1077,0.003858721355174341,eligible_<1700
11949,570,539,0.0019311520988291272,eligible_<1700
11971,14371,14319,0.05130272152715078,exclude_>2500
12043,100,100,0.00035828424839130373,eligible_<1700
12063,920,900,0.0032245582355217334,eligible_<1700
12065,204,201,0.0007201513392665205,eligible_<1700
12071,132,117,0.0004191925706178254,eligible_<1700
12134,124,94,0.0003367871934878255,eligible_<1700
12166,897,897,0.0032138097080699943,eligible_<1700
12205,1553,1501,0.005377846568353469,eligible_<1700
12234,282,220,0.0007882253464608682,eligible_<1700
12248,551,548,0.0019633976811843446,eligible_<1700
12283,590,587,0.002103128538056953,eligible_<1700
12291,257,253,0.0009064591484299984,eligible_<1700
12317,122,122,0.00043710678303739056,eligible_<1700
12995,5945,5905,0.021156684867506485,exclude_>2500
12996,132,130,0.00046576952290869485,eligible_<1700
13016,125,85,0.00030454161113260814,eligible_<1700
13071,733,726,0.002601143643320865,eligible_<1700
15830,522,506,0.0018129182968599968,eligible_<1700
15953,1333,1297,0.004646946701635209,eligible_<1700
15999,177,176,0.0006305802771686945,eligible_<1700
16000,212,211,0.0007559797641056509,eligible_<1700
16052,101,99,0.00035470140590739067,eligible_<1700
16141,174,174,0.0006234145922008685,eligible_<1700
16373,655,652,0.0023360132995113004,eligible_<1700
16387,123,121,0.0004335239405534775,eligible_<1700
16415,124,121,0.0004335239405534775,eligible_<1700
16443,573,563,0.00201714031844304,eligible_<1700
19464,346,344,0.0012324978144660848,eligible_<1700
19484,226,223,0.0007989738739126073,eligible_<1700
19526,3309,3302,0.01183054588188085,exclude_>2500
19578,322,312,0.0011178468549808676,eligible_<1700
19651,211,210,0.0007523969216217378,eligible_<1700
19732,180,176,0.0006305802771686945,eligible_<1700
19764,1859,1841,0.006596013012883902,borderline_1700-2500
21286,162,159,0.000569671954942173,eligible_<1700
21358,173,169,0.0006055003797813033,eligible_<1700
21469,267,263,0.0009422875732691288,eligible_<1700
21613,491,488,0.0017484271321495622,eligible_<1700
21666,170,166,0.0005947518523295642,eligible_<1700
21677,112,104,0.00037261561832695585,eligible_<1700
21702,107,106,0.00037978130329478196,eligible_<1700
21729,110,110,0.0003941126732304341,eligible_<1700
21790,20050,20014,0.07170700947303553,exclude_>2500
21854,405,401,0.0014367198360491279,eligible_<1700
21859,367,365,0.0013077375066282587,eligible_<1700
21882,8671,8653,0.031002336013299513,exclude_>2500
25261,3118,3068,0.010992160740645199,exclude_>2500
25277,984,947,0.003392951832265646,eligible_<1700
25344,116,115,0.00041202688564999926,eligible_<1700
27291,124,118,0.0004227754131017384,eligible_<1700
27306,356,356,0.0012754919242730413,eligible_<1700
27380,416,416,0.0014904624733078234,eligible_<1700
31057,111,111,0.00039769551571434714,eligible_<1700
31260,69793,69793,0.25005732547974263,exclude_>2500
34585,6593,6573,0.023550023646760395,exclude_>2500
34599,2130,2125,0.0076135402783152045,borderline_1700-2500
36235,4146,4120,0.014761311033721714,exclude_>2500
38858,380,379,0.001357897301403041,eligible_<1700
38866,112,112,0.00040127835819826015,eligible_<1700
38870,114,95,0.00034037003597173855,eligible_<1700
38886,107,93,0.0003332043510039125,eligible_<1700
38923,127,120,0.0004299410980695645,eligible_<1700
38944,201,201,0.0007201513392665205,eligible_<1700
38981,185,185,0.0006628258595239119,eligible_<1700
38986,190,188,0.000673574386975651,eligible_<1700
39019,240,203,0.0007273170242343465,eligible_<1700
39070,105,105,0.0003761984608108689,eligible_<1700
39080,226,225,0.0008061395588804333,eligible_<1700
39180,181,178,0.0006377459621365206,eligible_<1700
39232,321,314,0.0011250125399486937,eligible_<1700
39328,262,209,0.0007488140791378248,eligible_<1700
39332,521,520,0.0018630780916347794,eligible_<1700
39336,441,441,0.0015800335354056495,eligible_<1700
39994,244,241,0.0008634650386230419,eligible_<1700
40182,185,184,0.0006592430170399989,eligible_<1700
40270,2927,2906,0.010411740258251286,exclude_>2500
40417,161,160,0.0005732547974260859,eligible_<1700
40440,119,119,0.00042635825558565144,eligible_<1700
40444,1581,1578,0.005653725439614773,eligible_<1700
40483,430,417,0.0014940453157917366,eligible_<1700
40507,156,154,0.0005517577425226077,eligible_<1700
40603,320,305,0.0010927669575934763,eligible_<1700
40667,257,254,0.0009100419909139115,eligible_<1700
40692,69992,69770,0.2499749201026126,exclude_>2500
42939,879,858,0.003074078851197386,eligible_<1700
42980,244,244,0.0008742135660747811,eligible_<1700
43262,838,835,0.0029916734740673863,eligible_<1700
58421,5473,5470,0.019598148387004313,exclude_>2500
58782,145,145,0.0005195121601673904,eligible_<1700
58886,431,431,0.0015442051105665191,eligible_<1700
59149,1051,1050,0.003761984608108689,eligible_<1700
59161,247,245,0.0008777964085586942,eligible_<1700
59294,8147,8115,0.029074766756954296,exclude_>2500
59429,963,952,0.0034108660446852115,eligible_<1700
59753,1303,1301,0.004661278071570862,eligible_<1700
59960,416,416,0.0014904624733078234,eligible_<1700
60035,231,231,0.0008276366137839116,eligible_<1700
60464,138,138,0.0004944322627799991,eligible_<1700
60574,129,128,0.0004586038379408688,eligible_<1700
60579,1826,1794,0.006427619416139989,borderline_1700-2500
66356,6302,6206,0.02223512045516431,exclude_>2500
66362,9319,9311,0.03335984636771429,exclude_>2500
66459,336,334,0.0011966693896269544,eligible_<1700
66510,1802,1765,0.006323716984106511,borderline_1700-2500
66551,104,103,0.00036903277584304285,eligible_<1700
66587,2579,2570,0.009207905183656506,exclude_>2500
66589,9364,9360,0.03353540564942603,exclude_>2500
66797,400,397,0.0014223884661134758,eligible_<1700
66798,474,471,0.0016875188099230406,eligible_<1700
66825,149,148,0.0005302606876191296,eligible_<1700
66982,588,585,0.002095962853089127,eligible_<1700
67034,138,137,0.0004908494202960861,eligible_<1700
67123,117,110,0.0003941126732304341,eligible_<1700
67181,780,779,0.002791034294968256,eligible_<1700
67185,2392,2388,0.008555827851584333,borderline_1700-2500
67239,2456,2443,0.00875288418819955,borderline_1700-2500
67254,752,737,0.0026405549106439086,eligible_<1700
67361,260,260,0.0009315390458173897,eligible_<1700
67492,2921,2899,0.010386660360863895,exclude_>2500
67601,339,292,0.0010461900053026069,eligible_<1700
67877,5131,5107,0.018297576565343882,exclude_>2500
67910,312,310,0.0011106811700130415,eligible_<1700
68182,2524,2518,0.009021597374493028,exclude_>2500
68228,932,930,0.0033320435100391245,eligible_<1700
68260,269,264,0.0009458704157530418,eligible_<1700
68425,10457,10444,0.03741920690198776,exclude_>2500
73543,146,146,0.0005230950026513034,eligible_<1700
73761,10570,10546,0.03778465683534689,exclude_>2500
74408,199,194,0.0006950714418791292,eligible_<1700
74596,157,156,0.0005589234274904338,eligible_<1700
75091,1101,1100,0.003941126732304341,eligible_<1700
75449,3294,3292,0.011794717457041718,exclude_>2500
76065,219,215,0.000770311134041303,eligible_<1700
76150,1471,1469,0.005263195608868252,eligible_<1700
76203,414,412,0.0014761311033721714,eligible_<1700
76447,162,158,0.0005660891124582599,eligible_<1700
76883,361,360,0.0012898232942086935,eligible_<1700
77361,136,136,0.0004872665778121731,eligible_<1700
78733,739,739,0.0026477205956117345,eligible_<1700
79216,106,106,0.00037978130329478196,eligible_<1700
79413,131,128,0.0004586038379408688,eligible_<1700
80028,116,111,0.00039769551571434714,eligible_<1700
80934,129,127,0.00045502099545695573,eligible_<1700
80942,225,225,0.0008061395588804333,eligible_<1700
81250,501,501,0.0017950040844404316,eligible_<1700
91671,666,657,0.0023539275119308653,eligible_<1700
91759,177,174,0.0006234145922008685,eligible_<1700
91817,232,230,0.0008240537712999985,eligible_<1700
92044,1570,1553,0.0055641543775169465,eligible_<1700
97207,15072,15061,0.05396119065021426,exclude_>2500
103236,112,112,0.00040127835819826015,eligible_<1700
103343,33088,33088,0.11854909210771458,exclude_>2500
103666,152,151,0.0005410092150708686,eligible_<1700
103877,404,403,0.001443885521016954,eligible_<1700
107635,377,376,0.001347148773951302,eligible_<1700
107649,153,152,0.0005445920575547817,eligible_<1700
108044,2700,2682,0.009609183541854766,exclude_>2500
108341,142,141,0.0005051807902317383,eligible_<1700
108637,331,329,0.0011787551772073893,eligible_<1700
108665,612,601,0.0021532883328317354,eligible_<1700
117960,2393,2392,0.008570159221519985,borderline_1700-2500
118001,102,102,0.0003654499333591298,eligible_<1700
118025,334,331,0.0011859208621752154,eligible_<1700
118048,24483,24483,0.08771873253364289,exclude_>2500
118247,3753,3746,0.013421327944738238,exclude_>2500
118339,286,284,0.0010175272654313026,eligible_<1700
118402,1015,1014,0.00363300227868782,eligible_<1700
118410,1967,1949,0.00698296000114651,borderline_1700-2500
122588,893,875,0.0031349871734239077,eligible_<1700
122690,608,604,0.0021640368602834745,eligible_<1700
122868,118,118,0.0004227754131017384,eligible_<1700
123045,555,552,0.0019777290511199964,eligible_<1700
123123,3237,3221,0.011540335640683894,exclude_>2500
123129,469,463,0.0016588560700517363,eligible_<1700
123162,100,99,0.00035470140590739067,eligible_<1700
126207,506,496,0.0017770898720208665,eligible_<1700
126242,304,301,0.0010784355876578243,eligible_<1700
126750,715,707,0.002533069636126517,eligible_<1700
128938,345,345,0.001236080656949998,eligible_<1700
129050,1991,1986,0.007115525173051292,borderline_1700-2500
129051,3689,3688,0.013213523080671282,exclude_>2500
129165,249,238,0.0008527165111713029,eligible_<1700
129307,143,119,0.00042635825558565144,eligible_<1700
129380,352,351,0.001257577711853476,eligible_<1700
129382,304,303,0.0010856012726256502,eligible_<1700
129395,514,502,0.0017985869269243446,eligible_<1700
129417,141,136,0.0004872665778121731,eligible_<1700
132544,1640,1638,0.005868695988649555,eligible_<1700
132620,725,720,0.002579646588417387,eligible_<1700
132758,542,540,0.0019347349413130401,eligible_<1700
132799,238,233,0.0008348022987517377,eligible_<1700
133285,554,554,0.0019848947360878227,eligible_<1700
133473,47303,47012,0.1684365908537197,exclude_>2500
133518,142,125,0.0004478553104891297,eligible_<1700
133835,192,189,0.000677157229459564,eligible_<1700
133848,10933,10916,0.039110308554394714,exclude_>2500
140638,592,586,0.0020995456955730397,eligible_<1700
140682,133,132,0.0004729352078765209,eligible_<1700
140779,206,202,0.0007237341817504336,eligible_<1700
140840,175,168,0.0006019175372973903,eligible_<1700
140933,6882,6872,0.02462129354945039,exclude_>2500
141067,207,183,0.0006556601745560858,eligible_<1700
141102,115,115,0.00041202688564999926,eligible_<1700
141517,3515,3510,0.01257577711853476,exclude_>2500
143741,24690,24599,0.0881343422617768,exclude_>2500
143780,112,111,0.00039769551571434714,eligible_<1700
143981,441,439,0.0015728678504378234,eligible_<1700
147021,595,594,0.002128208435444344,eligible_<1700
147104,250,246,0.0008813792510426071,eligible_<1700
147151,20607,20548,0.07362024735944508,exclude_>2500
147171,162,160,0.0005732547974260859,eligible_<1700
147206,226,225,0.0008061395588804333,eligible_<1700
148581,111,107,0.00038336414577869497,eligible_<1700
148601,1218,1206,0.004320908035599123,eligible_<1700
148639,187,186,0.000666408702007825,eligible_<1700
148759,265,264,0.0009458704157530418,eligible_<1700
148767,533,521,0.0018666609341186924,eligible_<1700
154086,3243,3240,0.01160840964787824,exclude_>2500
154203,24297,24290,0.08702724393424767,exclude_>2500
154432,269,266,0.0009530361007208679,eligible_<1700
154458,4725,4721,0.01691459936655345,exclude_>2500
154479,861,856,0.0030669131662295597,eligible_<1700
154600,849,844,0.0030239190564226035,eligible_<1700
154602,407,407,0.0014582168909526062,eligible_<1700
154633,672,652,0.0023360132995113004,eligible_<1700
154642,127,126,0.0004514381529730427,eligible_<1700
154742,152,150,0.0005374263725869556,eligible_<1700
154825,2570,2567,0.009197156656204767,exclude_>2500
154875,729,636,0.002278687819768692,eligible_<1700
154890,101,101,0.0003618670908752168,eligible_<1700
154892,673,666,0.002386173094286083,eligible_<1700
154902,390,387,0.0013865600412743455,eligible_<1700
154904,234,233,0.0008348022987517377,eligible_<1700
154982,187,187,0.0006699915444917379,eligible_<1700
158742,1248,1244,0.004457056049987819,eligible_<1700
158816,186,141,0.0005051807902317383,eligible_<1700
158861,145,144,0.0005159293176834773,eligible_<1700
158917,283,281,0.0010067787379795634,eligible_<1700
159059,614,611,0.0021891167576708658,eligible_<1700
159087,137,135,0.00048368373532826003,eligible_<1700
159209,532,531,0.0019024893589578227,eligible_<1700
159406,1444,1431,0.005127047594479556,eligible_<1700
159470,206,205,0.0007344827092021726,eligible_<1700
159566,727,720,0.002579646588417387,eligible_<1700
159632,545,538,0.001927569256345214,eligible_<1700
159633,107,107,0.00038336414577869497,eligible_<1700
167513,2818,2814,0.010082118749731287,exclude_>2500
167698,3211,3170,0.011357610674004329,exclude_>2500
171479,929,924,0.0033105464551356463,eligible_<1700
171492,726,725,0.002597560800836952,eligible_<1700
171499,11140,11129,0.039873454003468194,exclude_>2500
171542,428,427,0.001529873740630867,eligible_<1700
171544,256,255,0.0009136248333978245,eligible_<1700
173115,681,678,0.002429167204093039,eligible_<1700
173294,493,487,0.001744844289665649,eligible_<1700
175121,202,198,0.0007094028118147813,eligible_<1700
175155,9161,9145,0.03276509451538472,exclude_>2500
175254,487,484,0.00173409576221391,eligible_<1700
175293,2226,2226,0.007975407369190422,borderline_1700-2500
177844,404,394,0.0014116399386617366,eligible_<1700
177921,138,134,0.000480100892844347,eligible_<1700
177976,178,175,0.0006269974346847816,eligible_<1700
178099,195,194,0.0006950714418791292,eligible_<1700
178154,124,121,0.0004335239405534775,eligible_<1700
178210,1346,1317,0.00471860355131347,eligible_<1700
178302,746,745,0.0026692176505152126,eligible_<1700
178335,179,177,0.0006341631196526076,eligible_<1700
178397,226,223,0.0007989738739126073,eligible_<1700
178494,532,527,0.0018881579890221707,eligible_<1700
178591,492,492,0.0017627585020852142,eligible_<1700
178754,118,116,0.0004156097281339123,eligible_<1700
178839,304,302,0.0010820184301417372,eligible_<1700
188347,364,362,0.0012969889791765194,eligible_<1700
188720,657,652,0.0023360132995113004,eligible_<1700
188920,12995,12966,0.04645513564641644,exclude_>2500
189056,336,333,0.0011930865471430415,eligible_<1700
189160,300,298,0.001067687060206085,eligible_<1700
189190,852,851,0.0030489989538099948,eligible_<1700
189222,492,491,0.0017591756596013013,eligible_<1700
189350,602,600,0.0021497054903478223,eligible_<1700
189351,275,272,0.0009745331556243462,eligible_<1700
189520,101,101,0.0003618670908752168,eligible_<1700
189660,1436,1426,0.005109133382059991,eligible_<1700
189925,142,141,0.0005051807902317383,eligible_<1700
189932,9452,9442,0.0338291987331069,exclude_>2500
190073,106,103,0.00036903277584304285,eligible_<1700
191038,330,330,0.0011823380196913022,eligible_<1700
191049,295,295,0.001056938532754346,eligible_<1700
191051,4637,4630,0.01658856070051736,exclude_>2500
194879,11030,11001,0.03941485016552732,exclude_>2500
195180,148,146,0.0005230950026513034,eligible_<1700
195205,254,251,0.0008992934634621723,eligible_<1700
195231,220,219,0.0007846425039769551,eligible_<1700
195237,625,624,0.002235693709961735,eligible_<1700
195454,381,379,0.001357897301403041,eligible_<1700
195484,327,325,0.001164423807271737,eligible_<1700
195560,3542,3534,0.012661765338148674,exclude_>2500
196202,1556,1549,0.005549823007581295,eligible_<1700
196217,382,380,0.0013614801438869542,eligible_<1700
196305,451,447,0.0016015305903091276,eligible_<1700
205819,237,230,0.0008240537712999985,eligible_<1700
205831,475,471,0.0016875188099230406,eligible_<1700
205885,883,883,0.0031636499132952117,eligible_<1700
205961,298,297,0.001064104217722172,eligible_<1700
206082,144,143,0.0005123464751995643,eligible_<1700
206150,922,907,0.0032496381329091247,eligible_<1700
206169,297,294,0.001053355690270433,eligible_<1700
206175,1461,1454,0.0052094529716095565,eligible_<1700
206274,114,114,0.00040844404316608626,eligible_<1700
206463,125,125,0.0004478553104891297,eligible_<1700
206509,474,437,0.0015657021654699973,eligible_<1700
206718,13789,13780,0.04937156942832165,exclude_>2500
206754,693,693,0.002482909841351735,eligible_<1700
206805,353,334,0.0011966693896269544,eligible_<1700
206844,748,745,0.0026692176505152126,eligible_<1700
206859,354,352,0.001261160554337389,eligible_<1700
206928,375,373,0.001336400246499563,eligible_<1700
206931,5342,5329,0.019092967596772575,exclude_>2500
206939,1231,1225,0.004388982042793471,eligible_<1700
206940,2185,2182,0.007817762299898248,borderline_1700-2500
207016,1885,1878,0.006728578184788684,borderline_1700-2500
207167,292,283,0.0010139444229473895,eligible_<1700
207230,159,117,0.0004191925706178254,eligible_<1700
207338,725,723,0.002590395115869126,eligible_<1700
219475,532,531,0.0019024893589578227,eligible_<1700
219502,114,112,0.00040127835819826015,eligible_<1700
219509,232,228,0.0008168880863321725,eligible_<1700
219832,791,786,0.0028161141923556472,eligible_<1700
220133,1700,1698,0.006083666537684337,borderline_1700-2500
220193,441,435,0.0015585364805021712,eligible_<1700
220199,146,145,0.0005195121601673904,eligible_<1700
220224,113,113,0.0004048612006821732,eligible_<1700
220276,155,154,0.0005517577425226077,eligible_<1700
220308,27457,27457,0.09837410608080026,exclude_>2500
220672,204,202,0.0007237341817504336,eligible_<1700
220730,236,235,0.0008419679837195637,eligible_<1700
231218,3174,3153,0.011296702351777807,exclude_>2500
231554,625,621,0.002224945182509996,eligible_<1700
231567,1491,1490,0.005338435301030425,eligible_<1700
231581,4898,4888,0.017512934061366926,exclude_>2500
231819,1712,1709,0.00612307780500738,borderline_1700-2500
231939,371,359,0.0012862404517247803,eligible_<1700
231954,109,105,0.0003761984608108689,eligible_<1700
232079,971,961,0.0034431116270404287,eligible_<1700
232106,141,138,0.0004944322627799991,eligible_<1700
232119,224,223,0.0007989738739126073,eligible_<1700
232139,189,153,0.0005481749000386947,eligible_<1700
232219,7866,7858,0.028153976238588646,exclude_>2500
232242,133,130,0.00046576952290869485,eligible_<1700
232267,119,96,0.00034395287845565155,eligible_<1700
232345,281,279,0.0009996130530117375,eligible_<1700
232403,311,306,0.0010963498000773895,eligible_<1700
232437,199,199,0.0007129856542986944,eligible_<1700
232666,1741,1733,0.006209066024621294,borderline_1700-2500
232822,347,342,0.0012253321294982587,eligible_<1700
232830,765,760,0.0027229602877739084,eligible_<1700
239464,6228,6201,0.022217206242744744,exclude_>2500
239465,150,148,0.0005302606876191296,eligible_<1700
239621,101,101,0.0003618670908752168,eligible_<1700
239840,1802,1799,0.006445533628559554,borderline_1700-2500
239930,149,149,0.0005338435301030425,eligible_<1700
239942,3752,3734,0.013378333834931281,exclude_>2500
240094,333,329,0.0011787551772073893,eligible_<1700
240108,154,154,0.0005517577425226077,eligible_<1700
240196,4756,4735,0.01696475916132823,exclude_>2500
240776,157,156,0.0005589234274904338,eligible_<1700
240827,429,426,0.001526290898146954,eligible_<1700
241025,496,494,0.0017699241870530404,eligible_<1700
241225,505,497,0.0017806727145047794,eligible_<1700
241266,4293,4286,0.015356062886051278,exclude_>2500
241488,128,127,0.00045502099545695573,eligible_<1700
241490,101,100,0.00035828424839130373,eligible_<1700
241590,3374,3363,0.012049099273399545,exclude_>2500
241796,279,277,0.0009924473680439114,eligible_<1700
241829,143,143,0.0005123464751995643,eligible_<1700
242292,117,114,0.00040844404316608626,eligible_<1700
242325,345,344,0.0012324978144660848,eligible_<1700
245629,170,168,0.0006019175372973903,eligible_<1700
247417,721,703,0.0025187382661908653,eligible_<1700
247567,297,292,0.0010461900053026069,eligible_<1700
247704,519,517,0.0018523295641830403,eligible_<1700
247763,20485,20485,0.07339452828295857,exclude_>2500
248072,173,173,0.0006198317497169555,eligible_<1700
248075,481,468,0.0016767702824713015,eligible_<1700
248421,135,135,0.00048368373532826003,eligible_<1700
248490,4821,4818,0.017262135087493014,exclude_>2500
248861,1999,1996,0.007151353597890422,borderline_1700-2500
248900,1457,1454,0.0052094529716095565,eligible_<1700
249277,3265,3262,0.011687232182524328,exclude_>2500
249414,249,249,0.0008921277784943463,eligible_<1700
249505,982,978,0.0035040199492669503,eligible_<1700
249552,280,280,0.0010031958954956504,eligible_<1700
249689,585,584,0.0020923800106052138,eligible_<1700
254992,170,170,0.0006090832222652163,eligible_<1700
255027,132,131,0.00046935236539260786,eligible_<1700
255029,285,284,0.0010175272654313026,eligible_<1700
255507,2640,2634,0.00943720710262694,exclude_>2500
255570,595,585,0.002095962853089127,eligible_<1700
255633,675,672,0.002407670149189561,eligible_<1700
255639,482,480,0.001719764392278258,eligible_<1700
255640,104,95,0.00034037003597173855,eligible_<1700
258389,549,548,0.0019633976811843446,eligible_<1700
258411,812,810,0.00290210241196956,eligible_<1700
258437,323,323,0.0011572581223039111,eligible_<1700
258636,195,194,0.0006950714418791292,eligible_<1700
258855,395,386,0.0013829771987904323,eligible_<1700
259005,213,213,0.000763145449073477,eligible_<1700
259038,435,435,0.0015585364805021712,eligible_<1700
259069,792,788,0.002823279877323473,eligible_<1700
259081,2415,2409,0.008631067543746507,borderline_1700-2500
259298,1353,1350,0.0048368373532826,eligible_<1700
259374,1827,1823,0.0065315218481734666,borderline_1700-2500
259435,116,112,0.00040127835819826015,eligible_<1700
259837,133,133,0.00047651805036043397,eligible_<1700
259857,414,412,0.0014761311033721714,eligible_<1700
260147,385,382,0.0013686458288547803,eligible_<1700
260298,544,543,0.0019454834687647792,eligible_<1700
260428,6366,6349,0.022747466930363874,exclude_>2500
260561,120,118,0.0004227754131017384,eligible_<1700
260635,136,134,0.000480100892844347,eligible_<1700
260704,139,137,0.0004908494202960861,eligible_<1700
260757,1221,1221,0.004374650672857819,eligible_<1700
260799,204,204,0.0007308998667182596,eligible_<1700
260922,126,124,0.0004442724680052166,eligible_<1700
261246,142,140,0.0005015979477478252,eligible_<1700
261355,131,131,0.00046935236539260786,eligible_<1700
269511,4108,4106,0.01471115123894693,exclude_>2500
269725,3250,3244,0.011622741017813893,exclude_>2500
269766,277,276,0.0009888645255599982,eligible_<1700
269971,173,172,0.0006162489072330424,eligible_<1700
270223,136,134,0.000480100892844347,eligible_<1700
270227,146,144,0.0005159293176834773,eligible_<1700
270350,118,117,0.0004191925706178254,eligible_<1700
270636,1284,1283,0.0045967869068604264,eligible_<1700
270677,238,238,0.0008527165111713029,eligible_<1700
270847,1308,1305,0.0046756094415065135,eligible_<1700
270956,806,803,0.002877022514582169,eligible_<1700
270970,5163,5157,0.018476718689539533,exclude_>2500
271038,343,342,0.0012253321294982587,eligible_<1700
271044,638,632,0.0022643564498330397,eligible_<1700
271064,417,417,0.0014940453157917366,eligible_<1700
271270,178,175,0.0006269974346847816,eligible_<1700
276431,188,185,0.0006628258595239119,eligible_<1700
276760,380,377,0.0013507316164352151,eligible_<1700
276880,113,113,0.0004048612006821732,eligible_<1700
275089,762,758,0.002715794602806082,eligible_<1700
275214,131,131,0.00046935236539260786,eligible_<1700
275215,1363,1360,0.00487266577812173,eligible_<1700
275284,556,546,0.0019562319962165182,eligible_<1700
275463,419,416,0.0014904624733078234,eligible_<1700
275586,421,410,0.0014689654184043453,eligible_<1700
275589,593,591,0.002117459907992605,eligible_<1700
275973,561,558,0.001999226106023475,eligible_<1700
276090,551,546,0.0019562319962165182,eligible_<1700
276161,197,196,0.0007022371268469553,eligible_<1700
276337,158,151,0.0005410092150708686,eligible_<1700
284446,477,474,0.0016982673373747796,eligible_<1700
284587,805,801,0.002869856829614343,eligible_<1700
284653,5677,5674,0.020329048253722573,exclude_>2500
284825,414,413,0.0014797139458560843,eligible_<1700
285071,203,202,0.0007237341817504336,eligible_<1700
285166,138,137,0.0004908494202960861,eligible_<1700
291859,2881,2876,0.010304254983733895,exclude_>2500
291874,408,406,0.001454634048468693,eligible_<1700
291962,3036,3028,0.010848847041288677,exclude_>2500
292029,282,281,0.0010067787379795634,eligible_<1700
292030,262,259,0.0009279562033334766,eligible_<1700
292032,1157,1147,0.004109520329048254,eligible_<1700
292034,883,874,0.0031314043309399946,eligible_<1700
292339,142,140,0.0005015979477478252,eligible_<1700
292375,4340,4329,0.015510125112859539,exclude_>2500
292748,277,273,0.0009781159981082591,eligible_<1700
292811,537,536,0.001920403571377388,eligible_<1700
292900,258,257,0.0009207905183656505,eligible_<1700
292907,463,459,0.001644524700116084,eligible_<1700
292971,107,107,0.00038336414577869497,eligible_<1700
292974,1210,1209,0.004331656563050862,eligible_<1700
293267,621,617,0.002210613812574344,eligible_<1700
293531,1229,1225,0.004388982042793471,eligible_<1700
293556,248,248,0.0008885449360104332,eligible_<1700
293586,157,154,0.0005517577425226077,eligible_<1700
298397,123,119,0.00042635825558565144,eligible_<1700
298477,503,499,0.0017878383994726055,eligible_<1700
298512,127,125,0.0004478553104891297,eligible_<1700
298572,985,982,0.0035183513192026026,eligible_<1700
298586,848,845,0.0030275018989065166,eligible_<1700
298619,473,469,0.0016803531249552145,eligible_<1700
298638,3082,3069,0.010995743583129112,exclude_>2500
299074,100,98,0.00035111856342347767,eligible_<1700
299104,576,571,0.0020458030583143444,eligible_<1700
299121,1433,1423,0.005098384854608252,eligible_<1700
305096,8705,8698,0.031163563925075598,exclude_>2500
305986,1305,1300,0.004657695229086948,eligible_<1700
306142,140,138,0.0004944322627799991,eligible_<1700
306311,405,404,0.0014474683635008671,eligible_<1700
306481,2782,2778,0.009953136420310418,exclude_>2500
306735,12017,11987,0.04294753285466558,exclude_>2500
307369,112,110,0.0003941126732304341,eligible_<1700
307386,861,855,0.003063330323745647,eligible_<1700
307450,859,858,0.003074078851197386,eligible_<1700
307561,1316,1313,0.004704272181377818,eligible_<1700
307844,725,724,0.0025939779583530388,eligible_<1700
307963,1363,1356,0.004858334408186078,eligible_<1700
308354,106,106,0.00037978130329478196,eligible_<1700
308500,204,203,0.0007273170242343465,eligible_<1700
308765,9266,9257,0.03316637287358298,exclude_>2500
308948,166,164,0.0005875861673617382,eligible_<1700
309058,175,175,0.0006269974346847816,eligible_<1700
309105,2260,2259,0.00809364117115955,borderline_1700-2500
309113,1566,1558,0.005582068589936512,eligible_<1700
316554,46940,46940,0.16817862619487797,exclude_>2500
316632,422,420,0.0015047938432434756,eligible_<1700
314582,1077,1076,0.003855138512690428,eligible_<1700
314971,250,248,0.0008885449360104332,eligible_<1700
315196,782,761,0.002726543130257821,eligible_<1700
315631,860,856,0.0030669131662295597,eligible_<1700
315695,1487,1481,0.005306189718675208,eligible_<1700
315767,4847,4842,0.017348123307106927,exclude_>2500
315881,1333,1330,0.00476518050360434,eligible_<1700
315882,240,237,0.0008491336686873898,eligible_<1700
315937,865,856,0.0030669131662295597,eligible_<1700
315954,305,303,0.0010856012726256502,eligible_<1700
315975,158,156,0.0005589234274904338,eligible_<1700
316080,409,406,0.001454634048468693,eligible_<1700
316090,719,716,0.0025653152184817347,eligible_<1700
316312,148,148,0.0005302606876191296,eligible_<1700
316410,120,96,0.00034395287845565155,eligible_<1700
329082,11367,11331,0.040597188185218624,exclude_>2500
329230,192,188,0.000673574386975651,eligible_<1700
329432,186,169,0.0006055003797813033,eligible_<1700
329500,3210,3206,0.011486593003425197,exclude_>2500
329551,4229,4224,0.01513392665204867,exclude_>2500
329669,208,205,0.0007344827092021726,eligible_<1700
329713,616,614,0.002199865285122605,eligible_<1700
329812,151,145,0.0005195121601673904,eligible_<1700
333373,408,397,0.0014223884661134758,eligible_<1700
333481,100,100,0.00035828424839130373,eligible_<1700
333759,103,102,0.0003654499333591298,eligible_<1700
333981,727,727,0.0026047264858047783,eligible_<1700
334065,5513,5507,0.019730713558909097,exclude_>2500
334307,1042,1038,0.0037189904983017325,eligible_<1700
334590,3530,3518,0.012604439858406065,exclude_>2500
334644,445,443,0.0015871992203734754,eligible_<1700
334717,394,393,0.0014080570961778236,eligible_<1700
334784,128,128,0.0004586038379408688,eligible_<1700
334975,141,136,0.0004872665778121731,eligible_<1700
335116,949,947,0.003392951832265646,eligible_<1700
335240,500,496,0.0017770898720208665,eligible_<1700
335528,590,571,0.0020458030583143444,eligible_<1700
335541,108,108,0.000386946988262608,eligible_<1700
335664,196,194,0.0006950714418791292,eligible_<1700
335678,251,251,0.0008992934634621723,eligible_<1700
335872,147,146,0.0005230950026513034,eligible_<1700
336755,1226,1213,0.004345987932986514,eligible_<1700
336794,5463,5454,0.019540822907261706,exclude_>2500
336986,15792,15732,0.0563652779569199,exclude_>2500
344768,1035,1034,0.0037046591283660807,eligible_<1700
345088,692,692,0.002479326998867822,eligible_<1700
345155,712,709,0.0025402353210943435,eligible_<1700
345266,519,511,0.001830832509279562,eligible_<1700
345377,853,850,0.0030454161113260816,eligible_<1700
345584,6929,6902,0.024728778823967783,exclude_>2500
345888,359,357,0.0012790747667569542,eligible_<1700
345967,254,250,0.0008957106209782593,eligible_<1700
345976,660,660,0.0023646760393826044,eligible_<1700
346199,503,499,0.0017878383994726055,eligible_<1700
346463,109,108,0.000386946988262608,eligible_<1700
358690,1930,1909,0.006839646301789988,borderline_1700-2500
358737,744,740,0.0026513034380956477,eligible_<1700
358790,339,337,0.0012074179170786935,eligible_<1700
358800,1444,1427,0.005112716224543904,eligible_<1700
358816,1481,1475,0.00528469266377173,eligible_<1700
359124,569,568,0.0020350545308626053,eligible_<1700
359175,110,110,0.0003941126732304341,eligible_<1700
359205,178,178,0.0006377459621365206,eligible_<1700
359527,380,376,0.001347148773951302,eligible_<1700
359871,7329,7320,0.026226406982243433,exclude_>2500
368307,103,102,0.0003654499333591298,eligible_<1700
368465,786,781,0.0027981999799360823,eligible_<1700
368517,373,371,0.0013292345615317368,eligible_<1700
368676,921,918,0.003289049400232168,eligible_<1700
368789,162,162,0.000580420482393912,eligible_<1700
368837,147,144,0.0005159293176834773,eligible_<1700
369256,129,128,0.0004586038379408688,eligible_<1700
369270,1331,1328,0.004758014818636513,eligible_<1700
369509,117,116,0.0004156097281339123,eligible_<1700
370130,614,609,0.00218195107270304,eligible_<1700
370235,244,243,0.0008706307235908681,eligible_<1700
370597,470,468,0.0016767702824713015,eligible_<1700
370913,3887,3877,0.013890680310130845,exclude_>2500
371077,1513,1511,0.0054136749931926,eligible_<1700
371340,172,172,0.0006162489072330424,eligible_<1700
371431,213,203,0.0007273170242343465,eligible_<1700
371556,215,212,0.0007595626065895639,eligible_<1700
371973,325,322,0.001153675279819998,eligible_<1700
372197,110,110,0.0003941126732304341,eligible_<1700
372243,103,100,0.00035828424839130373,eligible_<1700
372631,1044,1042,0.0037333218682373847,eligible_<1700
373284,327,324,0.001160840964787824,eligible_<1700
373383,123,122,0.00043710678303739056,eligible_<1700
373544,141,141,0.0005051807902317383,eligible_<1700
373577,425,424,0.0015191252131791279,eligible_<1700
373835,252,252,0.0009028763059460854,eligible_<1700
374039,396,391,0.0014008914112099975,eligible_<1700
374134,274,274,0.0009816988405921723,eligible_<1700
374201,444,442,0.0015836163778895625,eligible_<1700
374212,127,127,0.00045502099545695573,eligible_<1700
385645,134,132,0.0004729352078765209,eligible_<1700
385680,1614,1611,0.005771959241583903,eligible_<1700
385757,289,285,0.0010211101079152156,eligible_<1700
386018,176,176,0.0006305802771686945,eligible_<1700
386198,215,214,0.0007667282915573899,eligible_<1700
386199,174,173,0.0006198317497169555,eligible_<1700
387144,160,160,0.0005732547974260859,eligible_<1700
387248,257,256,0.0009172076758817376,eligible_<1700
387263,134,134,0.000480100892844347,eligible_<1700
387538,273,272,0.0009745331556243462,eligible_<1700
387836,221,216,0.000773893976525216,eligible_<1700
388036,452,450,0.0016122791177608667,eligible_<1700
388329,603,601,0.0021532883328317354,eligible_<1700
388339,744,743,0.0026620519655473867,eligible_<1700
388476,370,370,0.0013256517190478238,eligible_<1700
388570,276,275,0.0009852816830760852,eligible_<1700
389102,435,434,0.0015549536380182582,eligible_<1700
390903,118,117,0.0004191925706178254,eligible_<1700
391084,164,162,0.000580420482393912,eligible_<1700
391165,137,135,0.00048368373532826003,eligible_<1700
391824,146,143,0.0005123464751995643,eligible_<1700
392023,1578,1574,0.005639394069679121,eligible_<1700
392611,387,384,0.0013758115138226062,eligible_<1700
392842,305,305,0.0010927669575934763,eligible_<1700
393307,737,735,0.0026333892256760823,eligible_<1700
1,5788,5781,0.02071241239950127,exclude_>2500
10,8988,8946,0.03205210886108603,exclude_>2500
221,5011,4854,0.017391117416913883,exclude_>2500
225,591,572,0.002049385900798257,eligible_<1700
230,2724,2683,0.009612766384338679,exclude_>2500
237,2038,1761,0.006309385614170859,borderline_1700-2500
239,111,89,0.0003188729810682603,eligible_<1700
250,384,377,0.0013507316164352151,eligible_<1700
254,1243,1133,0.0040593605342734715,eligible_<1700
256,4212,4201,0.01505152127491867,exclude_>2500
258,17494,17156,0.06146724565401207,exclude_>2500
260,203,189,0.000677157229459564,eligible_<1700
265,2816,2814,0.010082118749731287,exclude_>2500
274,392,383,0.0013722286713386933,eligible_<1700
545,915,909,0.003256803817876951,eligible_<1700
548,813,773,0.002769537240064778,eligible_<1700
551,3422,3322,0.011902202731559109,exclude_>2500
558,243,243,0.0008706307235908681,eligible_<1700
561,114,114,0.00040844404316608626,eligible_<1700
562,424,424,0.0015191252131791279,eligible_<1700
595,167,159,0.000569671954942173,eligible_<1700
602,309,309,0.0011070983275291285,eligible_<1700
618,265,260,0.0009315390458173897,eligible_<1700
620,1124,1088,0.0038981326224973847,eligible_<1700
621,621,606,0.0021712025452513004,eligible_<1700
635,2004,1988,0.007122690858019118,borderline_1700-2500
637,221,218,0.0007810596614930422,eligible_<1700
677,746,727,0.0026047264858047783,eligible_<1700
681,8040,7954,0.0284979291170443,exclude_>2500
690,101,69,0.00024721613138999955,eligible_<1700
825,377,353,0.0012647433968213022,eligible_<1700
1087,139,138,0.0004944322627799991,eligible_<1700
1133,111,111,0.00039769551571434714,eligible_<1700
1161,240,228,0.0008168880863321725,eligible_<1700
1163,687,682,0.0024434985740286914,eligible_<1700
1194,1154,1106,0.003962623787207819,eligible_<1700
1197,2114,2076,0.007437980996603465,borderline_1700-2500
1202,378,368,0.0013184860340799977,eligible_<1700
1203,658,641,0.002296602032188257,eligible_<1700
1208,100,98,0.00035111856342347767,eligible_<1700
1216,194,191,0.0006843229144273902,eligible_<1700
1231,4122,4096,0.014675322814107801,exclude_>2500
1235,228,215,0.000770311134041303,eligible_<1700
1237,213,213,0.000763145449073477,eligible_<1700
1240,151,149,0.0005338435301030425,eligible_<1700
1244,149,147,0.0005266778451352165,eligible_<1700
1246,135,132,0.0004729352078765209,eligible_<1700
1253,599,598,0.0021425398053799964,eligible_<1700
1254,569,543,0.0019454834687647792,eligible_<1700
1255,117,116,0.0004156097281339123,eligible_<1700
1258,10659,10439,0.0374012926895682,exclude_>2500
1261,3247,3243,0.01161915817532998,exclude_>2500
1867,422,407,0.0014582168909526062,eligible_<1700
1869,178,176,0.0006305802771686945,eligible_<1700
1873,200,189,0.000677157229459564,eligible_<1700
1881,517,489,0.0017520099746334752,eligible_<1700
1883,329,272,0.0009745331556243462,eligible_<1700
2228,980,861,0.003084827378649125,eligible_<1700
2242,357,347,0.0012432463419178238,eligible_<1700
2247,603,566,0.002027888845894779,eligible_<1700
2251,1071,1015,0.0036365851211717327,eligible_<1700
2252,196,183,0.0006556601745560858,eligible_<1700
2262,127,120,0.0004299410980695645,eligible_<1700
2265,382,374,0.0013399830889834759,eligible_<1700
2331,153,145,0.0005195121601673904,eligible_<1700
2334,114,110,0.0003941126732304341,eligible_<1700
2353,252,252,0.0009028763059460854,eligible_<1700
2366,243,234,0.0008383851412356508,eligible_<1700
2375,10617,10448,0.03743353827192341,exclude_>2500
2376,207,168,0.0006019175372973903,eligible_<1700
2383,125,120,0.0004299410980695645,eligible_<1700
2387,467,454,0.001626610487696519,eligible_<1700
2396,302,299,0.0010712699026899982,eligible_<1700
2431,176,162,0.000580420482393912,eligible_<1700
2436,100,91,0.0003260386660360864,eligible_<1700
2443,166,161,0.000576837639909999,eligible_<1700
3081,139,133,0.00047651805036043397,eligible_<1700
3083,536,447,0.0016015305903091276,eligible_<1700
3090,230,214,0.0007667282915573899,eligible_<1700
3095,309,300,0.0010748527451739111,eligible_<1700
3128,969,968,0.00346819152442782,eligible_<1700
3138,275,271,0.0009709503131404331,eligible_<1700
3154,1443,1431,0.005127047594479556,eligible_<1700
3159,133,133,0.00047651805036043397,eligible_<1700
3194,136,135,0.00048368373532826003,eligible_<1700
3234,1117,1112,0.003984120842111297,eligible_<1700
3236,1354,1347,0.004826088825830861,eligible_<1700
3243,2903,2873,0.010293506456282155,exclude_>2500
3247,119,116,0.0004156097281339123,eligible_<1700
3262,169,167,0.0005983346948134772,eligible_<1700
3269,711,691,0.0024757441563839086,eligible_<1700
3273,108,106,0.00037978130329478196,eligible_<1700
3294,393,391,0.0014008914112099975,eligible_<1700
3307,3623,3605,0.012916147154506499,exclude_>2500
3309,190,152,0.0005445920575547817,eligible_<1700
4413,111,102,0.0003654499333591298,eligible_<1700
4424,977,956,0.0034251974146208637,eligible_<1700
4485,139,137,0.0004908494202960861,eligible_<1700
4488,1649,1641,0.005879444516101294,eligible_<1700
4491,3775,3725,0.013346088252576063,exclude_>2500
4493,582,573,0.0020529687432821703,eligible_<1700
4509,122,118,0.0004227754131017384,eligible_<1700
5784,123,122,0.00043710678303739056,eligible_<1700
5833,308,262,0.0009387047307852157,eligible_<1700
5867,2144,2134,0.007645785860670422,borderline_1700-2500
5897,110,103,0.00036903277584304285,eligible_<1700
5900,195,186,0.000666408702007825,eligible_<1700
5960,203,175,0.0006269974346847816,eligible_<1700
5965,188,137,0.0004908494202960861,eligible_<1700
5990,124,95,0.00034037003597173855,eligible_<1700
6009,103,79,0.00028304455622912996,eligible_<1700
6021,118,90,0.00032245582355217337,eligible_<1700
6039,113,88,0.00031529013858434726,eligible_<1700
6046,129,111,0.00039769551571434714,eligible_<1700
6201,297,290,0.0010390243203347808,eligible_<1700
6202,266,236,0.0008455508262034768,eligible_<1700
6203,273,206,0.0007380655516860857,eligible_<1700
6210,109,102,0.0003654499333591298,eligible_<1700
6235,227,220,0.0007882253464608682,eligible_<1700
6263,1582,1569,0.005621479857259555,eligible_<1700
6270,111,76,0.00027229602877739084,eligible_<1700
6272,132,129,0.0004621866804247818,eligible_<1700
6284,265,257,0.0009207905183656505,eligible_<1700
6366,1908,1848,0.006621092910271293,borderline_1700-2500
6380,148,143,0.0005123464751995643,eligible_<1700
6381,687,676,0.0024220015191252133,eligible_<1700
6388,168,157,0.0005625062699743469,eligible_<1700
6399,123,103,0.00036903277584304285,eligible_<1700
6405,141,112,0.00040127835819826015,eligible_<1700
6431,152,110,0.0003941126732304341,eligible_<1700
8553,148,137,0.0004908494202960861,eligible_<1700
8567,126,122,0.00043710678303739056,eligible_<1700
8668,1270,1260,0.004514381529730427,eligible_<1700
8721,117,71,0.00025438181635782566,eligible_<1700
8782,159,102,0.0003654499333591298,eligible_<1700
8813,137,137,0.0004908494202960861,eligible_<1700
8944,424,410,0.0014689654184043453,eligible_<1700
9341,1802,1796,0.006434785101107815,borderline_1700-2500
9342,966,966,0.003461025839459994,eligible_<1700
9392,165,163,0.0005840033248778251,eligible_<1700
9559,138,135,0.00048368373532826003,eligible_<1700
9560,340,338,0.0012110007595626067,eligible_<1700
15000,208,207,0.0007416483941699987,eligible_<1700
15033,1400,1396,0.0050016481075426,eligible_<1700
15045,1651,1587,0.00568597102196999,eligible_<1700
15064,515,507,0.00181650113934391,eligible_<1700
15069,143,142,0.0005087636327156513,eligible_<1700
15126,1219,1081,0.0038730527251099934,eligible_<1700
15156,559,557,0.0019956432635395618,eligible_<1700
15163,175,168,0.0006019175372973903,eligible_<1700
15235,126,121,0.0004335239405534775,eligible_<1700
15267,155,155,0.0005553405850065207,eligible_<1700
15290,2304,2303,0.008251286240451725,borderline_1700-2500
15318,2491,2487,0.008910529257491724,borderline_1700-2500
15369,398,331,0.0011859208621752154,eligible_<1700
15474,733,723,0.002590395115869126,eligible_<1700
16807,173,169,0.0006055003797813033,eligible_<1700
16860,100,94,0.0003367871934878255,eligible_<1700
16873,101,98,0.00035111856342347767,eligible_<1700
16985,126,126,0.0004514381529730427,eligible_<1700
18212,174,169,0.0006055003797813033,eligible_<1700
18266,202,200,0.0007165684967826075,eligible_<1700
18333,1220,1194,0.004277913925792166,eligible_<1700
18499,102,101,0.0003618670908752168,eligible_<1700
18748,717,688,0.0024649956289321696,eligible_<1700
18781,108,98,0.00035111856342347767,eligible_<1700
18824,172,169,0.0006055003797813033,eligible_<1700
18866,3824,3801,0.013618384281353455,exclude_>2500
18880,141,140,0.0005015979477478252,eligible_<1700
18902,168,165,0.0005911690098456511,eligible_<1700
18961,454,445,0.0015943649053413015,eligible_<1700
19027,552,538,0.001927569256345214,eligible_<1700
19081,195,193,0.0006914885993952162,eligible_<1700
19120,109,107,0.00038336414577869497,eligible_<1700
19187,519,509,0.0018236668243117359,eligible_<1700
19212,146,142,0.0005087636327156513,eligible_<1700
19301,1609,1602,0.005739713659228686,eligible_<1700
19348,1259,1251,0.0044821359473752095,eligible_<1700
19363,761,759,0.0027193774452899952,eligible_<1700
21991,104,99,0.00035470140590739067,eligible_<1700
22019,414,396,0.0014188056236295627,eligible_<1700
22080,140,139,0.0004980151052639122,eligible_<1700
22143,588,556,0.0019920604210556486,eligible_<1700
24473,514,513,0.0018379981942473881,eligible_<1700
24508,8769,8750,0.031349871734239074,exclude_>2500
24511,178,174,0.0006234145922008685,eligible_<1700
24771,512,510,0.001827249666795649,eligible_<1700
24786,132,131,0.00046935236539260786,eligible_<1700
24795,209,208,0.0007452312366539117,eligible_<1700
24927,152,150,0.0005374263725869556,eligible_<1700
24932,184,182,0.0006520773320721727,eligible_<1700
25114,620,618,0.002214196655058257,eligible_<1700
25182,314,310,0.0011106811700130415,eligible_<1700
27719,206,205,0.0007344827092021726,eligible_<1700
27746,8990,8976,0.032159594135603424,exclude_>2500
27826,420,411,0.0014725482608882582,eligible_<1700
27830,180,178,0.0006377459621365206,eligible_<1700
27940,1289,1281,0.004589621221892601,eligible_<1700
27969,341,325,0.001164423807271737,eligible_<1700
28004,140,136,0.0004872665778121731,eligible_<1700
28010,171,168,0.0006019175372973903,eligible_<1700
28018,317,312,0.0011178468549808676,eligible_<1700
29026,118,102,0.0003654499333591298,eligible_<1700
29078,262,256,0.0009172076758817376,eligible_<1700
29198,1041,1022,0.003661665018559124,eligible_<1700
29199,146,125,0.0004478553104891297,eligible_<1700
29259,719,679,0.0024327500465769524,eligible_<1700
29285,291,229,0.0008204709288160856,eligible_<1700
29383,133,103,0.00036903277584304285,eligible_<1700
29456,1217,1198,0.004292245295727818,eligible_<1700
29602,766,750,0.002687131862934778,eligible_<1700
29626,187,187,0.0006699915444917379,eligible_<1700
29638,188,187,0.0006699915444917379,eligible_<1700
29656,199,183,0.0006556601745560858,eligible_<1700
29676,227,218,0.0007810596614930422,eligible_<1700
29678,3862,3793,0.01358972154148215,exclude_>2500
29687,1253,1247,0.004467804577439558,eligible_<1700
29839,1824,1822,0.006527939005689554,borderline_1700-2500
29875,209,159,0.000569671954942173,eligible_<1700
29937,2269,2264,0.008111555383579116,borderline_1700-2500
29952,143,138,0.0004944322627799991,eligible_<1700
30179,200,192,0.0006879057569113031,eligible_<1700
30287,255,255,0.0009136248333978245,eligible_<1700
30324,342,341,0.0012217492870143457,eligible_<1700
31274,285,280,0.0010031958954956504,eligible_<1700
31410,186,185,0.0006628258595239119,eligible_<1700
31449,925,920,0.003296215085199994,eligible_<1700
33196,410,408,0.0014617997334365192,eligible_<1700
33427,332,319,0.001142926752368259,eligible_<1700
33434,198,198,0.0007094028118147813,eligible_<1700
33665,305,255,0.0009136248333978245,eligible_<1700
33876,325,316,0.0011321782249165198,eligible_<1700
33967,175,166,0.0005947518523295642,eligible_<1700
34169,935,931,0.0033356263525230376,eligible_<1700
34173,132,130,0.00046576952290869485,eligible_<1700
34373,2382,2372,0.008498502371841724,borderline_1700-2500
36482,336,325,0.001164423807271737,eligible_<1700
36522,1978,1962,0.007029536953437379,borderline_1700-2500
36523,173,173,0.0006198317497169555,eligible_<1700
36596,138,130,0.00046576952290869485,eligible_<1700
36597,170,153,0.0005481749000386947,eligible_<1700
36611,354,343,0.0012289149719821718,eligible_<1700
36649,235,235,0.0008419679837195637,eligible_<1700
36888,945,942,0.003375037619846081,eligible_<1700
36932,6936,6909,0.024753858721355174,exclude_>2500
36985,116,116,0.0004156097281339123,eligible_<1700
36986,547,525,0.0018809923040543446,eligible_<1700
38195,208,208,0.0007452312366539117,eligible_<1700
38340,189,184,0.0006592430170399989,eligible_<1700
38364,714,712,0.0025509838485460825,eligible_<1700
38390,125,122,0.00043710678303739056,eligible_<1700
38471,134,115,0.00041202688564999926,eligible_<1700
38531,1936,1931,0.006918468836436075,borderline_1700-2500
38707,273,273,0.0009781159981082591,eligible_<1700
38718,1081,973,0.0034861057368473854,eligible_<1700
40760,2794,2794,0.010010461900053027,exclude_>2500
40761,701,697,0.0024972412112873868,eligible_<1700
40765,5747,5738,0.02055835017269301,exclude_>2500
41149,150,146,0.0005230950026513034,eligible_<1700
41185,119,119,0.00042635825558565144,eligible_<1700
41239,540,540,0.0019347349413130401,eligible_<1700
41259,578,574,0.0020565515857660834,eligible_<1700
41311,262,259,0.0009279562033334766,eligible_<1700
41496,197,196,0.0007022371268469553,eligible_<1700
41541,730,720,0.002579646588417387,eligible_<1700
41573,181,178,0.0006377459621365206,eligible_<1700
41636,1138,1134,0.004062943376757384,eligible_<1700
41833,1878,1861,0.0066676698625621625,borderline_1700-2500
41849,128,113,0.0004048612006821732,eligible_<1700
41933,3464,3462,0.012403800679306935,exclude_>2500
42112,164,163,0.0005840033248778251,eligible_<1700
42132,188,187,0.0006699915444917379,eligible_<1700
42207,174,171,0.0006126660647491293,eligible_<1700
42336,160,160,0.0005732547974260859,eligible_<1700
42452,6139,6131,0.021966407268870832,exclude_>2500
42691,209,205,0.0007344827092021726,eligible_<1700
42743,1028,1026,0.0036759963884947762,eligible_<1700
42776,4933,4875,0.017466357109076056,exclude_>2500
54138,6911,6908,0.024750275878871263,exclude_>2500
54643,604,604,0.0021640368602834745,eligible_<1700
55131,163,151,0.0005410092150708686,eligible_<1700
55315,249,247,0.0008849620935265202,eligible_<1700
55427,3513,3501,0.012543531536179544,exclude_>2500
55597,853,836,0.002995256316551299,eligible_<1700
55600,4104,4103,0.014700402711495192,exclude_>2500
64897,299,294,0.001053355690270433,eligible_<1700
69120,1723,1696,0.006076500852716511,borderline_1700-2500
69130,315,267,0.000956618943204781,eligible_<1700
69234,233,196,0.0007022371268469553,eligible_<1700
69278,226,216,0.000773893976525216,eligible_<1700
69316,112,110,0.0003941126732304341,eligible_<1700
69582,357,355,0.0012719090817891283,eligible_<1700
69601,571,566,0.002027888845894779,eligible_<1700
70149,11056,11051,0.039593992289722976,exclude_>2500
71837,137,134,0.000480100892844347,eligible_<1700
71906,1743,1742,0.006241311606976511,borderline_1700-2500
72125,27516,27516,0.09858549378735114,exclude_>2500
72131,353,349,0.00125041202688565,eligible_<1700
72285,194,194,0.0006950714418791292,eligible_<1700
84834,189,157,0.0005625062699743469,eligible_<1700
84838,559,556,0.0019920604210556486,eligible_<1700
84869,595,593,0.002124625592960431,eligible_<1700
84889,538,536,0.001920403571377388,eligible_<1700
84913,110,107,0.00038336414577869497,eligible_<1700
85204,244,236,0.0008455508262034768,eligible_<1700
95103,3998,3954,0.01416655918139215,exclude_>2500
95449,151,149,0.0005338435301030425,eligible_<1700
95607,217,215,0.000770311134041303,eligible_<1700
95710,301,282,0.0010103615804634765,eligible_<1700
95756,164,162,0.000580420482393912,eligible_<1700
96342,109,108,0.000386946988262608,eligible_<1700
96713,1958,1948,0.006979377158662596,borderline_1700-2500
99935,164,148,0.0005302606876191296,eligible_<1700
100104,201,200,0.0007165684967826075,eligible_<1700
100423,24667,24514,0.08782980065064419,exclude_>2500
100473,138,138,0.0004944322627799991,eligible_<1700
104555,358,358,0.0012826576092408674,eligible_<1700
104581,1559,1557,0.005578485747452599,eligible_<1700
104955,1850,1849,0.006624675752755206,borderline_1700-2500
105037,3262,3260,0.0116800664975565,exclude_>2500
106113,124,123,0.00044068962552130356,eligible_<1700
106174,140,140,0.0005015979477478252,eligible_<1700
106999,830,829,0.0029701764191639077,eligible_<1700
107148,302,295,0.001056938532754346,eligible_<1700
107255,2267,2265,0.008115138226063029,borderline_1700-2500
110524,1119,1115,0.003994869369563036,eligible_<1700
110868,422,413,0.0014797139458560843,eligible_<1700
111124,3420,3416,0.012238989925046935,exclude_>2500
111172,336,334,0.0011966693896269544,eligible_<1700
111379,179,179,0.0006413288046204337,eligible_<1700
111732,1334,1333,0.004775929031056079,eligible_<1700
120426,358,350,0.0012539948693695631,eligible_<1700
120523,2399,2396,0.008584490591455636,borderline_1700-2500
120677,46812,46812,0.1677200223569371,exclude_>2500
120906,169,168,0.0006019175372973903,eligible_<1700
121295,111,111,0.00039769551571434714,eligible_<1700
121423,1468,1465,0.005248864238932599,eligible_<1700
121787,264,263,0.0009422875732691288,eligible_<1700
124708,19157,19053,0.0682638978459951,exclude_>2500
124954,308,308,0.0011035154850452154,eligible_<1700
124965,865,847,0.0030346675838743425,eligible_<1700
125050,726,726,0.002601143643320865,eligible_<1700
125311,2193,2186,0.0078320936698339,borderline_1700-2500
125315,872,870,0.0031170729610043423,eligible_<1700
125326,302,293,0.0010497728477865198,eligible_<1700
125609,285,284,0.0010175272654313026,eligible_<1700
124390,636,631,0.0022607736073491265,eligible_<1700
124490,467,463,0.0016588560700517363,eligible_<1700
124548,339,336,0.0012038350745947805,eligible_<1700
129459,1203,1200,0.0042994109806956445,eligible_<1700
129492,259,254,0.0009100419909139115,eligible_<1700
136086,129,129,0.0004621866804247818,eligible_<1700
136249,264,261,0.0009351218883013028,eligible_<1700
136284,356,355,0.0012719090817891283,eligible_<1700
136609,159,157,0.0005625062699743469,eligible_<1700
136955,902,897,0.0032138097080699943,eligible_<1700
137141,115,109,0.0003905298307465211,eligible_<1700
137152,121,120,0.0004299410980695645,eligible_<1700
137154,587,584,0.0020923800106052138,eligible_<1700
137155,1531,1528,0.005474583315419121,eligible_<1700
137238,650,649,0.0023252647720595613,eligible_<1700
142924,324,322,0.001153675279819998,eligible_<1700
142961,1367,1363,0.00488341430557347,eligible_<1700
143147,1698,1690,0.006055003797813033,eligible_<1700
143157,1855,1846,0.006613927225303466,borderline_1700-2500
143255,120,120,0.0004299410980695645,eligible_<1700
143405,3179,3163,0.011332530776616936,exclude_>2500
143484,605,605,0.0021676197027673877,eligible_<1700
143508,113,107,0.00038336414577869497,eligible_<1700
143519,7548,7539,0.02701104948622039,exclude_>2500
145928,865,861,0.003084827378649125,eligible_<1700
148231,333,333,0.0011930865471430415,eligible_<1700
148261,3429,3422,0.012260486979950413,exclude_>2500
148319,4533,4520,0.01619444802728693,exclude_>2500
148424,177,177,0.0006341631196526076,eligible_<1700
148507,201,199,0.0007129856542986944,eligible_<1700
155451,451,446,0.0015979477478252147,eligible_<1700
155703,16899,16860,0.060406724278773805,exclude_>2500
156858,6594,6562,0.02351061237943735,exclude_>2500
157026,1154,1150,0.004120268856499993,eligible_<1700
157083,133,132,0.0004729352078765209,eligible_<1700
157322,598,596,0.00213537412041217,eligible_<1700
160499,16540,16477,0.059034495607435115,exclude_>2500
160561,877,876,0.0031385700159078204,eligible_<1700
160608,270,269,0.000963784628172607,eligible_<1700
160744,434,434,0.0015549536380182582,eligible_<1700
160784,650,644,0.002307350559639996,eligible_<1700
160903,431,342,0.0012253321294982587,eligible_<1700
160964,1953,1942,0.006957880103759118,borderline_1700-2500
161297,406,403,0.001443885521016954,eligible_<1700
161383,490,489,0.0017520099746334752,eligible_<1700
164236,126,125,0.0004478553104891297,eligible_<1700
164237,452,450,0.0016122791177608667,eligible_<1700
164448,344,335,0.0012002522321108674,eligible_<1700
164655,169,147,0.0005266778451352165,eligible_<1700
164698,985,984,0.0035255170041704285,eligible_<1700
168054,1550,1544,0.005531908795161729,eligible_<1700
168421,211,209,0.0007488140791378248,eligible_<1700
168435,11325,11316,0.04054344554795993,exclude_>2500
168512,224,223,0.0007989738739126073,eligible_<1700
168549,186,182,0.0006520773320721727,eligible_<1700
168654,102,101,0.0003618670908752168,eligible_<1700
168680,529,521,0.0018666609341186924,eligible_<1700
168752,161,161,0.000576837639909999,eligible_<1700
168839,876,876,0.0031385700159078204,eligible_<1700
168998,1397,1388,0.004972985367671295,eligible_<1700
169147,1705,1691,0.006058586640296946,borderline_1700-2500
169275,358,349,0.00125041202688565,eligible_<1700
169366,126,118,0.0004227754131017384,eligible_<1700
169375,186,185,0.0006628258595239119,eligible_<1700
172358,427,427,0.001529873740630867,eligible_<1700
172386,13354,13347,0.04782019863278731,exclude_>2500
172480,211,209,0.0007488140791378248,eligible_<1700
172507,642,631,0.0022607736073491265,eligible_<1700
172546,1687,1685,0.006037089585393468,eligible_<1700
172598,200,197,0.0007058199693308683,eligible_<1700
172662,605,602,0.0021568711753156486,eligible_<1700
172818,16071,16045,0.05748670765438468,exclude_>2500
172866,358,356,0.0012754919242730413,eligible_<1700
172881,967,960,0.003439528784556516,eligible_<1700
172896,319,317,0.0011357610674004328,eligible_<1700
172932,141,137,0.0004908494202960861,eligible_<1700
173047,1170,1160,0.004156097281339123,eligible_<1700
173074,430,424,0.0015191252131791279,eligible_<1700
178958,148,145,0.0005195121601673904,eligible_<1700
179172,5048,5034,0.01803602906401823,exclude_>2500
179182,1234,1229,0.004403313412729122,eligible_<1700
179275,11409,11326,0.04057927397279906,exclude_>2500
179303,3230,3220,0.01153675279819998,exclude_>2500
179547,138,138,0.0004944322627799991,eligible_<1700
179548,109,109,0.0003905298307465211,eligible_<1700
179701,113,110,0.0003941126732304341,eligible_<1700
179803,2316,2301,0.008244120555483899,borderline_1700-2500
179804,119,118,0.0004227754131017384,eligible_<1700
179918,150,149,0.0005338435301030425,eligible_<1700
180204,131,131,0.00046935236539260786,eligible_<1700
180292,105,105,0.0003761984608108689,eligible_<1700
180325,717,716,0.0025653152184817347,eligible_<1700
180345,145,145,0.0005195121601673904,eligible_<1700
180459,227,222,0.0007953910314286943,eligible_<1700
180489,128,126,0.0004514381529730427,eligible_<1700
180674,103,103,0.00036903277584304285,eligible_<1700
180761,677,673,0.0024112529916734743,eligible_<1700
180785,403,401,0.0014367198360491279,eligible_<1700
184663,247,244,0.0008742135660747811,eligible_<1700
191374,122,122,0.00043710678303739056,eligible_<1700
191432,133,127,0.00045502099545695573,eligible_<1700
191438,555,555,0.001988477578571736,eligible_<1700
191597,2480,2474,0.008863952305200854,borderline_1700-2500
191862,15952,15939,0.0571069263510899,exclude_>2500
191877,549,548,0.0019633976811843446,eligible_<1700
191982,1237,1234,0.004421227625148688,eligible_<1700
191986,416,416,0.0014904624733078234,eligible_<1700
192120,1042,1040,0.003726156183269559,eligible_<1700
192135,13920,13892,0.049772847786519914,exclude_>2500
192153,10110,10062,0.03605056107313298,exclude_>2500
192185,775,774,0.002773120082548691,eligible_<1700
192274,195,193,0.0006914885993952162,eligible_<1700
192286,296,294,0.001053355690270433,eligible_<1700
194640,103,103,0.00036903277584304285,eligible_<1700
198971,159,157,0.0005625062699743469,eligible_<1700
199223,1123,1119,0.004009200739498689,eligible_<1700
199269,250,248,0.0008885449360104332,eligible_<1700
204135,4644,4613,0.01652765237829084,exclude_>2500
204305,6043,6032,0.021611705862963442,exclude_>2500
204314,120,119,0.00042635825558565144,eligible_<1700
204431,1361,1349,0.004833254510798688,eligible_<1700
204472,5381,5352,0.019175372973902576,exclude_>2500
204493,648,642,0.00230018487467217,eligible_<1700
204498,443,441,0.0015800335354056495,eligible_<1700
204576,142,142,0.0005087636327156513,eligible_<1700
204583,48355,48236,0.17282199005402926,exclude_>2500
207568,213,176,0.0006305802771686945,eligible_<1700
207572,830,720,0.002579646588417387,eligible_<1700
207729,768,761,0.002726543130257821,eligible_<1700
207753,1037,1030,0.0036903277584304285,eligible_<1700
217547,1260,1259,0.004510798687246514,eligible_<1700
217554,322,320,0.0011465095948521718,eligible_<1700
217780,3674,3671,0.01315261475844476,exclude_>2500
218074,2952,2946,0.010555053957607807,exclude_>2500
218129,1875,1868,0.006692749759949553,borderline_1700-2500
218161,673,672,0.002407670149189561,eligible_<1700
218200,189,185,0.0006628258595239119,eligible_<1700
218376,435,434,0.0015549536380182582,eligible_<1700
218417,5888,5886,0.021088610860312138,exclude_>2500
218421,1386,1376,0.004929991257864339,eligible_<1700
218530,3709,3688,0.013213523080671282,exclude_>2500
218722,335,330,0.0011823380196913022,eligible_<1700
218824,420,418,0.0014976281582756495,eligible_<1700
218957,263,260,0.0009315390458173897,eligible_<1700
219100,1959,1935,0.006932800206371727,borderline_1700-2500
219101,1462,1411,0.005055390744801295,eligible_<1700
228371,163,163,0.0005840033248778251,eligible_<1700
228378,152,151,0.0005410092150708686,eligible_<1700
228399,162,157,0.0005625062699743469,eligible_<1700
228409,183,182,0.0006520773320721727,eligible_<1700
230424,208,207,0.0007416483941699987,eligible_<1700
230498,2129,2113,0.007570546168508247,borderline_1700-2500
230528,126,125,0.0004478553104891297,eligible_<1700
230591,496,495,0.0017735070295369535,eligible_<1700
230650,420,403,0.001443885521016954,eligible_<1700
230731,181,180,0.0006449116471043467,eligible_<1700
230765,743,731,0.00261905785574043,eligible_<1700
230791,1080,1053,0.0037727331355604282,eligible_<1700
230864,177,172,0.0006162489072330424,eligible_<1700
230889,1033,1024,0.0036688307035269503,eligible_<1700
230898,260,258,0.0009243733608495636,eligible_<1700
231032,195,195,0.0006986542843630423,eligible_<1700
244522,25295,25295,0.09062800063058028,exclude_>2500
244654,3523,3519,0.012608022700889978,exclude_>2500
244769,554,549,0.0019669805236682573,eligible_<1700
244795,310,309,0.0011070983275291285,eligible_<1700
244946,446,439,0.0015728678504378234,eligible_<1700
245045,1940,1928,0.0069077203089843355,borderline_1700-2500
245085,311,306,0.0010963498000773895,eligible_<1700
245090,158,156,0.0005589234274904338,eligible_<1700
245197,1678,1664,0.005961849893231294,eligible_<1700
245206,139,136,0.0004872665778121731,eligible_<1700
249768,100,99,0.00035470140590739067,eligible_<1700
249821,1272,1259,0.004510798687246514,eligible_<1700
249824,310,301,0.0010784355876578243,eligible_<1700
250539,396,393,0.0014080570961778236,eligible_<1700
250754,464,463,0.0016588560700517363,eligible_<1700
250865,226,225,0.0008061395588804333,eligible_<1700
250878,192,191,0.0006843229144273902,eligible_<1700
250881,1387,1383,0.004955071155251731,eligible_<1700
251198,109,108,0.000386946988262608,eligible_<1700
251349,324,320,0.0011465095948521718,eligible_<1700
251350,227,227,0.0008133052438482595,eligible_<1700
251445,175,167,0.0005983346948134772,eligible_<1700
251551,1212,1209,0.004331656563050862,eligible_<1700
251723,532,518,0.0018559124066669533,eligible_<1700
251747,817,765,0.0027408745001934734,eligible_<1700
252163,243,238,0.0008527165111713029,eligible_<1700
252432,178,175,0.0006269974346847816,eligible_<1700
252446,1491,1491,0.005342018143514339,eligible_<1700
252479,307,307,0.0010999326425613024,eligible_<1700
252484,125,124,0.0004442724680052166,eligible_<1700
252556,2134,2130,0.007631454490734769,borderline_1700-2500
252657,228,228,0.0008168880863321725,eligible_<1700
252752,2375,2371,0.008494919529357811,borderline_1700-2500
256685,184,182,0.0006520773320721727,eligible_<1700
256705,874,869,0.003113490118520429,eligible_<1700
256730,5178,5177,0.018548375539217794,exclude_>2500
256788,4339,4323,0.01548862805795606,exclude_>2500
256801,441,440,0.0015764506929217363,eligible_<1700
256802,677,675,0.0024184186766413,eligible_<1700
256883,760,758,0.002715794602806082,eligible_<1700
256885,148,120,0.0004299410980695645,eligible_<1700
256918,1250,1247,0.004467804577439558,eligible_<1700
256939,118,92,0.00032962150851999943,eligible_<1700
256960,14933,14920,0.053456009859982515,exclude_>2500
256964,221,211,0.0007559797641056509,eligible_<1700
256967,109,107,0.00038336414577869497,eligible_<1700
256980,379,370,0.0013256517190478238,eligible_<1700
257058,971,969,0.003471774366911733,eligible_<1700
257066,1568,1563,0.005599982802356077,eligible_<1700
257073,172,170,0.0006090832222652163,eligible_<1700
257077,269,268,0.000960201785688694,eligible_<1700
257160,333,331,0.0011859208621752154,eligible_<1700
257284,579,574,0.0020565515857660834,eligible_<1700
257321,661,661,0.0023682588818665176,eligible_<1700
257501,11104,11082,0.03970506040672428,exclude_>2500
257614,4703,4686,0.016789199879616492,exclude_>2500
257667,179,179,0.0006413288046204337,eligible_<1700
257674,744,738,0.0026441377531278214,eligible_<1700
257726,1152,1152,0.004127434541467819,eligible_<1700
257733,797,796,0.0028519426171947776,eligible_<1700
257759,2428,2425,0.008688393023489116,borderline_1700-2500
257766,207,202,0.0007237341817504336,eligible_<1700
266524,26498,26498,0.09493816013872766,exclude_>2500
266529,111,108,0.000386946988262608,eligible_<1700
266564,389,389,0.0013937257262421714,eligible_<1700
266592,212,210,0.0007523969216217378,eligible_<1700
271321,1743,1736,0.006219814552073033,borderline_1700-2500
271447,116,116,0.0004156097281339123,eligible_<1700
271518,4708,4618,0.016545566590710405,exclude_>2500
271524,481,480,0.001719764392278258,eligible_<1700
271601,4064,4058,0.014539174799719105,exclude_>2500
271615,1744,1744,0.006248477291944337,borderline_1700-2500
271756,187,187,0.0006699915444917379,eligible_<1700
271759,157,155,0.0005553405850065207,eligible_<1700
271774,258,257,0.0009207905183656505,eligible_<1700
271837,158,142,0.0005087636327156513,eligible_<1700
271869,4328,4321,0.015481462372988234,exclude_>2500
272438,1493,1469,0.005263195608868252,eligible_<1700
272599,317,317,0.0011357610674004328,eligible_<1700
273065,394,389,0.0013937257262421714,eligible_<1700
273657,172,166,0.0005947518523295642,eligible_<1700
273814,572,564,0.002020723160926953,eligible_<1700
273910,885,878,0.0031457357008756468,eligible_<1700
274037,1151,1142,0.004091606116628689,eligible_<1700
274075,305,304,0.0010891841151095634,eligible_<1700
281152,1342,1342,0.004808174613411296,eligible_<1700
281194,2881,2876,0.010304254983733895,exclude_>2500
281248,895,893,0.003199478338134342,eligible_<1700
285234,122,121,0.0004335239405534775,eligible_<1700
285533,1743,1740,0.006234145922008685,borderline_1700-2500
285535,231,231,0.0008276366137839116,eligible_<1700
285554,478,477,0.0017090158648265187,eligible_<1700
285570,217,215,0.000770311134041303,eligible_<1700
285627,219,217,0.0007774768190091291,eligible_<1700
285774,23085,23085,0.08270991874113247,exclude_>2500
285775,1208,1201,0.004302993823179558,eligible_<1700
285826,1255,1247,0.004467804577439558,eligible_<1700
285894,1543,1542,0.005524743110193904,eligible_<1700
285905,893,884,0.003167232755779125,eligible_<1700
285972,296,290,0.0010390243203347808,eligible_<1700
293941,182,180,0.0006449116471043467,eligible_<1700
294112,132,102,0.0003654499333591298,eligible_<1700
294263,363,362,0.0012969889791765194,eligible_<1700
294348,228,225,0.0008061395588804333,eligible_<1700
294378,310,309,0.0011070983275291285,eligible_<1700
294609,107,90,0.00032245582355217337,eligible_<1700
294612,2503,2495,0.008939191997363028,exclude_>2500
294623,118,116,0.0004156097281339123,eligible_<1700
294880,176,175,0.0006269974346847816,eligible_<1700
295020,105,104,0.00037261561832695585,eligible_<1700
295081,107,107,0.00038336414577869497,eligible_<1700
295262,1731,1727,0.006187568969717816,borderline_1700-2500
295368,117,116,0.0004156097281339123,eligible_<1700
295374,8662,8649,0.030988004643363858,exclude_>2500
296238,484,477,0.0017090158648265187,eligible_<1700
296345,1404,1400,0.0050159794774782525,eligible_<1700
296419,139,139,0.0004980151052639122,eligible_<1700
296576,223,220,0.0007882253464608682,eligible_<1700
297666,181,179,0.0006413288046204337,eligible_<1700
297895,1358,1358,0.004865500093153905,eligible_<1700
297985,1829,1821,0.006524356163205641,borderline_1700-2500
298047,11235,11173,0.04003109907276037,exclude_>2500
298069,9347,9341,0.03346733164223168,exclude_>2500
298102,2224,2212,0.007925247574415638,borderline_1700-2500
298130,136,136,0.0004872665778121731,eligible_<1700
298171,165,165,0.0005911690098456511,eligible_<1700
298271,228,227,0.0008133052438482595,eligible_<1700
304333,237,237,0.0008491336686873898,eligible_<1700
304531,831,823,0.0029486793642604296,eligible_<1700
304679,460,456,0.001633776172664345,eligible_<1700
304847,664,656,0.0023503446694469526,eligible_<1700
304985,596,594,0.002128208435444344,eligible_<1700
311020,112,109,0.0003905298307465211,eligible_<1700
311465,252,251,0.0008992934634621723,eligible_<1700
311659,285,279,0.0009996130530117375,eligible_<1700
311686,227,225,0.0008061395588804333,eligible_<1700
311828,146,144,0.0005159293176834773,eligible_<1700
311918,383,383,0.0013722286713386933,eligible_<1700
312251,2461,2459,0.00881020966794216,borderline_1700-2500
312267,3097,3084,0.011049486220387808,exclude_>2500
312744,180,180,0.0006449116471043467,eligible_<1700
312767,1051,1050,0.003761984608108689,eligible_<1700
318983,2559,2556,0.009157745388881724,exclude_>2500
319031,522,521,0.0018666609341186924,eligible_<1700
319095,130,129,0.0004621866804247818,eligible_<1700
319107,351,349,0.00125041202688565,eligible_<1700
319114,281,281,0.0010067787379795634,eligible_<1700
319135,418,417,0.0014940453157917366,eligible_<1700
319264,170,163,0.0005840033248778251,eligible_<1700
319348,342,342,0.0012253321294982587,eligible_<1700
319793,2390,2386,0.008548662166616507,borderline_1700-2500
325011,116,116,0.0004156097281339123,eligible_<1700
325022,2158,2157,0.007728191237800421,borderline_1700-2500
325409,183,178,0.0006377459621365206,eligible_<1700
325414,2901,2840,0.010175272654313026,exclude_>2500
325545,117,116,0.0004156097281339123,eligible_<1700
325681,157,154,0.0005517577425226077,eligible_<1700
325698,2560,2555,0.00915416254639781,exclude_>2500
325829,549,540,0.0019347349413130401,eligible_<1700
325941,359,356,0.0012754919242730413,eligible_<1700
326175,197,197,0.0007058199693308683,eligible_<1700
326485,509,507,0.00181650113934391,eligible_<1700
326767,115,113,0.0004048612006821732,eligible_<1700
326908,549,541,0.001938317783796953,eligible_<1700
327062,179,178,0.0006377459621365206,eligible_<1700
327392,255,254,0.0009100419909139115,eligible_<1700
327549,112,111,0.00039769551571434714,eligible_<1700
327778,979,978,0.0035040199492669503,eligible_<1700
327793,187,187,0.0006699915444917379,eligible_<1700
327913,138,138,0.0004944322627799991,eligible_<1700
328237,131,131,0.00046935236539260786,eligible_<1700
328535,153,148,0.0005302606876191296,eligible_<1700
328555,222,220,0.0007882253464608682,eligible_<1700
328575,668,667,0.0023897559367699957,eligible_<1700
328636,215,212,0.0007595626065895639,eligible_<1700
328687,182,181,0.0006484944895882597,eligible_<1700
328862,171,169,0.0006055003797813033,eligible_<1700
337070,251,249,0.0008921277784943463,eligible_<1700
337503,118,118,0.0004227754131017384,eligible_<1700
337627,4477,4468,0.01600814021812345,exclude_>2500
337754,141,138,0.0004944322627799991,eligible_<1700
337755,135,133,0.00047651805036043397,eligible_<1700
337765,4003,3997,0.01432062140820041,exclude_>2500
337787,2089,2079,0.007448729524055204,borderline_1700-2500
338093,2732,2729,0.009777577138598679,exclude_>2500
338467,484,484,0.00173409576221391,eligible_<1700
338521,197,195,0.0006986542843630423,eligible_<1700
343334,178,178,0.0006377459621365206,eligible_<1700
343362,1272,1271,0.00455379279705347,eligible_<1700
343526,1120,1107,0.003966206629691732,eligible_<1700
343833,133,133,0.00047651805036043397,eligible_<1700
343900,895,886,0.003174398440746951,eligible_<1700
344105,706,706,0.0025294867936426044,eligible_<1700
344114,1869,1863,0.006674835547529988,borderline_1700-2500
344295,135,134,0.000480100892844347,eligible_<1700
344620,180,180,0.0006449116471043467,eligible_<1700
355199,297,293,0.0010497728477865198,eligible_<1700
355326,1364,1351,0.004840420195766513,eligible_<1700
355737,266,265,0.0009494532582369549,eligible_<1700
355876,203,203,0.0007273170242343465,eligible_<1700
356033,6857,6848,0.024535305329836478,exclude_>2500
356313,396,393,0.0014080570961778236,eligible_<1700
356952,1766,1759,0.006302219929203033,borderline_1700-2500
356954,122,120,0.0004299410980695645,eligible_<1700
357271,747,747,0.002676383335483039,eligible_<1700
357890,498,494,0.0017699241870530404,eligible_<1700
357975,311,310,0.0011106811700130415,eligible_<1700
357984,106,106,0.00037978130329478196,eligible_<1700
358026,115,115,0.00041202688564999926,eligible_<1700
358094,124,124,0.0004442724680052166,eligible_<1700
358124,2167,2158,0.007731774080284334,borderline_1700-2500
358386,1000,999,0.0035792596414291242,eligible_<1700
358557,1344,1342,0.004808174613411296,eligible_<1700
358558,188,187,0.0006699915444917379,eligible_<1700
358588,275,269,0.000963784628172607,eligible_<1700
358626,179,178,0.0006377459621365206,eligible_<1700
358636,240,232,0.0008312194562678246,eligible_<1700
363089,167,165,0.0005911690098456511,eligible_<1700
363242,116,107,0.00038336414577869497,eligible_<1700
363307,3248,3241,0.011611992490362153,exclude_>2500
363841,114,113,0.0004048612006821732,eligible_<1700
364343,146,145,0.0005195121601673904,eligible_<1700
364393,233,231,0.0008276366137839116,eligible_<1700
364556,280,279,0.0009996130530117375,eligible_<1700
374866,547,547,0.0019598148387004314,eligible_<1700
374982,146,143,0.0005123464751995643,eligible_<1700
375852,1410,1406,0.005037476532381731,eligible_<1700
376610,387,386,0.0013829771987904323,eligible_<1700
377470,2327,2322,0.008319360247646072,borderline_1700-2500
377515,998,995,0.003564928271493472,eligible_<1700
377645,233,233,0.0008348022987517377,eligible_<1700
377793,633,632,0.0022643564498330397,eligible_<1700
378001,706,706,0.0025294867936426044,eligible_<1700
378040,135,131,0.00046935236539260786,eligible_<1700
378356,730,727,0.0026047264858047783,eligible_<1700
378367,309,300,0.0010748527451739111,eligible_<1700
378476,562,559,0.0020028089485073877,eligible_<1700
378568,128,128,0.0004586038379408688,eligible_<1700
378833,128,126,0.0004514381529730427,eligible_<1700
378848,328,328,0.0011751723347234763,eligible_<1700
378983,525,525,0.0018809923040543446,eligible_<1700
379153,204,204,0.0007308998667182596,eligible_<1700
379300,208,204,0.0007308998667182596,eligible_<1700
379699,185,181,0.0006484944895882597,eligible_<1700
380134,493,492,0.0017627585020852142,eligible_<1700
380135,650,643,0.0023037677171560828,eligible_<1700
380165,1770,1768,0.00633446551155825,borderline_1700-2500
380183,171,169,0.0006055003797813033,eligible_<1700
380677,169,166,0.0005947518523295642,eligible_<1700
380728,105,105,0.0003761984608108689,eligible_<1700
380887,224,224,0.0008025567163965203,eligible_<1700
380923,101,100,0.00035828424839130373,eligible_<1700
380938,1072,1068,0.003826475772819124,eligible_<1700
381246,180,172,0.0006162489072330424,eligible_<1700
381278,1637,1635,0.005857947461197816,eligible_<1700
381297,2872,2844,0.010189604024248677,exclude_>2500
381790,395,394,0.0014116399386617366,eligible_<1700
381819,820,819,0.0029343479943247774,eligible_<1700
381825,110,110,0.0003941126732304341,eligible_<1700
382229,527,523,0.0018738266190865185,eligible_<1700
382518,796,793,0.0028411940897430385,eligible_<1700
382549,251,250,0.0008957106209782593,eligible_<1700
382843,2700,2699,0.009670091864081288,exclude_>2500
382960,329,329,0.0011787551772073893,eligible_<1700
383158,541,541,0.001938317783796953,eligible_<1700
383360,468,468,0.0016767702824713015,eligible_<1700
383452,410,410,0.0014689654184043453,eligible_<1700
383459,655,653,0.002339596141995213,eligible_<1700
383481,156,156,0.0005589234274904338,eligible_<1700
383733,165,165,0.0005911690098456511,eligible_<1700
383789,199,199,0.0007129856542986944,eligible_<1700
384136,207,206,0.0007380655516860857,eligible_<1700
384150,678,677,0.002425584361609126,eligible_<1700
417323,244,243,0.0008706307235908681,eligible_<1700
417599,210,207,0.0007416483941699987,eligible_<1700
418542,174,172,0.0006162489072330424,eligible_<1700
418812,201,200,0.0007165684967826075,eligible_<1700
419074,464,463,0.0016588560700517363,eligible_<1700
419384,108,108,0.000386946988262608,eligible_<1700
419720,132,131,0.00046935236539260786,eligible_<1700
419763,186,183,0.0006556601745560858,eligible_<1700
420443,128,128,0.0004586038379408688,eligible_<1700
420793,226,226,0.0008097224013643464,eligible_<1700
421199,323,323,0.0011572581223039111,eligible_<1700
421208,219,219,0.0007846425039769551,eligible_<1700
421281,103,103,0.00036903277584304285,eligible_<1700
422345,120,119,0.00042635825558565144,eligible_<1700
422484,631,627,0.0022464422374134743,eligible_<1700
423270,414,413,0.0014797139458560843,eligible_<1700
423434,319,317,0.0011357610674004328,eligible_<1700
423632,271,271,0.0009709503131404331,eligible_<1700
423689,107,106,0.00037978130329478196,eligible_<1700
423850,104,103,0.00036903277584304285,eligible_<1700
424442,129,128,0.0004586038379408688,eligible_<1700
424577,145,145,0.0005195121601673904,eligible_<1700
424774,370,370,0.0013256517190478238,eligible_<1700
424809,153,153,0.0005481749000386947,eligible_<1700
427865,110,109,0.0003905298307465211,eligible_<1700
432527,135,135,0.00048368373532826003,eligible_<1700
47,11597,11582,0.0414964816486808,exclude_>2500
176,2137,2088,0.007480975106410422,borderline_1700-2500
210,559,554,0.0019848947360878227,eligible_<1700
215,15687,15655,0.056089399085658596,exclude_>2500
428,243,243,0.0008706307235908681,eligible_<1700
432,29851,29705,0.10642833598463677,exclude_>2500
479,133,132,0.0004729352078765209,eligible_<1700
484,734,715,0.0025617323759978216,eligible_<1700
494,4868,4837,0.01733020909468736,exclude_>2500
503,14857,14817,0.053086977084139474,exclude_>2500
520,2416,2295,0.008222623500580421,borderline_1700-2500
531,1659,1653,0.005922438625908251,eligible_<1700
826,7921,7871,0.028200553190879517,exclude_>2500
827,1653,1642,0.005883027358585207,eligible_<1700
843,222,213,0.000763145449073477,eligible_<1700
854,786,785,0.002812531349871734,eligible_<1700
859,2610,2553,0.009146996861429984,exclude_>2500
861,518,494,0.0017699241870530404,eligible_<1700
864,956,922,0.0033033807701678204,eligible_<1700
875,3437,3433,0.012299898247273457,exclude_>2500
877,159,159,0.000569671954942173,eligible_<1700
878,4068,4048,0.014503346374879975,exclude_>2500
884,689,686,0.0024578299439643437,eligible_<1700
902,3340,3322,0.011902202731559109,exclude_>2500
920,288,282,0.0010103615804634765,eligible_<1700
933,142,142,0.0005087636327156513,eligible_<1700
939,2222,2192,0.007853590724737378,borderline_1700-2500
941,1128,1124,0.0040271149519182535,eligible_<1700
943,4715,4686,0.016789199879616492,exclude_>2500
949,2543,2472,0.008856786620233028,exclude_>2500
951,426,396,0.0014188056236295627,eligible_<1700
963,1372,1369,0.004904911360476948,eligible_<1700
980,1232,1220,0.004371067830373905,eligible_<1700
1007,176,175,0.0006269974346847816,eligible_<1700
1471,303,294,0.001053355690270433,eligible_<1700
1472,3657,3595,0.012880318729667368,exclude_>2500
1482,326,324,0.001160840964787824,eligible_<1700
1912,206,204,0.0007308998667182596,eligible_<1700
1915,1903,1878,0.006728578184788684,borderline_1700-2500
1923,1892,1848,0.006621092910271293,borderline_1700-2500
1933,1268,1223,0.004381816357825644,eligible_<1700
1958,278,269,0.000963784628172607,eligible_<1700
1965,261,256,0.0009172076758817376,eligible_<1700
1974,101,101,0.0003618670908752168,eligible_<1700
1986,1229,1204,0.004313742350631297,eligible_<1700
1991,120,110,0.0003941126732304341,eligible_<1700
2001,995,975,0.0034932714218152113,eligible_<1700
2043,596,576,0.0020637172707339093,eligible_<1700
2049,155,152,0.0005445920575547817,eligible_<1700
2061,207,195,0.0006986542843630423,eligible_<1700
2072,190,148,0.0005302606876191296,eligible_<1700
2076,411,312,0.0011178468549808676,eligible_<1700
2080,257,198,0.0007094028118147813,eligible_<1700
2092,107,107,0.00038336414577869497,eligible_<1700
2119,247,238,0.0008527165111713029,eligible_<1700
2125,327,305,0.0010927669575934763,eligible_<1700
2127,472,464,0.0016624389125356493,eligible_<1700
2162,2196,2094,0.0075024721613139,borderline_1700-2500
2163,3652,3506,0.012561445748599109,exclude_>2500
2165,4801,4754,0.01703283316852258,exclude_>2500
2189,130,130,0.00046576952290869485,eligible_<1700
2192,218,185,0.0006628258595239119,eligible_<1700
2195,108,102,0.0003654499333591298,eligible_<1700
2215,188,166,0.0005947518523295642,eligible_<1700
2603,1508,1490,0.005338435301030425,eligible_<1700
2612,730,728,0.002608309328288691,eligible_<1700
2633,1885,1882,0.006742909554724336,borderline_1700-2500
2639,1692,1348,0.004829671668314774,eligible_<1700
2640,499,486,0.0017412614471817361,eligible_<1700
2666,116,100,0.00035828424839130373,eligible_<1700
2668,144,139,0.0004980151052639122,eligible_<1700
2678,344,307,0.0010999326425613024,eligible_<1700
2679,3239,3112,0.011149805809937371,exclude_>2500
2688,199,188,0.000673574386975651,eligible_<1700
2706,117,101,0.0003618670908752168,eligible_<1700
2718,795,767,0.0027480401851612997,eligible_<1700
2736,100,98,0.00035111856342347767,eligible_<1700
2740,277,273,0.0009781159981082591,eligible_<1700
2758,132,131,0.00046935236539260786,eligible_<1700
2773,263,255,0.0009136248333978245,eligible_<1700
2795,2193,2058,0.007373489831893031,borderline_1700-2500
2799,103,81,0.000290210241196956,eligible_<1700
2816,538,514,0.001841581036731301,eligible_<1700
2817,232,230,0.0008240537712999985,eligible_<1700
2818,1722,1658,0.0059403528383278155,borderline_1700-2500
2819,646,624,0.002235693709961735,eligible_<1700
2833,379,373,0.001336400246499563,eligible_<1700
2838,1055,1036,0.0037118248133339066,eligible_<1700
2841,128,125,0.0004478553104891297,eligible_<1700
2853,191,183,0.0006556601745560858,eligible_<1700
2855,166,160,0.0005732547974260859,eligible_<1700
2856,159,153,0.0005481749000386947,eligible_<1700
2857,244,242,0.000867047881106955,eligible_<1700
2885,102,84,0.00030095876864869514,eligible_<1700
2903,414,377,0.0013507316164352151,eligible_<1700
2910,108,105,0.0003761984608108689,eligible_<1700
2940,580,575,0.0020601344282499966,eligible_<1700
2942,203,194,0.0006950714418791292,eligible_<1700
2947,449,445,0.0015943649053413015,eligible_<1700
2952,8058,7850,0.02812531349871734,exclude_>2500
2957,238,227,0.0008133052438482595,eligible_<1700
2960,462,454,0.001626610487696519,eligible_<1700
2961,1394,1392,0.004987316737606948,eligible_<1700
2962,370,353,0.0012647433968213022,eligible_<1700
2978,431,422,0.0015119595282113017,eligible_<1700
3003,149,144,0.0005159293176834773,eligible_<1700
3007,115,112,0.00040127835819826015,eligible_<1700
3041,745,590,0.002113877065508692,eligible_<1700
3052,446,441,0.0015800335354056495,eligible_<1700
3061,356,315,0.0011285953824326067,eligible_<1700
4529,2109,2090,0.0074881407913782476,borderline_1700-2500
4550,524,517,0.0018523295641830403,eligible_<1700
4555,110,109,0.0003905298307465211,eligible_<1700
4564,368,300,0.0010748527451739111,eligible_<1700
4613,117,116,0.0004156097281339123,eligible_<1700
4616,661,648,0.002321681929575648,eligible_<1700
4659,444,428,0.0015334565831147799,eligible_<1700
4668,218,213,0.000763145449073477,eligible_<1700
4671,212,206,0.0007380655516860857,eligible_<1700
4753,842,834,0.002988090631583473,eligible_<1700
4770,119,117,0.0004191925706178254,eligible_<1700
4842,144,143,0.0005123464751995643,eligible_<1700
4848,137,109,0.0003905298307465211,eligible_<1700
4881,193,190,0.0006807400719434771,eligible_<1700
4884,151,121,0.0004335239405534775,eligible_<1700
4888,1438,1396,0.0050016481075426,eligible_<1700
4889,134,129,0.0004621866804247818,eligible_<1700
4907,508,489,0.0017520099746334752,eligible_<1700
4916,153,116,0.0004156097281339123,eligible_<1700
4960,101,81,0.000290210241196956,eligible_<1700
4961,313,311,0.0011142640124969547,eligible_<1700
4974,319,237,0.0008491336686873898,eligible_<1700
4979,132,122,0.00043710678303739056,eligible_<1700
4980,329,325,0.001164423807271737,eligible_<1700
5012,139,132,0.0004729352078765209,eligible_<1700
5015,378,367,0.0013149031915960846,eligible_<1700
5029,563,538,0.001927569256345214,eligible_<1700
5039,125,96,0.00034395287845565155,eligible_<1700
5065,106,106,0.00037978130329478196,eligible_<1700
5107,132,125,0.0004478553104891297,eligible_<1700
5129,122,114,0.00040844404316608626,eligible_<1700
5130,1485,1463,0.005241698553964774,eligible_<1700
5135,444,431,0.0015442051105665191,eligible_<1700
5155,153,149,0.0005338435301030425,eligible_<1700
5171,158,125,0.0004478553104891297,eligible_<1700
5172,100,92,0.00032962150851999943,eligible_<1700
5217,216,215,0.000770311134041303,eligible_<1700
5232,165,158,0.0005660891124582599,eligible_<1700
5233,248,211,0.0007559797641056509,eligible_<1700
5241,243,187,0.0006699915444917379,eligible_<1700
5259,734,711,0.0025474010060621693,eligible_<1700
5264,135,94,0.0003367871934878255,eligible_<1700
5304,154,137,0.0004908494202960861,eligible_<1700
5308,118,113,0.0004048612006821732,eligible_<1700
5312,533,507,0.00181650113934391,eligible_<1700
5316,588,549,0.0019669805236682573,eligible_<1700
5332,292,289,0.0010354414778508678,eligible_<1700
5351,153,118,0.0004227754131017384,eligible_<1700
5382,190,141,0.0005051807902317383,eligible_<1700
5383,171,120,0.0004299410980695645,eligible_<1700
5423,132,125,0.0004478553104891297,eligible_<1700
5425,414,405,0.00145105120598478,eligible_<1700
5447,317,314,0.0011250125399486937,eligible_<1700
5475,174,148,0.0005302606876191296,eligible_<1700
5476,174,105,0.0003761984608108689,eligible_<1700
5480,179,124,0.0004442724680052166,eligible_<1700
5488,102,80,0.00028662739871304296,eligible_<1700
5502,127,121,0.0004335239405534775,eligible_<1700
5573,107,94,0.0003367871934878255,eligible_<1700
5575,123,118,0.0004227754131017384,eligible_<1700
5576,2711,2651,0.009498115424853461,exclude_>2500
5656,182,157,0.0005625062699743469,eligible_<1700
5662,123,122,0.00043710678303739056,eligible_<1700
5677,240,200,0.0007165684967826075,eligible_<1700
5687,138,119,0.00042635825558565144,eligible_<1700
5699,244,193,0.0006914885993952162,eligible_<1700
5707,184,182,0.0006520773320721727,eligible_<1700
7976,418,414,0.0014832967883399975,eligible_<1700
7994,151,126,0.0004514381529730427,eligible_<1700
8003,209,188,0.000673574386975651,eligible_<1700
8069,678,638,0.002285853504736518,eligible_<1700
8079,132,128,0.0004586038379408688,eligible_<1700
8098,13388,13288,0.047608810926236436,exclude_>2500
8129,2705,2696,0.009659343336629548,exclude_>2500
8170,2026,2000,0.007165684967826075,borderline_1700-2500
8196,328,306,0.0010963498000773895,eligible_<1700
8222,1434,1416,0.005073304957220861,eligible_<1700
8307,162,156,0.0005589234274904338,eligible_<1700
8317,116,81,0.000290210241196956,eligible_<1700
8319,142,101,0.0003618670908752168,eligible_<1700
8326,185,149,0.0005338435301030425,eligible_<1700
8331,145,104,0.00037261561832695585,eligible_<1700
8350,146,105,0.0003761984608108689,eligible_<1700
8383,108,84,0.00030095876864869514,eligible_<1700
8490,1118,1072,0.003840807142754776,eligible_<1700
9674,17206,17130,0.06137409174943033,exclude_>2500
9725,150,144,0.0005159293176834773,eligible_<1700
9787,418,402,0.001440302678533041,eligible_<1700
9823,2526,2311,0.00827994898032303,exclude_>2500
9829,1522,1488,0.0053312696160626,eligible_<1700
12367,208,203,0.0007273170242343465,eligible_<1700
12372,173,170,0.0006090832222652163,eligible_<1700
12538,562,555,0.001988477578571736,eligible_<1700
12589,2041,2040,0.007308998667182596,borderline_1700-2500
12616,590,577,0.0020673001132178225,eligible_<1700
12633,320,320,0.0011465095948521718,eligible_<1700
12830,712,707,0.002533069636126517,eligible_<1700
12875,453,438,0.0015692850079539102,eligible_<1700
15511,3153,3140,0.011250125399486936,exclude_>2500
17161,2590,2587,0.009268813505883027,exclude_>2500
17166,392,387,0.0013865600412743455,eligible_<1700
17223,5491,5414,0.019397509207905183,exclude_>2500
17226,11164,11027,0.039508004070109064,exclude_>2500
17382,218,211,0.0007559797641056509,eligible_<1700
17392,3840,3778,0.013535978904223455,exclude_>2500
17394,341,308,0.0011035154850452154,eligible_<1700
17396,2431,2394,0.008577324906487811,borderline_1700-2500
17405,2998,2980,0.01067687060206085,exclude_>2500
17448,169,163,0.0005840033248778251,eligible_<1700
17451,219,217,0.0007774768190091291,eligible_<1700
20952,538,529,0.0018953236739899966,eligible_<1700
20953,193,190,0.0006807400719434771,eligible_<1700
21133,791,770,0.0027587887126130388,eligible_<1700
21182,115,111,0.00039769551571434714,eligible_<1700
21239,582,572,0.002049385900798257,eligible_<1700
21241,14786,14742,0.052818263897845996,exclude_>2500
22198,2176,2170,0.00777476819009129,borderline_1700-2500
22377,185,174,0.0006234145922008685,eligible_<1700
22398,1185,1177,0.004217005603565645,eligible_<1700
22399,117,114,0.00040844404316608626,eligible_<1700
22532,1249,1223,0.004381816357825644,eligible_<1700
22551,1094,1063,0.0038085615603995586,eligible_<1700
22664,499,486,0.0017412614471817361,eligible_<1700
22721,233,231,0.0008276366137839116,eligible_<1700
22825,3662,3596,0.012883901572151283,exclude_>2500
22839,109,103,0.00036903277584304285,eligible_<1700
22897,970,952,0.0034108660446852115,eligible_<1700
22924,164,162,0.000580420482393912,eligible_<1700
22950,690,686,0.0024578299439643437,eligible_<1700
23053,788,785,0.002812531349871734,eligible_<1700
23241,375,373,0.001336400246499563,eligible_<1700
23249,175,172,0.0006162489072330424,eligible_<1700
23451,1656,1652,0.005918855783424337,eligible_<1700
23658,253,248,0.0008885449360104332,eligible_<1700
23671,252,233,0.0008348022987517377,eligible_<1700
23686,2644,2634,0.00943720710262694,exclude_>2500
23694,197,189,0.000677157229459564,eligible_<1700
26080,132,132,0.0004729352078765209,eligible_<1700
26114,137,134,0.000480100892844347,eligible_<1700
26162,513,511,0.001830832509279562,eligible_<1700
26235,726,719,0.002576063745933474,eligible_<1700
26472,692,687,0.0024614127864482564,eligible_<1700
26516,229,223,0.0007989738739126073,eligible_<1700
26522,170,163,0.0005840033248778251,eligible_<1700
26778,113,111,0.00039769551571434714,eligible_<1700
26884,963,959,0.003435945942072603,eligible_<1700
27117,662,659,0.0023610931968986917,eligible_<1700
28102,156,156,0.0005589234274904338,eligible_<1700
28121,126,125,0.0004478553104891297,eligible_<1700
30771,111,108,0.000386946988262608,eligible_<1700
30804,365,350,0.0012539948693695631,eligible_<1700
30869,9938,9924,0.03555612881035298,exclude_>2500
30932,1123,1121,0.004016366424466514,eligible_<1700
30933,8600,8512,0.030497155223067774,exclude_>2500
30951,118,115,0.00041202688564999926,eligible_<1700
31497,3439,3435,0.012307063932241282,exclude_>2500
31552,1174,1154,0.004134600226435645,eligible_<1700
31554,128,110,0.0003941126732304341,eligible_<1700
31563,4108,4091,0.014657408601688236,exclude_>2500
31594,12223,12215,0.04376442094099775,exclude_>2500
31936,114,113,0.0004048612006821732,eligible_<1700
32014,719,717,0.002568898060965648,eligible_<1700
32047,154,153,0.0005481749000386947,eligible_<1700
35677,31854,31854,0.11412786448256589,exclude_>2500
35706,443,441,0.0015800335354056495,eligible_<1700
37198,3281,3232,0.011579746908006937,exclude_>2500
37345,211,211,0.0007559797641056509,eligible_<1700
37349,269,266,0.0009530361007208679,eligible_<1700
37380,12134,12119,0.0434204680625421,exclude_>2500
39862,361,355,0.0012719090817891283,eligible_<1700
39932,246,220,0.0007882253464608682,eligible_<1700
39938,7318,7314,0.026204909927339953,exclude_>2500
39939,121,89,0.0003188729810682603,eligible_<1700
40769,1999,1997,0.007154936440374336,borderline_1700-2500
40770,1486,1482,0.005309772561159121,eligible_<1700
40793,7844,7827,0.028042908121587343,exclude_>2500
40800,200,200,0.0007165684967826075,eligible_<1700
40801,136,134,0.000480100892844347,eligible_<1700
40834,32981,32981,0.11816572796193588,exclude_>2500
40935,468,463,0.0016588560700517363,eligible_<1700
40961,141,141,0.0005051807902317383,eligible_<1700
41002,4562,4557,0.01632701319919171,exclude_>2500
41032,177,177,0.0006341631196526076,eligible_<1700
46007,948,945,0.00338578614729782,eligible_<1700
46410,189,189,0.000677157229459564,eligible_<1700
46746,157,156,0.0005589234274904338,eligible_<1700
46957,207,204,0.0007308998667182596,eligible_<1700
47046,640,639,0.002289436347220431,eligible_<1700
47185,5834,5793,0.020755406509308225,exclude_>2500
47462,227,224,0.0008025567163965203,eligible_<1700
49435,231,227,0.0008133052438482595,eligible_<1700
50849,376,369,0.0013220688765639107,eligible_<1700
51195,141,136,0.0004872665778121731,eligible_<1700
52568,353,351,0.001257577711853476,eligible_<1700
53804,353,348,0.001246829184401737,eligible_<1700
62220,2109,2107,0.007549049113604769,borderline_1700-2500
62222,3180,3097,0.011096063172678677,exclude_>2500
62853,1040,1038,0.0037189904983017325,eligible_<1700
63052,338,336,0.0012038350745947805,eligible_<1700
63167,787,785,0.002812531349871734,eligible_<1700
65244,50081,49628,0.1778093067916362,exclude_>2500
65282,2166,2142,0.007674448600541726,borderline_1700-2500
65516,289,287,0.0010282757928830417,eligible_<1700
65532,5385,5351,0.01917179013141866,exclude_>2500
65564,903,847,0.0030346675838743425,eligible_<1700
65611,2754,2673,0.009576937959499548,exclude_>2500
65907,2594,2592,0.009286727718302593,exclude_>2500
66116,278,278,0.0009960302105278243,eligible_<1700
66125,380,377,0.0013507316164352151,eligible_<1700
66126,418,415,0.0014868796308239104,eligible_<1700
66198,410,388,0.0013901428837582584,eligible_<1700
66213,159,148,0.0005302606876191296,eligible_<1700
72420,905,895,0.0032066440231021684,eligible_<1700
72535,152,151,0.0005410092150708686,eligible_<1700
72622,112,100,0.00035828424839130373,eligible_<1700
72766,472,471,0.0016875188099230406,eligible_<1700
72799,156,150,0.0005374263725869556,eligible_<1700
73070,1483,1479,0.005299024033707382,eligible_<1700
73312,233,233,0.0008348022987517377,eligible_<1700
73472,263,263,0.0009422875732691288,eligible_<1700
85394,346,346,0.001239663499433911,eligible_<1700
85424,162,115,0.00041202688564999926,eligible_<1700
86156,551,544,0.0019490663112486924,eligible_<1700
86270,144,144,0.0005159293176834773,eligible_<1700
86406,103,100,0.00035828424839130373,eligible_<1700
86415,216,215,0.000770311134041303,eligible_<1700
87200,219,219,0.0007846425039769551,eligible_<1700
88147,113,112,0.00040127835819826015,eligible_<1700
88513,579,578,0.0020708829557017356,eligible_<1700
88594,1135,1131,0.004052194849305645,eligible_<1700
88691,249,244,0.0008742135660747811,eligible_<1700
88922,728,715,0.0025617323759978216,eligible_<1700
88931,107,107,0.00038336414577869497,eligible_<1700
88960,185,183,0.0006556601745560858,eligible_<1700
89222,133,131,0.00046935236539260786,eligible_<1700
89668,456,455,0.0016301933301804319,eligible_<1700
89910,1928,1923,0.006889806096564771,borderline_1700-2500
92776,420,416,0.0014904624733078234,eligible_<1700
93138,140,139,0.0004980151052639122,eligible_<1700
93194,434,432,0.001547787953050432,eligible_<1700
93287,270,268,0.000960201785688694,eligible_<1700
93522,144,138,0.0004944322627799991,eligible_<1700
93538,1254,1236,0.004428393310116514,eligible_<1700
93594,244,242,0.000867047881106955,eligible_<1700
93688,653,637,0.0022822706622526046,eligible_<1700
93819,188,187,0.0006699915444917379,eligible_<1700
93879,139,137,0.0004908494202960861,eligible_<1700
94104,1792,1788,0.0064061223612365105,borderline_1700-2500
94116,111,111,0.00039769551571434714,eligible_<1700
94731,892,870,0.0031170729610043423,eligible_<1700
94902,555,550,0.0019705633661521705,eligible_<1700
101013,630,620,0.002221362340026083,eligible_<1700
101785,3622,3607,0.012923312839474326,exclude_>2500
101796,340,335,0.0012002522321108674,eligible_<1700
101988,145,143,0.0005123464751995643,eligible_<1700
102181,1180,1175,0.004209839918597818,eligible_<1700
102610,440,440,0.0015764506929217363,eligible_<1700
103886,5620,5606,0.020085414964816486,exclude_>2500
112138,3654,3633,0.013016466744056064,exclude_>2500
112192,382,376,0.001347148773951302,eligible_<1700
112844,192,192,0.0006879057569113031,eligible_<1700
113567,160,157,0.0005625062699743469,eligible_<1700
118950,116,115,0.00041202688564999926,eligible_<1700
118953,150,150,0.0005374263725869556,eligible_<1700
119432,5019,5019,0.017982286426759534,exclude_>2500
119472,134,133,0.00047651805036043397,eligible_<1700
119591,4079,4078,0.014610831649397365,exclude_>2500
119866,591,568,0.0020350545308626053,eligible_<1700
119881,255,247,0.0008849620935265202,eligible_<1700
123536,361,358,0.0012826576092408674,eligible_<1700
123576,955,953,0.0034144488871691247,eligible_<1700
123587,173,167,0.0005983346948134772,eligible_<1700
123991,190,185,0.0006628258595239119,eligible_<1700
124000,145,143,0.0005123464751995643,eligible_<1700
124047,558,557,0.0019956432635395618,eligible_<1700
127188,350,348,0.001246829184401737,eligible_<1700
127438,240,238,0.0008527165111713029,eligible_<1700
127839,188,186,0.000666408702007825,eligible_<1700
128174,740,734,0.002629806383192169,eligible_<1700
128185,287,283,0.0010139444229473895,eligible_<1700
128218,193,192,0.0006879057569113031,eligible_<1700
131060,148,148,0.0005302606876191296,eligible_<1700
131121,254,252,0.0009028763059460854,eligible_<1700
131287,4083,4081,0.014621580176849105,exclude_>2500
129904,1268,1263,0.004525130057182166,eligible_<1700
129939,105,104,0.00037261561832695585,eligible_<1700
129946,311,309,0.0011070983275291285,eligible_<1700
130134,208,206,0.0007380655516860857,eligible_<1700
130242,168,167,0.0005983346948134772,eligible_<1700
130393,154,154,0.0005517577425226077,eligible_<1700
130592,3172,3109,0.011139057282485633,exclude_>2500
130600,196,196,0.0007022371268469553,eligible_<1700
130624,107,101,0.0003618670908752168,eligible_<1700
130682,165,163,0.0005840033248778251,eligible_<1700
130729,334,330,0.0011823380196913022,eligible_<1700
130841,164,162,0.000580420482393912,eligible_<1700
130907,173,172,0.0006162489072330424,eligible_<1700
130911,850,846,0.0030310847413904294,eligible_<1700
137269,6370,6362,0.022794043882654744,exclude_>2500
137332,117,115,0.00041202688564999926,eligible_<1700
137480,247,244,0.0008742135660747811,eligible_<1700
137744,241,237,0.0008491336686873898,eligible_<1700
137811,473,472,0.0016911016524069535,eligible_<1700
138317,903,901,0.0032281410780056466,eligible_<1700
138431,1718,1710,0.006126660647491294,borderline_1700-2500
138614,247,244,0.0008742135660747811,eligible_<1700
138649,1399,1392,0.004987316737606948,eligible_<1700
138704,1083,1081,0.0038730527251099934,eligible_<1700
138966,146,145,0.0005195121601673904,eligible_<1700
138973,166,165,0.0005911690098456511,eligible_<1700
139030,10758,10734,0.038458231222322545,exclude_>2500
139147,349,349,0.00125041202688565,eligible_<1700
141736,2670,2667,0.00955544090459607,exclude_>2500
142039,1172,1170,0.004191925706178254,eligible_<1700
142079,3053,3049,0.01092408673345085,exclude_>2500
142084,514,512,0.0018344153517634752,eligible_<1700
142085,218,218,0.0007810596614930422,eligible_<1700
142267,957,955,0.0034216145721369506,eligible_<1700
142364,302,302,0.0010820184301417372,eligible_<1700
142379,5403,5399,0.019343766570646487,exclude_>2500
142402,954,927,0.0033212949825873854,eligible_<1700
142517,128,126,0.0004514381529730427,eligible_<1700
142555,659,653,0.002339596141995213,eligible_<1700
142556,304,299,0.0010712699026899982,eligible_<1700
142584,196,194,0.0006950714418791292,eligible_<1700
146104,101,101,0.0003618670908752168,eligible_<1700
146130,1965,1946,0.006972211473694771,borderline_1700-2500
146152,184,182,0.0006520773320721727,eligible_<1700
146275,318,316,0.0011321782249165198,eligible_<1700
146496,213,212,0.0007595626065895639,eligible_<1700
146559,460,459,0.001644524700116084,eligible_<1700
146579,476,475,0.0017018501798586926,eligible_<1700
147240,379,374,0.0013399830889834759,eligible_<1700
147303,3451,3444,0.0123393095145965,exclude_>2500
147474,253,252,0.0009028763059460854,eligible_<1700
147563,111,111,0.00039769551571434714,eligible_<1700
147624,390,388,0.0013901428837582584,eligible_<1700
147883,129,128,0.0004586038379408688,eligible_<1700
147884,116,115,0.00041202688564999926,eligible_<1700
147999,296,296,0.0010605213752382591,eligible_<1700
148036,313,310,0.0011106811700130415,eligible_<1700
148203,4187,4155,0.01488671052065867,exclude_>2500
148209,123,118,0.0004227754131017384,eligible_<1700
150658,10685,10655,0.03817518666609341,exclude_>2500
150783,1484,1472,0.005273944136319991,eligible_<1700
150925,199,199,0.0007129856542986944,eligible_<1700
151007,2633,2626,0.009408544362755636,exclude_>2500
151224,115,110,0.0003941126732304341,eligible_<1700
151251,226,226,0.0008097224013643464,eligible_<1700
151310,194,193,0.0006914885993952162,eligible_<1700
151347,5142,5134,0.018394313312409535,exclude_>2500
152761,109,109,0.0003905298307465211,eligible_<1700
152851,402,397,0.0014223884661134758,eligible_<1700
155119,775,768,0.0027516230276452124,eligible_<1700
155122,854,846,0.0030310847413904294,eligible_<1700
155173,1426,1426,0.005109133382059991,eligible_<1700
155250,178,174,0.0006234145922008685,eligible_<1700
155255,1265,1262,0.004521547214698253,eligible_<1700
157586,131,130,0.00046576952290869485,eligible_<1700
157673,145,145,0.0005195121601673904,eligible_<1700
157723,721,699,0.002504406896255213,eligible_<1700
157789,3428,3419,0.012249738452498674,exclude_>2500
157838,133,130,0.00046576952290869485,eligible_<1700
158100,469,465,0.0016660217550195622,eligible_<1700
158256,120,120,0.0004299410980695645,eligible_<1700
160010,4320,4281,0.015338148673631712,exclude_>2500
160012,229,228,0.0008168880863321725,eligible_<1700
160018,3263,3210,0.01150092437336085,exclude_>2500
160125,183,180,0.0006449116471043467,eligible_<1700
160409,631,629,0.0022536079223813006,eligible_<1700
160419,458,457,0.001637359015148258,eligible_<1700
160436,116,115,0.00041202688564999926,eligible_<1700
162886,51301,51301,0.18380340226722272,exclude_>2500
163047,177,177,0.0006341631196526076,eligible_<1700
163099,106,105,0.0003761984608108689,eligible_<1700
163175,241,237,0.0008491336686873898,eligible_<1700
163242,105,101,0.0003618670908752168,eligible_<1700
163399,123,120,0.0004299410980695645,eligible_<1700
163412,66796,66796,0.23931954655545523,exclude_>2500
165022,108,108,0.000386946988262608,eligible_<1700
165041,124,123,0.00044068962552130356,eligible_<1700
165283,239,233,0.0008348022987517377,eligible_<1700
165401,2615,2610,0.009351218883013027,exclude_>2500
165477,613,610,0.0021855339151869526,eligible_<1700
165551,111,109,0.0003905298307465211,eligible_<1700
165657,732,730,0.0026154750132565173,eligible_<1700
165877,541,540,0.0019347349413130401,eligible_<1700
165984,121,119,0.00042635825558565144,eligible_<1700
166081,424,417,0.0014940453157917366,eligible_<1700
166569,284,282,0.0010103615804634765,eligible_<1700
166658,172,172,0.0006162489072330424,eligible_<1700
166857,1703,1699,0.0060872493801682505,borderline_1700-2500
166858,102,102,0.0003654499333591298,eligible_<1700
166859,184,183,0.0006556601745560858,eligible_<1700
166988,319,318,0.001139343909884346,eligible_<1700
167270,2143,2142,0.007674448600541726,borderline_1700-2500
170216,46613,46613,0.16700703670263842,exclude_>2500
170223,327,325,0.001164423807271737,eligible_<1700
170300,414,413,0.0014797139458560843,eligible_<1700
170381,324,321,0.001150092437336085,eligible_<1700
170624,4796,4791,0.017165398340427362,exclude_>2500
170951,247,246,0.0008813792510426071,eligible_<1700
170969,389,386,0.0013829771987904323,eligible_<1700
171261,543,537,0.001923986413861301,eligible_<1700
174192,383,381,0.0013650629863708671,eligible_<1700
174260,260,258,0.0009243733608495636,eligible_<1700
174402,196,191,0.0006843229144273902,eligible_<1700
174584,194,192,0.0006879057569113031,eligible_<1700
174614,1115,1104,0.003955458102239993,eligible_<1700
174646,119,118,0.0004227754131017384,eligible_<1700
174660,6349,6339,0.022711638505524743,exclude_>2500
174893,321,318,0.001139343909884346,eligible_<1700
174975,220,219,0.0007846425039769551,eligible_<1700
174990,147,146,0.0005230950026513034,eligible_<1700
175090,103,102,0.0003654499333591298,eligible_<1700
175117,11781,11759,0.042130644768333406,exclude_>2500
173346,93303,93303,0.3342899522765381,exclude_>2500
173441,831,824,0.0029522622067443428,eligible_<1700
173442,2283,2282,0.00817604654828955,borderline_1700-2500
173460,431,426,0.001526290898146954,eligible_<1700
173759,207,204,0.0007308998667182596,eligible_<1700
173761,1843,1828,0.006549436060593032,borderline_1700-2500
173804,347,340,0.0012181664445304326,eligible_<1700
173805,603,588,0.002106711380540866,eligible_<1700
174065,166,165,0.0005911690098456511,eligible_<1700
176524,667,663,0.002375424566834344,eligible_<1700
176564,257,256,0.0009172076758817376,eligible_<1700
176678,107,105,0.0003761984608108689,eligible_<1700
176734,6224,6220,0.02228528024993909,exclude_>2500
176803,1140,1138,0.004077274746693036,eligible_<1700
176816,379,375,0.001343565931467389,eligible_<1700
176960,193,187,0.0006699915444917379,eligible_<1700
176980,270,268,0.000960201785688694,eligible_<1700
177099,111,110,0.0003941126732304341,eligible_<1700
177490,611,609,0.00218195107270304,eligible_<1700
177524,11453,11415,0.04089814695386732,exclude_>2500
177538,178,178,0.0006377459621365206,eligible_<1700
177659,825,824,0.0029522622067443428,eligible_<1700
177736,29407,29407,0.10536064892443069,exclude_>2500
181807,138,129,0.0004621866804247818,eligible_<1700
181819,1398,1390,0.004980151052639122,eligible_<1700
181867,334,334,0.0011966693896269544,eligible_<1700
181959,256,255,0.0009136248333978245,eligible_<1700
181960,1800,1794,0.006427619416139989,borderline_1700-2500
182049,105,104,0.00037261561832695585,eligible_<1700
182050,218,215,0.000770311134041303,eligible_<1700
182082,802,800,0.00286627398713043,eligible_<1700
182178,105,105,0.0003761984608108689,eligible_<1700
182218,800,795,0.0028483597747108644,eligible_<1700
182259,117,117,0.0004191925706178254,eligible_<1700
182487,207,203,0.0007273170242343465,eligible_<1700
182626,443,442,0.0015836163778895625,eligible_<1700
184704,406,405,0.00145105120598478,eligible_<1700
184730,196,194,0.0006950714418791292,eligible_<1700
184866,298,293,0.0010497728477865198,eligible_<1700
184917,239,233,0.0008348022987517377,eligible_<1700
185028,126,125,0.0004478553104891297,eligible_<1700
185343,19136,19136,0.06856127377215988,exclude_>2500
186567,513,512,0.0018344153517634752,eligible_<1700
186793,160,158,0.0005660891124582599,eligible_<1700
186974,147,120,0.0004299410980695645,eligible_<1700
186990,114,96,0.00034395287845565155,eligible_<1700
187104,960,959,0.003435945942072603,eligible_<1700
187590,155,154,0.0005517577425226077,eligible_<1700
187617,5396,5375,0.019257778351032574,exclude_>2500
187653,1609,1606,0.005754045029164338,eligible_<1700
187680,1933,1925,0.0068969717815325965,borderline_1700-2500
187687,592,590,0.002113877065508692,eligible_<1700
187785,164,163,0.0005840033248778251,eligible_<1700
188018,430,429,0.001537039425598693,eligible_<1700
188051,128,128,0.0004586038379408688,eligible_<1700
188325,170,152,0.0005445920575547817,eligible_<1700
191057,1146,1138,0.004077274746693036,eligible_<1700
191128,443,428,0.0015334565831147799,eligible_<1700
193739,2328,2327,0.008337274460065637,borderline_1700-2500
193831,186,184,0.0006592430170399989,eligible_<1700
193912,114,113,0.0004048612006821732,eligible_<1700
193949,3449,3433,0.012299898247273457,exclude_>2500
193953,549,546,0.0019562319962165182,eligible_<1700
194061,347,344,0.0012324978144660848,eligible_<1700
194081,216,208,0.0007452312366539117,eligible_<1700
194196,777,772,0.0027659543975808647,eligible_<1700
194229,131,130,0.00046576952290869485,eligible_<1700
194232,2267,2244,0.008039898533900856,borderline_1700-2500
194607,11939,11921,0.04271106525072732,exclude_>2500
194626,6115,6089,0.021815927884546484,exclude_>2500
201825,6617,6608,0.02367542313369735,exclude_>2500
201846,672,669,0.002396921621737822,eligible_<1700
201921,7598,7560,0.02708628917838256,exclude_>2500
202296,255,246,0.0008813792510426071,eligible_<1700
202426,5238,5234,0.018752597560800836,exclude_>2500
202583,3100,3093,0.011081731802743024,exclude_>2500
202721,412,363,0.0013005718216604326,eligible_<1700
202819,477,476,0.0017054330223426058,eligible_<1700
203191,190,189,0.000677157229459564,eligible_<1700
203270,379,370,0.0013256517190478238,eligible_<1700
203427,6166,6155,0.022052395488484745,exclude_>2500
199780,619,614,0.002199865285122605,eligible_<1700
205059,34990,34990,0.12536365851211717,exclude_>2500
205072,168,163,0.0005840033248778251,eligible_<1700
205078,289,288,0.0010318586353669547,eligible_<1700
205127,1200,1200,0.0042994109806956445,eligible_<1700
205158,3674,3666,0.013134700546025195,exclude_>2500
205164,179,147,0.0005266778451352165,eligible_<1700
205185,527,526,0.0018845751465382575,eligible_<1700
205226,309,301,0.0010784355876578243,eligible_<1700
205346,143,143,0.0005123464751995643,eligible_<1700
205477,811,804,0.002880605357066082,eligible_<1700
205544,126,126,0.0004514381529730427,eligible_<1700
205597,5002,5000,0.017914212419565187,exclude_>2500
215437,526,525,0.0018809923040543446,eligible_<1700
215471,1709,1709,0.00612307780500738,borderline_1700-2500
215521,225,220,0.0007882253464608682,eligible_<1700
215616,483,481,0.001723347234762171,eligible_<1700
216132,20731,20731,0.07427590753400118,exclude_>2500
216282,107,106,0.00037978130329478196,eligible_<1700
216301,116,116,0.0004156097281339123,eligible_<1700
216403,1003,994,0.003561345429009559,eligible_<1700
216632,1811,1809,0.006481362053398684,borderline_1700-2500
216694,177,177,0.0006341631196526076,eligible_<1700
216864,484,484,0.00173409576221391,eligible_<1700
217176,213,212,0.0007595626065895639,eligible_<1700
217230,111,107,0.00038336414577869497,eligible_<1700
217335,322,321,0.001150092437336085,eligible_<1700
215311,14170,14143,0.05067214124998209,exclude_>2500
221643,282,281,0.0010067787379795634,eligible_<1700
221848,183,166,0.0005947518523295642,eligible_<1700
222407,954,954,0.0034180317296530374,eligible_<1700
222462,272,262,0.0009387047307852157,eligible_<1700
222542,2523,2520,0.009028763059460853,exclude_>2500
222853,256,253,0.0009064591484299984,eligible_<1700
222887,965,955,0.0034216145721369506,eligible_<1700
223151,239,237,0.0008491336686873898,eligible_<1700
223278,1321,1319,0.004725769236281296,eligible_<1700
223312,253,251,0.0008992934634621723,eligible_<1700
223322,107,107,0.00038336414577869497,eligible_<1700
223327,179,178,0.0006377459621365206,eligible_<1700
223360,253,250,0.0008957106209782593,eligible_<1700
223481,195,189,0.000677157229459564,eligible_<1700
223602,516,515,0.0018451638792152142,eligible_<1700
228740,120,119,0.00042635825558565144,eligible_<1700
228943,322,322,0.001153675279819998,eligible_<1700
228944,120,119,0.00042635825558565144,eligible_<1700
229006,471,469,0.0016803531249552145,eligible_<1700
229240,437,435,0.0015585364805021712,eligible_<1700
229244,128,127,0.00045502099545695573,eligible_<1700
229319,138,131,0.00046935236539260786,eligible_<1700
229370,644,641,0.002296602032188257,eligible_<1700
229414,1253,1252,0.004485718789859122,eligible_<1700
229453,361,359,0.0012862404517247803,eligible_<1700
229537,103,101,0.0003618670908752168,eligible_<1700
229632,647,638,0.002285853504736518,eligible_<1700
230050,339,336,0.0012038350745947805,eligible_<1700
230059,1004,1002,0.0035900081688808633,eligible_<1700
230085,2454,2452,0.008785129770554767,borderline_1700-2500
230191,1512,1500,0.005374263725869556,eligible_<1700
230251,2407,2398,0.008591656276423464,borderline_1700-2500
230273,290,289,0.0010354414778508678,eligible_<1700
232974,254,250,0.0008957106209782593,eligible_<1700
232981,144,142,0.0005087636327156513,eligible_<1700
233020,6078,6046,0.021661865657738224,exclude_>2500
233262,2997,2985,0.010694784814480416,exclude_>2500
233312,7401,7356,0.026355389311664302,exclude_>2500
233354,239,237,0.0008491336686873898,eligible_<1700
233398,9399,9387,0.033632142396491684,exclude_>2500
233783,117,117,0.0004191925706178254,eligible_<1700
233932,223,222,0.0007953910314286943,eligible_<1700
233955,1715,1713,0.006137409174943033,borderline_1700-2500
233956,484,482,0.0017269300772460839,eligible_<1700
233958,371,357,0.0012790747667569542,eligible_<1700
233973,790,790,0.0028304455622912995,eligible_<1700
234167,103,103,0.00036903277584304285,eligible_<1700
234260,1788,1787,0.006402539518752598,borderline_1700-2500
234373,204,202,0.0007237341817504336,eligible_<1700
234396,2368,2358,0.008448342577066942,borderline_1700-2500
234438,190,189,0.000677157229459564,eligible_<1700
234439,319,317,0.0011357610674004328,eligible_<1700
234451,132,132,0.0004729352078765209,eligible_<1700
234452,256,256,0.0009172076758817376,eligible_<1700
234469,899,894,0.0032030611806182553,eligible_<1700
234487,9151,9147,0.03277226020035255,exclude_>2500
234621,1418,1417,0.005076887799704774,eligible_<1700
234669,3191,3183,0.011404187626295198,exclude_>2500
234691,1035,1030,0.0036903277584304285,eligible_<1700
234700,160,159,0.000569671954942173,eligible_<1700
234711,588,587,0.002103128538056953,eligible_<1700
234920,111,111,0.00039769551571434714,eligible_<1700
234946,142,141,0.0005051807902317383,eligible_<1700
235113,189,188,0.000673574386975651,eligible_<1700
235342,251,237,0.0008491336686873898,eligible_<1700
235365,696,680,0.002436332889060865,eligible_<1700
235465,741,740,0.0026513034380956477,eligible_<1700
235512,783,781,0.0027981999799360823,eligible_<1700
235555,1194,1188,0.004256416870888688,eligible_<1700
235591,832,828,0.002966593576679995,eligible_<1700
235817,1647,1645,0.0058937758860369465,eligible_<1700
235841,116,111,0.00039769551571434714,eligible_<1700
235927,138,138,0.0004944322627799991,eligible_<1700
235944,480,478,0.0017125987073104319,eligible_<1700
235982,310,305,0.0010927669575934763,eligible_<1700
236248,1431,1424,0.005101967697092165,eligible_<1700
236304,497,496,0.0017770898720208665,eligible_<1700
236360,599,595,0.0021317912779282573,eligible_<1700
242616,135,135,0.00048368373532826003,eligible_<1700
242684,3043,3042,0.010899006836063459,exclude_>2500
242740,561,553,0.0019813118936039095,eligible_<1700
242742,277,272,0.0009745331556243462,eligible_<1700
242753,136,134,0.000480100892844347,eligible_<1700
242879,130,129,0.0004621866804247818,eligible_<1700
243599,114,114,0.00040844404316608626,eligible_<1700
243752,148,148,0.0005302606876191296,eligible_<1700
243780,119,117,0.0004191925706178254,eligible_<1700
243964,234,234,0.0008383851412356508,eligible_<1700
243971,163,158,0.0005660891124582599,eligible_<1700
245643,4801,4797,0.017186895395330838,exclude_>2500
245659,1046,1043,0.003736904710721298,eligible_<1700
245931,1492,1489,0.0053348524585465126,eligible_<1700
245950,202,201,0.0007201513392665205,eligible_<1700
246150,1102,1100,0.003941126732304341,eligible_<1700
246201,1036,1030,0.0036903277584304285,eligible_<1700
246203,118,116,0.0004156097281339123,eligible_<1700
246315,142,142,0.0005087636327156513,eligible_<1700
246366,274,271,0.0009709503131404331,eligible_<1700
246588,135,118,0.0004227754131017384,eligible_<1700
246693,191,190,0.0006807400719434771,eligible_<1700
246700,178,177,0.0006341631196526076,eligible_<1700
246754,110,110,0.0003941126732304341,eligible_<1700
246757,127,125,0.0004478553104891297,eligible_<1700
246761,3407,3389,0.012142253177981283,exclude_>2500
246855,780,769,0.0027552058701291256,eligible_<1700
252877,1246,1238,0.0044355589950843405,eligible_<1700
252883,144,142,0.0005087636327156513,eligible_<1700
252997,686,686,0.0024578299439643437,eligible_<1700
253214,2754,2744,0.009831319775857375,exclude_>2500
253284,7060,7036,0.02520887971681213,exclude_>2500
255674,3163,3162,0.011328947934133023,exclude_>2500
255675,1893,1877,0.006724995342304771,borderline_1700-2500
255680,118,118,0.0004227754131017384,eligible_<1700
255708,1305,1297,0.004646946701635209,eligible_<1700
255805,832,830,0.002973759261647821,eligible_<1700
256067,938,937,0.0033571234074265158,eligible_<1700
256085,214,213,0.000763145449073477,eligible_<1700
256214,159,157,0.0005625062699743469,eligible_<1700
256226,13737,13725,0.04917451309170644,exclude_>2500
256297,316,313,0.0011214296974647806,eligible_<1700
256317,310,307,0.0010999326425613024,eligible_<1700
256375,157,153,0.0005481749000386947,eligible_<1700
256382,20127,19965,0.07153145019132379,exclude_>2500
256536,237,232,0.0008312194562678246,eligible_<1700
256538,295,291,0.001042607162818694,eligible_<1700
256569,289,289,0.0010354414778508678,eligible_<1700
256589,4160,4143,0.014843716410851714,exclude_>2500
256606,2566,2555,0.00915416254639781,exclude_>2500
262042,325,325,0.001164423807271737,eligible_<1700
262201,608,602,0.0021568711753156486,eligible_<1700
262208,2024,2010,0.007201513392665205,borderline_1700-2500
262310,130,129,0.0004621866804247818,eligible_<1700
262341,930,924,0.0033105464551356463,eligible_<1700
262477,2768,2768,0.009917307995471287,exclude_>2500
262520,201,199,0.0007129856542986944,eligible_<1700
262540,1252,1250,0.004478553104891297,eligible_<1700
264278,165,165,0.0005911690098456511,eligible_<1700
264452,439,437,0.0015657021654699973,eligible_<1700
264660,147,145,0.0005195121601673904,eligible_<1700
265017,1036,1032,0.0036974934433982544,eligible_<1700
265188,8591,8588,0.030769451251845163,exclude_>2500
265204,537,525,0.0018809923040543446,eligible_<1700
265285,746,743,0.0026620519655473867,eligible_<1700
265402,4537,4526,0.016215945082190406,exclude_>2500
265430,381,379,0.001357897301403041,eligible_<1700
265489,314,284,0.0010175272654313026,eligible_<1700
265569,214,211,0.0007559797641056509,eligible_<1700
265635,433,431,0.0015442051105665191,eligible_<1700
265684,478,477,0.0017090158648265187,eligible_<1700
265736,20040,20017,0.07171775800048727,exclude_>2500
265752,221,220,0.0007882253464608682,eligible_<1700
265754,134,134,0.000480100892844347,eligible_<1700
266141,199,198,0.0007094028118147813,eligible_<1700
266188,327,326,0.0011680066497556502,eligible_<1700
269385,15751,15698,0.05624346131246686,exclude_>2500
276894,5058,5034,0.01803602906401823,exclude_>2500
276997,537,531,0.0019024893589578227,eligible_<1700
277030,324,320,0.0011465095948521718,eligible_<1700
277597,1727,1726,0.006183986127233902,borderline_1700-2500
277662,394,391,0.0014008914112099975,eligible_<1700
277672,257,251,0.0008992934634621723,eligible_<1700
278042,109,100,0.00035828424839130373,eligible_<1700
278292,1489,1489,0.0053348524585465126,eligible_<1700
278373,123,122,0.00043710678303739056,eligible_<1700
278413,341,341,0.0012217492870143457,eligible_<1700
278685,316,314,0.0011250125399486937,eligible_<1700
278751,1045,1041,0.003729739025753472,eligible_<1700
278783,570,567,0.002031471688378692,eligible_<1700
278971,215,213,0.000763145449073477,eligible_<1700
279307,472,463,0.0016588560700517363,eligible_<1700
279727,249,245,0.0008777964085586942,eligible_<1700
279886,101,100,0.00035828424839130373,eligible_<1700
279911,246,244,0.0008742135660747811,eligible_<1700
280041,533,533,0.0019096550439256488,eligible_<1700
280136,2593,2581,0.009247316450979549,exclude_>2500
280281,154,151,0.0005410092150708686,eligible_<1700
280430,128,128,0.0004586038379408688,eligible_<1700
280726,472,471,0.0016875188099230406,eligible_<1700
280812,298,297,0.001064104217722172,eligible_<1700
280986,500,496,0.0017770898720208665,eligible_<1700
283393,7019,7017,0.025140805709617783,exclude_>2500
281515,546,538,0.001927569256345214,eligible_<1700
281619,1219,1217,0.004360319302922166,eligible_<1700
281657,155,150,0.0005374263725869556,eligible_<1700
281658,1084,1080,0.0038694698826260802,eligible_<1700
281664,173,173,0.0006198317497169555,eligible_<1700
281676,118,118,0.0004227754131017384,eligible_<1700
281960,2369,2364,0.00846983963197042,borderline_1700-2500
281982,214,214,0.0007667282915573899,eligible_<1700
282008,443,439,0.0015728678504378234,eligible_<1700
282033,125,117,0.0004191925706178254,eligible_<1700
282171,3650,3614,0.012948392736861717,exclude_>2500
282237,272,270,0.0009673674706565201,eligible_<1700
282297,145,144,0.0005159293176834773,eligible_<1700
282341,102,101,0.0003618670908752168,eligible_<1700
282524,17094,17094,0.06124510942000946,exclude_>2500
282530,114,114,0.00040844404316608626,eligible_<1700
282853,1531,1526,0.005467417630451295,eligible_<1700
282918,326,324,0.001160840964787824,eligible_<1700
283211,1091,1083,0.0038802184100778193,eligible_<1700
295565,647,638,0.002285853504736518,eligible_<1700
295571,288,284,0.0010175272654313026,eligible_<1700
295577,1490,1458,0.005223784341545208,eligible_<1700
295609,260,258,0.0009243733608495636,eligible_<1700
295681,744,742,0.0026584691230634736,eligible_<1700
295694,106,105,0.0003761984608108689,eligible_<1700
295895,6236,6229,0.022317525832294308,exclude_>2500
301011,229,229,0.0008204709288160856,eligible_<1700
301032,167,164,0.0005875861673617382,eligible_<1700
301085,247,243,0.0008706307235908681,eligible_<1700
301441,313,310,0.0011106811700130415,eligible_<1700
301607,627,624,0.002235693709961735,eligible_<1700
301616,162,138,0.0004944322627799991,eligible_<1700
301662,114,112,0.00040127835819826015,eligible_<1700
301716,2175,2173,0.00778551671754303,borderline_1700-2500
301728,115,111,0.00039769551571434714,eligible_<1700
301767,4734,4710,0.016875188099230404,exclude_>2500
302098,1809,1799,0.006445533628559554,borderline_1700-2500
302212,226,226,0.0008097224013643464,eligible_<1700
302310,130,130,0.00046576952290869485,eligible_<1700
302461,592,589,0.0021102942230247787,eligible_<1700
302469,574,572,0.002049385900798257,eligible_<1700
302524,3200,3194,0.011443598893618241,exclude_>2500
302755,220,220,0.0007882253464608682,eligible_<1700
302876,242,241,0.0008634650386230419,eligible_<1700
303006,612,607,0.0021747853877352136,eligible_<1700
303057,6699,6684,0.02394771916247474,exclude_>2500
303418,305,302,0.0010820184301417372,eligible_<1700
303553,2872,2859,0.010243346661507374,exclude_>2500
303648,555,544,0.0019490663112486924,eligible_<1700
303650,525,520,0.0018630780916347794,eligible_<1700
303954,1182,1176,0.004213422761081732,eligible_<1700
304051,5414,5399,0.019343766570646487,exclude_>2500
312968,111,110,0.0003941126732304341,eligible_<1700
313000,324,321,0.001150092437336085,eligible_<1700
313065,965,955,0.0034216145721369506,eligible_<1700
313093,440,440,0.0015764506929217363,eligible_<1700
313262,2034,2027,0.007262421714891726,borderline_1700-2500
313292,154,152,0.0005445920575547817,eligible_<1700
313467,196,192,0.0006879057569113031,eligible_<1700
313473,977,976,0.0034968542642991244,eligible_<1700
313531,1425,1425,0.005105550539576078,eligible_<1700
313718,842,839,0.003006004844003038,eligible_<1700
313723,212,211,0.0007559797641056509,eligible_<1700
313834,199,196,0.0007022371268469553,eligible_<1700
313841,385,384,0.0013758115138226062,eligible_<1700
313889,1425,1418,0.005080470642188687,eligible_<1700
314040,8078,8074,0.028927870215113862,exclude_>2500
314395,280,277,0.0009924473680439114,eligible_<1700
314397,210,207,0.0007416483941699987,eligible_<1700
319966,7452,7438,0.02664918239534517,exclude_>2500
319999,202,202,0.0007237341817504336,eligible_<1700
320855,184,181,0.0006484944895882597,eligible_<1700
321047,110,108,0.000386946988262608,eligible_<1700
321277,1793,1790,0.006413288046204337,borderline_1700-2500
321305,284,279,0.0009996130530117375,eligible_<1700
321537,163,149,0.0005338435301030425,eligible_<1700
322476,240,230,0.0008240537712999985,eligible_<1700
322562,873,865,0.0030991587485847774,eligible_<1700
322588,1753,1750,0.006269974346847815,borderline_1700-2500
322623,416,415,0.0014868796308239104,eligible_<1700
322709,1275,1256,0.004500050159794775,eligible_<1700
322985,137,134,0.000480100892844347,eligible_<1700
323046,109,83,0.0002973759261647821,eligible_<1700
323255,1106,1093,0.00391604683491695,eligible_<1700
331952,135,135,0.00048368373532826003,eligible_<1700
331953,132,132,0.0004729352078765209,eligible_<1700
332070,188,177,0.0006341631196526076,eligible_<1700
332075,475,463,0.0016588560700517363,eligible_<1700
332233,215,214,0.0007667282915573899,eligible_<1700
332317,209,207,0.0007416483941699987,eligible_<1700
332321,2486,2453,0.008788712613038681,borderline_1700-2500
332386,3914,3902,0.01398025137222867,exclude_>2500
332402,127,112,0.00040127835819826015,eligible_<1700
332686,4029,4018,0.014395861100362584,exclude_>2500
332804,106,106,0.00037978130329478196,eligible_<1700
332885,886,881,0.003156484228327386,eligible_<1700
332943,146,146,0.0005230950026513034,eligible_<1700
333255,3787,3776,0.013528813219255628,exclude_>2500
339214,1768,1762,0.006312968456654772,borderline_1700-2500
339222,130,130,0.00046576952290869485,eligible_<1700
339289,601,593,0.002124625592960431,eligible_<1700
339349,146,146,0.0005230950026513034,eligible_<1700
339484,1942,1940,0.006950714418791293,borderline_1700-2500
339591,140,139,0.0004980151052639122,eligible_<1700
339614,1016,1014,0.00363300227868782,eligible_<1700
339743,124,123,0.00044068962552130356,eligible_<1700
339753,187,186,0.000666408702007825,eligible_<1700
339924,429,426,0.001526290898146954,eligible_<1700
339958,2393,2389,0.008559410694068246,borderline_1700-2500
340237,818,813,0.0029128509394212992,eligible_<1700
340364,1891,1882,0.006742909554724336,borderline_1700-2500
340420,404,396,0.0014188056236295627,eligible_<1700
340541,604,603,0.0021604540177995613,eligible_<1700
340646,100,98,0.00035111856342347767,eligible_<1700
340672,118,117,0.0004191925706178254,eligible_<1700
340677,2925,2922,0.010469065737993895,exclude_>2500
340773,134,132,0.0004729352078765209,eligible_<1700
340865,1003,996,0.003568511113977385,eligible_<1700
340928,126,106,0.00037978130329478196,eligible_<1700
341009,210,210,0.0007523969216217378,eligible_<1700
341048,876,873,0.0031278214884560814,eligible_<1700
341165,1112,1110,0.003976955157143472,eligible_<1700
341233,534,531,0.0019024893589578227,eligible_<1700
341284,263,259,0.0009279562033334766,eligible_<1700
341286,392,392,0.0014044742536939107,eligible_<1700
341426,186,184,0.0006592430170399989,eligible_<1700
341489,195,193,0.0006914885993952162,eligible_<1700
350184,16420,16420,0.05883027358585207,exclude_>2500
350185,1197,1196,0.004285079610759993,eligible_<1700
350316,5319,5318,0.019053556329449533,exclude_>2500
350610,110,108,0.000386946988262608,eligible_<1700
350637,387,383,0.0013722286713386933,eligible_<1700
350689,1034,1034,0.0037046591283660807,eligible_<1700
350992,164,160,0.0005732547974260859,eligible_<1700
351538,1673,1671,0.005986929790618685,eligible_<1700
351600,131,130,0.00046576952290869485,eligible_<1700
351765,140,139,0.0004980151052639122,eligible_<1700
351817,1950,1929,0.006911303151468249,borderline_1700-2500
351913,5556,5553,0.019895524313169096,exclude_>2500
351972,153,152,0.0005445920575547817,eligible_<1700
352003,102,101,0.0003618670908752168,eligible_<1700
352138,656,652,0.0023360132995113004,eligible_<1700
352201,265,265,0.0009494532582369549,eligible_<1700
352238,766,764,0.0027372916577095606,eligible_<1700
352293,121,121,0.0004335239405534775,eligible_<1700
352375,220,220,0.0007882253464608682,eligible_<1700
352418,1593,1590,0.005696719549421729,eligible_<1700
352454,1779,1778,0.006370293936397381,borderline_1700-2500
352483,271,249,0.0008921277784943463,eligible_<1700
352485,306,305,0.0010927669575934763,eligible_<1700
352591,309,306,0.0010963498000773895,eligible_<1700
352606,568,566,0.002027888845894779,eligible_<1700
352764,1160,1131,0.004052194849305645,eligible_<1700
352923,118,114,0.00040844404316608626,eligible_<1700
352981,151,150,0.0005374263725869556,eligible_<1700
353288,5199,5188,0.018587786806540836,exclude_>2500
353289,117,117,0.0004191925706178254,eligible_<1700
353311,291,290,0.0010390243203347808,eligible_<1700
353411,521,515,0.0018451638792152142,eligible_<1700
353470,2918,2911,0.010429654470670851,exclude_>2500
353765,154,154,0.0005517577425226077,eligible_<1700
353815,963,962,0.003446694469524342,eligible_<1700
354031,177,176,0.0006305802771686945,eligible_<1700
354132,845,841,0.0030131705289708644,eligible_<1700
354328,172,172,0.0006162489072330424,eligible_<1700
354672,311,310,0.0011106811700130415,eligible_<1700
354866,295,290,0.0010390243203347808,eligible_<1700
354934,2710,2699,0.009670091864081288,exclude_>2500
365742,661,661,0.0023682588818665176,eligible_<1700
365752,117,117,0.0004191925706178254,eligible_<1700
365770,147,147,0.0005266778451352165,eligible_<1700
366129,750,750,0.002687131862934778,eligible_<1700
366162,1659,1659,0.005943935680811729,eligible_<1700
366278,477,475,0.0017018501798586926,eligible_<1700
366322,389,388,0.0013901428837582584,eligible_<1700
366327,374,374,0.0013399830889834759,eligible_<1700
366456,2519,2513,0.009003683162073462,exclude_>2500
366495,852,838,0.0030024220015191254,eligible_<1700
366753,197,194,0.0006950714418791292,eligible_<1700
410103,191,189,0.000677157229459564,eligible_<1700
410209,452,450,0.0016122791177608667,eligible_<1700
410655,613,611,0.0021891167576708658,eligible_<1700
411617,194,194,0.0006950714418791292,eligible_<1700
411865,105,104,0.00037261561832695585,eligible_<1700
413260,855,854,0.003059747481261734,eligible_<1700
413364,279,279,0.0009996130530117375,eligible_<1700
413403,143,140,0.0005015979477478252,eligible_<1700
414685,418,418,0.0014976281582756495,eligible_<1700
415054,202,202,0.0007237341817504336,eligible_<1700
415092,208,208,0.0007452312366539117,eligible_<1700
415780,759,759,0.0027193774452899952,eligible_<1700
415792,199,199,0.0007129856542986944,eligible_<1700
415910,130,130,0.00046576952290869485,eligible_<1700
393488,201,200,0.0007165684967826075,eligible_<1700
393973,798,798,0.002859108302162604,eligible_<1700
393975,129,129,0.0004621866804247818,eligible_<1700
394306,188,187,0.0006699915444917379,eligible_<1700
394451,111,109,0.0003905298307465211,eligible_<1700
394507,119,119,0.00042635825558565144,eligible_<1700
395181,149,148,0.0005302606876191296,eligible_<1700
395375,1978,1971,0.007061782535792596,borderline_1700-2500
395623,1040,1037,0.0037154076558178198,eligible_<1700
395907,234,232,0.0008312194562678246,eligible_<1700
396542,551,550,0.0019705633661521705,eligible_<1700
396543,341,340,0.0012181664445304326,eligible_<1700
396587,236,236,0.0008455508262034768,eligible_<1700
396995,103,102,0.0003654499333591298,eligible_<1700
397227,117,117,0.0004191925706178254,eligible_<1700
14,1722,1711,0.006130243489975207,borderline_1700-2500
20,739,730,0.0026154750132565173,eligible_<1700
22,2043,1952,0.006993708528598249,borderline_1700-2500
26,2153,2111,0.007563380483540422,borderline_1700-2500
28,5017,4917,0.017616836493400404,exclude_>2500
78,190,174,0.0006234145922008685,eligible_<1700
79,123,111,0.00039769551571434714,eligible_<1700
85,737,690,0.002472161313899996,eligible_<1700
87,417,397,0.0014223884661134758,eligible_<1700
88,9708,9682,0.034689080929246024,exclude_>2500
91,5048,4843,0.017351706149590838,exclude_>2500
96,582,547,0.0019598148387004314,eligible_<1700
101,1132,1118,0.004005617897014775,eligible_<1700
103,3870,3798,0.013607635753901715,exclude_>2500
113,353,353,0.0012647433968213022,eligible_<1700
217,3296,3281,0.011755306189718675,exclude_>2500
292,165,165,0.0005911690098456511,eligible_<1700
300,1350,1340,0.0048010089284434695,eligible_<1700
301,377,376,0.001347148773951302,eligible_<1700
323,191,190,0.0006807400719434771,eligible_<1700
332,208,208,0.0007452312366539117,eligible_<1700
335,370,355,0.0012719090817891283,eligible_<1700
336,223,208,0.0007452312366539117,eligible_<1700
343,242,240,0.000859882196139129,eligible_<1700
349,290,287,0.0010282757928830417,eligible_<1700
353,555,552,0.0019777290511199964,eligible_<1700
354,3781,3771,0.013510899006836063,exclude_>2500
364,893,891,0.003192312653166516,eligible_<1700
381,106,106,0.00037978130329478196,eligible_<1700
387,348,346,0.001239663499433911,eligible_<1700
393,420,407,0.0014582168909526062,eligible_<1700
400,148,147,0.0005266778451352165,eligible_<1700
401,164,162,0.000580420482393912,eligible_<1700
413,145,144,0.0005159293176834773,eligible_<1700
533,1593,1576,0.005646559754646946,eligible_<1700
540,252,250,0.0008957106209782593,eligible_<1700
699,13013,12629,0.04524771772933775,exclude_>2500
700,2331,2242,0.008032732848933029,borderline_1700-2500
708,101,83,0.0002973759261647821,eligible_<1700
715,3276,3209,0.011497341530876937,exclude_>2500
718,594,588,0.002106711380540866,eligible_<1700
731,101,95,0.00034037003597173855,eligible_<1700
747,221,183,0.0006556601745560858,eligible_<1700
751,319,313,0.0011214296974647806,eligible_<1700
753,276,197,0.0007058199693308683,eligible_<1700
754,188,181,0.0006484944895882597,eligible_<1700
760,17480,17415,0.062395201857345546,exclude_>2500
765,401,398,0.0014259713085973888,eligible_<1700
770,6748,6684,0.02394771916247474,exclude_>2500
771,149,148,0.0005302606876191296,eligible_<1700
782,843,816,0.0029235994668730383,eligible_<1700
786,153,147,0.0005266778451352165,eligible_<1700
788,815,799,0.0028626911446465167,eligible_<1700
796,218,206,0.0007380655516860857,eligible_<1700
820,234,226,0.0008097224013643464,eligible_<1700
1270,2327,2291,0.008208292130644768,borderline_1700-2500
1278,209,209,0.0007488140791378248,eligible_<1700
1289,440,422,0.0015119595282113017,eligible_<1700
1291,143,136,0.0004872665778121731,eligible_<1700
1293,8359,8155,0.02921808045631082,exclude_>2500
1295,3042,2952,0.010576551012511285,exclude_>2500
1299,1040,1008,0.0036115052237843414,eligible_<1700
1300,305,303,0.0010856012726256502,eligible_<1700
1305,158,156,0.0005589234274904338,eligible_<1700
1306,144,143,0.0005123464751995643,eligible_<1700
1309,669,667,0.0023897559367699957,eligible_<1700
1313,158,153,0.0005481749000386947,eligible_<1700
1315,1338,1328,0.004758014818636513,eligible_<1700
1319,342,339,0.0012145836020465196,eligible_<1700
1322,120,119,0.00042635825558565144,eligible_<1700
1323,725,662,0.0023718417243504307,eligible_<1700
1325,142,141,0.0005051807902317383,eligible_<1700
1326,287,281,0.0010067787379795634,eligible_<1700
1330,409,406,0.001454634048468693,eligible_<1700
1339,4150,4020,0.01440302678533041,exclude_>2500
1358,167,160,0.0005732547974260859,eligible_<1700
1377,115,114,0.00040844404316608626,eligible_<1700
1382,5701,5681,0.020354128151109964,exclude_>2500
1390,123,123,0.00044068962552130356,eligible_<1700
1407,274,268,0.000960201785688694,eligible_<1700
1419,2133,2090,0.0074881407913782476,borderline_1700-2500
1422,218,214,0.0007667282915573899,eligible_<1700
1437,131,126,0.0004514381529730427,eligible_<1700
1444,499,433,0.001551370795534345,eligible_<1700
1446,199,191,0.0006843229144273902,eligible_<1700
1459,1326,1308,0.0046863579689582525,eligible_<1700
1460,207,200,0.0007165684967826075,eligible_<1700
2455,564,556,0.0019920604210556486,eligible_<1700
2472,965,929,0.0033284606675552117,eligible_<1700
2482,144,139,0.0004980151052639122,eligible_<1700
2496,113,111,0.00039769551571434714,eligible_<1700
2499,124,121,0.0004335239405534775,eligible_<1700
2517,184,174,0.0006234145922008685,eligible_<1700
2518,152,147,0.0005266778451352165,eligible_<1700
2542,794,791,0.0028340284047752126,eligible_<1700
2546,304,298,0.001067687060206085,eligible_<1700
2566,127,126,0.0004514381529730427,eligible_<1700
2567,285,284,0.0010175272654313026,eligible_<1700
2574,155,148,0.0005302606876191296,eligible_<1700
2582,2504,2448,0.008770798400619116,exclude_>2500
2593,6541,6426,0.023023345801625177,exclude_>2500
2598,453,420,0.0015047938432434756,eligible_<1700
3063,139,132,0.0004729352078765209,eligible_<1700
3064,107,104,0.00037261561832695585,eligible_<1700
3072,1835,1770,0.006341631196526076,borderline_1700-2500
3992,223,188,0.000673574386975651,eligible_<1700
3998,161,159,0.000569671954942173,eligible_<1700
4009,219,163,0.0005840033248778251,eligible_<1700
4023,247,237,0.0008491336686873898,eligible_<1700
4036,106,82,0.0002937930836808691,eligible_<1700
4049,101,75,0.0002687131862934778,eligible_<1700
4050,606,459,0.001644524700116084,eligible_<1700
4086,256,209,0.0007488140791378248,eligible_<1700
4090,589,459,0.001644524700116084,eligible_<1700
4099,3021,3013,0.010795104404029981,exclude_>2500
4107,121,118,0.0004227754131017384,eligible_<1700
4110,122,118,0.0004227754131017384,eligible_<1700
4119,116,106,0.00037978130329478196,eligible_<1700
4122,608,585,0.002095962853089127,eligible_<1700
4173,640,474,0.0016982673373747796,eligible_<1700
4174,3307,3293,0.011798300299525631,exclude_>2500
4196,119,114,0.00040844404316608626,eligible_<1700
4200,174,136,0.0004872665778121731,eligible_<1700
4204,387,314,0.0011250125399486937,eligible_<1700
4209,2583,2552,0.009143414018946071,exclude_>2500
4210,322,263,0.0009422875732691288,eligible_<1700
4212,392,326,0.0011680066497556502,eligible_<1700
4214,333,274,0.0009816988405921723,eligible_<1700
4221,285,275,0.0009852816830760852,eligible_<1700
4226,188,158,0.0005660891124582599,eligible_<1700
4229,606,595,0.0021317912779282573,eligible_<1700
4236,192,143,0.0005123464751995643,eligible_<1700
4252,116,86,0.0003081244536165212,eligible_<1700
4257,155,150,0.0005374263725869556,eligible_<1700
4268,161,153,0.0005481749000386947,eligible_<1700
4278,191,148,0.0005302606876191296,eligible_<1700
4286,595,584,0.0020923800106052138,eligible_<1700
4288,143,118,0.0004227754131017384,eligible_<1700
4291,105,90,0.00032245582355217337,eligible_<1700
4317,159,128,0.0004586038379408688,eligible_<1700
4355,771,753,0.002697880390386517,eligible_<1700
4362,125,97,0.0003475357209395646,eligible_<1700
4394,2363,2351,0.008423262679679551,borderline_1700-2500
5718,344,329,0.0011787551772073893,eligible_<1700
5733,102,102,0.0003654499333591298,eligible_<1700
5750,400,389,0.0013937257262421714,eligible_<1700
5767,1048,1045,0.0037440703956891238,eligible_<1700
5768,119,88,0.00031529013858434726,eligible_<1700
5772,268,268,0.000960201785688694,eligible_<1700
5782,21545,21457,0.07687705117732203,exclude_>2500
6614,285,282,0.0010103615804634765,eligible_<1700
6647,107,107,0.00038336414577869497,eligible_<1700
6698,148,138,0.0004944322627799991,eligible_<1700
6707,3169,3108,0.01113547444000172,exclude_>2500
6711,269,259,0.0009279562033334766,eligible_<1700
6719,494,471,0.0016875188099230406,eligible_<1700
6731,146,129,0.0004621866804247818,eligible_<1700
6752,1812,1752,0.006277140031815641,borderline_1700-2500
6764,108,99,0.00035470140590739067,eligible_<1700
6798,208,191,0.0006843229144273902,eligible_<1700
6800,261,244,0.0008742135660747811,eligible_<1700
6837,218,209,0.0007488140791378248,eligible_<1700
6861,148,115,0.00041202688564999926,eligible_<1700
6914,103,76,0.00027229602877739084,eligible_<1700
6918,133,102,0.0003654499333591298,eligible_<1700
6926,128,113,0.0004048612006821732,eligible_<1700
6930,235,206,0.0007380655516860857,eligible_<1700
6931,1147,1133,0.0040593605342734715,eligible_<1700
6976,122,96,0.00034395287845565155,eligible_<1700
6979,288,286,0.0010246929503991285,eligible_<1700
7048,107,106,0.00037978130329478196,eligible_<1700
7064,147,141,0.0005051807902317383,eligible_<1700
7092,301,217,0.0007774768190091291,eligible_<1700
7098,1311,1265,0.004532295742149992,eligible_<1700
7104,485,443,0.0015871992203734754,eligible_<1700
7118,339,312,0.0011178468549808676,eligible_<1700
7138,126,102,0.0003654499333591298,eligible_<1700
7182,218,216,0.000773893976525216,eligible_<1700
7215,151,106,0.00037978130329478196,eligible_<1700
7262,1172,1158,0.004148931596371297,eligible_<1700
7308,484,464,0.0016624389125356493,eligible_<1700
7365,208,146,0.0005230950026513034,eligible_<1700
7410,110,110,0.0003941126732304341,eligible_<1700
7420,139,121,0.0004335239405534775,eligible_<1700
7453,143,101,0.0003618670908752168,eligible_<1700
7464,183,181,0.0006484944895882597,eligible_<1700
7475,452,444,0.0015907820628573886,eligible_<1700
7537,166,165,0.0005911690098456511,eligible_<1700
7553,305,301,0.0010784355876578243,eligible_<1700
7556,129,91,0.0003260386660360864,eligible_<1700
7634,143,85,0.00030454161113260814,eligible_<1700
7637,128,74,0.0002651303438095648,eligible_<1700
7638,126,85,0.00030454161113260814,eligible_<1700
7641,191,189,0.000677157229459564,eligible_<1700
7753,182,141,0.0005051807902317383,eligible_<1700
7771,122,113,0.0004048612006821732,eligible_<1700
7806,2284,2263,0.008107972541095203,borderline_1700-2500
7831,146,123,0.00044068962552130356,eligible_<1700
7843,304,253,0.0009064591484299984,eligible_<1700
7860,113,110,0.0003941126732304341,eligible_<1700
7861,115,102,0.0003654499333591298,eligible_<1700
7866,2305,2289,0.008201126445676943,borderline_1700-2500
7929,1036,1005,0.0036007566963326024,eligible_<1700
7960,211,209,0.0007488140791378248,eligible_<1700
9209,87222,86687,0.3105858664029695,exclude_>2500
9215,938,932,0.003339209195006951,eligible_<1700
9216,11471,11463,0.04107012339309515,exclude_>2500
10183,271,216,0.000773893976525216,eligible_<1700
10234,116,99,0.00035470140590739067,eligible_<1700
10291,148,144,0.0005159293176834773,eligible_<1700
10320,173,170,0.0006090832222652163,eligible_<1700
10383,2524,2449,0.008774381243103029,exclude_>2500
10445,252,247,0.0008849620935265202,eligible_<1700
10467,157,136,0.0004872665778121731,eligible_<1700
10472,139,98,0.00035111856342347767,eligible_<1700
10640,4926,4801,0.017201226765266493,exclude_>2500
13266,211,164,0.0005875861673617382,eligible_<1700
13301,1567,1561,0.005592817117388251,eligible_<1700
13314,120,85,0.00030454161113260814,eligible_<1700
13375,430,429,0.001537039425598693,eligible_<1700
13455,141,126,0.0004514381529730427,eligible_<1700
13460,142,141,0.0005051807902317383,eligible_<1700
13478,119,117,0.0004191925706178254,eligible_<1700
13493,228,221,0.0007918081889447812,eligible_<1700
13520,130,95,0.00034037003597173855,eligible_<1700
13532,305,228,0.0008168880863321725,eligible_<1700
13551,2767,2759,0.00988506241311607,exclude_>2500
13676,243,239,0.0008562993536552159,eligible_<1700
13782,144,131,0.00046935236539260786,eligible_<1700
13805,138,136,0.0004872665778121731,eligible_<1700
13823,8893,8872,0.031786978517276465,exclude_>2500
13928,286,285,0.0010211101079152156,eligible_<1700
13982,105,98,0.00035111856342347767,eligible_<1700
14007,193,165,0.0005911690098456511,eligible_<1700
14032,313,308,0.0011035154850452154,eligible_<1700
14035,898,897,0.0032138097080699943,eligible_<1700
14105,8655,8511,0.03049357238058386,exclude_>2500
14137,159,158,0.0005660891124582599,eligible_<1700
14188,362,358,0.0012826576092408674,eligible_<1700
14191,138,137,0.0004908494202960861,eligible_<1700
14361,137,132,0.0004729352078765209,eligible_<1700
14403,360,322,0.001153675279819998,eligible_<1700
14423,108,103,0.00036903277584304285,eligible_<1700
14452,137,99,0.00035470140590739067,eligible_<1700
17484,585,529,0.0018953236739899966,eligible_<1700
17623,255,251,0.0008992934634621723,eligible_<1700
17709,846,829,0.0029701764191639077,eligible_<1700
17816,746,728,0.002608309328288691,eligible_<1700
17851,1008,1001,0.00358642532639695,eligible_<1700
17855,780,771,0.002762371555096952,eligible_<1700
17859,213,211,0.0007559797641056509,eligible_<1700
17991,470,470,0.0016839359674391274,eligible_<1700
18057,257,257,0.0009207905183656505,eligible_<1700
18058,206,206,0.0007380655516860857,eligible_<1700
18064,446,431,0.0015442051105665191,eligible_<1700
18098,1764,1714,0.006140992017426946,borderline_1700-2500
18117,182,177,0.0006341631196526076,eligible_<1700
19877,199,198,0.0007094028118147813,eligible_<1700
19989,1356,1351,0.004840420195766513,eligible_<1700
19991,119,119,0.00042635825558565144,eligible_<1700
19995,1258,1257,0.004503633002278688,eligible_<1700
20031,165,163,0.0005840033248778251,eligible_<1700
20080,1682,1680,0.0060191753729739025,eligible_<1700
20082,434,431,0.0015442051105665191,eligible_<1700
20090,225,225,0.0008061395588804333,eligible_<1700
20133,662,641,0.002296602032188257,eligible_<1700
20134,1636,1632,0.005847198933746077,eligible_<1700
20138,111,111,0.00039769551571434714,eligible_<1700
20182,200,195,0.0006986542843630423,eligible_<1700
20253,143,137,0.0004908494202960861,eligible_<1700
20266,126,103,0.00036903277584304285,eligible_<1700
20436,484,480,0.001719764392278258,eligible_<1700
20437,7719,7708,0.02761654986600169,exclude_>2500
20445,133,131,0.00046935236539260786,eligible_<1700
20542,1049,921,0.0032997979276839073,eligible_<1700
20551,13966,13932,0.04991616148587644,exclude_>2500
20589,166,157,0.0005625062699743469,eligible_<1700
20590,129,95,0.00034037003597173855,eligible_<1700
20646,154,153,0.0005481749000386947,eligible_<1700
20801,185,183,0.0006556601745560858,eligible_<1700
20806,1657,1618,0.005797039138971294,eligible_<1700
23779,322,318,0.001139343909884346,eligible_<1700
23817,642,635,0.0022751049772847787,eligible_<1700
23908,299,299,0.0010712699026899982,eligible_<1700
23917,180,165,0.0005911690098456511,eligible_<1700
23919,306,302,0.0010820184301417372,eligible_<1700
23928,228,193,0.0006914885993952162,eligible_<1700
23946,133,130,0.00046576952290869485,eligible_<1700
23981,533,531,0.0019024893589578227,eligible_<1700
23995,332,313,0.0011214296974647806,eligible_<1700
24037,1795,1766,0.0063272998265904235,borderline_1700-2500
24083,145,145,0.0005195121601673904,eligible_<1700
24168,173,168,0.0006019175372973903,eligible_<1700
24181,8744,8736,0.03129971193946429,exclude_>2500
24224,466,466,0.0016696045975034754,eligible_<1700
24321,163,133,0.00047651805036043397,eligible_<1700
24410,479,469,0.0016803531249552145,eligible_<1700
25453,196,194,0.0006950714418791292,eligible_<1700
25470,151,151,0.0005410092150708686,eligible_<1700
25537,148,146,0.0005230950026513034,eligible_<1700
25569,102,99,0.00035470140590739067,eligible_<1700
25584,1180,1177,0.004217005603565645,eligible_<1700
25695,514,511,0.001830832509279562,eligible_<1700
25727,303,271,0.0009709503131404331,eligible_<1700
25972,116,108,0.000386946988262608,eligible_<1700
26047,265,262,0.0009387047307852157,eligible_<1700
28218,1048,1047,0.00375123608065695,eligible_<1700
28224,132,130,0.00046576952290869485,eligible_<1700
28258,982,979,0.0035076027917508635,eligible_<1700
28259,5003,4975,0.01782464135746736,exclude_>2500
28609,584,565,0.0020243060034108662,eligible_<1700
28620,1912,1910,0.006843229144273901,borderline_1700-2500
28718,182,181,0.0006484944895882597,eligible_<1700
32149,149,145,0.0005195121601673904,eligible_<1700
32165,1339,1336,0.004786677558507818,eligible_<1700
32236,191,189,0.000677157229459564,eligible_<1700
32346,213,208,0.0007452312366539117,eligible_<1700
32412,2407,2396,0.008584490591455636,borderline_1700-2500
32431,142,140,0.0005015979477478252,eligible_<1700
32484,1851,1842,0.0065995958553678145,borderline_1700-2500
32495,143,141,0.0005051807902317383,eligible_<1700
32678,188,187,0.0006699915444917379,eligible_<1700
32679,129,128,0.0004586038379408688,eligible_<1700
32743,346,341,0.0012217492870143457,eligible_<1700
32751,170,168,0.0006019175372973903,eligible_<1700
32992,105,103,0.00036903277584304285,eligible_<1700
33003,436,383,0.0013722286713386933,eligible_<1700
33030,237,212,0.0007595626065895639,eligible_<1700
34696,314,314,0.0011250125399486937,eligible_<1700
34707,2331,2326,0.008333691617581724,borderline_1700-2500
34819,598,587,0.002103128538056953,eligible_<1700
34887,4331,4320,0.015477879530504321,exclude_>2500
34905,222,218,0.0007810596614930422,eligible_<1700
34943,177,174,0.0006234145922008685,eligible_<1700
34958,115,115,0.00041202688564999926,eligible_<1700
34969,1162,1162,0.004163262966306949,eligible_<1700
35188,823,816,0.0029235994668730383,eligible_<1700
35285,988,988,0.0035398483741060807,eligible_<1700
35289,617,612,0.002192699600154779,eligible_<1700
35293,295,295,0.001056938532754346,eligible_<1700
35395,248,245,0.0008777964085586942,eligible_<1700
35476,147,116,0.0004156097281339123,eligible_<1700
35488,1690,1685,0.006037089585393468,eligible_<1700
35546,123,120,0.0004299410980695645,eligible_<1700
35599,263,262,0.0009387047307852157,eligible_<1700
35652,222,219,0.0007846425039769551,eligible_<1700
35674,136,135,0.00048368373532826003,eligible_<1700
37387,1953,1953,0.006997291371082162,borderline_1700-2500
37696,1382,1372,0.004915659887928687,eligible_<1700
37732,179,178,0.0006377459621365206,eligible_<1700
37734,1399,1397,0.0050052309500265135,eligible_<1700
37836,1691,1643,0.00588661020106912,eligible_<1700
38001,103,102,0.0003654499333591298,eligible_<1700
39383,346,333,0.0011930865471430415,eligible_<1700
39565,162,161,0.000576837639909999,eligible_<1700
39813,1427,1420,0.005087636327156513,eligible_<1700
39832,771,769,0.0027552058701291256,eligible_<1700
41052,863,861,0.003084827378649125,eligible_<1700
41100,207,184,0.0006592430170399989,eligible_<1700
43526,179,158,0.0005660891124582599,eligible_<1700
43530,871,864,0.003095575906100864,eligible_<1700
43570,21475,21391,0.07664058357338378,exclude_>2500
43845,101,99,0.00035470140590739067,eligible_<1700
43927,159,156,0.0005589234274904338,eligible_<1700
44890,194,148,0.0005302606876191296,eligible_<1700
55706,111,109,0.0003905298307465211,eligible_<1700
55834,695,694,0.0024864926838356477,eligible_<1700
56128,661,653,0.002339596141995213,eligible_<1700
56197,103,102,0.0003654499333591298,eligible_<1700
56246,118,112,0.00040127835819826015,eligible_<1700
56690,192,189,0.000677157229459564,eligible_<1700
57073,298,287,0.0010282757928830417,eligible_<1700
57998,268,267,0.000956618943204781,eligible_<1700
58099,526,526,0.0018845751465382575,eligible_<1700
63539,952,943,0.0033786204623299943,eligible_<1700
63628,9902,9889,0.035430729323416024,exclude_>2500
63632,781,779,0.002791034294968256,eligible_<1700
63706,1739,1735,0.006216231709589119,borderline_1700-2500
63740,1097,1095,0.0039232125198847756,eligible_<1700
63759,2110,2106,0.0075454662711208565,borderline_1700-2500
63900,203,202,0.0007237341817504336,eligible_<1700
63928,112,95,0.00034037003597173855,eligible_<1700
64204,1163,1130,0.0040486120068217325,eligible_<1700
70488,100,100,0.00035828424839130373,eligible_<1700
70512,5150,5148,0.018444473107184316,exclude_>2500
82420,2362,2355,0.008437594049615202,borderline_1700-2500
82421,2634,2623,0.009397795835303896,exclude_>2500
82424,344,343,0.0012289149719821718,eligible_<1700
82948,226,223,0.0007989738739126073,eligible_<1700
83068,392,392,0.0014044742536939107,eligible_<1700
83092,254,250,0.0008957106209782593,eligible_<1700
83196,266,261,0.0009351218883013028,eligible_<1700
83199,135,134,0.000480100892844347,eligible_<1700
83283,101,91,0.0003260386660360864,eligible_<1700
83734,731,719,0.002576063745933474,eligible_<1700
84088,135,134,0.000480100892844347,eligible_<1700
84173,142,139,0.0004980151052639122,eligible_<1700
84464,452,450,0.0016122791177608667,eligible_<1700
84469,1241,1240,0.004442724680052166,eligible_<1700
90305,2989,2981,0.010680453444544763,exclude_>2500
90419,7418,7414,0.026563194175731258,exclude_>2500
91010,152,135,0.00048368373532826003,eligible_<1700
91312,10211,10175,0.03645542227381515,exclude_>2500
91394,134,134,0.000480100892844347,eligible_<1700
98242,1176,1171,0.004195508548662167,eligible_<1700
98315,2087,2062,0.007387821201828682,borderline_1700-2500
98351,4261,4255,0.015244994769049974,exclude_>2500
98527,1915,1897,0.006796652191983031,borderline_1700-2500
98975,103,90,0.00032245582355217337,eligible_<1700
99358,324,288,0.0010318586353669547,eligible_<1700
102940,264,257,0.0009207905183656505,eligible_<1700
103091,642,637,0.0022822706622526046,eligible_<1700
103184,556,556,0.0019920604210556486,eligible_<1700
108831,788,776,0.002780285767516517,eligible_<1700
109077,118,118,0.0004227754131017384,eligible_<1700
109291,1112,1090,0.0039052983074652106,eligible_<1700
109456,164,163,0.0005840033248778251,eligible_<1700
109801,230,230,0.0008240537712999985,eligible_<1700
109922,108,102,0.0003654499333591298,eligible_<1700
110260,466,465,0.0016660217550195622,eligible_<1700
110286,354,354,0.0012683262393052151,eligible_<1700
113927,449,445,0.0015943649053413015,eligible_<1700
113931,183,183,0.0006556601745560858,eligible_<1700
113937,105,105,0.0003761984608108689,eligible_<1700
114438,578,577,0.0020673001132178225,eligible_<1700
114562,214,210,0.0007523969216217378,eligible_<1700
115293,924,903,0.0032353067629734725,eligible_<1700
115746,21101,21101,0.075601559253049,exclude_>2500
115976,195,194,0.0006950714418791292,eligible_<1700
116877,230,228,0.0008168880863321725,eligible_<1700
116981,287,283,0.0010139444229473895,eligible_<1700
117549,129,129,0.0004621866804247818,eligible_<1700
122298,9365,9343,0.03347449732719951,exclude_>2500
122313,278,278,0.0009960302105278243,eligible_<1700
122327,226,224,0.0008025567163965203,eligible_<1700
122515,23331,23331,0.08359129799217507,exclude_>2500
125675,840,832,0.002980924946615647,eligible_<1700
125936,102,101,0.0003618670908752168,eligible_<1700
125993,390,333,0.0011930865471430415,eligible_<1700
126000,307,307,0.0010999326425613024,eligible_<1700
126008,585,567,0.002031471688378692,eligible_<1700
128425,156,155,0.0005553405850065207,eligible_<1700
128442,3205,3172,0.011364776358972154,exclude_>2500
128475,528,517,0.0018523295641830403,eligible_<1700
128664,2546,2535,0.00908250569671955,exclude_>2500
131366,8665,8644,0.030970090430944293,exclude_>2500
131389,101,100,0.00035828424839130373,eligible_<1700
131449,575,572,0.002049385900798257,eligible_<1700
131530,157,154,0.0005517577425226077,eligible_<1700
131581,178,172,0.0006162489072330424,eligible_<1700
131646,3853,3846,0.013779612193129542,exclude_>2500
131835,16436,16209,0.05807429382174642,exclude_>2500
132320,136,129,0.0004621866804247818,eligible_<1700
132326,477,473,0.0016946844948908667,eligible_<1700
134283,132,98,0.00035111856342347767,eligible_<1700
134352,5632,5617,0.02012482623213953,exclude_>2500
134618,237,235,0.0008419679837195637,eligible_<1700
134711,818,813,0.0029128509394212992,eligible_<1700
135107,147,147,0.0005266778451352165,eligible_<1700
135116,1835,1830,0.006556601745560858,borderline_1700-2500
135219,2946,2941,0.010537139745188242,exclude_>2500
135796,191,158,0.0005660891124582599,eligible_<1700
136058,175,175,0.0006269974346847816,eligible_<1700
139629,607,605,0.0021676197027673877,eligible_<1700
139992,783,776,0.002780285767516517,eligible_<1700
140101,260,260,0.0009315390458173897,eligible_<1700
140172,346,342,0.0012253321294982587,eligible_<1700
140519,1577,1562,0.0055963999598721646,eligible_<1700
140535,1921,1915,0.0068611433566934665,borderline_1700-2500
144041,2166,2164,0.007753271135187812,borderline_1700-2500
144325,1272,1242,0.004449890365019992,eligible_<1700
144499,251,251,0.0008992934634621723,eligible_<1700
144529,1830,1829,0.0065530189030769456,borderline_1700-2500
144579,346,338,0.0012110007595626067,eligible_<1700
144587,160,160,0.0005732547974260859,eligible_<1700
144728,1105,1087,0.0038945497800134715,eligible_<1700
144743,412,408,0.0014617997334365192,eligible_<1700
144790,112,111,0.00039769551571434714,eligible_<1700
144826,2163,2149,0.007699528497929117,borderline_1700-2500
144864,1025,1019,0.003650916491107385,eligible_<1700
144988,279,276,0.0009888645255599982,eligible_<1700
145186,538,534,0.001913237886409562,eligible_<1700
145304,156,154,0.0005517577425226077,eligible_<1700
145501,533,525,0.0018809923040543446,eligible_<1700
145609,149,149,0.0005338435301030425,eligible_<1700
145639,4526,4503,0.016133539705060408,exclude_>2500
146707,103,102,0.0003654499333591298,eligible_<1700
146816,2052,2048,0.007337661407053901,borderline_1700-2500
146880,255,251,0.0008992934634621723,eligible_<1700
148949,31658,31658,0.11342562735571893,exclude_>2500
149119,973,973,0.0034861057368473854,eligible_<1700
149241,968,967,0.003464608681943907,eligible_<1700
149361,380,358,0.0012826576092408674,eligible_<1700
149639,149,149,0.0005338435301030425,eligible_<1700
149793,140,102,0.0003654499333591298,eligible_<1700
149896,519,499,0.0017878383994726055,eligible_<1700
150010,275,237,0.0008491336686873898,eligible_<1700
150013,225,203,0.0007273170242343465,eligible_<1700
150016,481,479,0.0017161815497943448,eligible_<1700
150049,106,100,0.00035828424839130373,eligible_<1700
150293,1322,1315,0.004711437866345644,eligible_<1700
150294,194,193,0.0006914885993952162,eligible_<1700
150312,14456,14391,0.05156068618599252,exclude_>2500
153004,451,450,0.0016122791177608667,eligible_<1700
153116,158,156,0.0005589234274904338,eligible_<1700
153318,2043,2039,0.007305415824698683,borderline_1700-2500
153425,1137,1134,0.004062943376757384,eligible_<1700
153497,1030,1023,0.003665247861043037,eligible_<1700
153510,126,126,0.0004514381529730427,eligible_<1700
153623,1378,1374,0.004922825572896513,eligible_<1700
153625,354,354,0.0012683262393052151,eligible_<1700
153737,1122,1121,0.004016366424466514,eligible_<1700
153815,210,207,0.0007416483941699987,eligible_<1700
153938,27358,27300,0.09781159981082592,exclude_>2500
156009,17828,17794,0.06375309915874859,exclude_>2500
156061,245,245,0.0008777964085586942,eligible_<1700
156129,23119,23072,0.08266334178884159,exclude_>2500
156138,1775,1768,0.00633446551155825,borderline_1700-2500
156442,1042,1034,0.0037046591283660807,eligible_<1700
156443,137,135,0.00048368373532826003,eligible_<1700
156457,486,482,0.0017269300772460839,eligible_<1700
156496,1545,1543,0.005528325952677817,eligible_<1700
161936,51131,51131,0.1831943190449575,exclude_>2500
161943,524,522,0.0018702437766026055,eligible_<1700
161966,143,143,0.0005123464751995643,eligible_<1700
162041,544,537,0.001923986413861301,eligible_<1700
162152,581,581,0.0020816314831534747,eligible_<1700
162315,288,286,0.0010246929503991285,eligible_<1700
162351,352,347,0.0012432463419178238,eligible_<1700
162378,526,511,0.001830832509279562,eligible_<1700
162384,124,120,0.0004299410980695645,eligible_<1700
162476,129,127,0.00045502099545695573,eligible_<1700
162580,477,476,0.0017054330223426058,eligible_<1700
162591,476,476,0.0017054330223426058,eligible_<1700
162654,148,148,0.0005302606876191296,eligible_<1700
161533,11487,11480,0.04113103171532167,exclude_>2500
161681,372,370,0.0013256517190478238,eligible_<1700
161761,589,584,0.0020923800106052138,eligible_<1700
161773,155,152,0.0005445920575547817,eligible_<1700
161882,3497,3495,0.012522034481276065,exclude_>2500
161928,295,288,0.0010318586353669547,eligible_<1700
163474,1634,1620,0.00580420482393912,eligible_<1700
163601,102,100,0.00035828424839130373,eligible_<1700
163640,1711,1703,0.006101580750103902,borderline_1700-2500
163983,143,142,0.0005087636327156513,eligible_<1700
164027,221,220,0.0007882253464608682,eligible_<1700
164031,462,447,0.0016015305903091276,eligible_<1700
169795,198,197,0.0007058199693308683,eligible_<1700
170199,580,578,0.0020708829557017356,eligible_<1700
170202,489,486,0.0017412614471817361,eligible_<1700
169530,373,369,0.0013220688765639107,eligible_<1700
171669,4979,4979,0.01783897272740301,exclude_>2500
172008,345,344,0.0012324978144660848,eligible_<1700
172073,530,526,0.0018845751465382575,eligible_<1700
172166,146,146,0.0005230950026513034,eligible_<1700
175516,109,107,0.00038336414577869497,eligible_<1700
175549,2628,2605,0.009333304670593462,exclude_>2500
175592,415,407,0.0014582168909526062,eligible_<1700
175640,7171,7168,0.02568181492468865,exclude_>2500
175695,923,922,0.0033033807701678204,eligible_<1700
175742,155,155,0.0005553405850065207,eligible_<1700
175846,457,454,0.001626610487696519,eligible_<1700
175961,733,721,0.0025832294309012997,eligible_<1700
175973,419,411,0.0014725482608882582,eligible_<1700
176215,290,289,0.0010354414778508678,eligible_<1700
176433,123,120,0.0004299410980695645,eligible_<1700
176435,309,307,0.0010999326425613024,eligible_<1700
176458,166,166,0.0005947518523295642,eligible_<1700
180938,234,233,0.0008348022987517377,eligible_<1700
180939,189,188,0.000673574386975651,eligible_<1700
181161,593,590,0.002113877065508692,eligible_<1700
181176,326,324,0.001160840964787824,eligible_<1700
181236,524,521,0.0018666609341186924,eligible_<1700
181244,156,154,0.0005517577425226077,eligible_<1700
181254,826,818,0.0029307651518408646,eligible_<1700
181279,14528,14497,0.0519404674892873,exclude_>2500
181325,350,350,0.0012539948693695631,eligible_<1700
181440,590,589,0.0021102942230247787,eligible_<1700
181476,142,142,0.0005087636327156513,eligible_<1700
181494,1123,1118,0.004005617897014775,eligible_<1700
181501,587,587,0.002103128538056953,eligible_<1700
183251,11205,11191,0.0400955902374708,exclude_>2500
183264,496,492,0.0017627585020852142,eligible_<1700
183402,109,108,0.000386946988262608,eligible_<1700
183405,103,100,0.00035828424839130373,eligible_<1700
183626,161,160,0.0005732547974260859,eligible_<1700
183685,780,757,0.0027122117603221693,eligible_<1700
183797,758,755,0.002705046075354343,eligible_<1700
184145,156,155,0.0005553405850065207,eligible_<1700
184267,13090,13084,0.046877911059518176,exclude_>2500
184424,1035,1035,0.0037082419708499934,eligible_<1700
192297,707,704,0.002522321108674778,eligible_<1700
192312,1044,1041,0.003729739025753472,eligible_<1700
192352,168,167,0.0005983346948134772,eligible_<1700
192353,131,128,0.0004586038379408688,eligible_<1700
192401,541,537,0.001923986413861301,eligible_<1700
192457,6830,6825,0.02445289995270648,exclude_>2500
192458,7007,6997,0.025069148859939522,exclude_>2500
192547,1211,1209,0.004331656563050862,eligible_<1700
192656,537,533,0.0019096550439256488,eligible_<1700
192827,461,461,0.0016516903850839102,eligible_<1700
192858,235,196,0.0007022371268469553,eligible_<1700
192909,123,121,0.0004335239405534775,eligible_<1700
192927,1505,1495,0.005356349513449991,eligible_<1700
192934,1994,1989,0.007126273700503031,borderline_1700-2500
192945,1703,1702,0.0060979979076199895,borderline_1700-2500
193029,109,108,0.000386946988262608,eligible_<1700
193037,9743,9709,0.03478581767631168,exclude_>2500
193141,121,118,0.0004227754131017384,eligible_<1700
193164,493,491,0.0017591756596013013,eligible_<1700
193212,794,792,0.0028376112472591254,eligible_<1700
193214,5983,5974,0.021403900998896483,exclude_>2500
193248,192,188,0.000673574386975651,eligible_<1700
193265,500,499,0.0017878383994726055,eligible_<1700
193301,141,140,0.0005015979477478252,eligible_<1700
193322,1863,1852,0.006635424280206945,borderline_1700-2500
193329,130,129,0.0004621866804247818,eligible_<1700
193422,148,148,0.0005302606876191296,eligible_<1700
193485,492,489,0.0017520099746334752,eligible_<1700
193551,395,389,0.0013937257262421714,eligible_<1700
193557,2017,2012,0.007208679077633031,borderline_1700-2500
193592,123,121,0.0004335239405534775,eligible_<1700
196496,1139,1078,0.0038623041976582543,eligible_<1700
196698,108,105,0.0003761984608108689,eligible_<1700
197408,202,202,0.0007237341817504336,eligible_<1700
197443,5421,5416,0.01940467489287301,exclude_>2500
197451,367,359,0.0012862404517247803,eligible_<1700
197588,158,156,0.0005589234274904338,eligible_<1700
197705,135,134,0.000480100892844347,eligible_<1700
197786,146,144,0.0005159293176834773,eligible_<1700
197865,144,142,0.0005087636327156513,eligible_<1700
197944,119,118,0.0004227754131017384,eligible_<1700
198029,284,282,0.0010103615804634765,eligible_<1700
198110,485,483,0.001730512919729997,eligible_<1700
198305,112,112,0.00040127835819826015,eligible_<1700
198447,757,739,0.0026477205956117345,eligible_<1700
198454,5772,5754,0.020615675652435616,exclude_>2500
198609,1099,1094,0.003919629677400863,eligible_<1700
198701,172,172,0.0006162489072330424,eligible_<1700
198773,23170,23124,0.08284964959800507,exclude_>2500
198775,153,153,0.0005481749000386947,eligible_<1700
198832,431,425,0.0015227080556630408,eligible_<1700
198836,1098,1092,0.0039124639924330365,eligible_<1700
199966,3229,3225,0.011554667010619545,exclude_>2500
200147,9097,9085,0.032550123966349945,exclude_>2500
200171,727,720,0.002579646588417387,eligible_<1700
200247,255,210,0.0007523969216217378,eligible_<1700
200359,325,319,0.001142926752368259,eligible_<1700
200680,18331,18331,0.06567708557260989,exclude_>2500
200726,877,875,0.0031349871734239077,eligible_<1700
200834,556,556,0.0019920604210556486,eligible_<1700
200847,2482,2479,0.00888186651762042,borderline_1700-2500
200853,2370,2365,0.008473422474454333,borderline_1700-2500
201186,1067,1064,0.0038121444028834718,eligible_<1700
203655,407,406,0.001454634048468693,eligible_<1700
203661,175,170,0.0006090832222652163,eligible_<1700
203828,1368,1367,0.004897745675509122,eligible_<1700
209849,126,126,0.0004514381529730427,eligible_<1700
209886,280,280,0.0010031958954956504,eligible_<1700
210232,1260,1248,0.00447138741992347,eligible_<1700
210342,360,360,0.0012898232942086935,eligible_<1700
210660,126,126,0.0004514381529730427,eligible_<1700
210908,385,385,0.0013793943563065194,eligible_<1700
211175,116,116,0.0004156097281339123,eligible_<1700
211716,1300,1299,0.004654112386603035,eligible_<1700
211734,417,414,0.0014832967883399975,eligible_<1700
212281,1184,1172,0.004199091391146079,eligible_<1700
212310,152,151,0.0005410092150708686,eligible_<1700
212346,677,665,0.00238259025180217,eligible_<1700
212376,311,309,0.0011070983275291285,eligible_<1700
212402,5931,5905,0.021156684867506485,exclude_>2500
212445,2611,2579,0.009240150766011724,exclude_>2500
212581,144,140,0.0005015979477478252,eligible_<1700
212765,1396,1388,0.004972985367671295,eligible_<1700
212839,189,188,0.000673574386975651,eligible_<1700
213266,3757,3746,0.013421327944738238,exclude_>2500
213421,144,143,0.0005123464751995643,eligible_<1700
213648,230,207,0.0007416483941699987,eligible_<1700
213893,6722,6716,0.02406237012195996,exclude_>2500
214758,175,165,0.0005911690098456511,eligible_<1700
214898,204,202,0.0007237341817504336,eligible_<1700
214970,101,100,0.00035828424839130373,eligible_<1700
207830,9965,9872,0.0353698210011895,exclude_>2500
207845,207,206,0.0007380655516860857,eligible_<1700
207911,300,294,0.001053355690270433,eligible_<1700
207951,312,305,0.0010927669575934763,eligible_<1700
208411,442,439,0.0015728678504378234,eligible_<1700
208533,135,129,0.0004621866804247818,eligible_<1700
208773,1102,1093,0.00391604683491695,eligible_<1700
208804,249,244,0.0008742135660747811,eligible_<1700
208807,125,122,0.00043710678303739056,eligible_<1700
208808,619,609,0.00218195107270304,eligible_<1700
209010,17135,17105,0.061284520687332505,exclude_>2500
209190,149,149,0.0005338435301030425,eligible_<1700
209280,179,175,0.0006269974346847816,eligible_<1700
209551,147,146,0.0005230950026513034,eligible_<1700
209567,246,245,0.0008777964085586942,eligible_<1700
209641,459,458,0.0016409418576321712,eligible_<1700
209660,1098,1093,0.00391604683491695,eligible_<1700
209664,503,501,0.0017950040844404316,eligible_<1700
209734,139,138,0.0004944322627799991,eligible_<1700
217423,303,303,0.0010856012726256502,eligible_<1700
223763,160,157,0.0005625062699743469,eligible_<1700
225729,1772,1755,0.00628788855926738,borderline_1700-2500
225736,132,130,0.00046576952290869485,eligible_<1700
225818,1701,1699,0.0060872493801682505,borderline_1700-2500
225981,503,499,0.0017878383994726055,eligible_<1700
226146,497,495,0.0017735070295369535,eligible_<1700
226213,828,827,0.002963010734196082,eligible_<1700
226255,670,668,0.002393338779253909,eligible_<1700
226322,1411,1408,0.005044642217349556,eligible_<1700
226445,338,337,0.0012074179170786935,eligible_<1700
226518,3533,3505,0.012557862906115196,exclude_>2500
226605,1835,1817,0.006510024793269988,borderline_1700-2500
226643,255,254,0.0009100419909139115,eligible_<1700
226802,142,142,0.0005087636327156513,eligible_<1700
226878,117,116,0.0004156097281339123,eligible_<1700
227002,386,383,0.0013722286713386933,eligible_<1700
227026,147,147,0.0005266778451352165,eligible_<1700
227072,5211,5171,0.018526878484314314,exclude_>2500
227127,305,297,0.001064104217722172,eligible_<1700
227273,733,732,0.0026226406982243432,eligible_<1700
227422,410,406,0.001454634048468693,eligible_<1700
227425,103,101,0.0003618670908752168,eligible_<1700
227582,113,112,0.00040127835819826015,eligible_<1700
227789,8696,8693,0.031145649712656032,exclude_>2500
224031,992,986,0.003532682689138255,eligible_<1700
224122,115,115,0.00041202688564999926,eligible_<1700
224134,476,467,0.0016731874399873883,eligible_<1700
224403,195,195,0.0006986542843630423,eligible_<1700
224664,111,110,0.0003941126732304341,eligible_<1700
224907,468,464,0.0016624389125356493,eligible_<1700
224986,241,237,0.0008491336686873898,eligible_<1700
225163,776,774,0.002773120082548691,eligible_<1700
225244,1783,1782,0.006384625306333032,borderline_1700-2500
225274,219,216,0.000773893976525216,eligible_<1700
225569,200,198,0.0007094028118147813,eligible_<1700
230305,2003,1996,0.007151353597890422,borderline_1700-2500
232832,12733,12721,0.04557733923785775,exclude_>2500
236709,1167,1156,0.004141765911403471,eligible_<1700
236827,115,113,0.0004048612006821732,eligible_<1700
236931,204,166,0.0005947518523295642,eligible_<1700
237087,1566,1555,0.005571320062484773,eligible_<1700
237179,3457,3456,0.012382303624403457,exclude_>2500
237182,51635,51635,0.18500007165684967,exclude_>2500
237211,1343,1339,0.004797426085959557,eligible_<1700
237251,410,410,0.0014689654184043453,eligible_<1700
237329,105,102,0.0003654499333591298,eligible_<1700
237638,105,103,0.00036903277584304285,eligible_<1700
237728,1232,1222,0.0043782335153417316,eligible_<1700
238026,102,94,0.0003367871934878255,eligible_<1700
238090,262,262,0.0009387047307852157,eligible_<1700
238181,163,160,0.0005732547974260859,eligible_<1700
238329,125,120,0.0004299410980695645,eligible_<1700
238412,116,114,0.00040844404316608626,eligible_<1700
238546,1277,1276,0.004571707009473036,eligible_<1700
238638,2054,2051,0.00734840993450564,borderline_1700-2500
238656,1805,1787,0.006402539518752598,borderline_1700-2500
238919,122,110,0.0003941126732304341,eligible_<1700
244114,2816,2814,0.010082118749731287,exclude_>2500
244169,190,190,0.0006807400719434771,eligible_<1700
244171,325,324,0.001160840964787824,eligible_<1700
244274,559,559,0.0020028089485073877,eligible_<1700
244428,144,140,0.0005015979477478252,eligible_<1700
244521,51871,51871,0.18584562248305317,exclude_>2500
247029,101,98,0.00035111856342347767,eligible_<1700
247136,295,289,0.0010354414778508678,eligible_<1700
247143,431,430,0.001540622268082606,eligible_<1700
247191,302,298,0.001067687060206085,eligible_<1700
247314,1101,1092,0.0039124639924330365,eligible_<1700
253379,510,510,0.001827249666795649,eligible_<1700
253568,114,113,0.0004048612006821732,eligible_<1700
253574,818,811,0.0029056852544534733,eligible_<1700
253608,1732,1727,0.006187568969717816,borderline_1700-2500
253652,351,298,0.001067687060206085,eligible_<1700
253759,2462,2456,0.00879946114049042,borderline_1700-2500
253861,138,138,0.0004944322627799991,eligible_<1700
254088,783,782,0.002801782822419995,eligible_<1700
254110,524,522,0.0018702437766026055,eligible_<1700
254132,160,159,0.000569671954942173,eligible_<1700
254138,168,167,0.0005983346948134772,eligible_<1700
254226,2335,2325,0.008330108775097812,borderline_1700-2500
254386,4940,4927,0.017652664918239535,exclude_>2500
254619,645,644,0.002307350559639996,eligible_<1700
257839,613,609,0.00218195107270304,eligible_<1700
257955,110,110,0.0003941126732304341,eligible_<1700
257987,749,744,0.0026656348080313,eligible_<1700
257991,283,280,0.0010031958954956504,eligible_<1700
258135,142,137,0.0004908494202960861,eligible_<1700
262712,22947,22947,0.08221548647835246,exclude_>2500
262806,102,101,0.0003618670908752168,eligible_<1700
262939,290,287,0.0010282757928830417,eligible_<1700
262994,248,247,0.0008849620935265202,eligible_<1700
263189,358,353,0.0012647433968213022,eligible_<1700
263421,119,119,0.00042635825558565144,eligible_<1700
263736,140,139,0.0004980151052639122,eligible_<1700
263744,261,259,0.0009279562033334766,eligible_<1700
263918,31295,31295,0.11212505553405851,exclude_>2500
266936,116,116,0.0004156097281339123,eligible_<1700
266964,1032,1021,0.003658082176075211,eligible_<1700
266980,169,169,0.0006055003797813033,eligible_<1700
267127,1858,1849,0.006624675752755206,borderline_1700-2500
267304,366,365,0.0013077375066282587,eligible_<1700
267319,4173,4164,0.014918956103013888,exclude_>2500
267359,164,162,0.000580420482393912,eligible_<1700
267414,131,131,0.00046935236539260786,eligible_<1700
267568,839,838,0.0030024220015191254,eligible_<1700
267813,2606,2598,0.00930822477320607,exclude_>2500
267814,1793,1787,0.006402539518752598,borderline_1700-2500
268276,187,185,0.0006628258595239119,eligible_<1700
268543,115,114,0.00040844404316608626,eligible_<1700
268586,2513,2503,0.008967854737234332,exclude_>2500
268620,6469,6448,0.023102168336271264,exclude_>2500
269160,1408,1405,0.005033893689897817,eligible_<1700
269199,1442,1439,0.00515571033435086,eligible_<1700
274124,2214,2204,0.007896584834544335,borderline_1700-2500
274300,279,277,0.0009924473680439114,eligible_<1700
274349,710,709,0.0025402353210943435,eligible_<1700
274364,12557,12547,0.04495392464565688,exclude_>2500
274557,165,162,0.000580420482393912,eligible_<1700
274563,108,107,0.00038336414577869497,eligible_<1700
274566,207,205,0.0007344827092021726,eligible_<1700
274841,2844,2839,0.010171689811829112,exclude_>2500
283521,165,164,0.0005875861673617382,eligible_<1700
283584,261,260,0.0009315390458173897,eligible_<1700
283641,314,312,0.0011178468549808676,eligible_<1700
283649,1593,1589,0.005693136706937816,eligible_<1700
283797,1366,1351,0.004840420195766513,eligible_<1700
283948,7598,7597,0.027218854350287345,exclude_>2500
284217,1361,1356,0.004858334408186078,eligible_<1700
284294,135,134,0.000480100892844347,eligible_<1700
284306,486,486,0.0017412614471817361,eligible_<1700
284333,743,738,0.0026441377531278214,eligible_<1700
286156,730,728,0.002608309328288691,eligible_<1700
286343,325,313,0.0011214296974647806,eligible_<1700
286344,369,350,0.0012539948693695631,eligible_<1700
286428,1026,1020,0.003654499333591298,eligible_<1700
286447,304,301,0.0010784355876578243,eligible_<1700
286537,1820,1818,0.006513607635753902,borderline_1700-2500
286632,150,150,0.0005374263725869556,eligible_<1700
286657,338,337,0.0012074179170786935,eligible_<1700
286790,182,182,0.0006520773320721727,eligible_<1700
287038,105,102,0.0003654499333591298,eligible_<1700
287322,1069,1064,0.0038121444028834718,eligible_<1700
287450,138,138,0.0004944322627799991,eligible_<1700
287591,281,279,0.0009996130530117375,eligible_<1700
287607,1275,1267,0.004539461427117818,eligible_<1700
287938,1928,1926,0.00690055462401651,borderline_1700-2500
288080,1189,1188,0.004256416870888688,eligible_<1700
288431,145,144,0.0005159293176834773,eligible_<1700
288828,310,309,0.0011070983275291285,eligible_<1700
289018,547,544,0.0019490663112486924,eligible_<1700
289565,231,227,0.0008133052438482595,eligible_<1700
289765,205,203,0.0007273170242343465,eligible_<1700
289802,159,159,0.000569671954942173,eligible_<1700
290028,206,204,0.0007308998667182596,eligible_<1700
290618,452,450,0.0016122791177608667,eligible_<1700
290829,111,111,0.00039769551571434714,eligible_<1700
291048,116,115,0.00041202688564999926,eligible_<1700
291105,179,179,0.0006413288046204337,eligible_<1700
295949,639,636,0.002278687819768692,eligible_<1700
299169,5935,5915,0.021192513292345616,exclude_>2500
299178,254,253,0.0009064591484299984,eligible_<1700
299317,1087,1085,0.003887384095045645,eligible_<1700
299371,297,295,0.001056938532754346,eligible_<1700
299450,464,461,0.0016516903850839102,eligible_<1700
299452,794,791,0.0028340284047752126,eligible_<1700
299733,448,440,0.0015764506929217363,eligible_<1700
299908,171,170,0.0006090832222652163,eligible_<1700
300023,189,186,0.000666408702007825,eligible_<1700
300085,270,269,0.000963784628172607,eligible_<1700
300127,188,184,0.0006592430170399989,eligible_<1700
300217,3417,3407,0.012206744342691717,exclude_>2500
300428,226,225,0.0008061395588804333,eligible_<1700
300521,228,226,0.0008097224013643464,eligible_<1700
300531,13174,13153,0.04712512719090818,exclude_>2500
300700,1205,1204,0.004313742350631297,eligible_<1700
309408,912,909,0.003256803817876951,eligible_<1700
309728,382,378,0.001354314458919128,eligible_<1700
309886,108,107,0.00038336414577869497,eligible_<1700
310442,494,494,0.0017699241870530404,eligible_<1700
310610,208,205,0.0007344827092021726,eligible_<1700
310612,194,191,0.0006843229144273902,eligible_<1700
310789,1678,1668,0.005976181263166946,eligible_<1700
316750,1017,1008,0.0036115052237843414,eligible_<1700
316928,211,208,0.0007452312366539117,eligible_<1700
317311,1739,1737,0.006223397394556946,borderline_1700-2500
317321,907,888,0.003181564125714777,eligible_<1700
317372,953,943,0.0033786204623299943,eligible_<1700
317504,1968,1965,0.007040285480889118,borderline_1700-2500
317643,226,224,0.0008025567163965203,eligible_<1700
317859,778,776,0.002780285767516517,eligible_<1700
317981,830,826,0.0029594278917121687,eligible_<1700
317983,644,625,0.0022392765524456484,eligible_<1700
318083,102,102,0.0003654499333591298,eligible_<1700
318084,11579,11571,0.041457070381357757,exclude_>2500
318328,326,325,0.001164423807271737,eligible_<1700
318472,963,946,0.0033893689897817334,eligible_<1700
318474,312,312,0.0011178468549808676,eligible_<1700
318546,1235,1228,0.00439973057024521,eligible_<1700
318556,963,959,0.003435945942072603,eligible_<1700
318560,3472,3471,0.012436046261662153,exclude_>2500
318638,170,170,0.0006090832222652163,eligible_<1700
318709,520,520,0.0018630780916347794,eligible_<1700
318977,17058,17017,0.06096923054874816,exclude_>2500
323613,1699,1694,0.006069335167748685,eligible_<1700
323614,589,584,0.0020923800106052138,eligible_<1700
323707,406,404,0.0014474683635008671,eligible_<1700
323784,264,262,0.0009387047307852157,eligible_<1700
323841,162,159,0.000569671954942173,eligible_<1700
323882,147,145,0.0005195121601673904,eligible_<1700
323903,127,124,0.0004442724680052166,eligible_<1700
324158,112,110,0.0003941126732304341,eligible_<1700
324320,280,274,0.0009816988405921723,eligible_<1700
324344,264,258,0.0009243733608495636,eligible_<1700
324467,384,382,0.0013686458288547803,eligible_<1700
324513,425,422,0.0015119595282113017,eligible_<1700
324711,821,819,0.0029343479943247774,eligible_<1700
324894,174,172,0.0006162489072330424,eligible_<1700
324914,1708,1705,0.006108746435071729,borderline_1700-2500
329873,2256,2245,0.008043481376384769,borderline_1700-2500
330084,1156,1150,0.004120268856499993,eligible_<1700
330145,139,131,0.00046935236539260786,eligible_<1700
330403,700,698,0.0025008240537713,eligible_<1700
330560,115,115,0.00041202688564999926,eligible_<1700
331106,6048,6016,0.02155438038322083,exclude_>2500
331259,315,315,0.0011285953824326067,eligible_<1700
331390,103,103,0.00036903277584304285,eligible_<1700
331549,157,153,0.0005481749000386947,eligible_<1700
331571,1331,1326,0.004750849133668688,eligible_<1700
331647,594,592,0.0021210427504765182,eligible_<1700
331699,124,122,0.00043710678303739056,eligible_<1700
341530,3731,3723,0.013338922567608238,exclude_>2500
341700,164,164,0.0005875861673617382,eligible_<1700
341753,370,367,0.0013149031915960846,eligible_<1700
341914,106,104,0.00037261561832695585,eligible_<1700
342021,364,360,0.0012898232942086935,eligible_<1700
342032,1038,1036,0.0037118248133339066,eligible_<1700
342071,311,309,0.0011070983275291285,eligible_<1700
342073,305,304,0.0010891841151095634,eligible_<1700
342207,763,758,0.002715794602806082,eligible_<1700
342209,446,443,0.0015871992203734754,eligible_<1700
342508,123,122,0.00043710678303739056,eligible_<1700
342562,1820,1802,0.006456282156011293,borderline_1700-2500
342636,256,254,0.0009100419909139115,eligible_<1700
342638,141,140,0.0005015979477478252,eligible_<1700
342900,1810,1806,0.006470613525946945,borderline_1700-2500
346982,161,159,0.000569671954942173,eligible_<1700
347112,925,925,0.0033141292976195595,eligible_<1700
347767,508,507,0.00181650113934391,eligible_<1700
347805,2007,2004,0.007180016337761727,borderline_1700-2500
347900,546,531,0.0019024893589578227,eligible_<1700
348072,167,164,0.0005875861673617382,eligible_<1700
348220,1103,1091,0.003908881149949124,eligible_<1700
348447,1202,1196,0.004285079610759993,eligible_<1700
348503,161,161,0.000576837639909999,eligible_<1700
348554,1652,1651,0.005915272940940425,eligible_<1700
349463,2464,2454,0.008792295455522594,borderline_1700-2500
349703,239,239,0.0008562993536552159,eligible_<1700
349992,1061,1061,0.0038013958754317327,eligible_<1700
359927,160,157,0.0005625062699743469,eligible_<1700
359929,104,104,0.00037261561832695585,eligible_<1700
359962,666,666,0.002386173094286083,eligible_<1700
360058,368,365,0.0013077375066282587,eligible_<1700
360061,406,399,0.001429554151081302,eligible_<1700
360152,464,460,0.001648107542599997,eligible_<1700
360224,162,161,0.000576837639909999,eligible_<1700
360242,168,168,0.0006019175372973903,eligible_<1700
360328,164,159,0.000569671954942173,eligible_<1700
360332,158,152,0.0005445920575547817,eligible_<1700
360359,439,437,0.0015657021654699973,eligible_<1700
360896,1003,999,0.0035792596414291242,eligible_<1700
360899,431,428,0.0015334565831147799,eligible_<1700
360931,149,147,0.0005266778451352165,eligible_<1700
360932,111,111,0.00039769551571434714,eligible_<1700
361214,658,655,0.0023467618269630394,eligible_<1700
361335,147,146,0.0005230950026513034,eligible_<1700
361552,122,119,0.00042635825558565144,eligible_<1700
361639,271,270,0.0009673674706565201,eligible_<1700
362205,562,560,0.002006391790991301,eligible_<1700
362587,162,162,0.000580420482393912,eligible_<1700
362600,191,191,0.0006843229144273902,eligible_<1700
362700,478,474,0.0016982673373747796,eligible_<1700
362868,272,267,0.000956618943204781,eligible_<1700
362917,153,148,0.0005302606876191296,eligible_<1700
367206,279,279,0.0009996130530117375,eligible_<1700
367344,100,99,0.00035470140590739067,eligible_<1700
367396,398,397,0.0014223884661134758,eligible_<1700
367442,452,451,0.0016158619602447799,eligible_<1700
367476,397,396,0.0014188056236295627,eligible_<1700
367517,1150,1149,0.00411668601401608,eligible_<1700
367518,847,842,0.003016753371454777,eligible_<1700
367525,920,916,0.0032818837152643423,eligible_<1700
367625,121,120,0.0004299410980695645,eligible_<1700
368037,354,351,0.001257577711853476,eligible_<1700
368046,232,232,0.0008312194562678246,eligible_<1700
398032,262,260,0.0009315390458173897,eligible_<1700
398162,452,450,0.0016122791177608667,eligible_<1700
398898,534,534,0.001913237886409562,eligible_<1700
398996,206,204,0.0007308998667182596,eligible_<1700
399166,100,97,0.0003475357209395646,eligible_<1700
400205,2018,2012,0.007208679077633031,borderline_1700-2500
400366,1117,1114,0.0039912865270791235,eligible_<1700
400617,112,112,0.00040127835819826015,eligible_<1700
400949,136,130,0.00046576952290869485,eligible_<1700
401493,178,176,0.0006305802771686945,eligible_<1700
401543,267,267,0.000956618943204781,eligible_<1700
402208,159,159,0.000569671954942173,eligible_<1700
402283,1312,1304,0.004672026599022601,eligible_<1700
402310,335,333,0.0011930865471430415,eligible_<1700
402373,249,247,0.0008849620935265202,eligible_<1700
403123,153,153,0.0005481749000386947,eligible_<1700
403240,129,129,0.0004621866804247818,eligible_<1700
403250,215,211,0.0007559797641056509,eligible_<1700
403258,283,281,0.0010067787379795634,eligible_<1700
404846,107,105,0.0003761984608108689,eligible_<1700
404893,130,129,0.0004621866804247818,eligible_<1700
405460,130,129,0.0004621866804247818,eligible_<1700
405538,562,559,0.0020028089485073877,eligible_<1700
406174,284,278,0.0009960302105278243,eligible_<1700
406322,239,236,0.0008455508262034768,eligible_<1700
406498,371,370,0.0013256517190478238,eligible_<1700
406660,558,555,0.001988477578571736,eligible_<1700
406854,1134,1130,0.0040486120068217325,eligible_<1700
408383,136,135,0.00048368373532826003,eligible_<1700
408724,104,104,0.00037261561832695585,eligible_<1700
408836,145,142,0.0005087636327156513,eligible_<1700
49,6293,6255,0.02241067973687605,exclude_>2500
58,1664,1623,0.005814953351390859,eligible_<1700
60,4030,4010,0.014367198360491279,exclude_>2500
62,345,328,0.0011751723347234763,eligible_<1700
67,378,360,0.0012898232942086935,eligible_<1700
170,4205,4152,0.01487596199320693,exclude_>2500
120,5340,5312,0.019032059274546053,exclude_>2500
122,2355,2353,0.008430428364647377,borderline_1700-2500
124,4706,4679,0.0167641199822291,exclude_>2500
128,3299,3267,0.011705146394943893,exclude_>2500
134,564,559,0.0020028089485073877,eligible_<1700
141,1314,1304,0.004672026599022601,eligible_<1700
142,695,692,0.002479326998867822,eligible_<1700
145,383,380,0.0013614801438869542,eligible_<1700
150,11175,11146,0.039934362325694715,exclude_>2500
154,110,110,0.0003941126732304341,eligible_<1700
279,817,799,0.0028626911446465167,eligible_<1700
436,811,809,0.002898519569485647,eligible_<1700
440,307,306,0.0010963498000773895,eligible_<1700
450,335,327,0.0011715894922395631,eligible_<1700
696,820,802,0.0028734396720982557,eligible_<1700
1265,1288,1279,0.004582455536924775,eligible_<1700
1499,1302,1173,0.004202674233629993,eligible_<1700
1509,475,428,0.0015334565831147799,eligible_<1700
1511,1002,924,0.0033105464551356463,eligible_<1700
1512,134,132,0.0004729352078765209,eligible_<1700
1514,192,189,0.000677157229459564,eligible_<1700
1517,119,117,0.0004191925706178254,eligible_<1700
1527,472,458,0.0016409418576321712,eligible_<1700
1536,1679,1642,0.005883027358585207,eligible_<1700
1555,436,413,0.0014797139458560843,eligible_<1700
1556,191,191,0.0006843229144273902,eligible_<1700
1559,104,100,0.00035828424839130373,eligible_<1700
1566,231,228,0.0008168880863321725,eligible_<1700
1580,183,180,0.0006449116471043467,eligible_<1700
1589,1235,1124,0.0040271149519182535,eligible_<1700
1590,661,617,0.002210613812574344,eligible_<1700
1597,1633,1626,0.0058257018788425985,eligible_<1700
1607,314,304,0.0010891841151095634,eligible_<1700
1608,2254,2035,0.007291084454763031,borderline_1700-2500
1628,284,256,0.0009172076758817376,eligible_<1700
1629,312,250,0.0008957106209782593,eligible_<1700
1633,330,297,0.001064104217722172,eligible_<1700
1635,102,91,0.0003260386660360864,eligible_<1700
1636,153,151,0.0005410092150708686,eligible_<1700
1645,682,637,0.0022822706622526046,eligible_<1700
1679,410,330,0.0011823380196913022,eligible_<1700
1681,366,289,0.0010354414778508678,eligible_<1700
1692,640,630,0.0022571907648652133,eligible_<1700
1711,900,746,0.002672800492999126,eligible_<1700
1738,234,228,0.0008168880863321725,eligible_<1700
1744,289,282,0.0010103615804634765,eligible_<1700
1768,1664,1594,0.0057110509193573815,eligible_<1700
1772,158,132,0.0004729352078765209,eligible_<1700
1777,209,202,0.0007237341817504336,eligible_<1700
1797,3067,2958,0.010598048067414764,exclude_>2500
1804,136,132,0.0004729352078765209,eligible_<1700
1814,635,621,0.002224945182509996,eligible_<1700
1817,302,295,0.001056938532754346,eligible_<1700
1821,288,244,0.0008742135660747811,eligible_<1700
1823,237,231,0.0008276366137839116,eligible_<1700
1829,6709,6532,0.02340312710491996,exclude_>2500
1832,299,292,0.0010461900053026069,eligible_<1700
2652,1034,1009,0.0036150880662682546,eligible_<1700
3320,491,461,0.0016516903850839102,eligible_<1700
3339,267,261,0.0009351218883013028,eligible_<1700
3343,1436,1406,0.005037476532381731,eligible_<1700
3347,1289,1279,0.004582455536924775,eligible_<1700
3378,354,331,0.0011859208621752154,eligible_<1700
3385,476,457,0.001637359015148258,eligible_<1700
3405,203,201,0.0007201513392665205,eligible_<1700
3406,557,540,0.0019347349413130401,eligible_<1700
3411,179,141,0.0005051807902317383,eligible_<1700
3412,216,184,0.0006592430170399989,eligible_<1700
3422,620,602,0.0021568711753156486,eligible_<1700
3463,444,398,0.0014259713085973888,eligible_<1700
3495,1070,1057,0.0037870645054960805,eligible_<1700
3523,103,77,0.00027587887126130384,eligible_<1700
3531,136,115,0.00041202688564999926,eligible_<1700
3561,111,93,0.0003332043510039125,eligible_<1700
3567,469,453,0.001623027645212606,eligible_<1700
3570,3293,3249,0.011640655230233459,exclude_>2500
3577,392,284,0.0010175272654313026,eligible_<1700
3581,164,143,0.0005123464751995643,eligible_<1700
3584,184,143,0.0005123464751995643,eligible_<1700
3585,222,195,0.0006986542843630423,eligible_<1700
3586,638,629,0.0022536079223813006,eligible_<1700
3595,752,737,0.0026405549106439086,eligible_<1700
3597,312,278,0.0009960302105278243,eligible_<1700
3602,296,245,0.0008777964085586942,eligible_<1700
3605,442,336,0.0012038350745947805,eligible_<1700
3625,249,220,0.0007882253464608682,eligible_<1700
3637,185,163,0.0005840033248778251,eligible_<1700
3656,694,677,0.002425584361609126,eligible_<1700
3658,243,240,0.000859882196139129,eligible_<1700
3694,109,81,0.000290210241196956,eligible_<1700
3696,127,116,0.0004156097281339123,eligible_<1700
3705,267,262,0.0009387047307852157,eligible_<1700
3707,337,298,0.001067687060206085,eligible_<1700
3711,650,546,0.0019562319962165182,eligible_<1700
3724,189,147,0.0005266778451352165,eligible_<1700
3771,180,173,0.0006198317497169555,eligible_<1700
3801,543,523,0.0018738266190865185,eligible_<1700
3818,1407,1396,0.0050016481075426,eligible_<1700
3851,255,250,0.0008957106209782593,eligible_<1700
3852,1054,1031,0.003693910600914341,eligible_<1700
3855,358,341,0.0012217492870143457,eligible_<1700
3874,761,751,0.0026907147054186908,eligible_<1700
3924,172,169,0.0006055003797813033,eligible_<1700
3932,108,103,0.00036903277584304285,eligible_<1700
3934,503,477,0.0017090158648265187,eligible_<1700
6504,176,158,0.0005660891124582599,eligible_<1700
6509,107,103,0.00036903277584304285,eligible_<1700
6535,489,475,0.0017018501798586926,eligible_<1700
6541,1544,1523,0.005456669102999556,eligible_<1700
6554,412,405,0.00145105120598478,eligible_<1700
6558,308,299,0.0010712699026899982,eligible_<1700
6559,153,119,0.00042635825558565144,eligible_<1700
6578,139,132,0.0004729352078765209,eligible_<1700
8983,360,354,0.0012683262393052151,eligible_<1700
8986,146,146,0.0005230950026513034,eligible_<1700
9028,2332,2326,0.008333691617581724,borderline_1700-2500
9108,405,401,0.0014367198360491279,eligible_<1700
9177,158,153,0.0005481749000386947,eligible_<1700
9203,4670,4585,0.016427332788741277,exclude_>2500
10788,509,483,0.001730512919729997,eligible_<1700
10814,1012,1003,0.0035935910113647765,eligible_<1700
10819,571,558,0.001999226106023475,eligible_<1700
10878,138,133,0.00047651805036043397,eligible_<1700
10915,151,148,0.0005302606876191296,eligible_<1700
10946,138,104,0.00037261561832695585,eligible_<1700
10986,166,129,0.0004621866804247818,eligible_<1700
11057,714,634,0.0022715221348008656,eligible_<1700
11084,187,187,0.0006699915444917379,eligible_<1700
11122,160,130,0.00046576952290869485,eligible_<1700
11170,7868,7681,0.02751981311893604,exclude_>2500
11415,625,620,0.002221362340026083,eligible_<1700
11416,402,391,0.0014008914112099975,eligible_<1700
11436,116,83,0.0002973759261647821,eligible_<1700
11446,145,144,0.0005159293176834773,eligible_<1700
11585,118,114,0.00040844404316608626,eligible_<1700
11618,980,949,0.0034001175172334724,eligible_<1700
11706,288,281,0.0010067787379795634,eligible_<1700
11778,205,199,0.0007129856542986944,eligible_<1700
11983,187,185,0.0006628258595239119,eligible_<1700
12002,8278,8259,0.029590696074637775,exclude_>2500
12004,1910,1894,0.006785903664531292,borderline_1700-2500
12005,3314,3297,0.011812631669461284,exclude_>2500
12135,101,78,0.0002794617137452169,eligible_<1700
12188,188,188,0.000673574386975651,eligible_<1700
12237,256,254,0.0009100419909139115,eligible_<1700
12296,514,510,0.001827249666795649,eligible_<1700
12325,177,175,0.0006269974346847816,eligible_<1700
12333,46777,46777,0.16759462287000015,exclude_>2500
15839,872,850,0.0030454161113260816,eligible_<1700
15880,342,340,0.0012181664445304326,eligible_<1700
16067,124,116,0.0004156097281339123,eligible_<1700
16149,164,164,0.0005875861673617382,eligible_<1700
16184,215,214,0.0007667282915573899,eligible_<1700
16185,108,75,0.0002687131862934778,eligible_<1700
16191,223,221,0.0007918081889447812,eligible_<1700
16226,343,339,0.0012145836020465196,eligible_<1700
16355,162,160,0.0005732547974260859,eligible_<1700
16362,479,478,0.0017125987073104319,eligible_<1700
16444,457,343,0.0012289149719821718,eligible_<1700
16496,4690,4673,0.016742622927325625,exclude_>2500
16693,580,558,0.001999226106023475,eligible_<1700
16747,4786,4774,0.01710449001820084,exclude_>2500
19392,112,111,0.00039769551571434714,eligible_<1700
19409,203,199,0.0007129856542986944,eligible_<1700
19427,1591,1585,0.005678805337002164,eligible_<1700
19505,235,230,0.0008240537712999985,eligible_<1700
19544,142,140,0.0005015979477478252,eligible_<1700
19560,140,130,0.00046576952290869485,eligible_<1700
19616,132,125,0.0004478553104891297,eligible_<1700
19623,123,122,0.00043710678303739056,eligible_<1700
19624,371,371,0.0013292345615317368,eligible_<1700
19646,590,586,0.0020995456955730397,eligible_<1700
19727,314,307,0.0010999326425613024,eligible_<1700
19811,173,171,0.0006126660647491293,eligible_<1700
21287,1351,1348,0.004829671668314774,eligible_<1700
21342,177,176,0.0006305802771686945,eligible_<1700
21380,773,772,0.0027659543975808647,eligible_<1700
21463,294,293,0.0010497728477865198,eligible_<1700
21523,7713,7606,0.02725109993264256,exclude_>2500
21551,867,751,0.0026907147054186908,eligible_<1700
21572,182,175,0.0006269974346847816,eligible_<1700
21632,4031,4021,0.014406609627814322,exclude_>2500
21641,1665,1658,0.0059403528383278155,eligible_<1700
21703,157,154,0.0005517577425226077,eligible_<1700
21734,100,99,0.00035470140590739067,eligible_<1700
21779,189,132,0.0004729352078765209,eligible_<1700
25242,461,456,0.001633776172664345,eligible_<1700
27298,638,637,0.0022822706622526046,eligible_<1700
27356,2668,2662,0.009537526692176505,exclude_>2500
27363,221,221,0.0007918081889447812,eligible_<1700
27408,122,120,0.0004299410980695645,eligible_<1700
27451,543,539,0.0019311520988291272,eligible_<1700
27588,15214,15178,0.05438038322083208,exclude_>2500
27658,408,390,0.0013973085687260846,eligible_<1700
30370,179,179,0.0006413288046204337,eligible_<1700
30379,449,447,0.0016015305903091276,eligible_<1700
31105,3207,3192,0.011436433208650416,exclude_>2500
31133,1415,1413,0.0050625564297691215,eligible_<1700
31216,157,155,0.0005553405850065207,eligible_<1700
34375,656,647,0.002318099087091735,eligible_<1700
34376,120,120,0.0004299410980695645,eligible_<1700
34444,212,209,0.0007488140791378248,eligible_<1700
34615,2262,2258,0.008090058328675638,borderline_1700-2500
38924,154,153,0.0005481749000386947,eligible_<1700
39066,192,175,0.0006269974346847816,eligible_<1700
40107,471,453,0.001623027645212606,eligible_<1700
40234,473,472,0.0016911016524069535,eligible_<1700
40247,100,99,0.00035470140590739067,eligible_<1700
40347,335,327,0.0011715894922395631,eligible_<1700
40393,3320,3311,0.011862791464236066,exclude_>2500
40398,11196,11035,0.039536666809980366,exclude_>2500
40416,176,168,0.0006019175372973903,eligible_<1700
40425,1619,1618,0.005797039138971294,eligible_<1700
40480,129,126,0.0004514381529730427,eligible_<1700
40508,1687,1648,0.0059045244134886855,eligible_<1700
40628,7739,7734,0.02770970377058343,exclude_>2500
40629,555,554,0.0019848947360878227,eligible_<1700
40651,239,233,0.0008348022987517377,eligible_<1700
42892,607,605,0.0021676197027673877,eligible_<1700
42910,2936,2933,0.010508477005316938,exclude_>2500
43111,15381,15334,0.054939306648322514,exclude_>2500
43231,124,123,0.00044068962552130356,eligible_<1700
43245,118,111,0.00039769551571434714,eligible_<1700
43264,785,781,0.0027981999799360823,eligible_<1700
58565,175,174,0.0006234145922008685,eligible_<1700
58624,212,192,0.0006879057569113031,eligible_<1700
59335,164,164,0.0005875861673617382,eligible_<1700
59576,140,137,0.0004908494202960861,eligible_<1700
59936,325,325,0.001164423807271737,eligible_<1700
59946,8820,8701,0.031174312452527338,exclude_>2500
59959,16038,15990,0.05728965131776947,exclude_>2500
60131,1950,1944,0.0069650457887269444,borderline_1700-2500
60435,2463,2452,0.008785129770554767,borderline_1700-2500
61028,273,270,0.0009673674706565201,eligible_<1700
61458,459,459,0.001644524700116084,eligible_<1700
61470,715,710,0.0025438181635782566,eligible_<1700
66437,484,478,0.0017125987073104319,eligible_<1700
66588,2162,2150,0.00770311134041303,borderline_1700-2500
66613,469,469,0.0016803531249552145,eligible_<1700
66643,180,176,0.0006305802771686945,eligible_<1700
66665,123,123,0.00044068962552130356,eligible_<1700
66837,1216,1203,0.004310159508147384,eligible_<1700
66849,1539,1538,0.005510411740258251,eligible_<1700
66855,483,406,0.001454634048468693,eligible_<1700
67026,221,214,0.0007667282915573899,eligible_<1700
67148,221,219,0.0007846425039769551,eligible_<1700
67199,132,109,0.0003905298307465211,eligible_<1700
67593,817,816,0.0029235994668730383,eligible_<1700
67919,512,508,0.001820083981827823,eligible_<1700
67948,108,106,0.00037978130329478196,eligible_<1700
68076,489,461,0.0016516903850839102,eligible_<1700
68188,303,288,0.0010318586353669547,eligible_<1700
68199,135,130,0.00046576952290869485,eligible_<1700
73650,261,261,0.0009351218883013028,eligible_<1700
75333,332,331,0.0011859208621752154,eligible_<1700
75358,3133,3132,0.011221462659615633,exclude_>2500
75789,1115,1108,0.003969789472175645,eligible_<1700
75991,104,101,0.0003618670908752168,eligible_<1700
76322,191,190,0.0006807400719434771,eligible_<1700
76442,149,146,0.0005230950026513034,eligible_<1700
76684,184,182,0.0006520773320721727,eligible_<1700
77076,267,265,0.0009494532582369549,eligible_<1700
77423,22950,22950,0.0822262350058042,exclude_>2500
78954,866,866,0.00310274159106869,eligible_<1700
79067,380,375,0.001343565931467389,eligible_<1700
79828,7898,7872,0.028204136033363428,exclude_>2500
80006,1814,1805,0.006467030683463032,borderline_1700-2500
80869,143,141,0.0005051807902317383,eligible_<1700
80933,319,316,0.0011321782249165198,eligible_<1700
80979,921,920,0.003296215085199994,eligible_<1700
81453,3176,3170,0.011357610674004329,exclude_>2500
91653,127,124,0.0004442724680052166,eligible_<1700
91666,201,200,0.0007165684967826075,eligible_<1700
91668,221,220,0.0007882253464608682,eligible_<1700
91872,6093,5997,0.021486306376026484,exclude_>2500
91984,1663,1661,0.0059511013657795545,eligible_<1700
92177,112,110,0.0003941126732304341,eligible_<1700
92190,2523,2486,0.00890694641500781,exclude_>2500
96848,32025,32025,0.11474053054731502,exclude_>2500
96913,7588,7581,0.027161528870544734,exclude_>2500
97683,277,277,0.0009924473680439114,eligible_<1700
97786,10892,10840,0.038838012525617326,exclude_>2500
97803,900,891,0.003192312653166516,eligible_<1700
97903,7517,7498,0.026864152944379955,exclude_>2500
97939,157,157,0.0005625062699743469,eligible_<1700
98122,356,354,0.0012683262393052151,eligible_<1700
103185,2335,2333,0.008358771514969115,borderline_1700-2500
103235,410,409,0.0014653825759204323,eligible_<1700
103261,182,180,0.0006449116471043467,eligible_<1700
103469,199,195,0.0006986542843630423,eligible_<1700
103651,495,495,0.0017735070295369535,eligible_<1700
103670,138,134,0.000480100892844347,eligible_<1700
103686,1857,1856,0.006649755650142597,borderline_1700-2500
103814,377,377,0.0013507316164352151,eligible_<1700
107704,413,411,0.0014725482608882582,eligible_<1700
107733,206,203,0.0007273170242343465,eligible_<1700
108157,431,429,0.001537039425598693,eligible_<1700
108377,310,309,0.0011070983275291285,eligible_<1700
108687,5629,5621,0.020139157602075183,exclude_>2500
108711,152,149,0.0005338435301030425,eligible_<1700
117823,153,151,0.0005410092150708686,eligible_<1700
117838,921,901,0.0032281410780056466,eligible_<1700
117908,128,126,0.0004514381529730427,eligible_<1700
117942,2035,2031,0.007276753084827379,borderline_1700-2500
117985,3603,3568,0.012783581982601717,exclude_>2500
117987,174,173,0.0006198317497169555,eligible_<1700
118063,3701,3688,0.013213523080671282,exclude_>2500
118215,386,386,0.0013829771987904323,eligible_<1700
118330,137,137,0.0004908494202960861,eligible_<1700
118515,158,156,0.0005589234274904338,eligible_<1700
118536,1753,1742,0.006241311606976511,borderline_1700-2500
118568,265,264,0.0009458704157530418,eligible_<1700
118610,1345,1341,0.004804591770927383,eligible_<1700
122599,619,616,0.0022070309700904307,eligible_<1700
122691,173,172,0.0006162489072330424,eligible_<1700
122701,186,186,0.000666408702007825,eligible_<1700
122842,1701,1699,0.0060872493801682505,borderline_1700-2500
122890,350,349,0.00125041202688565,eligible_<1700
122891,953,951,0.0034072832022012983,eligible_<1700
123096,3367,3362,0.01204551643091563,exclude_>2500
123160,651,647,0.002318099087091735,eligible_<1700
123219,1973,1970,0.007058199693308683,borderline_1700-2500
126206,104,104,0.00037261561832695585,eligible_<1700
126239,848,847,0.0030346675838743425,eligible_<1700
126274,226,225,0.0008061395588804333,eligible_<1700
126404,146,146,0.0005230950026513034,eligible_<1700
126426,188,183,0.0006556601745560858,eligible_<1700
126792,5580,5577,0.01998151253278301,exclude_>2500
126996,1643,1637,0.005865113146165642,eligible_<1700
128927,222,222,0.0007953910314286943,eligible_<1700
129122,420,392,0.0014044742536939107,eligible_<1700
129156,382,342,0.0012253321294982587,eligible_<1700
129280,155,153,0.0005481749000386947,eligible_<1700
129320,1027,1020,0.003654499333591298,eligible_<1700
129348,175,173,0.0006198317497169555,eligible_<1700
129368,248,248,0.0008885449360104332,eligible_<1700
132497,998,991,0.0035505969015578198,eligible_<1700
132532,269,267,0.000956618943204781,eligible_<1700
132717,104,100,0.00035828424839130373,eligible_<1700
133038,12285,12245,0.04387190621551514,exclude_>2500
133747,239,239,0.0008562993536552159,eligible_<1700
140612,441,439,0.0015728678504378234,eligible_<1700
140717,1971,1968,0.007051034008340857,borderline_1700-2500
141019,348,348,0.001246829184401737,eligible_<1700
141035,295,294,0.001053355690270433,eligible_<1700
141089,103,102,0.0003654499333591298,eligible_<1700
141418,252,249,0.0008921277784943463,eligible_<1700
141423,3945,3932,0.014087736646746063,exclude_>2500
141430,975,959,0.003435945942072603,eligible_<1700
143782,241,240,0.000859882196139129,eligible_<1700
143884,33219,33115,0.11864582885478023,exclude_>2500
143986,6453,6441,0.023077088438883873,exclude_>2500
147030,905,897,0.0032138097080699943,eligible_<1700
147144,149,149,0.0005338435301030425,eligible_<1700
147145,153,153,0.0005481749000386947,eligible_<1700
147190,250,249,0.0008921277784943463,eligible_<1700
148586,163,160,0.0005732547974260859,eligible_<1700
148764,267,265,0.0009494532582369549,eligible_<1700
148940,110,110,0.0003941126732304341,eligible_<1700
148943,2788,2769,0.0099208908379552,exclude_>2500
153999,1969,1963,0.007033119795921292,borderline_1700-2500
154003,1598,1595,0.005714633761841294,eligible_<1700
154173,867,866,0.00310274159106869,eligible_<1700
154343,292,278,0.0009960302105278243,eligible_<1700
154476,383,383,0.0013722286713386933,eligible_<1700
154509,2419,2415,0.008652564598649985,borderline_1700-2500
154510,434,430,0.001540622268082606,eligible_<1700
154553,120,120,0.0004299410980695645,eligible_<1700
154597,13227,13156,0.04713587571835992,exclude_>2500
154674,216,214,0.0007667282915573899,eligible_<1700
154753,109,109,0.0003905298307465211,eligible_<1700
154778,233,230,0.0008240537712999985,eligible_<1700
154857,181,178,0.0006377459621365206,eligible_<1700
154895,206,204,0.0007308998667182596,eligible_<1700
154910,428,414,0.0014832967883399975,eligible_<1700
155020,119,119,0.00042635825558565144,eligible_<1700
155025,664,661,0.0023682588818665176,eligible_<1700
156007,191,185,0.0006628258595239119,eligible_<1700
158851,252,248,0.0008885449360104332,eligible_<1700
158889,1794,1788,0.0064061223612365105,borderline_1700-2500
158900,4926,4907,0.017581008068561273,exclude_>2500
158971,273,272,0.0009745331556243462,eligible_<1700
158978,331,322,0.001153675279819998,eligible_<1700
158982,358,351,0.001257577711853476,eligible_<1700
159011,160,158,0.0005660891124582599,eligible_<1700
159143,705,702,0.002515155423706952,eligible_<1700
159405,130,127,0.00045502099545695573,eligible_<1700
159469,602,601,0.0021532883328317354,eligible_<1700
159492,1391,1385,0.004962236840219556,eligible_<1700
159503,3320,3295,0.011805465984493458,exclude_>2500
159508,7447,7443,0.026667096607764736,exclude_>2500
159581,1799,1797,0.006438367943591728,borderline_1700-2500
163413,2297,2296,0.008226206343064334,borderline_1700-2500
167604,104,104,0.00037261561832695585,eligible_<1700
167650,125,109,0.0003905298307465211,eligible_<1700
171339,533,529,0.0018953236739899966,eligible_<1700
171419,236,235,0.0008419679837195637,eligible_<1700
171431,373,366,0.0013113203491121716,eligible_<1700
171475,163,163,0.0005840033248778251,eligible_<1700
171541,533,531,0.0019024893589578227,eligible_<1700
171548,144,143,0.0005123464751995643,eligible_<1700
173105,777,762,0.0027301259727417343,eligible_<1700
173156,1568,1562,0.0055963999598721646,eligible_<1700
173275,1265,1239,0.004439141837568253,eligible_<1700
173336,146,146,0.0005230950026513034,eligible_<1700
175223,1996,1994,0.007144187912922597,borderline_1700-2500
177939,647,641,0.002296602032188257,eligible_<1700
178044,681,680,0.002436332889060865,eligible_<1700
178134,981,974,0.003489688579331298,eligible_<1700
178166,141,138,0.0004944322627799991,eligible_<1700
178212,182,181,0.0006484944895882597,eligible_<1700
178336,4096,4084,0.014632328704300843,exclude_>2500
178550,392,387,0.0013865600412743455,eligible_<1700
178835,223,221,0.0007918081889447812,eligible_<1700
182952,122,122,0.00043710678303739056,eligible_<1700
182982,124,106,0.00037978130329478196,eligible_<1700
183150,308,308,0.0011035154850452154,eligible_<1700
188390,317,288,0.0010318586353669547,eligible_<1700
188465,503,493,0.0017663413445691274,eligible_<1700
188793,141,141,0.0005051807902317383,eligible_<1700
188885,101,101,0.0003618670908752168,eligible_<1700
188997,100,100,0.00035828424839130373,eligible_<1700
189030,212,211,0.0007559797641056509,eligible_<1700
189062,937,915,0.003278300872780429,eligible_<1700
189341,144,143,0.0005123464751995643,eligible_<1700
189453,1747,1744,0.006248477291944337,borderline_1700-2500
189489,168,168,0.0006019175372973903,eligible_<1700
189890,307,304,0.0010891841151095634,eligible_<1700
190247,398,397,0.0014223884661134758,eligible_<1700
190462,112,105,0.0003761984608108689,eligible_<1700
190553,160,156,0.0005589234274904338,eligible_<1700
191004,2781,2760,0.009888645255599984,exclude_>2500
194690,3203,3200,0.01146509594852172,exclude_>2500
194820,151,149,0.0005338435301030425,eligible_<1700
195043,4546,4524,0.01620877939722258,exclude_>2500
195137,3029,3020,0.010820184301417372,exclude_>2500
195227,529,524,0.0018774094615704314,eligible_<1700
195275,175,169,0.0006055003797813033,eligible_<1700
195372,1080,1079,0.003865887040142167,eligible_<1700
195456,407,403,0.001443885521016954,eligible_<1700
195518,577,575,0.0020601344282499966,eligible_<1700
195528,2435,2433,0.00871705576336042,borderline_1700-2500
195981,305,302,0.0010820184301417372,eligible_<1700
196306,413,410,0.0014689654184043453,eligible_<1700
205774,232,232,0.0008312194562678246,eligible_<1700
205867,1753,1748,0.006262808661879989,borderline_1700-2500
206299,462,462,0.0016552732275678232,eligible_<1700
206327,1488,1486,0.0053241039310947735,eligible_<1700
206448,543,542,0.0019419006262808662,eligible_<1700
206490,726,726,0.002601143643320865,eligible_<1700
206593,228,228,0.0008168880863321725,eligible_<1700
206757,756,754,0.0027014632328704303,eligible_<1700
206802,239,236,0.0008455508262034768,eligible_<1700
206941,5768,5767,0.020662252604726487,exclude_>2500
207117,324,323,0.0011572581223039111,eligible_<1700
207202,122,121,0.0004335239405534775,eligible_<1700
207242,462,455,0.0016301933301804319,eligible_<1700
207310,330,327,0.0011715894922395631,eligible_<1700
219359,104,103,0.00036903277584304285,eligible_<1700
219512,734,734,0.002629806383192169,eligible_<1700
219513,19495,19480,0.06979377158662596,exclude_>2500
219638,647,637,0.0022822706622526046,eligible_<1700
219650,637,632,0.0022643564498330397,eligible_<1700
219670,126,124,0.0004442724680052166,eligible_<1700
219766,145,143,0.0005123464751995643,eligible_<1700
220341,135,130,0.00046576952290869485,eligible_<1700
220499,109,109,0.0003905298307465211,eligible_<1700
220517,4026,4012,0.014374364045459106,exclude_>2500
220588,712,699,0.002504406896255213,eligible_<1700
220598,334,334,0.0011966693896269544,eligible_<1700
220632,1620,1600,0.00573254797426086,eligible_<1700
220700,1149,1133,0.0040593605342734715,eligible_<1700
220741,130,126,0.0004514381529730427,eligible_<1700
220827,706,700,0.0025079897387391263,eligible_<1700
220878,179,178,0.0006377459621365206,eligible_<1700
220988,857,852,0.003052581796293908,eligible_<1700
231223,801,795,0.0028483597747108644,eligible_<1700
231392,110,108,0.000386946988262608,eligible_<1700
231484,2842,2832,0.010146609914441721,exclude_>2500
231553,303,302,0.0010820184301417372,eligible_<1700
231624,225,225,0.0008061395588804333,eligible_<1700
231639,464,463,0.0016588560700517363,eligible_<1700
231644,153,153,0.0005481749000386947,eligible_<1700
231665,1622,1620,0.00580420482393912,eligible_<1700
231854,267,260,0.0009315390458173897,eligible_<1700
232043,11164,11149,0.039945110853146455,exclude_>2500
232045,957,955,0.0034216145721369506,eligible_<1700
232078,424,423,0.0015155423706952147,eligible_<1700
232216,155,155,0.0005553405850065207,eligible_<1700
232300,168,167,0.0005983346948134772,eligible_<1700
232303,685,685,0.0024542471014804305,eligible_<1700
232353,261,260,0.0009315390458173897,eligible_<1700
232414,6797,6779,0.02428808919844648,exclude_>2500
232417,428,426,0.001526290898146954,eligible_<1700
232420,383,382,0.0013686458288547803,eligible_<1700
232473,577,566,0.002027888845894779,eligible_<1700
232595,2106,2098,0.007516803531249552,borderline_1700-2500
232661,212,210,0.0007523969216217378,eligible_<1700
232800,164,164,0.0005875861673617382,eligible_<1700
232824,1264,1262,0.004521547214698253,eligible_<1700
232827,130,129,0.0004621866804247818,eligible_<1700
239808,171,171,0.0006126660647491293,eligible_<1700
239845,199,197,0.0007058199693308683,eligible_<1700
239938,129,128,0.0004586038379408688,eligible_<1700
239951,503,498,0.0017842555569886926,eligible_<1700
240096,141,138,0.0004944322627799991,eligible_<1700
240271,770,745,0.0026692176505152126,eligible_<1700
240584,187,187,0.0006699915444917379,eligible_<1700
240855,2478,2473,0.008860369462716941,borderline_1700-2500
240957,601,595,0.0021317912779282573,eligible_<1700
240980,6387,6378,0.02285136936239735,exclude_>2500
241245,451,449,0.0016086962752769537,eligible_<1700
241334,395,394,0.0014116399386617366,eligible_<1700
241451,5258,5251,0.018813505883027357,exclude_>2500
241477,3143,3119,0.011174885707324764,exclude_>2500
241831,3681,3675,0.013166946128380411,exclude_>2500
242227,256,205,0.0007344827092021726,eligible_<1700
242302,20398,20398,0.07308282098685813,exclude_>2500
242324,845,840,0.0030095876864869513,eligible_<1700
245532,123,121,0.0004335239405534775,eligible_<1700
247436,1167,1156,0.004141765911403471,eligible_<1700
247694,1016,1010,0.0036186709087521677,eligible_<1700
247785,372,372,0.00133281740401565,eligible_<1700
247984,221,221,0.0007918081889447812,eligible_<1700
248002,861,858,0.003074078851197386,eligible_<1700
248158,2440,2425,0.008688393023489116,borderline_1700-2500
248167,642,642,0.00230018487467217,eligible_<1700
248182,289,288,0.0010318586353669547,eligible_<1700
248224,135,135,0.00048368373532826003,eligible_<1700
248584,763,761,0.002726543130257821,eligible_<1700
248763,417,415,0.0014868796308239104,eligible_<1700
248909,168,166,0.0005947518523295642,eligible_<1700
249047,112,110,0.0003941126732304341,eligible_<1700
249106,179,179,0.0006413288046204337,eligible_<1700
249381,4020,4018,0.014395861100362584,exclude_>2500
249404,171,170,0.0006090832222652163,eligible_<1700
249590,886,855,0.003063330323745647,eligible_<1700
249670,637,635,0.0022751049772847787,eligible_<1700
249703,1811,1811,0.00648852773836651,borderline_1700-2500
254708,1947,1941,0.006954297261275205,borderline_1700-2500
254846,199,197,0.0007058199693308683,eligible_<1700
254888,491,491,0.0017591756596013013,eligible_<1700
254894,283,280,0.0010031958954956504,eligible_<1700
255392,118,118,0.0004227754131017384,eligible_<1700
255455,588,586,0.0020995456955730397,eligible_<1700
255516,201,197,0.0007058199693308683,eligible_<1700
255659,417,417,0.0014940453157917366,eligible_<1700
255664,2425,2388,0.008555827851584333,borderline_1700-2500
258376,157,154,0.0005517577425226077,eligible_<1700
258413,847,845,0.0030275018989065166,eligible_<1700
258444,2867,2865,0.010264843716410852,exclude_>2500
258561,175,173,0.0006198317497169555,eligible_<1700
258748,252,252,0.0009028763059460854,eligible_<1700
259061,897,886,0.003174398440746951,eligible_<1700
259121,101,82,0.0002937930836808691,eligible_<1700
259310,137,136,0.0004872665778121731,eligible_<1700
260000,176,174,0.0006234145922008685,eligible_<1700
260156,155,155,0.0005553405850065207,eligible_<1700
260170,184,184,0.0006592430170399989,eligible_<1700
260180,10628,10602,0.03798529601444602,exclude_>2500
260212,110,110,0.0003941126732304341,eligible_<1700
260234,144,142,0.0005087636327156513,eligible_<1700
260269,115,113,0.0004048612006821732,eligible_<1700
260300,3737,3686,0.013206357395703455,exclude_>2500
260316,729,729,0.002611892170772604,eligible_<1700
260332,973,972,0.0034825228943634722,eligible_<1700
260348,105,105,0.0003761984608108689,eligible_<1700
260524,242,242,0.000867047881106955,eligible_<1700
260694,202,202,0.0007237341817504336,eligible_<1700
260710,1006,1006,0.0036043395388165155,eligible_<1700
260786,257,247,0.0008849620935265202,eligible_<1700
260788,271,271,0.0009709503131404331,eligible_<1700
260923,180,177,0.0006341631196526076,eligible_<1700
260927,487,486,0.0017412614471817361,eligible_<1700
261114,3519,3514,0.012590108488470413,exclude_>2500
261165,327,320,0.0011465095948521718,eligible_<1700
261449,100,100,0.00035828424839130373,eligible_<1700
269420,642,624,0.002235693709961735,eligible_<1700
269526,1012,1007,0.0036079223813004287,eligible_<1700
269595,4095,4092,0.014660991444172149,exclude_>2500
269623,219,216,0.000773893976525216,eligible_<1700
269967,597,594,0.002128208435444344,eligible_<1700
270109,2212,2207,0.007907333361996073,borderline_1700-2500
270138,1613,1606,0.005754045029164338,eligible_<1700
270270,141,141,0.0005051807902317383,eligible_<1700
270443,421,417,0.0014940453157917366,eligible_<1700
270501,174,173,0.0006198317497169555,eligible_<1700
270513,118,118,0.0004227754131017384,eligible_<1700
270633,2859,2853,0.010221849606603895,exclude_>2500
271055,7819,7809,0.027978416956876907,exclude_>2500
271088,3254,3249,0.011640655230233459,exclude_>2500
276497,722,719,0.002576063745933474,eligible_<1700
276498,5295,5285,0.0189353225274804,exclude_>2500
276830,2393,2388,0.008555827851584333,borderline_1700-2500
274861,627,627,0.0022464422374134743,eligible_<1700
274960,20514,20479,0.0733730312280551,exclude_>2500
275034,560,555,0.001988477578571736,eligible_<1700
275100,165,163,0.0005840033248778251,eligible_<1700
275530,311,311,0.0011142640124969547,eligible_<1700
275557,250,250,0.0008957106209782593,eligible_<1700
275817,129,129,0.0004621866804247818,eligible_<1700
275849,132,110,0.0003941126732304341,eligible_<1700
275913,2050,2040,0.007308998667182596,borderline_1700-2500
276169,135,130,0.00046576952290869485,eligible_<1700
276296,364,363,0.0013005718216604326,eligible_<1700
284584,2567,2567,0.009197156656204767,exclude_>2500
284639,153,150,0.0005374263725869556,eligible_<1700
284665,392,389,0.0013937257262421714,eligible_<1700
284785,108,106,0.00037978130329478196,eligible_<1700
284832,311,311,0.0011142640124969547,eligible_<1700
284845,145,144,0.0005159293176834773,eligible_<1700
284936,3330,3315,0.011877122834171718,exclude_>2500
284982,377,374,0.0013399830889834759,eligible_<1700
285036,935,931,0.0033356263525230376,eligible_<1700
285115,160,160,0.0005732547974260859,eligible_<1700
285125,179,175,0.0006269974346847816,eligible_<1700
285171,128,127,0.00045502099545695573,eligible_<1700
285183,179,177,0.0006341631196526076,eligible_<1700
285192,8208,8157,0.029225246141278645,exclude_>2500
291511,412,411,0.0014725482608882582,eligible_<1700
291794,2794,2772,0.00993163936540694,exclude_>2500
292013,114,112,0.00040127835819826015,eligible_<1700
292099,139,136,0.0004872665778121731,eligible_<1700
292363,387,385,0.0013793943563065194,eligible_<1700
292489,284,284,0.0010175272654313026,eligible_<1700
292894,470,470,0.0016839359674391274,eligible_<1700
292917,211,209,0.0007488140791378248,eligible_<1700
293264,738,734,0.002629806383192169,eligible_<1700
293275,696,695,0.002490075526319561,eligible_<1700
293348,892,890,0.003188729810682603,eligible_<1700
293579,160,157,0.0005625062699743469,eligible_<1700
293678,1547,1544,0.005531908795161729,eligible_<1700
298370,125,125,0.0004478553104891297,eligible_<1700
298383,4092,4091,0.014657408601688236,exclude_>2500
298459,157,154,0.0005517577425226077,eligible_<1700
298562,493,490,0.0017555928171173883,eligible_<1700
298624,250,248,0.0008885449360104332,eligible_<1700
298701,577,568,0.0020350545308626053,eligible_<1700
298764,171,170,0.0006090832222652163,eligible_<1700
305462,779,776,0.002780285767516517,eligible_<1700
305682,4322,4316,0.015463548160568668,exclude_>2500
305752,627,607,0.0021747853877352136,eligible_<1700
305838,125,124,0.0004442724680052166,eligible_<1700
306182,501,500,0.0017914212419565187,eligible_<1700
306482,527,526,0.0018845751465382575,eligible_<1700
306680,1028,1025,0.003672413546010863,eligible_<1700
306697,532,525,0.0018809923040543446,eligible_<1700
306745,331,330,0.0011823380196913022,eligible_<1700
307033,100,97,0.0003475357209395646,eligible_<1700
308028,166,166,0.0005947518523295642,eligible_<1700
308368,175,173,0.0006198317497169555,eligible_<1700
308388,167,166,0.0005947518523295642,eligible_<1700
308416,469,460,0.001648107542599997,eligible_<1700
308493,355,352,0.001261160554337389,eligible_<1700
308762,611,608,0.0021783682302191267,eligible_<1700
309297,253,244,0.0008742135660747811,eligible_<1700
316555,110,104,0.00037261561832695585,eligible_<1700
316620,126,109,0.0003905298307465211,eligible_<1700
316625,101,97,0.0003475357209395646,eligible_<1700
314577,315,262,0.0009387047307852157,eligible_<1700
315043,918,916,0.0032818837152643423,eligible_<1700
315048,384,383,0.0013722286713386933,eligible_<1700
315234,540,539,0.0019311520988291272,eligible_<1700
315252,116,116,0.0004156097281339123,eligible_<1700
315624,163,162,0.000580420482393912,eligible_<1700
315727,1647,1643,0.00588661020106912,eligible_<1700
315877,255,253,0.0009064591484299984,eligible_<1700
315976,107,107,0.00038336414577869497,eligible_<1700
316343,299,299,0.0010712699026899982,eligible_<1700
329084,254,254,0.0009100419909139115,eligible_<1700
329089,214,175,0.0006269974346847816,eligible_<1700
329400,199,196,0.0007022371268469553,eligible_<1700
329465,8289,8276,0.029651604396864296,exclude_>2500
329484,671,670,0.0024005044642217348,eligible_<1700
329593,556,554,0.0019848947360878227,eligible_<1700
329710,100,100,0.00035828424839130373,eligible_<1700
329716,1614,1604,0.0057468793441965114,eligible_<1700
333280,338,337,0.0012074179170786935,eligible_<1700
333539,1303,1298,0.004650529544119123,eligible_<1700
334137,398,397,0.0014223884661134758,eligible_<1700
334216,140,139,0.0004980151052639122,eligible_<1700
334537,173,172,0.0006162489072330424,eligible_<1700
335212,1290,1282,0.004593204064376514,eligible_<1700
335275,1754,1752,0.006277140031815641,borderline_1700-2500
335427,1734,1731,0.0062019003396534675,borderline_1700-2500
335446,183,181,0.0006484944895882597,eligible_<1700
335764,2647,2603,0.009326138985625636,exclude_>2500
335864,209,209,0.0007488140791378248,eligible_<1700
336847,2602,2600,0.009315390458173896,exclude_>2500
336849,269,268,0.000960201785688694,eligible_<1700
336946,114,114,0.00040844404316608626,eligible_<1700
344933,176,172,0.0006162489072330424,eligible_<1700
345520,146,146,0.0005230950026513034,eligible_<1700
345918,191,191,0.0006843229144273902,eligible_<1700
345969,598,597,0.002138956962896083,eligible_<1700
346057,924,919,0.0032926322427160814,eligible_<1700
346094,105,105,0.0003761984608108689,eligible_<1700
346255,156,153,0.0005481749000386947,eligible_<1700
346553,132,131,0.00046935236539260786,eligible_<1700
346597,144,144,0.0005159293176834773,eligible_<1700
346630,117,114,0.00040844404316608626,eligible_<1700
346645,389,389,0.0013937257262421714,eligible_<1700
358661,2651,2644,0.00947303552746607,exclude_>2500
358812,414,413,0.0014797139458560843,eligible_<1700
359132,144,143,0.0005123464751995643,eligible_<1700
359152,2555,2551,0.009139831176462158,exclude_>2500
359211,215,215,0.000770311134041303,eligible_<1700
359238,125,124,0.0004442724680052166,eligible_<1700
359315,143,142,0.0005087636327156513,eligible_<1700
359502,852,836,0.002995256316551299,eligible_<1700
359601,360,356,0.0012754919242730413,eligible_<1700
359609,3235,3222,0.011543918483167806,exclude_>2500
359613,198,194,0.0006950714418791292,eligible_<1700
359763,272,270,0.0009673674706565201,eligible_<1700
368386,243,241,0.0008634650386230419,eligible_<1700
368432,2527,2522,0.00903592874442868,exclude_>2500
368554,112,112,0.00040127835819826015,eligible_<1700
368854,392,392,0.0014044742536939107,eligible_<1700
369007,173,172,0.0006162489072330424,eligible_<1700
369142,1118,1115,0.003994869369563036,eligible_<1700
369154,302,301,0.0010784355876578243,eligible_<1700
369388,409,405,0.00145105120598478,eligible_<1700
369395,169,168,0.0006019175372973903,eligible_<1700
369410,116,115,0.00041202688564999926,eligible_<1700
369519,274,273,0.0009781159981082591,eligible_<1700
369646,2494,2485,0.008903363572523897,borderline_1700-2500
369869,119,119,0.00042635825558565144,eligible_<1700
369898,508,507,0.00181650113934391,eligible_<1700
370164,2395,2389,0.008559410694068246,borderline_1700-2500
370166,170,170,0.0006090832222652163,eligible_<1700
370418,118,117,0.0004191925706178254,eligible_<1700
370687,104,104,0.00037261561832695585,eligible_<1700
370757,526,525,0.0018809923040543446,eligible_<1700
371140,223,222,0.0007953910314286943,eligible_<1700
371333,100,99,0.00035470140590739067,eligible_<1700
371433,1384,1373,0.0049192427304126,eligible_<1700
371535,1090,1086,0.0038909669375295584,eligible_<1700
371636,263,262,0.0009387047307852157,eligible_<1700
371942,12494,12494,0.04476403399400949,exclude_>2500
372559,4911,4899,0.017552345328689968,exclude_>2500
372891,129,129,0.0004621866804247818,eligible_<1700
373106,15799,15799,0.05660532840334208,exclude_>2500
373167,1977,1965,0.007040285480889118,borderline_1700-2500
373190,346,346,0.001239663499433911,eligible_<1700
373636,439,439,0.0015728678504378234,eligible_<1700
373759,389,387,0.0013865600412743455,eligible_<1700
373915,121,121,0.0004335239405534775,eligible_<1700
374200,392,389,0.0013937257262421714,eligible_<1700
374342,295,292,0.0010461900053026069,eligible_<1700
385799,383,383,0.0013722286713386933,eligible_<1700
386148,553,551,0.0019741462086360836,eligible_<1700
386216,253,246,0.0008813792510426071,eligible_<1700
386273,322,322,0.001153675279819998,eligible_<1700
386508,146,143,0.0005123464751995643,eligible_<1700
386538,316,315,0.0011285953824326067,eligible_<1700
386906,140,140,0.0005015979477478252,eligible_<1700
387388,501,500,0.0017914212419565187,eligible_<1700
387776,175,174,0.0006234145922008685,eligible_<1700
387780,2371,2371,0.008494919529357811,borderline_1700-2500
387866,2151,2146,0.007688779970477378,borderline_1700-2500
388668,124,123,0.00044068962552130356,eligible_<1700
388683,108,107,0.00038336414577869497,eligible_<1700
390406,146,145,0.0005195121601673904,eligible_<1700
391048,139,138,0.0004944322627799991,eligible_<1700
391086,175,175,0.0006269974346847816,eligible_<1700
391255,152,151,0.0005410092150708686,eligible_<1700
391752,198,198,0.0007094028118147813,eligible_<1700
391795,793,785,0.002812531349871734,eligible_<1700
391834,1561,1554,0.00556773722000086,eligible_<1700
391886,207,206,0.0007380655516860857,eligible_<1700
391985,237,236,0.0008455508262034768,eligible_<1700
391995,150,149,0.0005338435301030425,eligible_<1700
392173,209,202,0.0007237341817504336,eligible_<1700
392372,130,129,0.0004621866804247818,eligible_<1700
392455,226,221,0.0007918081889447812,eligible_<1700
392513,510,508,0.001820083981827823,eligible_<1700
393179,549,547,0.0019598148387004314,eligible_<1700
393325,3527,3519,0.012608022700889978,exclude_>2500
2,589,571,0.0020458030583143444,eligible_<1700
8,210,209,0.0007488140791378248,eligible_<1700
9,1453,1450,0.005195121601673904,eligible_<1700
220,14540,14514,0.052001375811513824,exclude_>2500
222,1541,1525,0.005463834787967382,eligible_<1700
223,1680,1662,0.005954684208263468,eligible_<1700
228,2548,2487,0.008910529257491724,exclude_>2500
232,2278,2269,0.008129469595998681,borderline_1700-2500
234,4888,4798,0.017190478237814753,exclude_>2500
241,188,183,0.0006556601745560858,eligible_<1700
242,5684,5571,0.019960015477879532,exclude_>2500
244,1651,1566,0.005610731329807816,eligible_<1700
248,638,613,0.0021962824426386917,eligible_<1700
249,3695,3678,0.013177694655832151,exclude_>2500
257,7097,6992,0.025051234647519956,exclude_>2500
261,274,273,0.0009781159981082591,eligible_<1700
264,688,645,0.002310933402123909,eligible_<1700
270,600,594,0.002128208435444344,eligible_<1700
273,141,139,0.0004980151052639122,eligible_<1700
277,1024,1023,0.003665247861043037,eligible_<1700
550,1504,1497,0.005363515198417817,eligible_<1700
552,4136,4130,0.014797139458560845,exclude_>2500
556,104,101,0.0003618670908752168,eligible_<1700
581,260,254,0.0009100419909139115,eligible_<1700
585,136,135,0.00048368373532826003,eligible_<1700
593,184,184,0.0006592430170399989,eligible_<1700
606,285,281,0.0010067787379795634,eligible_<1700
612,165,165,0.0005911690098456511,eligible_<1700
619,4012,4004,0.0143457013055878,exclude_>2500
624,8669,8572,0.030712125772102555,exclude_>2500
626,1147,931,0.0033356263525230376,eligible_<1700
631,1007,1000,0.0035828424839130374,eligible_<1700
632,2287,2274,0.008147383808418247,borderline_1700-2500
639,341,335,0.0012002522321108674,eligible_<1700
642,266,257,0.0009207905183656505,eligible_<1700
651,952,947,0.003392951832265646,eligible_<1700
661,420,419,0.0015012110007595627,eligible_<1700
668,369,367,0.0013149031915960846,eligible_<1700
673,215,211,0.0007559797641056509,eligible_<1700
684,639,618,0.002214196655058257,eligible_<1700
687,162,159,0.000569671954942173,eligible_<1700
691,1824,1821,0.006524356163205641,borderline_1700-2500
1044,1043,970,0.0034753572093956463,eligible_<1700
1070,1237,1217,0.004360319302922166,eligible_<1700
1081,175,172,0.0006162489072330424,eligible_<1700
1107,2839,2834,0.010153775599409548,exclude_>2500
1117,4408,4381,0.015696432922023017,exclude_>2500
1126,779,755,0.002705046075354343,eligible_<1700
1130,110,109,0.0003905298307465211,eligible_<1700
1132,178,175,0.0006269974346847816,eligible_<1700
1140,128,125,0.0004478553104891297,eligible_<1700
1145,211,204,0.0007308998667182596,eligible_<1700
1147,315,306,0.0010963498000773895,eligible_<1700
1150,950,907,0.0032496381329091247,eligible_<1700
1152,502,483,0.001730512919729997,eligible_<1700
1159,4451,4431,0.015875575046218667,exclude_>2500
1162,114,114,0.00040844404316608626,eligible_<1700
1170,198,194,0.0006950714418791292,eligible_<1700
1171,109,109,0.0003905298307465211,eligible_<1700
1177,217,217,0.0007774768190091291,eligible_<1700
1188,509,488,0.0017484271321495622,eligible_<1700
1190,452,446,0.0015979477478252147,eligible_<1700
1212,784,765,0.0027408745001934734,eligible_<1700
1233,871,844,0.0030239190564226035,eligible_<1700
1243,182,177,0.0006341631196526076,eligible_<1700
1252,170,167,0.0005983346948134772,eligible_<1700
1875,247,243,0.0008706307235908681,eligible_<1700
1894,309,270,0.0009673674706565201,eligible_<1700
2224,295,283,0.0010139444229473895,eligible_<1700
2229,229,229,0.0008204709288160856,eligible_<1700
2234,499,479,0.0017161815497943448,eligible_<1700
2235,255,253,0.0009064591484299984,eligible_<1700
2243,15826,15484,0.05547673302090947,exclude_>2500
2248,210,196,0.0007022371268469553,eligible_<1700
2249,269,252,0.0009028763059460854,eligible_<1700
2256,292,275,0.0009852816830760852,eligible_<1700
2258,206,187,0.0006699915444917379,eligible_<1700
2272,1283,1231,0.004410479097696949,eligible_<1700
2281,8063,7876,0.028218467403299082,exclude_>2500
2301,458,432,0.001547787953050432,eligible_<1700
2310,185,185,0.0006628258595239119,eligible_<1700
2312,209,206,0.0007380655516860857,eligible_<1700
2314,100,97,0.0003475357209395646,eligible_<1700
2318,691,675,0.0024184186766413,eligible_<1700
2322,1325,1312,0.004700689338893905,eligible_<1700
2371,418,418,0.0014976281582756495,eligible_<1700
2388,187,147,0.0005266778451352165,eligible_<1700
2401,212,206,0.0007380655516860857,eligible_<1700
2409,282,272,0.0009745331556243462,eligible_<1700
2427,186,173,0.0006198317497169555,eligible_<1700
2444,284,262,0.0009387047307852157,eligible_<1700
2446,228,206,0.0007380655516860857,eligible_<1700
2447,265,213,0.000763145449073477,eligible_<1700
3077,111,106,0.00037978130329478196,eligible_<1700
3085,2433,2423,0.008681227338521289,borderline_1700-2500
3086,1093,1053,0.0037727331355604282,eligible_<1700
3089,154,142,0.0005087636327156513,eligible_<1700
3093,498,493,0.0017663413445691274,eligible_<1700
3133,373,365,0.0013077375066282587,eligible_<1700
3139,1284,1277,0.004575289851956948,eligible_<1700
3155,167,167,0.0005983346948134772,eligible_<1700
3160,101,81,0.000290210241196956,eligible_<1700
3163,209,192,0.0006879057569113031,eligible_<1700
3170,213,196,0.0007022371268469553,eligible_<1700
3182,238,232,0.0008312194562678246,eligible_<1700
3202,646,572,0.002049385900798257,eligible_<1700
3208,982,974,0.003489688579331298,eligible_<1700
3231,313,311,0.0011142640124969547,eligible_<1700
3248,268,242,0.000867047881106955,eligible_<1700
3251,193,166,0.0005947518523295642,eligible_<1700
3263,476,392,0.0014044742536939107,eligible_<1700
3279,258,252,0.0009028763059460854,eligible_<1700
3284,3218,3144,0.011264456769422589,exclude_>2500
3285,326,308,0.0011035154850452154,eligible_<1700
4402,180,180,0.0006449116471043467,eligible_<1700
4453,297,263,0.0009422875732691288,eligible_<1700
4454,387,348,0.001246829184401737,eligible_<1700
4471,2144,2131,0.007635037333218683,borderline_1700-2500
4475,832,830,0.002973759261647821,eligible_<1700
4476,149,147,0.0005266778451352165,eligible_<1700
5791,278,275,0.0009852816830760852,eligible_<1700
5829,178,119,0.00042635825558565144,eligible_<1700
5837,156,156,0.0005589234274904338,eligible_<1700
5894,5165,5036,0.018043194748986056,exclude_>2500
5941,409,408,0.0014617997334365192,eligible_<1700
5942,827,821,0.0029415136792926037,eligible_<1700
5991,135,108,0.000386946988262608,eligible_<1700
5993,100,75,0.0002687131862934778,eligible_<1700
5998,100,74,0.0002651303438095648,eligible_<1700
6041,119,87,0.00031170729610043425,eligible_<1700
6112,143,139,0.0004980151052639122,eligible_<1700
6117,576,574,0.0020565515857660834,eligible_<1700
6118,183,183,0.0006556601745560858,eligible_<1700
6137,524,519,0.0018594952491508662,eligible_<1700
6191,400,396,0.0014188056236295627,eligible_<1700
6209,696,682,0.0024434985740286914,eligible_<1700
6215,136,106,0.00037978130329478196,eligible_<1700
6249,33580,33486,0.11997506341631196,exclude_>2500
6253,137,94,0.0003367871934878255,eligible_<1700
6281,1401,1398,0.005008813792510426,eligible_<1700
6353,313,274,0.0009816988405921723,eligible_<1700
6383,224,223,0.0007989738739126073,eligible_<1700
8593,609,597,0.002138956962896083,eligible_<1700
8652,167,156,0.0005589234274904338,eligible_<1700
8658,108,104,0.00037261561832695585,eligible_<1700
8671,519,515,0.0018451638792152142,eligible_<1700
8725,102,72,0.00025796465884173866,eligible_<1700
8727,118,86,0.0003081244536165212,eligible_<1700
8730,887,801,0.002869856829614343,eligible_<1700
8790,1322,1316,0.004715020708829557,eligible_<1700
8860,239,233,0.0008348022987517377,eligible_<1700
8915,218,211,0.0007559797641056509,eligible_<1700
8920,943,937,0.0033571234074265158,eligible_<1700
8939,170,170,0.0006090832222652163,eligible_<1700
9227,115,110,0.0003941126732304341,eligible_<1700
9238,112,100,0.00035828424839130373,eligible_<1700
9300,134,130,0.00046576952290869485,eligible_<1700
9354,371,369,0.0013220688765639107,eligible_<1700
9386,280,276,0.0009888645255599982,eligible_<1700
9388,273,271,0.0009709503131404331,eligible_<1700
9408,1409,1407,0.005041059374865643,eligible_<1700
9446,5731,5698,0.020415036473336486,exclude_>2500
9464,237,222,0.0007953910314286943,eligible_<1700
9473,185,185,0.0006628258595239119,eligible_<1700
9476,151,116,0.0004156097281339123,eligible_<1700
9516,143,136,0.0004872665778121731,eligible_<1700
9577,184,142,0.0005087636327156513,eligible_<1700
9606,624,618,0.002214196655058257,eligible_<1700
9609,10305,10198,0.036537827650945154,exclude_>2500
9629,124,123,0.00044068962552130356,eligible_<1700
9666,242,240,0.000859882196139129,eligible_<1700
15046,393,376,0.001347148773951302,eligible_<1700
15062,27280,27166,0.09733149891798157,exclude_>2500
15167,563,560,0.002006391790991301,eligible_<1700
15271,312,312,0.0011178468549808676,eligible_<1700
15274,129,85,0.00030454161113260814,eligible_<1700
15364,6379,6359,0.022783295355203004,exclude_>2500
15383,168,165,0.0005911690098456511,eligible_<1700
15410,438,432,0.001547787953050432,eligible_<1700
15431,117,114,0.00040844404316608626,eligible_<1700
18258,4268,4261,0.015266491823953452,exclude_>2500
18289,872,869,0.003113490118520429,eligible_<1700
18296,485,485,0.0017376786046978232,eligible_<1700
18464,129,127,0.00045502099545695573,eligible_<1700
18485,647,643,0.0023037677171560828,eligible_<1700
18602,28700,28700,0.10282757928830417,exclude_>2500
18686,316,311,0.0011142640124969547,eligible_<1700
18746,263,229,0.0008204709288160856,eligible_<1700
18747,265,246,0.0008813792510426071,eligible_<1700
18765,177,176,0.0006305802771686945,eligible_<1700
18791,122,122,0.00043710678303739056,eligible_<1700
18876,114,92,0.00032962150851999943,eligible_<1700
18881,113,112,0.00040127835819826015,eligible_<1700
19056,178,178,0.0006377459621365206,eligible_<1700
19329,165,158,0.0005660891124582599,eligible_<1700
19358,391,391,0.0014008914112099975,eligible_<1700
21920,3425,3420,0.012253321294982588,exclude_>2500
21930,654,652,0.0023360132995113004,eligible_<1700
21954,1908,1902,0.006814566404402597,borderline_1700-2500
22035,122,122,0.00043710678303739056,eligible_<1700
22085,110,110,0.0003941126732304341,eligible_<1700
22141,6578,6555,0.02348553248204996,exclude_>2500
22161,184,167,0.0005983346948134772,eligible_<1700
24417,3497,3491,0.012507703111340413,exclude_>2500
24480,17858,17822,0.06385341874829815,exclude_>2500
24491,385,384,0.0013758115138226062,eligible_<1700
24509,1973,1962,0.007029536953437379,borderline_1700-2500
24703,1890,1841,0.006596013012883902,borderline_1700-2500
24764,545,521,0.0018666609341186924,eligible_<1700
24773,2512,2511,0.008996517477105637,exclude_>2500
24800,2948,2885,0.010336500566089113,exclude_>2500
24933,318,310,0.0011106811700130415,eligible_<1700
24947,477,474,0.0016982673373747796,eligible_<1700
24959,311,304,0.0010891841151095634,eligible_<1700
25097,134,134,0.000480100892844347,eligible_<1700
25142,359,357,0.0012790747667569542,eligible_<1700
25190,110,106,0.00037978130329478196,eligible_<1700
25213,1001,993,0.003557762586525646,eligible_<1700
27739,407,401,0.0014367198360491279,eligible_<1700
27833,10224,10217,0.036605901658139504,exclude_>2500
27837,353,352,0.001261160554337389,eligible_<1700
27959,158,153,0.0005481749000386947,eligible_<1700
27970,461,452,0.0016194448027286928,eligible_<1700
28739,438,436,0.0015621193229860843,eligible_<1700
28817,115,114,0.00040844404316608626,eligible_<1700
28828,167,156,0.0005589234274904338,eligible_<1700
29096,733,731,0.00261905785574043,eligible_<1700
29118,109,105,0.0003761984608108689,eligible_<1700
29126,148,145,0.0005195121601673904,eligible_<1700
29140,265,265,0.0009494532582369549,eligible_<1700
29223,5499,5477,0.019623228284391704,exclude_>2500
29256,516,513,0.0018379981942473881,eligible_<1700
29317,115,113,0.0004048612006821732,eligible_<1700
29355,1032,1032,0.0036974934433982544,eligible_<1700
29410,960,959,0.003435945942072603,eligible_<1700
29415,107,105,0.0003761984608108689,eligible_<1700
29581,1352,1338,0.004793843243475644,eligible_<1700
29653,128,124,0.0004442724680052166,eligible_<1700
29736,253,249,0.0008921277784943463,eligible_<1700
29773,1202,1199,0.004295828138211732,eligible_<1700
29903,1111,1108,0.003969789472175645,eligible_<1700
29934,3153,3151,0.01128953666680998,exclude_>2500
30024,343,343,0.0012289149719821718,eligible_<1700
30057,585,584,0.0020923800106052138,eligible_<1700
30241,1609,1606,0.005754045029164338,eligible_<1700
30328,563,548,0.0019633976811843446,eligible_<1700
30367,1677,1675,0.006001261160554337,eligible_<1700
31291,741,731,0.00261905785574043,eligible_<1700
31335,113,113,0.0004048612006821732,eligible_<1700
31443,101,84,0.00030095876864869514,eligible_<1700
33155,361,359,0.0012862404517247803,eligible_<1700
33451,3190,3150,0.011285953824326067,exclude_>2500
33581,441,435,0.0015585364805021712,eligible_<1700
33643,1109,1103,0.00395187525975608,eligible_<1700
33767,256,247,0.0008849620935265202,eligible_<1700
33801,151,143,0.0005123464751995643,eligible_<1700
33911,654,651,0.002332430457027387,eligible_<1700
34004,934,932,0.003339209195006951,eligible_<1700
34098,114,97,0.0003475357209395646,eligible_<1700
34342,143,140,0.0005015979477478252,eligible_<1700
36297,161,136,0.0004872665778121731,eligible_<1700
36367,687,661,0.0023682588818665176,eligible_<1700
36424,525,525,0.0018809923040543446,eligible_<1700
36599,287,286,0.0010246929503991285,eligible_<1700
36783,451,448,0.0016051134327930406,eligible_<1700
36895,119,116,0.0004156097281339123,eligible_<1700
36973,103,99,0.00035470140590739067,eligible_<1700
37000,306,303,0.0010856012726256502,eligible_<1700
38054,6486,6480,0.02321681929575648,exclude_>2500
38154,332,325,0.001164423807271737,eligible_<1700
38159,4038,4017,0.014392278257878671,exclude_>2500
38287,290,289,0.0010354414778508678,eligible_<1700
38318,935,933,0.003342792037490864,eligible_<1700
38334,185,185,0.0006628258595239119,eligible_<1700
38400,165,162,0.000580420482393912,eligible_<1700
38453,15999,15974,0.05723232583802686,exclude_>2500
38499,182,181,0.0006484944895882597,eligible_<1700
38506,1927,1912,0.0068503948292417275,borderline_1700-2500
38545,2602,2583,0.009254482135947375,exclude_>2500
38548,1646,1642,0.005883027358585207,eligible_<1700
38553,590,590,0.002113877065508692,eligible_<1700
38577,109,105,0.0003761984608108689,eligible_<1700
38694,187,182,0.0006520773320721727,eligible_<1700
38735,636,634,0.0022715221348008656,eligible_<1700
38749,703,701,0.002511572581223039,eligible_<1700
38764,105,100,0.00035828424839130373,eligible_<1700
38821,686,672,0.002407670149189561,eligible_<1700
38837,105,88,0.00031529013858434726,eligible_<1700
40759,238,238,0.0008527165111713029,eligible_<1700
41243,143,132,0.0004729352078765209,eligible_<1700
41372,532,525,0.0018809923040543446,eligible_<1700
41474,332,328,0.0011751723347234763,eligible_<1700
41490,494,466,0.0016696045975034754,eligible_<1700
41569,1597,1593,0.005707468076873468,eligible_<1700
41890,156,155,0.0005553405850065207,eligible_<1700
42050,567,560,0.002006391790991301,eligible_<1700
42052,4915,4915,0.01760967080843258,exclude_>2500
42105,366,365,0.0013077375066282587,eligible_<1700
42124,1208,1200,0.0042994109806956445,eligible_<1700
42195,170,166,0.0005947518523295642,eligible_<1700
42206,594,583,0.0020887971681213006,eligible_<1700
42368,144,143,0.0005123464751995643,eligible_<1700
42493,114,114,0.00040844404316608626,eligible_<1700
42881,105,97,0.0003475357209395646,eligible_<1700
54043,52305,52305,0.18740057612107142,exclude_>2500
54372,246,246,0.0008813792510426071,eligible_<1700
54395,268,264,0.0009458704157530418,eligible_<1700
54433,686,677,0.002425584361609126,eligible_<1700
54507,557,557,0.0019956432635395618,eligible_<1700
54745,166,158,0.0005660891124582599,eligible_<1700
54998,21472,21441,0.07681972569757943,exclude_>2500
55158,219,217,0.0007774768190091291,eligible_<1700
55253,2026,2020,0.0072373418175043355,borderline_1700-2500
64826,765,763,0.0027337088152256475,eligible_<1700
65087,100,99,0.00035470140590739067,eligible_<1700
65200,1212,1205,0.00431732519311521,eligible_<1700
68606,623,618,0.002214196655058257,eligible_<1700
68820,602,553,0.0019813118936039095,eligible_<1700
68876,173,165,0.0005911690098456511,eligible_<1700
68931,116,115,0.00041202688564999926,eligible_<1700
69105,256,254,0.0009100419909139115,eligible_<1700
69318,227,225,0.0008061395588804333,eligible_<1700
69552,2995,2979,0.010673287759576938,exclude_>2500
69587,223,223,0.0007989738739126073,eligible_<1700
69779,2344,2329,0.008344440145033464,borderline_1700-2500
69789,13352,13298,0.04764463935107557,exclude_>2500
71886,179,179,0.0006413288046204337,eligible_<1700
72204,313,310,0.0011106811700130415,eligible_<1700
85243,405,403,0.001443885521016954,eligible_<1700
95105,1701,1693,0.006065752325264772,borderline_1700-2500
96007,1289,1283,0.0045967869068604264,eligible_<1700
96260,1395,1393,0.004990899580090861,eligible_<1700
96345,541,529,0.0018953236739899966,eligible_<1700
96749,593,558,0.001999226106023475,eligible_<1700
96765,171,170,0.0006090832222652163,eligible_<1700
96792,1061,1058,0.003790647347979993,eligible_<1700
99975,4006,3993,0.014306290038264757,exclude_>2500
104340,209,208,0.0007452312366539117,eligible_<1700
104527,122,118,0.0004227754131017384,eligible_<1700
104573,868,865,0.0030991587485847774,eligible_<1700
104627,377,376,0.001347148773951302,eligible_<1700
104655,406,405,0.00145105120598478,eligible_<1700
104710,4974,4954,0.017749401665305187,exclude_>2500
105199,484,483,0.001730512919729997,eligible_<1700
106662,3573,3573,0.012801496195021283,exclude_>2500
107173,214,214,0.0007667282915573899,eligible_<1700
110331,538,535,0.001916820728893475,eligible_<1700
110525,113,112,0.00040127835819826015,eligible_<1700
111069,191,190,0.0006807400719434771,eligible_<1700
111081,363,362,0.0012969889791765194,eligible_<1700
111148,2210,2202,0.007889419149576507,borderline_1700-2500
111173,844,842,0.003016753371454777,eligible_<1700
111341,4984,4982,0.01784972125485475,exclude_>2500
111417,2596,2589,0.009275979190850853,exclude_>2500
120217,3100,3090,0.011070983275291286,exclude_>2500
120265,190,182,0.0006520773320721727,eligible_<1700
120269,131,115,0.00041202688564999926,eligible_<1700
120447,665,656,0.0023503446694469526,eligible_<1700
120669,332,312,0.0011178468549808676,eligible_<1700
121073,2141,2121,0.007599208908379552,borderline_1700-2500
121193,2002,1989,0.007126273700503031,borderline_1700-2500
121288,4550,4523,0.016205196554738666,exclude_>2500
121297,5301,5297,0.018978316637287357,exclude_>2500
121410,5989,5981,0.021428980896283877,exclude_>2500
121657,190,185,0.0006628258595239119,eligible_<1700
124827,892,887,0.003177981283230864,eligible_<1700
124833,327,311,0.0011142640124969547,eligible_<1700
124839,555,550,0.0019705633661521705,eligible_<1700
124881,189,188,0.000673574386975651,eligible_<1700
124960,312,309,0.0011070983275291285,eligible_<1700
125048,767,752,0.002694297547902604,eligible_<1700
125148,380,378,0.001354314458919128,eligible_<1700
125395,145,140,0.0005015979477478252,eligible_<1700
124545,459,457,0.001637359015148258,eligible_<1700
124668,1125,1121,0.004016366424466514,eligible_<1700
129469,520,510,0.001827249666795649,eligible_<1700
129556,2000,1968,0.007051034008340857,borderline_1700-2500
129615,449,447,0.0016015305903091276,eligible_<1700
136117,504,497,0.0017806727145047794,eligible_<1700
136279,126,126,0.0004514381529730427,eligible_<1700
136280,2137,2129,0.007627871648250856,borderline_1700-2500
136415,240,235,0.0008419679837195637,eligible_<1700
136440,646,646,0.0023145162446078222,eligible_<1700
136594,1306,1297,0.004646946701635209,eligible_<1700
136890,102,89,0.0003188729810682603,eligible_<1700
136991,6578,6557,0.023492698167017784,exclude_>2500
137017,102,101,0.0003618670908752168,eligible_<1700
137031,2008,1999,0.007162102125342161,borderline_1700-2500
137167,160,159,0.000569671954942173,eligible_<1700
137237,613,613,0.0021962824426386917,eligible_<1700
137244,106,100,0.00035828424839130373,eligible_<1700
142830,853,849,0.0030418332688421684,eligible_<1700
142852,1897,1865,0.006682001232497814,borderline_1700-2500
142903,136,136,0.0004872665778121731,eligible_<1700
142980,111,110,0.0003941126732304341,eligible_<1700
143416,111,104,0.00037261561832695585,eligible_<1700
143693,12070,12063,0.043219828883442966,exclude_>2500
145654,369,368,0.0013184860340799977,eligible_<1700
145659,5444,5437,0.019479914585035184,exclude_>2500
145722,574,571,0.0020458030583143444,eligible_<1700
148271,579,579,0.0020744657981856484,eligible_<1700
148282,205,205,0.0007344827092021726,eligible_<1700
148309,101,88,0.00031529013858434726,eligible_<1700
148517,165,165,0.0005911690098456511,eligible_<1700
148531,500,498,0.0017842555569886926,eligible_<1700
155496,229,215,0.000770311134041303,eligible_<1700
155624,6411,6398,0.022923026212075613,exclude_>2500
155633,192,192,0.0006879057569113031,eligible_<1700
155689,551,544,0.0019490663112486924,eligible_<1700
155700,144,143,0.0005123464751995643,eligible_<1700
155708,2883,2860,0.010246929503991286,exclude_>2500
156714,2262,2258,0.008090058328675638,borderline_1700-2500
156719,512,507,0.00181650113934391,eligible_<1700
156786,836,829,0.0029701764191639077,eligible_<1700
156943,3430,3428,0.012281984034853892,exclude_>2500
156976,770,770,0.0027587887126130388,eligible_<1700
157096,2417,2414,0.008648981756166072,borderline_1700-2500
160517,122,121,0.0004335239405534775,eligible_<1700
160606,180,135,0.00048368373532826003,eligible_<1700
160610,1906,1899,0.006803817876950858,borderline_1700-2500
160851,11471,11443,0.040998466543416885,exclude_>2500
160853,327,322,0.001153675279819998,eligible_<1700
160968,1134,1131,0.004052194849305645,eligible_<1700
161109,124,122,0.00043710678303739056,eligible_<1700
161226,1866,1864,0.006678418390013902,borderline_1700-2500
164338,2406,2405,0.008616736173810854,borderline_1700-2500
164670,107,107,0.00038336414577869497,eligible_<1700
164702,447,444,0.0015907820628573886,eligible_<1700
164840,2290,2263,0.008107972541095203,borderline_1700-2500
168446,110,108,0.000386946988262608,eligible_<1700
168537,238,233,0.0008348022987517377,eligible_<1700
168679,4054,4041,0.014478266477492584,exclude_>2500
168770,682,670,0.0024005044642217348,eligible_<1700
168788,1861,1849,0.006624675752755206,borderline_1700-2500
168917,3613,3561,0.012758502085214325,exclude_>2500
169124,9142,9123,0.03268627198073864,exclude_>2500
169146,277,276,0.0009888645255599982,eligible_<1700
169318,1706,1702,0.0060979979076199895,borderline_1700-2500
169368,119,117,0.0004191925706178254,eligible_<1700
172309,329,329,0.0011787551772073893,eligible_<1700
172310,248,245,0.0008777964085586942,eligible_<1700
172362,461,459,0.001644524700116084,eligible_<1700
172381,2870,2867,0.010272009401378677,exclude_>2500
172410,115,115,0.00041202688564999926,eligible_<1700
172503,1315,1311,0.004697106496409992,eligible_<1700
172540,1025,1017,0.003643750806139559,eligible_<1700
172543,166,164,0.0005875861673617382,eligible_<1700
172596,432,429,0.001537039425598693,eligible_<1700
172597,100,100,0.00035828424839130373,eligible_<1700
172737,666,661,0.0023682588818665176,eligible_<1700
172965,375,371,0.0013292345615317368,eligible_<1700
173005,102,99,0.00035470140590739067,eligible_<1700
173018,956,948,0.0033965346747495593,eligible_<1700
179217,329,328,0.0011751723347234763,eligible_<1700
179251,113,108,0.000386946988262608,eligible_<1700
179460,1728,1725,0.006180403284749989,borderline_1700-2500
179574,119,117,0.0004191925706178254,eligible_<1700
179929,161,158,0.0005660891124582599,eligible_<1700
180231,1217,1212,0.004342405090502601,eligible_<1700
180263,21352,21352,0.07650085271651118,exclude_>2500
180511,4429,4425,0.01585407799131519,exclude_>2500
180543,218,213,0.000763145449073477,eligible_<1700
180616,281,279,0.0009996130530117375,eligible_<1700
180644,115,114,0.00040844404316608626,eligible_<1700
180845,177,176,0.0006305802771686945,eligible_<1700
184459,977,977,0.003500437106783037,eligible_<1700
184491,2040,2024,0.007251673187439987,borderline_1700-2500
191231,4641,4637,0.016613640597904752,exclude_>2500
191285,171,165,0.0005911690098456511,eligible_<1700
191475,562,559,0.0020028089485073877,eligible_<1700
191579,359,355,0.0012719090817891283,eligible_<1700
191624,428,427,0.001529873740630867,eligible_<1700
191901,117,117,0.0004191925706178254,eligible_<1700
191906,143,143,0.0005123464751995643,eligible_<1700
191932,251,250,0.0008957106209782593,eligible_<1700
191972,1256,1255,0.004496467317310862,eligible_<1700
191977,6887,6880,0.024649956289321696,exclude_>2500
191989,262,214,0.0007667282915573899,eligible_<1700
191991,120,120,0.0004299410980695645,eligible_<1700
192288,103,94,0.0003367871934878255,eligible_<1700
198961,396,389,0.0013937257262421714,eligible_<1700
199076,133,132,0.0004729352078765209,eligible_<1700
199086,212,211,0.0007559797641056509,eligible_<1700
199242,578,568,0.0020350545308626053,eligible_<1700
199357,303,298,0.001067687060206085,eligible_<1700
199382,136,136,0.0004872665778121731,eligible_<1700
199383,2440,2438,0.008734969975779985,borderline_1700-2500
199478,18097,18062,0.06471330094443728,exclude_>2500
204027,8487,8471,0.03035025868122734,exclude_>2500
204141,119,119,0.00042635825558565144,eligible_<1700
204175,301,297,0.001064104217722172,eligible_<1700
204466,402,400,0.001433136993565215,eligible_<1700
204516,3513,3487,0.01249337174140476,exclude_>2500
204543,589,580,0.0020780486406695615,eligible_<1700
204592,559,550,0.0019705633661521705,eligible_<1700
204602,732,725,0.002597560800836952,eligible_<1700
204728,354,350,0.0012539948693695631,eligible_<1700
204733,155,154,0.0005517577425226077,eligible_<1700
207351,106,106,0.00037978130329478196,eligible_<1700
207691,2834,2830,0.010139444229473896,exclude_>2500
207764,217,217,0.0007774768190091291,eligible_<1700
217470,139,139,0.0004980151052639122,eligible_<1700
217475,838,837,0.002998839159035212,eligible_<1700
217544,157,150,0.0005374263725869556,eligible_<1700
217553,539,536,0.001920403571377388,eligible_<1700
217609,247,230,0.0008240537712999985,eligible_<1700
217776,882,881,0.003156484228327386,eligible_<1700
217894,687,684,0.0024506642589965173,eligible_<1700
217949,988,987,0.003536265531622168,eligible_<1700
218028,238,233,0.0008348022987517377,eligible_<1700
218050,889,887,0.003177981283230864,eligible_<1700
218235,138,136,0.0004872665778121731,eligible_<1700
218236,142,139,0.0004980151052639122,eligible_<1700
218333,5525,5501,0.019709216504005617,exclude_>2500
218358,143,138,0.0004944322627799991,eligible_<1700
218453,100,100,0.00035828424839130373,eligible_<1700
218459,130,127,0.00045502099545695573,eligible_<1700
218509,2644,2640,0.009458704157530418,exclude_>2500
218804,2041,2036,0.0072946672972469435,borderline_1700-2500
218933,229,216,0.000773893976525216,eligible_<1700
219122,180,180,0.0006449116471043467,eligible_<1700
228425,180,178,0.0006377459621365206,eligible_<1700
230430,425,419,0.0015012110007595627,eligible_<1700
230933,3703,3702,0.013263682875446063,exclude_>2500
244536,5473,5432,0.01946200037261562,exclude_>2500
244608,3922,3916,0.014030411167003454,exclude_>2500
244738,176,173,0.0006198317497169555,eligible_<1700
244817,238,235,0.0008419679837195637,eligible_<1700
244994,629,626,0.002242859394929561,eligible_<1700
245222,488,482,0.0017269300772460839,eligible_<1700
245352,1330,1324,0.0047436834487008615,eligible_<1700
245353,1294,1289,0.004618283961763905,eligible_<1700
245354,1518,1512,0.005417257835676512,eligible_<1700
245357,903,898,0.0032173925505539075,eligible_<1700
245384,159,159,0.000569671954942173,eligible_<1700
249750,195,153,0.0005481749000386947,eligible_<1700
249751,125,97,0.0003475357209395646,eligible_<1700
249889,204,204,0.0007308998667182596,eligible_<1700
250309,579,576,0.0020637172707339093,eligible_<1700
250442,2929,2912,0.010433237313154764,exclude_>2500
250448,208,204,0.0007308998667182596,eligible_<1700
250458,9085,9082,0.032539375438898205,exclude_>2500
250481,285,284,0.0010175272654313026,eligible_<1700
250561,799,796,0.0028519426171947776,eligible_<1700
251441,566,557,0.0019956432635395618,eligible_<1700
251660,182,181,0.0006484944895882597,eligible_<1700
251661,4767,4733,0.016957593476360406,exclude_>2500
251678,7300,7290,0.02611892170772604,exclude_>2500
251722,110,110,0.0003941126732304341,eligible_<1700
251854,101,101,0.0003618670908752168,eligible_<1700
252153,4132,4120,0.014761311033721714,exclude_>2500
252526,2397,2397,0.00858807343393955,borderline_1700-2500
252688,546,540,0.0019347349413130401,eligible_<1700
256704,140,139,0.0004980151052639122,eligible_<1700
256728,310,310,0.0011106811700130415,eligible_<1700
256729,924,913,0.003271135187812603,eligible_<1700
256839,598,594,0.002128208435444344,eligible_<1700
256852,1510,1477,0.005291858348739556,eligible_<1700
256956,189,189,0.000677157229459564,eligible_<1700
257001,606,595,0.0021317912779282573,eligible_<1700
257006,508,507,0.00181650113934391,eligible_<1700
257056,626,626,0.002242859394929561,eligible_<1700
257096,672,667,0.0023897559367699957,eligible_<1700
257164,872,864,0.003095575906100864,eligible_<1700
257273,213,211,0.0007559797641056509,eligible_<1700
257306,167,166,0.0005947518523295642,eligible_<1700
257372,591,584,0.0020923800106052138,eligible_<1700
257378,114,114,0.00040844404316608626,eligible_<1700
257411,122,119,0.00042635825558565144,eligible_<1700
257527,3324,3313,0.011869957149203893,exclude_>2500
257582,815,814,0.0029164337819052124,eligible_<1700
257601,391,389,0.0013937257262421714,eligible_<1700
257668,554,550,0.0019705633661521705,eligible_<1700
257700,296,290,0.0010390243203347808,eligible_<1700
257706,244,241,0.0008634650386230419,eligible_<1700
264196,689,664,0.0023790074093182566,eligible_<1700
266266,277,275,0.0009852816830760852,eligible_<1700
266504,1103,1099,0.003937543889820428,eligible_<1700
271324,20130,20130,0.07212261920116944,exclude_>2500
271460,2777,2700,0.0096736747065652,exclude_>2500
271512,1882,1882,0.006742909554724336,borderline_1700-2500
271530,1308,1306,0.004679192283990426,eligible_<1700
271645,103,103,0.00036903277584304285,eligible_<1700
271693,267,266,0.0009530361007208679,eligible_<1700
271785,1863,1856,0.006649755650142597,borderline_1700-2500
271896,12888,12855,0.04605744013070209,exclude_>2500
272427,1504,1503,0.005385012253321295,eligible_<1700
272682,1878,1878,0.006728578184788684,borderline_1700-2500
272993,783,776,0.002780285767516517,eligible_<1700
273284,412,411,0.0014725482608882582,eligible_<1700
273330,3440,3408,0.012210327185175632,exclude_>2500
273433,120,120,0.0004299410980695645,eligible_<1700
273976,406,392,0.0014044742536939107,eligible_<1700
273993,261,259,0.0009279562033334766,eligible_<1700
274072,117,117,0.0004191925706178254,eligible_<1700
281094,640,633,0.0022679392923169524,eligible_<1700
285232,398,394,0.0014116399386617366,eligible_<1700
285792,115,113,0.0004048612006821732,eligible_<1700
285992,366,359,0.0012862404517247803,eligible_<1700
286081,507,506,0.0018129182968599968,eligible_<1700
293728,118,115,0.00041202688564999926,eligible_<1700
293878,199,198,0.0007094028118147813,eligible_<1700
293925,108,99,0.00035470140590739067,eligible_<1700
294047,409,404,0.0014474683635008671,eligible_<1700
294175,637,632,0.0022643564498330397,eligible_<1700
294231,102,102,0.0003654499333591298,eligible_<1700
294463,104,102,0.0003654499333591298,eligible_<1700
294508,216,213,0.000763145449073477,eligible_<1700
294514,2139,2119,0.007592043223411726,borderline_1700-2500
294652,270,242,0.000867047881106955,eligible_<1700
294986,229,227,0.0008133052438482595,eligible_<1700
295147,417,416,0.0014904624733078234,eligible_<1700
295221,263,262,0.0009387047307852157,eligible_<1700
295254,112,110,0.0003941126732304341,eligible_<1700
295484,166,162,0.000580420482393912,eligible_<1700
296577,670,648,0.002321681929575648,eligible_<1700
296605,143,140,0.0005015979477478252,eligible_<1700
296626,1637,1632,0.005847198933746077,eligible_<1700
297234,121,119,0.00042635825558565144,eligible_<1700
297478,198,196,0.0007022371268469553,eligible_<1700
297674,406,404,0.0014474683635008671,eligible_<1700
297978,5224,5215,0.01868452355360649,exclude_>2500
298086,203,200,0.0007165684967826075,eligible_<1700
298154,219,219,0.0007846425039769551,eligible_<1700
298163,102,98,0.00035111856342347767,eligible_<1700
298166,205,205,0.0007344827092021726,eligible_<1700
298229,1440,1435,0.0051413789644152086,eligible_<1700
298231,2252,2247,0.008050647061352594,borderline_1700-2500
304728,174,170,0.0006090832222652163,eligible_<1700
310953,610,605,0.0021676197027673877,eligible_<1700
311193,7714,7706,0.027609384181033866,exclude_>2500
311209,111,111,0.00039769551571434714,eligible_<1700
311322,2436,2414,0.008648981756166072,borderline_1700-2500
311475,518,508,0.001820083981827823,eligible_<1700
311715,2674,2641,0.009462287000014332,exclude_>2500
311731,322,319,0.001142926752368259,eligible_<1700
311930,737,733,0.0026262235407082564,eligible_<1700
312059,132,110,0.0003941126732304341,eligible_<1700
312722,134,133,0.00047651805036043397,eligible_<1700
312726,134,133,0.00047651805036043397,eligible_<1700
319078,200,197,0.0007058199693308683,eligible_<1700
319290,156,155,0.0005553405850065207,eligible_<1700
319392,491,490,0.0017555928171173883,eligible_<1700
319529,199,199,0.0007129856542986944,eligible_<1700
319592,504,502,0.0017985869269243446,eligible_<1700
319680,355,354,0.0012683262393052151,eligible_<1700
325096,318,277,0.0009924473680439114,eligible_<1700
325191,193,191,0.0006843229144273902,eligible_<1700
325348,759,746,0.002672800492999126,eligible_<1700
325382,316,316,0.0011321782249165198,eligible_<1700
325477,181,180,0.0006449116471043467,eligible_<1700
325555,1389,1386,0.00496581968270347,eligible_<1700
325635,3009,2968,0.010633876492253894,exclude_>2500
325679,130,128,0.0004586038379408688,eligible_<1700
325704,149,149,0.0005338435301030425,eligible_<1700
325853,1387,1386,0.00496581968270347,eligible_<1700
326358,253,249,0.0008921277784943463,eligible_<1700
326494,4325,4320,0.015477879530504321,exclude_>2500
326624,222,222,0.0007953910314286943,eligible_<1700
326848,147,146,0.0005230950026513034,eligible_<1700
326933,1188,1162,0.004163262966306949,eligible_<1700
326983,110,109,0.0003905298307465211,eligible_<1700
327266,214,214,0.0007667282915573899,eligible_<1700
327371,350,342,0.0012253321294982587,eligible_<1700
327396,134,131,0.00046935236539260786,eligible_<1700
327721,103,92,0.00032962150851999943,eligible_<1700
328326,1337,1336,0.004786677558507818,eligible_<1700
328624,358,357,0.0012790747667569542,eligible_<1700
328859,363,358,0.0012826576092408674,eligible_<1700
337269,217,216,0.000773893976525216,eligible_<1700
337324,490,487,0.001744844289665649,eligible_<1700
337397,116,114,0.00040844404316608626,eligible_<1700
337500,204,201,0.0007201513392665205,eligible_<1700
337853,172,171,0.0006126660647491293,eligible_<1700
338006,104,102,0.0003654499333591298,eligible_<1700
338069,670,661,0.0023682588818665176,eligible_<1700
338376,1022,1011,0.0036222537512360805,eligible_<1700
338434,616,614,0.002199865285122605,eligible_<1700
338628,3784,3775,0.013525230376771715,exclude_>2500
338678,306,303,0.0010856012726256502,eligible_<1700
338760,2256,2254,0.008075726958739987,borderline_1700-2500
338957,3318,3313,0.011869957149203893,exclude_>2500
343133,164,162,0.000580420482393912,eligible_<1700
343274,278,276,0.0009888645255599982,eligible_<1700
343322,830,822,0.0029450965217765164,eligible_<1700
343387,404,402,0.001440302678533041,eligible_<1700
343665,187,186,0.000666408702007825,eligible_<1700
343898,104,103,0.00036903277584304285,eligible_<1700
344268,239,239,0.0008562993536552159,eligible_<1700
344332,129,126,0.0004514381529730427,eligible_<1700
344334,152,147,0.0005266778451352165,eligible_<1700
344415,383,382,0.0013686458288547803,eligible_<1700
344508,166,164,0.0005875861673617382,eligible_<1700
355200,589,583,0.0020887971681213006,eligible_<1700
355433,3444,3424,0.012267652664918239,exclude_>2500
355467,149,149,0.0005338435301030425,eligible_<1700
355473,141,140,0.0005015979477478252,eligible_<1700
355788,121,120,0.0004299410980695645,eligible_<1700
355997,1069,1065,0.0038157272453673845,eligible_<1700
356381,117,115,0.00041202688564999926,eligible_<1700
356742,502,501,0.0017950040844404316,eligible_<1700
356754,891,887,0.003177981283230864,eligible_<1700
356768,511,504,0.0018057526118921707,eligible_<1700
356873,266,263,0.0009422875732691288,eligible_<1700
356907,363,359,0.0012862404517247803,eligible_<1700
356909,881,873,0.0031278214884560814,eligible_<1700
356996,403,403,0.001443885521016954,eligible_<1700
356999,351,348,0.001246829184401737,eligible_<1700
357203,471,470,0.0016839359674391274,eligible_<1700
357316,181,178,0.0006377459621365206,eligible_<1700
357563,8049,8032,0.028777390830789513,exclude_>2500
357674,195,194,0.0006950714418791292,eligible_<1700
357991,292,292,0.0010461900053026069,eligible_<1700
358050,164,164,0.0005875861673617382,eligible_<1700
358216,247,243,0.0008706307235908681,eligible_<1700
358246,576,572,0.002049385900798257,eligible_<1700
358320,1181,1180,0.004227754131017384,eligible_<1700
358504,2576,2545,0.00911833412155868,exclude_>2500
363183,1294,1291,0.004625449646731731,eligible_<1700
363247,2444,2435,0.008724221448328245,borderline_1700-2500
363252,216,214,0.0007667282915573899,eligible_<1700
363278,177,173,0.0006198317497169555,eligible_<1700
363369,2515,2513,0.009003683162073462,exclude_>2500
363455,158,158,0.0005660891124582599,eligible_<1700
363481,518,517,0.0018523295641830403,eligible_<1700
363503,364,362,0.0012969889791765194,eligible_<1700
363695,147,146,0.0005230950026513034,eligible_<1700
364008,425,423,0.0015155423706952147,eligible_<1700
364073,13580,13580,0.048655000931539044,exclude_>2500
364266,147,146,0.0005230950026513034,eligible_<1700
364679,389,387,0.0013865600412743455,eligible_<1700
364766,1234,1228,0.00439973057024521,eligible_<1700
364942,294,294,0.001053355690270433,eligible_<1700
365128,126,126,0.0004514381529730427,eligible_<1700
365211,131,131,0.00046935236539260786,eligible_<1700
365235,123,122,0.00043710678303739056,eligible_<1700
365453,381,380,0.0013614801438869542,eligible_<1700
365526,389,389,0.0013937257262421714,eligible_<1700
365653,155,152,0.0005445920575547817,eligible_<1700
374562,351,350,0.0012539948693695631,eligible_<1700
374858,147,147,0.0005266778451352165,eligible_<1700
376683,1930,1926,0.00690055462401651,borderline_1700-2500
377028,151,151,0.0005410092150708686,eligible_<1700
377716,747,746,0.002672800492999126,eligible_<1700
377947,190,190,0.0006807400719434771,eligible_<1700
377969,405,400,0.001433136993565215,eligible_<1700
378117,394,390,0.0013973085687260846,eligible_<1700
378135,171,169,0.0006055003797813033,eligible_<1700
378200,1257,1254,0.0044928844748269485,eligible_<1700
378556,110,110,0.0003941126732304341,eligible_<1700
378951,129,127,0.00045502099545695573,eligible_<1700
378959,181,178,0.0006377459621365206,eligible_<1700
379110,473,473,0.0016946844948908667,eligible_<1700
379363,163,163,0.0005840033248778251,eligible_<1700
379554,109,108,0.000386946988262608,eligible_<1700
379583,360,359,0.0012862404517247803,eligible_<1700
379629,5006,4998,0.01790704673459736,exclude_>2500
379633,273,272,0.0009745331556243462,eligible_<1700
379644,103,100,0.00035828424839130373,eligible_<1700
380226,728,722,0.002586812273385213,eligible_<1700
380394,132,130,0.00046576952290869485,eligible_<1700
381078,494,491,0.0017591756596013013,eligible_<1700
381247,147,146,0.0005230950026513034,eligible_<1700
381248,114,110,0.0003941126732304341,eligible_<1700
381249,1360,1355,0.004854751565702166,eligible_<1700
381356,1167,1165,0.0041740114937586885,eligible_<1700
382035,231,224,0.0008025567163965203,eligible_<1700
382315,133,132,0.0004729352078765209,eligible_<1700
382410,122,120,0.0004299410980695645,eligible_<1700
382828,189,189,0.000677157229459564,eligible_<1700
382958,110,110,0.0003941126732304341,eligible_<1700
382966,177,176,0.0006305802771686945,eligible_<1700
383010,234,234,0.0008383851412356508,eligible_<1700
383087,162,161,0.000576837639909999,eligible_<1700
383175,165,165,0.0005911690098456511,eligible_<1700
383206,905,904,0.0032388896054573856,eligible_<1700
383242,471,468,0.0016767702824713015,eligible_<1700
383450,267,266,0.0009530361007208679,eligible_<1700
383469,559,546,0.0019562319962165182,eligible_<1700
383579,646,640,0.0022930191897043437,eligible_<1700
385245,131,130,0.00046576952290869485,eligible_<1700
385325,152,149,0.0005338435301030425,eligible_<1700
385437,106,105,0.0003761984608108689,eligible_<1700
416284,114,114,0.00040844404316608626,eligible_<1700
416851,3104,3093,0.011081731802743024,exclude_>2500
417197,1400,1396,0.0050016481075426,eligible_<1700
417426,117,112,0.00040127835819826015,eligible_<1700
417505,237,236,0.0008455508262034768,eligible_<1700
417696,165,163,0.0005840033248778251,eligible_<1700
418354,322,318,0.001139343909884346,eligible_<1700
418858,276,276,0.0009888645255599982,eligible_<1700
419125,190,188,0.000673574386975651,eligible_<1700
419195,952,951,0.0034072832022012983,eligible_<1700
419199,394,394,0.0014116399386617366,eligible_<1700
419202,109,105,0.0003761984608108689,eligible_<1700
419262,188,188,0.000673574386975651,eligible_<1700
420077,848,844,0.0030239190564226035,eligible_<1700
420091,121,119,0.00042635825558565144,eligible_<1700
420214,268,267,0.000956618943204781,eligible_<1700
420805,1204,1202,0.004306576665663471,eligible_<1700
421006,6710,6710,0.02404087306705648,exclude_>2500
421374,489,488,0.0017484271321495622,eligible_<1700
422126,649,645,0.002310933402123909,eligible_<1700
422332,584,583,0.0020887971681213006,eligible_<1700
422374,232,231,0.0008276366137839116,eligible_<1700
422732,596,594,0.002128208435444344,eligible_<1700
423517,617,617,0.002210613812574344,eligible_<1700
423648,368,367,0.0013149031915960846,eligible_<1700
424219,167,166,0.0005947518523295642,eligible_<1700
424225,114,113,0.0004048612006821732,eligible_<1700
424280,457,456,0.001633776172664345,eligible_<1700
424395,139,139,0.0004980151052639122,eligible_<1700
424679,164,164,0.0005875861673617382,eligible_<1700
424995,146,146,0.0005230950026513034,eligible_<1700
427624,310,309,0.0011070983275291285,eligible_<1700
427887,120,119,0.00042635825558565144,eligible_<1700
429293,724,723,0.002590395115869126,eligible_<1700
174,271,268,0.000960201785688694,eligible_<1700
175,2619,2608,0.009344053198045201,exclude_>2500
182,724,720,0.002579646588417387,eligible_<1700
192,1094,1092,0.0039124639924330365,eligible_<1700
193,719,706,0.0025294867936426044,eligible_<1700
196,2902,2857,0.010236180976539548,exclude_>2500
200,1495,1491,0.005342018143514339,eligible_<1700
201,3785,3763,0.01348223626696476,exclude_>2500
427,1147,1126,0.00403428063688608,eligible_<1700
429,243,241,0.0008634650386230419,eligible_<1700
430,165,163,0.0005840033248778251,eligible_<1700
482,438,433,0.001551370795534345,eligible_<1700
491,3531,3521,0.012615188385857803,exclude_>2500
492,3223,3208,0.011493758688393023,exclude_>2500
495,262,259,0.0009279562033334766,eligible_<1700
505,116,115,0.00041202688564999926,eligible_<1700
511,1060,1050,0.003761984608108689,eligible_<1700
515,251,248,0.0008885449360104332,eligible_<1700
526,7675,7545,0.027032546541123866,exclude_>2500
527,3355,3319,0.01189145420410737,exclude_>2500
528,4350,4290,0.01537039425598693,exclude_>2500
829,177,173,0.0006198317497169555,eligible_<1700
847,1471,1385,0.004962236840219556,eligible_<1700
848,115,113,0.0004048612006821732,eligible_<1700
856,120,120,0.0004299410980695645,eligible_<1700
872,621,616,0.0022070309700904307,eligible_<1700
904,5807,5792,0.02075182366682431,exclude_>2500
906,152,148,0.0005302606876191296,eligible_<1700
915,8062,8022,0.028741562405950386,exclude_>2500
917,3286,3202,0.011472261633489545,exclude_>2500
925,4679,4639,0.01662080628287258,exclude_>2500
938,3063,3023,0.010830932828869112,exclude_>2500
948,215,204,0.0007308998667182596,eligible_<1700
965,284,276,0.0009888645255599982,eligible_<1700
987,2900,2672,0.009573355117015635,exclude_>2500
993,224,224,0.0008025567163965203,eligible_<1700
997,106,106,0.00037978130329478196,eligible_<1700
1001,228,223,0.0007989738739126073,eligible_<1700
1002,493,490,0.0017555928171173883,eligible_<1700
1014,153,151,0.0005410092150708686,eligible_<1700
1028,121,121,0.0004335239405534775,eligible_<1700
1035,3232,2830,0.010139444229473896,exclude_>2500
1036,862,861,0.003084827378649125,eligible_<1700
1474,135,135,0.00048368373532826003,eligible_<1700
1899,2432,2349,0.008416096994711724,borderline_1700-2500
1901,231,218,0.0007810596614930422,eligible_<1700
1910,549,545,0.0019526491537326053,eligible_<1700
1943,625,590,0.002113877065508692,eligible_<1700
1962,1304,1256,0.004500050159794775,eligible_<1700
1964,417,392,0.0014044742536939107,eligible_<1700
1970,281,270,0.0009673674706565201,eligible_<1700
2038,146,137,0.0004908494202960861,eligible_<1700
2060,822,785,0.002812531349871734,eligible_<1700
2063,365,354,0.0012683262393052151,eligible_<1700
2082,161,140,0.0005015979477478252,eligible_<1700
2087,598,590,0.002113877065508692,eligible_<1700
2088,156,156,0.0005589234274904338,eligible_<1700
2090,215,171,0.0006126660647491293,eligible_<1700
2094,128,127,0.00045502099545695573,eligible_<1700
2105,119,113,0.0004048612006821732,eligible_<1700
2106,154,127,0.00045502099545695573,eligible_<1700
2122,2338,2308,0.00826920045287129,borderline_1700-2500
2132,275,273,0.0009781159981082591,eligible_<1700
2139,384,375,0.001343565931467389,eligible_<1700
2154,259,228,0.0008168880863321725,eligible_<1700
2156,288,283,0.0010139444229473895,eligible_<1700
2161,105,94,0.0003367871934878255,eligible_<1700
2166,403,397,0.0014223884661134758,eligible_<1700
2199,227,214,0.0007667282915573899,eligible_<1700
2203,116,116,0.0004156097281339123,eligible_<1700
2205,211,200,0.0007165684967826075,eligible_<1700
2216,197,179,0.0006413288046204337,eligible_<1700
2611,341,331,0.0011859208621752154,eligible_<1700
2629,838,828,0.002966593576679995,eligible_<1700
2637,123,107,0.00038336414577869497,eligible_<1700
2638,294,263,0.0009422875732691288,eligible_<1700
2674,109,106,0.00037978130329478196,eligible_<1700
2698,158,157,0.0005625062699743469,eligible_<1700
2699,121,98,0.00035111856342347767,eligible_<1700
2709,109,102,0.0003654499333591298,eligible_<1700
2717,162,160,0.0005732547974260859,eligible_<1700
2725,167,157,0.0005625062699743469,eligible_<1700
2743,104,95,0.00034037003597173855,eligible_<1700
2749,386,368,0.0013184860340799977,eligible_<1700
2763,236,228,0.0008168880863321725,eligible_<1700
2766,287,270,0.0009673674706565201,eligible_<1700
2777,112,111,0.00039769551571434714,eligible_<1700
2781,432,420,0.0015047938432434756,eligible_<1700
2794,171,171,0.0006126660647491293,eligible_<1700
2836,119,113,0.0004048612006821732,eligible_<1700
2842,8203,8160,0.029235994668730385,exclude_>2500
2844,173,165,0.0005911690098456511,eligible_<1700
2860,206,197,0.0007058199693308683,eligible_<1700
2891,288,243,0.0008706307235908681,eligible_<1700
2895,286,271,0.0009709503131404331,eligible_<1700
2919,193,182,0.0006520773320721727,eligible_<1700
2922,1040,1030,0.0036903277584304285,eligible_<1700
2956,626,607,0.0021747853877352136,eligible_<1700
2968,579,576,0.0020637172707339093,eligible_<1700
2972,401,397,0.0014223884661134758,eligible_<1700
2974,128,123,0.00044068962552130356,eligible_<1700
2981,460,458,0.0016409418576321712,eligible_<1700
2987,8184,8137,0.029153589291600383,exclude_>2500
2997,272,252,0.0009028763059460854,eligible_<1700
3004,104,100,0.00035828424839130373,eligible_<1700
3015,190,190,0.0006807400719434771,eligible_<1700
3022,300,286,0.0010246929503991285,eligible_<1700
3028,122,116,0.0004156097281339123,eligible_<1700
3040,413,360,0.0012898232942086935,eligible_<1700
3044,522,395,0.0014152227811456497,eligible_<1700
3053,115,94,0.0003367871934878255,eligible_<1700
3057,138,137,0.0004908494202960861,eligible_<1700
3965,156,127,0.00045502099545695573,eligible_<1700
4553,1103,1098,0.003933961047336515,eligible_<1700
4556,753,633,0.0022679392923169524,eligible_<1700
4636,5204,5173,0.018534044169282143,exclude_>2500
4643,233,229,0.0008204709288160856,eligible_<1700
4745,154,152,0.0005445920575547817,eligible_<1700
4746,353,330,0.0011823380196913022,eligible_<1700
4769,263,210,0.0007523969216217378,eligible_<1700
4789,407,390,0.0013973085687260846,eligible_<1700
4799,121,118,0.0004227754131017384,eligible_<1700
4831,216,203,0.0007273170242343465,eligible_<1700
4845,570,539,0.0019311520988291272,eligible_<1700
4862,2005,1964,0.007036702638405205,borderline_1700-2500
4893,110,104,0.00037261561832695585,eligible_<1700
4920,317,245,0.0008777964085586942,eligible_<1700
4953,916,879,0.00314931854335956,eligible_<1700
4958,340,263,0.0009422875732691288,eligible_<1700
4959,154,123,0.00044068962552130356,eligible_<1700
4962,287,208,0.0007452312366539117,eligible_<1700
5034,211,178,0.0006377459621365206,eligible_<1700
5035,372,279,0.0009996130530117375,eligible_<1700
5042,168,126,0.0004514381529730427,eligible_<1700
5142,165,129,0.0004621866804247818,eligible_<1700
5146,133,133,0.00047651805036043397,eligible_<1700
5157,208,203,0.0007273170242343465,eligible_<1700
5177,263,256,0.0009172076758817376,eligible_<1700
5182,120,87,0.00031170729610043425,eligible_<1700
5183,140,109,0.0003905298307465211,eligible_<1700
5205,869,758,0.002715794602806082,eligible_<1700
5206,2773,2581,0.009247316450979549,exclude_>2500
5228,192,163,0.0005840033248778251,eligible_<1700
5242,118,109,0.0003905298307465211,eligible_<1700
5272,159,153,0.0005481749000386947,eligible_<1700
5294,167,127,0.00045502099545695573,eligible_<1700
5306,416,407,0.0014582168909526062,eligible_<1700
5333,109,87,0.00031170729610043425,eligible_<1700
5346,102,92,0.00032962150851999943,eligible_<1700
5357,242,207,0.0007416483941699987,eligible_<1700
5394,128,96,0.00034395287845565155,eligible_<1700
5406,1828,1826,0.006542270375625206,borderline_1700-2500
5419,903,902,0.0032317239204895597,eligible_<1700
5430,164,157,0.0005625062699743469,eligible_<1700
5457,978,949,0.0034001175172334724,eligible_<1700
5468,240,238,0.0008527165111713029,eligible_<1700
5503,205,179,0.0006413288046204337,eligible_<1700
5508,164,112,0.00040127835819826015,eligible_<1700
5511,241,178,0.0006377459621365206,eligible_<1700
5522,154,147,0.0005266778451352165,eligible_<1700
5532,124,118,0.0004227754131017384,eligible_<1700
5554,130,127,0.00045502099545695573,eligible_<1700
5571,346,310,0.0011106811700130415,eligible_<1700
5590,131,130,0.00046576952290869485,eligible_<1700
5591,137,135,0.00048368373532826003,eligible_<1700
5620,708,569,0.002038637373346518,eligible_<1700
5698,160,126,0.0004514381529730427,eligible_<1700
5700,163,124,0.0004442724680052166,eligible_<1700
5704,333,325,0.001164423807271737,eligible_<1700
5709,414,410,0.0014689654184043453,eligible_<1700
7993,130,129,0.0004621866804247818,eligible_<1700
8017,582,578,0.0020708829557017356,eligible_<1700
8037,118,93,0.0003332043510039125,eligible_<1700
8059,882,872,0.0031242386459721687,eligible_<1700
8070,104,65,0.00023288476145434743,eligible_<1700
8071,186,135,0.00048368373532826003,eligible_<1700
8095,1943,1932,0.006922051678919988,borderline_1700-2500
8096,538,537,0.001923986413861301,eligible_<1700
8104,177,174,0.0006234145922008685,eligible_<1700
8125,5458,5452,0.01953365722229388,exclude_>2500
8126,607,606,0.0021712025452513004,eligible_<1700
8127,594,593,0.002124625592960431,eligible_<1700
8128,377,376,0.001347148773951302,eligible_<1700
8138,380,380,0.0013614801438869542,eligible_<1700
8139,296,285,0.0010211101079152156,eligible_<1700
8166,1376,1372,0.004915659887928687,eligible_<1700
8179,228,226,0.0008097224013643464,eligible_<1700
8250,226,162,0.000580420482393912,eligible_<1700
8285,170,117,0.0004191925706178254,eligible_<1700
8295,126,121,0.0004335239405534775,eligible_<1700
8308,161,161,0.000576837639909999,eligible_<1700
8316,161,125,0.0004478553104891297,eligible_<1700
8324,186,125,0.0004478553104891297,eligible_<1700
8325,203,143,0.0005123464751995643,eligible_<1700
8335,100,98,0.00035111856342347767,eligible_<1700
8392,613,596,0.00213537412041217,eligible_<1700
8424,101,75,0.0002687131862934778,eligible_<1700
8450,512,504,0.0018057526118921707,eligible_<1700
8481,1230,1187,0.0042528340284047755,eligible_<1700
8515,314,301,0.0010784355876578243,eligible_<1700
8521,228,180,0.0006449116471043467,eligible_<1700
8552,1037,1023,0.003665247861043037,eligible_<1700
9685,135,135,0.00048368373532826003,eligible_<1700
9710,101,101,0.0003618670908752168,eligible_<1700
9782,158,153,0.0005481749000386947,eligible_<1700
9802,169,166,0.0005947518523295642,eligible_<1700
9852,634,615,0.002203448127606518,eligible_<1700
12422,306,296,0.0010605213752382591,eligible_<1700
12453,994,952,0.0034108660446852115,eligible_<1700
12459,153,114,0.00040844404316608626,eligible_<1700
12495,3152,3145,0.011268039611906502,exclude_>2500
12544,127,121,0.0004335239405534775,eligible_<1700
12567,140,114,0.00040844404316608626,eligible_<1700
12632,1353,1346,0.0048225059833469485,eligible_<1700
12750,982,978,0.0035040199492669503,eligible_<1700
12764,198,198,0.0007094028118147813,eligible_<1700
12891,2874,2839,0.010171689811829112,exclude_>2500
12899,149,104,0.00037261561832695585,eligible_<1700
12920,215,211,0.0007559797641056509,eligible_<1700
15512,22162,22094,0.07915932183957465,exclude_>2500
15721,240,235,0.0008419679837195637,eligible_<1700
16992,28452,28226,0.10112931195092939,exclude_>2500
17025,4204,4175,0.01495836737033693,exclude_>2500
17075,356,350,0.0012539948693695631,eligible_<1700
17240,3432,3423,0.012264069822434326,exclude_>2500
17329,8660,8602,0.030819611046619948,exclude_>2500
17397,152,133,0.00047651805036043397,eligible_<1700
17449,2398,2392,0.008570159221519985,borderline_1700-2500
20865,661,655,0.0023467618269630394,eligible_<1700
20889,167,126,0.0004514381529730427,eligible_<1700
21022,356,356,0.0012754919242730413,eligible_<1700
21050,5747,5582,0.019999426745202574,exclude_>2500
22237,988,983,0.0035219341616865157,eligible_<1700
22244,198,198,0.0007094028118147813,eligible_<1700
22266,332,328,0.0011751723347234763,eligible_<1700
22268,120,120,0.0004299410980695645,eligible_<1700
22278,1662,1659,0.005943935680811729,eligible_<1700
22287,1798,1796,0.006434785101107815,borderline_1700-2500
22347,965,959,0.003435945942072603,eligible_<1700
22378,110,92,0.00032962150851999943,eligible_<1700
22457,803,764,0.0027372916577095606,eligible_<1700
22465,645,641,0.002296602032188257,eligible_<1700
22472,154,143,0.0005123464751995643,eligible_<1700
22484,2023,2012,0.007208679077633031,borderline_1700-2500
22485,483,480,0.001719764392278258,eligible_<1700
22497,1066,1059,0.0037942301904639064,eligible_<1700
22571,100,99,0.00035470140590739067,eligible_<1700
22604,241,225,0.0008061395588804333,eligible_<1700
22677,339,304,0.0010891841151095634,eligible_<1700
22790,146,140,0.0005015979477478252,eligible_<1700
22826,334,324,0.001160840964787824,eligible_<1700
22847,257,252,0.0009028763059460854,eligible_<1700
22863,154,148,0.0005302606876191296,eligible_<1700
22864,1172,1158,0.004148931596371297,eligible_<1700
22938,684,683,0.0024470814165126046,eligible_<1700
23055,145,145,0.0005195121601673904,eligible_<1700
23107,2742,2722,0.009752497241211288,exclude_>2500
23258,195,194,0.0006950714418791292,eligible_<1700
23292,107,104,0.00037261561832695585,eligible_<1700
23421,125,123,0.00044068962552130356,eligible_<1700
23499,188,178,0.0006377459621365206,eligible_<1700
23550,196,193,0.0006914885993952162,eligible_<1700
23576,132,130,0.00046576952290869485,eligible_<1700
23631,292,291,0.001042607162818694,eligible_<1700
23679,1116,1081,0.0038730527251099934,eligible_<1700
23730,1774,1772,0.006348796881493902,borderline_1700-2500
26205,283,278,0.0009960302105278243,eligible_<1700
26211,135,135,0.00048368373532826003,eligible_<1700
26447,350,325,0.001164423807271737,eligible_<1700
26457,1237,1209,0.004331656563050862,eligible_<1700
26458,135,121,0.0004335239405534775,eligible_<1700
26566,3936,3934,0.014094902331713888,exclude_>2500
26696,1136,1105,0.003959040944723906,eligible_<1700
26736,100,84,0.00030095876864869514,eligible_<1700
26745,166,135,0.00048368373532826003,eligible_<1700
26946,303,302,0.0010820184301417372,eligible_<1700
26983,305,303,0.0010856012726256502,eligible_<1700
26990,4819,4814,0.01724780371755736,exclude_>2500
27048,1414,1395,0.004998065265058687,eligible_<1700
27071,142,137,0.0004908494202960861,eligible_<1700
27101,195,169,0.0006055003797813033,eligible_<1700
27155,543,537,0.001923986413861301,eligible_<1700
27162,19591,19563,0.07009114751279075,exclude_>2500
28060,169,168,0.0006019175372973903,eligible_<1700
28086,1062,1054,0.0037763159780443414,eligible_<1700
28089,2536,2520,0.009028763059460853,exclude_>2500
30549,120228,120228,0.43075798615589667,exclude_>2500
30641,463,462,0.0016552732275678232,eligible_<1700
30706,333,331,0.0011859208621752154,eligible_<1700
30952,266,262,0.0009387047307852157,eligible_<1700
30958,142,126,0.0004514381529730427,eligible_<1700
31016,3567,3527,0.012636685440761282,exclude_>2500
31545,700,697,0.0024972412112873868,eligible_<1700
31553,118,87,0.00031170729610043425,eligible_<1700
31586,141,134,0.000480100892844347,eligible_<1700
31612,404,404,0.0014474683635008671,eligible_<1700
31624,1962,1957,0.007011622741017814,borderline_1700-2500
31697,328,302,0.0010820184301417372,eligible_<1700
31730,8412,8406,0.03011737391977299,exclude_>2500
31745,924,922,0.0033033807701678204,eligible_<1700
31803,157,156,0.0005589234274904338,eligible_<1700
31853,142,141,0.0005051807902317383,eligible_<1700
31887,123,119,0.00042635825558565144,eligible_<1700
31920,2194,2140,0.0076672829155739,borderline_1700-2500
31926,122,114,0.00040844404316608626,eligible_<1700
31971,633,630,0.0022571907648652133,eligible_<1700
31999,3914,3880,0.013901428837582585,exclude_>2500
32016,225,224,0.0008025567163965203,eligible_<1700
32032,870,832,0.002980924946615647,eligible_<1700
32107,161,159,0.000569671954942173,eligible_<1700
35812,248,246,0.0008813792510426071,eligible_<1700
35815,4515,4455,0.01596156326583258,exclude_>2500
36218,87834,87834,0.3146953867320177,exclude_>2500
37046,21081,21028,0.07534001175172335,exclude_>2500
37231,1065,1060,0.0037978130329478195,eligible_<1700
37257,158,151,0.0005410092150708686,eligible_<1700
37358,1952,1950,0.0069865428436304226,borderline_1700-2500
37362,267,266,0.0009530361007208679,eligible_<1700
37376,398,397,0.0014223884661134758,eligible_<1700
39872,315,309,0.0011070983275291285,eligible_<1700
39914,243,236,0.0008455508262034768,eligible_<1700
40830,218,218,0.0007810596614930422,eligible_<1700
40851,202,196,0.0007022371268469553,eligible_<1700
40871,376,374,0.0013399830889834759,eligible_<1700
40941,349,336,0.0012038350745947805,eligible_<1700
40949,237,237,0.0008491336686873898,eligible_<1700
40958,225,224,0.0008025567163965203,eligible_<1700
40962,209,207,0.0007416483941699987,eligible_<1700
40990,2687,2669,0.009562606589563897,exclude_>2500
46586,281,278,0.0009960302105278243,eligible_<1700
46744,208,205,0.0007344827092021726,eligible_<1700
46745,269,265,0.0009494532582369549,eligible_<1700
46748,189,185,0.0006628258595239119,eligible_<1700
46807,1791,1785,0.0063953738337847715,borderline_1700-2500
47055,1515,1503,0.005385012253321295,eligible_<1700
47408,116,116,0.0004156097281339123,eligible_<1700
50768,2718,2712,0.009716668816372157,exclude_>2500
52328,394,388,0.0013901428837582584,eligible_<1700
52461,4384,4377,0.015682101552087362,exclude_>2500
53093,2040,2007,0.007190764865213466,borderline_1700-2500
53624,165,157,0.0005625062699743469,eligible_<1700
53723,107,107,0.00038336414577869497,eligible_<1700
62143,112,111,0.00039769551571434714,eligible_<1700
62225,316,289,0.0010354414778508678,eligible_<1700
62226,199,179,0.0006413288046204337,eligible_<1700
62871,18091,17804,0.06378892758358772,exclude_>2500
62922,140,108,0.000386946988262608,eligible_<1700
63196,550,540,0.0019347349413130401,eligible_<1700
65262,783,759,0.0027193774452899952,eligible_<1700
65313,202,193,0.0006914885993952162,eligible_<1700
65334,329,324,0.001160840964787824,eligible_<1700
65521,172,169,0.0006055003797813033,eligible_<1700
65582,261,257,0.0009207905183656505,eligible_<1700
65673,1463,1456,0.005216618656577382,eligible_<1700
65990,657,655,0.0023467618269630394,eligible_<1700
66056,7615,7576,0.02714361465812517,exclude_>2500
66076,406,403,0.001443885521016954,eligible_<1700
66085,735,734,0.002629806383192169,eligible_<1700
66188,13211,13195,0.047275606575232526,exclude_>2500
72287,8751,8715,0.03122447224730212,exclude_>2500
72667,601,589,0.0021102942230247787,eligible_<1700
72848,394,392,0.0014044742536939107,eligible_<1700
72941,131,109,0.0003905298307465211,eligible_<1700
73439,23907,23832,0.0853863020766155,exclude_>2500
85256,8458,8420,0.030167533714547775,exclude_>2500
85325,3716,3704,0.01327084856041389,exclude_>2500
85338,133,132,0.0004729352078765209,eligible_<1700
85572,133,105,0.0003761984608108689,eligible_<1700
85652,222,218,0.0007810596614930422,eligible_<1700
85800,340,339,0.0012145836020465196,eligible_<1700
86128,482,482,0.0017269300772460839,eligible_<1700
86246,1872,1869,0.006696332602433467,borderline_1700-2500
86542,127,125,0.0004478553104891297,eligible_<1700
87120,246,244,0.0008742135660747811,eligible_<1700
87141,150,147,0.0005266778451352165,eligible_<1700
87893,268,267,0.000956618943204781,eligible_<1700
88253,199,188,0.000673574386975651,eligible_<1700
88406,243,238,0.0008527165111713029,eligible_<1700
88559,147,147,0.0005266778451352165,eligible_<1700
89403,244,242,0.000867047881106955,eligible_<1700
89415,1114,1099,0.003937543889820428,eligible_<1700
89575,149,146,0.0005230950026513034,eligible_<1700
89767,155,153,0.0005481749000386947,eligible_<1700
89962,441,437,0.0015657021654699973,eligible_<1700
89972,115,115,0.00041202688564999926,eligible_<1700
90009,523,520,0.0018630780916347794,eligible_<1700
90041,1033,1031,0.003693910600914341,eligible_<1700
90137,11337,11293,0.04046104017082993,exclude_>2500
92415,24983,24916,0.08927010332917723,exclude_>2500
92497,225,221,0.0007918081889447812,eligible_<1700
92644,496,490,0.0017555928171173883,eligible_<1700
92646,105,104,0.00037261561832695585,eligible_<1700
92852,370,369,0.0013220688765639107,eligible_<1700
93185,553,537,0.001923986413861301,eligible_<1700
93541,561,559,0.0020028089485073877,eligible_<1700
93733,140,140,0.0005015979477478252,eligible_<1700
94246,2393,2368,0.008484171001906073,borderline_1700-2500
94255,132,126,0.0004514381529730427,eligible_<1700
94375,120,110,0.0003941126732304341,eligible_<1700
94389,955,944,0.003382203304813907,eligible_<1700
94480,1729,1725,0.006180403284749989,borderline_1700-2500
94915,373,365,0.0013077375066282587,eligible_<1700
100901,24085,24006,0.08600971666881638,exclude_>2500
101020,872,871,0.0031206558034882555,eligible_<1700
101682,234,206,0.0007380655516860857,eligible_<1700
102107,301,299,0.0010712699026899982,eligible_<1700
102148,1699,1692,0.006062169482780859,eligible_<1700
102435,1044,1025,0.003672413546010863,eligible_<1700
102631,162,159,0.000569671954942173,eligible_<1700
104020,2803,2801,0.010035541797440418,exclude_>2500
112102,209,206,0.0007380655516860857,eligible_<1700
112598,786,780,0.002794617137452169,eligible_<1700
112686,6506,6416,0.022987517376786046,exclude_>2500
112692,119,116,0.0004156097281339123,eligible_<1700
112869,1599,1562,0.0055963999598721646,eligible_<1700
112991,447,434,0.0015549536380182582,eligible_<1700
113289,3404,3382,0.012117173280593892,exclude_>2500
113312,125,125,0.0004478553104891297,eligible_<1700
118705,1959,1945,0.006968628631210857,borderline_1700-2500
118776,546,545,0.0019526491537326053,eligible_<1700
119337,795,793,0.0028411940897430385,eligible_<1700
119464,267,266,0.0009530361007208679,eligible_<1700
119781,988,985,0.0035290998466543416,eligible_<1700
123260,25380,25364,0.09087521676197027,exclude_>2500
123408,204,203,0.0007273170242343465,eligible_<1700
123499,1690,1689,0.00605142095532912,eligible_<1700
124290,208,207,0.0007416483941699987,eligible_<1700
127023,19215,19215,0.06884431832838901,exclude_>2500
127095,1299,1298,0.004650529544119123,eligible_<1700
127127,1544,1530,0.005481749000386947,eligible_<1700
127275,189,189,0.000677157229459564,eligible_<1700
127312,935,935,0.00334995772245869,eligible_<1700
127432,161,160,0.0005732547974260859,eligible_<1700
127997,2566,2565,0.00918999097123694,exclude_>2500
128028,168,167,0.0005983346948134772,eligible_<1700
128098,154,151,0.0005410092150708686,eligible_<1700
128137,289,288,0.0010318586353669547,eligible_<1700
128204,159,156,0.0005589234274904338,eligible_<1700
128219,147,144,0.0005159293176834773,eligible_<1700
131014,1944,1934,0.006929217363887814,borderline_1700-2500
131118,910,910,0.0032603866603608637,eligible_<1700
131221,164,163,0.0005840033248778251,eligible_<1700
131261,456,445,0.0015943649053413015,eligible_<1700
131321,101,100,0.00035828424839130373,eligible_<1700
131357,46482,46250,0.16570646488097798,exclude_>2500
129736,4349,4340,0.01554953638018258,exclude_>2500
129858,166,166,0.0005947518523295642,eligible_<1700
129945,355,351,0.001257577711853476,eligible_<1700
129951,233,232,0.0008312194562678246,eligible_<1700
129971,127,127,0.00045502099545695573,eligible_<1700
130004,194,192,0.0006879057569113031,eligible_<1700
130008,141,141,0.0005051807902317383,eligible_<1700
130176,4198,4179,0.014972698740272582,exclude_>2500
130223,111,111,0.00039769551571434714,eligible_<1700
130295,342,340,0.0012181664445304326,eligible_<1700
130486,656,656,0.0023503446694469526,eligible_<1700
130499,192,189,0.000677157229459564,eligible_<1700
130552,434,424,0.0015191252131791279,eligible_<1700
130680,1282,1277,0.004575289851956948,eligible_<1700
130723,145,143,0.0005123464751995643,eligible_<1700
130827,941,931,0.0033356263525230376,eligible_<1700
130877,1661,1657,0.005936769995843903,eligible_<1700
130960,2315,2295,0.008222623500580421,borderline_1700-2500
137330,2202,2192,0.007853590724737378,borderline_1700-2500
137406,418,414,0.0014832967883399975,eligible_<1700
137649,2112,2106,0.0075454662711208565,borderline_1700-2500
137776,1394,1393,0.004990899580090861,eligible_<1700
137900,434,433,0.001551370795534345,eligible_<1700
137909,2288,2263,0.008107972541095203,borderline_1700-2500
137968,127,125,0.0004478553104891297,eligible_<1700
138016,191,189,0.000677157229459564,eligible_<1700
138026,247,246,0.0008813792510426071,eligible_<1700
138161,11598,11516,0.041260014044742534,exclude_>2500
138195,123,121,0.0004335239405534775,eligible_<1700
138616,124,121,0.0004335239405534775,eligible_<1700
138728,146,146,0.0005230950026513034,eligible_<1700
138788,8195,8103,0.02903177264714734,exclude_>2500
139032,287,286,0.0010246929503991285,eligible_<1700
139245,646,645,0.002310933402123909,eligible_<1700
139326,769,769,0.0027552058701291256,eligible_<1700
139443,2782,2732,0.009788325666050418,exclude_>2500
141653,402,401,0.0014367198360491279,eligible_<1700
141791,1017,1015,0.0036365851211717327,eligible_<1700
141829,225,223,0.0007989738739126073,eligible_<1700
142262,764,760,0.0027229602877739084,eligible_<1700
142265,156,155,0.0005553405850065207,eligible_<1700
142325,2180,2175,0.007792682402510856,borderline_1700-2500
142334,968,961,0.0034431116270404287,eligible_<1700
142432,624,621,0.002224945182509996,eligible_<1700
142503,580,577,0.0020673001132178225,eligible_<1700
146094,147,147,0.0005266778451352165,eligible_<1700
146197,179,177,0.0006341631196526076,eligible_<1700
146278,7159,7150,0.025617323759978217,exclude_>2500
146408,779,773,0.002769537240064778,eligible_<1700
146596,128,125,0.0004478553104891297,eligible_<1700
147505,243,242,0.000867047881106955,eligible_<1700
147537,399,390,0.0013973085687260846,eligible_<1700
147614,473,470,0.0016839359674391274,eligible_<1700
147635,168,164,0.0005875861673617382,eligible_<1700
147716,321,310,0.0011106811700130415,eligible_<1700
147747,577,571,0.0020458030583143444,eligible_<1700
147768,1478,1474,0.005281109821287817,eligible_<1700
147887,301,301,0.0010784355876578243,eligible_<1700
147889,225,220,0.0007882253464608682,eligible_<1700
147949,28048,27913,0.1000078822534646,exclude_>2500
148083,456,455,0.0016301933301804319,eligible_<1700
148144,201,199,0.0007129856542986944,eligible_<1700
150761,218,189,0.000677157229459564,eligible_<1700
150926,1342,1342,0.004808174613411296,eligible_<1700
150930,301,298,0.001067687060206085,eligible_<1700
150999,4864,4856,0.01739828310188171,exclude_>2500
151151,710,702,0.002515155423706952,eligible_<1700
151247,2367,2366,0.008477005316938246,borderline_1700-2500
151369,146,146,0.0005230950026513034,eligible_<1700
151446,374,366,0.0013113203491121716,eligible_<1700
151684,150,149,0.0005338435301030425,eligible_<1700
151835,508,507,0.00181650113934391,eligible_<1700
151847,224,219,0.0007846425039769551,eligible_<1700
152345,103,82,0.0002937930836808691,eligible_<1700
152471,116,116,0.0004156097281339123,eligible_<1700
152757,843,838,0.0030024220015191254,eligible_<1700
152767,237,236,0.0008455508262034768,eligible_<1700
152846,153,153,0.0005481749000386947,eligible_<1700
152847,487,484,0.00173409576221391,eligible_<1700
152867,126,126,0.0004514381529730427,eligible_<1700
155042,325,324,0.001160840964787824,eligible_<1700
155065,254,253,0.0009064591484299984,eligible_<1700
155157,311,308,0.0011035154850452154,eligible_<1700
157403,5565,5548,0.01987761010074953,exclude_>2500
157451,147,147,0.0005266778451352165,eligible_<1700
157521,162,152,0.0005445920575547817,eligible_<1700
157809,5728,5726,0.020515356062886052,exclude_>2500
157912,440,440,0.0015764506929217363,eligible_<1700
158243,1722,1702,0.0060979979076199895,borderline_1700-2500
158356,336,333,0.0011930865471430415,eligible_<1700
158435,3365,3359,0.012034767903463892,exclude_>2500
159692,699,680,0.002436332889060865,eligible_<1700
159910,240,240,0.000859882196139129,eligible_<1700
160396,292,291,0.001042607162818694,eligible_<1700
160413,115,114,0.00040844404316608626,eligible_<1700
160418,458,410,0.0014689654184043453,eligible_<1700
163027,555,554,0.0019848947360878227,eligible_<1700
163056,511,509,0.0018236668243117359,eligible_<1700
163081,476,474,0.0016982673373747796,eligible_<1700
163154,1823,1784,0.006391790991300859,borderline_1700-2500
163163,491,483,0.001730512919729997,eligible_<1700
163166,6028,5995,0.02147914069105866,exclude_>2500
163354,674,670,0.0024005044642217348,eligible_<1700
164949,2248,2217,0.007943161786835204,borderline_1700-2500
165332,117,117,0.0004191925706178254,eligible_<1700
165346,230,224,0.0008025567163965203,eligible_<1700
165347,187,181,0.0006484944895882597,eligible_<1700
165404,292,291,0.001042607162818694,eligible_<1700
165522,196,195,0.0006986542843630423,eligible_<1700
165552,142,141,0.0005051807902317383,eligible_<1700
165719,102,102,0.0003654499333591298,eligible_<1700
165722,10897,10867,0.03893474927268298,exclude_>2500
165748,197,196,0.0007022371268469553,eligible_<1700
165797,161,160,0.0005732547974260859,eligible_<1700
165950,4396,4389,0.015725095661894322,exclude_>2500
165967,405,369,0.0013220688765639107,eligible_<1700
165986,2799,2796,0.010017627585020852,exclude_>2500
166026,208,208,0.0007452312366539117,eligible_<1700
166202,533,531,0.0019024893589578227,eligible_<1700
166276,150,150,0.0005374263725869556,eligible_<1700
166280,253,252,0.0009028763059460854,eligible_<1700
166298,232,230,0.0008240537712999985,eligible_<1700
166372,938,937,0.0033571234074265158,eligible_<1700
166532,325,324,0.001160840964787824,eligible_<1700
166669,7504,7499,0.026867735786863866,exclude_>2500
166888,178,178,0.0006377459621365206,eligible_<1700
166931,126,122,0.00043710678303739056,eligible_<1700
167237,225,225,0.0008061395588804333,eligible_<1700
170274,193,184,0.0006592430170399989,eligible_<1700
170344,250,248,0.0008885449360104332,eligible_<1700
170415,506,500,0.0017914212419565187,eligible_<1700
170477,141,129,0.0004621866804247818,eligible_<1700
170587,1613,1609,0.005764793556616077,eligible_<1700
170604,1273,1269,0.004546627112085644,eligible_<1700
170901,451,446,0.0015979477478252147,eligible_<1700
171011,3012,3008,0.010777190191610416,exclude_>2500
171136,485,484,0.00173409576221391,eligible_<1700
171233,6826,6805,0.024381243103028218,exclude_>2500
171234,158,153,0.0005481749000386947,eligible_<1700
171273,8835,8812,0.03157200796824169,exclude_>2500
172225,34432,33991,0.12178439887068805,exclude_>2500
172235,938,934,0.0033463748799747767,eligible_<1700
172237,178,169,0.0006055003797813033,eligible_<1700
174243,161,160,0.0005732547974260859,eligible_<1700
174430,54321,54321,0.1946235865686401,exclude_>2500
174431,114,103,0.00036903277584304285,eligible_<1700
174458,545,545,0.0019526491537326053,eligible_<1700
174476,1445,1440,0.005159293176834774,eligible_<1700
174518,251,249,0.0008921277784943463,eligible_<1700
174570,2708,2692,0.009645011966693897,exclude_>2500
174744,857,857,0.003070496008713473,eligible_<1700
174785,4143,4137,0.014822219355948235,exclude_>2500
174802,297,294,0.001053355690270433,eligible_<1700
174805,475,472,0.0016911016524069535,eligible_<1700
174852,187,187,0.0006699915444917379,eligible_<1700
175095,2802,2787,0.009985382002665634,exclude_>2500
173452,183,181,0.0006484944895882597,eligible_<1700
173504,228,183,0.0006556601745560858,eligible_<1700
173574,187,186,0.000666408702007825,eligible_<1700
173648,148,148,0.0005302606876191296,eligible_<1700
173800,235,231,0.0008276366137839116,eligible_<1700
174155,669,669,0.002396921621737822,eligible_<1700
176494,25807,25789,0.09239792481763331,exclude_>2500
176502,167,162,0.000580420482393912,eligible_<1700
176589,444,438,0.0015692850079539102,eligible_<1700
176817,357,337,0.0012074179170786935,eligible_<1700
176887,112,112,0.00040127835819826015,eligible_<1700
176914,275,272,0.0009745331556243462,eligible_<1700
177079,1371,1364,0.004886997148057383,eligible_<1700
177210,463,459,0.001644524700116084,eligible_<1700
177515,454,449,0.0016086962752769537,eligible_<1700
177541,256,253,0.0009064591484299984,eligible_<1700
177542,187,186,0.000666408702007825,eligible_<1700
177590,4522,4508,0.016151453917479974,exclude_>2500
177727,751,748,0.0026799661779669517,eligible_<1700
181796,2885,2882,0.010325752038637373,exclude_>2500
181797,1230,1230,0.004406896255213036,eligible_<1700
181811,655,650,0.002328847614543474,eligible_<1700
182074,668,666,0.002386173094286083,eligible_<1700
182120,1261,1258,0.004507215844762601,eligible_<1700
182134,7932,7916,0.028361781102655602,exclude_>2500
182340,1841,1838,0.006585264485432163,borderline_1700-2500
182351,1818,1804,0.0064634478409791194,borderline_1700-2500
182352,341,341,0.0012217492870143457,eligible_<1700
182541,210,205,0.0007344827092021726,eligible_<1700
182635,365,365,0.0013077375066282587,eligible_<1700
182638,291,288,0.0010318586353669547,eligible_<1700
180853,180,180,0.0006449116471043467,eligible_<1700
180899,3043,3038,0.010884675466127806,exclude_>2500
180901,1612,1612,0.005775542084067816,eligible_<1700
180908,109,109,0.0003905298307465211,eligible_<1700
184824,795,781,0.0027981999799360823,eligible_<1700
185104,520,509,0.0018236668243117359,eligible_<1700
185123,764,759,0.0027193774452899952,eligible_<1700
185196,1926,1922,0.006886223254080857,borderline_1700-2500
185241,138,128,0.0004586038379408688,eligible_<1700
185244,182,180,0.0006449116471043467,eligible_<1700
185302,137,134,0.000480100892844347,eligible_<1700
185374,538,538,0.001927569256345214,eligible_<1700
185378,128,125,0.0004478553104891297,eligible_<1700
185817,267,266,0.0009530361007208679,eligible_<1700
186265,1146,1127,0.004037863479369993,eligible_<1700
186279,468,467,0.0016731874399873883,eligible_<1700
186323,606,605,0.0021676197027673877,eligible_<1700
186435,157,154,0.0005517577425226077,eligible_<1700
186695,113,113,0.0004048612006821732,eligible_<1700
186721,659,653,0.002339596141995213,eligible_<1700
186751,3017,2972,0.010648207862189547,exclude_>2500
186755,133,132,0.0004729352078765209,eligible_<1700
186767,473,468,0.0016767702824713015,eligible_<1700
186864,607,607,0.0021747853877352136,eligible_<1700
187550,124,124,0.0004442724680052166,eligible_<1700
187787,353,353,0.0012647433968213022,eligible_<1700
187926,178,178,0.0006377459621365206,eligible_<1700
187959,181,181,0.0006484944895882597,eligible_<1700
187976,305,302,0.0010820184301417372,eligible_<1700
188129,107,107,0.00038336414577869497,eligible_<1700
188181,553,548,0.0019633976811843446,eligible_<1700
191071,872,870,0.0031170729610043423,eligible_<1700
191073,624,622,0.0022285280249939093,eligible_<1700
191077,303,302,0.0010820184301417372,eligible_<1700
191177,644,642,0.00230018487467217,eligible_<1700
193840,1367,1363,0.00488341430557347,eligible_<1700
193981,219,218,0.0007810596614930422,eligible_<1700
194019,370,367,0.0013149031915960846,eligible_<1700
194032,156,152,0.0005445920575547817,eligible_<1700
194078,145,114,0.00040844404316608626,eligible_<1700
194228,160,155,0.0005553405850065207,eligible_<1700
194233,285,276,0.0009888645255599982,eligible_<1700
194307,121,118,0.0004227754131017384,eligible_<1700
194387,174,173,0.0006198317497169555,eligible_<1700
194523,1380,1375,0.004926408415380426,eligible_<1700
194536,144,140,0.0005015979477478252,eligible_<1700
194553,731,727,0.0026047264858047783,eligible_<1700
194594,22320,22273,0.07980065064419507,exclude_>2500
198928,10926,10913,0.039099560026942974,exclude_>2500
202077,1756,1720,0.006162489072330424,borderline_1700-2500
202288,1337,1336,0.004786677558507818,eligible_<1700
202443,384,384,0.0013758115138226062,eligible_<1700
202494,195,194,0.0006950714418791292,eligible_<1700
202564,271,269,0.000963784628172607,eligible_<1700
202589,118,118,0.0004227754131017384,eligible_<1700
202670,4664,4651,0.016663800392679538,exclude_>2500
202755,658,655,0.0023467618269630394,eligible_<1700
202942,178,142,0.0005087636327156513,eligible_<1700
203405,508,504,0.0018057526118921707,eligible_<1700
203416,6700,6673,0.023908307895151696,exclude_>2500
203417,7034,7006,0.025101394442294738,exclude_>2500
199561,42514,42514,0.15232096536107886,exclude_>2500
199723,533,531,0.0019024893589578227,eligible_<1700
199766,150,147,0.0005266778451352165,eligible_<1700
204836,4195,4169,0.014936870315433452,exclude_>2500
204886,746,737,0.0026405549106439086,eligible_<1700
205045,1616,1613,0.0057791249265517295,eligible_<1700
205249,223,223,0.0007989738739126073,eligible_<1700
205322,3579,3520,0.01261160554337389,exclude_>2500
205494,2722,2702,0.009680840391533026,exclude_>2500
215341,4601,4441,0.015911403471057798,exclude_>2500
215436,158,157,0.0005625062699743469,eligible_<1700
215482,242,238,0.0008527165111713029,eligible_<1700
215565,256,222,0.0007953910314286943,eligible_<1700
215614,293,290,0.0010390243203347808,eligible_<1700
215842,3762,3739,0.013396248047350847,exclude_>2500
216091,2878,2869,0.010279175086346504,exclude_>2500
216092,3031,3018,0.010813018616449547,exclude_>2500
216179,265,260,0.0009315390458173897,eligible_<1700
216234,548,541,0.001938317783796953,eligible_<1700
216381,725,722,0.002586812273385213,eligible_<1700
216439,2774,2732,0.009788325666050418,exclude_>2500
216497,2092,2084,0.007466643736474769,borderline_1700-2500
216597,1482,1481,0.005306189718675208,eligible_<1700
216640,331,328,0.0011751723347234763,eligible_<1700
216734,5770,5743,0.020576264385112574,exclude_>2500
217083,1222,1210,0.004335239405534775,eligible_<1700
217353,311,308,0.0011035154850452154,eligible_<1700
217362,710,707,0.002533069636126517,eligible_<1700
217372,27558,27558,0.09873597317167548,exclude_>2500
219215,5494,5477,0.019623228284391704,exclude_>2500
221233,330,328,0.0011751723347234763,eligible_<1700
221263,141,137,0.0004908494202960861,eligible_<1700
221369,229,225,0.0008061395588804333,eligible_<1700
221371,338,336,0.0012038350745947805,eligible_<1700
221372,440,435,0.0015585364805021712,eligible_<1700
221408,113,113,0.0004048612006821732,eligible_<1700
221805,251,246,0.0008813792510426071,eligible_<1700
221965,16399,16369,0.058647548619172506,exclude_>2500
221977,175,169,0.0006055003797813033,eligible_<1700
222145,987,976,0.0034968542642991244,eligible_<1700
222509,7118,7095,0.025420267423363,exclude_>2500
222821,331,331,0.0011859208621752154,eligible_<1700
222885,129,129,0.0004621866804247818,eligible_<1700
222988,508,508,0.001820083981827823,eligible_<1700
223033,140,135,0.00048368373532826003,eligible_<1700
223201,369,366,0.0013113203491121716,eligible_<1700
223222,158,154,0.0005517577425226077,eligible_<1700
223376,965,953,0.0034144488871691247,eligible_<1700
223449,322,322,0.001153675279819998,eligible_<1700
223514,195,195,0.0006986542843630423,eligible_<1700
223597,103,102,0.0003654499333591298,eligible_<1700
223674,294,292,0.0010461900053026069,eligible_<1700
223740,3874,3862,0.01383693767287215,exclude_>2500
228504,6386,6365,0.02280479241010648,exclude_>2500
228855,3528,3502,0.012547114378663456,exclude_>2500
228959,1327,1325,0.004747266291184774,eligible_<1700
229427,432,423,0.0015155423706952147,eligible_<1700
229491,2080,1979,0.0070904452756639005,borderline_1700-2500
229598,470,463,0.0016588560700517363,eligible_<1700
229599,270,268,0.000960201785688694,eligible_<1700
229713,793,782,0.002801782822419995,eligible_<1700
229742,235,235,0.0008419679837195637,eligible_<1700
229782,251,251,0.0008992934634621723,eligible_<1700
229956,900,883,0.0031636499132952117,eligible_<1700
230089,796,795,0.0028483597747108644,eligible_<1700
230200,1414,1411,0.005055390744801295,eligible_<1700
230244,4967,4965,0.01778881293262823,exclude_>2500
230253,5343,5328,0.019089384754288664,exclude_>2500
230266,357,353,0.0012647433968213022,eligible_<1700
230267,2908,2906,0.010411740258251286,exclude_>2500
232924,194,182,0.0006520773320721727,eligible_<1700
233078,22863,22863,0.08191452770970377,exclude_>2500
233261,291,289,0.0010354414778508678,eligible_<1700
233678,4055,4051,0.014514094902331715,exclude_>2500
233961,5112,5089,0.018233085400633446,exclude_>2500
233976,593,589,0.0021102942230247787,eligible_<1700
234093,190,190,0.0006807400719434771,eligible_<1700
234120,871,868,0.0031099072760365164,eligible_<1700
234221,125,125,0.0004478553104891297,eligible_<1700
234277,6636,6633,0.023764994195795176,exclude_>2500
234337,739,736,0.0026369720681599955,eligible_<1700
234378,171,170,0.0006090832222652163,eligible_<1700
234450,565,565,0.0020243060034108662,eligible_<1700
234521,402,387,0.0013865600412743455,eligible_<1700
234578,216,216,0.000773893976525216,eligible_<1700
234776,373,370,0.0013256517190478238,eligible_<1700
234828,778,778,0.0027874514524843428,eligible_<1700
234900,349,349,0.00125041202688565,eligible_<1700
234948,953,952,0.0034108660446852115,eligible_<1700
235251,294,290,0.0010390243203347808,eligible_<1700
235360,226,226,0.0008097224013643464,eligible_<1700
235427,106,103,0.00036903277584304285,eligible_<1700
235454,214,175,0.0006269974346847816,eligible_<1700
235467,174,173,0.0006198317497169555,eligible_<1700
235488,4930,4928,0.017656247760723446,exclude_>2500
235511,208,208,0.0007452312366539117,eligible_<1700
235544,506,506,0.0018129182968599968,eligible_<1700
235802,3430,3417,0.012242572767530848,exclude_>2500
235839,103,102,0.0003654499333591298,eligible_<1700
235902,582,581,0.0020816314831534747,eligible_<1700
236217,1850,1836,0.006578098800464336,borderline_1700-2500
236239,333,287,0.0010282757928830417,eligible_<1700
236245,886,882,0.003160067070811299,eligible_<1700
236272,704,701,0.002511572581223039,eligible_<1700
236305,670,664,0.0023790074093182566,eligible_<1700
242589,129,115,0.00041202688564999926,eligible_<1700
242639,6504,6495,0.023270561933015178,exclude_>2500
242653,1146,1141,0.004088023274144775,eligible_<1700
242667,1166,1155,0.004138183068919558,eligible_<1700
242705,1745,1713,0.006137409174943033,borderline_1700-2500
243435,451,446,0.0015979477478252147,eligible_<1700
245700,143,142,0.0005087636327156513,eligible_<1700
245710,905,901,0.0032281410780056466,eligible_<1700
245928,650,645,0.002310933402123909,eligible_<1700
245934,8018,8016,0.028720065351046906,exclude_>2500
245994,256,254,0.0009100419909139115,eligible_<1700
246200,2621,2617,0.009376298780400418,exclude_>2500
246263,113,113,0.0004048612006821732,eligible_<1700
246316,265,265,0.0009494532582369549,eligible_<1700
246531,327,324,0.001160840964787824,eligible_<1700
246534,139,137,0.0004908494202960861,eligible_<1700
246535,366,362,0.0012969889791765194,eligible_<1700
246689,208,203,0.0007273170242343465,eligible_<1700
246696,314,311,0.0011142640124969547,eligible_<1700
246701,1364,1325,0.004747266291184774,eligible_<1700
246742,243,242,0.000867047881106955,eligible_<1700
246744,165,159,0.000569671954942173,eligible_<1700
246812,236,232,0.0008312194562678246,eligible_<1700
246873,186,159,0.000569671954942173,eligible_<1700
246900,14078,14066,0.05039626237872078,exclude_>2500
252854,675,675,0.0024184186766413,eligible_<1700
252985,340,338,0.0012110007595626067,eligible_<1700
253215,1009,1003,0.0035935910113647765,eligible_<1700
255668,2580,2578,0.00923656792352781,exclude_>2500
255678,138,138,0.0004944322627799991,eligible_<1700
255712,101,101,0.0003618670908752168,eligible_<1700
255984,12946,12923,0.04630107341960818,exclude_>2500
255990,419,417,0.0014940453157917366,eligible_<1700
256065,1013,1008,0.0036115052237843414,eligible_<1700
256066,777,760,0.0027229602877739084,eligible_<1700
256233,150,150,0.0005374263725869556,eligible_<1700
256422,181,177,0.0006341631196526076,eligible_<1700
256509,684,680,0.002436332889060865,eligible_<1700
256570,3908,3907,0.013998165584648236,exclude_>2500
256623,887,883,0.0031636499132952117,eligible_<1700
261594,980,968,0.00346819152442782,eligible_<1700
261720,616,616,0.0022070309700904307,eligible_<1700
261831,402,392,0.0014044742536939107,eligible_<1700
261898,244,241,0.0008634650386230419,eligible_<1700
261901,2056,2049,0.007341244249537813,borderline_1700-2500
262188,359,357,0.0012790747667569542,eligible_<1700
262274,338,333,0.0011930865471430415,eligible_<1700
262381,131,129,0.0004621866804247818,eligible_<1700
262479,122,121,0.0004335239405534775,eligible_<1700
264282,167,165,0.0005911690098456511,eligible_<1700
264321,403,402,0.001440302678533041,eligible_<1700
264638,137,137,0.0004908494202960861,eligible_<1700
264843,120,119,0.00042635825558565144,eligible_<1700
264982,2236,2232,0.0079969044240939,borderline_1700-2500
265031,320,318,0.001139343909884346,eligible_<1700
265118,186,186,0.000666408702007825,eligible_<1700
265202,316,302,0.0010820184301417372,eligible_<1700
265249,396,394,0.0014116399386617366,eligible_<1700
265260,439,439,0.0015728678504378234,eligible_<1700
265316,137,136,0.0004872665778121731,eligible_<1700
265381,667,660,0.0023646760393826044,eligible_<1700
265399,265,265,0.0009494532582369549,eligible_<1700
265524,1689,1669,0.005979764105650859,eligible_<1700
265571,214,208,0.0007452312366539117,eligible_<1700
265575,163,160,0.0005732547974260859,eligible_<1700
265585,100,99,0.00035470140590739067,eligible_<1700
265683,2188,2183,0.00782134514238216,borderline_1700-2500
265917,201,199,0.0007129856542986944,eligible_<1700
266064,633,620,0.002221362340026083,eligible_<1700
266083,8975,8948,0.03205927454605386,exclude_>2500
266121,3868,3849,0.01379036072058128,exclude_>2500
266140,403,403,0.001443885521016954,eligible_<1700
266164,3005,3004,0.010762858821674763,exclude_>2500
266177,567,564,0.002020723160926953,eligible_<1700
276924,382,381,0.0013650629863708671,eligible_<1700
277085,11521,11468,0.04108803760551471,exclude_>2500
277131,301,300,0.0010748527451739111,eligible_<1700
277184,109,109,0.0003905298307465211,eligible_<1700
277902,239,237,0.0008491336686873898,eligible_<1700
278229,117,104,0.00037261561832695585,eligible_<1700
278304,149,148,0.0005302606876191296,eligible_<1700
278305,211,210,0.0007523969216217378,eligible_<1700
278359,243,236,0.0008455508262034768,eligible_<1700
278402,234,225,0.0008061395588804333,eligible_<1700
279087,155,152,0.0005445920575547817,eligible_<1700
279135,948,945,0.00338578614729782,eligible_<1700
279254,4364,4357,0.015610444702409102,exclude_>2500
279306,600,596,0.00213537412041217,eligible_<1700
279419,380,378,0.001354314458919128,eligible_<1700
279644,415,386,0.0013829771987904323,eligible_<1700
280107,306,303,0.0010856012726256502,eligible_<1700
280132,1159,1156,0.004141765911403471,eligible_<1700
280282,175,173,0.0006198317497169555,eligible_<1700
280304,374,374,0.0013399830889834759,eligible_<1700
280501,479,476,0.0017054330223426058,eligible_<1700
280566,356,353,0.0012647433968213022,eligible_<1700
280575,289,287,0.0010282757928830417,eligible_<1700
280789,2884,2878,0.01031142066870172,exclude_>2500
280794,3750,3727,0.01335325393754389,exclude_>2500
283317,1632,1631,0.005843616091262164,eligible_<1700
283387,1797,1793,0.006424036573656076,borderline_1700-2500
281455,574,573,0.0020529687432821703,eligible_<1700
281474,1709,1702,0.0060979979076199895,borderline_1700-2500
282081,201,201,0.0007201513392665205,eligible_<1700
282414,1713,1708,0.006119494962523468,borderline_1700-2500
282435,717,715,0.0025617323759978216,eligible_<1700
282463,913,912,0.00326755234532869,eligible_<1700
282525,138,135,0.00048368373532826003,eligible_<1700
282527,115,110,0.0003941126732304341,eligible_<1700
282544,140,140,0.0005015979477478252,eligible_<1700
282673,261,260,0.0009315390458173897,eligible_<1700
282765,735,727,0.0026047264858047783,eligible_<1700
282775,268,267,0.000956618943204781,eligible_<1700
283095,818,817,0.0029271823093569515,eligible_<1700
283135,590,587,0.002103128538056953,eligible_<1700
283137,546,539,0.0019311520988291272,eligible_<1700
283216,103,101,0.0003618670908752168,eligible_<1700
295945,1272,1259,0.004510798687246514,eligible_<1700
300765,151,151,0.0005410092150708686,eligible_<1700
300877,8931,8919,0.03195537211402038,exclude_>2500
300908,186,183,0.0006556601745560858,eligible_<1700
300993,434,422,0.0015119595282113017,eligible_<1700
301018,320,319,0.001142926752368259,eligible_<1700
301030,432,431,0.0015442051105665191,eligible_<1700
301255,3488,3486,0.012489788898920847,exclude_>2500
301257,2805,2803,0.010042707482408243,exclude_>2500
301262,154,154,0.0005517577425226077,eligible_<1700
301317,193,192,0.0006879057569113031,eligible_<1700
301572,133,121,0.0004335239405534775,eligible_<1700
301665,339,331,0.0011859208621752154,eligible_<1700
301880,5936,5930,0.021246255929604312,exclude_>2500
302344,883,871,0.0031206558034882555,eligible_<1700
302388,3035,3014,0.010798687246513894,exclude_>2500
302417,158,155,0.0005553405850065207,eligible_<1700
302723,6281,6272,0.02247158805910257,exclude_>2500
302933,207,207,0.0007416483941699987,eligible_<1700
302965,146,146,0.0005230950026513034,eligible_<1700
302991,144,143,0.0005123464751995643,eligible_<1700
303053,405,400,0.001433136993565215,eligible_<1700
303263,145,144,0.0005159293176834773,eligible_<1700
303554,851,851,0.0030489989538099948,eligible_<1700
303669,361,358,0.0012826576092408674,eligible_<1700
303731,1019,1014,0.00363300227868782,eligible_<1700
312859,1452,1443,0.005170041704286513,eligible_<1700
313090,151,151,0.0005410092150708686,eligible_<1700
313129,309,309,0.0011070983275291285,eligible_<1700
313802,101,98,0.00035111856342347767,eligible_<1700
313822,153,152,0.0005445920575547817,eligible_<1700
313835,115,114,0.00040844404316608626,eligible_<1700
313963,1480,1472,0.005273944136319991,eligible_<1700
314009,110,110,0.0003941126732304341,eligible_<1700
314026,211,208,0.0007452312366539117,eligible_<1700
314170,162,155,0.0005553405850065207,eligible_<1700
314349,154,154,0.0005517577425226077,eligible_<1700
314491,11525,11513,0.0412492655172908,exclude_>2500
319971,563,552,0.0019777290511199964,eligible_<1700
320069,102,100,0.00035828424839130373,eligible_<1700
320527,856,848,0.0030382504263582557,eligible_<1700
320698,292,288,0.0010318586353669547,eligible_<1700
320718,3299,3286,0.01177322040213824,exclude_>2500
320819,1016,1012,0.0036258365937199936,eligible_<1700
320960,204,204,0.0007308998667182596,eligible_<1700
321215,106,101,0.0003618670908752168,eligible_<1700
321306,117,115,0.00041202688564999926,eligible_<1700
322014,319,319,0.001142926752368259,eligible_<1700
322039,362,362,0.0012969889791765194,eligible_<1700
322168,142,140,0.0005015979477478252,eligible_<1700
322169,141,140,0.0005015979477478252,eligible_<1700
322195,1051,1049,0.003758401765624776,eligible_<1700
322289,8506,8495,0.030436246900841252,exclude_>2500
322522,217,210,0.0007523969216217378,eligible_<1700
322523,102,100,0.00035828424839130373,eligible_<1700
322543,491,491,0.0017591756596013013,eligible_<1700
322622,2327,2323,0.008322943090129986,borderline_1700-2500
322708,4482,4448,0.01593648336844519,exclude_>2500
322785,1074,1066,0.0038193100878512977,eligible_<1700
322984,182,179,0.0006413288046204337,eligible_<1700
323206,329,328,0.0011751723347234763,eligible_<1700
331804,199,196,0.0007022371268469553,eligible_<1700
331979,498,496,0.0017770898720208665,eligible_<1700
331992,378,378,0.001354314458919128,eligible_<1700
332170,272,269,0.000963784628172607,eligible_<1700
332853,260,260,0.0009315390458173897,eligible_<1700
333055,1058,1057,0.0037870645054960805,eligible_<1700
338960,4459,4442,0.015914986313541712,exclude_>2500
339296,243,242,0.000867047881106955,eligible_<1700
339302,405,401,0.0014367198360491279,eligible_<1700
339473,213,210,0.0007523969216217378,eligible_<1700
339532,273,268,0.000960201785688694,eligible_<1700
340040,407,406,0.001454634048468693,eligible_<1700
340041,2563,2560,0.009172076758817375,exclude_>2500
340722,147,147,0.0005266778451352165,eligible_<1700
340789,221,219,0.0007846425039769551,eligible_<1700
340816,235,235,0.0008419679837195637,eligible_<1700
340834,578,576,0.0020637172707339093,eligible_<1700
341166,523,521,0.0018666609341186924,eligible_<1700
341484,100,100,0.00035828424839130373,eligible_<1700
350604,108,108,0.000386946988262608,eligible_<1700
350760,120,120,0.0004299410980695645,eligible_<1700
350948,885,874,0.0031314043309399946,eligible_<1700
351113,152,152,0.0005445920575547817,eligible_<1700
351292,240,240,0.000859882196139129,eligible_<1700
351476,2174,2169,0.007771185347607378,borderline_1700-2500
351540,523,516,0.0018487467216991272,eligible_<1700
351876,363,351,0.001257577711853476,eligible_<1700
352515,6036,6015,0.02155079754073692,exclude_>2500
352695,1092,1092,0.0039124639924330365,eligible_<1700
352697,2555,2538,0.009093254224171288,exclude_>2500
353290,104,104,0.00037261561832695585,eligible_<1700
353304,838,833,0.00298450778909956,eligible_<1700
353745,311,310,0.0011106811700130415,eligible_<1700
353942,600,597,0.002138956962896083,eligible_<1700
354307,197,196,0.0007022371268469553,eligible_<1700
354425,223,223,0.0007989738739126073,eligible_<1700
354669,228,228,0.0008168880863321725,eligible_<1700
354806,141,141,0.0005051807902317383,eligible_<1700
354859,137,124,0.0004442724680052166,eligible_<1700
365702,152,151,0.0005410092150708686,eligible_<1700
365727,257,256,0.0009172076758817376,eligible_<1700
365983,319,319,0.001142926752368259,eligible_<1700
366067,292,288,0.0010318586353669547,eligible_<1700
366161,7187,7183,0.025735557561947345,exclude_>2500
366166,193,191,0.0006843229144273902,eligible_<1700
366194,120,120,0.0004299410980695645,eligible_<1700
366251,513,512,0.0018344153517634752,eligible_<1700
366310,1102,1092,0.0039124639924330365,eligible_<1700
366683,1280,1276,0.004571707009473036,eligible_<1700
366756,168,168,0.0006019175372973903,eligible_<1700
366997,268,268,0.000960201785688694,eligible_<1700
367033,163,161,0.000576837639909999,eligible_<1700
367056,107,107,0.00038336414577869497,eligible_<1700
409693,571,570,0.002042220215830431,eligible_<1700
410378,102,102,0.0003654499333591298,eligible_<1700
410991,926,923,0.003306963612651733,eligible_<1700
411255,678,676,0.0024220015191252133,eligible_<1700
412381,174,174,0.0006234145922008685,eligible_<1700
412563,197,197,0.0007058199693308683,eligible_<1700
414107,533,530,0.0018989065164739098,eligible_<1700
414317,11408,11408,0.04087306705647993,exclude_>2500
415036,189,187,0.0006699915444917379,eligible_<1700
415513,335,334,0.0011966693896269544,eligible_<1700
415550,254,250,0.0008957106209782593,eligible_<1700
415776,565,564,0.002020723160926953,eligible_<1700
415921,148,146,0.0005230950026513034,eligible_<1700
393404,115,115,0.00041202688564999926,eligible_<1700
393429,106,103,0.00036903277584304285,eligible_<1700
394094,112,111,0.00039769551571434714,eligible_<1700
394106,1595,1593,0.005707468076873468,eligible_<1700
394201,140,140,0.0005015979477478252,eligible_<1700
394691,128,127,0.00045502099545695573,eligible_<1700
394735,339,336,0.0012038350745947805,eligible_<1700
394887,730,721,0.0025832294309012997,eligible_<1700
395906,194,186,0.000666408702007825,eligible_<1700
396251,363,361,0.0012934061366926064,eligible_<1700
396655,420,417,0.0014940453157917366,eligible_<1700
396989,1849,1845,0.006610344382819554,borderline_1700-2500
397138,114,112,0.00040127835819826015,eligible_<1700
397385,1907,1904,0.006821732089370423,borderline_1700-2500
19,1966,1954,0.007000874213566074,borderline_1700-2500
30,1292,1224,0.004385399200309558,eligible_<1700
40,271,263,0.0009422875732691288,eligible_<1700
43,378,374,0.0013399830889834759,eligible_<1700
89,456,427,0.001529873740630867,eligible_<1700
94,4320,4306,0.01542771973572954,exclude_>2500
102,931,929,0.0033284606675552117,eligible_<1700
104,271,270,0.0009673674706565201,eligible_<1700
108,1408,1391,0.0049837338951230345,eligible_<1700
109,398,394,0.0014116399386617366,eligible_<1700
286,1073,1021,0.003658082176075211,eligible_<1700
287,1827,1798,0.006441950786075641,borderline_1700-2500
290,727,714,0.0025581495335139084,eligible_<1700
297,123,123,0.00044068962552130356,eligible_<1700
304,364,363,0.0013005718216604326,eligible_<1700
310,1460,1378,0.0049371569428321655,eligible_<1700
321,1112,1100,0.003941126732304341,eligible_<1700
322,561,557,0.0019956432635395618,eligible_<1700
337,3231,3215,0.011518838585780415,exclude_>2500
338,1035,1034,0.0037046591283660807,eligible_<1700
344,595,584,0.0020923800106052138,eligible_<1700
348,1385,1383,0.004955071155251731,eligible_<1700
355,234,234,0.0008383851412356508,eligible_<1700
362,210,207,0.0007416483941699987,eligible_<1700
366,443,442,0.0015836163778895625,eligible_<1700
368,1082,1080,0.0038694698826260802,eligible_<1700
369,312,306,0.0010963498000773895,eligible_<1700
376,795,787,0.0028196970348395604,eligible_<1700
379,657,646,0.0023145162446078222,eligible_<1700
382,3932,3907,0.013998165584648236,exclude_>2500
386,1281,1249,0.004474970262407383,eligible_<1700
389,304,304,0.0010891841151095634,eligible_<1700
392,1169,1156,0.004141765911403471,eligible_<1700
396,122,122,0.00043710678303739056,eligible_<1700
397,523,513,0.0018379981942473881,eligible_<1700
398,3463,3443,0.012335726672112588,exclude_>2500
406,107,105,0.0003761984608108689,eligible_<1700
408,295,290,0.0010390243203347808,eligible_<1700
414,341,336,0.0012038350745947805,eligible_<1700
534,623,617,0.002210613812574344,eligible_<1700
539,867,865,0.0030991587485847774,eligible_<1700
712,5430,5311,0.019028476432062142,exclude_>2500
736,328,328,0.0011751723347234763,eligible_<1700
759,737,630,0.0022571907648652133,eligible_<1700
766,599,569,0.002038637373346518,eligible_<1700
769,106,103,0.00036903277584304285,eligible_<1700
799,255,245,0.0008777964085586942,eligible_<1700
1038,2179,2153,0.00771385986786477,borderline_1700-2500
1302,1037,1011,0.0036222537512360805,eligible_<1700
1310,107,106,0.00037978130329478196,eligible_<1700
1314,237,231,0.0008276366137839116,eligible_<1700
1333,689,658,0.0023575103544147785,eligible_<1700
1336,196,195,0.0006986542843630423,eligible_<1700
1345,6145,6134,0.021977155796322572,exclude_>2500
1346,152,151,0.0005410092150708686,eligible_<1700
1352,250,248,0.0008885449360104332,eligible_<1700
1353,5962,5938,0.021274918669475614,exclude_>2500
1378,235,233,0.0008348022987517377,eligible_<1700
1387,411,409,0.0014653825759204323,eligible_<1700
1397,112,111,0.00039769551571434714,eligible_<1700
1398,216,208,0.0007452312366539117,eligible_<1700
1402,185,185,0.0006628258595239119,eligible_<1700
1403,4962,4944,0.017713573240466057,exclude_>2500
1410,4208,4076,0.01460366596442954,exclude_>2500
1412,756,756,0.002708628917838256,eligible_<1700
1416,446,446,0.0015979477478252147,eligible_<1700
1421,439,432,0.001547787953050432,eligible_<1700
1428,195,191,0.0006843229144273902,eligible_<1700
1431,1027,857,0.003070496008713473,eligible_<1700
1436,304,289,0.0010354414778508678,eligible_<1700
1439,618,600,0.0021497054903478223,eligible_<1700
1447,343,339,0.0012145836020465196,eligible_<1700
2452,15701,15396,0.05516144288232512,exclude_>2500
2458,289,286,0.0010246929503991285,eligible_<1700
2471,14226,13796,0.049428894908064264,exclude_>2500
2478,317,311,0.0011142640124969547,eligible_<1700
2483,134,124,0.0004442724680052166,eligible_<1700
2487,107,102,0.0003654499333591298,eligible_<1700
2502,121,120,0.0004299410980695645,eligible_<1700
2507,2733,2725,0.009763245768663026,exclude_>2500
2520,224,202,0.0007237341817504336,eligible_<1700
2524,296,249,0.0008921277784943463,eligible_<1700
2529,899,747,0.002676383335483039,eligible_<1700
2539,807,804,0.002880605357066082,eligible_<1700
2555,862,857,0.003070496008713473,eligible_<1700
2557,1389,1323,0.004740100606216948,eligible_<1700
2562,287,285,0.0010211101079152156,eligible_<1700
2563,121,121,0.0004335239405534775,eligible_<1700
2570,1780,1770,0.006341631196526076,borderline_1700-2500
2580,216,159,0.000569671954942173,eligible_<1700
2581,263,245,0.0008777964085586942,eligible_<1700
2596,4362,4337,0.015538787852730843,exclude_>2500
2597,166,156,0.0005589234274904338,eligible_<1700
3071,664,632,0.0022643564498330397,eligible_<1700
3967,929,873,0.0031278214884560814,eligible_<1700
3986,596,487,0.001744844289665649,eligible_<1700
3990,688,664,0.0023790074093182566,eligible_<1700
4001,507,467,0.0016731874399873883,eligible_<1700
4004,278,275,0.0009852816830760852,eligible_<1700
4014,328,290,0.0010390243203347808,eligible_<1700
4020,122,93,0.0003332043510039125,eligible_<1700
4021,128,100,0.00035828424839130373,eligible_<1700
4037,165,119,0.00042635825558565144,eligible_<1700
4047,478,400,0.001433136993565215,eligible_<1700
4052,494,483,0.001730512919729997,eligible_<1700
4077,1035,1003,0.0035935910113647765,eligible_<1700
4084,140,110,0.0003941126732304341,eligible_<1700
4085,288,220,0.0007882253464608682,eligible_<1700
4091,226,196,0.0007022371268469553,eligible_<1700
4096,186,182,0.0006520773320721727,eligible_<1700
4098,11551,11534,0.04132450520945297,exclude_>2500
4121,119,91,0.0003260386660360864,eligible_<1700
4141,169,162,0.000580420482393912,eligible_<1700
4192,2232,2149,0.007699528497929117,borderline_1700-2500
4202,119,88,0.00031529013858434726,eligible_<1700
4207,245,170,0.0006090832222652163,eligible_<1700
4228,207,161,0.000576837639909999,eligible_<1700
4230,637,502,0.0017985869269243446,eligible_<1700
4244,195,135,0.00048368373532826003,eligible_<1700
4275,186,125,0.0004478553104891297,eligible_<1700
4287,231,197,0.0007058199693308683,eligible_<1700
4318,492,490,0.0017555928171173883,eligible_<1700
4329,242,236,0.0008455508262034768,eligible_<1700
4357,110,78,0.0002794617137452169,eligible_<1700
4366,100,73,0.0002615475013256517,eligible_<1700
4382,164,157,0.0005625062699743469,eligible_<1700
4388,468,461,0.0016516903850839102,eligible_<1700
5724,132,95,0.00034037003597173855,eligible_<1700
5736,179,158,0.0005660891124582599,eligible_<1700
5737,4494,4474,0.01602963727302693,exclude_>2500
5749,1257,1226,0.004392564885277383,eligible_<1700
5751,119,93,0.0003332043510039125,eligible_<1700
5758,657,629,0.0022536079223813006,eligible_<1700
6607,2359,2291,0.008208292130644768,borderline_1700-2500
6608,419,405,0.00145105120598478,eligible_<1700
6641,122,99,0.00035470140590739067,eligible_<1700
6646,327,316,0.0011321782249165198,eligible_<1700
6657,834,831,0.002977342104131734,eligible_<1700
6688,554,551,0.0019741462086360836,eligible_<1700
6738,1087,1080,0.0038694698826260802,eligible_<1700
6749,299,299,0.0010712699026899982,eligible_<1700
6767,151,142,0.0005087636327156513,eligible_<1700
6830,3261,3238,0.011601243962910415,exclude_>2500
6841,193,189,0.000677157229459564,eligible_<1700
6916,135,99,0.00035470140590739067,eligible_<1700
6923,410,388,0.0013901428837582584,eligible_<1700
6929,151,131,0.00046935236539260786,eligible_<1700
6932,1253,1204,0.004313742350631297,eligible_<1700
6938,122,91,0.0003260386660360864,eligible_<1700
6993,115,114,0.00040844404316608626,eligible_<1700
6994,321,315,0.0011285953824326067,eligible_<1700
7033,105,84,0.00030095876864869514,eligible_<1700
7051,107,75,0.0002687131862934778,eligible_<1700
7106,100,97,0.0003475357209395646,eligible_<1700
7204,489,487,0.001744844289665649,eligible_<1700
7240,476,471,0.0016875188099230406,eligible_<1700
7255,103,85,0.00030454161113260814,eligible_<1700
7256,201,199,0.0007129856542986944,eligible_<1700
7290,222,205,0.0007344827092021726,eligible_<1700
7320,450,444,0.0015907820628573886,eligible_<1700
7338,147,138,0.0004944322627799991,eligible_<1700
7378,138,131,0.00046935236539260786,eligible_<1700
7451,207,205,0.0007344827092021726,eligible_<1700
7467,162,156,0.0005589234274904338,eligible_<1700
7479,2633,2597,0.009304641930722158,exclude_>2500
7480,1648,1598,0.005725382289293033,eligible_<1700
7493,125,123,0.00044068962552130356,eligible_<1700
7514,415,399,0.001429554151081302,eligible_<1700
7571,711,708,0.0025366524786104303,eligible_<1700
7601,252,246,0.0008813792510426071,eligible_<1700
7636,101,58,0.00020780486406695616,eligible_<1700
7639,116,73,0.0002615475013256517,eligible_<1700
7710,145,138,0.0004944322627799991,eligible_<1700
7717,8292,8254,0.02957278186221821,exclude_>2500
7720,289,287,0.0010282757928830417,eligible_<1700
7774,119,86,0.0003081244536165212,eligible_<1700
7804,1753,1728,0.006191151812201728,borderline_1700-2500
7805,8284,8238,0.029515456382475602,exclude_>2500
7821,118,113,0.0004048612006821732,eligible_<1700
7823,103,102,0.0003654499333591298,eligible_<1700
7828,132,106,0.00037978130329478196,eligible_<1700
7854,9112,9051,0.0324283073218969,exclude_>2500
7865,2015,2001,0.0071692678103099875,borderline_1700-2500
7970,152,125,0.0004478553104891297,eligible_<1700
7973,114,113,0.0004048612006821732,eligible_<1700
9912,217,214,0.0007667282915573899,eligible_<1700
10043,121,116,0.0004156097281339123,eligible_<1700
10081,2048,1948,0.006979377158662596,borderline_1700-2500
10093,5682,5518,0.01977012482623214,exclude_>2500
10149,152,124,0.0004442724680052166,eligible_<1700
10156,265,233,0.0008348022987517377,eligible_<1700
10167,1448,1374,0.004922825572896513,eligible_<1700
10174,281,230,0.0008240537712999985,eligible_<1700
10206,1304,1293,0.004632615331699557,eligible_<1700
10262,106,79,0.00028304455622912996,eligible_<1700
10267,103,74,0.0002651303438095648,eligible_<1700
14996,74921,74921,0.26843014173724866,exclude_>2500
13172,973,953,0.0034144488871691247,eligible_<1700
13260,102,101,0.0003618670908752168,eligible_<1700
13285,307,300,0.0010748527451739111,eligible_<1700
13286,1111,1109,0.003973372314659558,eligible_<1700
13309,101,101,0.0003618670908752168,eligible_<1700
13328,895,888,0.003181564125714777,eligible_<1700
13341,101,98,0.00035111856342347767,eligible_<1700
13359,184,184,0.0006592430170399989,eligible_<1700
13648,168,168,0.0006019175372973903,eligible_<1700
13709,315,287,0.0010282757928830417,eligible_<1700
13751,673,664,0.0023790074093182566,eligible_<1700
13767,153,148,0.0005302606876191296,eligible_<1700
13830,101,101,0.0003618670908752168,eligible_<1700
13883,550,549,0.0019669805236682573,eligible_<1700
13886,201,198,0.0007094028118147813,eligible_<1700
13933,288,286,0.0010246929503991285,eligible_<1700
13972,729,718,0.0025724809034495606,eligible_<1700
14039,412,408,0.0014617997334365192,eligible_<1700
14102,315,305,0.0010927669575934763,eligible_<1700
14525,147,144,0.0005159293176834773,eligible_<1700
14781,116,115,0.00041202688564999926,eligible_<1700
14812,136,133,0.00047651805036043397,eligible_<1700
14953,280,275,0.0009852816830760852,eligible_<1700
14992,733,718,0.0025724809034495606,eligible_<1700
17517,376,357,0.0012790747667569542,eligible_<1700
17534,696,694,0.0024864926838356477,eligible_<1700
17577,134,134,0.000480100892844347,eligible_<1700
17651,321,280,0.0010031958954956504,eligible_<1700
17700,130,127,0.00045502099545695573,eligible_<1700
17807,144,131,0.00046935236539260786,eligible_<1700
17835,2264,2216,0.00793957894435129,borderline_1700-2500
17895,120,81,0.000290210241196956,eligible_<1700
17922,323,323,0.0011572581223039111,eligible_<1700
17923,429,428,0.0015334565831147799,eligible_<1700
17925,132,132,0.0004729352078765209,eligible_<1700
17970,1059,1012,0.0036258365937199936,eligible_<1700
17971,115,79,0.00028304455622912996,eligible_<1700
17997,454,452,0.0016194448027286928,eligible_<1700
18085,150,150,0.0005374263725869556,eligible_<1700
18115,135,115,0.00041202688564999926,eligible_<1700
19876,264,261,0.0009351218883013028,eligible_<1700
19878,466,464,0.0016624389125356493,eligible_<1700
19947,1391,1386,0.00496581968270347,eligible_<1700
19996,1186,1176,0.004213422761081732,eligible_<1700
20018,165,161,0.000576837639909999,eligible_<1700
20044,153,149,0.0005338435301030425,eligible_<1700
20078,278,240,0.000859882196139129,eligible_<1700
20096,203,200,0.0007165684967826075,eligible_<1700
20130,124,122,0.00043710678303739056,eligible_<1700
20217,108,107,0.00038336414577869497,eligible_<1700
20295,524,522,0.0018702437766026055,eligible_<1700
20422,274,269,0.000963784628172607,eligible_<1700
20545,3861,3806,0.01363629849377302,exclude_>2500
20609,422,405,0.00145105120598478,eligible_<1700
20761,275,274,0.0009816988405921723,eligible_<1700
20772,169,167,0.0005983346948134772,eligible_<1700
23827,133,132,0.0004729352078765209,eligible_<1700
23828,191,177,0.0006341631196526076,eligible_<1700
23848,320,320,0.0011465095948521718,eligible_<1700
23915,149,132,0.0004729352078765209,eligible_<1700
23950,437,430,0.001540622268082606,eligible_<1700
24000,284,273,0.0009781159981082591,eligible_<1700
24002,252,244,0.0008742135660747811,eligible_<1700
24009,115,112,0.00040127835819826015,eligible_<1700
24028,351,349,0.00125041202688565,eligible_<1700
24068,8815,8780,0.031457357008756466,exclude_>2500
24078,148,142,0.0005087636327156513,eligible_<1700
24085,183,183,0.0006556601745560858,eligible_<1700
24318,442,423,0.0015155423706952147,eligible_<1700
24376,306,294,0.001053355690270433,eligible_<1700
25417,9024,8940,0.03203061180618255,exclude_>2500
25613,19113,19113,0.06847886839502988,exclude_>2500
25643,4357,4345,0.015567450592602146,exclude_>2500
25669,20513,20381,0.07302191266463161,exclude_>2500
25674,1872,1866,0.006685584074981728,borderline_1700-2500
25749,132,132,0.0004729352078765209,eligible_<1700
25794,724,689,0.0024685784714160827,eligible_<1700
25937,142,138,0.0004944322627799991,eligible_<1700
25944,101,101,0.0003618670908752168,eligible_<1700
28185,544,514,0.001841581036731301,eligible_<1700
28238,269,263,0.0009422875732691288,eligible_<1700
28298,113,110,0.0003941126732304341,eligible_<1700
28436,320,319,0.001142926752368259,eligible_<1700
28508,184,179,0.0006413288046204337,eligible_<1700
28720,25190,25190,0.09025180216976941,exclude_>2500
32143,218,217,0.0007774768190091291,eligible_<1700
32146,555,543,0.0019454834687647792,eligible_<1700
32245,119,118,0.0004227754131017384,eligible_<1700
32333,130,130,0.00046576952290869485,eligible_<1700
32405,497,490,0.0017555928171173883,eligible_<1700
32466,195,193,0.0006914885993952162,eligible_<1700
32666,1809,1806,0.006470613525946945,borderline_1700-2500
32670,111,110,0.0003941126732304341,eligible_<1700
32674,958,937,0.0033571234074265158,eligible_<1700
32688,267,257,0.0009207905183656505,eligible_<1700
32885,128,125,0.0004478553104891297,eligible_<1700
32901,490,487,0.001744844289665649,eligible_<1700
32969,242,239,0.0008562993536552159,eligible_<1700
32990,167,153,0.0005481749000386947,eligible_<1700
33020,153,147,0.0005266778451352165,eligible_<1700
33077,213,190,0.0006807400719434771,eligible_<1700
33107,1538,1535,0.005499663212806512,eligible_<1700
34639,227,222,0.0007953910314286943,eligible_<1700
34659,231,210,0.0007523969216217378,eligible_<1700
34701,347,346,0.001239663499433911,eligible_<1700
34744,152,152,0.0005445920575547817,eligible_<1700
34871,495,495,0.0017735070295369535,eligible_<1700
35035,348,312,0.0011178468549808676,eligible_<1700
35173,330,322,0.001153675279819998,eligible_<1700
35207,169,161,0.000576837639909999,eligible_<1700
35220,103,90,0.00032245582355217337,eligible_<1700
35256,133,129,0.0004621866804247818,eligible_<1700
35311,111,111,0.00039769551571434714,eligible_<1700
35350,894,863,0.003091993063616951,eligible_<1700
35369,993,977,0.003500437106783037,eligible_<1700
35400,305,262,0.0009387047307852157,eligible_<1700
35435,1999,1995,0.007147770755406509,borderline_1700-2500
35438,442,436,0.0015621193229860843,eligible_<1700
35524,270,265,0.0009494532582369549,eligible_<1700
35556,300,295,0.001056938532754346,eligible_<1700
35570,4113,4111,0.014729065451366496,exclude_>2500
35572,1289,1286,0.0046075354343121655,eligible_<1700
35634,498,498,0.0017842555569886926,eligible_<1700
35665,179,179,0.0006413288046204337,eligible_<1700
37382,135,133,0.00047651805036043397,eligible_<1700
37672,291,275,0.0009852816830760852,eligible_<1700
37728,1447,1437,0.005148544649383035,eligible_<1700
37794,286,285,0.0010211101079152156,eligible_<1700
37906,161,158,0.0005660891124582599,eligible_<1700
37983,280,277,0.0009924473680439114,eligible_<1700
39406,247,244,0.0008742135660747811,eligible_<1700
39534,548,544,0.0019490663112486924,eligible_<1700
39684,2732,2731,0.009784742823566504,exclude_>2500
39699,318,317,0.0011357610674004328,eligible_<1700
39710,210,210,0.0007523969216217378,eligible_<1700
41054,254,253,0.0009064591484299984,eligible_<1700
41090,210,208,0.0007452312366539117,eligible_<1700
43578,1214,1201,0.004302993823179558,eligible_<1700
43868,4848,4808,0.017226306662653883,exclude_>2500
43890,105,100,0.00035828424839130373,eligible_<1700
44163,6012,6006,0.0215185519583817,exclude_>2500
44338,165,158,0.0005660891124582599,eligible_<1700
44614,309,307,0.0010999326425613024,eligible_<1700
45134,1900,1890,0.00677157229459564,borderline_1700-2500
45319,305,305,0.0010927669575934763,eligible_<1700
55756,134,134,0.000480100892844347,eligible_<1700
55829,1868,1820,0.0065207733207217275,borderline_1700-2500
55911,383,382,0.0013686458288547803,eligible_<1700
55952,998,998,0.003575676798945211,eligible_<1700
56406,163,160,0.0005732547974260859,eligible_<1700
56786,1463,1456,0.005216618656577382,eligible_<1700
57163,853,853,0.0030561646387778207,eligible_<1700
57925,3218,3213,0.011511672900812588,exclude_>2500
63543,1712,1687,0.006044255270361294,borderline_1700-2500
63829,165,165,0.0005911690098456511,eligible_<1700
63888,18724,18705,0.06701706866159336,exclude_>2500
68448,101601,101601,0.3640203792080485,exclude_>2500
70597,108,107,0.00038336414577869497,eligible_<1700
71074,2086,2082,0.007459478051506944,borderline_1700-2500
71671,3984,3975,0.014241798873554323,exclude_>2500
82222,9900,9881,0.03540206658354472,exclude_>2500
82272,320,319,0.001142926752368259,eligible_<1700
82402,605,605,0.0021676197027673877,eligible_<1700
82572,112,112,0.00040127835819826015,eligible_<1700
82702,281,281,0.0010067787379795634,eligible_<1700
82976,102,102,0.0003654499333591298,eligible_<1700
83040,480,475,0.0017018501798586926,eligible_<1700
83278,149,149,0.0005338435301030425,eligible_<1700
83330,13212,13129,0.04703913897129427,exclude_>2500
83492,164,164,0.0005875861673617382,eligible_<1700
83667,1146,1146,0.0041059374865643405,eligible_<1700
83919,326,321,0.001150092437336085,eligible_<1700
84671,145,144,0.0005159293176834773,eligible_<1700
90474,469,468,0.0016767702824713015,eligible_<1700
91080,2011,1980,0.007094028118147814,borderline_1700-2500
91514,11428,11355,0.04068317640483254,exclude_>2500
91536,13666,13608,0.04875532052108861,exclude_>2500
98347,685,684,0.0024506642589965173,eligible_<1700
98443,288,288,0.0010318586353669547,eligible_<1700
98778,48881,48748,0.17465640540579275,exclude_>2500
98918,1709,1702,0.0060979979076199895,borderline_1700-2500
99078,229,228,0.0008168880863321725,eligible_<1700
99079,638,622,0.0022285280249939093,eligible_<1700
99081,923,914,0.003274718030296516,eligible_<1700
99130,157,151,0.0005410092150708686,eligible_<1700
99132,157,155,0.0005553405850065207,eligible_<1700
99219,720,713,0.0025545666910299957,eligible_<1700
99312,772,770,0.0027587887126130388,eligible_<1700
99808,487,486,0.0017412614471817361,eligible_<1700
99875,4183,4159,0.014901041890594323,exclude_>2500
102792,238,232,0.0008312194562678246,eligible_<1700
102898,965,964,0.0034538601544921678,eligible_<1700
103092,2068,2066,0.007402152571764335,borderline_1700-2500
103132,886,884,0.003167232755779125,eligible_<1700
108745,25143,25114,0.08997950614099201,exclude_>2500
108783,323,323,0.0011572581223039111,eligible_<1700
108832,146,145,0.0005195121601673904,eligible_<1700
109125,1371,1368,0.004901328517993035,eligible_<1700
109451,1090,1086,0.0038909669375295584,eligible_<1700
109657,139,137,0.0004908494202960861,eligible_<1700
109779,1307,1305,0.0046756094415065135,eligible_<1700
110102,391,391,0.0014008914112099975,eligible_<1700
113997,5377,5370,0.01923986413861301,exclude_>2500
114903,1000,991,0.0035505969015578198,eligible_<1700
114991,550,547,0.0019598148387004314,eligible_<1700
115793,188,179,0.0006413288046204337,eligible_<1700
116593,197,188,0.000673574386975651,eligible_<1700
116860,149,149,0.0005338435301030425,eligible_<1700
116954,3463,3449,0.012357223727016066,exclude_>2500
116978,144,140,0.0005015979477478252,eligible_<1700
116998,4675,4662,0.01670321166000258,exclude_>2500
121958,705,705,0.0025259039511586912,eligible_<1700
121995,151,150,0.0005374263725869556,eligible_<1700
125658,868,857,0.003070496008713473,eligible_<1700
125678,7272,7194,0.02577496882927039,exclude_>2500
125924,880,879,0.00314931854335956,eligible_<1700
125943,482,480,0.001719764392278258,eligible_<1700
125977,673,653,0.002339596141995213,eligible_<1700
125996,332,328,0.0011751723347234763,eligible_<1700
126026,126,108,0.000386946988262608,eligible_<1700
128554,1731,1723,0.006173237599782163,borderline_1700-2500
128671,8832,8809,0.03156125944078995,exclude_>2500
128698,677,675,0.0024184186766413,eligible_<1700
128780,3744,3726,0.013349671095059976,exclude_>2500
128882,33371,33371,0.11956303653066197,exclude_>2500
131493,323,318,0.001139343909884346,eligible_<1700
131904,1063,1056,0.0037834816630121673,eligible_<1700
132148,241,224,0.0008025567163965203,eligible_<1700
134520,533,480,0.001719764392278258,eligible_<1700
134524,145,133,0.00047651805036043397,eligible_<1700
134596,117,116,0.0004156097281339123,eligible_<1700
134726,6977,6888,0.024678619029193,exclude_>2500
134824,123,122,0.00043710678303739056,eligible_<1700
135215,391,385,0.0013793943563065194,eligible_<1700
135243,893,893,0.003199478338134342,eligible_<1700
135557,172,171,0.0006126660647491293,eligible_<1700
135649,1942,1925,0.0068969717815325965,borderline_1700-2500
135812,127,125,0.0004478553104891297,eligible_<1700
136063,30819,30661,0.10985353339925763,exclude_>2500
139562,617,614,0.002199865285122605,eligible_<1700
139807,143,142,0.0005087636327156513,eligible_<1700
139899,2093,2090,0.0074881407913782476,borderline_1700-2500
139952,701,701,0.002511572581223039,eligible_<1700
140179,149,149,0.0005338435301030425,eligible_<1700
140236,125,119,0.00042635825558565144,eligible_<1700
140271,458,456,0.001633776172664345,eligible_<1700
140279,480,478,0.0017125987073104319,eligible_<1700
140386,157,153,0.0005481749000386947,eligible_<1700
140468,141,141,0.0005051807902317383,eligible_<1700
140603,5258,5255,0.01882783725296301,exclude_>2500
144150,152,151,0.0005410092150708686,eligible_<1700
144239,2172,2169,0.007771185347607378,borderline_1700-2500
144290,125,125,0.0004478553104891297,eligible_<1700
144310,129,129,0.0004621866804247818,eligible_<1700
144382,281,281,0.0010067787379795634,eligible_<1700
144415,1370,1369,0.004904911360476948,eligible_<1700
144468,394,390,0.0013973085687260846,eligible_<1700
144526,486,485,0.0017376786046978232,eligible_<1700
144566,324,321,0.001150092437336085,eligible_<1700
144789,263,261,0.0009351218883013028,eligible_<1700
145014,813,811,0.0029056852544534733,eligible_<1700
145189,3482,3465,0.012414549206758675,exclude_>2500
145205,206,205,0.0007344827092021726,eligible_<1700
145219,508,506,0.0018129182968599968,eligible_<1700
145259,225,223,0.0007989738739126073,eligible_<1700
145371,1632,1631,0.005843616091262164,eligible_<1700
145393,327,323,0.0011572581223039111,eligible_<1700
145401,101,98,0.00035111856342347767,eligible_<1700
145424,234,234,0.0008383851412356508,eligible_<1700
145470,107,105,0.0003761984608108689,eligible_<1700
145478,281,279,0.0009996130530117375,eligible_<1700
146784,593,587,0.002103128538056953,eligible_<1700
146791,3582,3541,0.012686845235536065,exclude_>2500
146886,11304,11300,0.04048612006821732,exclude_>2500
146922,174,161,0.000576837639909999,eligible_<1700
146943,183,183,0.0006556601745560858,eligible_<1700
146963,217,216,0.000773893976525216,eligible_<1700
147020,44411,44411,0.1591176175530619,exclude_>2500
148975,191,191,0.0006843229144273902,eligible_<1700
149051,155,150,0.0005374263725869556,eligible_<1700
149296,202,196,0.0007022371268469553,eligible_<1700
149322,108,106,0.00037978130329478196,eligible_<1700
149328,200,197,0.0007058199693308683,eligible_<1700
149746,280,276,0.0009888645255599982,eligible_<1700
149853,1066,1055,0.003779898820528254,eligible_<1700
150012,145,136,0.0004872665778121731,eligible_<1700
150364,300,298,0.001067687060206085,eligible_<1700
150376,45230,45098,0.16157903033951015,exclude_>2500
152952,230,227,0.0008133052438482595,eligible_<1700
153016,3140,3127,0.011203548447196067,exclude_>2500
153064,3333,3323,0.011905785574043024,exclude_>2500
153065,5364,5357,0.01919328718632214,exclude_>2500
153120,169,167,0.0005983346948134772,eligible_<1700
153225,285,283,0.0010139444229473895,eligible_<1700
153507,2310,2308,0.00826920045287129,borderline_1700-2500
153639,318,316,0.0011321782249165198,eligible_<1700
153703,117,116,0.0004156097281339123,eligible_<1700
153724,308,305,0.0010927669575934763,eligible_<1700
153728,416,401,0.0014367198360491279,eligible_<1700
153757,108,106,0.00037978130329478196,eligible_<1700
153870,143,142,0.0005087636327156513,eligible_<1700
153905,287,285,0.0010211101079152156,eligible_<1700
153912,627,624,0.002235693709961735,eligible_<1700
156175,338,330,0.0011823380196913022,eligible_<1700
156180,942,939,0.003364289092394342,eligible_<1700
156372,304,301,0.0010784355876578243,eligible_<1700
156373,846,845,0.0030275018989065166,eligible_<1700
156453,122,121,0.0004335239405534775,eligible_<1700
156458,134,133,0.00047651805036043397,eligible_<1700
156482,156,155,0.0005553405850065207,eligible_<1700
156501,1135,1134,0.004062943376757384,eligible_<1700
156548,1164,1146,0.0041059374865643405,eligible_<1700
156566,6292,6286,0.022521747853877352,exclude_>2500
158544,346,346,0.001239663499433911,eligible_<1700
158564,475,471,0.0016875188099230406,eligible_<1700
158600,19235,19196,0.06877624432119467,exclude_>2500
161965,535,534,0.001913237886409562,eligible_<1700
161970,22797,22797,0.0816780601057655,exclude_>2500
162071,129,128,0.0004586038379408688,eligible_<1700
162082,9265,9263,0.03318786992848646,exclude_>2500
162107,909,907,0.0032496381329091247,eligible_<1700
162114,295,294,0.001053355690270433,eligible_<1700
162191,172,167,0.0005983346948134772,eligible_<1700
162286,4056,4053,0.01452126058729954,exclude_>2500
162660,292,291,0.001042607162818694,eligible_<1700
161527,409,407,0.0014582168909526062,eligible_<1700
161530,579,577,0.0020673001132178225,eligible_<1700
161782,224,223,0.0007989738739126073,eligible_<1700
161921,141,141,0.0005051807902317383,eligible_<1700
161923,127,127,0.00045502099545695573,eligible_<1700
161926,623,622,0.0022285280249939093,eligible_<1700
163482,116,113,0.0004048612006821732,eligible_<1700
163602,8929,8901,0.03189088094930995,exclude_>2500
163641,763,760,0.0027229602877739084,eligible_<1700
163685,229,227,0.0008133052438482595,eligible_<1700
163771,112,109,0.0003905298307465211,eligible_<1700
163805,1965,1963,0.007033119795921292,borderline_1700-2500
163839,3871,3866,0.013851269042807802,exclude_>2500
163841,751,744,0.0026656348080313,eligible_<1700
163920,1753,1752,0.006277140031815641,borderline_1700-2500
163976,814,812,0.002909268096937386,eligible_<1700
167292,849,837,0.002998839159035212,eligible_<1700
167298,855,852,0.003052581796293908,eligible_<1700
167355,29914,29914,0.1071771500637746,exclude_>2500
169984,111,111,0.00039769551571434714,eligible_<1700
170042,24519,24519,0.08784771486306377,exclude_>2500
170146,532,528,0.0018917408315060837,eligible_<1700
169426,20925,20892,0.07485274517391118,exclude_>2500
169436,295,293,0.0010497728477865198,eligible_<1700
169464,715,711,0.0025474010060621693,eligible_<1700
169475,304,301,0.0010784355876578243,eligible_<1700
169558,216,214,0.0007667282915573899,eligible_<1700
169611,1851,1842,0.0065995958553678145,borderline_1700-2500
169649,1081,1078,0.0038623041976582543,eligible_<1700
169675,319,315,0.0011285953824326067,eligible_<1700
171668,14831,14800,0.05302606876191295,exclude_>2500
171721,145,140,0.0005015979477478252,eligible_<1700
171726,1141,1138,0.004077274746693036,eligible_<1700
171775,164,164,0.0005875861673617382,eligible_<1700
171879,2668,2667,0.00955544090459607,exclude_>2500
171890,1970,1960,0.007022371268469553,borderline_1700-2500
171950,172,171,0.0006126660647491293,eligible_<1700
171978,244,243,0.0008706307235908681,eligible_<1700
172033,210,205,0.0007344827092021726,eligible_<1700
172035,136,134,0.000480100892844347,eligible_<1700
172047,3951,3932,0.014087736646746063,exclude_>2500
172158,277,275,0.0009852816830760852,eligible_<1700
172162,245,245,0.0008777964085586942,eligible_<1700
172206,238,238,0.0008527165111713029,eligible_<1700
172220,1880,1850,0.006628258595239119,borderline_1700-2500
175324,7943,7925,0.02839402668501082,exclude_>2500
175360,711,681,0.0024399157315447783,eligible_<1700
175621,4772,4753,0.017029250326038668,exclude_>2500
175634,242,240,0.000859882196139129,eligible_<1700
175636,329,329,0.0011787551772073893,eligible_<1700
175707,133,129,0.0004621866804247818,eligible_<1700
175739,300,295,0.001056938532754346,eligible_<1700
175755,953,949,0.0034001175172334724,eligible_<1700
176013,159,154,0.0005517577425226077,eligible_<1700
176165,5696,5686,0.02037204236352953,exclude_>2500
176193,139,138,0.0004944322627799991,eligible_<1700
176334,1020,1018,0.0036473336486234718,eligible_<1700
180977,131,129,0.0004621866804247818,eligible_<1700
181192,279,272,0.0009745331556243462,eligible_<1700
181260,1259,1256,0.004500050159794775,eligible_<1700
181268,170,167,0.0005983346948134772,eligible_<1700
181345,4109,4085,0.014635911546784758,exclude_>2500
181385,320,314,0.0011250125399486937,eligible_<1700
181464,164,160,0.0005732547974260859,eligible_<1700
181524,2773,2749,0.00984923398827694,exclude_>2500
181530,6058,6040,0.021640368602834744,exclude_>2500
181616,132,131,0.00046935236539260786,eligible_<1700
183315,683,661,0.0023682588818665176,eligible_<1700
183360,115,109,0.0003905298307465211,eligible_<1700
183441,184,181,0.0006484944895882597,eligible_<1700
183508,133,126,0.0004514381529730427,eligible_<1700
183521,307,300,0.0010748527451739111,eligible_<1700
183571,3495,3460,0.01239663499433911,exclude_>2500
183643,286,286,0.0010246929503991285,eligible_<1700
183839,100,100,0.00035828424839130373,eligible_<1700
183896,1311,1294,0.00463619817418347,eligible_<1700
184117,176,175,0.0006269974346847816,eligible_<1700
192296,229,228,0.0008168880863321725,eligible_<1700
192343,1552,1551,0.005556988692549121,eligible_<1700
192349,335,334,0.0011966693896269544,eligible_<1700
192351,904,899,0.0032209753930378207,eligible_<1700
192508,331,327,0.0011715894922395631,eligible_<1700
192623,175,173,0.0006198317497169555,eligible_<1700
192638,1513,1504,0.005388595095805208,eligible_<1700
192663,164,161,0.000576837639909999,eligible_<1700
192701,488,483,0.001730512919729997,eligible_<1700
192802,1155,1146,0.0041059374865643405,eligible_<1700
192830,509,505,0.0018093354543760839,eligible_<1700
192834,1343,1338,0.004793843243475644,eligible_<1700
192836,4248,4246,0.015212749186694756,exclude_>2500
193042,7771,7765,0.027820771887584732,exclude_>2500
193121,135,135,0.00048368373532826003,eligible_<1700
193122,290,288,0.0010318586353669547,eligible_<1700
193295,311,302,0.0010820184301417372,eligible_<1700
193417,150,150,0.0005374263725869556,eligible_<1700
193428,610,601,0.0021532883328317354,eligible_<1700
193486,365,360,0.0012898232942086935,eligible_<1700
193488,103,102,0.0003654499333591298,eligible_<1700
193512,453,453,0.001623027645212606,eligible_<1700
193584,106,105,0.0003761984608108689,eligible_<1700
193693,361,359,0.0012862404517247803,eligible_<1700
193715,187,182,0.0006520773320721727,eligible_<1700
193728,1072,1038,0.0037189904983017325,eligible_<1700
193737,1860,1845,0.006610344382819554,borderline_1700-2500
196354,765,765,0.0027408745001934734,eligible_<1700
197061,322,318,0.001139343909884346,eligible_<1700
197067,142,142,0.0005087636327156513,eligible_<1700
197072,559,556,0.0019920604210556486,eligible_<1700
197076,114,91,0.0003260386660360864,eligible_<1700
197178,843,838,0.0030024220015191254,eligible_<1700
198190,1337,1331,0.004768763346088252,eligible_<1700
198522,891,881,0.003156484228327386,eligible_<1700
198525,2993,2983,0.01068761912951259,exclude_>2500
198630,129,121,0.0004335239405534775,eligible_<1700
198740,5033,5016,0.017971537899307794,exclude_>2500
199793,1248,1248,0.00447138741992347,eligible_<1700
199881,184,184,0.0006592430170399989,eligible_<1700
199904,845,822,0.0029450965217765164,eligible_<1700
199907,132,129,0.0004621866804247818,eligible_<1700
200057,2151,2147,0.007692362812961291,borderline_1700-2500
200512,216,215,0.000770311134041303,eligible_<1700
200934,1054,1052,0.003769150293076515,eligible_<1700
200954,3883,3878,0.013894263152614758,exclude_>2500
201307,178,177,0.0006341631196526076,eligible_<1700
201406,1061,1043,0.003736904710721298,eligible_<1700
203462,224,223,0.0007989738739126073,eligible_<1700
203710,106,105,0.0003761984608108689,eligible_<1700
203800,101,96,0.00034395287845565155,eligible_<1700
203993,14186,14181,0.05080828926437078,exclude_>2500
209778,22019,21958,0.07867205526176248,exclude_>2500
209926,121,120,0.0004299410980695645,eligible_<1700
210040,984,971,0.003478940051879559,eligible_<1700
210065,200,199,0.0007129856542986944,eligible_<1700
210152,245,244,0.0008742135660747811,eligible_<1700
210418,244,238,0.0008527165111713029,eligible_<1700
210663,406,406,0.001454634048468693,eligible_<1700
210900,1288,1285,0.004603952591828253,eligible_<1700
211047,124,123,0.00044068962552130356,eligible_<1700
211128,281,277,0.0009924473680439114,eligible_<1700
211364,962,961,0.0034431116270404287,eligible_<1700
211454,671,669,0.002396921621737822,eligible_<1700
211534,4834,4750,0.017018501798586928,exclude_>2500
211808,182,178,0.0006377459621365206,eligible_<1700
211996,263,260,0.0009315390458173897,eligible_<1700
212027,494,492,0.0017627585020852142,eligible_<1700
212370,183,183,0.0006556601745560858,eligible_<1700
212516,2165,2165,0.007756853977671726,borderline_1700-2500
212956,873,869,0.003113490118520429,eligible_<1700
212969,106,106,0.00037978130329478196,eligible_<1700
213149,381,381,0.0013650629863708671,eligible_<1700
213370,988,983,0.0035219341616865157,eligible_<1700
213503,340,338,0.0012110007595626067,eligible_<1700
214204,370,367,0.0013149031915960846,eligible_<1700
214213,104,103,0.00036903277584304285,eligible_<1700
214224,206,202,0.0007237341817504336,eligible_<1700
214234,766,727,0.0026047264858047783,eligible_<1700
214296,220,201,0.0007201513392665205,eligible_<1700
214343,139,135,0.00048368373532826003,eligible_<1700
214880,2678,2676,0.009587686486951288,exclude_>2500
214988,518,518,0.0018559124066669533,eligible_<1700
214996,338,291,0.001042607162818694,eligible_<1700
215065,202,199,0.0007129856542986944,eligible_<1700
215066,231,229,0.0008204709288160856,eligible_<1700
207883,158,157,0.0005625062699743469,eligible_<1700
207898,590,588,0.002106711380540866,eligible_<1700
207910,769,764,0.0027372916577095606,eligible_<1700
208023,109,109,0.0003905298307465211,eligible_<1700
208256,175,167,0.0005983346948134772,eligible_<1700
208754,102,101,0.0003618670908752168,eligible_<1700
209095,372,357,0.0012790747667569542,eligible_<1700
209136,318,317,0.0011357610674004328,eligible_<1700
209222,207,204,0.0007308998667182596,eligible_<1700
209282,179,179,0.0006413288046204337,eligible_<1700
209284,160,155,0.0005553405850065207,eligible_<1700
209344,110,109,0.0003905298307465211,eligible_<1700
209538,306,305,0.0010927669575934763,eligible_<1700
209542,149,149,0.0005338435301030425,eligible_<1700
209672,160,160,0.0005732547974260859,eligible_<1700
209696,352,336,0.0012038350745947805,eligible_<1700
217428,246,244,0.0008742135660747811,eligible_<1700
217447,195,195,0.0006986542843630423,eligible_<1700
223767,101,101,0.0003618670908752168,eligible_<1700
223770,5151,5136,0.01840147899737736,exclude_>2500
225759,154,137,0.0004908494202960861,eligible_<1700
225836,113,108,0.000386946988262608,eligible_<1700
225976,115,115,0.00041202688564999926,eligible_<1700
225977,155,155,0.0005553405850065207,eligible_<1700
226254,695,695,0.002490075526319561,eligible_<1700
226312,166,165,0.0005911690098456511,eligible_<1700
226320,5851,5836,0.020909468736116484,exclude_>2500
226457,118,117,0.0004191925706178254,eligible_<1700
226519,1671,1656,0.00593318715335999,eligible_<1700
226562,332,331,0.0011859208621752154,eligible_<1700
226634,1660,1636,0.005861530303681729,eligible_<1700
226860,316,311,0.0011142640124969547,eligible_<1700
227143,106,105,0.0003761984608108689,eligible_<1700
227162,257,252,0.0009028763059460854,eligible_<1700
227171,279,278,0.0009960302105278243,eligible_<1700
227224,13246,13235,0.04741892027458905,exclude_>2500
227456,3226,3168,0.011350444989036501,exclude_>2500
227515,2753,2752,0.009859982515728678,exclude_>2500
227693,354,348,0.001246829184401737,eligible_<1700
223931,1401,1396,0.0050016481075426,eligible_<1700
223950,301,297,0.001064104217722172,eligible_<1700
224035,788,783,0.002805365664903908,eligible_<1700
224079,558,556,0.0019920604210556486,eligible_<1700
224119,178,178,0.0006377459621365206,eligible_<1700
224133,594,590,0.002113877065508692,eligible_<1700
224212,147,147,0.0005266778451352165,eligible_<1700
224272,3349,3323,0.011905785574043024,exclude_>2500
224316,936,930,0.0033320435100391245,eligible_<1700
224319,242,240,0.000859882196139129,eligible_<1700
224678,176,175,0.0006269974346847816,eligible_<1700
224751,170,170,0.0006090832222652163,eligible_<1700
224821,3162,3128,0.01120713128967998,exclude_>2500
224894,649,646,0.0023145162446078222,eligible_<1700
224904,1727,1725,0.006180403284749989,borderline_1700-2500
225000,248,247,0.0008849620935265202,eligible_<1700
225317,292,291,0.001042607162818694,eligible_<1700
230358,541,539,0.0019311520988291272,eligible_<1700
230383,2367,2355,0.008437594049615202,borderline_1700-2500
232895,336,332,0.0011895037046591283,eligible_<1700
236475,270,264,0.0009458704157530418,eligible_<1700
236484,358,358,0.0012826576092408674,eligible_<1700
237009,207,201,0.0007201513392665205,eligible_<1700
237229,185,181,0.0006484944895882597,eligible_<1700
237792,204,201,0.0007201513392665205,eligible_<1700
238136,142,141,0.0005051807902317383,eligible_<1700
238164,972,964,0.0034538601544921678,eligible_<1700
238182,179,177,0.0006341631196526076,eligible_<1700
238221,249,247,0.0008849620935265202,eligible_<1700
238407,111,111,0.00039769551571434714,eligible_<1700
238676,212,210,0.0007523969216217378,eligible_<1700
238700,124,123,0.00044068962552130356,eligible_<1700
238916,526,522,0.0018702437766026055,eligible_<1700
238972,137,134,0.000480100892844347,eligible_<1700
244191,2639,2637,0.00944795563007868,exclude_>2500
244196,111,110,0.0003941126732304341,eligible_<1700
244258,310,302,0.0010820184301417372,eligible_<1700
244271,4629,4599,0.016477492583516058,exclude_>2500
244305,166,166,0.0005947518523295642,eligible_<1700
244331,5269,5257,0.018835002937930837,exclude_>2500
244333,384,382,0.0013686458288547803,eligible_<1700
244505,537,535,0.001916820728893475,eligible_<1700
246938,308,305,0.0010927669575934763,eligible_<1700
246960,409,401,0.0014367198360491279,eligible_<1700
247104,763,751,0.0026907147054186908,eligible_<1700
247160,1585,1576,0.005646559754646946,eligible_<1700
247182,416,408,0.0014617997334365192,eligible_<1700
247188,282,280,0.0010031958954956504,eligible_<1700
247199,117,113,0.0004048612006821732,eligible_<1700
247342,1048,1039,0.0037225733407856457,eligible_<1700
253506,952,939,0.003364289092394342,eligible_<1700
253607,153,150,0.0005374263725869556,eligible_<1700
253618,3035,3011,0.010787938719062156,exclude_>2500
253684,1743,1740,0.006234145922008685,borderline_1700-2500
253756,1089,1084,0.0038838012525617325,eligible_<1700
254123,682,677,0.002425584361609126,eligible_<1700
254192,2541,2524,0.009043094429396506,exclude_>2500
254193,350,343,0.0012289149719821718,eligible_<1700
254341,110,109,0.0003905298307465211,eligible_<1700
254415,100,96,0.00034395287845565155,eligible_<1700
254427,187,185,0.0006628258595239119,eligible_<1700
254591,2318,2312,0.008283531822806943,borderline_1700-2500
257957,213,213,0.000763145449073477,eligible_<1700
257962,249,248,0.0008885449360104332,eligible_<1700
257966,594,593,0.002124625592960431,eligible_<1700
258036,6707,6700,0.02400504464221735,exclude_>2500
258104,952,948,0.0033965346747495593,eligible_<1700
258131,163,150,0.0005374263725869556,eligible_<1700
258140,116,116,0.0004156097281339123,eligible_<1700
258148,787,775,0.0027767029250326037,eligible_<1700
258160,123,123,0.00044068962552130356,eligible_<1700
258210,6105,6090,0.021819510727030398,exclude_>2500
262547,1690,1680,0.0060191753729739025,eligible_<1700
262621,217,217,0.0007774768190091291,eligible_<1700
262818,374,370,0.0013256517190478238,eligible_<1700
263155,995,994,0.003561345429009559,eligible_<1700
263192,329,324,0.001160840964787824,eligible_<1700
263895,1004,997,0.0035720939564612983,eligible_<1700
263938,251,250,0.0008957106209782593,eligible_<1700
264052,3197,3192,0.011436433208650416,exclude_>2500
266830,6703,6700,0.02400504464221735,exclude_>2500
266938,360,356,0.0012754919242730413,eligible_<1700
266965,1087,1074,0.003847972827722602,eligible_<1700
266966,1634,1618,0.005797039138971294,eligible_<1700
266967,1128,1118,0.004005617897014775,eligible_<1700
267010,137,133,0.00047651805036043397,eligible_<1700
267058,1100,1090,0.0039052983074652106,eligible_<1700
267244,303,303,0.0010856012726256502,eligible_<1700
267314,1079,1064,0.0038121444028834718,eligible_<1700
267590,331,330,0.0011823380196913022,eligible_<1700
267661,198,160,0.0005732547974260859,eligible_<1700
267735,1138,1132,0.004055777691789558,eligible_<1700
267991,230,229,0.0008204709288160856,eligible_<1700
268012,1096,1085,0.003887384095045645,eligible_<1700
268201,2465,2447,0.008767215558135201,borderline_1700-2500
268493,850,850,0.0030454161113260816,eligible_<1700
268504,1056,1053,0.0037727331355604282,eligible_<1700
268890,1007,1000,0.0035828424839130374,eligible_<1700
268936,666,653,0.002339596141995213,eligible_<1700
269069,562,562,0.0020135574759591267,eligible_<1700
269146,1038,1031,0.003693910600914341,eligible_<1700
269207,15047,15036,0.053871619588116426,exclude_>2500
274234,234,233,0.0008348022987517377,eligible_<1700
274428,738,729,0.002611892170772604,eligible_<1700
274445,116,113,0.0004048612006821732,eligible_<1700
274590,348,344,0.0012324978144660848,eligible_<1700
274637,9405,9340,0.03346374879974777,exclude_>2500
274638,4374,4333,0.01552445648279519,exclude_>2500
274688,128,128,0.0004586038379408688,eligible_<1700
283466,102,102,0.0003654499333591298,eligible_<1700
283542,292,291,0.001042607162818694,eligible_<1700
283619,1819,1819,0.006517190478237815,borderline_1700-2500
283642,705,699,0.002504406896255213,eligible_<1700
283792,854,839,0.003006004844003038,eligible_<1700
283795,240,239,0.0008562993536552159,eligible_<1700
283864,4776,4773,0.017100907175716926,exclude_>2500
283867,254,254,0.0009100419909139115,eligible_<1700
284108,3352,3349,0.011998939478624761,exclude_>2500
284118,266,264,0.0009458704157530418,eligible_<1700
286096,20696,20686,0.0741146796222251,exclude_>2500
286109,348,341,0.0012217492870143457,eligible_<1700
286158,941,934,0.0033463748799747767,eligible_<1700
286205,198,196,0.0007022371268469553,eligible_<1700
286358,100,94,0.0003367871934878255,eligible_<1700
286363,188,186,0.000666408702007825,eligible_<1700
286431,724,721,0.0025832294309012997,eligible_<1700
286656,133,132,0.0004729352078765209,eligible_<1700
286667,472,471,0.0016875188099230406,eligible_<1700
286827,816,806,0.002887771042033908,eligible_<1700
286830,531,527,0.0018881579890221707,eligible_<1700
287608,128,128,0.0004586038379408688,eligible_<1700
287638,498,494,0.0017699241870530404,eligible_<1700
287673,325,323,0.0011572581223039111,eligible_<1700
287691,146,146,0.0005230950026513034,eligible_<1700
288254,254,254,0.0009100419909139115,eligible_<1700
288276,118,117,0.0004191925706178254,eligible_<1700
288335,188,185,0.0006628258595239119,eligible_<1700
288378,201,199,0.0007129856542986944,eligible_<1700
288513,3376,3365,0.01205626495836737,exclude_>2500
288533,161,160,0.0005732547974260859,eligible_<1700
288648,131,128,0.0004586038379408688,eligible_<1700
288775,1046,1041,0.003729739025753472,eligible_<1700
288920,109,109,0.0003905298307465211,eligible_<1700
289550,674,672,0.002407670149189561,eligible_<1700
289939,108,108,0.000386946988262608,eligible_<1700
289957,142,141,0.0005051807902317383,eligible_<1700
290367,160,160,0.0005732547974260859,eligible_<1700
290611,147,145,0.0005195121601673904,eligible_<1700
296043,1618,1614,0.005782707769035642,eligible_<1700
296063,637,634,0.0022715221348008656,eligible_<1700
299179,189,180,0.0006449116471043467,eligible_<1700
299191,123,122,0.00043710678303739056,eligible_<1700
299252,6478,6371,0.02282628946500996,exclude_>2500
299372,527,526,0.0018845751465382575,eligible_<1700
299544,175,174,0.0006234145922008685,eligible_<1700
299659,4164,4157,0.014893876205626495,exclude_>2500
299960,3144,3143,0.011260873926938676,exclude_>2500
300001,2713,2710,0.009709503131404331,exclude_>2500
300010,2505,2481,0.008889032202588245,exclude_>2500
300088,108,108,0.000386946988262608,eligible_<1700
300099,292,289,0.0010354414778508678,eligible_<1700
300148,262,261,0.0009351218883013028,eligible_<1700
300300,3621,3599,0.01289465009960302,exclude_>2500
300327,3418,3416,0.012238989925046935,exclude_>2500
300329,664,660,0.0023646760393826044,eligible_<1700
300369,697,696,0.002493658368803474,eligible_<1700
300442,3146,3133,0.011225045502099545,exclude_>2500
300591,122,89,0.0003188729810682603,eligible_<1700
300725,136,136,0.0004872665778121731,eligible_<1700
300731,153,152,0.0005445920575547817,eligible_<1700
309427,170,168,0.0006019175372973903,eligible_<1700
309862,518,514,0.001841581036731301,eligible_<1700
309913,177,172,0.0006162489072330424,eligible_<1700
310067,407,405,0.00145105120598478,eligible_<1700
310408,112,111,0.00039769551571434714,eligible_<1700
310448,2006,1995,0.007147770755406509,borderline_1700-2500
310641,131,129,0.0004621866804247818,eligible_<1700
310726,120,87,0.00031170729610043425,eligible_<1700
310873,10059,10051,0.03601114980580994,exclude_>2500
317030,322,322,0.001153675279819998,eligible_<1700
317299,1037,1033,0.0037010762858821675,eligible_<1700
317432,646,635,0.0022751049772847787,eligible_<1700
317511,615,613,0.0021962824426386917,eligible_<1700
317526,263,257,0.0009207905183656505,eligible_<1700
317940,457,453,0.001623027645212606,eligible_<1700
318009,3896,3892,0.013944422947389542,exclude_>2500
318079,253,251,0.0008992934634621723,eligible_<1700
318098,300,300,0.0010748527451739111,eligible_<1700
318359,403,400,0.001433136993565215,eligible_<1700
324157,253,249,0.0008921277784943463,eligible_<1700
324246,433,428,0.0015334565831147799,eligible_<1700
324278,218,218,0.0007810596614930422,eligible_<1700
324856,19985,19985,0.07160310704100205,exclude_>2500
324884,157,157,0.0005625062699743469,eligible_<1700
324885,249,247,0.0008849620935265202,eligible_<1700
329839,9292,9281,0.033252361093196896,exclude_>2500
329862,569,567,0.002031471688378692,eligible_<1700
329939,882,881,0.003156484228327386,eligible_<1700
330038,2343,2340,0.008383851412356508,borderline_1700-2500
330174,1701,1699,0.0060872493801682505,borderline_1700-2500
330401,296,294,0.001053355690270433,eligible_<1700
330602,188,185,0.0006628258595239119,eligible_<1700
330950,1282,1278,0.004578872694440862,eligible_<1700
330964,128,127,0.00045502099545695573,eligible_<1700
330973,227,220,0.0007882253464608682,eligible_<1700
331050,1938,1900,0.00680740071943477,borderline_1700-2500
331059,1044,1040,0.003726156183269559,eligible_<1700
331190,544,541,0.001938317783796953,eligible_<1700
331212,743,741,0.0026548862805795604,eligible_<1700
331224,1198,1171,0.004195508548662167,eligible_<1700
331363,234,229,0.0008204709288160856,eligible_<1700
331398,483,474,0.0016982673373747796,eligible_<1700
331573,189,186,0.000666408702007825,eligible_<1700
331582,305,300,0.0010748527451739111,eligible_<1700
341510,352,351,0.001257577711853476,eligible_<1700
341512,305,303,0.0010856012726256502,eligible_<1700
341574,177,177,0.0006341631196526076,eligible_<1700
341583,603,594,0.002128208435444344,eligible_<1700
341919,662,657,0.0023539275119308653,eligible_<1700
341935,1032,1028,0.003683162073462602,eligible_<1700
341974,1077,1075,0.003851555670206515,eligible_<1700
342016,506,500,0.0017914212419565187,eligible_<1700
342046,171,168,0.0006019175372973903,eligible_<1700
342070,4462,4442,0.015914986313541712,exclude_>2500
342200,206,203,0.0007273170242343465,eligible_<1700
342210,581,577,0.0020673001132178225,eligible_<1700
342343,504,503,0.0018021697694082578,eligible_<1700
342372,989,977,0.003500437106783037,eligible_<1700
342542,150,149,0.0005338435301030425,eligible_<1700
342674,217,216,0.000773893976525216,eligible_<1700
342921,490,472,0.0016911016524069535,eligible_<1700
346773,204,203,0.0007273170242343465,eligible_<1700
346965,5184,5175,0.01854120985424997,exclude_>2500
347311,367,366,0.0013113203491121716,eligible_<1700
347347,216,214,0.0007667282915573899,eligible_<1700
347638,210,198,0.0007094028118147813,eligible_<1700
347702,193,193,0.0006914885993952162,eligible_<1700
347703,3806,3802,0.013621967123837368,exclude_>2500
347755,117,115,0.00041202688564999926,eligible_<1700
347757,199,192,0.0006879057569113031,eligible_<1700
348065,138,136,0.0004872665778121731,eligible_<1700
348406,2987,2957,0.01059446522493085,exclude_>2500
348602,760,757,0.0027122117603221693,eligible_<1700
349042,113,112,0.00040127835819826015,eligible_<1700
349082,168,168,0.0006019175372973903,eligible_<1700
349131,495,495,0.0017735070295369535,eligible_<1700
349258,120,119,0.00042635825558565144,eligible_<1700
349812,695,685,0.0024542471014804305,eligible_<1700
350064,412,412,0.0014761311033721714,eligible_<1700
359895,166,165,0.0005911690098456511,eligible_<1700
359970,6194,6178,0.022134800865614743,exclude_>2500
359999,440,440,0.0015764506929217363,eligible_<1700
360056,239,239,0.0008562993536552159,eligible_<1700
360153,1239,1228,0.00439973057024521,eligible_<1700
360641,140,130,0.00046576952290869485,eligible_<1700
360700,184,184,0.0006592430170399989,eligible_<1700
360747,147,144,0.0005159293176834773,eligible_<1700
360843,385,385,0.0013793943563065194,eligible_<1700
360879,202,202,0.0007237341817504336,eligible_<1700
360956,161,158,0.0005660891124582599,eligible_<1700
361084,225,222,0.0007953910314286943,eligible_<1700
361241,2246,2243,0.008036315691416943,borderline_1700-2500
361457,225,224,0.0008025567163965203,eligible_<1700
361637,159,156,0.0005589234274904338,eligible_<1700
361788,1150,1147,0.004109520329048254,eligible_<1700
361840,176,176,0.0006305802771686945,eligible_<1700
361850,1552,1548,0.005546240165097382,eligible_<1700
361905,391,390,0.0013973085687260846,eligible_<1700
361958,908,904,0.0032388896054573856,eligible_<1700
362505,211,210,0.0007523969216217378,eligible_<1700
362693,177,177,0.0006341631196526076,eligible_<1700
367220,13291,13250,0.04747266291184774,exclude_>2500
367295,261,260,0.0009315390458173897,eligible_<1700
367351,643,642,0.00230018487467217,eligible_<1700
367361,201,201,0.0007201513392665205,eligible_<1700
367367,104,102,0.0003654499333591298,eligible_<1700
367375,751,749,0.002683549020450865,eligible_<1700
367385,689,683,0.0024470814165126046,eligible_<1700
367421,109,108,0.000386946988262608,eligible_<1700
367432,102,82,0.0002937930836808691,eligible_<1700
367490,673,671,0.002404087306705648,eligible_<1700
367498,2418,2414,0.008648981756166072,borderline_1700-2500
367619,107,105,0.0003761984608108689,eligible_<1700
368017,3525,3520,0.01261160554337389,exclude_>2500
368035,359,355,0.0012719090817891283,eligible_<1700
368263,344,344,0.0012324978144660848,eligible_<1700
398044,122,122,0.00043710678303739056,eligible_<1700
398772,125,124,0.0004442724680052166,eligible_<1700
399757,285,283,0.0010139444229473895,eligible_<1700
399941,1560,1556,0.0055749029049686856,eligible_<1700
399987,628,628,0.0022500250798973874,eligible_<1700
400058,101,100,0.00035828424839130373,eligible_<1700
400266,372,370,0.0013256517190478238,eligible_<1700
400602,1823,1820,0.0065207733207217275,borderline_1700-2500
400756,176,175,0.0006269974346847816,eligible_<1700
400995,699,695,0.002490075526319561,eligible_<1700
401216,1191,1190,0.004263582555856515,eligible_<1700
401505,114,111,0.00039769551571434714,eligible_<1700
401779,149,148,0.0005302606876191296,eligible_<1700
401885,231,231,0.0008276366137839116,eligible_<1700
401978,437,435,0.0015585364805021712,eligible_<1700
402207,154,153,0.0005481749000386947,eligible_<1700
402677,605,604,0.0021640368602834745,eligible_<1700
402679,1324,1321,0.004732934921249122,eligible_<1700
403116,967,966,0.003461025839459994,eligible_<1700
403265,812,810,0.00290210241196956,eligible_<1700
403468,832,827,0.002963010734196082,eligible_<1700
403601,114,114,0.00040844404316608626,eligible_<1700
405923,422,422,0.0015119595282113017,eligible_<1700
406459,116,116,0.0004156097281339123,eligible_<1700
407317,627,624,0.002235693709961735,eligible_<1700
407318,753,749,0.002683549020450865,eligible_<1700
408381,183,179,0.0006413288046204337,eligible_<1700
408547,1170,1167,0.004181177178726515,eligible_<1700
408727,144,142,0.0005087636327156513,eligible_<1700
408770,279,279,0.0009996130530117375,eligible_<1700
409031,165,163,0.0005840033248778251,eligible_<1700
409553,110,108,0.000386946988262608,eligible_<1700
409572,383,379,0.001357897301403041,eligible_<1700
409581,185,182,0.0006520773320721727,eligible_<1700
48,740,735,0.0026333892256760823,eligible_<1700
50,46869,46664,0.16718976166931798,exclude_>2500
51,9147,9109,0.03263611218596386,exclude_>2500
61,682,677,0.002425584361609126,eligible_<1700
64,462,453,0.001623027645212606,eligible_<1700
71,7319,7129,0.025542084067816044,exclude_>2500
72,2006,2001,0.0071692678103099875,borderline_1700-2500
118,23096,23096,0.08274933000845551,exclude_>2500
125,2996,2991,0.010716281869383894,exclude_>2500
126,844,825,0.002955845049228256,eligible_<1700
130,1621,1600,0.00573254797426086,eligible_<1700
132,4600,4574,0.01638792152141823,exclude_>2500
146,902,901,0.0032281410780056466,eligible_<1700
151,441,437,0.0015657021654699973,eligible_<1700
157,1798,1771,0.006345214039009989,borderline_1700-2500
168,2923,2883,0.010329334881121286,exclude_>2500
278,13833,13700,0.049084942029608614,exclude_>2500
280,237,237,0.0008491336686873898,eligible_<1700
283,718,619,0.0022177794975421702,eligible_<1700
442,2411,2398,0.008591656276423464,borderline_1700-2500
443,2137,2134,0.007645785860670422,borderline_1700-2500
444,2106,2085,0.007470226578958683,borderline_1700-2500
446,262,253,0.0009064591484299984,eligible_<1700
449,283,280,0.0010031958954956504,eligible_<1700
454,139,138,0.0004944322627799991,eligible_<1700
455,100,100,0.00035828424839130373,eligible_<1700
464,947,939,0.003364289092394342,eligible_<1700
471,123,122,0.00043710678303739056,eligible_<1700
472,2742,2635,0.009440789945110854,exclude_>2500
475,7905,7895,0.02828654141049343,exclude_>2500
476,318,304,0.0010891841151095634,eligible_<1700
823,15492,15325,0.054907061065967294,exclude_>2500
1262,1881,1774,0.006355962566461728,borderline_1700-2500
1493,507,498,0.0017842555569886926,eligible_<1700
1501,1826,1770,0.006341631196526076,borderline_1700-2500
1504,133,132,0.0004729352078765209,eligible_<1700
1518,435,425,0.0015227080556630408,eligible_<1700
1519,220,215,0.000770311134041303,eligible_<1700
1520,465,458,0.0016409418576321712,eligible_<1700
1522,245,235,0.0008419679837195637,eligible_<1700
1528,155,154,0.0005517577425226077,eligible_<1700
1535,616,586,0.0020995456955730397,eligible_<1700
1545,730,726,0.002601143643320865,eligible_<1700
1549,1015,983,0.0035219341616865157,eligible_<1700
1561,1479,1420,0.005087636327156513,eligible_<1700
1563,1923,1604,0.0057468793441965114,borderline_1700-2500
1570,193,181,0.0006484944895882597,eligible_<1700
1574,819,705,0.0025259039511586912,eligible_<1700
1575,349,266,0.0009530361007208679,eligible_<1700
1577,621,581,0.0020816314831534747,eligible_<1700
1582,183,138,0.0004944322627799991,eligible_<1700
1586,337,326,0.0011680066497556502,eligible_<1700
1591,388,360,0.0012898232942086935,eligible_<1700
1613,1371,1310,0.004693523653926079,eligible_<1700
1627,271,267,0.000956618943204781,eligible_<1700
1647,104,101,0.0003618670908752168,eligible_<1700
1666,435,367,0.0013149031915960846,eligible_<1700
1674,796,755,0.002705046075354343,eligible_<1700
1698,248,237,0.0008491336686873898,eligible_<1700
1703,106,105,0.0003761984608108689,eligible_<1700
1706,158,146,0.0005230950026513034,eligible_<1700
1709,246,201,0.0007201513392665205,eligible_<1700
1710,580,508,0.001820083981827823,eligible_<1700
1717,701,606,0.0021712025452513004,eligible_<1700
1719,186,167,0.0005983346948134772,eligible_<1700
1727,122,112,0.00040127835819826015,eligible_<1700
1731,115,113,0.0004048612006821732,eligible_<1700
1749,131,123,0.00044068962552130356,eligible_<1700
1751,1443,1386,0.00496581968270347,eligible_<1700
1753,145,145,0.0005195121601673904,eligible_<1700
1770,713,667,0.0023897559367699957,eligible_<1700
1780,164,154,0.0005517577425226077,eligible_<1700
1784,140,133,0.00047651805036043397,eligible_<1700
1792,102,83,0.0002973759261647821,eligible_<1700
1803,158,158,0.0005660891124582599,eligible_<1700
1816,168,168,0.0006019175372973903,eligible_<1700
1822,1880,1786,0.006398956676268684,borderline_1700-2500
1824,722,699,0.002504406896255213,eligible_<1700
1826,297,290,0.0010390243203347808,eligible_<1700
1830,624,618,0.002214196655058257,eligible_<1700
1831,174,165,0.0005911690098456511,eligible_<1700
1835,344,330,0.0011823380196913022,eligible_<1700
1836,821,788,0.002823279877323473,eligible_<1700
1844,244,225,0.0008061395588804333,eligible_<1700
3319,168,166,0.0005947518523295642,eligible_<1700
3324,122,118,0.0004227754131017384,eligible_<1700
3341,650,646,0.0023145162446078222,eligible_<1700
3344,141,136,0.0004872665778121731,eligible_<1700
3353,1265,1197,0.0042886624532439055,eligible_<1700
3357,121,119,0.00042635825558565144,eligible_<1700
3365,146,144,0.0005159293176834773,eligible_<1700
3370,188,180,0.0006449116471043467,eligible_<1700
3383,929,926,0.0033177121401034727,eligible_<1700
3452,1355,1348,0.004829671668314774,eligible_<1700
3466,281,233,0.0008348022987517377,eligible_<1700
3475,419,414,0.0014832967883399975,eligible_<1700
3487,767,747,0.002676383335483039,eligible_<1700
3518,647,613,0.0021962824426386917,eligible_<1700
3548,518,495,0.0017735070295369535,eligible_<1700
3572,219,167,0.0005983346948134772,eligible_<1700
3575,223,182,0.0006520773320721727,eligible_<1700
3593,517,479,0.0017161815497943448,eligible_<1700
3594,166,155,0.0005553405850065207,eligible_<1700
3606,102,96,0.00034395287845565155,eligible_<1700
3623,194,188,0.000673574386975651,eligible_<1700
3632,1276,1268,0.004543044269601731,eligible_<1700
3633,2693,2638,0.009451538472562592,exclude_>2500
3640,173,165,0.0005911690098456511,eligible_<1700
3661,551,477,0.0017090158648265187,eligible_<1700
3664,144,142,0.0005087636327156513,eligible_<1700
3670,120,94,0.0003367871934878255,eligible_<1700
3676,270,258,0.0009243733608495636,eligible_<1700
3699,5646,5538,0.0198417816759104,exclude_>2500
3712,347,273,0.0009781159981082591,eligible_<1700
3730,470,417,0.0014940453157917366,eligible_<1700
3749,398,388,0.0013901428837582584,eligible_<1700
3758,236,229,0.0008204709288160856,eligible_<1700
3806,221,212,0.0007595626065895639,eligible_<1700
3839,112,109,0.0003905298307465211,eligible_<1700
3845,478,461,0.0016516903850839102,eligible_<1700
3850,161,155,0.0005553405850065207,eligible_<1700
3870,1010,990,0.003547014059073907,eligible_<1700
6481,731,725,0.002597560800836952,eligible_<1700
6503,124,104,0.00037261561832695585,eligible_<1700
6508,438,436,0.0015621193229860843,eligible_<1700
6521,550,544,0.0019490663112486924,eligible_<1700
6531,311,305,0.0010927669575934763,eligible_<1700
6549,353,343,0.0012289149719821718,eligible_<1700
6581,330,274,0.0009816988405921723,eligible_<1700
8946,2140,2119,0.007592043223411726,borderline_1700-2500
8957,245,219,0.0007846425039769551,eligible_<1700
8976,183,143,0.0005123464751995643,eligible_<1700
8996,270,260,0.0009315390458173897,eligible_<1700
9004,631,620,0.002221362340026083,eligible_<1700
9017,115,112,0.00040127835819826015,eligible_<1700
9021,874,871,0.0031206558034882555,eligible_<1700
9077,114,77,0.00027587887126130384,eligible_<1700
9091,144,139,0.0004980151052639122,eligible_<1700
9092,273,265,0.0009494532582369549,eligible_<1700
9149,464,458,0.0016409418576321712,eligible_<1700
9161,145,138,0.0004944322627799991,eligible_<1700
9201,650,645,0.002310933402123909,eligible_<1700
10641,193,139,0.0004980151052639122,eligible_<1700
10642,167,118,0.0004227754131017384,eligible_<1700
10659,836,825,0.002955845049228256,eligible_<1700
10679,119,88,0.00031529013858434726,eligible_<1700
10681,1199,1169,0.00418834286369434,eligible_<1700
10687,163,161,0.000576837639909999,eligible_<1700
10715,286,276,0.0009888645255599982,eligible_<1700
10756,532,529,0.0018953236739899966,eligible_<1700
10829,118,102,0.0003654499333591298,eligible_<1700
10947,778,777,0.00278386861000043,eligible_<1700
10962,156,153,0.0005481749000386947,eligible_<1700
10964,169,135,0.00048368373532826003,eligible_<1700
10973,141,138,0.0004944322627799991,eligible_<1700
10998,143,140,0.0005015979477478252,eligible_<1700
11037,123,121,0.0004335239405534775,eligible_<1700
11060,109,89,0.0003188729810682603,eligible_<1700
11081,638,633,0.0022679392923169524,eligible_<1700
11091,105,74,0.0002651303438095648,eligible_<1700
11096,404,404,0.0014474683635008671,eligible_<1700
11106,549,507,0.00181650113934391,eligible_<1700
11139,104,64,0.0002293019189704344,eligible_<1700
11147,171,161,0.000576837639909999,eligible_<1700
11159,550,538,0.001927569256345214,eligible_<1700
11160,106,104,0.00037261561832695585,eligible_<1700
11161,489,478,0.0017125987073104319,eligible_<1700
11182,586,570,0.002042220215830431,eligible_<1700
11187,244,221,0.0007918081889447812,eligible_<1700
11202,470,454,0.001626610487696519,eligible_<1700
11265,669,641,0.002296602032188257,eligible_<1700
11274,248,215,0.000770311134041303,eligible_<1700
11385,466,452,0.0016194448027286928,eligible_<1700
11394,154,149,0.0005338435301030425,eligible_<1700
11396,316,314,0.0011250125399486937,eligible_<1700
11412,225,222,0.0007953910314286943,eligible_<1700
11438,120,89,0.0003188729810682603,eligible_<1700
11634,2710,2671,0.009569772274531723,exclude_>2500
11695,215,181,0.0006484944895882597,eligible_<1700
11730,158,152,0.0005445920575547817,eligible_<1700
11883,247,240,0.000859882196139129,eligible_<1700
11967,119,100,0.00035828424839130373,eligible_<1700
12157,951,944,0.003382203304813907,eligible_<1700
12168,299,226,0.0008097224013643464,eligible_<1700
12194,3021,2916,0.010447568683090417,exclude_>2500
12263,161,155,0.0005553405850065207,eligible_<1700
12266,103,72,0.00025796465884173866,eligible_<1700
12318,465,457,0.001637359015148258,eligible_<1700
12963,276,274,0.0009816988405921723,eligible_<1700
12964,148,146,0.0005230950026513034,eligible_<1700
13077,138,135,0.00048368373532826003,eligible_<1700
13089,366,365,0.0013077375066282587,eligible_<1700
13115,209,205,0.0007344827092021726,eligible_<1700
13121,304,299,0.0010712699026899982,eligible_<1700
13122,4529,4527,0.01621952792467432,exclude_>2500
15911,209,208,0.0007452312366539117,eligible_<1700
15987,36619,36216,0.12975622339739457,exclude_>2500
16144,601,595,0.0021317912779282573,eligible_<1700
16162,415,382,0.0013686458288547803,eligible_<1700
16177,191,190,0.0006807400719434771,eligible_<1700
16267,3415,3408,0.012210327185175632,exclude_>2500
16366,2677,2667,0.00955544090459607,exclude_>2500
16498,653,652,0.0023360132995113004,eligible_<1700
16538,120,114,0.00040844404316608626,eligible_<1700
16727,100,100,0.00035828424839130373,eligible_<1700
19370,2868,2807,0.010057038852343896,exclude_>2500
19399,248,244,0.0008742135660747811,eligible_<1700
19508,231,228,0.0008168880863321725,eligible_<1700
19600,4664,4656,0.016681714605099103,exclude_>2500
19622,1072,995,0.003564928271493472,eligible_<1700
19643,1894,1872,0.006707081129885206,borderline_1700-2500
19665,318,317,0.0011357610674004328,eligible_<1700
19679,440,416,0.0014904624733078234,eligible_<1700
19841,3616,3573,0.012801496195021283,exclude_>2500
19854,535,502,0.0017985869269243446,eligible_<1700
21348,9033,9019,0.03231365636241168,exclude_>2500
21436,217,215,0.000770311134041303,eligible_<1700
21503,254,250,0.0008957106209782593,eligible_<1700
21654,1863,1850,0.006628258595239119,borderline_1700-2500
21704,940,940,0.003367871934878255,eligible_<1700
21705,199,193,0.0006914885993952162,eligible_<1700
21754,1547,1543,0.005528325952677817,eligible_<1700
21763,18066,17996,0.06447683334049902,exclude_>2500
21791,2538,2535,0.00908250569671955,exclude_>2500
21798,310,309,0.0011070983275291285,eligible_<1700
21809,171,163,0.0005840033248778251,eligible_<1700
21829,180,180,0.0006449116471043467,eligible_<1700
25292,14066,14035,0.05028519426171948,exclude_>2500
25294,437,436,0.0015621193229860843,eligible_<1700
25409,334,334,0.0011966693896269544,eligible_<1700
27165,928,924,0.0033105464551356463,eligible_<1700
27172,1229,1218,0.00436390214540608,eligible_<1700
27225,12001,11893,0.04261074566117775,exclude_>2500
27385,1431,1426,0.005109133382059991,eligible_<1700
27387,102,101,0.0003618670908752168,eligible_<1700
27389,1529,1493,0.005349183828482164,eligible_<1700
27463,1417,1413,0.0050625564297691215,eligible_<1700
27532,1078,1073,0.003844389985238689,eligible_<1700
27608,200,193,0.0006914885993952162,eligible_<1700
27613,208,207,0.0007416483941699987,eligible_<1700
27627,14505,14318,0.051299138684666866,exclude_>2500
27668,100,99,0.00035470140590739067,eligible_<1700
27674,202,198,0.0007094028118147813,eligible_<1700
27687,101,101,0.0003618670908752168,eligible_<1700
27708,9208,9185,0.032908408214741246,exclude_>2500
30380,8307,8299,0.029734009773994294,exclude_>2500
30381,3266,3262,0.011687232182524328,exclude_>2500
30483,539,536,0.001920403571377388,eligible_<1700
30485,140,138,0.0004944322627799991,eligible_<1700
30539,6744,6708,0.024033707382088654,exclude_>2500
31056,933,927,0.0033212949825873854,eligible_<1700
31117,111,110,0.0003941126732304341,eligible_<1700
31145,294,281,0.0010067787379795634,eligible_<1700
34450,160,160,0.0005732547974260859,eligible_<1700
34496,750,736,0.0026369720681599955,eligible_<1700
34583,413,411,0.0014725482608882582,eligible_<1700
36231,169,164,0.0005875861673617382,eligible_<1700
38862,2515,2513,0.009003683162073462,exclude_>2500
38877,189,178,0.0006377459621365206,eligible_<1700
38897,242,239,0.0008562993536552159,eligible_<1700
38949,187,187,0.0006699915444917379,eligible_<1700
38992,2228,2223,0.007964658841738682,borderline_1700-2500
39045,249,247,0.0008849620935265202,eligible_<1700
39084,131,130,0.00046576952290869485,eligible_<1700
39206,3721,3704,0.01327084856041389,exclude_>2500
39210,235,235,0.0008419679837195637,eligible_<1700
39217,971,921,0.0032997979276839073,eligible_<1700
39219,139,139,0.0004980151052639122,eligible_<1700
39242,1493,1491,0.005342018143514339,eligible_<1700
39245,106,105,0.0003761984608108689,eligible_<1700
40209,1038,938,0.003360706249910429,eligible_<1700
40213,437,436,0.0015621193229860843,eligible_<1700
40214,1865,1861,0.0066676698625621625,borderline_1700-2500
40235,732,727,0.0026047264858047783,eligible_<1700
40276,625,624,0.002235693709961735,eligible_<1700
40354,3693,3671,0.01315261475844476,exclude_>2500
40370,267,267,0.000956618943204781,eligible_<1700
40381,2380,2376,0.008512833741777377,borderline_1700-2500
40531,1349,1342,0.004808174613411296,eligible_<1700
40561,191,191,0.0006843229144273902,eligible_<1700
42920,185,179,0.0006413288046204337,eligible_<1700
42969,159,159,0.000569671954942173,eligible_<1700
42997,238,220,0.0007882253464608682,eligible_<1700
43022,2918,2910,0.010426071628186939,exclude_>2500
43152,1793,1789,0.006409705203720423,borderline_1700-2500
43168,190,188,0.000673574386975651,eligible_<1700
43249,610,610,0.0021855339151869526,eligible_<1700
58281,6565,6545,0.023449704057210828,exclude_>2500
58329,519,519,0.0018594952491508662,eligible_<1700
58602,1301,1298,0.004650529544119123,eligible_<1700
58698,117,116,0.0004156097281339123,eligible_<1700
60056,113,113,0.0004048612006821732,eligible_<1700
60126,143,143,0.0005123464751995643,eligible_<1700
60245,175,173,0.0006198317497169555,eligible_<1700
61484,775,766,0.0027444573426773865,eligible_<1700
61487,950,884,0.003167232755779125,eligible_<1700
66251,129,129,0.0004621866804247818,eligible_<1700
66424,1498,1485,0.00532052108861086,eligible_<1700
66505,5149,5141,0.018419393209796926,exclude_>2500
66590,334,333,0.0011930865471430415,eligible_<1700
66603,107,104,0.00037261561832695585,eligible_<1700
66608,559,555,0.001988477578571736,eligible_<1700
66851,226,222,0.0007953910314286943,eligible_<1700
66888,134,130,0.00046576952290869485,eligible_<1700
67180,1406,1405,0.005033893689897817,eligible_<1700
67285,223,223,0.0007989738739126073,eligible_<1700
67309,305,304,0.0010891841151095634,eligible_<1700
67436,602,600,0.0021497054903478223,eligible_<1700
67453,623,620,0.002221362340026083,eligible_<1700
67486,278,273,0.0009781159981082591,eligible_<1700
67600,467,407,0.0014582168909526062,eligible_<1700
67609,191,188,0.000673574386975651,eligible_<1700
67631,383,375,0.001343565931467389,eligible_<1700
67693,276,276,0.0009888645255599982,eligible_<1700
67823,429,422,0.0015119595282113017,eligible_<1700
67972,125,125,0.0004478553104891297,eligible_<1700
68186,146,137,0.0004908494202960861,eligible_<1700
68227,352,350,0.0012539948693695631,eligible_<1700
68247,1024,1022,0.003661665018559124,eligible_<1700
68250,182,165,0.0005911690098456511,eligible_<1700
68264,1669,1601,0.005736130816744772,eligible_<1700
73664,2114,2106,0.0075454662711208565,borderline_1700-2500
73863,1406,1402,0.005023145162446078,eligible_<1700
74102,433,433,0.001551370795534345,eligible_<1700
75165,1995,1994,0.007144187912922597,borderline_1700-2500
75212,1104,1101,0.003944709574788254,eligible_<1700
75441,169,169,0.0006055003797813033,eligible_<1700
75448,459,448,0.0016051134327930406,eligible_<1700
75547,1763,1761,0.006309385614170859,borderline_1700-2500
76436,254,198,0.0007094028118147813,eligible_<1700
76674,2017,2016,0.007223010447568683,borderline_1700-2500
76810,304,304,0.0010891841151095634,eligible_<1700
77034,283,280,0.0010031958954956504,eligible_<1700
77344,117,117,0.0004191925706178254,eligible_<1700
80296,107,107,0.00038336414577869497,eligible_<1700
80642,547,545,0.0019526491537326053,eligible_<1700
82216,282,276,0.0009888645255599982,eligible_<1700
91739,100,82,0.0002937930836808691,eligible_<1700
91773,587,564,0.002020723160926953,eligible_<1700
91873,2772,2770,0.009924473680439113,exclude_>2500
92120,983,982,0.0035183513192026026,eligible_<1700
97155,127,126,0.0004514381529730427,eligible_<1700
97273,710,709,0.0025402353210943435,eligible_<1700
97357,1086,1085,0.003887384095045645,eligible_<1700
97655,295,295,0.001056938532754346,eligible_<1700
97915,801,796,0.0028519426171947776,eligible_<1700
98085,2000,1983,0.007104776645599553,borderline_1700-2500
98203,103,101,0.0003618670908752168,eligible_<1700
103339,311,271,0.0009709503131404331,eligible_<1700
103638,136,135,0.00048368373532826003,eligible_<1700
103649,2525,2522,0.00903592874442868,exclude_>2500
103714,237,237,0.0008491336686873898,eligible_<1700
103828,111,111,0.00039769551571434714,eligible_<1700
103843,115,114,0.00040844404316608626,eligible_<1700
107529,23575,23551,0.08437952333863594,exclude_>2500
107638,339,338,0.0012110007595626067,eligible_<1700
107861,334,331,0.0011859208621752154,eligible_<1700
108012,119,117,0.0004191925706178254,eligible_<1700
108344,601,600,0.0021497054903478223,eligible_<1700
108554,128,126,0.0004514381529730427,eligible_<1700
108705,231,231,0.0008276366137839116,eligible_<1700
108722,1011,983,0.0035219341616865157,eligible_<1700
108737,116,114,0.00040844404316608626,eligible_<1700
117707,158,157,0.0005625062699743469,eligible_<1700
117854,430,426,0.001526290898146954,eligible_<1700
117914,1218,1216,0.0043567364604382534,eligible_<1700
117995,992,980,0.0035111856342347767,eligible_<1700
118000,1416,1415,0.005069722114736948,eligible_<1700
118174,2774,2764,0.009902976625535635,exclude_>2500
118418,1671,1665,0.005965432735715207,eligible_<1700
118452,162,162,0.000580420482393912,eligible_<1700
118497,1273,1273,0.0045609584820212965,eligible_<1700
118553,231,229,0.0008204709288160856,eligible_<1700
122522,26815,26602,0.09531077575705461,exclude_>2500
122913,245,239,0.0008562993536552159,eligible_<1700
122943,340,339,0.0012145836020465196,eligible_<1700
123228,629,627,0.0022464422374134743,eligible_<1700
123239,2554,2542,0.00910758559410694,exclude_>2500
126168,101,101,0.0003618670908752168,eligible_<1700
126728,130,129,0.0004621866804247818,eligible_<1700
128898,1344,1343,0.0048117574558952094,eligible_<1700
128921,621,621,0.002224945182509996,eligible_<1700
128931,1147,1147,0.004109520329048254,eligible_<1700
128996,4259,4231,0.01515900654943606,exclude_>2500
129090,3186,3165,0.011339696461584763,exclude_>2500
129204,132,128,0.0004586038379408688,eligible_<1700
129290,103,99,0.00035470140590739067,eligible_<1700
129293,1145,1141,0.004088023274144775,eligible_<1700
129309,108,96,0.00034395287845565155,eligible_<1700
129351,1838,1835,0.006574515957980424,borderline_1700-2500
129437,21349,21208,0.07598492339882769,exclude_>2500
132452,142,138,0.0004944322627799991,eligible_<1700
132531,31967,31967,0.11453272568324806,exclude_>2500
132817,534,532,0.0019060722014417359,eligible_<1700
133405,316,316,0.0011321782249165198,eligible_<1700
133437,1205,1190,0.004263582555856515,eligible_<1700
133524,101,99,0.00035470140590739067,eligible_<1700
133620,108,107,0.00038336414577869497,eligible_<1700
133632,1890,1888,0.006764406609627814,borderline_1700-2500
133671,252,250,0.0008957106209782593,eligible_<1700
133687,116,113,0.0004048612006821732,eligible_<1700
133956,865,832,0.002980924946615647,eligible_<1700
134150,524,524,0.0018774094615704314,eligible_<1700
134157,2322,2322,0.008319360247646072,borderline_1700-2500
140620,15804,15801,0.0566124940883099,exclude_>2500
140675,126,125,0.0004478553104891297,eligible_<1700
140709,583,583,0.0020887971681213006,eligible_<1700
140795,690,687,0.0024614127864482564,eligible_<1700
140857,325,325,0.001164423807271737,eligible_<1700
140934,21449,21425,0.07676240021783683,exclude_>2500
140951,890,885,0.003170815598263038,eligible_<1700
140997,646,642,0.00230018487467217,eligible_<1700
141419,205,204,0.0007308998667182596,eligible_<1700
141428,289,288,0.0010318586353669547,eligible_<1700
141437,126,123,0.00044068962552130356,eligible_<1700
143869,166,163,0.0005840033248778251,eligible_<1700
143882,528,527,0.0018881579890221707,eligible_<1700
148641,326,325,0.001164423807271737,eligible_<1700
154125,213,209,0.0007488140791378248,eligible_<1700
154246,5692,5689,0.02038279089098127,exclude_>2500
154301,1488,1485,0.00532052108861086,eligible_<1700
154386,4091,4085,0.014635911546784758,exclude_>2500
154428,1155,1145,0.004102354644080428,eligible_<1700
154443,1237,1236,0.004428393310116514,eligible_<1700
154498,265,263,0.0009422875732691288,eligible_<1700
154560,507,497,0.0017806727145047794,eligible_<1700
154634,1533,1529,0.005478166157903034,eligible_<1700
154809,4991,4988,0.01787121830975823,exclude_>2500
154880,1566,1553,0.0055641543775169465,eligible_<1700
154883,293,287,0.0010282757928830417,eligible_<1700
154905,1143,1141,0.004088023274144775,eligible_<1700
155827,530,528,0.0018917408315060837,eligible_<1700
158791,275,275,0.0009852816830760852,eligible_<1700
158815,243,196,0.0007022371268469553,eligible_<1700
158882,350,346,0.001239663499433911,eligible_<1700
158886,208,170,0.0006090832222652163,eligible_<1700
158915,490,489,0.0017520099746334752,eligible_<1700
158916,322,322,0.001153675279819998,eligible_<1700
158968,104,103,0.00036903277584304285,eligible_<1700
158976,433,429,0.001537039425598693,eligible_<1700
158991,667,661,0.0023682588818665176,eligible_<1700
159044,250,247,0.0008849620935265202,eligible_<1700
159109,3810,3794,0.013593304383966063,exclude_>2500
159333,121,115,0.00041202688564999926,eligible_<1700
159437,143,142,0.0005087636327156513,eligible_<1700
159473,2713,2704,0.009688006076500853,exclude_>2500
159536,155,152,0.0005445920575547817,eligible_<1700
159575,462,460,0.001648107542599997,eligible_<1700
159675,11306,11304,0.04050045143815297,exclude_>2500
163432,150,147,0.0005266778451352165,eligible_<1700
167400,6014,5996,0.02148272353354257,exclude_>2500
167404,104,104,0.00037261561832695585,eligible_<1700
171356,370,367,0.0013149031915960846,eligible_<1700
171447,175,175,0.0006269974346847816,eligible_<1700
171547,102,101,0.0003618670908752168,eligible_<1700
171620,329,324,0.001160840964787824,eligible_<1700
173101,3077,3075,0.01101724063803259,exclude_>2500
173200,2319,2276,0.008154549493386072,borderline_1700-2500
173270,103,93,0.0003332043510039125,eligible_<1700
173291,271,271,0.0009709503131404331,eligible_<1700
173319,719,714,0.0025581495335139084,eligible_<1700
173341,1919,1912,0.0068503948292417275,borderline_1700-2500
175177,175,172,0.0006162489072330424,eligible_<1700
175222,456,455,0.0016301933301804319,eligible_<1700
175224,258,256,0.0009172076758817376,eligible_<1700
175307,1829,1813,0.006495693423334337,borderline_1700-2500
177875,547,543,0.0019454834687647792,eligible_<1700
177877,321,320,0.0011465095948521718,eligible_<1700
177927,143,143,0.0005123464751995643,eligible_<1700
178007,464,459,0.001644524700116084,eligible_<1700
178038,194,192,0.0006879057569113031,eligible_<1700
178054,2751,2748,0.009845651145793026,exclude_>2500
178147,730,722,0.002586812273385213,eligible_<1700
178153,239,237,0.0008491336686873898,eligible_<1700
178209,620,604,0.0021640368602834745,eligible_<1700
178349,113,111,0.00039769551571434714,eligible_<1700
178361,237,234,0.0008383851412356508,eligible_<1700
178450,367,365,0.0013077375066282587,eligible_<1700
178515,191,189,0.000677157229459564,eligible_<1700
178570,2938,2929,0.010494145635381286,exclude_>2500
178613,1625,1615,0.005786290611519555,eligible_<1700
178688,514,512,0.0018344153517634752,eligible_<1700
182953,132,131,0.00046935236539260786,eligible_<1700
183231,2775,2768,0.009917307995471287,exclude_>2500
188834,29063,28912,0.10358714189489374,exclude_>2500
188866,8559,8533,0.030572394915229947,exclude_>2500
188908,136,134,0.000480100892844347,eligible_<1700
189294,703,701,0.002511572581223039,eligible_<1700
189628,121,118,0.0004227754131017384,eligible_<1700
189664,367,301,0.0010784355876578243,eligible_<1700
190232,180,160,0.0005732547974260859,eligible_<1700
190639,1140,1137,0.004073691904209123,eligible_<1700
194880,7320,7293,0.02612967023517778,exclude_>2500
194964,153,149,0.0005338435301030425,eligible_<1700
195179,257,256,0.0009172076758817376,eligible_<1700
195194,751,748,0.0026799661779669517,eligible_<1700
195314,5848,5823,0.020862891783825617,exclude_>2500
195515,100,95,0.00034037003597173855,eligible_<1700
195547,270,260,0.0009315390458173897,eligible_<1700
195571,1958,1947,0.0069757943161786835,borderline_1700-2500
195867,783,782,0.002801782822419995,eligible_<1700
205716,3228,3226,0.011558249853103459,exclude_>2500
205826,250,247,0.0008849620935265202,eligible_<1700
205907,606,599,0.002146122647863909,eligible_<1700
206156,1122,1108,0.003969789472175645,eligible_<1700
206206,658,655,0.0023467618269630394,eligible_<1700
206266,261,259,0.0009279562033334766,eligible_<1700
206480,2802,2771,0.009928056522923025,exclude_>2500
206504,1492,1490,0.005338435301030425,eligible_<1700
206540,254,253,0.0009064591484299984,eligible_<1700
206780,136,134,0.000480100892844347,eligible_<1700
206803,2099,2095,0.007506055003797813,borderline_1700-2500
206851,130,130,0.00046576952290869485,eligible_<1700
206904,120,119,0.00042635825558565144,eligible_<1700
206938,112,108,0.000386946988262608,eligible_<1700
207207,1494,1491,0.005342018143514339,eligible_<1700
207208,671,668,0.002393338779253909,eligible_<1700
219217,753,729,0.002611892170772604,eligible_<1700
219276,386,384,0.0013758115138226062,eligible_<1700
219621,449,445,0.0015943649053413015,eligible_<1700
219708,1474,1468,0.005259612766384338,eligible_<1700
220368,254,249,0.0008921277784943463,eligible_<1700
220452,177,177,0.0006341631196526076,eligible_<1700
220520,6959,6957,0.024925835160583,exclude_>2500
220541,112,112,0.00040127835819826015,eligible_<1700
220547,465,459,0.001644524700116084,eligible_<1700
220609,143,143,0.0005123464751995643,eligible_<1700
220775,3188,3168,0.011350444989036501,exclude_>2500
220780,1391,1383,0.004955071155251731,eligible_<1700
220784,722,719,0.002576063745933474,eligible_<1700
220792,1733,1728,0.006191151812201728,borderline_1700-2500
220861,140,140,0.0005015979477478252,eligible_<1700
220877,14725,14720,0.052739441363199906,exclude_>2500
223855,2680,2678,0.009594852171919114,exclude_>2500
227995,149,106,0.00037978130329478196,eligible_<1700
228101,184,182,0.0006520773320721727,eligible_<1700
228133,1080,1076,0.003855138512690428,eligible_<1700
231215,182,179,0.0006413288046204337,eligible_<1700
231309,202,202,0.0007237341817504336,eligible_<1700
231327,899,895,0.0032066440231021684,eligible_<1700
231666,1257,1257,0.004503633002278688,eligible_<1700
231674,265,265,0.0009494532582369549,eligible_<1700
231876,145,145,0.0005195121601673904,eligible_<1700
231942,269,265,0.0009494532582369549,eligible_<1700
231962,753,753,0.002697880390386517,eligible_<1700
231991,771,754,0.0027014632328704303,eligible_<1700
232134,209,205,0.0007344827092021726,eligible_<1700
232201,200,198,0.0007094028118147813,eligible_<1700
232461,126,122,0.00043710678303739056,eligible_<1700
232478,174,174,0.0006234145922008685,eligible_<1700
232520,1165,1164,0.004170428651274776,eligible_<1700
232829,765,758,0.002715794602806082,eligible_<1700
232831,358,348,0.001246829184401737,eligible_<1700
239826,512,511,0.001830832509279562,eligible_<1700
239877,120,118,0.0004227754131017384,eligible_<1700
240014,355,353,0.0012647433968213022,eligible_<1700
240225,1546,1539,0.005513994582742164,eligible_<1700
240463,344,340,0.0012181664445304326,eligible_<1700
240464,350,348,0.001246829184401737,eligible_<1700
240529,496,492,0.0017627585020852142,eligible_<1700
240567,2260,2259,0.00809364117115955,borderline_1700-2500
240744,559,554,0.0019848947360878227,eligible_<1700
240759,283,283,0.0010139444229473895,eligible_<1700
240892,554,548,0.0019633976811843446,eligible_<1700
240905,208,156,0.0005589234274904338,eligible_<1700
241203,122,121,0.0004335239405534775,eligible_<1700
241491,1517,1503,0.005385012253321295,eligible_<1700
241853,149,148,0.0005302606876191296,eligible_<1700
242149,497,497,0.0017806727145047794,eligible_<1700
242569,569,568,0.0020350545308626053,eligible_<1700
245476,7689,7659,0.02744099058428995,exclude_>2500
247394,135,132,0.0004729352078765209,eligible_<1700
247733,402,399,0.001429554151081302,eligible_<1700
247935,347,347,0.0012432463419178238,eligible_<1700
247963,145,144,0.0005159293176834773,eligible_<1700
247980,601,599,0.002146122647863909,eligible_<1700
248065,2553,2522,0.00903592874442868,exclude_>2500
248188,175,165,0.0005911690098456511,eligible_<1700
248878,214,210,0.0007523969216217378,eligible_<1700
249095,195,191,0.0006843229144273902,eligible_<1700
249259,10594,10582,0.03791363916476776,exclude_>2500
249275,198,197,0.0007058199693308683,eligible_<1700
249289,141,141,0.0005051807902317383,eligible_<1700
249421,278,254,0.0009100419909139115,eligible_<1700
249582,263,224,0.0008025567163965203,eligible_<1700
249673,995,991,0.0035505969015578198,eligible_<1700
254683,1280,1257,0.004503633002278688,eligible_<1700
254695,146,146,0.0005230950026513034,eligible_<1700
254923,204,202,0.0007237341817504336,eligible_<1700
254976,488,487,0.001744844289665649,eligible_<1700
254994,750,750,0.002687131862934778,eligible_<1700
255013,243,238,0.0008527165111713029,eligible_<1700
255037,1112,1106,0.003962623787207819,eligible_<1700
255042,115,115,0.00041202688564999926,eligible_<1700
255165,136,135,0.00048368373532826003,eligible_<1700
255175,469,465,0.0016660217550195622,eligible_<1700
255255,111,107,0.00038336414577869497,eligible_<1700
255332,303,301,0.0010784355876578243,eligible_<1700
255393,453,382,0.0013686458288547803,eligible_<1700
255618,506,506,0.0018129182968599968,eligible_<1700
255653,372,370,0.0013256517190478238,eligible_<1700
255658,415,408,0.0014617997334365192,eligible_<1700
258242,552,550,0.0019705633661521705,eligible_<1700
258244,2523,2513,0.009003683162073462,exclude_>2500
258302,105,105,0.0003761984608108689,eligible_<1700
258308,1822,1814,0.006499276265818249,borderline_1700-2500
258665,337,335,0.0012002522321108674,eligible_<1700
259066,505,491,0.0017591756596013013,eligible_<1700
259345,314,308,0.0011035154850452154,eligible_<1700
259394,207,184,0.0006592430170399989,eligible_<1700
259537,395,388,0.0013901428837582584,eligible_<1700
259571,334,333,0.0011930865471430415,eligible_<1700
260307,107,106,0.00037978130329478196,eligible_<1700
260322,121,118,0.0004227754131017384,eligible_<1700
260329,165,162,0.000580420482393912,eligible_<1700
260335,175,174,0.0006234145922008685,eligible_<1700
260410,580,566,0.002027888845894779,eligible_<1700
260605,14249,14217,0.050937271593791654,exclude_>2500
260644,149,147,0.0005266778451352165,eligible_<1700
260785,226,219,0.0007846425039769551,eligible_<1700
260789,1011,997,0.0035720939564612983,eligible_<1700
260934,192,190,0.0006807400719434771,eligible_<1700
261307,103,102,0.0003654499333591298,eligible_<1700
261342,610,609,0.00218195107270304,eligible_<1700
261370,104,104,0.00037261561832695585,eligible_<1700
261403,830,826,0.0029594278917121687,eligible_<1700
269403,133,132,0.0004729352078765209,eligible_<1700
269418,352,352,0.001261160554337389,eligible_<1700
269456,187,143,0.0005123464751995643,eligible_<1700
269489,328,314,0.0011250125399486937,eligible_<1700
269564,118,118,0.0004227754131017384,eligible_<1700
269603,3148,3128,0.01120713128967998,exclude_>2500
269618,876,867,0.0031063244335526033,eligible_<1700
269752,2015,2011,0.007205096235149118,borderline_1700-2500
269917,373,369,0.0013220688765639107,eligible_<1700
270140,119,119,0.00042635825558565144,eligible_<1700
270168,962,960,0.003439528784556516,eligible_<1700
270233,602,602,0.0021568711753156486,eligible_<1700
270237,103,102,0.0003654499333591298,eligible_<1700
270239,3102,3084,0.011049486220387808,exclude_>2500
270293,1038,1034,0.0037046591283660807,eligible_<1700
270445,353,351,0.001257577711853476,eligible_<1700
270538,923,923,0.003306963612651733,eligible_<1700
270637,250,250,0.0008957106209782593,eligible_<1700
270685,102,101,0.0003618670908752168,eligible_<1700
270836,2390,2388,0.008555827851584333,borderline_1700-2500
270844,7532,7524,0.026957306848961693,exclude_>2500
270871,650,648,0.002321681929575648,eligible_<1700
270971,4079,4072,0.014589334594493887,exclude_>2500
270972,365,362,0.0012969889791765194,eligible_<1700
271036,148,146,0.0005230950026513034,eligible_<1700
271040,111,111,0.00039769551571434714,eligible_<1700
271060,1054,1050,0.003761984608108689,eligible_<1700
271264,429,425,0.0015227080556630408,eligible_<1700
276386,580,557,0.0019956432635395618,eligible_<1700
276633,392,392,0.0014044742536939107,eligible_<1700
276779,589,585,0.002095962853089127,eligible_<1700
276817,104,101,0.0003618670908752168,eligible_<1700
276832,100,99,0.00035470140590739067,eligible_<1700
275061,180,180,0.0006449116471043467,eligible_<1700
275626,114,114,0.00040844404316608626,eligible_<1700
275777,129,122,0.00043710678303739056,eligible_<1700
275785,286,282,0.0010103615804634765,eligible_<1700
275800,197,197,0.0007058199693308683,eligible_<1700
275870,1101,1094,0.003919629677400863,eligible_<1700
275969,768,767,0.0027480401851612997,eligible_<1700
275972,193,191,0.0006843229144273902,eligible_<1700
275996,449,448,0.0016051134327930406,eligible_<1700
276025,17009,17005,0.0609262364389412,exclude_>2500
276042,3425,3420,0.012253321294982588,exclude_>2500
276107,143,142,0.0005087636327156513,eligible_<1700
276182,3231,3224,0.011551084168135632,exclude_>2500
276205,136,136,0.0004872665778121731,eligible_<1700
284600,124,123,0.00044068962552130356,eligible_<1700
284616,788,785,0.002812531349871734,eligible_<1700
284751,163,160,0.0005732547974260859,eligible_<1700
284760,4456,4374,0.015671353024635626,exclude_>2500
284775,1121,1112,0.003984120842111297,eligible_<1700
284777,2488,2450,0.008777964085586941,borderline_1700-2500
285047,265,262,0.0009387047307852157,eligible_<1700
285157,674,667,0.0023897559367699957,eligible_<1700
291508,3723,3713,0.013303094142769107,exclude_>2500
291845,3898,3891,0.013940840104905627,exclude_>2500
292031,503,496,0.0017770898720208665,eligible_<1700
292033,449,442,0.0015836163778895625,eligible_<1700
292126,1475,1473,0.005277526978803904,eligible_<1700
292487,130,129,0.0004621866804247818,eligible_<1700
292506,218,218,0.0007810596614930422,eligible_<1700
292507,135,133,0.00047651805036043397,eligible_<1700
292509,122,121,0.0004335239405534775,eligible_<1700
293141,5420,5395,0.019329435200710836,exclude_>2500
293207,1257,1248,0.00447138741992347,eligible_<1700
293296,5121,5106,0.018293993722859968,exclude_>2500
293547,335,332,0.0011895037046591283,eligible_<1700
298281,893,886,0.003174398440746951,eligible_<1700
298282,771,761,0.002726543130257821,eligible_<1700
298352,410,401,0.0014367198360491279,eligible_<1700
298378,664,662,0.0023718417243504307,eligible_<1700
298635,1212,1206,0.004320908035599123,eligible_<1700
299047,3380,3314,0.011873539991687805,exclude_>2500
299106,486,483,0.001730512919729997,eligible_<1700
299122,157,156,0.0005589234274904338,eligible_<1700
305980,132,132,0.0004729352078765209,eligible_<1700
306040,4103,4101,0.014693237026527365,exclude_>2500
306202,166,166,0.0005947518523295642,eligible_<1700
306637,347,336,0.0012038350745947805,eligible_<1700
306650,110,110,0.0003941126732304341,eligible_<1700
306709,2434,2410,0.00863465038623042,borderline_1700-2500
306881,3334,3330,0.011930865471430414,exclude_>2500
307656,483,483,0.001730512919729997,eligible_<1700
307832,509,507,0.00181650113934391,eligible_<1700
307997,365,363,0.0013005718216604326,eligible_<1700
308119,2592,2583,0.009254482135947375,exclude_>2500
308329,271,266,0.0009530361007208679,eligible_<1700
308529,219,218,0.0007810596614930422,eligible_<1700
308621,644,634,0.0022715221348008656,eligible_<1700
308755,219,217,0.0007774768190091291,eligible_<1700
308989,2077,2060,0.007380655516860857,borderline_1700-2500
309000,413,413,0.0014797139458560843,eligible_<1700
309081,121,97,0.0003475357209395646,eligible_<1700
309142,156,151,0.0005410092150708686,eligible_<1700
309207,252,251,0.0008992934634621723,eligible_<1700
316624,2420,2412,0.008641816071198245,borderline_1700-2500
314580,1010,1008,0.0036115052237843414,eligible_<1700
314589,572,569,0.002038637373346518,eligible_<1700
314672,150,137,0.0004908494202960861,eligible_<1700
314745,1182,1181,0.004231336973501297,eligible_<1700
315060,1163,1140,0.004084440431660862,eligible_<1700
315138,272,270,0.0009673674706565201,eligible_<1700
315610,3161,3136,0.011235794029551285,exclude_>2500
316085,233,231,0.0008276366137839116,eligible_<1700
316113,127,126,0.0004514381529730427,eligible_<1700
316287,1022,1017,0.003643750806139559,eligible_<1700
316322,117,115,0.00041202688564999926,eligible_<1700
316407,226,225,0.0008061395588804333,eligible_<1700
328871,18276,18276,0.06548002923599466,exclude_>2500
329086,208,207,0.0007416483941699987,eligible_<1700
329106,159,153,0.0005481749000386947,eligible_<1700
329204,170,166,0.0005947518523295642,eligible_<1700
329226,933,931,0.0033356263525230376,eligible_<1700
329293,148,146,0.0005230950026513034,eligible_<1700
329450,1917,1913,0.00685397767172564,borderline_1700-2500
329529,161,161,0.000576837639909999,eligible_<1700
329563,271,267,0.000956618943204781,eligible_<1700
329607,190,190,0.0006807400719434771,eligible_<1700
329714,661,657,0.0023539275119308653,eligible_<1700
333516,374,372,0.00133281740401565,eligible_<1700
333553,818,818,0.0029307651518408646,eligible_<1700
334011,1392,1378,0.0049371569428321655,eligible_<1700
334100,185,141,0.0005051807902317383,eligible_<1700
334646,471,471,0.0016875188099230406,eligible_<1700
334712,128,128,0.0004586038379408688,eligible_<1700
334829,614,612,0.002192699600154779,eligible_<1700
335131,188,187,0.0006699915444917379,eligible_<1700
335271,346,344,0.0012324978144660848,eligible_<1700
335609,3172,3164,0.01133611361910085,exclude_>2500
335869,1211,1198,0.004292245295727818,eligible_<1700
336131,742,734,0.002629806383192169,eligible_<1700
336382,3868,3843,0.013768863665677802,exclude_>2500
336552,348,348,0.001246829184401737,eligible_<1700
336622,330,322,0.001153675279819998,eligible_<1700
336811,105,100,0.00035828424839130373,eligible_<1700
344697,402,395,0.0014152227811456497,eligible_<1700
344839,1245,1242,0.004449890365019992,eligible_<1700
344925,421,418,0.0014976281582756495,eligible_<1700
345056,184,181,0.0006484944895882597,eligible_<1700
345122,348,347,0.0012432463419178238,eligible_<1700
345435,172,170,0.0006090832222652163,eligible_<1700
345594,148,137,0.0004908494202960861,eligible_<1700
345863,120,119,0.00042635825558565144,eligible_<1700
345887,293,289,0.0010354414778508678,eligible_<1700
345894,166,165,0.0005911690098456511,eligible_<1700
346101,123,122,0.00043710678303739056,eligible_<1700
346248,104,104,0.00037261561832695585,eligible_<1700
346296,246,240,0.000859882196139129,eligible_<1700
346501,4494,4490,0.016086962752769537,exclude_>2500
358858,271,269,0.000963784628172607,eligible_<1700
358981,1157,1150,0.004120268856499993,eligible_<1700
359065,249,245,0.0008777964085586942,eligible_<1700
359237,190,189,0.000677157229459564,eligible_<1700
359394,1300,1298,0.004650529544119123,eligible_<1700
359402,2150,2146,0.007688779970477378,borderline_1700-2500
359406,621,621,0.002224945182509996,eligible_<1700
359835,141,139,0.0004980151052639122,eligible_<1700
359857,517,510,0.001827249666795649,eligible_<1700
359878,1124,1122,0.004019949266950428,eligible_<1700
359892,212,209,0.0007488140791378248,eligible_<1700
368340,235,224,0.0008025567163965203,eligible_<1700
368352,338,336,0.0012038350745947805,eligible_<1700
368519,157,157,0.0005625062699743469,eligible_<1700
368557,142,140,0.0005015979477478252,eligible_<1700
368899,196,196,0.0007022371268469553,eligible_<1700
368956,296,295,0.001056938532754346,eligible_<1700
368975,347,345,0.001236080656949998,eligible_<1700
369258,353,353,0.0012647433968213022,eligible_<1700
369548,2298,2292,0.008211874973128681,borderline_1700-2500
369634,672,670,0.0024005044642217348,eligible_<1700
369635,334,333,0.0011930865471430415,eligible_<1700
369751,680,678,0.002429167204093039,eligible_<1700
369862,111,111,0.00039769551571434714,eligible_<1700
369880,4974,4968,0.01779956146007997,exclude_>2500
370230,103,102,0.0003654499333591298,eligible_<1700
370444,279,279,0.0009996130530117375,eligible_<1700
370581,1050,1046,0.003747653238173037,eligible_<1700
370591,7302,7279,0.026079510440403,exclude_>2500
370621,665,652,0.0023360132995113004,eligible_<1700
370649,144,142,0.0005087636327156513,eligible_<1700
370984,227,226,0.0008097224013643464,eligible_<1700
371118,167,165,0.0005911690098456511,eligible_<1700
371356,232,229,0.0008204709288160856,eligible_<1700
371482,161,161,0.000576837639909999,eligible_<1700
371688,655,655,0.0023467618269630394,eligible_<1700
371873,513,512,0.0018344153517634752,eligible_<1700
371932,809,806,0.002887771042033908,eligible_<1700
371972,1568,1564,0.00560356564483999,eligible_<1700
372649,374,373,0.001336400246499563,eligible_<1700
373105,245,244,0.0008742135660747811,eligible_<1700
373435,159,157,0.0005625062699743469,eligible_<1700
373828,274,269,0.000963784628172607,eligible_<1700
374026,105,105,0.0003761984608108689,eligible_<1700
374114,104,103,0.00036903277584304285,eligible_<1700
374173,7891,7872,0.028204136033363428,exclude_>2500
385761,9028,9008,0.03227424509508864,exclude_>2500
385999,727,721,0.0025832294309012997,eligible_<1700
386135,280,275,0.0009852816830760852,eligible_<1700
386136,162,162,0.000580420482393912,eligible_<1700
386270,127,127,0.00045502099545695573,eligible_<1700
386366,916,914,0.003274718030296516,eligible_<1700
386405,584,583,0.0020887971681213006,eligible_<1700
386425,193,191,0.0006843229144273902,eligible_<1700
386761,187,187,0.0006699915444917379,eligible_<1700
386937,1454,1450,0.005195121601673904,eligible_<1700
386989,278,272,0.0009745331556243462,eligible_<1700
387219,177,176,0.0006305802771686945,eligible_<1700
387276,196,192,0.0006879057569113031,eligible_<1700
387378,3518,3514,0.012590108488470413,exclude_>2500
387514,1392,1391,0.0049837338951230345,eligible_<1700
387763,332,331,0.0011859208621752154,eligible_<1700
387769,395,392,0.0014044742536939107,eligible_<1700
390151,171,168,0.0006019175372973903,eligible_<1700
390163,355,352,0.001261160554337389,eligible_<1700
390606,195,194,0.0006950714418791292,eligible_<1700
391045,299,299,0.0010712699026899982,eligible_<1700
391625,102,102,0.0003654499333591298,eligible_<1700
392448,111,111,0.00039769551571434714,eligible_<1700
392473,201,201,0.0007201513392665205,eligible_<1700
393306,119,118,0.0004227754131017384,eligible_<1700
393352,389,388,0.0013901428837582584,eligible_<1700
3,16336,16286,0.058350172693007726,exclude_>2500
11,47031,46819,0.16774510225432449,exclude_>2500
218,287,278,0.0009960302105278243,eligible_<1700
229,1317,1310,0.004693523653926079,eligible_<1700
231,248,225,0.0008061395588804333,eligible_<1700
240,4158,4056,0.01453200911475128,exclude_>2500
243,3425,3080,0.011035154850452155,exclude_>2500
247,1128,1120,0.004012783581982602,eligible_<1700
252,168,129,0.0004621866804247818,eligible_<1700
267,706,705,0.0025259039511586912,eligible_<1700
268,299,299,0.0010712699026899982,eligible_<1700
271,454,451,0.0016158619602447799,eligible_<1700
553,4428,4321,0.015481462372988234,exclude_>2500
554,5258,5247,0.018799174513091706,exclude_>2500
555,15493,15472,0.05543373891110251,exclude_>2500
557,151,150,0.0005374263725869556,eligible_<1700
566,426,425,0.0015227080556630408,eligible_<1700
574,317,316,0.0011321782249165198,eligible_<1700
577,237,234,0.0008383851412356508,eligible_<1700
590,8370,8149,0.02919658340140734,exclude_>2500
594,3017,2999,0.0107449446092552,exclude_>2500
605,168,168,0.0006019175372973903,eligible_<1700
608,321,317,0.0011357610674004328,eligible_<1700
614,876,854,0.003059747481261734,eligible_<1700
638,3408,3379,0.012106424753142152,exclude_>2500
644,419,408,0.0014617997334365192,eligible_<1700
645,372,362,0.0012969889791765194,eligible_<1700
647,107,105,0.0003761984608108689,eligible_<1700
653,114,112,0.00040127835819826015,eligible_<1700
669,682,666,0.002386173094286083,eligible_<1700
680,353,343,0.0012289149719821718,eligible_<1700
1066,141,137,0.0004908494202960861,eligible_<1700
1072,319,319,0.001142926752368259,eligible_<1700
1073,305,299,0.0010712699026899982,eligible_<1700
1099,946,923,0.003306963612651733,eligible_<1700
1101,371,366,0.0013113203491121716,eligible_<1700
1111,12991,12760,0.045717070094730354,exclude_>2500
1125,943,938,0.003360706249910429,eligible_<1700
1189,102,88,0.00031529013858434726,eligible_<1700
1205,309,306,0.0010963498000773895,eligible_<1700
1210,382,368,0.0013184860340799977,eligible_<1700
1211,232,229,0.0008204709288160856,eligible_<1700
1218,863,851,0.0030489989538099948,eligible_<1700
1219,14195,13969,0.05004872665778122,exclude_>2500
1225,154,151,0.0005410092150708686,eligible_<1700
1234,8874,8763,0.031396448686529944,exclude_>2500
1250,432,420,0.0015047938432434756,eligible_<1700
1251,359,347,0.0012432463419178238,eligible_<1700
1256,147,142,0.0005087636327156513,eligible_<1700
1859,479,466,0.0016696045975034754,eligible_<1700
1860,1065,1038,0.0037189904983017325,eligible_<1700
1866,215,213,0.000763145449073477,eligible_<1700
1877,407,401,0.0014367198360491279,eligible_<1700
1891,261,259,0.0009279562033334766,eligible_<1700
1897,5240,5201,0.018634363758831707,exclude_>2500
2238,1760,1402,0.005023145162446078,borderline_1700-2500
2240,439,431,0.0015442051105665191,eligible_<1700
2250,885,728,0.002608309328288691,eligible_<1700
2259,1007,777,0.00278386861000043,eligible_<1700
2280,146,145,0.0005195121601673904,eligible_<1700
2316,538,535,0.001916820728893475,eligible_<1700
2335,158,156,0.0005589234274904338,eligible_<1700
2338,4459,4431,0.015875575046218667,exclude_>2500
2339,547,541,0.001938317783796953,eligible_<1700
2343,189,176,0.0006305802771686945,eligible_<1700
2348,233,229,0.0008204709288160856,eligible_<1700
2350,428,418,0.0014976281582756495,eligible_<1700
2356,144,133,0.00047651805036043397,eligible_<1700
2364,129,129,0.0004621866804247818,eligible_<1700
2379,1778,1736,0.006219814552073033,borderline_1700-2500
2381,10555,10328,0.03700359717385385,exclude_>2500
2406,123,115,0.00041202688564999926,eligible_<1700
2412,234,231,0.0008276366137839116,eligible_<1700
2422,325,264,0.0009458704157530418,eligible_<1700
2428,359,320,0.0011465095948521718,eligible_<1700
3100,113,111,0.00039769551571434714,eligible_<1700
3110,185,175,0.0006269974346847816,eligible_<1700
3119,411,410,0.0014689654184043453,eligible_<1700
3141,1604,1598,0.005725382289293033,eligible_<1700
3162,127,110,0.0003941126732304341,eligible_<1700
3190,1012,994,0.003561345429009559,eligible_<1700
3218,713,548,0.0019633976811843446,eligible_<1700
3226,221,185,0.0006628258595239119,eligible_<1700
3246,140,111,0.00039769551571434714,eligible_<1700
3265,108,104,0.00037261561832695585,eligible_<1700
3267,1436,1435,0.0051413789644152086,eligible_<1700
3271,139,123,0.00044068962552130356,eligible_<1700
3305,156,156,0.0005589234274904338,eligible_<1700
4425,429,416,0.0014904624733078234,eligible_<1700
4427,216,207,0.0007416483941699987,eligible_<1700
4436,123,94,0.0003367871934878255,eligible_<1700
4445,111,111,0.00039769551571434714,eligible_<1700
4470,169,160,0.0005732547974260859,eligible_<1700
4477,122,121,0.0004335239405534775,eligible_<1700
4492,1432,1381,0.0049479054702839045,eligible_<1700
4502,101,100,0.00035828424839130373,eligible_<1700
4516,129,113,0.0004048612006821732,eligible_<1700
5788,112,106,0.00037978130329478196,eligible_<1700
5795,1084,1082,0.003876635567593906,eligible_<1700
5811,208,203,0.0007273170242343465,eligible_<1700
5825,1195,1193,0.004274331083308254,eligible_<1700
5856,269,262,0.0009387047307852157,eligible_<1700
5886,111,110,0.0003941126732304341,eligible_<1700
5895,2990,2911,0.010429654470670851,exclude_>2500
5939,190,129,0.0004621866804247818,eligible_<1700
5953,198,198,0.0007094028118147813,eligible_<1700
5996,169,122,0.00043710678303739056,eligible_<1700
6045,135,115,0.00041202688564999926,eligible_<1700
6050,1665,1642,0.005883027358585207,eligible_<1700
6205,1231,1186,0.004249251185920862,eligible_<1700
6226,228,190,0.0006807400719434771,eligible_<1700
6240,179,143,0.0005123464751995643,eligible_<1700
6250,251,243,0.0008706307235908681,eligible_<1700
6282,172,131,0.00046935236539260786,eligible_<1700
6351,2795,2772,0.00993163936540694,exclude_>2500
6363,113,108,0.000386946988262608,eligible_<1700
6368,345,337,0.0012074179170786935,eligible_<1700
6387,214,202,0.0007237341817504336,eligible_<1700
6406,112,91,0.0003260386660360864,eligible_<1700
6411,4036,4001,0.014334952778136062,exclude_>2500
6420,646,623,0.002232110867477822,eligible_<1700
8569,731,716,0.0025653152184817347,eligible_<1700
8571,107,81,0.000290210241196956,eligible_<1700
8626,107,92,0.00032962150851999943,eligible_<1700
8633,616,586,0.0020995456955730397,eligible_<1700
8690,703,694,0.0024864926838356477,eligible_<1700
8707,124,123,0.00044068962552130356,eligible_<1700
8742,100,72,0.00025796465884173866,eligible_<1700
8798,208,166,0.0005947518523295642,eligible_<1700
8804,777,755,0.002705046075354343,eligible_<1700
8812,147,120,0.0004299410980695645,eligible_<1700
8818,172,170,0.0006090832222652163,eligible_<1700
8843,120,94,0.0003367871934878255,eligible_<1700
8887,190,137,0.0004908494202960861,eligible_<1700
8916,224,216,0.000773893976525216,eligible_<1700
8935,618,612,0.002192699600154779,eligible_<1700
9217,16030,16004,0.05733981111254425,exclude_>2500
9220,32989,32778,0.11743841093770153,exclude_>2500
9237,109,80,0.00028662739871304296,eligible_<1700
9284,171,170,0.0006090832222652163,eligible_<1700
9297,448,445,0.0015943649053413015,eligible_<1700
9346,243,241,0.0008634650386230419,eligible_<1700
9439,505,502,0.0017985869269243446,eligible_<1700
9441,2755,2739,0.00981340556343781,exclude_>2500
9509,129,128,0.0004586038379408688,eligible_<1700
9539,196,195,0.0006986542843630423,eligible_<1700
9583,105,98,0.00035111856342347767,eligible_<1700
9617,439,433,0.001551370795534345,eligible_<1700
15020,141,140,0.0005015979477478252,eligible_<1700
15031,107,106,0.00037978130329478196,eligible_<1700
15110,318,317,0.0011357610674004328,eligible_<1700
15111,288,280,0.0010031958954956504,eligible_<1700
15139,161,161,0.000576837639909999,eligible_<1700
15157,1353,1349,0.004833254510798688,eligible_<1700
15196,113,112,0.00040127835819826015,eligible_<1700
15209,360,353,0.0012647433968213022,eligible_<1700
15268,103,99,0.00035470140590739067,eligible_<1700
15363,8892,8824,0.03161500207804864,exclude_>2500
15386,163,160,0.0005732547974260859,eligible_<1700
15435,135,126,0.0004514381529730427,eligible_<1700
16805,173,139,0.0004980151052639122,eligible_<1700
16933,2796,2730,0.009781159981082591,exclude_>2500
16991,2731,2693,0.00964859480917781,exclude_>2500
18243,866,862,0.0030884102211330383,eligible_<1700
18481,172,170,0.0006090832222652163,eligible_<1700
18498,108,103,0.00036903277584304285,eligible_<1700
18500,883,880,0.0031529013858434727,eligible_<1700
18579,109,108,0.000386946988262608,eligible_<1700
18794,226,222,0.0007953910314286943,eligible_<1700
18833,6420,6404,0.02294452326697909,exclude_>2500
18835,158,158,0.0005660891124582599,eligible_<1700
18891,130,127,0.00045502099545695573,eligible_<1700
18931,799,798,0.002859108302162604,eligible_<1700
18932,715,712,0.0025509838485460825,eligible_<1700
18946,1459,1444,0.005173624546770426,eligible_<1700
18963,517,507,0.00181650113934391,eligible_<1700
18985,874,855,0.003063330323745647,eligible_<1700
19028,184,180,0.0006449116471043467,eligible_<1700
19048,252,251,0.0008992934634621723,eligible_<1700
19100,4202,4195,0.015030024220015191,exclude_>2500
19115,178,175,0.0006269974346847816,eligible_<1700
19184,734,733,0.0026262235407082564,eligible_<1700
21947,221,199,0.0007129856542986944,eligible_<1700
21955,838,826,0.0029594278917121687,eligible_<1700
21985,585,579,0.0020744657981856484,eligible_<1700
24565,1184,1181,0.004231336973501297,eligible_<1700
24627,414,398,0.0014259713085973888,eligible_<1700
24658,206,202,0.0007237341817504336,eligible_<1700
24693,105,88,0.00031529013858434726,eligible_<1700
24762,1718,1716,0.006148157702394772,borderline_1700-2500
24770,999,995,0.003564928271493472,eligible_<1700
24827,3524,3518,0.012604439858406065,exclude_>2500
24878,510,486,0.0017412614471817361,eligible_<1700
24920,641,600,0.0021497054903478223,eligible_<1700
24935,1247,1218,0.00436390214540608,eligible_<1700
24985,500,482,0.0017269300772460839,eligible_<1700
24996,181,180,0.0006449116471043467,eligible_<1700
25008,317,313,0.0011214296974647806,eligible_<1700
25071,5290,5161,0.018491050059475184,exclude_>2500
25144,141,140,0.0005015979477478252,eligible_<1700
25204,125,123,0.00044068962552130356,eligible_<1700
27710,6605,6556,0.023489115324533873,exclude_>2500
27766,515,511,0.001830832509279562,eligible_<1700
27800,399,398,0.0014259713085973888,eligible_<1700
27823,606,601,0.0021532883328317354,eligible_<1700
27884,144,131,0.00046935236539260786,eligible_<1700
27938,330,323,0.0011572581223039111,eligible_<1700
27948,284,281,0.0010067787379795634,eligible_<1700
27961,493,473,0.0016946844948908667,eligible_<1700
28805,403,392,0.0014044742536939107,eligible_<1700
28843,184,180,0.0006449116471043467,eligible_<1700
28905,222,220,0.0007882253464608682,eligible_<1700
28907,336,280,0.0010031958954956504,eligible_<1700
29055,128,121,0.0004335239405534775,eligible_<1700
29109,1456,1436,0.005144961806899121,eligible_<1700
29142,105,103,0.00036903277584304285,eligible_<1700
29294,2007,1987,0.007119108015535205,borderline_1700-2500
29352,190,189,0.000677157229459564,eligible_<1700
29379,149,130,0.00046576952290869485,eligible_<1700
29382,164,125,0.0004478553104891297,eligible_<1700
29582,198,197,0.0007058199693308683,eligible_<1700
29972,1817,1815,0.006502859108302163,borderline_1700-2500
30356,759,758,0.002715794602806082,eligible_<1700
31479,1452,1449,0.005191538759189991,eligible_<1700
33156,144,144,0.0005159293176834773,eligible_<1700
33159,394,393,0.0014080570961778236,eligible_<1700
33160,9531,9526,0.03413015750175559,exclude_>2500
33172,365,363,0.0013005718216604326,eligible_<1700
33468,1632,1579,0.005657308282098686,eligible_<1700
33599,111,110,0.0003941126732304341,eligible_<1700
33604,6237,6201,0.022217206242744744,exclude_>2500
33785,132,104,0.00037261561832695585,eligible_<1700
33924,250,226,0.0008097224013643464,eligible_<1700
34001,301,301,0.0010784355876578243,eligible_<1700
34152,224,212,0.0007595626065895639,eligible_<1700
34194,2521,2519,0.00902518021697694,exclude_>2500
34219,17799,17788,0.06373160210384511,exclude_>2500
34221,141,139,0.0004980151052639122,eligible_<1700
34284,227,225,0.0008061395588804333,eligible_<1700
34297,3251,3249,0.011640655230233459,exclude_>2500
36314,188,156,0.0005589234274904338,eligible_<1700
36325,302,287,0.0010282757928830417,eligible_<1700
36480,277,262,0.0009387047307852157,eligible_<1700
36560,105,104,0.00037261561832695585,eligible_<1700
36648,2147,2136,0.007652951545638248,borderline_1700-2500
36661,146,146,0.0005230950026513034,eligible_<1700
36690,195,189,0.000677157229459564,eligible_<1700
36708,918,913,0.003271135187812603,eligible_<1700
36739,1251,1239,0.004439141837568253,eligible_<1700
36745,548,546,0.0019562319962165182,eligible_<1700
36788,103,103,0.00036903277584304285,eligible_<1700
36887,403,395,0.0014152227811456497,eligible_<1700
36946,7975,7928,0.028404775212462558,exclude_>2500
38062,222,222,0.0007953910314286943,eligible_<1700
38187,225,212,0.0007595626065895639,eligible_<1700
38194,2089,2078,0.007445146681571291,borderline_1700-2500
38309,731,730,0.0026154750132565173,eligible_<1700
38386,3081,3078,0.011027989165484328,exclude_>2500
38387,420,420,0.0015047938432434756,eligible_<1700
38430,386,383,0.0013722286713386933,eligible_<1700
38657,1222,1219,0.0043674849878899925,eligible_<1700
38703,278,277,0.0009924473680439114,eligible_<1700
38765,1754,1753,0.0062807228742995545,borderline_1700-2500
38786,495,461,0.0016516903850839102,eligible_<1700
38805,204,183,0.0006556601745560858,eligible_<1700
41291,400,398,0.0014259713085973888,eligible_<1700
41302,1708,1693,0.006065752325264772,borderline_1700-2500
41429,663,632,0.0022643564498330397,eligible_<1700
41612,274,259,0.0009279562033334766,eligible_<1700
41646,136,135,0.00048368373532826003,eligible_<1700
41749,1071,1071,0.003837224300270863,eligible_<1700
41757,144,144,0.0005159293176834773,eligible_<1700
41762,681,673,0.0024112529916734743,eligible_<1700
41763,151,150,0.0005374263725869556,eligible_<1700
41837,114,100,0.00035828424839130373,eligible_<1700
41875,279,279,0.0009996130530117375,eligible_<1700
41898,111,111,0.00039769551571434714,eligible_<1700
42006,131,128,0.0004586038379408688,eligible_<1700
42244,1103,1101,0.003944709574788254,eligible_<1700
42306,360,353,0.0012647433968213022,eligible_<1700
42328,347,327,0.0011715894922395631,eligible_<1700
42360,152,151,0.0005410092150708686,eligible_<1700
42396,116,114,0.00040844404316608626,eligible_<1700
42444,713,706,0.0025294867936426044,eligible_<1700
42448,890,876,0.0031385700159078204,eligible_<1700
42487,4687,4679,0.0167641199822291,exclude_>2500
42490,750,748,0.0026799661779669517,eligible_<1700
42644,107,106,0.00037978130329478196,eligible_<1700
42713,277,271,0.0009709503131404331,eligible_<1700
54221,155,148,0.0005302606876191296,eligible_<1700
54559,101,100,0.00035828424839130373,eligible_<1700
54625,6780,6670,0.02389755936769996,exclude_>2500
55031,117,116,0.0004156097281339123,eligible_<1700
55165,521,519,0.0018594952491508662,eligible_<1700
55492,269,268,0.000960201785688694,eligible_<1700
55601,961,959,0.003435945942072603,eligible_<1700
55670,7511,7508,0.026899981369219082,exclude_>2500
64675,471,471,0.0016875188099230406,eligible_<1700
64875,215,209,0.0007488140791378248,eligible_<1700
64955,125,125,0.0004478553104891297,eligible_<1700
68943,135,135,0.00048368373532826003,eligible_<1700
69136,219,192,0.0006879057569113031,eligible_<1700
69175,103,103,0.00036903277584304285,eligible_<1700
69356,217,216,0.000773893976525216,eligible_<1700
70097,188,186,0.000666408702007825,eligible_<1700
71882,1688,1667,0.0059725984206830335,eligible_<1700
71973,806,805,0.002884188199549995,eligible_<1700
72132,534,531,0.0019024893589578227,eligible_<1700
72225,3909,3907,0.013998165584648236,exclude_>2500
84772,786,785,0.002812531349871734,eligible_<1700
85000,268,256,0.0009172076758817376,eligible_<1700
85036,1812,1810,0.006484944895882598,borderline_1700-2500
85105,677,677,0.002425584361609126,eligible_<1700
85108,375,333,0.0011930865471430415,eligible_<1700
95234,1957,1921,0.006882640411596945,borderline_1700-2500
95364,154,152,0.0005445920575547817,eligible_<1700
95527,4532,4530,0.016230276452126057,exclude_>2500
95893,299,295,0.001056938532754346,eligible_<1700
96026,291,287,0.0010282757928830417,eligible_<1700
96672,131,131,0.00046935236539260786,eligible_<1700
96704,696,696,0.002493658368803474,eligible_<1700
100172,149,149,0.0005338435301030425,eligible_<1700
100734,759,757,0.0027122117603221693,eligible_<1700
104234,256,247,0.0008849620935265202,eligible_<1700
104347,4597,4591,0.016448829843644753,exclude_>2500
104363,4452,4441,0.015911403471057798,exclude_>2500
104376,198,197,0.0007058199693308683,eligible_<1700
104498,151,151,0.0005410092150708686,eligible_<1700
104575,454,453,0.001623027645212606,eligible_<1700
104633,233,232,0.0008312194562678246,eligible_<1700
104640,193,193,0.0006914885993952162,eligible_<1700
104736,111,111,0.00039769551571434714,eligible_<1700
104805,487,482,0.0017269300772460839,eligible_<1700
104994,991,990,0.003547014059073907,eligible_<1700
105023,268,242,0.000867047881106955,eligible_<1700
105134,8254,8217,0.029440216690313426,exclude_>2500
105187,712,711,0.0025474010060621693,eligible_<1700
105551,8197,8188,0.029336314258279948,exclude_>2500
105624,821,817,0.0029271823093569515,eligible_<1700
106217,4563,4560,0.01633776172664345,exclude_>2500
106631,187,185,0.0006628258595239119,eligible_<1700
106753,988,978,0.0035040199492669503,eligible_<1700
107190,787,783,0.002805365664903908,eligible_<1700
111299,123,122,0.00043710678303739056,eligible_<1700
120268,171,169,0.0006055003797813033,eligible_<1700
120305,313,313,0.0011214296974647806,eligible_<1700
120316,201,199,0.0007129856542986944,eligible_<1700
120515,937,921,0.0032997979276839073,eligible_<1700
120781,135,135,0.00048368373532826003,eligible_<1700
120886,126,126,0.0004514381529730427,eligible_<1700
121408,8471,8464,0.030325178783839946,exclude_>2500
121615,593,592,0.0021210427504765182,eligible_<1700
121764,456,456,0.001633776172664345,eligible_<1700
124742,28863,28863,0.103411582613182,exclude_>2500
124847,1202,1198,0.004292245295727818,eligible_<1700
125022,110,108,0.000386946988262608,eligible_<1700
125153,15093,15088,0.05405792739727991,exclude_>2500
125548,3475,3455,0.012378720781919544,exclude_>2500
125605,190,190,0.0006807400719434771,eligible_<1700
125608,149,144,0.0005159293176834773,eligible_<1700
124590,595,594,0.002128208435444344,eligible_<1700
124622,414,381,0.0013650629863708671,eligible_<1700
124706,176,173,0.0006198317497169555,eligible_<1700
129614,714,712,0.0025509838485460825,eligible_<1700
129710,430,430,0.001540622268082606,eligible_<1700
129731,773,756,0.002708628917838256,eligible_<1700
136143,248,246,0.0008813792510426071,eligible_<1700
136146,122,113,0.0004048612006821732,eligible_<1700
136238,104,102,0.0003654499333591298,eligible_<1700
136240,223,222,0.0007953910314286943,eligible_<1700
136245,378,378,0.001354314458919128,eligible_<1700
136356,706,703,0.0025187382661908653,eligible_<1700
136554,323,312,0.0011178468549808676,eligible_<1700
136587,1040,1030,0.0036903277584304285,eligible_<1700
136954,118,118,0.0004227754131017384,eligible_<1700
137095,1893,1882,0.006742909554724336,borderline_1700-2500
142638,149,147,0.0005266778451352165,eligible_<1700
142645,116,111,0.00039769551571434714,eligible_<1700
142653,109,109,0.0003905298307465211,eligible_<1700
142687,651,647,0.002318099087091735,eligible_<1700
143075,1240,1229,0.004403313412729122,eligible_<1700
143175,2329,2326,0.008333691617581724,borderline_1700-2500
143185,3571,3519,0.012608022700889978,exclude_>2500
143401,1508,1503,0.005385012253321295,eligible_<1700
143404,2130,2120,0.007595626065895639,borderline_1700-2500
143509,126,125,0.0004478553104891297,eligible_<1700
143680,113,110,0.0003941126732304341,eligible_<1700
143701,146,145,0.0005195121601673904,eligible_<1700
145642,524,512,0.0018344153517634752,eligible_<1700
145645,1122,1120,0.004012783581982602,eligible_<1700
145766,113,111,0.00039769551571434714,eligible_<1700
145842,741,716,0.0025653152184817347,eligible_<1700
145888,624,611,0.0021891167576708658,eligible_<1700
145976,795,781,0.0027981999799360823,eligible_<1700
148375,106,105,0.0003761984608108689,eligible_<1700
148532,1036,1024,0.0036688307035269503,eligible_<1700
150484,511,505,0.0018093354543760839,eligible_<1700
150539,183,176,0.0006305802771686945,eligible_<1700
155411,115,108,0.000386946988262608,eligible_<1700
155440,135,135,0.00048368373532826003,eligible_<1700
155495,292,291,0.001042607162818694,eligible_<1700
155693,1316,1312,0.004700689338893905,eligible_<1700
155802,400,399,0.001429554151081302,eligible_<1700
156689,2652,2623,0.009397795835303896,exclude_>2500
156840,427,427,0.001529873740630867,eligible_<1700
157088,453,450,0.0016122791177608667,eligible_<1700
157135,144,144,0.0005159293176834773,eligible_<1700
157323,256,224,0.0008025567163965203,eligible_<1700
160495,3281,3280,0.011751723347234762,exclude_>2500
160567,613,605,0.0021676197027673877,eligible_<1700
160669,562,561,0.002009974633475214,eligible_<1700
160908,170,168,0.0006019175372973903,eligible_<1700
160958,1019,1006,0.0036043395388165155,eligible_<1700
161290,128,127,0.00045502099545695573,eligible_<1700
164158,672,670,0.0024005044642217348,eligible_<1700
164205,202,199,0.0007129856542986944,eligible_<1700
164354,458,457,0.001637359015148258,eligible_<1700
164589,360,359,0.0012862404517247803,eligible_<1700
164590,157,156,0.0005589234274904338,eligible_<1700
164865,945,939,0.003364289092394342,eligible_<1700
168584,5608,5566,0.019942101265459967,exclude_>2500
168609,3322,3318,0.011887871361623458,exclude_>2500
168662,101,91,0.0003260386660360864,eligible_<1700
169062,444,435,0.0015585364805021712,eligible_<1700
169102,142,138,0.0004944322627799991,eligible_<1700
169141,291,289,0.0010354414778508678,eligible_<1700
169256,111,111,0.00039769551571434714,eligible_<1700
172287,17665,17650,0.0632371698410651,exclude_>2500
172308,10684,10672,0.03823609498831993,exclude_>2500
172312,105,104,0.00037261561832695585,eligible_<1700
172325,111,111,0.00039769551571434714,eligible_<1700
172385,2353,2352,0.008426845522163464,borderline_1700-2500
172465,135,134,0.000480100892844347,eligible_<1700
172542,450,446,0.0015979477478252147,eligible_<1700
172547,1418,1416,0.005073304957220861,eligible_<1700
172557,328,326,0.0011680066497556502,eligible_<1700
172560,514,514,0.001841581036731301,eligible_<1700
172584,590,587,0.002103128538056953,eligible_<1700
172599,101,101,0.0003618670908752168,eligible_<1700
172600,595,589,0.0021102942230247787,eligible_<1700
172613,512,512,0.0018344153517634752,eligible_<1700
172837,229,228,0.0008168880863321725,eligible_<1700
172844,254,254,0.0009100419909139115,eligible_<1700
172933,4668,4610,0.0165169038508391,exclude_>2500
172971,1569,1565,0.005607148487323904,eligible_<1700
173003,184,184,0.0006592430170399989,eligible_<1700
173075,343,336,0.0012038350745947805,eligible_<1700
178944,792,790,0.0028304455622912995,eligible_<1700
179071,731,729,0.002611892170772604,eligible_<1700
179280,706,692,0.002479326998867822,eligible_<1700
179350,487,486,0.0017412614471817361,eligible_<1700
179386,147,145,0.0005195121601673904,eligible_<1700
179560,114,112,0.00040127835819826015,eligible_<1700
179572,5290,5280,0.018917408315060835,exclude_>2500
179606,103,103,0.00036903277584304285,eligible_<1700
179661,143,139,0.0004980151052639122,eligible_<1700
179719,1754,1730,0.006198317497169555,borderline_1700-2500
179794,281,277,0.0009924473680439114,eligible_<1700
179820,681,677,0.002425584361609126,eligible_<1700
179835,1010,1007,0.0036079223813004287,eligible_<1700
179930,197,194,0.0006950714418791292,eligible_<1700
180024,146,145,0.0005195121601673904,eligible_<1700
180179,612,608,0.0021783682302191267,eligible_<1700
180193,216,214,0.0007667282915573899,eligible_<1700
180202,147,147,0.0005266778451352165,eligible_<1700
180256,149,149,0.0005338435301030425,eligible_<1700
180295,111,109,0.0003905298307465211,eligible_<1700
180564,2553,2547,0.009125499806526506,exclude_>2500
180591,703,702,0.002515155423706952,eligible_<1700
180593,9819,9799,0.035108273499863854,exclude_>2500
180650,229,226,0.0008097224013643464,eligible_<1700
180809,115,114,0.00040844404316608626,eligible_<1700
184473,112,111,0.00039769551571434714,eligible_<1700
184561,112,101,0.0003618670908752168,eligible_<1700
184700,739,737,0.0026405549106439086,eligible_<1700
191191,197,193,0.0006914885993952162,eligible_<1700
191296,154,150,0.0005374263725869556,eligible_<1700
191301,716,700,0.0025079897387391263,eligible_<1700
191364,330,328,0.0011751723347234763,eligible_<1700
191538,1354,1345,0.004818923140863035,eligible_<1700
191543,739,739,0.0026477205956117345,eligible_<1700
191612,457,410,0.0014689654184043453,eligible_<1700
191876,3367,3363,0.012049099273399545,exclude_>2500
191925,6090,6038,0.02163320291786692,exclude_>2500
191963,1265,1264,0.004528712899666079,eligible_<1700
192074,4228,4205,0.015065852644854322,exclude_>2500
192201,127,126,0.0004514381529730427,eligible_<1700
192283,167,164,0.0005875861673617382,eligible_<1700
198994,17818,17765,0.06364919672671511,exclude_>2500
199182,302,285,0.0010211101079152156,eligible_<1700
204003,196,188,0.000673574386975651,eligible_<1700
204055,141,140,0.0005015979477478252,eligible_<1700
204138,221,219,0.0007846425039769551,eligible_<1700
204143,190,189,0.000677157229459564,eligible_<1700
204286,828,814,0.0029164337819052124,eligible_<1700
204461,102,102,0.0003654499333591298,eligible_<1700
204470,272,270,0.0009673674706565201,eligible_<1700
204577,145,142,0.0005087636327156513,eligible_<1700
204599,636,634,0.0022715221348008656,eligible_<1700
204615,313,311,0.0011142640124969547,eligible_<1700
204734,344,342,0.0012253321294982587,eligible_<1700
207442,251,246,0.0008813792510426071,eligible_<1700
217466,414,412,0.0014761311033721714,eligible_<1700
217581,162,162,0.000580420482393912,eligible_<1700
217619,262,261,0.0009351218883013028,eligible_<1700
217890,187,186,0.000666408702007825,eligible_<1700
218025,492,491,0.0017591756596013013,eligible_<1700
218126,396,394,0.0014116399386617366,eligible_<1700
218179,616,613,0.0021962824426386917,eligible_<1700
218208,1938,1924,0.006893388939048684,borderline_1700-2500
218395,393,386,0.0013829771987904323,eligible_<1700
218465,192,189,0.000677157229459564,eligible_<1700
218519,116,114,0.00040844404316608626,eligible_<1700
218556,181,174,0.0006234145922008685,eligible_<1700
218576,236,234,0.0008383851412356508,eligible_<1700
218920,1667,1664,0.005961849893231294,eligible_<1700
218995,1037,1036,0.0037118248133339066,eligible_<1700
228142,143,143,0.0005123464751995643,eligible_<1700
228183,340,339,0.0012145836020465196,eligible_<1700
228234,207,206,0.0007380655516860857,eligible_<1700
228328,2536,2530,0.009064591484299984,exclude_>2500
228390,497,497,0.0017806727145047794,eligible_<1700
228411,1365,1362,0.0048798314630895566,eligible_<1700
228412,267,260,0.0009315390458173897,eligible_<1700
230408,1901,1857,0.00665333849262651,borderline_1700-2500
230590,349,349,0.00125041202688565,eligible_<1700
230746,223,223,0.0007989738739126073,eligible_<1700
230769,878,873,0.0031278214884560814,eligible_<1700
231027,305,303,0.0010856012726256502,eligible_<1700
231152,120,116,0.0004156097281339123,eligible_<1700
244794,665,665,0.00238259025180217,eligible_<1700
244814,123,122,0.00043710678303739056,eligible_<1700
244909,142,142,0.0005087636327156513,eligible_<1700
244948,257,255,0.0009136248333978245,eligible_<1700
244992,32652,32519,0.11651045473436805,exclude_>2500
245200,848,844,0.0030239190564226035,eligible_<1700
245214,787,782,0.002801782822419995,eligible_<1700
245271,3664,3653,0.013088123593734326,exclude_>2500
245371,159,158,0.0005660891124582599,eligible_<1700
245382,237,235,0.0008419679837195637,eligible_<1700
245389,267,267,0.000956618943204781,eligible_<1700
245444,1076,1071,0.003837224300270863,eligible_<1700
245446,309,307,0.0010999326425613024,eligible_<1700
249816,535,529,0.0018953236739899966,eligible_<1700
250355,216,213,0.000763145449073477,eligible_<1700
250396,605,595,0.0021317912779282573,eligible_<1700
250463,206,206,0.0007380655516860857,eligible_<1700
250621,936,933,0.003342792037490864,eligible_<1700
250781,391,390,0.0013973085687260846,eligible_<1700
250821,265,261,0.0009351218883013028,eligible_<1700
251037,225,220,0.0007882253464608682,eligible_<1700
251053,993,992,0.003554179744041733,eligible_<1700
251405,113,113,0.0004048612006821732,eligible_<1700
251412,5492,5424,0.019433337632744314,exclude_>2500
251442,914,910,0.0032603866603608637,eligible_<1700
251481,430,423,0.0015155423706952147,eligible_<1700
251622,318,315,0.0011285953824326067,eligible_<1700
251658,11290,11250,0.04030697794402167,exclude_>2500
251890,1294,1293,0.004632615331699557,eligible_<1700
251987,133,130,0.00046576952290869485,eligible_<1700
252197,377,376,0.001347148773951302,eligible_<1700
252212,368,362,0.0012969889791765194,eligible_<1700
252297,239,221,0.0007918081889447812,eligible_<1700
252314,309,305,0.0010927669575934763,eligible_<1700
252315,399,392,0.0014044742536939107,eligible_<1700
252328,2952,2937,0.010522808375252591,exclude_>2500
252399,1460,1457,0.005220201499061296,eligible_<1700
252402,456,454,0.001626610487696519,eligible_<1700
252555,119,118,0.0004227754131017384,eligible_<1700
252576,217,212,0.0007595626065895639,eligible_<1700
252693,593,587,0.002103128538056953,eligible_<1700
252712,139,138,0.0004944322627799991,eligible_<1700
252776,348,348,0.001246829184401737,eligible_<1700
256669,699,698,0.0025008240537713,eligible_<1700
256680,4560,4524,0.01620877939722258,exclude_>2500
256701,217,215,0.000770311134041303,eligible_<1700
256707,446,439,0.0015728678504378234,eligible_<1700
256713,465,461,0.0016516903850839102,eligible_<1700
256804,2042,2009,0.007197930550181292,borderline_1700-2500
256838,442,441,0.0015800335354056495,eligible_<1700
256874,815,812,0.002909268096937386,eligible_<1700
256877,1631,1628,0.005832867563810425,eligible_<1700
256916,6433,6432,0.023044842856528656,exclude_>2500
256952,5294,5253,0.018820671567995186,exclude_>2500
256997,1698,1695,0.006072918010232598,eligible_<1700
256998,243,243,0.0008706307235908681,eligible_<1700
256999,2740,2732,0.009788325666050418,exclude_>2500
257145,220,217,0.0007774768190091291,eligible_<1700
257193,949,943,0.0033786204623299943,eligible_<1700
257204,104,104,0.00037261561832695585,eligible_<1700
257307,107,106,0.00037978130329478196,eligible_<1700
257669,127,126,0.0004514381529730427,eligible_<1700
257707,267,262,0.0009387047307852157,eligible_<1700
257769,2902,2892,0.010361580463476504,exclude_>2500
266444,537,529,0.0018953236739899966,eligible_<1700
266446,442,438,0.0015692850079539102,eligible_<1700
266447,583,578,0.0020708829557017356,eligible_<1700
266448,428,425,0.0015227080556630408,eligible_<1700
266460,368,366,0.0013113203491121716,eligible_<1700
266507,9745,9737,0.03488613726586124,exclude_>2500
266538,188,187,0.0006699915444917379,eligible_<1700
266802,266,263,0.0009422875732691288,eligible_<1700
271320,11746,11740,0.042062570761139055,exclude_>2500
271519,1839,1835,0.006574515957980424,borderline_1700-2500
271529,2662,2659,0.009526778164724766,exclude_>2500
272215,123,122,0.00043710678303739056,eligible_<1700
272453,2541,2531,0.009068174326783897,exclude_>2500
272538,194,192,0.0006879057569113031,eligible_<1700
272541,643,640,0.0022930191897043437,eligible_<1700
272666,505,503,0.0018021697694082578,eligible_<1700
272738,6194,6161,0.02207389254338822,exclude_>2500
273436,174,155,0.0005553405850065207,eligible_<1700
273477,4060,4045,0.014492597847428236,exclude_>2500
273779,789,783,0.002805365664903908,eligible_<1700
274028,228,226,0.0008097224013643464,eligible_<1700
274049,224,221,0.0007918081889447812,eligible_<1700
281020,146,146,0.0005230950026513034,eligible_<1700
281075,2067,2066,0.007402152571764335,borderline_1700-2500
281132,540,537,0.001923986413861301,eligible_<1700
281258,892,885,0.003170815598263038,eligible_<1700
285436,105,80,0.00028662739871304296,eligible_<1700
285536,125,124,0.0004442724680052166,eligible_<1700
285773,1460,1454,0.0052094529716095565,eligible_<1700
285853,136,134,0.000480100892844347,eligible_<1700
285893,326,325,0.001164423807271737,eligible_<1700
286062,455,455,0.0016301933301804319,eligible_<1700
293835,1941,1936,0.00693638304885564,borderline_1700-2500
293875,222,220,0.0007882253464608682,eligible_<1700
293959,378,332,0.0011895037046591283,eligible_<1700
293972,422,421,0.0015083766857273886,eligible_<1700
294230,880,880,0.0031529013858434727,eligible_<1700
294235,440,434,0.0015549536380182582,eligible_<1700
295192,1936,1918,0.006871891884145206,borderline_1700-2500
295293,2420,2404,0.008613153331326942,borderline_1700-2500
295394,134,134,0.000480100892844347,eligible_<1700
295402,191,173,0.0006198317497169555,eligible_<1700
295478,192,184,0.0006592430170399989,eligible_<1700
295480,117,115,0.00041202688564999926,eligible_<1700
296167,1260,1258,0.004507215844762601,eligible_<1700
296363,139,138,0.0004944322627799991,eligible_<1700
296483,291,284,0.0010175272654313026,eligible_<1700
297204,422,422,0.0015119595282113017,eligible_<1700
297531,264,263,0.0009422875732691288,eligible_<1700
297658,664,660,0.0023646760393826044,eligible_<1700
297734,142,141,0.0005051807902317383,eligible_<1700
297897,113,111,0.00039769551571434714,eligible_<1700
298060,1482,1472,0.005273944136319991,eligible_<1700
298065,4516,4510,0.0161586196024478,exclude_>2500
304324,1202,1199,0.004295828138211732,eligible_<1700
304420,6852,6849,0.024538888172320392,exclude_>2500
304450,183,181,0.0006484944895882597,eligible_<1700
304620,178,176,0.0006305802771686945,eligible_<1700
304668,1168,1162,0.004163262966306949,eligible_<1700
304783,8806,8802,0.03153617954340256,exclude_>2500
304821,188,188,0.000673574386975651,eligible_<1700
304983,115,115,0.00041202688564999926,eligible_<1700
311031,639,635,0.0022751049772847787,eligible_<1700
311330,380,375,0.001343565931467389,eligible_<1700
311464,322,322,0.001153675279819998,eligible_<1700
311822,176,176,0.0006305802771686945,eligible_<1700
311920,139,139,0.0004980151052639122,eligible_<1700
311988,3370,3356,0.012024019376012152,exclude_>2500
312346,149,141,0.0005051807902317383,eligible_<1700
312463,253,252,0.0009028763059460854,eligible_<1700
312484,46534,46534,0.1667239921464093,exclude_>2500
312512,497,496,0.0017770898720208665,eligible_<1700
312535,113,112,0.00040127835819826015,eligible_<1700
312675,225,221,0.0007918081889447812,eligible_<1700
319288,153,147,0.0005266778451352165,eligible_<1700
319402,210,208,0.0007452312366539117,eligible_<1700
319421,202,196,0.0007022371268469553,eligible_<1700
319579,1148,1147,0.004109520329048254,eligible_<1700
319604,223,221,0.0007918081889447812,eligible_<1700
319736,140,136,0.0004872665778121731,eligible_<1700
319829,160,157,0.0005625062699743469,eligible_<1700
324930,122,113,0.0004048612006821732,eligible_<1700
324941,111,107,0.00038336414577869497,eligible_<1700
324957,143,142,0.0005087636327156513,eligible_<1700
325494,4573,4540,0.016266104876965188,exclude_>2500
325678,143,140,0.0005015979477478252,eligible_<1700
325810,840,836,0.002995256316551299,eligible_<1700
325830,153,148,0.0005302606876191296,eligible_<1700
325889,218,215,0.000770311134041303,eligible_<1700
327076,1206,1197,0.0042886624532439055,eligible_<1700
327077,1042,1030,0.0036903277584304285,eligible_<1700
327242,267,267,0.000956618943204781,eligible_<1700
327643,133,130,0.00046576952290869485,eligible_<1700
327711,3224,3220,0.01153675279819998,exclude_>2500
327723,101,74,0.0002651303438095648,eligible_<1700
327831,1154,1152,0.004127434541467819,eligible_<1700
327971,1083,1083,0.0038802184100778193,eligible_<1700
328211,1244,1236,0.004428393310116514,eligible_<1700
328289,252,252,0.0009028763059460854,eligible_<1700
328536,203,194,0.0006950714418791292,eligible_<1700
328565,4727,4720,0.016911016524069535,exclude_>2500
328826,526,526,0.0018845751465382575,eligible_<1700
328866,3044,3032,0.010863178411224328,exclude_>2500
337098,197,194,0.0006950714418791292,eligible_<1700
337195,160,159,0.000569671954942173,eligible_<1700
337262,330,330,0.0011823380196913022,eligible_<1700
337391,189,186,0.000666408702007825,eligible_<1700
337690,325,318,0.001139343909884346,eligible_<1700
337784,510,510,0.001827249666795649,eligible_<1700
337864,214,203,0.0007273170242343465,eligible_<1700
337929,372,370,0.0013256517190478238,eligible_<1700
337961,531,528,0.0018917408315060837,eligible_<1700
338067,758,748,0.0026799661779669517,eligible_<1700
338353,288,285,0.0010211101079152156,eligible_<1700
338364,292,289,0.0010354414778508678,eligible_<1700
338460,1727,1727,0.006187568969717816,borderline_1700-2500
338479,510,507,0.00181650113934391,eligible_<1700
338763,197,192,0.0006879057569113031,eligible_<1700
338834,4492,4479,0.016047551485446492,exclude_>2500
342948,242,234,0.0008383851412356508,eligible_<1700
343028,155,154,0.0005517577425226077,eligible_<1700
343282,665,646,0.0023145162446078222,eligible_<1700
343433,469,468,0.0016767702824713015,eligible_<1700
343525,423,420,0.0015047938432434756,eligible_<1700
343562,2954,2932,0.010504894162833026,exclude_>2500
343566,401,401,0.0014367198360491279,eligible_<1700
343696,234,233,0.0008348022987517377,eligible_<1700
343844,993,990,0.003547014059073907,eligible_<1700
343847,210,209,0.0007488140791378248,eligible_<1700
343905,5356,5352,0.019175372973902576,exclude_>2500
343927,597,595,0.0021317912779282573,eligible_<1700
344050,253,250,0.0008957106209782593,eligible_<1700
344339,104,102,0.0003654499333591298,eligible_<1700
344341,379,376,0.001347148773951302,eligible_<1700
344408,454,452,0.0016194448027286928,eligible_<1700
344554,2010,2003,0.007176433495277814,borderline_1700-2500
355483,3768,3763,0.01348223626696476,exclude_>2500
355735,701,697,0.0024972412112873868,eligible_<1700
355881,647,644,0.002307350559639996,eligible_<1700
356039,309,306,0.0010963498000773895,eligible_<1700
356133,378,376,0.001347148773951302,eligible_<1700
356230,279,278,0.0009960302105278243,eligible_<1700
356485,213,212,0.0007595626065895639,eligible_<1700
357071,279,278,0.0009960302105278243,eligible_<1700
357726,1445,1445,0.0051772073892543385,eligible_<1700
357989,118,117,0.0004191925706178254,eligible_<1700
358000,275,274,0.0009816988405921723,eligible_<1700
358051,115,114,0.00040844404316608626,eligible_<1700
362965,112,111,0.00039769551571434714,eligible_<1700
362986,2490,2487,0.008910529257491724,borderline_1700-2500
363086,172,172,0.0006162489072330424,eligible_<1700
363351,201,201,0.0007201513392665205,eligible_<1700
363538,114,113,0.0004048612006821732,eligible_<1700
363614,337,337,0.0012074179170786935,eligible_<1700
364186,1995,1995,0.007147770755406509,borderline_1700-2500
364488,233,232,0.0008312194562678246,eligible_<1700
364641,1324,1322,0.004736517763733035,eligible_<1700
364655,570,562,0.0020135574759591267,eligible_<1700
364792,612,608,0.0021783682302191267,eligible_<1700
365455,151,149,0.0005338435301030425,eligible_<1700
365647,215,215,0.000770311134041303,eligible_<1700
374400,463,459,0.001644524700116084,eligible_<1700
374595,1212,1208,0.004328073720566949,eligible_<1700
374909,185,183,0.0006556601745560858,eligible_<1700
374926,263,227,0.0008133052438482595,eligible_<1700
375616,142,142,0.0005087636327156513,eligible_<1700
375651,4036,4031,0.014442438052653453,exclude_>2500
375931,201,193,0.0006914885993952162,eligible_<1700
376223,564,562,0.0020135574759591267,eligible_<1700
376478,228,226,0.0008097224013643464,eligible_<1700
376740,814,812,0.002909268096937386,eligible_<1700
377420,841,841,0.0030131705289708644,eligible_<1700
377480,425,422,0.0015119595282113017,eligible_<1700
377704,164,164,0.0005875861673617382,eligible_<1700
377738,196,196,0.0007022371268469553,eligible_<1700
378010,159,159,0.000569671954942173,eligible_<1700
378387,656,656,0.0023503446694469526,eligible_<1700
378737,104,102,0.0003654499333591298,eligible_<1700
378851,170,169,0.0006055003797813033,eligible_<1700
378889,234,234,0.0008383851412356508,eligible_<1700
379037,242,240,0.000859882196139129,eligible_<1700
379056,162,155,0.0005553405850065207,eligible_<1700
379066,243,241,0.0008634650386230419,eligible_<1700
379297,216,215,0.000770311134041303,eligible_<1700
379552,154,152,0.0005445920575547817,eligible_<1700
379582,133,131,0.00046935236539260786,eligible_<1700
379908,440,430,0.001540622268082606,eligible_<1700
379928,171,171,0.0006126660647491293,eligible_<1700
380105,459,459,0.001644524700116084,eligible_<1700
380175,213,212,0.0007595626065895639,eligible_<1700
380439,629,629,0.0022536079223813006,eligible_<1700
380442,372,371,0.0013292345615317368,eligible_<1700
380607,4455,4451,0.01594723189589693,exclude_>2500
380916,127,126,0.0004514381529730427,eligible_<1700
381083,175,175,0.0006269974346847816,eligible_<1700
381117,483,481,0.001723347234762171,eligible_<1700
381188,135,134,0.000480100892844347,eligible_<1700
381429,299,298,0.001067687060206085,eligible_<1700
381435,713,709,0.0025402353210943435,eligible_<1700
381827,267,266,0.0009530361007208679,eligible_<1700
381992,130,128,0.0004586038379408688,eligible_<1700
382054,174,173,0.0006198317497169555,eligible_<1700
382241,102,101,0.0003618670908752168,eligible_<1700
382419,172,168,0.0006019175372973903,eligible_<1700
383064,324,323,0.0011572581223039111,eligible_<1700
383172,161,159,0.000569671954942173,eligible_<1700
383179,5564,5561,0.0199241870530404,exclude_>2500
383458,286,283,0.0010139444229473895,eligible_<1700
383467,691,676,0.0024220015191252133,eligible_<1700
383607,3269,3266,0.01170156355245998,exclude_>2500
383725,141,140,0.0005015979477478252,eligible_<1700
383758,333,333,0.0011930865471430415,eligible_<1700
384175,213,211,0.0007559797641056509,eligible_<1700
384213,1870,1867,0.006689166917465641,borderline_1700-2500
385331,795,792,0.0028376112472591254,eligible_<1700
385408,188,182,0.0006520773320721727,eligible_<1700
415981,381,381,0.0013650629863708671,eligible_<1700
416266,471,468,0.0016767702824713015,eligible_<1700
416780,104,103,0.00036903277584304285,eligible_<1700
418059,4040,4040,0.014474683635008671,exclude_>2500
419997,171,171,0.0006126660647491293,eligible_<1700
420242,121,119,0.00042635825558565144,eligible_<1700
420385,293,292,0.0010461900053026069,eligible_<1700
421299,130,129,0.0004621866804247818,eligible_<1700
422042,369,369,0.0013220688765639107,eligible_<1700
422780,507,505,0.0018093354543760839,eligible_<1700
423307,153,153,0.0005481749000386947,eligible_<1700
423401,656,654,0.0023431789844791263,eligible_<1700
425005,269,268,0.000960201785688694,eligible_<1700
425235,115,113,0.0004048612006821732,eligible_<1700
425428,1027,1016,0.003640167963655646,eligible_<1700
427278,201,201,0.0007201513392665205,eligible_<1700
427345,261,261,0.0009351218883013028,eligible_<1700
428058,107,107,0.00038336414577869497,eligible_<1700
13,119003,118020,0.42284706995141663,exclude_>2500
172,31909,31837,0.11406695616033936,exclude_>2500
186,205,201,0.0007201513392665205,eligible_<1700
189,934,931,0.0033356263525230376,eligible_<1700
194,826,815,0.002920016624389125,eligible_<1700
198,249,249,0.0008921277784943463,eligible_<1700
202,761,754,0.0027014632328704303,eligible_<1700
204,3086,3079,0.011031572007968242,exclude_>2500
207,182,179,0.0006413288046204337,eligible_<1700
211,241,232,0.0008312194562678246,eligible_<1700
425,142,139,0.0004980151052639122,eligible_<1700
426,408,300,0.0010748527451739111,eligible_<1700
431,1052,1046,0.003747653238173037,eligible_<1700
478,53698,53402,0.191330954325924,exclude_>2500
485,1085,1072,0.003840807142754776,eligible_<1700
489,104,104,0.00037261561832695585,eligible_<1700
504,162,161,0.000576837639909999,eligible_<1700
506,502,492,0.0017627585020852142,eligible_<1700
508,821,758,0.002715794602806082,eligible_<1700
524,360,355,0.0012719090817891283,eligible_<1700
525,132,132,0.0004729352078765209,eligible_<1700
822,122032,121624,0.4357596342634392,exclude_>2500
831,744,739,0.0026477205956117345,eligible_<1700
833,1688,1604,0.0057468793441965114,eligible_<1700
836,163,163,0.0005840033248778251,eligible_<1700
840,524,519,0.0018594952491508662,eligible_<1700
841,351,351,0.001257577711853476,eligible_<1700
857,160,158,0.0005660891124582599,eligible_<1700
867,245,244,0.0008742135660747811,eligible_<1700
883,2019,1999,0.007162102125342161,borderline_1700-2500
895,290,264,0.0009458704157530418,eligible_<1700
900,121,119,0.00042635825558565144,eligible_<1700
903,2482,2475,0.008867535147684766,borderline_1700-2500
909,210,208,0.0007452312366539117,eligible_<1700
910,180,180,0.0006449116471043467,eligible_<1700
911,451,405,0.00145105120598478,eligible_<1700
912,414,384,0.0013758115138226062,eligible_<1700
923,811,804,0.002880605357066082,eligible_<1700
927,166,163,0.0005840033248778251,eligible_<1700
932,1324,1321,0.004732934921249122,eligible_<1700
936,1161,1124,0.0040271149519182535,eligible_<1700
944,381,372,0.00133281740401565,eligible_<1700
956,144,143,0.0005123464751995643,eligible_<1700
958,278,270,0.0009673674706565201,eligible_<1700
964,206,204,0.0007308998667182596,eligible_<1700
979,210,202,0.0007237341817504336,eligible_<1700
986,4084,4061,0.014549923327170844,exclude_>2500
999,144,142,0.0005087636327156513,eligible_<1700
1006,123,123,0.00044068962552130356,eligible_<1700
1012,171,168,0.0006019175372973903,eligible_<1700
1465,11921,11872,0.04253550596901558,exclude_>2500
1475,2436,2339,0.008380268569872593,borderline_1700-2500
1898,146,145,0.0005195121601673904,eligible_<1700
1902,107,100,0.00035828424839130373,eligible_<1700
1908,123,122,0.00043710678303739056,eligible_<1700
1924,217,214,0.0007667282915573899,eligible_<1700
1927,47483,46745,0.16747997191051492,exclude_>2500
1932,199,195,0.0006986542843630423,eligible_<1700
1942,429,429,0.001537039425598693,eligible_<1700
1950,1337,1300,0.004657695229086948,eligible_<1700
1953,123,123,0.00044068962552130356,eligible_<1700
1960,119,117,0.0004191925706178254,eligible_<1700
1972,116,106,0.00037978130329478196,eligible_<1700
1973,179,171,0.0006126660647491293,eligible_<1700
1982,764,759,0.0027193774452899952,eligible_<1700
1997,194,180,0.0006449116471043467,eligible_<1700
2003,289,288,0.0010318586353669547,eligible_<1700
2025,1903,1846,0.006613927225303466,borderline_1700-2500
2047,469,464,0.0016624389125356493,eligible_<1700
2077,390,290,0.0010390243203347808,eligible_<1700
2081,1203,989,0.003543431216589994,eligible_<1700
2095,129,128,0.0004586038379408688,eligible_<1700
2110,114,114,0.00040844404316608626,eligible_<1700
2115,323,306,0.0010963498000773895,eligible_<1700
2123,282,277,0.0009924473680439114,eligible_<1700
2129,761,729,0.002611892170772604,eligible_<1700
2143,154,145,0.0005195121601673904,eligible_<1700
2144,130,122,0.00043710678303739056,eligible_<1700
2146,272,261,0.0009351218883013028,eligible_<1700
2150,481,428,0.0015334565831147799,eligible_<1700
2174,137,133,0.00047651805036043397,eligible_<1700
2190,191,183,0.0006556601745560858,eligible_<1700
2194,214,184,0.0006592430170399989,eligible_<1700
2197,455,441,0.0015800335354056495,eligible_<1700
2200,129,129,0.0004621866804247818,eligible_<1700
2201,274,268,0.000960201785688694,eligible_<1700
2211,212,210,0.0007523969216217378,eligible_<1700
2217,177,177,0.0006341631196526076,eligible_<1700
2627,105,103,0.00036903277584304285,eligible_<1700
2655,37313,37149,0.13309901543488542,exclude_>2500
2665,206,176,0.0006305802771686945,eligible_<1700
2689,695,680,0.002436332889060865,eligible_<1700
2719,9385,9138,0.03274001461799733,exclude_>2500
2738,222,217,0.0007774768190091291,eligible_<1700
2748,669,612,0.002192699600154779,eligible_<1700
2750,1578,1532,0.005488914685354773,eligible_<1700
2759,198,186,0.000666408702007825,eligible_<1700
2767,745,735,0.0026333892256760823,eligible_<1700
2770,932,892,0.0031958954956504294,eligible_<1700
2778,275,234,0.0008383851412356508,eligible_<1700
2792,347,335,0.0012002522321108674,eligible_<1700
2800,277,223,0.0007989738739126073,eligible_<1700
2802,183,131,0.00046935236539260786,eligible_<1700
2808,1521,1256,0.004500050159794775,eligible_<1700
2821,725,695,0.002490075526319561,eligible_<1700
2854,124,113,0.0004048612006821732,eligible_<1700
2866,291,282,0.0010103615804634765,eligible_<1700
2879,437,425,0.0015227080556630408,eligible_<1700
2881,246,214,0.0007667282915573899,eligible_<1700
2883,272,265,0.0009494532582369549,eligible_<1700
2884,292,275,0.0009852816830760852,eligible_<1700
2897,172,168,0.0006019175372973903,eligible_<1700
2916,119,114,0.00040844404316608626,eligible_<1700
2921,12829,12477,0.044703125671782966,exclude_>2500
2929,155,143,0.0005123464751995643,eligible_<1700
2938,319,315,0.0011285953824326067,eligible_<1700
2955,6002,5987,0.021450477951187354,exclude_>2500
2989,141,140,0.0005015979477478252,eligible_<1700
2994,148,103,0.00036903277584304285,eligible_<1700
2995,261,201,0.0007201513392665205,eligible_<1700
2998,536,485,0.0017376786046978232,eligible_<1700
3059,371,353,0.0012647433968213022,eligible_<1700
3955,31395,31145,0.11158762916147154,exclude_>2500
3958,134,129,0.0004621866804247818,eligible_<1700
3966,261,239,0.0008562993536552159,eligible_<1700
4532,520,496,0.0017770898720208665,eligible_<1700
4558,169,165,0.0005911690098456511,eligible_<1700
4578,102,96,0.00034395287845565155,eligible_<1700
4587,327,326,0.0011680066497556502,eligible_<1700
4604,469,458,0.0016409418576321712,eligible_<1700
4637,482,473,0.0016946844948908667,eligible_<1700
4642,177,158,0.0005660891124582599,eligible_<1700
4657,103,87,0.00031170729610043425,eligible_<1700
4694,157,148,0.0005302606876191296,eligible_<1700
4724,230,225,0.0008061395588804333,eligible_<1700
4764,128,125,0.0004478553104891297,eligible_<1700
4784,145,135,0.00048368373532826003,eligible_<1700
4802,108,88,0.00031529013858434726,eligible_<1700
4815,166,124,0.0004442724680052166,eligible_<1700
4839,279,193,0.0006914885993952162,eligible_<1700
4852,201,151,0.0005410092150708686,eligible_<1700
4854,407,318,0.001139343909884346,eligible_<1700
4864,1482,1425,0.005105550539576078,eligible_<1700
4892,194,189,0.000677157229459564,eligible_<1700
4915,121,94,0.0003367871934878255,eligible_<1700
4918,117,90,0.00032245582355217337,eligible_<1700
4922,229,217,0.0007774768190091291,eligible_<1700
4967,110,95,0.00034037003597173855,eligible_<1700
4978,143,127,0.00045502099545695573,eligible_<1700
4983,136,136,0.0004872665778121731,eligible_<1700
4984,508,377,0.0013507316164352151,eligible_<1700
5021,276,221,0.0007918081889447812,eligible_<1700
5038,100,77,0.00027587887126130384,eligible_<1700
5050,625,599,0.002146122647863909,eligible_<1700
5086,460,428,0.0015334565831147799,eligible_<1700
5166,118,109,0.0003905298307465211,eligible_<1700
5178,190,188,0.000673574386975651,eligible_<1700
5186,149,145,0.0005195121601673904,eligible_<1700
5235,165,147,0.0005266778451352165,eligible_<1700
5248,117,115,0.00041202688564999926,eligible_<1700
5258,559,527,0.0018881579890221707,eligible_<1700
5271,195,192,0.0006879057569113031,eligible_<1700
5278,153,117,0.0004191925706178254,eligible_<1700
5298,638,629,0.0022536079223813006,eligible_<1700
5339,1888,1831,0.006560184588044771,borderline_1700-2500
5354,127,125,0.0004478553104891297,eligible_<1700
5367,345,340,0.0012181664445304326,eligible_<1700
5410,103,85,0.00030454161113260814,eligible_<1700
5428,141,134,0.000480100892844347,eligible_<1700
5437,103,82,0.0002937930836808691,eligible_<1700
5465,136,124,0.0004442724680052166,eligible_<1700
5478,533,528,0.0018917408315060837,eligible_<1700
5482,200,151,0.0005410092150708686,eligible_<1700
5485,163,109,0.0003905298307465211,eligible_<1700
5516,107,104,0.00037261561832695585,eligible_<1700
5534,1237,1223,0.004381816357825644,eligible_<1700
5585,456,440,0.0015764506929217363,eligible_<1700
5588,1335,1295,0.0046397810166673836,eligible_<1700
5614,206,168,0.0006019175372973903,eligible_<1700
5622,605,459,0.001644524700116084,eligible_<1700
5640,134,133,0.00047651805036043397,eligible_<1700
5641,1009,958,0.0034323630995886896,eligible_<1700
5646,197,195,0.0006986542843630423,eligible_<1700
5668,569,555,0.001988477578571736,eligible_<1700
5684,420,414,0.0014832967883399975,eligible_<1700
5694,124,122,0.00043710678303739056,eligible_<1700
5715,136,130,0.00046576952290869485,eligible_<1700
7975,166,137,0.0004908494202960861,eligible_<1700
7989,375,367,0.0013149031915960846,eligible_<1700
8039,447,431,0.0015442051105665191,eligible_<1700
8041,908,869,0.003113490118520429,eligible_<1700
8056,117,93,0.0003332043510039125,eligible_<1700
8066,146,130,0.00046576952290869485,eligible_<1700
8101,139,108,0.000386946988262608,eligible_<1700
8107,3713,3591,0.012865987359731717,exclude_>2500
8160,242,233,0.0008348022987517377,eligible_<1700
8172,1866,1858,0.0066569213351104235,borderline_1700-2500
8173,124,115,0.00041202688564999926,eligible_<1700
8190,2751,2748,0.009845651145793026,exclude_>2500
8192,508,508,0.001820083981827823,eligible_<1700
8195,1517,1476,0.005288275506255643,eligible_<1700
8217,23591,23543,0.08435086059876463,exclude_>2500
8327,113,87,0.00031170729610043425,eligible_<1700
8329,142,110,0.0003941126732304341,eligible_<1700
8337,117,115,0.00041202688564999926,eligible_<1700
8362,102,68,0.00024363328890608654,eligible_<1700
8394,101,101,0.0003618670908752168,eligible_<1700
8432,211,200,0.0007165684967826075,eligible_<1700
8486,204,195,0.0006986542843630423,eligible_<1700
8487,368,357,0.0012790747667569542,eligible_<1700
8508,343,332,0.0011895037046591283,eligible_<1700
9792,681,677,0.002425584361609126,eligible_<1700
9825,939,913,0.003271135187812603,eligible_<1700
9855,165,146,0.0005230950026513034,eligible_<1700
9910,1777,1737,0.006223397394556946,borderline_1700-2500
12346,1890,1867,0.006689166917465641,borderline_1700-2500
12350,902,873,0.0031278214884560814,eligible_<1700
12488,257,254,0.0009100419909139115,eligible_<1700
12501,113,90,0.00032245582355217337,eligible_<1700
12604,155,151,0.0005410092150708686,eligible_<1700
12642,208,199,0.0007129856542986944,eligible_<1700
12681,1459,1458,0.005223784341545208,eligible_<1700
12692,15426,15182,0.05439471459076773,exclude_>2500
12747,439,430,0.001540622268082606,eligible_<1700
12761,2616,2614,0.00936555025294868,exclude_>2500
12876,156,151,0.0005410092150708686,eligible_<1700
12896,341,251,0.0008992934634621723,eligible_<1700
12898,188,131,0.00046935236539260786,eligible_<1700
12942,28144,28068,0.10056322283847113,exclude_>2500
12947,164,125,0.0004478553104891297,eligible_<1700
12956,284,277,0.0009924473680439114,eligible_<1700
12962,5210,5201,0.018634363758831707,exclude_>2500
15548,265,252,0.0009028763059460854,eligible_<1700
15600,1575,1575,0.0056429769121630335,eligible_<1700
15738,450,432,0.001547787953050432,eligible_<1700
15817,6102,6082,0.021790847987159093,exclude_>2500
17027,1994,1978,0.007086862433179988,borderline_1700-2500
17053,4732,4650,0.016660217550195623,exclude_>2500
17054,157,154,0.0005517577425226077,eligible_<1700
17119,218,218,0.0007810596614930422,eligible_<1700
17125,150,150,0.0005374263725869556,eligible_<1700
17136,661,643,0.0023037677171560828,eligible_<1700
17162,531,530,0.0018989065164739098,eligible_<1700
17393,709,665,0.00238259025180217,eligible_<1700
17395,156,129,0.0004621866804247818,eligible_<1700
17419,1029,1022,0.003661665018559124,eligible_<1700
20848,150,146,0.0005230950026513034,eligible_<1700
21150,372,370,0.0013256517190478238,eligible_<1700
21219,118,117,0.0004191925706178254,eligible_<1700
22169,205,201,0.0007201513392665205,eligible_<1700
22245,2731,2726,0.00976682861114694,exclude_>2500
22345,8115,8104,0.029035355489631254,exclude_>2500
22348,2293,2280,0.008168880863321725,borderline_1700-2500
22359,242,204,0.0007308998667182596,eligible_<1700
22392,220,215,0.000770311134041303,eligible_<1700
22420,298,290,0.0010390243203347808,eligible_<1700
22479,384,366,0.0013113203491121716,eligible_<1700
22509,113,77,0.00027587887126130384,eligible_<1700
22606,185,169,0.0006055003797813033,eligible_<1700
22666,104,103,0.00036903277584304285,eligible_<1700
22733,309,300,0.0010748527451739111,eligible_<1700
22877,1205,1135,0.004066526219241297,eligible_<1700
22910,113,110,0.0003941126732304341,eligible_<1700
22947,137,129,0.0004621866804247818,eligible_<1700
22948,1149,1118,0.004005617897014775,eligible_<1700
23025,139,139,0.0004980151052639122,eligible_<1700
23094,2890,2885,0.010336500566089113,exclude_>2500
23181,268,266,0.0009530361007208679,eligible_<1700
23263,475,457,0.001637359015148258,eligible_<1700
23311,235,232,0.0008312194562678246,eligible_<1700
23334,529,518,0.0018559124066669533,eligible_<1700
23418,565,535,0.001916820728893475,eligible_<1700
23521,222,218,0.0007810596614930422,eligible_<1700
23540,2196,2190,0.007846425039769551,borderline_1700-2500
23598,164,162,0.000580420482393912,eligible_<1700
23695,125,120,0.0004299410980695645,eligible_<1700
23757,295,293,0.0010497728477865198,eligible_<1700
26147,227,227,0.0008133052438482595,eligible_<1700
26148,207,206,0.0007380655516860857,eligible_<1700
26156,335,334,0.0011966693896269544,eligible_<1700
26747,236,234,0.0008383851412356508,eligible_<1700
26997,2334,2326,0.008333691617581724,borderline_1700-2500
28037,631,626,0.002242859394929561,eligible_<1700
30658,2081,2077,0.007441563839087379,borderline_1700-2500
30966,132,129,0.0004621866804247818,eligible_<1700
30991,171,162,0.000580420482393912,eligible_<1700
31481,34305,34267,0.12277326339624804,exclude_>2500
31483,1571,1568,0.005617897014775643,eligible_<1700
31503,1074,1068,0.003826475772819124,eligible_<1700
31512,272,272,0.0009745331556243462,eligible_<1700
31542,198,177,0.0006341631196526076,eligible_<1700
31575,189,185,0.0006628258595239119,eligible_<1700
31722,540,538,0.001927569256345214,eligible_<1700
31767,134,133,0.00047651805036043397,eligible_<1700
31790,543,517,0.0018523295641830403,eligible_<1700
32002,324,324,0.001160840964787824,eligible_<1700
32125,5037,5022,0.017993034954211274,exclude_>2500
35761,2158,2155,0.007721025552832595,borderline_1700-2500
35763,181,180,0.0006449116471043467,eligible_<1700
35964,865,859,0.003077661693681299,eligible_<1700
37111,35249,35249,0.12629161471545064,exclude_>2500
37120,3150,3140,0.011250125399486936,exclude_>2500
37165,1038,997,0.0035720939564612983,eligible_<1700
37208,896,896,0.003210226865586081,eligible_<1700
37305,234,225,0.0008061395588804333,eligible_<1700
40773,200,199,0.0007129856542986944,eligible_<1700
40832,1778,1773,0.006352379723977815,borderline_1700-2500
40843,268,267,0.000956618943204781,eligible_<1700
41010,4390,4341,0.015553119222666495,exclude_>2500
41019,393,392,0.0014044742536939107,eligible_<1700
46213,18877,18797,0.06734669017011335,exclude_>2500
46255,2725,2723,0.0097560800836952,exclude_>2500
46323,289,282,0.0010103615804634765,eligible_<1700
46396,2046,2039,0.007305415824698683,borderline_1700-2500
46614,181,177,0.0006341631196526076,eligible_<1700
46669,135,96,0.00034395287845565155,eligible_<1700
46743,151,149,0.0005338435301030425,eligible_<1700
46747,202,199,0.0007129856542986944,eligible_<1700
47082,907,904,0.0032388896054573856,eligible_<1700
48726,15191,15178,0.05438038322083208,exclude_>2500
49276,393,369,0.0013220688765639107,eligible_<1700
50381,27495,27062,0.09695888329965462,exclude_>2500
50719,215,213,0.000763145449073477,eligible_<1700
50750,6370,6362,0.022794043882654744,exclude_>2500
50912,251,251,0.0008992934634621723,eligible_<1700
51067,121,114,0.00040844404316608626,eligible_<1700
51197,108,102,0.0003654499333591298,eligible_<1700
52825,255,255,0.0009136248333978245,eligible_<1700
53103,232,232,0.0008312194562678246,eligible_<1700
53168,797,796,0.0028519426171947776,eligible_<1700
53317,579,571,0.0020458030583143444,eligible_<1700
53840,123,123,0.00044068962552130356,eligible_<1700
61692,2146,2096,0.007509637846281726,borderline_1700-2500
61902,289,283,0.0010139444229473895,eligible_<1700
62030,324,322,0.001153675279819998,eligible_<1700
62219,21316,21316,0.0763718703870903,exclude_>2500
62227,4886,4818,0.017262135087493014,exclude_>2500
62709,423,414,0.0014832967883399975,eligible_<1700
62814,215,214,0.0007667282915573899,eligible_<1700
63268,19482,19301,0.06915244278200554,exclude_>2500
65515,4139,4124,0.014775642403657365,exclude_>2500
65825,314,310,0.0011106811700130415,eligible_<1700
66080,128,119,0.00042635825558565144,eligible_<1700
66088,367,361,0.0012934061366926064,eligible_<1700
66120,580,577,0.0020673001132178225,eligible_<1700
66171,3659,3652,0.013084540751250411,exclude_>2500
66190,561,561,0.002009974633475214,eligible_<1700
66193,1117,1117,0.004002035054530863,eligible_<1700
66214,1749,1747,0.006259225819396076,borderline_1700-2500
72321,6610,6599,0.023643177551342133,exclude_>2500
72448,665,654,0.0023431789844791263,eligible_<1700
72478,413,412,0.0014761311033721714,eligible_<1700
72644,440,437,0.0015657021654699973,eligible_<1700
72809,632,626,0.002242859394929561,eligible_<1700
72991,2944,2938,0.010526391217736504,exclude_>2500
73313,684,681,0.0024399157315447783,eligible_<1700
73316,1491,1490,0.005338435301030425,eligible_<1700
73365,722,721,0.0025832294309012997,eligible_<1700
73538,2742,2692,0.009645011966693897,exclude_>2500
86073,2647,2610,0.009351218883013027,exclude_>2500
86167,230,229,0.0008204709288160856,eligible_<1700
86177,297,281,0.0010067787379795634,eligible_<1700
86882,168,167,0.0005983346948134772,eligible_<1700
87288,206,206,0.0007380655516860857,eligible_<1700
87821,615,615,0.002203448127606518,eligible_<1700
87904,663,652,0.0023360132995113004,eligible_<1700
88113,123,119,0.00042635825558565144,eligible_<1700
88140,252,248,0.0008885449360104332,eligible_<1700
88316,135,135,0.00048368373532826003,eligible_<1700
88402,466,459,0.001644524700116084,eligible_<1700
88408,3924,3905,0.01399099989968041,exclude_>2500
88871,145,119,0.00042635825558565144,eligible_<1700
89342,467,466,0.0016696045975034754,eligible_<1700
89409,1906,1892,0.006778737979563467,borderline_1700-2500
89898,199,196,0.0007022371268469553,eligible_<1700
89927,176,175,0.0006269974346847816,eligible_<1700
89953,897,897,0.0032138097080699943,eligible_<1700
90050,288,287,0.0010282757928830417,eligible_<1700
92643,1096,1096,0.003926795362368689,eligible_<1700
92876,147,147,0.0005266778451352165,eligible_<1700
93001,241,238,0.0008527165111713029,eligible_<1700
93260,10842,10812,0.03873769293606776,exclude_>2500
93400,172,172,0.0006162489072330424,eligible_<1700
93472,225,225,0.0008061395588804333,eligible_<1700
93537,216,216,0.000773893976525216,eligible_<1700
93577,163,163,0.0005840033248778251,eligible_<1700
93724,1197,1195,0.004281496768276079,eligible_<1700
93895,107,106,0.00037978130329478196,eligible_<1700
94123,119,119,0.00042635825558565144,eligible_<1700
94362,4418,4395,0.0157465927167978,exclude_>2500
94365,358,357,0.0012790747667569542,eligible_<1700
94396,256,203,0.0007273170242343465,eligible_<1700
94483,774,743,0.0026620519655473867,eligible_<1700
94571,151,148,0.0005302606876191296,eligible_<1700
94684,123,121,0.0004335239405534775,eligible_<1700
94724,324,321,0.001150092437336085,eligible_<1700
94732,483,471,0.0016875188099230406,eligible_<1700
94734,511,501,0.0017950040844404316,eligible_<1700
94837,438,437,0.0015657021654699973,eligible_<1700
95064,3314,3304,0.011837711566848675,exclude_>2500
101737,372,369,0.0013220688765639107,eligible_<1700
101786,440,434,0.0015549536380182582,eligible_<1700
101865,328,315,0.0011285953824326067,eligible_<1700
101929,239,232,0.0008312194562678246,eligible_<1700
101930,514,509,0.0018236668243117359,eligible_<1700
102104,5634,5556,0.019906272840620836,exclude_>2500
102219,170,165,0.0005911690098456511,eligible_<1700
102237,2618,2607,0.009340470355561289,exclude_>2500
102548,6788,6765,0.0242379294036717,exclude_>2500
102652,15598,15514,0.05558421829542686,exclude_>2500
103885,23836,23836,0.08540063344655116,exclude_>2500
103937,109,108,0.000386946988262608,eligible_<1700
104063,243,241,0.0008634650386230419,eligible_<1700
112092,1279,1269,0.004546627112085644,eligible_<1700
112840,124,122,0.00043710678303739056,eligible_<1700
113293,931,930,0.0033320435100391245,eligible_<1700
113301,153,151,0.0005410092150708686,eligible_<1700
113401,5070,5047,0.018082606016309098,exclude_>2500
113819,1321,1298,0.004650529544119123,eligible_<1700
113873,1676,1536,0.005503246055290425,eligible_<1700
113924,17981,17798,0.06376743052868424,exclude_>2500
118703,247,247,0.0008849620935265202,eligible_<1700
119012,1059,1058,0.003790647347979993,eligible_<1700
119109,127,126,0.0004514381529730427,eligible_<1700
119193,484,482,0.0017269300772460839,eligible_<1700
119407,1205,1197,0.0042886624532439055,eligible_<1700
119622,225,225,0.0008061395588804333,eligible_<1700
119632,1912,1904,0.006821732089370423,borderline_1700-2500
119639,126,125,0.0004478553104891297,eligible_<1700
119788,4955,4952,0.017742235980337362,exclude_>2500
119804,275,270,0.0009673674706565201,eligible_<1700
123370,672,665,0.00238259025180217,eligible_<1700
123540,26228,26140,0.09365550252948679,exclude_>2500
123570,4447,4435,0.01588990641615432,exclude_>2500
123609,639,638,0.002285853504736518,eligible_<1700
123955,1335,1283,0.0045967869068604264,eligible_<1700
124044,180,180,0.0006449116471043467,eligible_<1700
124052,1469,1468,0.005259612766384338,eligible_<1700
124172,6597,6533,0.023406709947403872,exclude_>2500
124361,41235,41235,0.1477385098241541,exclude_>2500
127048,109,109,0.0003905298307465211,eligible_<1700
127060,10324,10319,0.036971351591498634,exclude_>2500
127134,524,520,0.0018630780916347794,eligible_<1700
127282,372,371,0.0013292345615317368,eligible_<1700
127646,149,146,0.0005230950026513034,eligible_<1700
127721,137,136,0.0004872665778121731,eligible_<1700
127920,384,377,0.0013507316164352151,eligible_<1700
127981,355,353,0.0012647433968213022,eligible_<1700
127994,242,236,0.0008455508262034768,eligible_<1700
128063,1265,1263,0.004525130057182166,eligible_<1700
130999,485,478,0.0017125987073104319,eligible_<1700
131241,228,225,0.0008061395588804333,eligible_<1700
131246,493,493,0.0017663413445691274,eligible_<1700
131260,13978,13928,0.049901830115940786,exclude_>2500
131325,4328,4301,0.015409805523309974,exclude_>2500
131332,341,338,0.0012110007595626067,eligible_<1700
129820,653,649,0.0023252647720595613,eligible_<1700
129948,4822,4819,0.017265717929976925,exclude_>2500
129988,130,128,0.0004586038379408688,eligible_<1700
130347,103,99,0.00035470140590739067,eligible_<1700
130390,468,468,0.0016767702824713015,eligible_<1700
130556,132,132,0.0004729352078765209,eligible_<1700
130605,637,637,0.0022822706622526046,eligible_<1700
130882,2186,2180,0.007810596614930421,borderline_1700-2500
130899,1558,1547,0.005542657322613468,eligible_<1700
137336,206,204,0.0007308998667182596,eligible_<1700
137348,122,119,0.00042635825558565144,eligible_<1700
137397,1142,1140,0.004084440431660862,eligible_<1700
137408,6263,6255,0.02241067973687605,exclude_>2500
137423,1230,1220,0.004371067830373905,eligible_<1700
137500,136,134,0.000480100892844347,eligible_<1700
137669,388,384,0.0013758115138226062,eligible_<1700
137789,167,166,0.0005947518523295642,eligible_<1700
137931,331,329,0.0011787551772073893,eligible_<1700
137933,258,258,0.0009243733608495636,eligible_<1700
137988,4535,4484,0.016065465697866058,exclude_>2500
138091,106,106,0.00037978130329478196,eligible_<1700
138104,599,593,0.002124625592960431,eligible_<1700
138105,332,330,0.0011823380196913022,eligible_<1700
138233,1770,1760,0.006305802771686945,borderline_1700-2500
138338,208,208,0.0007452312366539117,eligible_<1700
141572,10999,10983,0.03935035900081689,exclude_>2500
141725,237,232,0.0008312194562678246,eligible_<1700
141734,182,182,0.0006520773320721727,eligible_<1700
142124,708,705,0.0025259039511586912,eligible_<1700
142197,767,760,0.0027229602877739084,eligible_<1700
142303,132,132,0.0004729352078765209,eligible_<1700
142333,124,123,0.00044068962552130356,eligible_<1700
142401,237,233,0.0008348022987517377,eligible_<1700
142557,356,351,0.001257577711853476,eligible_<1700
142558,328,322,0.001153675279819998,eligible_<1700
146144,127,123,0.00044068962552130356,eligible_<1700
146221,1606,1605,0.005750462186680425,eligible_<1700
146228,354,342,0.0012253321294982587,eligible_<1700
146312,3999,3962,0.014195221921263454,exclude_>2500
147253,2222,2220,0.007953910314286943,borderline_1700-2500
147370,1289,1277,0.004575289851956948,eligible_<1700
147431,707,704,0.002522321108674778,eligible_<1700
147445,130,130,0.00046576952290869485,eligible_<1700
147707,405,403,0.001443885521016954,eligible_<1700
147721,168,168,0.0006019175372973903,eligible_<1700
147930,1269,1267,0.004539461427117818,eligible_<1700
148074,112,111,0.00039769551571434714,eligible_<1700
148205,1078,1076,0.003855138512690428,eligible_<1700
148228,79974,79974,0.28653424480846124,exclude_>2500
150599,234,234,0.0008383851412356508,eligible_<1700
150605,329,329,0.0011787551772073893,eligible_<1700
150811,258,253,0.0009064591484299984,eligible_<1700
150996,234,230,0.0008240537712999985,eligible_<1700
150997,2293,2270,0.008133052438482594,borderline_1700-2500
151004,4026,3969,0.014220301818650844,exclude_>2500
151022,4596,4580,0.01640941857632171,exclude_>2500
151456,139,137,0.0004908494202960861,eligible_<1700
151683,115,113,0.0004048612006821732,eligible_<1700
152174,144,144,0.0005159293176834773,eligible_<1700
152242,1970,1961,0.007025954110953466,borderline_1700-2500
152488,100,98,0.00035111856342347767,eligible_<1700
152567,413,412,0.0014761311033721714,eligible_<1700
152902,162,158,0.0005660891124582599,eligible_<1700
155081,365,356,0.0012754919242730413,eligible_<1700
155258,160,160,0.0005732547974260859,eligible_<1700
155314,114,114,0.00040844404316608626,eligible_<1700
155362,15668,15624,0.05597833096865729,exclude_>2500
157354,42042,42042,0.1506298637086719,exclude_>2500
157779,197,197,0.0007058199693308683,eligible_<1700
157815,249,245,0.0008777964085586942,eligible_<1700
158267,187,183,0.0006556601745560858,eligible_<1700
158316,144,142,0.0005087636327156513,eligible_<1700
158340,1673,1667,0.0059725984206830335,eligible_<1700
158392,1325,1317,0.00471860355131347,eligible_<1700
158534,701,694,0.0024864926838356477,eligible_<1700
160081,1033,1013,0.003629419436203907,eligible_<1700
160234,124,118,0.0004227754131017384,eligible_<1700
160477,22715,22649,0.08114779941814639,exclude_>2500
163068,11270,11262,0.04034997205382863,exclude_>2500
163172,195,164,0.0005875861673617382,eligible_<1700
164928,32407,32407,0.1161091763761698,exclude_>2500
165004,287,278,0.0009960302105278243,eligible_<1700
165046,130,129,0.0004621866804247818,eligible_<1700
165186,488,469,0.0016803531249552145,eligible_<1700
165302,118,116,0.0004156097281339123,eligible_<1700
165469,564,562,0.0020135574759591267,eligible_<1700
165521,149,147,0.0005266778451352165,eligible_<1700
165563,514,513,0.0018379981942473881,eligible_<1700
165595,350,349,0.00125041202688565,eligible_<1700
165633,158,157,0.0005625062699743469,eligible_<1700
165948,1801,1800,0.006449116471043467,borderline_1700-2500
166019,172,171,0.0006126660647491293,eligible_<1700
166109,495,494,0.0017699241870530404,eligible_<1700
166210,151,150,0.0005374263725869556,eligible_<1700
166286,2504,2493,0.008932026312395203,exclude_>2500
166317,915,909,0.003256803817876951,eligible_<1700
166436,221,217,0.0007774768190091291,eligible_<1700
166571,1610,1608,0.005761210714132164,eligible_<1700
166633,692,677,0.002425584361609126,eligible_<1700
166650,218,211,0.0007559797641056509,eligible_<1700
166726,146,144,0.0005159293176834773,eligible_<1700
167791,93632,93632,0.3354687074537455,exclude_>2500
170318,541,541,0.001938317783796953,eligible_<1700
170430,360,359,0.0012862404517247803,eligible_<1700
170437,258,257,0.0009207905183656505,eligible_<1700
170537,307,307,0.0010999326425613024,eligible_<1700
170561,5915,5895,0.021120856442667355,exclude_>2500
170756,133,132,0.0004729352078765209,eligible_<1700
170825,215,213,0.000763145449073477,eligible_<1700
171037,488,486,0.0017412614471817361,eligible_<1700
171131,21799,21799,0.0781023833068203,exclude_>2500
174400,131,130,0.00046576952290869485,eligible_<1700
174524,922,915,0.003278300872780429,eligible_<1700
174837,1539,1539,0.005513994582742164,eligible_<1700
175088,346,346,0.001239663499433911,eligible_<1700
173536,492,478,0.0017125987073104319,eligible_<1700
173776,126,124,0.0004442724680052166,eligible_<1700
173784,248,245,0.0008777964085586942,eligible_<1700
174049,108,106,0.00037978130329478196,eligible_<1700
174078,2825,2819,0.010100032962150852,exclude_>2500
174182,250,247,0.0008849620935265202,eligible_<1700
176558,4427,4418,0.0158289980939278,exclude_>2500
176565,1207,1202,0.004306576665663471,eligible_<1700
176601,104,103,0.00036903277584304285,eligible_<1700
176606,1172,1165,0.0041740114937586885,eligible_<1700
176872,101,100,0.00035828424839130373,eligible_<1700
176963,214,213,0.000763145449073477,eligible_<1700
177147,690,688,0.0024649956289321696,eligible_<1700
177160,128,128,0.0004586038379408688,eligible_<1700
177197,1033,1027,0.0036795792309786894,eligible_<1700
177248,179,177,0.0006341631196526076,eligible_<1700
177249,1887,1882,0.006742909554724336,borderline_1700-2500
177478,5789,5785,0.02072674376943692,exclude_>2500
177499,502,499,0.0017878383994726055,eligible_<1700
177678,3183,3182,0.011400604783811285,exclude_>2500
177698,245,243,0.0008706307235908681,eligible_<1700
177702,775,770,0.0027587887126130388,eligible_<1700
177725,230,228,0.0008168880863321725,eligible_<1700
178900,91984,91984,0.3295641830402568,exclude_>2500
181687,5803,5794,0.02075898935179214,exclude_>2500
181761,1490,1490,0.005338435301030425,eligible_<1700
181810,5896,5872,0.021038451065537353,exclude_>2500
181956,258,257,0.0009207905183656505,eligible_<1700
182064,254,253,0.0009064591484299984,eligible_<1700
182077,360,360,0.0012898232942086935,eligible_<1700
182094,1344,1337,0.0047902604009917304,eligible_<1700
182116,1104,1100,0.003941126732304341,eligible_<1700
182168,141,137,0.0004908494202960861,eligible_<1700
182189,3225,3216,0.011522421428264328,exclude_>2500
182194,317,312,0.0011178468549808676,eligible_<1700
182453,558,552,0.0019777290511199964,eligible_<1700
182581,109,106,0.00037978130329478196,eligible_<1700
182605,479,477,0.0017090158648265187,eligible_<1700
182619,496,496,0.0017770898720208665,eligible_<1700
182694,2614,2610,0.009351218883013027,exclude_>2500
182874,21924,21924,0.07855023861730943,exclude_>2500
180852,4228,4208,0.01507660117230606,exclude_>2500
180867,729,721,0.0025832294309012997,eligible_<1700
184802,101,101,0.0003618670908752168,eligible_<1700
184842,1132,1121,0.004016366424466514,eligible_<1700
184919,579,576,0.0020637172707339093,eligible_<1700
185021,354,354,0.0012683262393052151,eligible_<1700
185262,235,235,0.0008419679837195637,eligible_<1700
185344,278,278,0.0009960302105278243,eligible_<1700
185497,247,242,0.000867047881106955,eligible_<1700
185538,894,890,0.003188729810682603,eligible_<1700
185589,3674,3665,0.013131117703541282,exclude_>2500
185709,1045,1036,0.0037118248133339066,eligible_<1700
186701,866,862,0.0030884102211330383,eligible_<1700
187056,194,187,0.0006699915444917379,eligible_<1700
187273,1814,1801,0.00645269931352738,borderline_1700-2500
187289,707,699,0.002504406896255213,eligible_<1700
187353,482,478,0.0017125987073104319,eligible_<1700
187377,3611,3598,0.012891067257119108,exclude_>2500
187488,134,130,0.00046576952290869485,eligible_<1700
187645,31598,31598,0.11321065680668416,exclude_>2500
187700,1552,1540,0.0055175774252260775,eligible_<1700
187988,813,797,0.0028555254596786908,eligible_<1700
188178,472,467,0.0016731874399873883,eligible_<1700
188225,163,161,0.000576837639909999,eligible_<1700
191065,192,190,0.0006807400719434771,eligible_<1700
191067,209,208,0.0007452312366539117,eligible_<1700
191070,220,219,0.0007846425039769551,eligible_<1700
193867,642,635,0.0022751049772847787,eligible_<1700
193927,1223,1222,0.0043782335153417316,eligible_<1700
194088,140,140,0.0005015979477478252,eligible_<1700
194100,1254,1250,0.004478553104891297,eligible_<1700
194194,221,220,0.0007882253464608682,eligible_<1700
194286,722,720,0.002579646588417387,eligible_<1700
194301,100,97,0.0003475357209395646,eligible_<1700
194392,124,114,0.00040844404316608626,eligible_<1700
201808,42615,42615,0.15268283245195408,exclude_>2500
201920,730,723,0.002590395115869126,eligible_<1700
202204,168,166,0.0005947518523295642,eligible_<1700
202207,326,326,0.0011680066497556502,eligible_<1700
202265,102,102,0.0003654499333591298,eligible_<1700
202408,6836,6828,0.02446364848015822,exclude_>2500
202582,727,726,0.002601143643320865,eligible_<1700
202732,1648,1636,0.005861530303681729,eligible_<1700
202884,143,142,0.0005087636327156513,eligible_<1700
203042,281,281,0.0010067787379795634,eligible_<1700
203102,1135,1131,0.004052194849305645,eligible_<1700
203104,163,161,0.000576837639909999,eligible_<1700
203321,197,187,0.0006699915444917379,eligible_<1700
203411,1121,1120,0.004012783581982602,eligible_<1700
204837,1048,1047,0.00375123608065695,eligible_<1700
204879,437,433,0.001551370795534345,eligible_<1700
204892,175,175,0.0006269974346847816,eligible_<1700
205080,231,227,0.0008133052438482595,eligible_<1700
205101,204,200,0.0007165684967826075,eligible_<1700
205125,2452,2429,0.008702724393424767,borderline_1700-2500
205308,497,493,0.0017663413445691274,eligible_<1700
205317,1994,1966,0.0070438683233730315,borderline_1700-2500
205359,5287,5271,0.01888516273270562,exclude_>2500
205418,3033,3030,0.010856012726256503,exclude_>2500
205498,892,887,0.003177981283230864,eligible_<1700
205610,4481,4466,0.016000974533155625,exclude_>2500
215455,132,132,0.0004729352078765209,eligible_<1700
215613,1495,1486,0.0053241039310947735,eligible_<1700
216094,1989,1980,0.007094028118147814,borderline_1700-2500
216199,933,915,0.003278300872780429,eligible_<1700
216201,3372,3356,0.012024019376012152,exclude_>2500
216224,203,201,0.0007201513392665205,eligible_<1700
216357,267,263,0.0009422875732691288,eligible_<1700
216428,2067,2060,0.007380655516860857,borderline_1700-2500
216482,413,410,0.0014689654184043453,eligible_<1700
216600,7022,7011,0.025119308654714304,exclude_>2500
216710,184,180,0.0006449116471043467,eligible_<1700
216798,509,505,0.0018093354543760839,eligible_<1700
216856,707,704,0.002522321108674778,eligible_<1700
216865,281,251,0.0008992934634621723,eligible_<1700
216907,121,120,0.0004299410980695645,eligible_<1700
216974,736,735,0.0026333892256760823,eligible_<1700
217098,173,171,0.0006126660647491293,eligible_<1700
217099,409,408,0.0014617997334365192,eligible_<1700
217321,761,756,0.002708628917838256,eligible_<1700
221107,16750,16745,0.05999469739312381,exclude_>2500
221194,16015,15987,0.05727890279031773,exclude_>2500
221198,252,251,0.0008992934634621723,eligible_<1700
221366,659,642,0.00230018487467217,eligible_<1700
221368,277,271,0.0009709503131404331,eligible_<1700
221669,360,359,0.0012862404517247803,eligible_<1700
222424,133,133,0.00047651805036043397,eligible_<1700
222531,228,225,0.0008061395588804333,eligible_<1700
223049,2240,2237,0.008014818636513465,borderline_1700-2500
223096,129,129,0.0004621866804247818,eligible_<1700
223167,131,128,0.0004586038379408688,eligible_<1700
223518,477,471,0.0016875188099230406,eligible_<1700
223538,374,364,0.0013041546641443455,eligible_<1700
223619,132,127,0.00045502099545695573,eligible_<1700
223742,707,702,0.002515155423706952,eligible_<1700
223750,3596,3593,0.012873153044699543,exclude_>2500
228553,350,348,0.001246829184401737,eligible_<1700
228580,477,476,0.0017054330223426058,eligible_<1700
228660,4169,4122,0.01476847671868954,exclude_>2500
228766,355,351,0.001257577711853476,eligible_<1700
229218,1663,1653,0.005922438625908251,eligible_<1700
229265,2281,2280,0.008168880863321725,borderline_1700-2500
229315,299,296,0.0010605213752382591,eligible_<1700
229543,451,448,0.0016051134327930406,eligible_<1700
229741,1163,1159,0.00415251443885521,eligible_<1700
229965,183,183,0.0006556601745560858,eligible_<1700
230080,6483,6476,0.02320248792582083,exclude_>2500
230275,354,353,0.0012647433968213022,eligible_<1700
230303,2149,2141,0.0076708657580578125,borderline_1700-2500
232956,103,102,0.0003654499333591298,eligible_<1700
232979,728,727,0.0026047264858047783,eligible_<1700
232980,527,517,0.0018523295641830403,eligible_<1700
233006,664,664,0.0023790074093182566,eligible_<1700
233208,1305,1292,0.0046290324892156445,eligible_<1700
233371,14742,14733,0.052786018315490776,exclude_>2500
233571,1787,1773,0.006352379723977815,borderline_1700-2500
233676,2041,2039,0.007305415824698683,borderline_1700-2500
233868,945,930,0.0033320435100391245,eligible_<1700
233896,883,861,0.003084827378649125,eligible_<1700
233960,263,263,0.0009422875732691288,eligible_<1700
233996,108,107,0.00038336414577869497,eligible_<1700
234432,334,334,0.0011966693896269544,eligible_<1700
234465,205,201,0.0007201513392665205,eligible_<1700
234477,3766,3756,0.013457156369577368,exclude_>2500
234511,163,160,0.0005732547974260859,eligible_<1700
234671,2897,2891,0.010357997620992591,exclude_>2500
234673,124,121,0.0004335239405534775,eligible_<1700
234846,210,209,0.0007488140791378248,eligible_<1700
234860,136,135,0.00048368373532826003,eligible_<1700
235014,1523,1518,0.0054387548905799905,eligible_<1700
235328,185,180,0.0006449116471043467,eligible_<1700
235362,178,167,0.0005983346948134772,eligible_<1700
235375,3049,3026,0.01084168135632085,exclude_>2500
235628,224,222,0.0007953910314286943,eligible_<1700
235899,168,167,0.0005983346948134772,eligible_<1700
235922,1800,1792,0.006420453731172162,borderline_1700-2500
236143,191,188,0.000673574386975651,eligible_<1700
236178,197,196,0.0007022371268469553,eligible_<1700
236191,7212,7210,0.025832294309012998,exclude_>2500
236301,534,532,0.0019060722014417359,eligible_<1700
236365,205,204,0.0007308998667182596,eligible_<1700
236457,29761,29761,0.1066289751637359,exclude_>2500
242574,7599,7591,0.027197357295383865,exclude_>2500
243358,1181,1174,0.004206257076113906,eligible_<1700
243538,625,623,0.002232110867477822,eligible_<1700
243993,430,429,0.001537039425598693,eligible_<1700
245654,13571,13554,0.04856184702695731,exclude_>2500
245655,6220,6215,0.022267366037519526,exclude_>2500
245658,1688,1683,0.006029923900425642,eligible_<1700
245824,240,235,0.0008419679837195637,eligible_<1700
245904,292,287,0.0010282757928830417,eligible_<1700
245961,4137,4131,0.014800722301044757,exclude_>2500
246146,266,266,0.0009530361007208679,eligible_<1700
246192,13305,13294,0.047630307981139916,exclude_>2500
246530,381,379,0.001357897301403041,eligible_<1700
246532,251,249,0.0008921277784943463,eligible_<1700
246684,6567,6563,0.023514195221921264,exclude_>2500
246784,15227,15210,0.054495034180317294,exclude_>2500
246862,196,191,0.0006843229144273902,eligible_<1700
252892,169,168,0.0006019175372973903,eligible_<1700
253074,131,131,0.00046935236539260786,eligible_<1700
253106,897,893,0.003199478338134342,eligible_<1700
253185,1848,1844,0.006606761540335641,borderline_1700-2500
255683,1175,1172,0.004199091391146079,eligible_<1700
255692,3891,3889,0.013933674419937802,exclude_>2500
255702,119,119,0.00042635825558565144,eligible_<1700
255902,221,215,0.000770311134041303,eligible_<1700
255970,173,171,0.0006126660647491293,eligible_<1700
256159,280,278,0.0009960302105278243,eligible_<1700
256320,1755,1753,0.0062807228742995545,borderline_1700-2500
256381,108,107,0.00038336414577869497,eligible_<1700
256397,156,156,0.0005589234274904338,eligible_<1700
256479,205,204,0.0007308998667182596,eligible_<1700
256513,801,800,0.00286627398713043,eligible_<1700
256572,148,143,0.0005123464751995643,eligible_<1700
261529,468,467,0.0016731874399873883,eligible_<1700
261588,107,106,0.00037978130329478196,eligible_<1700
261624,155,144,0.0005159293176834773,eligible_<1700
262114,1346,1340,0.0048010089284434695,eligible_<1700
262211,3738,3726,0.013349671095059976,exclude_>2500
262273,274,273,0.0009781159981082591,eligible_<1700
262275,331,331,0.0011859208621752154,eligible_<1700
262543,14816,14794,0.05300457170700947,exclude_>2500
264220,11702,11659,0.041772360519942105,exclude_>2500
264241,6445,6441,0.023077088438883873,exclude_>2500
264295,165,164,0.0005875861673617382,eligible_<1700
264314,181,180,0.0006449116471043467,eligible_<1700
264647,2764,2751,0.009856399673244766,exclude_>2500
264806,997,993,0.003557762586525646,eligible_<1700
264925,311,309,0.0011070983275291285,eligible_<1700
264970,111,111,0.00039769551571434714,eligible_<1700
264991,233,231,0.0008276366137839116,eligible_<1700
265026,114,112,0.00040127835819826015,eligible_<1700
265226,104,98,0.00035111856342347767,eligible_<1700
265681,251,250,0.0008957106209782593,eligible_<1700
265785,397,395,0.0014152227811456497,eligible_<1700
266179,1060,1058,0.003790647347979993,eligible_<1700
266192,91388,91386,0.3274216432348768,exclude_>2500
269210,9295,9291,0.03328818951803603,exclude_>2500
276923,185,183,0.0006556601745560858,eligible_<1700
277080,561,555,0.001988477578571736,eligible_<1700
277410,512,505,0.0018093354543760839,eligible_<1700
277469,138,137,0.0004908494202960861,eligible_<1700
277538,265,263,0.0009422875732691288,eligible_<1700
277699,1385,1378,0.0049371569428321655,eligible_<1700
277700,3568,3557,0.012744170715278674,exclude_>2500
277903,107,107,0.00038336414577869497,eligible_<1700
278139,124,120,0.0004299410980695645,eligible_<1700
278553,1913,1906,0.006828897774338249,borderline_1700-2500
278554,813,813,0.0029128509394212992,eligible_<1700
278784,100,100,0.00035828424839130373,eligible_<1700
279014,321,318,0.001139343909884346,eligible_<1700
279198,540,538,0.001927569256345214,eligible_<1700
279537,13383,13378,0.04793126674978861,exclude_>2500
279613,2793,2781,0.009963884947762156,exclude_>2500
279643,124,124,0.0004442724680052166,eligible_<1700
279720,1767,1762,0.006312968456654772,borderline_1700-2500
279741,164,158,0.0005660891124582599,eligible_<1700
280032,1430,1427,0.005112716224543904,eligible_<1700
280106,128,125,0.0004478553104891297,eligible_<1700
280131,191,189,0.000677157229459564,eligible_<1700
280453,2186,2184,0.007824927984866073,borderline_1700-2500
280475,166,164,0.0005875861673617382,eligible_<1700
280480,3497,3496,0.012525617323759978,exclude_>2500
280655,148,148,0.0005302606876191296,eligible_<1700
280979,115,113,0.0004048612006821732,eligible_<1700
283294,2235,2232,0.0079969044240939,borderline_1700-2500
283355,8729,8705,0.03118864382246299,exclude_>2500
281259,22286,22275,0.07980781632916291,exclude_>2500
281260,329,323,0.0011572581223039111,eligible_<1700
281429,104,103,0.00036903277584304285,eligible_<1700
281442,3543,3543,0.01269401092050389,exclude_>2500
281549,3237,3232,0.011579746908006937,exclude_>2500
281663,101,98,0.00035111856342347767,eligible_<1700
281961,258,256,0.0009172076758817376,eligible_<1700
282131,297,297,0.001064104217722172,eligible_<1700
282246,209,208,0.0007452312366539117,eligible_<1700
282291,973,968,0.00346819152442782,eligible_<1700
282391,981,980,0.0035111856342347767,eligible_<1700
282438,170,170,0.0006090832222652163,eligible_<1700
282707,306,306,0.0010963498000773895,eligible_<1700
283155,20011,19977,0.07157444430113075,exclude_>2500
283229,123,121,0.0004335239405534775,eligible_<1700
291457,33528,33528,0.12012554280063631,exclude_>2500
295488,1459,1447,0.005184373074222165,eligible_<1700
295503,157,157,0.0005625062699743469,eligible_<1700
295535,549,548,0.0019633976811843446,eligible_<1700
295564,2193,2177,0.007799848087478682,borderline_1700-2500
295574,233,231,0.0008276366137839116,eligible_<1700
295604,101,94,0.0003367871934878255,eligible_<1700
295770,6858,6849,0.024538888172320392,exclude_>2500
295785,1160,1149,0.00411668601401608,eligible_<1700
295796,126,125,0.0004478553104891297,eligible_<1700
295905,1745,1744,0.006248477291944337,borderline_1700-2500
295931,150,142,0.0005087636327156513,eligible_<1700
295944,1470,1458,0.005223784341545208,eligible_<1700
300751,1233,1225,0.004388982042793471,eligible_<1700
300757,167,164,0.0005875861673617382,eligible_<1700
300905,3990,3976,0.014245381716038235,exclude_>2500
301009,123,122,0.00043710678303739056,eligible_<1700
301084,849,848,0.0030382504263582557,eligible_<1700
301387,109,108,0.000386946988262608,eligible_<1700
301480,112,110,0.0003941126732304341,eligible_<1700
301919,2255,2249,0.008057812746320421,borderline_1700-2500
302193,641,638,0.002285853504736518,eligible_<1700
302260,5580,5569,0.019952849792911703,exclude_>2500
302270,632,632,0.0022643564498330397,eligible_<1700
302281,343,342,0.0012253321294982587,eligible_<1700
302413,360,356,0.0012754919242730413,eligible_<1700
302425,1746,1743,0.006244894449460424,borderline_1700-2500
302840,222,220,0.0007882253464608682,eligible_<1700
302911,116,116,0.0004156097281339123,eligible_<1700
302914,139,138,0.0004944322627799991,eligible_<1700
302990,100,100,0.00035828424839130373,eligible_<1700
303036,159,158,0.0005660891124582599,eligible_<1700
303159,479,477,0.0017090158648265187,eligible_<1700
303672,2632,2629,0.009419292890207374,exclude_>2500
303734,333,329,0.0011787551772073893,eligible_<1700
312804,2081,2077,0.007441563839087379,borderline_1700-2500
313008,587,583,0.0020887971681213006,eligible_<1700
313073,448,397,0.0014223884661134758,eligible_<1700
313471,145,144,0.0005159293176834773,eligible_<1700
313698,1155,1154,0.004134600226435645,eligible_<1700
313919,449,441,0.0015800335354056495,eligible_<1700
314393,205,205,0.0007344827092021726,eligible_<1700
314401,269,269,0.000963784628172607,eligible_<1700
314413,422,414,0.0014832967883399975,eligible_<1700
320390,3380,3367,0.012063430643335196,exclude_>2500
320446,252,251,0.0008992934634621723,eligible_<1700
321108,1333,1330,0.00476518050360434,eligible_<1700
321539,882,873,0.0031278214884560814,eligible_<1700
321641,556,552,0.0019777290511199964,eligible_<1700
321756,318,314,0.0011250125399486937,eligible_<1700
321928,108,108,0.000386946988262608,eligible_<1700
322124,226,224,0.0008025567163965203,eligible_<1700
322339,442,440,0.0015764506929217363,eligible_<1700
322499,199,195,0.0006986542843630423,eligible_<1700
322560,184,183,0.0006556601745560858,eligible_<1700
322563,869,859,0.003077661693681299,eligible_<1700
322564,1124,1121,0.004016366424466514,eligible_<1700
322568,259,257,0.0009207905183656505,eligible_<1700
322589,1292,1288,0.004614701119279992,eligible_<1700
322656,1285,1283,0.0045967869068604264,eligible_<1700
322739,237,236,0.0008455508262034768,eligible_<1700
323156,2135,2133,0.007642203018186508,borderline_1700-2500
323262,1240,1234,0.004421227625148688,eligible_<1700
323317,170,170,0.0006090832222652163,eligible_<1700
323367,275,273,0.0009781159981082591,eligible_<1700
331787,4370,4338,0.015542370695214755,exclude_>2500
331808,121,118,0.0004227754131017384,eligible_<1700
332015,733,723,0.002590395115869126,eligible_<1700
332290,3439,3417,0.012242572767530848,exclude_>2500
332772,9032,9028,0.0323459019447669,exclude_>2500
332800,3940,3928,0.01407340527681041,exclude_>2500
338980,170,169,0.0006055003797813033,eligible_<1700
339598,262,259,0.0009279562033334766,eligible_<1700
339741,152,149,0.0005338435301030425,eligible_<1700
339742,128,127,0.00045502099545695573,eligible_<1700
339906,3389,3379,0.012106424753142152,exclude_>2500
340288,735,733,0.0026262235407082564,eligible_<1700
340325,2222,2215,0.007935996101867378,borderline_1700-2500
340466,5764,5760,0.020637172707339096,exclude_>2500
340790,716,714,0.0025581495335139084,eligible_<1700
340858,127,126,0.0004514381529730427,eligible_<1700
340897,908,906,0.003246055290425212,eligible_<1700
340899,430,428,0.0015334565831147799,eligible_<1700
341027,351,344,0.0012324978144660848,eligible_<1700
341164,622,614,0.002199865285122605,eligible_<1700
341245,784,781,0.0027981999799360823,eligible_<1700
341308,114,111,0.00039769551571434714,eligible_<1700
341358,799,796,0.0028519426171947776,eligible_<1700
341496,1381,1379,0.004940739785316078,eligible_<1700
350205,1465,1464,0.0052452813964486865,eligible_<1700
350458,1826,1824,0.00653510469065738,borderline_1700-2500
350469,237,236,0.0008455508262034768,eligible_<1700
350636,1448,1442,0.005166458861802599,eligible_<1700
350759,205,205,0.0007344827092021726,eligible_<1700
350933,5721,5713,0.020468779110595182,exclude_>2500
351038,583,581,0.0020816314831534747,eligible_<1700
351040,6320,6316,0.022629233128394745,exclude_>2500
351077,668,663,0.002375424566834344,eligible_<1700
351155,348,346,0.001239663499433911,eligible_<1700
351488,272,269,0.000963784628172607,eligible_<1700
351616,177,176,0.0006305802771686945,eligible_<1700
351735,341,341,0.0012217492870143457,eligible_<1700
351810,873,872,0.0031242386459721687,eligible_<1700
351869,101,100,0.00035828424839130373,eligible_<1700
351991,237,237,0.0008491336686873898,eligible_<1700
351998,218,183,0.0006556601745560858,eligible_<1700
352026,108,104,0.00037261561832695585,eligible_<1700
352135,286,270,0.0009673674706565201,eligible_<1700
352179,1028,1025,0.003672413546010863,eligible_<1700
352482,170,158,0.0005660891124582599,eligible_<1700
352574,2778,2772,0.00993163936540694,exclude_>2500
352810,169,168,0.0006019175372973903,eligible_<1700
352963,113,105,0.0003761984608108689,eligible_<1700
353152,1339,1338,0.004793843243475644,eligible_<1700
353545,5657,5643,0.02021798013672127,exclude_>2500
353546,425,425,0.0015227080556630408,eligible_<1700
353572,489,487,0.001744844289665649,eligible_<1700
353905,542,538,0.001927569256345214,eligible_<1700
354201,208,206,0.0007380655516860857,eligible_<1700
354254,429,426,0.001526290898146954,eligible_<1700
354258,185,184,0.0006592430170399989,eligible_<1700
354335,192,189,0.000677157229459564,eligible_<1700
354342,286,283,0.0010139444229473895,eligible_<1700
354570,1475,1452,0.00520228728664173,eligible_<1700
354720,107,107,0.00038336414577869497,eligible_<1700
354729,752,748,0.0026799661779669517,eligible_<1700
354842,160,158,0.0005660891124582599,eligible_<1700
354886,1015,1009,0.0036150880662682546,eligible_<1700
366013,28124,28124,0.10076386201757026,exclude_>2500
366488,303,301,0.0010784355876578243,eligible_<1700
366575,114,114,0.00040844404316608626,eligible_<1700
366790,457,456,0.001633776172664345,eligible_<1700
366800,166,160,0.0005732547974260859,eligible_<1700
367041,2494,2492,0.008928443469911288,borderline_1700-2500
409858,167,165,0.0005911690098456511,eligible_<1700
409978,152,150,0.0005374263725869556,eligible_<1700
410625,142,142,0.0005087636327156513,eligible_<1700
411567,2077,2072,0.007423649626667813,borderline_1700-2500
412911,847,844,0.0030239190564226035,eligible_<1700
413246,1645,1642,0.005883027358585207,eligible_<1700
414302,365,365,0.0013077375066282587,eligible_<1700
286751,3873,3817,0.013675709761096062,exclude_>2500
393456,252,251,0.0008992934634621723,eligible_<1700
393530,457,452,0.0016194448027286928,eligible_<1700
393672,1835,1828,0.006549436060593032,borderline_1700-2500
393887,413,413,0.0014797139458560843,eligible_<1700
393888,408,408,0.0014617997334365192,eligible_<1700
393910,204,201,0.0007201513392665205,eligible_<1700
394127,278,276,0.0009888645255599982,eligible_<1700
394334,1017,1016,0.003640167963655646,eligible_<1700
394960,119,119,0.00042635825558565144,eligible_<1700
394961,308,308,0.0011035154850452154,eligible_<1700
395364,389,388,0.0013901428837582584,eligible_<1700
396091,165,165,0.0005911690098456511,eligible_<1700
396618,689,689,0.0024685784714160827,eligible_<1700
396649,129,128,0.0004586038379408688,eligible_<1700
24,688,671,0.002404087306705648,eligible_<1700
25,316,307,0.0010999326425613024,eligible_<1700
34,541,513,0.0018379981942473881,eligible_<1700
37,144,139,0.0004980151052639122,eligible_<1700
39,111,110,0.0003941126732304341,eligible_<1700
41,19425,19336,0.06927784226894249,exclude_>2500
42,28453,28453,0.10194261719477765,exclude_>2500
44,1739,1731,0.0062019003396534675,borderline_1700-2500
46,8446,8430,0.030203362139386902,exclude_>2500
74,18815,18435,0.06604970119093684,exclude_>2500
77,667,627,0.0022464422374134743,eligible_<1700
83,146,132,0.0004729352078765209,eligible_<1700
90,612,601,0.0021532883328317354,eligible_<1700
95,1064,1058,0.003790647347979993,eligible_<1700
99,2449,2324,0.008326525932613899,borderline_1700-2500
106,3517,3484,0.012482623213953022,exclude_>2500
110,1936,1927,0.006904137466500423,borderline_1700-2500
112,10244,10204,0.036559324705848634,exclude_>2500
216,750,747,0.002676383335483039,eligible_<1700
291,174,171,0.0006126660647491293,eligible_<1700
293,1539,1527,0.005471000472935208,eligible_<1700
295,338,336,0.0012038350745947805,eligible_<1700
296,1182,1178,0.0042205884460495575,eligible_<1700
305,351,351,0.001257577711853476,eligible_<1700
312,966,954,0.0034180317296530374,eligible_<1700
316,313,302,0.0010820184301417372,eligible_<1700
317,225,224,0.0008025567163965203,eligible_<1700
329,684,545,0.0019526491537326053,eligible_<1700
330,446,421,0.0015083766857273886,eligible_<1700
334,807,763,0.0027337088152256475,eligible_<1700
340,3744,3726,0.013349671095059976,exclude_>2500
350,322,322,0.001153675279819998,eligible_<1700
357,2144,2143,0.007678031443025639,borderline_1700-2500
360,304,300,0.0010748527451739111,eligible_<1700
363,862,858,0.003074078851197386,eligible_<1700
371,853,849,0.0030418332688421684,eligible_<1700
374,182,182,0.0006520773320721727,eligible_<1700
378,120,120,0.0004299410980695645,eligible_<1700
383,115,115,0.00041202688564999926,eligible_<1700
399,203,197,0.0007058199693308683,eligible_<1700
403,1857,1848,0.006621092910271293,borderline_1700-2500
416,270,264,0.0009458704157530418,eligible_<1700
417,355,354,0.0012683262393052151,eligible_<1700
421,5628,5562,0.019927769895524312,exclude_>2500
422,720,696,0.002493658368803474,eligible_<1700
535,197,193,0.0006914885993952162,eligible_<1700
536,250,249,0.0008921277784943463,eligible_<1700
538,135,134,0.000480100892844347,eligible_<1700
541,381,376,0.001347148773951302,eligible_<1700
542,1178,1170,0.004191925706178254,eligible_<1700
704,600,596,0.00213537412041217,eligible_<1700
706,487,376,0.001347148773951302,eligible_<1700
710,399,374,0.0013399830889834759,eligible_<1700
713,2890,2805,0.010049873167376069,exclude_>2500
719,445,440,0.0015764506929217363,eligible_<1700
723,448,432,0.001547787953050432,eligible_<1700
730,1024,928,0.0033248778250712986,eligible_<1700
741,124,102,0.0003654499333591298,eligible_<1700
755,439,376,0.001347148773951302,eligible_<1700
756,474,471,0.0016875188099230406,eligible_<1700
764,1620,1581,0.005664473967066512,eligible_<1700
772,301,296,0.0010605213752382591,eligible_<1700
794,185,178,0.0006377459621365206,eligible_<1700
795,423,402,0.001440302678533041,eligible_<1700
798,1138,1065,0.0038157272453673845,eligible_<1700
804,843,813,0.0029128509394212992,eligible_<1700
805,1672,1635,0.005857947461197816,eligible_<1700
811,19047,18783,0.06729653037533857,exclude_>2500
815,5472,5374,0.019254195508548663,exclude_>2500
816,417,409,0.0014653825759204323,eligible_<1700
1041,4560,4547,0.01629118477435258,exclude_>2500
1271,175,174,0.0006234145922008685,eligible_<1700
1275,3030,2938,0.010526391217736504,exclude_>2500
1288,164,158,0.0005660891124582599,eligible_<1700
1297,1542,1492,0.005345600985998252,eligible_<1700
1312,258,258,0.0009243733608495636,eligible_<1700
1329,200,198,0.0007094028118147813,eligible_<1700
1331,190,175,0.0006269974346847816,eligible_<1700
1337,159,154,0.0005517577425226077,eligible_<1700
1338,599,597,0.002138956962896083,eligible_<1700
1348,178,169,0.0006055003797813033,eligible_<1700
1356,247,245,0.0008777964085586942,eligible_<1700
1362,343,341,0.0012217492870143457,eligible_<1700
1371,269,237,0.0008491336686873898,eligible_<1700
1380,361,352,0.001261160554337389,eligible_<1700
1383,432,425,0.0015227080556630408,eligible_<1700
1404,197,197,0.0007058199693308683,eligible_<1700
1413,506,479,0.0017161815497943448,eligible_<1700
1414,135,121,0.0004335239405534775,eligible_<1700
1417,715,709,0.0025402353210943435,eligible_<1700
1420,944,919,0.0032926322427160814,eligible_<1700
1423,905,781,0.0027981999799360823,eligible_<1700
1425,819,704,0.002522321108674778,eligible_<1700
1430,642,519,0.0018594952491508662,eligible_<1700
1442,1270,1072,0.003840807142754776,eligible_<1700
1445,866,855,0.003063330323745647,eligible_<1700
1449,277,274,0.0009816988405921723,eligible_<1700
1450,175,171,0.0006126660647491293,eligible_<1700
1452,700,689,0.0024685784714160827,eligible_<1700
1464,126,123,0.00044068962552130356,eligible_<1700
2453,27380,27101,0.09709861415652722,exclude_>2500
2457,247,233,0.0008348022987517377,eligible_<1700
2464,251,209,0.0007488140791378248,eligible_<1700
2484,425,416,0.0014904624733078234,eligible_<1700
2492,123,123,0.00044068962552130356,eligible_<1700
2494,158,152,0.0005445920575547817,eligible_<1700
2510,131,130,0.00046576952290869485,eligible_<1700
2511,21275,21275,0.07622497384524987,exclude_>2500
2516,735,696,0.002493658368803474,eligible_<1700
2531,109,103,0.00036903277584304285,eligible_<1700
2533,1162,1158,0.004148931596371297,eligible_<1700
2535,1182,1164,0.004170428651274776,eligible_<1700
2536,785,779,0.002791034294968256,eligible_<1700
2541,656,645,0.002310933402123909,eligible_<1700
2553,186,182,0.0006520773320721727,eligible_<1700
2569,2788,2763,0.009899393783051722,exclude_>2500
2578,1122,1089,0.0039017154649812974,eligible_<1700
3065,189,184,0.0006592430170399989,eligible_<1700
3977,185,184,0.0006592430170399989,eligible_<1700
4000,101,98,0.00035111856342347767,eligible_<1700
4035,868,844,0.0030239190564226035,eligible_<1700
4040,3013,2938,0.010526391217736504,exclude_>2500
4076,200,188,0.000673574386975651,eligible_<1700
4125,188,146,0.0005230950026513034,eligible_<1700
4126,136,101,0.0003618670908752168,eligible_<1700
4127,179,176,0.0006305802771686945,eligible_<1700
4149,894,866,0.00310274159106869,eligible_<1700
4150,161,158,0.0005660891124582599,eligible_<1700
4154,1705,1671,0.005986929790618685,borderline_1700-2500
4205,225,181,0.0006484944895882597,eligible_<1700
4211,400,332,0.0011895037046591283,eligible_<1700
4217,109,90,0.00032245582355217337,eligible_<1700
4219,174,174,0.0006234145922008685,eligible_<1700
4235,173,129,0.0004621866804247818,eligible_<1700
4242,127,102,0.0003654499333591298,eligible_<1700
4270,138,112,0.00040127835819826015,eligible_<1700
4276,111,94,0.0003367871934878255,eligible_<1700
4281,207,205,0.0007344827092021726,eligible_<1700
4282,469,457,0.001637359015148258,eligible_<1700
4324,4707,4599,0.016477492583516058,exclude_>2500
4327,375,371,0.0013292345615317368,eligible_<1700
4328,268,268,0.000960201785688694,eligible_<1700
4330,291,291,0.001042607162818694,eligible_<1700
4331,286,274,0.0009816988405921723,eligible_<1700
4346,224,153,0.0005481749000386947,eligible_<1700
4352,223,219,0.0007846425039769551,eligible_<1700
4356,754,749,0.002683549020450865,eligible_<1700
4358,614,454,0.001626610487696519,eligible_<1700
4368,199,145,0.0005195121601673904,eligible_<1700
4375,292,289,0.0010354414778508678,eligible_<1700
4390,12915,12821,0.04593562348624905,exclude_>2500
4396,3824,3794,0.013593304383966063,exclude_>2500
5725,156,151,0.0005410092150708686,eligible_<1700
5740,388,349,0.00125041202688565,eligible_<1700
5757,296,292,0.0010461900053026069,eligible_<1700
5777,111,103,0.00036903277584304285,eligible_<1700
5778,121,93,0.0003332043510039125,eligible_<1700
5781,1528,1525,0.005463834787967382,eligible_<1700
6610,109,107,0.00038336414577869497,eligible_<1700
6644,616,600,0.0021497054903478223,eligible_<1700
6663,543,533,0.0019096550439256488,eligible_<1700
6725,119,102,0.0003654499333591298,eligible_<1700
6732,123,101,0.0003618670908752168,eligible_<1700
6778,555,549,0.0019669805236682573,eligible_<1700
6795,2133,2060,0.007380655516860857,borderline_1700-2500
6814,128,94,0.0003367871934878255,eligible_<1700
6824,182,179,0.0006413288046204337,eligible_<1700
6868,109,104,0.00037261561832695585,eligible_<1700
6891,132,127,0.00045502099545695573,eligible_<1700
6946,197,162,0.000580420482393912,eligible_<1700
6978,234,226,0.0008097224013643464,eligible_<1700
7067,156,153,0.0005481749000386947,eligible_<1700
7089,186,147,0.0005266778451352165,eligible_<1700
7097,146,139,0.0004980151052639122,eligible_<1700
7109,204,129,0.0004621866804247818,eligible_<1700
7164,276,267,0.000956618943204781,eligible_<1700
7177,122,98,0.00035111856342347767,eligible_<1700
7184,105,100,0.00035828424839130373,eligible_<1700
7259,112,109,0.0003905298307465211,eligible_<1700
7307,254,246,0.0008813792510426071,eligible_<1700
7310,150,149,0.0005338435301030425,eligible_<1700
7349,456,370,0.0013256517190478238,eligible_<1700
7400,279,265,0.0009494532582369549,eligible_<1700
7462,237,230,0.0008240537712999985,eligible_<1700
7463,113,83,0.0002973759261647821,eligible_<1700
7487,103,99,0.00035470140590739067,eligible_<1700
7501,126,94,0.0003367871934878255,eligible_<1700
7538,682,667,0.0023897559367699957,eligible_<1700
7576,218,217,0.0007774768190091291,eligible_<1700
7708,1366,1336,0.004786677558507818,eligible_<1700
7822,155,153,0.0005481749000386947,eligible_<1700
7838,135,131,0.00046935236539260786,eligible_<1700
7840,108,82,0.0002937930836808691,eligible_<1700
7844,174,111,0.00039769551571434714,eligible_<1700
7927,165,159,0.000569671954942173,eligible_<1700
7955,162,129,0.0004621866804247818,eligible_<1700
7958,110,102,0.0003654499333591298,eligible_<1700
9214,242,238,0.0008527165111713029,eligible_<1700
10186,120,90,0.00032245582355217337,eligible_<1700
10272,115,88,0.00031529013858434726,eligible_<1700
10283,167,164,0.0005875861673617382,eligible_<1700
10323,148,147,0.0005266778451352165,eligible_<1700
10496,1202,1187,0.0042528340284047755,eligible_<1700
10523,270,269,0.000963784628172607,eligible_<1700
10559,394,386,0.0013829771987904323,eligible_<1700
10565,116,115,0.00041202688564999926,eligible_<1700
10613,146,144,0.0005159293176834773,eligible_<1700
10630,29434,29434,0.10545738567149633,exclude_>2500
13223,280,279,0.0009996130530117375,eligible_<1700
13271,213,212,0.0007595626065895639,eligible_<1700
13295,112,107,0.00038336414577869497,eligible_<1700
13354,323,310,0.0011106811700130415,eligible_<1700
13357,132,131,0.00046935236539260786,eligible_<1700
13403,153,118,0.0004227754131017384,eligible_<1700
13436,273,260,0.0009315390458173897,eligible_<1700
13464,467,460,0.001648107542599997,eligible_<1700
13490,102,99,0.00035470140590739067,eligible_<1700
13498,107,84,0.00030095876864869514,eligible_<1700
13513,151,150,0.0005374263725869556,eligible_<1700
13530,803,800,0.00286627398713043,eligible_<1700
13682,172,167,0.0005983346948134772,eligible_<1700
13728,750,737,0.0026405549106439086,eligible_<1700
13729,538,538,0.001927569256345214,eligible_<1700
13780,2941,2937,0.010522808375252591,exclude_>2500
13875,317,312,0.0011178468549808676,eligible_<1700
13920,111,88,0.00031529013858434726,eligible_<1700
13924,151,148,0.0005302606876191296,eligible_<1700
13976,317,316,0.0011321782249165198,eligible_<1700
14036,279,275,0.0009852816830760852,eligible_<1700
14038,661,645,0.002310933402123909,eligible_<1700
14042,350,347,0.0012432463419178238,eligible_<1700
14076,183,177,0.0006341631196526076,eligible_<1700
14132,134,131,0.00046935236539260786,eligible_<1700
14342,196,181,0.0006484944895882597,eligible_<1700
14634,456,447,0.0016015305903091276,eligible_<1700
14808,2436,2411,0.008638233228714333,borderline_1700-2500
14860,172,161,0.000576837639909999,eligible_<1700
17526,386,380,0.0013614801438869542,eligible_<1700
17533,256,241,0.0008634650386230419,eligible_<1700
17536,145,104,0.00037261561832695585,eligible_<1700
17654,111,107,0.00038336414577869497,eligible_<1700
17735,103,103,0.00036903277584304285,eligible_<1700
17804,847,819,0.0029343479943247774,eligible_<1700
17924,140,140,0.0005015979477478252,eligible_<1700
17962,131,130,0.00046576952290869485,eligible_<1700
17988,512,509,0.0018236668243117359,eligible_<1700
18041,135,130,0.00046576952290869485,eligible_<1700
18127,364,360,0.0012898232942086935,eligible_<1700
19857,14325,14309,0.05126689310231165,exclude_>2500
19914,140,140,0.0005015979477478252,eligible_<1700
19990,132,132,0.0004729352078765209,eligible_<1700
19999,3575,3569,0.01278716482508563,exclude_>2500
20005,190,188,0.000673574386975651,eligible_<1700
20100,15439,15365,0.05505037476532382,exclude_>2500
20101,443,443,0.0015871992203734754,eligible_<1700
20120,145,141,0.0005051807902317383,eligible_<1700
20122,249,248,0.0008885449360104332,eligible_<1700
20233,174,174,0.0006234145922008685,eligible_<1700
20543,214,211,0.0007559797641056509,eligible_<1700
20634,205,200,0.0007165684967826075,eligible_<1700
20645,176,174,0.0006234145922008685,eligible_<1700
20734,283,247,0.0008849620935265202,eligible_<1700
20790,267,263,0.0009422875732691288,eligible_<1700
23829,182,168,0.0006019175372973903,eligible_<1700
23870,102,82,0.0002937930836808691,eligible_<1700
23890,724,717,0.002568898060965648,eligible_<1700
23912,162,158,0.0005660891124582599,eligible_<1700
23931,193,192,0.0006879057569113031,eligible_<1700
23964,586,563,0.00201714031844304,eligible_<1700
23985,1014,1009,0.0036150880662682546,eligible_<1700
24067,418,406,0.001454634048468693,eligible_<1700
24070,420,356,0.0012754919242730413,eligible_<1700
24082,486,483,0.001730512919729997,eligible_<1700
24116,196,187,0.0006699915444917379,eligible_<1700
24122,146,146,0.0005230950026513034,eligible_<1700
24207,210,210,0.0007523969216217378,eligible_<1700
24225,234,233,0.0008348022987517377,eligible_<1700
24310,8563,8465,0.03032876162632386,exclude_>2500
25420,1012,1012,0.0036258365937199936,eligible_<1700
25423,223,217,0.0007774768190091291,eligible_<1700
25491,1208,1208,0.004328073720566949,eligible_<1700
25605,348,347,0.0012432463419178238,eligible_<1700
25687,149,148,0.0005302606876191296,eligible_<1700
25729,611,548,0.0019633976811843446,eligible_<1700
25768,127,127,0.00045502099545695573,eligible_<1700
25823,933,928,0.0033248778250712986,eligible_<1700
25951,2155,2147,0.007692362812961291,borderline_1700-2500
28181,1709,1643,0.00588661020106912,borderline_1700-2500
28246,160,160,0.0005732547974260859,eligible_<1700
28284,186,156,0.0005589234274904338,eligible_<1700
28574,244,239,0.0008562993536552159,eligible_<1700
28717,126,121,0.0004335239405534775,eligible_<1700
32129,193,193,0.0006914885993952162,eligible_<1700
32154,242,242,0.000867047881106955,eligible_<1700
32164,189,188,0.000673574386975651,eligible_<1700
32171,134,133,0.00047651805036043397,eligible_<1700
32226,268,266,0.0009530361007208679,eligible_<1700
32253,255,254,0.0009100419909139115,eligible_<1700
32409,233,230,0.0008240537712999985,eligible_<1700
32680,143,142,0.0005087636327156513,eligible_<1700
32838,321,250,0.0008957106209782593,eligible_<1700
32944,793,793,0.0028411940897430385,eligible_<1700
32968,236,236,0.0008455508262034768,eligible_<1700
32989,268,247,0.0008849620935265202,eligible_<1700
32995,134,132,0.0004729352078765209,eligible_<1700
33024,257,257,0.0009207905183656505,eligible_<1700
33040,760,735,0.0026333892256760823,eligible_<1700
33150,996,976,0.0034968542642991244,eligible_<1700
34948,130,127,0.00045502099545695573,eligible_<1700
35017,111,107,0.00038336414577869497,eligible_<1700
35122,281,280,0.0010031958954956504,eligible_<1700
35247,187,183,0.0006556601745560858,eligible_<1700
35248,1197,1195,0.004281496768276079,eligible_<1700
35294,128,122,0.00043710678303739056,eligible_<1700
35305,116,113,0.0004048612006821732,eligible_<1700
35342,551,517,0.0018523295641830403,eligible_<1700
35452,112,107,0.00038336414577869497,eligible_<1700
35497,4717,4708,0.01686802241426258,exclude_>2500
35503,2630,2624,0.00940137867778781,exclude_>2500
35669,394,342,0.0012253321294982587,eligible_<1700
37461,578,578,0.0020708829557017356,eligible_<1700
37612,408,397,0.0014223884661134758,eligible_<1700
37615,634,633,0.0022679392923169524,eligible_<1700
37628,4664,4659,0.01669246313255084,exclude_>2500
37683,170,170,0.0006090832222652163,eligible_<1700
37738,458,457,0.001637359015148258,eligible_<1700
37739,468,466,0.0016696045975034754,eligible_<1700
37907,1811,1808,0.006477779210914771,borderline_1700-2500
37931,356,339,0.0012145836020465196,eligible_<1700
38032,1399,1394,0.0049944824225747735,eligible_<1700
39564,642,639,0.002289436347220431,eligible_<1700
39683,11288,11286,0.04043596027344254,exclude_>2500
39704,105,105,0.0003761984608108689,eligible_<1700
41066,1733,1703,0.006101580750103902,borderline_1700-2500
41095,257,250,0.0008957106209782593,eligible_<1700
41114,40358,40208,0.1440589305931754,exclude_>2500
43393,126,125,0.0004478553104891297,eligible_<1700
43443,16121,15981,0.05725740573541425,exclude_>2500
43528,5066,5057,0.01811843444114823,exclude_>2500
55697,2311,2309,0.008272783295355203,borderline_1700-2500
55842,125,125,0.0004478553104891297,eligible_<1700
56685,108,108,0.000386946988262608,eligible_<1700
56692,8128,8114,0.029071183914470385,exclude_>2500
56796,790,781,0.0027981999799360823,eligible_<1700
56835,426,425,0.0015227080556630408,eligible_<1700
56931,2146,2143,0.007678031443025639,borderline_1700-2500
56933,1597,1593,0.005707468076873468,eligible_<1700
56995,139,139,0.0004980151052639122,eligible_<1700
57037,168,167,0.0005983346948134772,eligible_<1700
57139,140,137,0.0004908494202960861,eligible_<1700
57201,118,118,0.0004227754131017384,eligible_<1700
57349,195,195,0.0006986542843630423,eligible_<1700
57368,269,267,0.000956618943204781,eligible_<1700
57759,364,364,0.0013041546641443455,eligible_<1700
57803,139,135,0.00048368373532826003,eligible_<1700
58110,1616,1610,0.00576837639909999,eligible_<1700
63395,349,349,0.00125041202688565,eligible_<1700
63897,353,349,0.00125041202688565,eligible_<1700
63975,4176,4116,0.014746979663786061,exclude_>2500
64080,196,195,0.0006986542843630423,eligible_<1700
64610,134,130,0.00046576952290869485,eligible_<1700
70324,226,221,0.0007918081889447812,eligible_<1700
70519,717,692,0.002479326998867822,eligible_<1700
70532,133,112,0.00040127835819826015,eligible_<1700
70767,108,105,0.0003761984608108689,eligible_<1700
70918,639,639,0.002289436347220431,eligible_<1700
70919,44754,44603,0.1598055233099732,exclude_>2500
71021,2324,2315,0.00829428035025868,borderline_1700-2500
71099,482,481,0.001723347234762171,eligible_<1700
71668,195,194,0.0006950714418791292,eligible_<1700
82449,182,180,0.0006449116471043467,eligible_<1700
83157,241,238,0.0008527165111713029,eligible_<1700
83195,9669,9593,0.034370207948177765,exclude_>2500
83197,621,620,0.002221362340026083,eligible_<1700
83325,193,177,0.0006341631196526076,eligible_<1700
83629,1956,1947,0.0069757943161786835,borderline_1700-2500
84730,198,196,0.0007022371268469553,eligible_<1700
84732,2094,2079,0.007448729524055204,borderline_1700-2500
90375,110,109,0.0003905298307465211,eligible_<1700
91034,881,874,0.0031314043309399946,eligible_<1700
91534,2951,2933,0.010508477005316938,exclude_>2500
98229,3894,3889,0.013933674419937802,exclude_>2500
98472,166,164,0.0005875861673617382,eligible_<1700
99120,1087,1066,0.0038193100878512977,eligible_<1700
99437,958,954,0.0034180317296530374,eligible_<1700
99459,464,460,0.001648107542599997,eligible_<1700
99479,305,303,0.0010856012726256502,eligible_<1700
99573,123,104,0.00037261561832695585,eligible_<1700
99655,239,238,0.0008527165111713029,eligible_<1700
99777,161,158,0.0005660891124582599,eligible_<1700
102680,17964,17959,0.06434426816859423,exclude_>2500
102681,243,242,0.000867047881106955,eligible_<1700
102859,167,163,0.0005840033248778251,eligible_<1700
108784,3598,3591,0.012865987359731717,exclude_>2500
108906,3575,3553,0.012729839345343021,exclude_>2500
109105,149,149,0.0005338435301030425,eligible_<1700
109643,164,161,0.000576837639909999,eligible_<1700
109932,854,846,0.0030310847413904294,eligible_<1700
109969,838,837,0.002998839159035212,eligible_<1700
110277,7230,7226,0.02588961978875561,exclude_>2500
110327,54850,54850,0.1965189102426301,exclude_>2500
114031,2248,2246,0.008047064218868681,borderline_1700-2500
114261,205,185,0.0006628258595239119,eligible_<1700
114387,943,942,0.003375037619846081,eligible_<1700
114912,522,522,0.0018702437766026055,eligible_<1700
115105,2178,2147,0.007692362812961291,borderline_1700-2500
115233,1058,1048,0.003754818923140863,eligible_<1700
115288,360,357,0.0012790747667569542,eligible_<1700
116046,153,151,0.0005410092150708686,eligible_<1700
117555,358,356,0.0012754919242730413,eligible_<1700
121921,42784,42783,0.15328474998925148,exclude_>2500
122159,3411,3348,0.011995356636140849,exclude_>2500
122240,962,938,0.003360706249910429,eligible_<1700
122399,135,134,0.000480100892844347,eligible_<1700
125618,14272,14258,0.05108416813563209,exclude_>2500
126021,152,148,0.0005302606876191296,eligible_<1700
126042,12245,12241,0.04385757484557949,exclude_>2500
126076,171,170,0.0006090832222652163,eligible_<1700
126163,39690,39690,0.14220301818650846,exclude_>2500
128352,181,180,0.0006449116471043467,eligible_<1700
128412,437,436,0.0015621193229860843,eligible_<1700
128445,1019,1012,0.0036258365937199936,eligible_<1700
128733,448,448,0.0016051134327930406,eligible_<1700
128855,160,160,0.0005732547974260859,eligible_<1700
131387,100,98,0.00035111856342347767,eligible_<1700
131568,775,770,0.0027587887126130388,eligible_<1700
131891,1442,1439,0.00515571033435086,eligible_<1700
132018,3168,3135,0.011232211187067373,exclude_>2500
132019,252,225,0.0008061395588804333,eligible_<1700
132372,4166,4162,0.01491179041804606,exclude_>2500
132407,123,121,0.0004335239405534775,eligible_<1700
132428,1127,1120,0.004012783581982602,eligible_<1700
134559,233,233,0.0008348022987517377,eligible_<1700
134626,320,320,0.0011465095948521718,eligible_<1700
134631,227,227,0.0008133052438482595,eligible_<1700
134637,207,198,0.0007094028118147813,eligible_<1700
135262,1106,1092,0.0039124639924330365,eligible_<1700
135281,1000,996,0.003568511113977385,eligible_<1700
135431,192,190,0.0006807400719434771,eligible_<1700
136056,1679,1678,0.006012009688006076,eligible_<1700
139508,478,476,0.0017054330223426058,eligible_<1700
139627,163,163,0.0005840033248778251,eligible_<1700
139769,106,100,0.00035828424839130373,eligible_<1700
139771,1613,1589,0.005693136706937816,eligible_<1700
139779,122,122,0.00043710678303739056,eligible_<1700
139897,631,629,0.0022536079223813006,eligible_<1700
139898,3093,3091,0.011074566117775199,exclude_>2500
140125,443,440,0.0015764506929217363,eligible_<1700
143994,488,488,0.0017484271321495622,eligible_<1700
144036,762,754,0.0027014632328704303,eligible_<1700
144189,2966,2895,0.010372328990928242,exclude_>2500
144228,116,112,0.00040127835819826015,eligible_<1700
144270,2383,2376,0.008512833741777377,borderline_1700-2500
144525,502,499,0.0017878383994726055,eligible_<1700
144557,291,291,0.001042607162818694,eligible_<1700
144567,280,279,0.0009996130530117375,eligible_<1700
144592,5642,5636,0.02019290023933388,exclude_>2500
144631,125,125,0.0004478553104891297,eligible_<1700
144632,464,464,0.0016624389125356493,eligible_<1700
144709,165,164,0.0005875861673617382,eligible_<1700
144761,1418,1416,0.005073304957220861,eligible_<1700
144845,102,87,0.00031170729610043425,eligible_<1700
144865,251,251,0.0008992934634621723,eligible_<1700
144955,128,126,0.0004514381529730427,eligible_<1700
145027,188,188,0.000673574386975651,eligible_<1700
145086,267,265,0.0009494532582369549,eligible_<1700
145103,357,354,0.0012683262393052151,eligible_<1700
145203,1908,1905,0.006825314931854336,borderline_1700-2500
145308,1713,1701,0.006094415065136076,borderline_1700-2500
145553,243,243,0.0008706307235908681,eligible_<1700
145601,797,796,0.0028519426171947776,eligible_<1700
146735,1700,1662,0.005954684208263468,borderline_1700-2500
146910,1481,1480,0.005302606876191295,eligible_<1700
147009,225,222,0.0007953910314286943,eligible_<1700
148951,7708,7671,0.027483984694096908,exclude_>2500
149097,322,320,0.0011465095948521718,eligible_<1700
149112,130,129,0.0004621866804247818,eligible_<1700
149130,600,586,0.0020995456955730397,eligible_<1700
149169,146,143,0.0005123464751995643,eligible_<1700
149620,192,164,0.0005875861673617382,eligible_<1700
149809,1372,1367,0.004897745675509122,eligible_<1700
150005,176,150,0.0005374263725869556,eligible_<1700
150138,157,157,0.0005625062699743469,eligible_<1700
150145,11633,11578,0.04148215027874515,exclude_>2500
150146,1109,1108,0.003969789472175645,eligible_<1700
152959,1157,1152,0.004127434541467819,eligible_<1700
153002,159,156,0.0005589234274904338,eligible_<1700
153103,149,148,0.0005302606876191296,eligible_<1700
153238,404,404,0.0014474683635008671,eligible_<1700
153292,112,112,0.00040127835819826015,eligible_<1700
153480,367,366,0.0013113203491121716,eligible_<1700
153509,143,143,0.0005123464751995643,eligible_<1700
153709,656,650,0.002328847614543474,eligible_<1700
153723,117,113,0.0004048612006821732,eligible_<1700
153839,161,161,0.000576837639909999,eligible_<1700
156266,647,639,0.002289436347220431,eligible_<1700
156336,10483,10443,0.03741562405950385,exclude_>2500
156420,229,223,0.0007989738739126073,eligible_<1700
156455,806,805,0.002884188199549995,eligible_<1700
156474,164,162,0.000580420482393912,eligible_<1700
156546,6607,6570,0.023539275119308655,exclude_>2500
158535,109,109,0.0003905298307465211,eligible_<1700
162007,6839,6823,0.024445734267738654,exclude_>2500
162263,1058,1057,0.0037870645054960805,eligible_<1700
162383,105,95,0.00034037003597173855,eligible_<1700
162480,132,127,0.00045502099545695573,eligible_<1700
162559,1580,1556,0.0055749029049686856,eligible_<1700
162614,135,134,0.000480100892844347,eligible_<1700
162738,207,206,0.0007380655516860857,eligible_<1700
161417,16286,16240,0.05818536193874772,exclude_>2500
161614,7281,7278,0.026075927597919085,exclude_>2500
161620,123,121,0.0004335239405534775,eligible_<1700
161757,537,536,0.001920403571377388,eligible_<1700
161762,338,337,0.0012074179170786935,eligible_<1700
161880,406,403,0.001443885521016954,eligible_<1700
163478,110,109,0.0003905298307465211,eligible_<1700
163481,126,126,0.0004514381529730427,eligible_<1700
163745,5199,5178,0.018551958381701705,exclude_>2500
163937,696,693,0.002482909841351735,eligible_<1700
163968,9827,9815,0.03516559897960646,exclude_>2500
164147,151,148,0.0005302606876191296,eligible_<1700
167283,156,152,0.0005445920575547817,eligible_<1700
169794,1998,1996,0.007151353597890422,borderline_1700-2500
169814,145,144,0.0005159293176834773,eligible_<1700
169427,2327,2251,0.008064978431288247,borderline_1700-2500
169459,190,187,0.0006699915444917379,eligible_<1700
169513,189,185,0.0006628258595239119,eligible_<1700
169544,221,221,0.0007918081889447812,eligible_<1700
169658,122,121,0.0004335239405534775,eligible_<1700
171623,25062,25062,0.08979319833182854,exclude_>2500
171662,1795,1786,0.006398956676268684,borderline_1700-2500
171663,211,210,0.0007523969216217378,eligible_<1700
171665,132,132,0.0004729352078765209,eligible_<1700
171779,109,105,0.0003761984608108689,eligible_<1700
173092,693,691,0.0024757441563839086,eligible_<1700
175496,174,166,0.0005947518523295642,eligible_<1700
175497,194,189,0.000677157229459564,eligible_<1700
175510,231,228,0.0008168880863321725,eligible_<1700
175541,159,159,0.000569671954942173,eligible_<1700
175626,133,132,0.0004729352078765209,eligible_<1700
175763,442,441,0.0015800335354056495,eligible_<1700
175861,187,186,0.000666408702007825,eligible_<1700
175867,128,128,0.0004586038379408688,eligible_<1700
175914,20786,20781,0.07445504965819683,exclude_>2500
176083,4507,4487,0.016076214225317798,exclude_>2500
176262,570,570,0.002042220215830431,eligible_<1700
176361,1680,1674,0.005997678318070424,eligible_<1700
180937,236,235,0.0008419679837195637,eligible_<1700
180943,144,144,0.0005159293176834773,eligible_<1700
180974,20043,20003,0.07166759820571249,exclude_>2500
180975,264,261,0.0009351218883013028,eligible_<1700
181122,305,304,0.0010891841151095634,eligible_<1700
181235,160,160,0.0005732547974260859,eligible_<1700
181245,103,103,0.00036903277584304285,eligible_<1700
181265,305,304,0.0010891841151095634,eligible_<1700
181304,44184,43990,0.15760924086733452,exclude_>2500
181328,320,320,0.0011465095948521718,eligible_<1700
181370,293,284,0.0010175272654313026,eligible_<1700
181521,5266,5233,0.018749014718316925,exclude_>2500
181523,643,641,0.002296602032188257,eligible_<1700
181574,152,151,0.0005410092150708686,eligible_<1700
181617,901,901,0.0032281410780056466,eligible_<1700
183308,450,443,0.0015871992203734754,eligible_<1700
183394,49546,49546,0.17751551370795535,exclude_>2500
183447,303,295,0.001056938532754346,eligible_<1700
183572,402,400,0.001433136993565215,eligible_<1700
183578,311,277,0.0009924473680439114,eligible_<1700
183831,202,198,0.0007094028118147813,eligible_<1700
183836,121,121,0.0004335239405534775,eligible_<1700
183840,13008,12989,0.04653754102354644,exclude_>2500
184170,269,269,0.000963784628172607,eligible_<1700
184207,136,136,0.0004872665778121731,eligible_<1700
184247,108,105,0.0003761984608108689,eligible_<1700
184371,343,342,0.0012253321294982587,eligible_<1700
192346,162,159,0.000569671954942173,eligible_<1700
192455,3574,3569,0.01278716482508563,exclude_>2500
192619,411,410,0.0014689654184043453,eligible_<1700
192673,940,932,0.003339209195006951,eligible_<1700
192777,241,240,0.000859882196139129,eligible_<1700
192924,238,230,0.0008240537712999985,eligible_<1700
193193,236,233,0.0008348022987517377,eligible_<1700
193210,1366,1366,0.004894162833025209,eligible_<1700
193291,112,112,0.00040127835819826015,eligible_<1700
193500,193,193,0.0006914885993952162,eligible_<1700
193558,5288,5285,0.0189353225274804,exclude_>2500
193651,760,760,0.0027229602877739084,eligible_<1700
193727,203,185,0.0006628258595239119,eligible_<1700
194655,38946,38851,0.13919701334250542,exclude_>2500
196379,1633,1616,0.005789873454003469,eligible_<1700
196526,3737,3731,0.013367585307479541,exclude_>2500
197066,118,116,0.0004156097281339123,eligible_<1700
197070,4448,4403,0.015775255456669104,exclude_>2500
197071,142,141,0.0005051807902317383,eligible_<1700
197269,207,207,0.0007416483941699987,eligible_<1700
197285,312,310,0.0011106811700130415,eligible_<1700
197320,812,810,0.00290210241196956,eligible_<1700
197376,14461,14451,0.0517756567350273,exclude_>2500
197405,2802,2777,0.009949553577826505,exclude_>2500
197409,194,192,0.0006879057569113031,eligible_<1700
197455,502,496,0.0017770898720208665,eligible_<1700
197707,553,550,0.0019705633661521705,eligible_<1700
197790,341,340,0.0012181664445304326,eligible_<1700
197831,3852,3799,0.013611218596385628,exclude_>2500
197893,187,186,0.000666408702007825,eligible_<1700
198611,326,326,0.0011680066497556502,eligible_<1700
198700,168,168,0.0006019175372973903,eligible_<1700
200280,164,161,0.000576837639909999,eligible_<1700
200351,130,129,0.0004621866804247818,eligible_<1700
200430,128,128,0.0004586038379408688,eligible_<1700
200454,1334,1327,0.0047544319761526005,eligible_<1700
200456,627,625,0.0022392765524456484,eligible_<1700
200511,1816,1813,0.006495693423334337,borderline_1700-2500
200632,334,333,0.0011930865471430415,eligible_<1700
200729,137,137,0.0004908494202960861,eligible_<1700
200783,314,312,0.0011178468549808676,eligible_<1700
200924,723,722,0.002586812273385213,eligible_<1700
201006,1045,1044,0.003740487553205211,eligible_<1700
201046,308,299,0.0010712699026899982,eligible_<1700
201305,205,204,0.0007308998667182596,eligible_<1700
201446,132,129,0.0004621866804247818,eligible_<1700
201478,269,269,0.000963784628172607,eligible_<1700
203584,104,101,0.0003618670908752168,eligible_<1700
203624,322,322,0.001153675279819998,eligible_<1700
203716,244,244,0.0008742135660747811,eligible_<1700
203740,560,557,0.0019956432635395618,eligible_<1700
203759,413,406,0.001454634048468693,eligible_<1700
203885,262,260,0.0009315390458173897,eligible_<1700
203967,211,208,0.0007452312366539117,eligible_<1700
209850,139,138,0.0004944322627799991,eligible_<1700
209872,243,243,0.0008706307235908681,eligible_<1700
209877,288,253,0.0009064591484299984,eligible_<1700
209945,196,189,0.000677157229459564,eligible_<1700
210052,689,682,0.0024434985740286914,eligible_<1700
210101,180,180,0.0006449116471043467,eligible_<1700
210271,251,247,0.0008849620935265202,eligible_<1700
210274,2514,2509,0.00898935179213781,exclude_>2500
210296,2533,2527,0.009053842956848246,exclude_>2500
211533,623,622,0.0022285280249939093,eligible_<1700
211813,104,96,0.00034395287845565155,eligible_<1700
212378,150,147,0.0005266778451352165,eligible_<1700
212404,877,872,0.0031242386459721687,eligible_<1700
212487,231,228,0.0008168880863321725,eligible_<1700
212551,317,317,0.0011357610674004328,eligible_<1700
213460,6564,6536,0.023417458474855612,exclude_>2500
213491,244,241,0.0008634650386230419,eligible_<1700
213631,125,125,0.0004478553104891297,eligible_<1700
213670,399,381,0.0013650629863708671,eligible_<1700
213882,495,491,0.0017591756596013013,eligible_<1700
214029,2757,2734,0.009795491351018244,exclude_>2500
214123,205,205,0.0007344827092021726,eligible_<1700
214125,192,190,0.0006807400719434771,eligible_<1700
214293,3324,3314,0.011873539991687805,exclude_>2500
214484,1214,1204,0.004313742350631297,eligible_<1700
214491,917,911,0.003263969502844777,eligible_<1700
214747,138,134,0.000480100892844347,eligible_<1700
214879,108,107,0.00038336414577869497,eligible_<1700
215155,103,99,0.00035470140590739067,eligible_<1700
215308,897,897,0.0032138097080699943,eligible_<1700
208024,2080,2069,0.007412901099216074,borderline_1700-2500
208321,103,94,0.0003367871934878255,eligible_<1700
208428,326,323,0.0011572581223039111,eligible_<1700
208480,891,889,0.0031851469681986903,eligible_<1700
208663,172,171,0.0006126660647491293,eligible_<1700
208670,136,135,0.00048368373532826003,eligible_<1700
208895,3920,3914,0.014023245482035629,exclude_>2500
208995,105,104,0.00037261561832695585,eligible_<1700
209001,1405,1401,0.005019562319962165,eligible_<1700
209003,543,521,0.0018666609341186924,eligible_<1700
209014,133,131,0.00046935236539260786,eligible_<1700
209166,478,478,0.0017125987073104319,eligible_<1700
209206,129,127,0.00045502099545695573,eligible_<1700
209289,262,258,0.0009243733608495636,eligible_<1700
209290,161,157,0.0005625062699743469,eligible_<1700
209325,1508,1501,0.005377846568353469,eligible_<1700
209450,217,213,0.000763145449073477,eligible_<1700
209511,165,134,0.000480100892844347,eligible_<1700
209530,564,561,0.002009974633475214,eligible_<1700
209649,118,118,0.0004227754131017384,eligible_<1700
209671,1229,1223,0.004381816357825644,eligible_<1700
217398,1664,1663,0.005958267050747381,eligible_<1700
217404,169,168,0.0006019175372973903,eligible_<1700
217449,7816,7803,0.02795691990197343,exclude_>2500
223777,216,210,0.0007523969216217378,eligible_<1700
225885,2520,2497,0.008946357682330854,exclude_>2500
226009,242,238,0.0008527165111713029,eligible_<1700
226089,272,271,0.0009709503131404331,eligible_<1700
226170,126,126,0.0004514381529730427,eligible_<1700
226176,375,370,0.0013256517190478238,eligible_<1700
226256,210,209,0.0007488140791378248,eligible_<1700
226454,305,304,0.0010891841151095634,eligible_<1700
226501,2394,2387,0.00855224500910042,borderline_1700-2500
226506,126,124,0.0004442724680052166,eligible_<1700
226520,2676,2655,0.009512446794789114,exclude_>2500
226588,505,498,0.0017842555569886926,eligible_<1700
226592,194,193,0.0006914885993952162,eligible_<1700
226610,3137,3084,0.011049486220387808,exclude_>2500
226631,847,843,0.0030203362139386903,eligible_<1700
227029,817,815,0.002920016624389125,eligible_<1700
227110,335,330,0.0011823380196913022,eligible_<1700
227460,1701,1678,0.006012009688006076,borderline_1700-2500
227605,386,386,0.0013829771987904323,eligible_<1700
227893,813,810,0.00290210241196956,eligible_<1700
227935,7986,7963,0.028530174699399516,exclude_>2500
223996,211,211,0.0007559797641056509,eligible_<1700
224037,23850,23816,0.0853289765968729,exclude_>2500
224125,442,440,0.0015764506929217363,eligible_<1700
224271,727,721,0.0025832294309012997,eligible_<1700
224783,7440,7428,0.02661335397050604,exclude_>2500
224830,136,136,0.0004872665778121731,eligible_<1700
225062,221,218,0.0007810596614930422,eligible_<1700
225167,1629,1621,0.005807787666423033,eligible_<1700
225316,260,257,0.0009207905183656505,eligible_<1700
225645,121,116,0.0004156097281339123,eligible_<1700
230316,115,114,0.00040844404316608626,eligible_<1700
230342,1367,1361,0.004876248620605644,eligible_<1700
230361,344,344,0.0012324978144660848,eligible_<1700
232900,165,165,0.0005911690098456511,eligible_<1700
236461,1272,1271,0.00455379279705347,eligible_<1700
236639,412,411,0.0014725482608882582,eligible_<1700
236781,587,586,0.0020995456955730397,eligible_<1700
237023,383,380,0.0013614801438869542,eligible_<1700
237031,624,609,0.00218195107270304,eligible_<1700
237551,125,115,0.00041202688564999926,eligible_<1700
237706,847,843,0.0030203362139386903,eligible_<1700
237828,126,123,0.00044068962552130356,eligible_<1700
238360,184,178,0.0006377459621365206,eligible_<1700
238393,1336,1331,0.004768763346088252,eligible_<1700
238799,3416,3415,0.012235407082563023,exclude_>2500
238889,267,266,0.0009530361007208679,eligible_<1700
238912,101,101,0.0003618670908752168,eligible_<1700
238935,100,96,0.00034395287845565155,eligible_<1700
238992,6306,6267,0.022453673846683005,exclude_>2500
239175,335,334,0.0011966693896269544,eligible_<1700
244099,872,871,0.0031206558034882555,eligible_<1700
244141,482,482,0.0017269300772460839,eligible_<1700
244144,527,521,0.0018666609341186924,eligible_<1700
244228,9865,9858,0.03531966120641472,exclude_>2500
244267,258,255,0.0009136248333978245,eligible_<1700
244320,731,721,0.0025832294309012997,eligible_<1700
244327,114,112,0.00040127835819826015,eligible_<1700
244330,1343,1342,0.004808174613411296,eligible_<1700
244452,169,167,0.0005983346948134772,eligible_<1700
246912,1113,1111,0.0039805379996273845,eligible_<1700
247034,192,192,0.0006879057569113031,eligible_<1700
247236,3391,3384,0.012124338965561718,exclude_>2500
247324,355,352,0.001261160554337389,eligible_<1700
253372,390,389,0.0013937257262421714,eligible_<1700
253470,267,267,0.000956618943204781,eligible_<1700
253635,1833,1829,0.0065530189030769456,borderline_1700-2500
253664,6369,6292,0.02254324490878083,exclude_>2500
253696,145,133,0.00047651805036043397,eligible_<1700
253719,1161,1157,0.004145348753887384,eligible_<1700
253743,551,549,0.0019669805236682573,eligible_<1700
253766,120,120,0.0004299410980695645,eligible_<1700
254017,265,264,0.0009458704157530418,eligible_<1700
254018,2801,2794,0.010010461900053027,exclude_>2500
254127,990,985,0.0035290998466543416,eligible_<1700
254189,299,295,0.001056938532754346,eligible_<1700
254195,283,277,0.0009924473680439114,eligible_<1700
254213,559,558,0.001999226106023475,eligible_<1700
254419,212,205,0.0007344827092021726,eligible_<1700
254513,1324,1318,0.004722186393797383,eligible_<1700
254588,317,292,0.0010461900053026069,eligible_<1700
254613,111,110,0.0003941126732304341,eligible_<1700
254617,477,454,0.001626610487696519,eligible_<1700
254634,164,143,0.0005123464751995643,eligible_<1700
254639,148,146,0.0005230950026513034,eligible_<1700
257836,491,491,0.0017591756596013013,eligible_<1700
257967,128,127,0.00045502099545695573,eligible_<1700
258041,431,431,0.0015442051105665191,eligible_<1700
258074,1172,1164,0.004170428651274776,eligible_<1700
258154,351,349,0.00125041202688565,eligible_<1700
258206,112,112,0.00040127835819826015,eligible_<1700
262733,583,556,0.0019920604210556486,eligible_<1700
262899,176,176,0.0006305802771686945,eligible_<1700
263051,122,121,0.0004335239405534775,eligible_<1700
263222,106,106,0.00037978130329478196,eligible_<1700
264055,14932,14891,0.05335210742794904,exclude_>2500
266810,18483,18483,0.06622167763016466,exclude_>2500
266993,996,993,0.003557762586525646,eligible_<1700
267313,124,123,0.00044068962552130356,eligible_<1700
267378,2719,2714,0.009723834501339982,exclude_>2500
267945,209,208,0.0007452312366539117,eligible_<1700
267979,1132,1128,0.004041446321853906,eligible_<1700
268252,251,251,0.0008992934634621723,eligible_<1700
268274,184,181,0.0006484944895882597,eligible_<1700
268469,240,240,0.000859882196139129,eligible_<1700
268665,188,188,0.000673574386975651,eligible_<1700
268952,181,181,0.0006484944895882597,eligible_<1700
269041,905,903,0.0032353067629734725,eligible_<1700
269144,7478,7477,0.02678891325221778,exclude_>2500
269205,122,122,0.00043710678303739056,eligible_<1700
274090,1005,1003,0.0035935910113647765,eligible_<1700
274093,1210,1210,0.004335239405534775,eligible_<1700
274128,526,521,0.0018666609341186924,eligible_<1700
274152,104,102,0.0003654499333591298,eligible_<1700
274296,112,112,0.00040127835819826015,eligible_<1700
274426,590,588,0.002106711380540866,eligible_<1700
274432,328,328,0.0011751723347234763,eligible_<1700
283634,226,223,0.0007989738739126073,eligible_<1700
283748,375,373,0.001336400246499563,eligible_<1700
283820,118,118,0.0004227754131017384,eligible_<1700
283850,107,104,0.00037261561832695585,eligible_<1700
283924,306,306,0.0010963498000773895,eligible_<1700
283935,157,157,0.0005625062699743469,eligible_<1700
284121,1219,1213,0.004345987932986514,eligible_<1700
284189,4280,4269,0.015295154563824756,exclude_>2500
284429,795,793,0.0028411940897430385,eligible_<1700
284435,8940,8927,0.03198403485389168,exclude_>2500
286145,321,318,0.001139343909884346,eligible_<1700
286160,908,906,0.003246055290425212,eligible_<1700
286171,312,310,0.0011106811700130415,eligible_<1700
286215,120,119,0.00042635825558565144,eligible_<1700
286295,386,381,0.0013650629863708671,eligible_<1700
286559,210,208,0.0007452312366539117,eligible_<1700
286788,665,664,0.0023790074093182566,eligible_<1700
286925,133,132,0.0004729352078765209,eligible_<1700
286939,100,99,0.00035470140590739067,eligible_<1700
286980,229,224,0.0008025567163965203,eligible_<1700
287158,980,980,0.0035111856342347767,eligible_<1700
287174,124,123,0.00044068962552130356,eligible_<1700
287189,100,99,0.00035470140590739067,eligible_<1700
287198,173,172,0.0006162489072330424,eligible_<1700
287507,264,258,0.0009243733608495636,eligible_<1700
287589,2169,2164,0.007753271135187812,borderline_1700-2500
287655,101,99,0.00035470140590739067,eligible_<1700
287671,290,287,0.0010282757928830417,eligible_<1700
287732,337,336,0.0012038350745947805,eligible_<1700
287754,515,507,0.00181650113934391,eligible_<1700
287810,271,262,0.0009387047307852157,eligible_<1700
287821,154,153,0.0005481749000386947,eligible_<1700
287871,443,436,0.0015621193229860843,eligible_<1700
287952,620,596,0.00213537412041217,eligible_<1700
288284,149,148,0.0005302606876191296,eligible_<1700
288316,321,320,0.0011465095948521718,eligible_<1700
288424,197,197,0.0007058199693308683,eligible_<1700
288539,122,88,0.00031529013858434726,eligible_<1700
289081,1257,1255,0.004496467317310862,eligible_<1700
289397,196,194,0.0006950714418791292,eligible_<1700
290025,116,115,0.00041202688564999926,eligible_<1700
290236,13504,13337,0.04778437020794818,exclude_>2500
290610,376,372,0.00133281740401565,eligible_<1700
290722,125,125,0.0004478553104891297,eligible_<1700
290822,133,132,0.0004729352078765209,eligible_<1700
291008,173,170,0.0006090832222652163,eligible_<1700
291348,115,114,0.00040844404316608626,eligible_<1700
295948,1783,1780,0.006377459621365206,borderline_1700-2500
296151,10220,10215,0.036598735973171675,exclude_>2500
299172,455,455,0.0016301933301804319,eligible_<1700
299180,130,130,0.00046576952290869485,eligible_<1700
299255,890,887,0.003177981283230864,eligible_<1700
299266,280,274,0.0009816988405921723,eligible_<1700
299268,223,218,0.0007810596614930422,eligible_<1700
299270,128,126,0.0004514381529730427,eligible_<1700
299566,453,446,0.0015979477478252147,eligible_<1700
299569,376,375,0.001343565931467389,eligible_<1700
299604,150,150,0.0005374263725869556,eligible_<1700
299607,957,957,0.0034287802571047765,eligible_<1700
299684,4090,4085,0.014635911546784758,exclude_>2500
299702,496,496,0.0017770898720208665,eligible_<1700
299928,157,157,0.0005625062699743469,eligible_<1700
299933,263,263,0.0009422875732691288,eligible_<1700
299963,2022,2014,0.007215844762600857,borderline_1700-2500
300076,155,155,0.0005553405850065207,eligible_<1700
300081,137,136,0.0004872665778121731,eligible_<1700
300305,1059,1058,0.003790647347979993,eligible_<1700
300407,129,129,0.0004621866804247818,eligible_<1700
300683,1775,1768,0.00633446551155825,borderline_1700-2500
300727,281,281,0.0010067787379795634,eligible_<1700
309430,2261,2245,0.008043481376384769,borderline_1700-2500
309625,138,138,0.0004944322627799991,eligible_<1700
309630,3875,3859,0.013826189145420411,exclude_>2500
309698,213,212,0.0007595626065895639,eligible_<1700
309857,178,175,0.0006269974346847816,eligible_<1700
310031,402,400,0.001433136993565215,eligible_<1700
310100,6139,6130,0.021962824426386918,exclude_>2500
310192,2150,2135,0.007649368703154334,borderline_1700-2500
310198,275,275,0.0009852816830760852,eligible_<1700
310267,118,118,0.0004227754131017384,eligible_<1700
310632,2518,2511,0.008996517477105637,exclude_>2500
310636,171,170,0.0006090832222652163,eligible_<1700
316795,306,305,0.0010927669575934763,eligible_<1700
316858,2528,2522,0.00903592874442868,exclude_>2500
316927,164,164,0.0005875861673617382,eligible_<1700
317105,797,791,0.0028340284047752126,eligible_<1700
317231,1104,1102,0.003948292417272167,eligible_<1700
317365,234,234,0.0008383851412356508,eligible_<1700
317411,249,249,0.0008921277784943463,eligible_<1700
317457,3979,3970,0.014223884661134757,exclude_>2500
317515,285,285,0.0010211101079152156,eligible_<1700
317582,848,846,0.0030310847413904294,eligible_<1700
318183,764,764,0.0027372916577095606,eligible_<1700
318195,520,518,0.0018559124066669533,eligible_<1700
318243,3729,3722,0.013335339725124325,exclude_>2500
318307,179,177,0.0006341631196526076,eligible_<1700
318353,221,210,0.0007523969216217378,eligible_<1700
318388,239,238,0.0008527165111713029,eligible_<1700
318450,312,308,0.0011035154850452154,eligible_<1700
318551,157,156,0.0005589234274904338,eligible_<1700
324090,1775,1765,0.006323716984106511,borderline_1700-2500
324242,967,965,0.003457442996976081,eligible_<1700
324512,135,133,0.00047651805036043397,eligible_<1700
324639,234,229,0.0008204709288160856,eligible_<1700
324641,110,110,0.0003941126732304341,eligible_<1700
324657,232,224,0.0008025567163965203,eligible_<1700
324759,405,402,0.001440302678533041,eligible_<1700
329845,3896,3884,0.013915760207518236,exclude_>2500
329962,317,317,0.0011357610674004328,eligible_<1700
330021,313,311,0.0011142640124969547,eligible_<1700
330036,1618,1616,0.005789873454003469,eligible_<1700
330097,123,120,0.0004299410980695645,eligible_<1700
330208,107,107,0.00038336414577869497,eligible_<1700
330478,108,108,0.000386946988262608,eligible_<1700
330510,334,332,0.0011895037046591283,eligible_<1700
330538,322,322,0.001153675279819998,eligible_<1700
330592,1891,1889,0.006767989452111728,borderline_1700-2500
330608,2027,2023,0.0072480903449560746,borderline_1700-2500
330664,257,257,0.0009207905183656505,eligible_<1700
331126,119,117,0.0004191925706178254,eligible_<1700
331328,1246,1236,0.004428393310116514,eligible_<1700
331343,100,98,0.00035111856342347767,eligible_<1700
331635,396,396,0.0014188056236295627,eligible_<1700
331652,443,443,0.0015871992203734754,eligible_<1700
331685,210,209,0.0007488140791378248,eligible_<1700
341519,509,504,0.0018057526118921707,eligible_<1700
341876,333,328,0.0011751723347234763,eligible_<1700
341918,155,155,0.0005553405850065207,eligible_<1700
341931,359,356,0.0012754919242730413,eligible_<1700
341963,268,266,0.0009530361007208679,eligible_<1700
342019,504,503,0.0018021697694082578,eligible_<1700
342081,148,146,0.0005230950026513034,eligible_<1700
342135,115,114,0.00040844404316608626,eligible_<1700
342443,287,285,0.0010211101079152156,eligible_<1700
342444,1184,1171,0.004195508548662167,eligible_<1700
342479,453,449,0.0016086962752769537,eligible_<1700
342717,116,115,0.00041202688564999926,eligible_<1700
342927,456,455,0.0016301933301804319,eligible_<1700
342942,45912,45912,0.16449546412141536,exclude_>2500
346703,11306,11287,0.04043954311592645,exclude_>2500
346747,197,197,0.0007058199693308683,eligible_<1700
346950,341,339,0.0012145836020465196,eligible_<1700
347013,2989,2983,0.01068761912951259,exclude_>2500
347117,589,586,0.0020995456955730397,eligible_<1700
347146,397,397,0.0014223884661134758,eligible_<1700
347505,278,277,0.0009924473680439114,eligible_<1700
347883,1040,1035,0.0037082419708499934,eligible_<1700
348073,508,508,0.001820083981827823,eligible_<1700
348250,217,209,0.0007488140791378248,eligible_<1700
348425,146,146,0.0005230950026513034,eligible_<1700
348870,209,208,0.0007452312366539117,eligible_<1700
348872,129,126,0.0004514381529730427,eligible_<1700
348973,115,112,0.00040127835819826015,eligible_<1700
349051,115,111,0.00039769551571434714,eligible_<1700
349067,2687,2674,0.009580520801983461,exclude_>2500
349179,199,197,0.0007058199693308683,eligible_<1700
349793,562,561,0.002009974633475214,eligible_<1700
349948,657,655,0.0023467618269630394,eligible_<1700
349955,1166,1163,0.004166845808790862,eligible_<1700
359893,878,871,0.0031206558034882555,eligible_<1700
359945,234,234,0.0008383851412356508,eligible_<1700
360121,121,121,0.0004335239405534775,eligible_<1700
360265,1999,1997,0.007154936440374336,borderline_1700-2500
360617,742,741,0.0026548862805795604,eligible_<1700
360692,2704,2700,0.0096736747065652,exclude_>2500
360706,282,281,0.0010067787379795634,eligible_<1700
361065,136,134,0.000480100892844347,eligible_<1700
361211,344,344,0.0012324978144660848,eligible_<1700
361212,523,522,0.0018702437766026055,eligible_<1700
361240,345,344,0.0012324978144660848,eligible_<1700
361314,223,223,0.0007989738739126073,eligible_<1700
361860,100,100,0.00035828424839130373,eligible_<1700
361895,119,119,0.00042635825558565144,eligible_<1700
361918,113,106,0.00037978130329478196,eligible_<1700
361923,128,123,0.00044068962552130356,eligible_<1700
362121,143,143,0.0005123464751995643,eligible_<1700
362202,801,777,0.00278386861000043,eligible_<1700
362541,1102,1097,0.003930378204852602,eligible_<1700
362598,117,117,0.0004191925706178254,eligible_<1700
362944,3763,3759,0.013467904897029107,exclude_>2500
367272,602,602,0.0021568711753156486,eligible_<1700
367379,1187,1185,0.004245668343436949,eligible_<1700
367522,242,239,0.0008562993536552159,eligible_<1700
367575,106,103,0.00036903277584304285,eligible_<1700
367771,644,642,0.00230018487467217,eligible_<1700
367833,268,265,0.0009494532582369549,eligible_<1700
367978,168,168,0.0006019175372973903,eligible_<1700
368039,401,397,0.0014223884661134758,eligible_<1700
368061,2852,2850,0.010211101079152156,exclude_>2500
368079,154,154,0.0005517577425226077,eligible_<1700
368093,117,117,0.0004191925706178254,eligible_<1700
368103,259,259,0.0009279562033334766,eligible_<1700
368168,179,178,0.0006377459621365206,eligible_<1700
368173,3812,3805,0.013632715651289106,exclude_>2500
368305,1744,1742,0.006241311606976511,borderline_1700-2500
397736,652,649,0.0023252647720595613,eligible_<1700
397897,1042,1036,0.0037118248133339066,eligible_<1700
398388,231,230,0.0008240537712999985,eligible_<1700
399374,139,138,0.0004944322627799991,eligible_<1700
399378,112,111,0.00039769551571434714,eligible_<1700
399806,646,645,0.002310933402123909,eligible_<1700
400113,419,414,0.0014832967883399975,eligible_<1700
400203,235,233,0.0008348022987517377,eligible_<1700
400508,243,242,0.000867047881106955,eligible_<1700
401217,293,293,0.0010497728477865198,eligible_<1700
402125,308,306,0.0010963498000773895,eligible_<1700
402206,204,201,0.0007201513392665205,eligible_<1700
402215,392,391,0.0014008914112099975,eligible_<1700
402324,368,367,0.0013149031915960846,eligible_<1700
402337,282,282,0.0010103615804634765,eligible_<1700
402676,1766,1764,0.006320134141622598,borderline_1700-2500
403754,1458,1454,0.0052094529716095565,eligible_<1700
404170,118,102,0.0003654499333591298,eligible_<1700
404431,994,993,0.003557762586525646,eligible_<1700
404513,288,287,0.0010282757928830417,eligible_<1700
404538,408,403,0.001443885521016954,eligible_<1700
405537,1441,1440,0.005159293176834774,eligible_<1700
406591,111,109,0.0003905298307465211,eligible_<1700
406663,376,375,0.001343565931467389,eligible_<1700
406767,202,202,0.0007237341817504336,eligible_<1700
407297,2109,2103,0.007534717743669117,borderline_1700-2500
408839,112,109,0.0003905298307465211,eligible_<1700
409005,113,113,0.0004048612006821732,eligible_<1700
409496,481,481,0.001723347234762171,eligible_<1700
52,512,478,0.0017125987073104319,eligible_<1700
54,20389,20325,0.07282127348553248,exclude_>2500
57,434,433,0.001551370795534345,eligible_<1700
59,1443,1441,0.005162876019318687,eligible_<1700
70,2445,2427,0.008695558708456941,borderline_1700-2500
73,1813,1811,0.00648852773836651,borderline_1700-2500
117,1551,1532,0.005488914685354773,eligible_<1700
121,5709,5624,0.020149906129526923,exclude_>2500
127,218,215,0.000770311134041303,eligible_<1700
137,1642,1621,0.005807787666423033,eligible_<1700
139,226,226,0.0008097224013643464,eligible_<1700
147,1134,1132,0.004055777691789558,eligible_<1700
148,137,137,0.0004908494202960861,eligible_<1700
152,1984,1981,0.007097610960631727,borderline_1700-2500
153,2516,2498,0.008949940524814766,exclude_>2500
162,2572,2449,0.008774381243103029,exclude_>2500
165,893,866,0.00310274159106869,eligible_<1700
284,158,152,0.0005445920575547817,eligible_<1700
285,282,274,0.0009816988405921723,eligible_<1700
437,2769,2732,0.009788325666050418,exclude_>2500
438,16875,16698,0.0598263037963799,exclude_>2500
452,186,178,0.0006377459621365206,eligible_<1700
457,137,136,0.0004872665778121731,eligible_<1700
461,200,200,0.0007165684967826075,eligible_<1700
462,124,124,0.0004442724680052166,eligible_<1700
466,3430,3412,0.012224658555111283,exclude_>2500
470,254,248,0.0008885449360104332,eligible_<1700
474,227,207,0.0007416483941699987,eligible_<1700
692,1225,1193,0.004274331083308254,eligible_<1700
698,203,195,0.0006986542843630423,eligible_<1700
1267,124,121,0.0004335239405534775,eligible_<1700
1497,332,324,0.001160840964787824,eligible_<1700
1498,466,423,0.0015155423706952147,eligible_<1700
1502,3809,3720,0.013328174040156498,exclude_>2500
1506,646,537,0.001923986413861301,eligible_<1700
1515,3376,3270,0.011715894922395631,exclude_>2500
1516,218,198,0.0007094028118147813,eligible_<1700
1530,108,105,0.0003761984608108689,eligible_<1700
1533,446,441,0.0015800335354056495,eligible_<1700
1540,3461,3313,0.011869957149203893,exclude_>2500
1543,247,231,0.0008276366137839116,eligible_<1700
1552,1285,1249,0.004474970262407383,eligible_<1700
1572,162,161,0.000576837639909999,eligible_<1700
1576,559,487,0.001744844289665649,eligible_<1700
1578,298,293,0.0010497728477865198,eligible_<1700
1583,217,162,0.000580420482393912,eligible_<1700
1585,348,296,0.0010605213752382591,eligible_<1700
1588,201,201,0.0007201513392665205,eligible_<1700
1621,1015,970,0.0034753572093956463,eligible_<1700
1631,526,495,0.0017735070295369535,eligible_<1700
1663,321,308,0.0011035154850452154,eligible_<1700
1668,444,418,0.0014976281582756495,eligible_<1700
1669,492,432,0.001547787953050432,eligible_<1700
1672,147,127,0.00045502099545695573,eligible_<1700
1691,178,169,0.0006055003797813033,eligible_<1700
1693,475,427,0.001529873740630867,eligible_<1700
1694,215,165,0.0005911690098456511,eligible_<1700
1695,427,402,0.001440302678533041,eligible_<1700
1699,110,99,0.00035470140590739067,eligible_<1700
1702,401,398,0.0014259713085973888,eligible_<1700
1705,1032,1017,0.003643750806139559,eligible_<1700
1713,483,466,0.0016696045975034754,eligible_<1700
1722,281,221,0.0007918081889447812,eligible_<1700
1723,169,139,0.0004980151052639122,eligible_<1700
1726,434,327,0.0011715894922395631,eligible_<1700
1748,804,789,0.0028268627198073863,eligible_<1700
1758,1217,1134,0.004062943376757384,eligible_<1700
1783,563,495,0.0017735070295369535,eligible_<1700
1799,396,383,0.0013722286713386933,eligible_<1700
1800,814,798,0.002859108302162604,eligible_<1700
1827,720,670,0.0024005044642217348,eligible_<1700
1855,1124,1100,0.003941126732304341,eligible_<1700
3312,1008,781,0.0027981999799360823,eligible_<1700
3316,191,156,0.0005589234274904338,eligible_<1700
3337,776,774,0.002773120082548691,eligible_<1700
3348,875,867,0.0031063244335526033,eligible_<1700
3352,224,221,0.0007918081889447812,eligible_<1700
3369,173,145,0.0005195121601673904,eligible_<1700
3377,814,796,0.0028519426171947776,eligible_<1700
3403,145,136,0.0004872665778121731,eligible_<1700
3404,427,423,0.0015155423706952147,eligible_<1700
3408,283,244,0.0008742135660747811,eligible_<1700
3409,762,737,0.0026405549106439086,eligible_<1700
3414,392,319,0.001142926752368259,eligible_<1700
3416,192,156,0.0005589234274904338,eligible_<1700
3419,177,167,0.0005983346948134772,eligible_<1700
3427,300,294,0.001053355690270433,eligible_<1700
3435,109,109,0.0003905298307465211,eligible_<1700
3476,118,109,0.0003905298307465211,eligible_<1700
3485,162,160,0.0005732547974260859,eligible_<1700
3510,1139,1097,0.003930378204852602,eligible_<1700
3515,141,136,0.0004872665778121731,eligible_<1700
3522,2373,2350,0.008419679837195637,borderline_1700-2500
3529,458,429,0.001537039425598693,eligible_<1700
3534,285,271,0.0009709503131404331,eligible_<1700
3549,134,129,0.0004621866804247818,eligible_<1700
3560,138,116,0.0004156097281339123,eligible_<1700
3562,430,426,0.001526290898146954,eligible_<1700
3563,362,346,0.001239663499433911,eligible_<1700
3565,1646,1582,0.005668056809550425,eligible_<1700
3568,135,132,0.0004729352078765209,eligible_<1700
3574,107,84,0.00030095876864869514,eligible_<1700
3576,137,97,0.0003475357209395646,eligible_<1700
3590,110,103,0.00036903277584304285,eligible_<1700
3600,186,136,0.0004872665778121731,eligible_<1700
3608,730,600,0.0021497054903478223,eligible_<1700
3616,142,127,0.00045502099545695573,eligible_<1700
3618,162,150,0.0005374263725869556,eligible_<1700
3662,186,150,0.0005374263725869556,eligible_<1700
3668,175,166,0.0005947518523295642,eligible_<1700
3677,125,105,0.0003761984608108689,eligible_<1700
3685,4083,4014,0.014381529730426931,exclude_>2500
3725,281,276,0.0009888645255599982,eligible_<1700
3728,1731,1678,0.006012009688006076,borderline_1700-2500
3804,1381,1346,0.0048225059833469485,eligible_<1700
3815,126,99,0.00035470140590739067,eligible_<1700
3864,726,697,0.0024972412112873868,eligible_<1700
3889,174,172,0.0006162489072330424,eligible_<1700
3893,437,396,0.0014188056236295627,eligible_<1700
3895,395,374,0.0013399830889834759,eligible_<1700
3914,185,174,0.0006234145922008685,eligible_<1700
3931,3175,3156,0.011307450879229545,exclude_>2500
3935,100,75,0.0002687131862934778,eligible_<1700
3945,479,460,0.001648107542599997,eligible_<1700
3954,224,201,0.0007201513392665205,eligible_<1700
6472,10216,10152,0.03637301689668515,exclude_>2500
6474,133,133,0.00047651805036043397,eligible_<1700
6513,176,170,0.0006090832222652163,eligible_<1700
6516,128,114,0.00040844404316608626,eligible_<1700
6529,102,81,0.000290210241196956,eligible_<1700
6532,103,100,0.00035828424839130373,eligible_<1700
6551,443,427,0.001529873740630867,eligible_<1700
6552,702,693,0.002482909841351735,eligible_<1700
6583,274,267,0.000956618943204781,eligible_<1700
6584,314,305,0.0010927669575934763,eligible_<1700
8958,171,167,0.0005983346948134772,eligible_<1700
8970,117,114,0.00040844404316608626,eligible_<1700
8993,304,210,0.0007523969216217378,eligible_<1700
9027,2221,2215,0.007935996101867378,borderline_1700-2500
9049,149,140,0.0005015979477478252,eligible_<1700
10668,140,111,0.00039769551571434714,eligible_<1700
10682,312,310,0.0011106811700130415,eligible_<1700
10908,624,618,0.002214196655058257,eligible_<1700
10925,215,209,0.0007488140791378248,eligible_<1700
10934,2411,2377,0.00851641658426129,borderline_1700-2500
10999,113,111,0.00039769551571434714,eligible_<1700
11104,737,732,0.0026226406982243432,eligible_<1700
11195,134,133,0.00047651805036043397,eligible_<1700
11231,1570,1547,0.005542657322613468,eligible_<1700
11456,102,101,0.0003618670908752168,eligible_<1700
11542,174,170,0.0006090832222652163,eligible_<1700
11628,224,215,0.000770311134041303,eligible_<1700
11705,328,320,0.0011465095948521718,eligible_<1700
11760,332,329,0.0011787551772073893,eligible_<1700
11886,193,181,0.0006484944895882597,eligible_<1700
11973,119,119,0.00042635825558565144,eligible_<1700
12055,187,142,0.0005087636327156513,eligible_<1700
12140,459,370,0.0013256517190478238,eligible_<1700
12141,113,84,0.00030095876864869514,eligible_<1700
12171,605,602,0.0021568711753156486,eligible_<1700
12282,253,235,0.0008419679837195637,eligible_<1700
12304,207,202,0.0007237341817504336,eligible_<1700
13004,8389,8368,0.029981225905384296,exclude_>2500
13005,776,775,0.0027767029250326037,eligible_<1700
13084,403,395,0.0014152227811456497,eligible_<1700
13164,160,160,0.0005732547974260859,eligible_<1700
13166,778,759,0.0027193774452899952,eligible_<1700
15826,339,319,0.001142926752368259,eligible_<1700
15954,1644,1621,0.005807787666423033,eligible_<1700
16035,617,606,0.0021712025452513004,eligible_<1700
16153,243,239,0.0008562993536552159,eligible_<1700
16160,113,111,0.00039769551571434714,eligible_<1700
16196,124,122,0.00043710678303739056,eligible_<1700
16216,2244,2237,0.008014818636513465,borderline_1700-2500
16320,657,656,0.0023503446694469526,eligible_<1700
16395,5818,5764,0.020651504077274747,exclude_>2500
16499,1054,1047,0.00375123608065695,eligible_<1700
16500,378,377,0.0013507316164352151,eligible_<1700
19419,1269,1266,0.004535878584633905,eligible_<1700
19466,146,144,0.0005159293176834773,eligible_<1700
19537,196,185,0.0006628258595239119,eligible_<1700
19591,309,309,0.0011070983275291285,eligible_<1700
19650,1209,1208,0.004328073720566949,eligible_<1700
19653,132,129,0.0004621866804247818,eligible_<1700
19671,153,151,0.0005410092150708686,eligible_<1700
19735,134,132,0.0004729352078765209,eligible_<1700
19777,4761,4756,0.017039998853490404,exclude_>2500
19803,388,379,0.001357897301403041,eligible_<1700
21249,100,99,0.00035470140590739067,eligible_<1700
21293,801,794,0.0028447769322269517,eligible_<1700
21324,109,98,0.00035111856342347767,eligible_<1700
21373,246,231,0.0008276366137839116,eligible_<1700
21441,3976,3973,0.014234633188586497,exclude_>2500
21464,1431,1426,0.005109133382059991,eligible_<1700
21506,280,272,0.0009745331556243462,eligible_<1700
21550,3224,3186,0.011414936153746936,exclude_>2500
21569,129,127,0.00045502099545695573,eligible_<1700
21631,145,145,0.0005195121601673904,eligible_<1700
21634,103,103,0.00036903277584304285,eligible_<1700
21709,626,624,0.002235693709961735,eligible_<1700
25224,1811,1809,0.006481362053398684,borderline_1700-2500
25233,190,190,0.0006807400719434771,eligible_<1700
25234,1424,1418,0.005080470642188687,eligible_<1700
25314,365,360,0.0012898232942086935,eligible_<1700
25412,285,278,0.0009960302105278243,eligible_<1700
27173,8503,8489,0.030414749845937773,exclude_>2500
27266,194,184,0.0006592430170399989,eligible_<1700
27364,4985,4980,0.017842555569886925,exclude_>2500
27574,236,234,0.0008383851412356508,eligible_<1700
27680,310,303,0.0010856012726256502,eligible_<1700
30393,218,216,0.000773893976525216,eligible_<1700
30505,111,111,0.00039769551571434714,eligible_<1700
31069,159,159,0.000569671954942173,eligible_<1700
31075,542,540,0.0019347349413130401,eligible_<1700
31159,377,370,0.0013256517190478238,eligible_<1700
34419,142,142,0.0005087636327156513,eligible_<1700
36229,118,117,0.0004191925706178254,eligible_<1700
38863,2484,2483,0.008896197887556072,borderline_1700-2500
38872,1031,1031,0.003693910600914341,eligible_<1700
38873,396,392,0.0014044742536939107,eligible_<1700
38904,243,242,0.000867047881106955,eligible_<1700
38918,292,288,0.0010318586353669547,eligible_<1700
38931,634,632,0.0022643564498330397,eligible_<1700
38980,301,301,0.0010784355876578243,eligible_<1700
38984,1714,1710,0.006126660647491294,borderline_1700-2500
38996,2621,2557,0.009161328231365637,exclude_>2500
39020,158,158,0.0005660891124582599,eligible_<1700
39088,645,643,0.0023037677171560828,eligible_<1700
39095,196,195,0.0006986542843630423,eligible_<1700
39188,520,461,0.0016516903850839102,eligible_<1700
39339,3861,3844,0.013772446508161715,exclude_>2500
39342,120,118,0.0004227754131017384,eligible_<1700
39345,149,120,0.0004299410980695645,eligible_<1700
40237,2296,2287,0.008193960760709116,borderline_1700-2500
40238,132,131,0.00046935236539260786,eligible_<1700
40243,137,125,0.0004478553104891297,eligible_<1700
40251,459,454,0.001626610487696519,eligible_<1700
40258,135,106,0.00037978130329478196,eligible_<1700
40421,154,154,0.0005517577425226077,eligible_<1700
40432,855,836,0.002995256316551299,eligible_<1700
40491,355,353,0.0012647433968213022,eligible_<1700
40503,233,233,0.0008348022987517377,eligible_<1700
40529,1047,1042,0.0037333218682373847,eligible_<1700
40550,240,237,0.0008491336686873898,eligible_<1700
40602,116,116,0.0004156097281339123,eligible_<1700
40638,259,247,0.0008849620935265202,eligible_<1700
42898,1279,1264,0.004528712899666079,eligible_<1700
42929,433,427,0.001529873740630867,eligible_<1700
42968,130,128,0.0004586038379408688,eligible_<1700
43015,16049,16043,0.057479541969416854,exclude_>2500
43023,118,117,0.0004191925706178254,eligible_<1700
43171,161,159,0.000569671954942173,eligible_<1700
43307,644,642,0.00230018487467217,eligible_<1700
43320,586,579,0.0020744657981856484,eligible_<1700
58253,211,208,0.0007452312366539117,eligible_<1700
58625,128,113,0.0004048612006821732,eligible_<1700
58696,166,163,0.0005840033248778251,eligible_<1700
58713,114,114,0.00040844404316608626,eligible_<1700
58798,1292,1290,0.004621866804247818,eligible_<1700
58936,1500,1497,0.005363515198417817,eligible_<1700
59223,370,365,0.0013077375066282587,eligible_<1700
60029,134,122,0.00043710678303739056,eligible_<1700
60311,197,193,0.0006914885993952162,eligible_<1700
60316,407,406,0.001454634048468693,eligible_<1700
60815,165,157,0.0005625062699743469,eligible_<1700
66507,273,271,0.0009709503131404331,eligible_<1700
66781,321,310,0.0011106811700130415,eligible_<1700
67038,285,284,0.0010175272654313026,eligible_<1700
67178,454,453,0.001623027645212606,eligible_<1700
67695,151,146,0.0005230950026513034,eligible_<1700
67878,142,142,0.0005087636327156513,eligible_<1700
67888,2038,2038,0.00730183298221477,borderline_1700-2500
67917,389,389,0.0013937257262421714,eligible_<1700
67928,1995,1987,0.007119108015535205,borderline_1700-2500
68083,250,247,0.0008849620935265202,eligible_<1700
68340,192,189,0.000677157229459564,eligible_<1700
73655,144,144,0.0005159293176834773,eligible_<1700
74233,249,249,0.0008921277784943463,eligible_<1700
74390,770,767,0.0027480401851612997,eligible_<1700
75360,223,223,0.0007989738739126073,eligible_<1700
75476,1475,1475,0.00528469266377173,eligible_<1700
75782,290,290,0.0010390243203347808,eligible_<1700
76207,236,231,0.0008276366137839116,eligible_<1700
76247,1141,1131,0.004052194849305645,eligible_<1700
76417,1180,1176,0.004213422761081732,eligible_<1700
76546,126,126,0.0004514381529730427,eligible_<1700
76728,104,104,0.00037261561832695585,eligible_<1700
77011,244,243,0.0008706307235908681,eligible_<1700
77130,15432,15397,0.05516502572480903,exclude_>2500
79068,508,504,0.0018057526118921707,eligible_<1700
79073,1814,1775,0.0063595454089456415,borderline_1700-2500
79127,3216,3190,0.011429267523682589,exclude_>2500
79131,1538,1532,0.005488914685354773,eligible_<1700
79282,589,588,0.002106711380540866,eligible_<1700
79312,313,308,0.0011035154850452154,eligible_<1700
80771,2068,2056,0.007366324146925204,borderline_1700-2500
80908,150,149,0.0005338435301030425,eligible_<1700
81542,295,290,0.0010390243203347808,eligible_<1700
81640,1073,1072,0.003840807142754776,eligible_<1700
81850,274,273,0.0009781159981082591,eligible_<1700
91620,2104,2102,0.007531134901185205,borderline_1700-2500
91831,100,99,0.00035470140590739067,eligible_<1700
92094,189,187,0.0006699915444917379,eligible_<1700
92319,2711,2707,0.009698754603952591,exclude_>2500
92363,204,191,0.0006843229144273902,eligible_<1700
97093,270,269,0.000963784628172607,eligible_<1700
97094,417,413,0.0014797139458560843,eligible_<1700
97377,100,89,0.0003188729810682603,eligible_<1700
97824,162,161,0.000576837639909999,eligible_<1700
97842,10586,10579,0.03790289063731602,exclude_>2500
97875,502,500,0.0017914212419565187,eligible_<1700
98046,189,186,0.000666408702007825,eligible_<1700
103191,218,217,0.0007774768190091291,eligible_<1700
103368,290,287,0.0010282757928830417,eligible_<1700
103660,1167,1165,0.0041740114937586885,eligible_<1700
103883,147,143,0.0005123464751995643,eligible_<1700
108155,109,106,0.00037978130329478196,eligible_<1700
108161,526,525,0.0018809923040543446,eligible_<1700
108679,188,186,0.000666408702007825,eligible_<1700
117784,167,165,0.0005911690098456511,eligible_<1700
117915,3811,3808,0.013643464178740846,exclude_>2500
117959,11627,11616,0.04161829829313384,exclude_>2500
117992,290,289,0.0010354414778508678,eligible_<1700
118023,571,567,0.002031471688378692,eligible_<1700
118177,139,138,0.0004944322627799991,eligible_<1700
118293,272,272,0.0009745331556243462,eligible_<1700
118315,156,155,0.0005553405850065207,eligible_<1700
118337,487,486,0.0017412614471817361,eligible_<1700
118385,393,388,0.0013901428837582584,eligible_<1700
122867,129,126,0.0004514381529730427,eligible_<1700
122889,902,900,0.0032245582355217334,eligible_<1700
123185,1188,1158,0.004148931596371297,eligible_<1700
126443,480,478,0.0017125987073104319,eligible_<1700
126444,1518,1512,0.005417257835676512,eligible_<1700
126703,214,212,0.0007595626065895639,eligible_<1700
126789,224,215,0.000770311134041303,eligible_<1700
126912,624,622,0.0022285280249939093,eligible_<1700
129029,214,214,0.0007667282915573899,eligible_<1700
129225,178,177,0.0006341631196526076,eligible_<1700
129294,749,738,0.0026441377531278214,eligible_<1700
129359,981,953,0.0034144488871691247,eligible_<1700
133528,1237,1236,0.004428393310116514,eligible_<1700
133534,203,201,0.0007201513392665205,eligible_<1700
133633,168,167,0.0005983346948134772,eligible_<1700
133713,146,144,0.0005159293176834773,eligible_<1700
140613,548,547,0.0019598148387004314,eligible_<1700
140796,647,636,0.002278687819768692,eligible_<1700
140830,105,102,0.0003654499333591298,eligible_<1700
140863,1901,1900,0.00680740071943477,borderline_1700-2500
140865,892,883,0.0031636499132952117,eligible_<1700
141087,191,189,0.000677157229459564,eligible_<1700
141090,610,610,0.0021855339151869526,eligible_<1700
147116,2563,2545,0.00911833412155868,exclude_>2500
147154,2137,2133,0.007642203018186508,borderline_1700-2500
147194,884,876,0.0031385700159078204,eligible_<1700
148575,5593,5572,0.019963598320363443,exclude_>2500
148729,3902,3864,0.013844103357839976,exclude_>2500
148740,318,316,0.0011321782249165198,eligible_<1700
148744,151,150,0.0005374263725869556,eligible_<1700
153991,299,296,0.0010605213752382591,eligible_<1700
154008,108,108,0.000386946988262608,eligible_<1700
154182,1928,1926,0.00690055462401651,borderline_1700-2500
154259,1283,1280,0.004586038379408687,eligible_<1700
154499,276,274,0.0009816988405921723,eligible_<1700
154515,131,130,0.00046576952290869485,eligible_<1700
154677,137,136,0.0004872665778121731,eligible_<1700
154804,215,210,0.0007523969216217378,eligible_<1700
154906,1717,1714,0.006140992017426946,borderline_1700-2500
154939,240,235,0.0008419679837195637,eligible_<1700
155821,20464,20464,0.0733192885907964,exclude_>2500
155822,323,321,0.001150092437336085,eligible_<1700
155969,5199,5186,0.01858062112157301,exclude_>2500
155987,15217,15192,0.05443054301560686,exclude_>2500
158753,361,355,0.0012719090817891283,eligible_<1700
158812,242,241,0.0008634650386230419,eligible_<1700
158837,266,266,0.0009530361007208679,eligible_<1700
158883,236,234,0.0008383851412356508,eligible_<1700
158888,108,107,0.00038336414577869497,eligible_<1700
158899,32767,32702,0.11716611490892415,exclude_>2500
158918,370,369,0.0013220688765639107,eligible_<1700
158970,237,237,0.0008491336686873898,eligible_<1700
158973,295,294,0.001053355690270433,eligible_<1700
159141,489,486,0.0017412614471817361,eligible_<1700
159355,368,367,0.0013149031915960846,eligible_<1700
159446,212,212,0.0007595626065895639,eligible_<1700
159500,134,129,0.0004621866804247818,eligible_<1700
159504,1988,1969,0.0070546168508247705,borderline_1700-2500
159507,140,140,0.0005015979477478252,eligible_<1700
159515,345,345,0.001236080656949998,eligible_<1700
167669,136,131,0.00046935236539260786,eligible_<1700
167715,191,187,0.0006699915444917379,eligible_<1700
167763,975,957,0.0034287802571047765,eligible_<1700
171278,157,129,0.0004621866804247818,eligible_<1700
171424,264,261,0.0009351218883013028,eligible_<1700
171489,460,452,0.0016194448027286928,eligible_<1700
173337,173,172,0.0006162489072330424,eligible_<1700
175199,4387,4380,0.015692850079539102,exclude_>2500
175209,186,186,0.000666408702007825,eligible_<1700
177802,2032,1992,0.00713702222795477,borderline_1700-2500
177815,200,200,0.0007165684967826075,eligible_<1700
177843,244,240,0.000859882196139129,eligible_<1700
177857,230,230,0.0008240537712999985,eligible_<1700
177965,1184,1174,0.004206257076113906,eligible_<1700
178028,104,102,0.0003654499333591298,eligible_<1700
178030,141,139,0.0004980151052639122,eligible_<1700
178051,228,225,0.0008061395588804333,eligible_<1700
178655,180,138,0.0004944322627799991,eligible_<1700
178892,593,586,0.0020995456955730397,eligible_<1700
178896,285,216,0.000773893976525216,eligible_<1700
182875,754,754,0.0027014632328704303,eligible_<1700
182954,119,119,0.00042635825558565144,eligible_<1700
183006,3678,3677,0.013174111813348238,exclude_>2500
188343,234,231,0.0008276366137839116,eligible_<1700
188530,375,374,0.0013399830889834759,eligible_<1700
188547,2325,2300,0.008240537712999986,borderline_1700-2500
188614,394,390,0.0013973085687260846,eligible_<1700
188991,151,149,0.0005338435301030425,eligible_<1700
189052,2469,2456,0.00879946114049042,borderline_1700-2500
189154,152,150,0.0005374263725869556,eligible_<1700
189166,193,191,0.0006843229144273902,eligible_<1700
189192,382,380,0.0013614801438869542,eligible_<1700
189506,123,121,0.0004335239405534775,eligible_<1700
189829,195,191,0.0006843229144273902,eligible_<1700
189848,1324,1282,0.004593204064376514,eligible_<1700
189869,365,363,0.0013005718216604326,eligible_<1700
190017,187,185,0.0006628258595239119,eligible_<1700
190082,4204,4197,0.015037189904983017,exclude_>2500
190333,284,276,0.0009888645255599982,eligible_<1700
190400,894,891,0.003192312653166516,eligible_<1700
190572,287,281,0.0010067787379795634,eligible_<1700
194723,335,334,0.0011966693896269544,eligible_<1700
194789,1252,1246,0.004464221734955644,eligible_<1700
194923,261,256,0.0009172076758817376,eligible_<1700
194960,162,159,0.000569671954942173,eligible_<1700
195162,3014,2990,0.010712699026899981,exclude_>2500
195163,131,131,0.00046935236539260786,eligible_<1700
195226,160,148,0.0005302606876191296,eligible_<1700
195242,341,332,0.0011895037046591283,eligible_<1700
195253,116,114,0.00040844404316608626,eligible_<1700
195353,132,120,0.0004299410980695645,eligible_<1700
195373,405,404,0.0014474683635008671,eligible_<1700
195421,10488,10475,0.03753027501898906,exclude_>2500
195455,247,247,0.0008849620935265202,eligible_<1700
195539,7742,7734,0.02770970377058343,exclude_>2500
195544,4145,4138,0.014825802198432148,exclude_>2500
195742,156,156,0.0005589234274904338,eligible_<1700
195856,3796,3769,0.013503733321868237,exclude_>2500
196105,174,174,0.0006234145922008685,eligible_<1700
196122,166,165,0.0005911690098456511,eligible_<1700
196257,603,580,0.0020780486406695615,eligible_<1700
205766,267,265,0.0009494532582369549,eligible_<1700
205896,20895,20895,0.07486349370136292,exclude_>2500
206051,4459,4447,0.015932900525961278,exclude_>2500
206084,1729,1721,0.0061660719148143375,borderline_1700-2500
206091,164,162,0.000580420482393912,eligible_<1700
206450,174,173,0.0006198317497169555,eligible_<1700
206715,283,283,0.0010139444229473895,eligible_<1700
206915,2986,2976,0.0106625392321252,exclude_>2500
206925,325,325,0.001164423807271737,eligible_<1700
207010,258,256,0.0009172076758817376,eligible_<1700
207062,1560,1545,0.005535491637645643,eligible_<1700
207243,2483,2481,0.008889032202588245,borderline_1700-2500
207330,490,490,0.0017555928171173883,eligible_<1700
207336,5147,5141,0.018419393209796926,exclude_>2500
219232,782,779,0.002791034294968256,eligible_<1700
219430,503,501,0.0017950040844404316,eligible_<1700
219622,102,99,0.00035470140590739067,eligible_<1700
219774,128,128,0.0004586038379408688,eligible_<1700
219783,108,107,0.00038336414577869497,eligible_<1700
219807,106,100,0.00035828424839130373,eligible_<1700
220141,196,188,0.000673574386975651,eligible_<1700
220155,364,364,0.0013041546641443455,eligible_<1700
220203,554,547,0.0019598148387004314,eligible_<1700
220284,131,127,0.00045502099545695573,eligible_<1700
220367,1248,1243,0.004453473207503905,eligible_<1700
220443,152,151,0.0005410092150708686,eligible_<1700
220478,133,130,0.00046576952290869485,eligible_<1700
220508,196,166,0.0005947518523295642,eligible_<1700
220558,629,617,0.002210613812574344,eligible_<1700
220624,110,110,0.0003941126732304341,eligible_<1700
220628,472,470,0.0016839359674391274,eligible_<1700
220707,108,105,0.0003761984608108689,eligible_<1700
220738,560,555,0.001988477578571736,eligible_<1700
220774,1165,1160,0.004156097281339123,eligible_<1700
220778,603,601,0.0021532883328317354,eligible_<1700
220926,551,543,0.0019454834687647792,eligible_<1700
220975,130,120,0.0004299410980695645,eligible_<1700
228051,396,385,0.0013793943563065194,eligible_<1700
231197,1221,1213,0.004345987932986514,eligible_<1700
231280,2243,2234,0.008004070109061725,borderline_1700-2500
231302,345,339,0.0012145836020465196,eligible_<1700
231450,249,247,0.0008849620935265202,eligible_<1700
231618,429,422,0.0015119595282113017,eligible_<1700
231664,1485,1484,0.005316938246126947,eligible_<1700
231696,2701,2688,0.009630680596758244,exclude_>2500
231733,14012,13995,0.050141880562362955,exclude_>2500
231748,730,724,0.0025939779583530388,eligible_<1700
231824,346,342,0.0012253321294982587,eligible_<1700
231966,355,354,0.0012683262393052151,eligible_<1700
231999,1577,1570,0.005625062699743468,eligible_<1700
232041,354,353,0.0012647433968213022,eligible_<1700
232090,284,282,0.0010103615804634765,eligible_<1700
232254,131,131,0.00046935236539260786,eligible_<1700
232318,410,407,0.0014582168909526062,eligible_<1700
232361,2143,2124,0.007609957435831291,borderline_1700-2500
232405,11500,11475,0.0411131175029021,exclude_>2500
232509,283,280,0.0010031958954956504,eligible_<1700
232524,1214,1210,0.004335239405534775,eligible_<1700
232823,169,168,0.0006019175372973903,eligible_<1700
239189,132,127,0.00045502099545695573,eligible_<1700
239307,2921,2908,0.010418905943219113,exclude_>2500
239472,3495,3490,0.0125041202688565,exclude_>2500
239682,135,135,0.00048368373532826003,eligible_<1700
240175,103,103,0.00036903277584304285,eligible_<1700
240357,145,144,0.0005159293176834773,eligible_<1700
240465,1198,1193,0.004274331083308254,eligible_<1700
240822,590,589,0.0021102942230247787,eligible_<1700
240835,158,152,0.0005445920575547817,eligible_<1700
240843,575,570,0.002042220215830431,eligible_<1700
240902,110,92,0.00032962150851999943,eligible_<1700
240926,170,163,0.0005840033248778251,eligible_<1700
241066,624,620,0.002221362340026083,eligible_<1700
241106,335,334,0.0011966693896269544,eligible_<1700
241164,841,835,0.0029916734740673863,eligible_<1700
241492,154,153,0.0005481749000386947,eligible_<1700
241731,147,146,0.0005230950026513034,eligible_<1700
241987,1014,1007,0.0036079223813004287,eligible_<1700
242289,116,114,0.00040844404316608626,eligible_<1700
242343,630,629,0.0022536079223813006,eligible_<1700
242482,225,223,0.0007989738739126073,eligible_<1700
242520,567,553,0.0019813118936039095,eligible_<1700
245503,116,115,0.00041202688564999926,eligible_<1700
247578,144,142,0.0005087636327156513,eligible_<1700
247585,1102,1094,0.003919629677400863,eligible_<1700
247724,505,500,0.0017914212419565187,eligible_<1700
248005,1866,1861,0.0066676698625621625,borderline_1700-2500
248117,987,986,0.003532682689138255,eligible_<1700
248125,1858,1846,0.006613927225303466,borderline_1700-2500
248157,123,117,0.0004191925706178254,eligible_<1700
248226,132,132,0.0004729352078765209,eligible_<1700
248375,136,130,0.00046576952290869485,eligible_<1700
248385,107,107,0.00038336414577869497,eligible_<1700
248562,6801,6772,0.02426300930105909,exclude_>2500
248567,159,158,0.0005660891124582599,eligible_<1700
248673,106,104,0.00037261561832695585,eligible_<1700
248702,780,766,0.0027444573426773865,eligible_<1700
248918,1062,1054,0.0037763159780443414,eligible_<1700
248928,151,128,0.0004586038379408688,eligible_<1700
248949,809,792,0.0028376112472591254,eligible_<1700
249233,272,272,0.0009745331556243462,eligible_<1700
249410,517,515,0.0018451638792152142,eligible_<1700
249411,1091,1091,0.003908881149949124,eligible_<1700
254681,250,248,0.0008885449360104332,eligible_<1700
254713,2290,2283,0.008179629390773465,borderline_1700-2500
254936,228,221,0.0007918081889447812,eligible_<1700
255020,189,187,0.0006699915444917379,eligible_<1700
255034,381,379,0.001357897301403041,eligible_<1700
255262,1833,1832,0.006563767430528685,borderline_1700-2500
255272,110,108,0.000386946988262608,eligible_<1700
255293,286,283,0.0010139444229473895,eligible_<1700
255310,191,189,0.000677157229459564,eligible_<1700
255356,209,209,0.0007488140791378248,eligible_<1700
255363,674,674,0.002414835834157387,eligible_<1700
255456,242,205,0.0007344827092021726,eligible_<1700
255524,101,101,0.0003618670908752168,eligible_<1700
255594,609,606,0.0021712025452513004,eligible_<1700
255615,1622,1618,0.005797039138971294,eligible_<1700
258295,197,196,0.0007022371268469553,eligible_<1700
258309,1421,1418,0.005080470642188687,eligible_<1700
258412,816,813,0.0029128509394212992,eligible_<1700
258451,1597,1586,0.005682388179486077,eligible_<1700
258466,469,469,0.0016803531249552145,eligible_<1700
258512,114,114,0.00040844404316608626,eligible_<1700
258693,181,180,0.0006449116471043467,eligible_<1700
258723,209,209,0.0007488140791378248,eligible_<1700
258779,10339,10331,0.03701434570130559,exclude_>2500
258818,116,115,0.00041202688564999926,eligible_<1700
259393,180,173,0.0006198317497169555,eligible_<1700
259551,131,131,0.00046935236539260786,eligible_<1700
259809,730,729,0.002611892170772604,eligible_<1700
259830,582,572,0.002049385900798257,eligible_<1700
260168,111,111,0.00039769551571434714,eligible_<1700
260201,441,440,0.0015764506929217363,eligible_<1700
260218,253,250,0.0008957106209782593,eligible_<1700
260238,145,145,0.0005195121601673904,eligible_<1700
260239,191,190,0.0006807400719434771,eligible_<1700
260334,201,200,0.0007165684967826075,eligible_<1700
260407,1574,1563,0.005599982802356077,eligible_<1700
260645,288,284,0.0010175272654313026,eligible_<1700
260815,106,106,0.00037978130329478196,eligible_<1700
260942,231,225,0.0008061395588804333,eligible_<1700
261009,701,698,0.0025008240537713,eligible_<1700
261145,562,558,0.001999226106023475,eligible_<1700
261262,417,414,0.0014832967883399975,eligible_<1700
261321,219,218,0.0007810596614930422,eligible_<1700
261393,651,639,0.002289436347220431,eligible_<1700
261525,350,347,0.0012432463419178238,eligible_<1700
269537,895,891,0.003192312653166516,eligible_<1700
269573,129,126,0.0004514381529730427,eligible_<1700
269789,696,696,0.002493658368803474,eligible_<1700
269810,375,375,0.001343565931467389,eligible_<1700
269847,204,203,0.0007273170242343465,eligible_<1700
269968,1911,1894,0.006785903664531292,borderline_1700-2500
270131,563,562,0.0020135574759591267,eligible_<1700
270143,937,936,0.003353540564942603,eligible_<1700
270269,738,736,0.0026369720681599955,eligible_<1700
270314,4165,4155,0.01488671052065867,exclude_>2500
270635,161,160,0.0005732547974260859,eligible_<1700
270673,8366,8359,0.02994898032302908,exclude_>2500
271042,431,429,0.001537039425598693,eligible_<1700
271043,495,493,0.0017663413445691274,eligible_<1700
271262,193,154,0.0005517577425226077,eligible_<1700
271319,2834,2833,0.010150192756925634,exclude_>2500
276416,117,114,0.00040844404316608626,eligible_<1700
276499,382,382,0.0013686458288547803,eligible_<1700
276622,158,156,0.0005589234274904338,eligible_<1700
276654,146,145,0.0005195121601673904,eligible_<1700
276856,379,376,0.001347148773951302,eligible_<1700
275032,329,328,0.0011751723347234763,eligible_<1700
275044,2774,2765,0.009906559468019547,exclude_>2500
275067,372,372,0.00133281740401565,eligible_<1700
275213,180,179,0.0006413288046204337,eligible_<1700
275467,5102,5098,0.018265330982988662,exclude_>2500
275564,421,420,0.0015047938432434756,eligible_<1700
275802,704,696,0.002493658368803474,eligible_<1700
275840,681,676,0.0024220015191252133,eligible_<1700
275912,387,386,0.0013829771987904323,eligible_<1700
275916,1136,1134,0.004062943376757384,eligible_<1700
275974,611,610,0.0021855339151869526,eligible_<1700
276004,945,943,0.0033786204623299943,eligible_<1700
276022,154,154,0.0005517577425226077,eligible_<1700
276086,2215,2212,0.007925247574415638,borderline_1700-2500
276281,161,158,0.0005660891124582599,eligible_<1700
284742,7094,7078,0.02535935910113648,exclude_>2500
284778,1423,1395,0.004998065265058687,eligible_<1700
284818,3258,3258,0.011672900812588675,exclude_>2500
284842,871,868,0.0031099072760365164,eligible_<1700
284998,231,230,0.0008240537712999985,eligible_<1700
285039,354,353,0.0012647433968213022,eligible_<1700
285064,198,198,0.0007094028118147813,eligible_<1700
285133,160,159,0.000569671954942173,eligible_<1700
291563,182,179,0.0006413288046204337,eligible_<1700
291572,7617,7607,0.027254682775126476,exclude_>2500
291847,1492,1487,0.005327686773578686,eligible_<1700
291952,106,94,0.0003367871934878255,eligible_<1700
292026,248,245,0.0008777964085586942,eligible_<1700
292187,458,455,0.0016301933301804319,eligible_<1700
292490,188,188,0.000673574386975651,eligible_<1700
292564,1213,1201,0.004302993823179558,eligible_<1700
292684,104,100,0.00035828424839130373,eligible_<1700
292892,303,301,0.0010784355876578243,eligible_<1700
292899,188,188,0.000673574386975651,eligible_<1700
292901,137,136,0.0004872665778121731,eligible_<1700
293014,14363,14358,0.05144245238402339,exclude_>2500
293309,393,386,0.0013829771987904323,eligible_<1700
293404,191,191,0.0006843229144273902,eligible_<1700
293474,202,197,0.0007058199693308683,eligible_<1700
293665,537,535,0.001916820728893475,eligible_<1700
298371,2918,2910,0.010426071628186939,exclude_>2500
298376,173,170,0.0006090832222652163,eligible_<1700
298690,314,312,0.0011178468549808676,eligible_<1700
299027,1701,1697,0.006080083695200424,borderline_1700-2500
299028,139,139,0.0004980151052639122,eligible_<1700
299151,202,197,0.0007058199693308683,eligible_<1700
305221,124,122,0.00043710678303739056,eligible_<1700
305761,1247,1246,0.004464221734955644,eligible_<1700
305984,672,671,0.002404087306705648,eligible_<1700
306173,456,456,0.001633776172664345,eligible_<1700
306257,132,132,0.0004729352078765209,eligible_<1700
306300,966,965,0.003457442996976081,eligible_<1700
306321,1394,1385,0.004962236840219556,eligible_<1700
306656,201,198,0.0007094028118147813,eligible_<1700
306676,337,335,0.0012002522321108674,eligible_<1700
306882,1713,1712,0.0061338263324591195,borderline_1700-2500
307002,6192,6174,0.022120469495679092,exclude_>2500
307044,770,767,0.0027480401851612997,eligible_<1700
307170,374,369,0.0013220688765639107,eligible_<1700
307379,148,147,0.0005266778451352165,eligible_<1700
307862,447,446,0.0015979477478252147,eligible_<1700
307971,696,696,0.002493658368803474,eligible_<1700
308305,164,163,0.0005840033248778251,eligible_<1700
308970,222,215,0.000770311134041303,eligible_<1700
309109,155,155,0.0005553405850065207,eligible_<1700
309110,2840,2821,0.010107198647118678,exclude_>2500
309129,1129,1111,0.0039805379996273845,eligible_<1700
316622,1585,1582,0.005668056809550425,eligible_<1700
315021,200,199,0.0007129856542986944,eligible_<1700
315059,581,581,0.0020816314831534747,eligible_<1700
315221,493,493,0.0017663413445691274,eligible_<1700
315943,253,252,0.0009028763059460854,eligible_<1700
316377,8852,8841,0.03167591040027516,exclude_>2500
316412,4636,4626,0.01657422933058171,exclude_>2500
316546,3361,3360,0.012038350745947805,exclude_>2500
328908,2237,2224,0.007968241684222594,borderline_1700-2500
329002,435,425,0.0015227080556630408,eligible_<1700
329121,122,121,0.0004335239405534775,eligible_<1700
329128,178,177,0.0006341631196526076,eligible_<1700
329227,319,317,0.0011357610674004328,eligible_<1700
329228,416,415,0.0014868796308239104,eligible_<1700
329533,136,135,0.00048368373532826003,eligible_<1700
329546,149,147,0.0005266778451352165,eligible_<1700
329588,100,97,0.0003475357209395646,eligible_<1700
329591,3023,3023,0.010830932828869112,exclude_>2500
329613,205,203,0.0007273170242343465,eligible_<1700
333372,543,541,0.001938317783796953,eligible_<1700
333775,121,119,0.00042635825558565144,eligible_<1700
334049,198,193,0.0006914885993952162,eligible_<1700
334187,117,117,0.0004191925706178254,eligible_<1700
334363,381,379,0.001357897301403041,eligible_<1700
334379,707,706,0.0025294867936426044,eligible_<1700
334599,104,104,0.00037261561832695585,eligible_<1700
334652,410,408,0.0014617997334365192,eligible_<1700
334827,138,137,0.0004908494202960861,eligible_<1700
334986,3201,3197,0.01145434742106998,exclude_>2500
336195,354,343,0.0012289149719821718,eligible_<1700
336373,113,110,0.0003941126732304341,eligible_<1700
336851,342,341,0.0012217492870143457,eligible_<1700
336929,2476,2471,0.008853203777749116,borderline_1700-2500
344685,231,231,0.0008276366137839116,eligible_<1700
344759,282,282,0.0010103615804634765,eligible_<1700
344789,901,891,0.003192312653166516,eligible_<1700
344937,198,196,0.0007022371268469553,eligible_<1700
344992,390,387,0.0013865600412743455,eligible_<1700
345036,220,220,0.0007882253464608682,eligible_<1700
345626,101,100,0.00035828424839130373,eligible_<1700
345868,2531,2527,0.009053842956848246,exclude_>2500
345972,9914,9899,0.035466557748255155,exclude_>2500
346143,184,178,0.0006377459621365206,eligible_<1700
346205,567,565,0.0020243060034108662,eligible_<1700
346467,114,114,0.00040844404316608626,eligible_<1700
346482,928,927,0.0033212949825873854,eligible_<1700
346621,111,110,0.0003941126732304341,eligible_<1700
358669,1117,1116,0.00399845221204695,eligible_<1700
358805,223,222,0.0007953910314286943,eligible_<1700
358974,263,260,0.0009315390458173897,eligible_<1700
359029,1218,1213,0.004345987932986514,eligible_<1700
359157,142,139,0.0004980151052639122,eligible_<1700
359194,218,210,0.0007523969216217378,eligible_<1700
359234,182,181,0.0006484944895882597,eligible_<1700
359318,333,333,0.0011930865471430415,eligible_<1700
359438,2880,2876,0.010304254983733895,exclude_>2500
359455,133,118,0.0004227754131017384,eligible_<1700
359612,354,350,0.0012539948693695631,eligible_<1700
359764,980,976,0.0034968542642991244,eligible_<1700
359838,404,404,0.0014474683635008671,eligible_<1700
368413,251,250,0.0008957106209782593,eligible_<1700
368463,439,439,0.0015728678504378234,eligible_<1700
368609,1088,1074,0.003847972827722602,eligible_<1700
368846,118,116,0.0004156097281339123,eligible_<1700
368954,893,892,0.0031958954956504294,eligible_<1700
368974,268,266,0.0009530361007208679,eligible_<1700
369082,134,132,0.0004729352078765209,eligible_<1700
369084,308,307,0.0010999326425613024,eligible_<1700
369104,135,132,0.0004729352078765209,eligible_<1700
369114,100,99,0.00035470140590739067,eligible_<1700
369282,904,904,0.0032388896054573856,eligible_<1700
369353,100,100,0.00035828424839130373,eligible_<1700
369436,593,591,0.002117459907992605,eligible_<1700
369483,297,288,0.0010318586353669547,eligible_<1700
369899,572,571,0.0020458030583143444,eligible_<1700
369993,286,286,0.0010246929503991285,eligible_<1700
370095,114,114,0.00040844404316608626,eligible_<1700
370193,670,669,0.002396921621737822,eligible_<1700
370391,112,112,0.00040127835819826015,eligible_<1700
370448,181,179,0.0006413288046204337,eligible_<1700
370566,154,153,0.0005481749000386947,eligible_<1700
370598,217,216,0.000773893976525216,eligible_<1700
370789,852,847,0.0030346675838743425,eligible_<1700
370869,103,103,0.00036903277584304285,eligible_<1700
371055,170,168,0.0006019175372973903,eligible_<1700
371071,134,130,0.00046576952290869485,eligible_<1700
371091,186,185,0.0006628258595239119,eligible_<1700
371133,252,249,0.0008921277784943463,eligible_<1700
371183,525,525,0.0018809923040543446,eligible_<1700
371330,141,141,0.0005051807902317383,eligible_<1700
371544,150,146,0.0005230950026513034,eligible_<1700
371922,956,956,0.0034251974146208637,eligible_<1700
371947,2164,2164,0.007753271135187812,borderline_1700-2500
371981,360,357,0.0012790747667569542,eligible_<1700
372433,227,227,0.0008133052438482595,eligible_<1700
372831,136,136,0.0004872665778121731,eligible_<1700
372880,175,173,0.0006198317497169555,eligible_<1700
373055,226,225,0.0008061395588804333,eligible_<1700
373600,502,497,0.0017806727145047794,eligible_<1700
373621,103,91,0.0003260386660360864,eligible_<1700
374145,257,254,0.0009100419909139115,eligible_<1700
374199,131,131,0.00046935236539260786,eligible_<1700
374336,111,111,0.00039769551571434714,eligible_<1700
385529,5446,5440,0.01949066311248692,exclude_>2500
385610,3777,3775,0.013525230376771715,exclude_>2500
385833,244,243,0.0008706307235908681,eligible_<1700
386271,412,412,0.0014761311033721714,eligible_<1700
386368,1924,1923,0.006889806096564771,borderline_1700-2500
386436,264,264,0.0009458704157530418,eligible_<1700
386502,783,781,0.0027981999799360823,eligible_<1700
387015,202,202,0.0007237341817504336,eligible_<1700
387201,427,427,0.001529873740630867,eligible_<1700
387305,361,361,0.0012934061366926064,eligible_<1700
387515,445,444,0.0015907820628573886,eligible_<1700
388413,678,676,0.0024220015191252133,eligible_<1700
388753,123,122,0.00043710678303739056,eligible_<1700
388838,228,226,0.0008097224013643464,eligible_<1700
389513,105,105,0.0003761984608108689,eligible_<1700
389820,618,603,0.0021604540177995613,eligible_<1700
390092,3977,3972,0.014231050346102584,exclude_>2500
390094,461,461,0.0016516903850839102,eligible_<1700
390173,588,584,0.0020923800106052138,eligible_<1700
390340,922,919,0.0032926322427160814,eligible_<1700
390422,356,349,0.00125041202688565,eligible_<1700
391124,223,222,0.0007953910314286943,eligible_<1700
391137,270,270,0.0009673674706565201,eligible_<1700
391163,11054,11054,0.039604740817174716,exclude_>2500
391290,249,248,0.0008885449360104332,eligible_<1700
391497,419,417,0.0014940453157917366,eligible_<1700
391561,172,166,0.0005947518523295642,eligible_<1700
391565,299,299,0.0010712699026899982,eligible_<1700
392192,185,183,0.0006556601745560858,eligible_<1700
392193,205,204,0.0007308998667182596,eligible_<1700
392492,356,355,0.0012719090817891283,eligible_<1700
393165,929,927,0.0033212949825873854,eligible_<1700
393175,554,553,0.0019813118936039095,eligible_<1700
393333,698,697,0.0024972412112873868,eligible_<1700
393343,121,120,0.0004299410980695645,eligible_<1700
4,356,356,0.0012754919242730413,eligible_<1700
5,20432,20238,0.07250956618943205,exclude_>2500
7,3582,3502,0.012547114378663456,exclude_>2500
219,184,184,0.0006592430170399989,eligible_<1700
224,4464,4359,0.01561761038737693,exclude_>2500
235,1480,1380,0.004944322627799992,eligible_<1700
259,551,530,0.0018989065164739098,eligible_<1700
263,400,398,0.0014259713085973888,eligible_<1700
272,145,145,0.0005195121601673904,eligible_<1700
559,6413,6391,0.022897946314688222,exclude_>2500
565,153,153,0.0005481749000386947,eligible_<1700
568,2031,2010,0.007201513392665205,borderline_1700-2500
586,2178,2042,0.007316164352150422,borderline_1700-2500
589,1601,1573,0.005635811227195207,eligible_<1700
607,818,808,0.0028949367270017343,eligible_<1700
622,162,160,0.0005732547974260859,eligible_<1700
623,260,244,0.0008742135660747811,eligible_<1700
629,165,159,0.000569671954942173,eligible_<1700
634,3653,3637,0.013030798113991717,exclude_>2500
643,143,142,0.0005087636327156513,eligible_<1700
649,121,119,0.00042635825558565144,eligible_<1700
655,1689,1672,0.005990512633102598,eligible_<1700
657,128,128,0.0004586038379408688,eligible_<1700
660,107,107,0.00038336414577869497,eligible_<1700
670,1229,1058,0.003790647347979993,eligible_<1700
679,190,178,0.0006377459621365206,eligible_<1700
686,513,513,0.0018379981942473881,eligible_<1700
1063,105,105,0.0003761984608108689,eligible_<1700
1082,116,114,0.00040844404316608626,eligible_<1700
1094,265,251,0.0008992934634621723,eligible_<1700
1098,497,471,0.0016875188099230406,eligible_<1700
1110,173,173,0.0006198317497169555,eligible_<1700
1143,571,552,0.0019777290511199964,eligible_<1700
1146,405,390,0.0013973085687260846,eligible_<1700
1149,715,682,0.0024434985740286914,eligible_<1700
1155,1501,1500,0.005374263725869556,eligible_<1700
1160,167,165,0.0005911690098456511,eligible_<1700
1173,117,116,0.0004156097281339123,eligible_<1700
1174,143,143,0.0005123464751995643,eligible_<1700
1178,280,279,0.0009996130530117375,eligible_<1700
1187,292,278,0.0009960302105278243,eligible_<1700
1198,13052,12922,0.04629749057712427,exclude_>2500
1206,766,755,0.002705046075354343,eligible_<1700
1207,129,126,0.0004514381529730427,eligible_<1700
1209,778,719,0.002576063745933474,eligible_<1700
1213,987,956,0.0034251974146208637,eligible_<1700
1217,278,274,0.0009816988405921723,eligible_<1700
1245,1056,1051,0.0037655674505926023,eligible_<1700
1249,272,266,0.0009530361007208679,eligible_<1700
1887,1661,1647,0.005900941571004772,eligible_<1700
2254,294,260,0.0009315390458173897,eligible_<1700
2266,1904,1868,0.006692749759949553,borderline_1700-2500
2268,336,316,0.0011321782249165198,eligible_<1700
2275,171,161,0.000576837639909999,eligible_<1700
2285,299,279,0.0009996130530117375,eligible_<1700
2287,295,278,0.0009960302105278243,eligible_<1700
2290,1618,1595,0.005714633761841294,eligible_<1700
2297,290,283,0.0010139444229473895,eligible_<1700
2298,159,127,0.00045502099545695573,eligible_<1700
2307,229,207,0.0007416483941699987,eligible_<1700
2311,223,217,0.0007774768190091291,eligible_<1700
2324,198,185,0.0006628258595239119,eligible_<1700
2342,349,326,0.0011680066497556502,eligible_<1700
2344,219,219,0.0007846425039769551,eligible_<1700
2346,5382,5329,0.019092967596772575,exclude_>2500
2362,170,162,0.000580420482393912,eligible_<1700
2363,714,705,0.0025259039511586912,eligible_<1700
2368,412,389,0.0013937257262421714,eligible_<1700
2392,7805,7644,0.027387247947031255,exclude_>2500
2426,163,153,0.0005481749000386947,eligible_<1700
3091,187,180,0.0006449116471043467,eligible_<1700
3097,942,934,0.0033463748799747767,eligible_<1700
3099,335,264,0.0009458704157530418,eligible_<1700
3114,401,386,0.0013829771987904323,eligible_<1700
3125,535,525,0.0018809923040543446,eligible_<1700
3127,111,107,0.00038336414577869497,eligible_<1700
3137,679,675,0.0024184186766413,eligible_<1700
3147,130,128,0.0004586038379408688,eligible_<1700
3152,130,129,0.0004621866804247818,eligible_<1700
3201,6909,6859,0.024574716597159523,exclude_>2500
3228,3091,3083,0.011045903377903893,exclude_>2500
3230,936,934,0.0033463748799747767,eligible_<1700
3237,141,113,0.0004048612006821732,eligible_<1700
3242,994,989,0.003543431216589994,eligible_<1700
3249,163,133,0.00047651805036043397,eligible_<1700
4401,578,576,0.0020637172707339093,eligible_<1700
4421,227,222,0.0007953910314286943,eligible_<1700
4442,156,156,0.0005589234274904338,eligible_<1700
4500,110,94,0.0003367871934878255,eligible_<1700
4519,150,148,0.0005302606876191296,eligible_<1700
4522,476,456,0.001633776172664345,eligible_<1700
5824,711,705,0.0025259039511586912,eligible_<1700
5826,137,102,0.0003654499333591298,eligible_<1700
5827,125,85,0.00030454161113260814,eligible_<1700
5831,146,125,0.0004478553104891297,eligible_<1700
5862,113,85,0.00030454161113260814,eligible_<1700
5869,614,612,0.002192699600154779,eligible_<1700
5928,319,256,0.0009172076758817376,eligible_<1700
5956,152,107,0.00038336414577869497,eligible_<1700
5957,165,120,0.0004299410980695645,eligible_<1700
5992,184,128,0.0004586038379408688,eligible_<1700
5997,112,79,0.00028304455622912996,eligible_<1700
6010,108,105,0.0003761984608108689,eligible_<1700
6037,134,114,0.00040844404316608626,eligible_<1700
6047,112,89,0.0003188729810682603,eligible_<1700
6068,2549,2534,0.009078922854235637,exclude_>2500
6090,333,330,0.0011823380196913022,eligible_<1700
6187,346,339,0.0012145836020465196,eligible_<1700
6251,105,79,0.00028304455622912996,eligible_<1700
6283,321,308,0.0011035154850452154,eligible_<1700
6352,549,538,0.001927569256345214,eligible_<1700
6460,239,234,0.0008383851412356508,eligible_<1700
8598,129,125,0.0004478553104891297,eligible_<1700
8630,280,258,0.0009243733608495636,eligible_<1700
8636,255,244,0.0008742135660747811,eligible_<1700
8666,131,119,0.00042635825558565144,eligible_<1700
8702,129,97,0.0003475357209395646,eligible_<1700
8711,211,168,0.0006019175372973903,eligible_<1700
8719,222,145,0.0005195121601673904,eligible_<1700
8722,180,111,0.00039769551571434714,eligible_<1700
8737,110,92,0.00032962150851999943,eligible_<1700
8755,141,97,0.0003475357209395646,eligible_<1700
8757,108,78,0.0002794617137452169,eligible_<1700
8815,117,117,0.0004191925706178254,eligible_<1700
8816,219,216,0.000773893976525216,eligible_<1700
8817,655,641,0.002296602032188257,eligible_<1700
8829,1155,1155,0.004138183068919558,eligible_<1700
8833,220,173,0.0006198317497169555,eligible_<1700
8924,2382,2364,0.00846983963197042,borderline_1700-2500
8930,137,133,0.00047651805036043397,eligible_<1700
8945,170,167,0.0005983346948134772,eligible_<1700
9296,163,150,0.0005374263725869556,eligible_<1700
9440,5069,5061,0.018132765811083883,exclude_>2500
9556,298,292,0.0010461900053026069,eligible_<1700
9615,586,582,0.002085214325637388,eligible_<1700
9616,473,472,0.0016911016524069535,eligible_<1700
9619,100,100,0.00035828424839130373,eligible_<1700
9625,4239,4222,0.015126760967080844,exclude_>2500
15121,224,223,0.0007989738739126073,eligible_<1700
15173,133,130,0.00046576952290869485,eligible_<1700
15180,751,748,0.0026799661779669517,eligible_<1700
15261,462,460,0.001648107542599997,eligible_<1700
15407,119,115,0.00041202688564999926,eligible_<1700
15471,130,130,0.00046576952290869485,eligible_<1700
16772,2980,2943,0.010544305430156069,exclude_>2500
16804,284,244,0.0008742135660747811,eligible_<1700
16986,9632,9596,0.034380956475629505,exclude_>2500
18246,114,107,0.00038336414577869497,eligible_<1700
18265,357,357,0.0012790747667569542,eligible_<1700
18297,251,250,0.0008957106209782593,eligible_<1700
18400,308,307,0.0010999326425613024,eligible_<1700
18401,142,97,0.0003475357209395646,eligible_<1700
18460,601,549,0.0019669805236682573,eligible_<1700
18580,227,225,0.0008061395588804333,eligible_<1700
18606,113,97,0.0003475357209395646,eligible_<1700
18615,116,105,0.0003761984608108689,eligible_<1700
18723,3082,3045,0.010909755363515199,exclude_>2500
18745,2429,2425,0.008688393023489116,borderline_1700-2500
18750,353,352,0.001261160554337389,eligible_<1700
18755,511,504,0.0018057526118921707,eligible_<1700
18803,5095,5048,0.018086188858793012,exclude_>2500
18901,469,442,0.0015836163778895625,eligible_<1700
18975,351,347,0.0012432463419178238,eligible_<1700
19040,161,159,0.000569671954942173,eligible_<1700
19074,520,520,0.0018630780916347794,eligible_<1700
19114,116,113,0.0004048612006821732,eligible_<1700
19237,10125,10087,0.036140132135230804,exclude_>2500
21892,1272,1270,0.0045502099545695575,eligible_<1700
22038,3972,3945,0.014134313599036932,exclude_>2500
24483,107,106,0.00037978130329478196,eligible_<1700
24742,4136,4110,0.014725482608882583,exclude_>2500
24843,675,673,0.0024112529916734743,eligible_<1700
24845,133,133,0.00047651805036043397,eligible_<1700
24998,216,210,0.0007523969216217378,eligible_<1700
24999,110,96,0.00034395287845565155,eligible_<1700
25004,140,137,0.0004908494202960861,eligible_<1700
25021,6099,6060,0.021712025452513006,exclude_>2500
27789,250,249,0.0008921277784943463,eligible_<1700
27802,305,305,0.0010927669575934763,eligible_<1700
27817,123,98,0.00035111856342347767,eligible_<1700
27848,2619,2590,0.009279562033334767,exclude_>2500
27870,177,175,0.0006269974346847816,eligible_<1700
27960,151,143,0.0005123464751995643,eligible_<1700
27965,240,220,0.0007882253464608682,eligible_<1700
27968,205,180,0.0006449116471043467,eligible_<1700
27976,2332,2283,0.008179629390773465,borderline_1700-2500
28723,1529,1526,0.005467417630451295,eligible_<1700
28738,233,231,0.0008276366137839116,eligible_<1700
28829,1048,992,0.003554179744041733,eligible_<1700
28857,105,104,0.00037261561832695585,eligible_<1700
28944,172,169,0.0006055003797813033,eligible_<1700
29017,252,251,0.0008992934634621723,eligible_<1700
29030,585,583,0.0020887971681213006,eligible_<1700
29073,2230,2219,0.007950327471803029,borderline_1700-2500
29138,119,117,0.0004191925706178254,eligible_<1700
29278,102,99,0.00035470140590739067,eligible_<1700
29281,188,186,0.000666408702007825,eligible_<1700
29288,116,109,0.0003905298307465211,eligible_<1700
29308,1603,1597,0.005721799446809121,eligible_<1700
29368,13487,13297,0.047641056508591656,exclude_>2500
29387,6522,6366,0.022808375252590395,exclude_>2500
29411,284,279,0.0009996130530117375,eligible_<1700
29505,129,128,0.0004586038379408688,eligible_<1700
29599,174,174,0.0006234145922008685,eligible_<1700
29603,1827,1737,0.006223397394556946,borderline_1700-2500
29613,858,835,0.0029916734740673863,eligible_<1700
29663,494,450,0.0016122791177608667,eligible_<1700
29805,562,558,0.001999226106023475,eligible_<1700
30166,1425,1389,0.004976568210155209,eligible_<1700
30216,252,207,0.0007416483941699987,eligible_<1700
30239,253,251,0.0008992934634621723,eligible_<1700
31294,165,164,0.0005875861673617382,eligible_<1700
31380,153,152,0.0005445920575547817,eligible_<1700
33569,135,131,0.00046935236539260786,eligible_<1700
33732,732,731,0.00261905785574043,eligible_<1700
33962,110,110,0.0003941126732304341,eligible_<1700
33984,137,136,0.0004872665778121731,eligible_<1700
34010,818,813,0.0029128509394212992,eligible_<1700
34014,110,107,0.00038336414577869497,eligible_<1700
34084,3853,3848,0.013786777878097367,exclude_>2500
34119,12497,12450,0.04460638892471731,exclude_>2500
34127,4038,4029,0.014435272367685627,exclude_>2500
34166,829,827,0.002963010734196082,eligible_<1700
34185,158,158,0.0005660891124582599,eligible_<1700
34227,584,582,0.002085214325637388,eligible_<1700
34255,218,215,0.000770311134041303,eligible_<1700
34277,111,111,0.00039769551571434714,eligible_<1700
34320,1376,1372,0.004915659887928687,eligible_<1700
34334,201,182,0.0006520773320721727,eligible_<1700
36241,249,229,0.0008204709288160856,eligible_<1700
36345,5315,5222,0.01870960345099388,exclude_>2500
36399,941,908,0.003253220975393038,eligible_<1700
36400,650,634,0.0022715221348008656,eligible_<1700
36634,199,197,0.0007058199693308683,eligible_<1700
36811,1716,1715,0.0061445748599108585,borderline_1700-2500
38038,142,137,0.0004908494202960861,eligible_<1700
38227,219,217,0.0007774768190091291,eligible_<1700
38275,467,461,0.0016516903850839102,eligible_<1700
38343,2915,2913,0.010436820155638677,exclude_>2500
38355,244,240,0.000859882196139129,eligible_<1700
38359,586,586,0.0020995456955730397,eligible_<1700
38391,934,932,0.003339209195006951,eligible_<1700
38429,231,230,0.0008240537712999985,eligible_<1700
38504,342,339,0.0012145836020465196,eligible_<1700
38778,604,604,0.0021640368602834745,eligible_<1700
38797,646,645,0.002310933402123909,eligible_<1700
38823,1439,1398,0.005008813792510426,eligible_<1700
41123,267,261,0.0009351218883013028,eligible_<1700
41186,1103,1069,0.0038300586153030367,eligible_<1700
41334,163,161,0.000576837639909999,eligible_<1700
41493,482,475,0.0017018501798586926,eligible_<1700
41585,195,195,0.0006986542843630423,eligible_<1700
41627,940,899,0.0032209753930378207,eligible_<1700
41658,680,677,0.002425584361609126,eligible_<1700
41783,124,122,0.00043710678303739056,eligible_<1700
41860,168,167,0.0005983346948134772,eligible_<1700
41863,2710,2666,0.009551858062112157,exclude_>2500
41916,6215,6155,0.022052395488484745,exclude_>2500
41934,118,101,0.0003618670908752168,eligible_<1700
42111,869,868,0.0031099072760365164,eligible_<1700
42131,123,120,0.0004299410980695645,eligible_<1700
42215,12256,12233,0.04382891210570818,exclude_>2500
42560,259,251,0.0008992934634621723,eligible_<1700
42651,193,186,0.000666408702007825,eligible_<1700
42673,1060,1001,0.00358642532639695,eligible_<1700
42685,151,145,0.0005195121601673904,eligible_<1700
42688,236,236,0.0008455508262034768,eligible_<1700
42702,455,453,0.001623027645212606,eligible_<1700
42731,106,89,0.0003188729810682603,eligible_<1700
54137,5323,5293,0.018963985267351706,exclude_>2500
54239,109,109,0.0003905298307465211,eligible_<1700
54307,1959,1957,0.007011622741017814,borderline_1700-2500
54361,1028,1008,0.0036115052237843414,eligible_<1700
54735,1129,1126,0.00403428063688608,eligible_<1700
55222,178,175,0.0006269974346847816,eligible_<1700
64656,118,117,0.0004191925706178254,eligible_<1700
64956,578,573,0.0020529687432821703,eligible_<1700
65134,330,319,0.001142926752368259,eligible_<1700
65225,990,982,0.0035183513192026026,eligible_<1700
68603,288,286,0.0010246929503991285,eligible_<1700
68858,538,527,0.0018881579890221707,eligible_<1700
71676,1157,1142,0.004091606116628689,eligible_<1700
71721,13075,12944,0.04637631311177035,exclude_>2500
71836,6544,6512,0.0233314702552417,exclude_>2500
72083,121,119,0.00042635825558565144,eligible_<1700
72242,133,133,0.00047651805036043397,eligible_<1700
72269,205,205,0.0007344827092021726,eligible_<1700
84876,62576,62576,0.22419995127334222,exclude_>2500
85005,2675,2666,0.009551858062112157,exclude_>2500
85245,277,274,0.0009816988405921723,eligible_<1700
95386,1040,1034,0.0037046591283660807,eligible_<1700
95613,707,706,0.0025294867936426044,eligible_<1700
95765,188,184,0.0006592430170399989,eligible_<1700
96152,917,911,0.003263969502844777,eligible_<1700
96188,786,776,0.002780285767516517,eligible_<1700
96613,1475,1470,0.005266778451352165,eligible_<1700
99976,105,105,0.0003761984608108689,eligible_<1700
100169,165,164,0.0005875861673617382,eligible_<1700
100679,1330,1324,0.0047436834487008615,eligible_<1700
104377,791,790,0.0028304455622912995,eligible_<1700
104617,142,140,0.0005015979477478252,eligible_<1700
104780,178,176,0.0006305802771686945,eligible_<1700
105024,147,123,0.00044068962552130356,eligible_<1700
105265,322,319,0.001142926752368259,eligible_<1700
105593,5255,5214,0.018680940711122578,exclude_>2500
107463,163,163,0.0005840033248778251,eligible_<1700
107464,282,281,0.0010067787379795634,eligible_<1700
110870,530,529,0.0018953236739899966,eligible_<1700
111105,1673,1666,0.00596901557819912,eligible_<1700
111327,103,102,0.0003654499333591298,eligible_<1700
111387,105,103,0.00036903277584304285,eligible_<1700
111502,566,560,0.002006391790991301,eligible_<1700
119899,262,262,0.0009387047307852157,eligible_<1700
120580,373,362,0.0012969889791765194,eligible_<1700
120605,1097,1092,0.0039124639924330365,eligible_<1700
121015,426,425,0.0015227080556630408,eligible_<1700
121041,754,749,0.002683549020450865,eligible_<1700
121076,121,120,0.0004299410980695645,eligible_<1700
121409,430,430,0.001540622268082606,eligible_<1700
121414,139,138,0.0004944322627799991,eligible_<1700
121806,492,485,0.0017376786046978232,eligible_<1700
124968,668,652,0.0023360132995113004,eligible_<1700
124969,674,654,0.0023431789844791263,eligible_<1700
125046,1200,1198,0.004292245295727818,eligible_<1700
125061,159,157,0.0005625062699743469,eligible_<1700
125368,482,470,0.0016839359674391274,eligible_<1700
125493,384,378,0.001354314458919128,eligible_<1700
124380,1718,1709,0.00612307780500738,borderline_1700-2500
129622,67305,67034,0.24017226306662653,exclude_>2500
129735,302,298,0.001067687060206085,eligible_<1700
136192,546,543,0.0019454834687647792,eligible_<1700
136416,335,335,0.0012002522321108674,eligible_<1700
136558,437,436,0.0015621193229860843,eligible_<1700
136585,102,100,0.00035828424839130373,eligible_<1700
136888,11819,11814,0.04232770110494862,exclude_>2500
137140,239,238,0.0008527165111713029,eligible_<1700
137201,110,109,0.0003905298307465211,eligible_<1700
142854,576,573,0.0020529687432821703,eligible_<1700
142889,287,258,0.0009243733608495636,eligible_<1700
142988,183,182,0.0006520773320721727,eligible_<1700
142992,3665,3655,0.013095289278702151,exclude_>2500
143096,756,748,0.0026799661779669517,eligible_<1700
143176,1206,1206,0.004320908035599123,eligible_<1700
143323,167,164,0.0005875861673617382,eligible_<1700
143515,5095,5094,0.01825099961305301,exclude_>2500
143520,100,98,0.00035111856342347767,eligible_<1700
145975,239,206,0.0007380655516860857,eligible_<1700
148264,132,111,0.00039769551571434714,eligible_<1700
148290,1789,1785,0.0063953738337847715,borderline_1700-2500
148291,780,779,0.002791034294968256,eligible_<1700
148443,212,207,0.0007416483941699987,eligible_<1700
148494,255,250,0.0008957106209782593,eligible_<1700
150485,998,989,0.003543431216589994,eligible_<1700
150533,381,378,0.001354314458919128,eligible_<1700
155426,25972,25972,0.09305358499218941,exclude_>2500
155460,398,393,0.0014080570961778236,eligible_<1700
155463,1396,1371,0.004912077045444774,eligible_<1700
155464,129,125,0.0004478553104891297,eligible_<1700
155636,231,230,0.0008240537712999985,eligible_<1700
155702,540,537,0.001923986413861301,eligible_<1700
156722,110,110,0.0003941126732304341,eligible_<1700
156737,316,310,0.0011106811700130415,eligible_<1700
156776,3124,3104,0.011121143070066068,exclude_>2500
156945,104,104,0.00037261561832695585,eligible_<1700
157001,1891,1889,0.006767989452111728,borderline_1700-2500
160559,983,981,0.0035147684767186894,eligible_<1700
160614,120,118,0.0004227754131017384,eligible_<1700
160902,1474,1464,0.0052452813964486865,eligible_<1700
161108,221,212,0.0007595626065895639,eligible_<1700
161138,442,438,0.0015692850079539102,eligible_<1700
164159,719,719,0.002576063745933474,eligible_<1700
164259,124,123,0.00044068962552130356,eligible_<1700
164265,2765,2762,0.009895810940567809,exclude_>2500
164506,593,591,0.002117459907992605,eligible_<1700
164627,145,144,0.0005159293176834773,eligible_<1700
164775,328,326,0.0011680066497556502,eligible_<1700
164874,319,312,0.0011178468549808676,eligible_<1700
164917,178,176,0.0006305802771686945,eligible_<1700
167828,263,263,0.0009422875732691288,eligible_<1700
167892,119,119,0.00042635825558565144,eligible_<1700
168204,101,98,0.00035111856342347767,eligible_<1700
168215,2152,2136,0.007652951545638248,borderline_1700-2500
168230,170,167,0.0005983346948134772,eligible_<1700
168232,260,257,0.0009207905183656505,eligible_<1700
168274,1770,1761,0.006309385614170859,borderline_1700-2500
168433,1087,1084,0.0038838012525617325,eligible_<1700
168582,209,208,0.0007452312366539117,eligible_<1700
168700,415,413,0.0014797139458560843,eligible_<1700
168882,337,334,0.0011966693896269544,eligible_<1700
168895,125,125,0.0004478553104891297,eligible_<1700
169215,553,551,0.0019741462086360836,eligible_<1700
169255,4776,4770,0.01709015864826519,exclude_>2500
169341,526,523,0.0018738266190865185,eligible_<1700
172552,2016,2004,0.007180016337761727,borderline_1700-2500
172559,161,160,0.0005732547974260859,eligible_<1700
172931,4679,4624,0.016567063645613885,exclude_>2500
172994,466,461,0.0016516903850839102,eligible_<1700
172996,1885,1883,0.0067464923972082496,borderline_1700-2500
173064,2839,2829,0.010135861386989983,exclude_>2500
178939,206,204,0.0007308998667182596,eligible_<1700
178940,501,500,0.0017914212419565187,eligible_<1700
179245,1132,1127,0.004037863479369993,eligible_<1700
179259,608,604,0.0021640368602834745,eligible_<1700
179385,226,226,0.0008097224013643464,eligible_<1700
179627,147,143,0.0005123464751995643,eligible_<1700
179723,165,165,0.0005911690098456511,eligible_<1700
179933,654,653,0.002339596141995213,eligible_<1700
179973,138,137,0.0004908494202960861,eligible_<1700
180020,6384,6286,0.022521747853877352,exclude_>2500
180040,3179,3169,0.011354027831520414,exclude_>2500
180198,1904,1900,0.00680740071943477,borderline_1700-2500
180199,1153,1122,0.004019949266950428,eligible_<1700
180205,349,349,0.00125041202688565,eligible_<1700
180211,201,200,0.0007165684967826075,eligible_<1700
180238,145,145,0.0005195121601673904,eligible_<1700
180241,640,620,0.002221362340026083,eligible_<1700
180387,104,99,0.00035470140590739067,eligible_<1700
180471,227,224,0.0008025567163965203,eligible_<1700
180592,1811,1807,0.0064741963684308585,borderline_1700-2500
180598,107,106,0.00037978130329478196,eligible_<1700
180602,2022,2013,0.007212261920116944,borderline_1700-2500
180611,123,121,0.0004335239405534775,eligible_<1700
180680,3434,3427,0.012278401192369979,exclude_>2500
180771,1246,1237,0.004431976152600427,eligible_<1700
180816,383,367,0.0013149031915960846,eligible_<1700
184460,241,236,0.0008455508262034768,eligible_<1700
184522,2142,2134,0.007645785860670422,borderline_1700-2500
184648,164,162,0.000580420482393912,eligible_<1700
191300,4338,4333,0.01552445648279519,exclude_>2500
191572,2196,2191,0.007850007882253464,borderline_1700-2500
191681,119,116,0.0004156097281339123,eligible_<1700
191687,104,101,0.0003618670908752168,eligible_<1700
191790,180,173,0.0006198317497169555,eligible_<1700
191894,4302,4277,0.01532381730369606,exclude_>2500
191998,235,234,0.0008383851412356508,eligible_<1700
192116,267,262,0.0009387047307852157,eligible_<1700
192240,879,864,0.003095575906100864,eligible_<1700
198985,253,248,0.0008885449360104332,eligible_<1700
199042,19092,19013,0.06812058414663857,exclude_>2500
199309,221,218,0.0007810596614930422,eligible_<1700
199493,899,892,0.0031958954956504294,eligible_<1700
204069,151,150,0.0005374263725869556,eligible_<1700
204184,1499,1478,0.005295441191223469,eligible_<1700
204504,255,255,0.0009136248333978245,eligible_<1700
204505,2672,2662,0.009537526692176505,exclude_>2500
204574,2332,2329,0.008344440145033464,borderline_1700-2500
204575,865,864,0.003095575906100864,eligible_<1700
204605,648,645,0.002310933402123909,eligible_<1700
204675,607,604,0.0021640368602834745,eligible_<1700
204755,204,203,0.0007273170242343465,eligible_<1700
204801,1026,1026,0.0036759963884947762,eligible_<1700
204803,176,174,0.0006234145922008685,eligible_<1700
207370,336,335,0.0012002522321108674,eligible_<1700
207487,308,305,0.0010927669575934763,eligible_<1700
207687,941,927,0.0033212949825873854,eligible_<1700
217471,156,155,0.0005553405850065207,eligible_<1700
217531,392,386,0.0013829771987904323,eligible_<1700
217576,359,358,0.0012826576092408674,eligible_<1700
217861,5252,5246,0.018795591670607792,exclude_>2500
217934,283,264,0.0009458704157530418,eligible_<1700
217974,154,150,0.0005374263725869556,eligible_<1700
217990,361,353,0.0012647433968213022,eligible_<1700
218121,6622,6607,0.02367184029121344,exclude_>2500
218293,2005,1998,0.0071585192828582484,borderline_1700-2500
218310,395,395,0.0014152227811456497,eligible_<1700
218311,2732,2713,0.00972025165885607,exclude_>2500
218314,433,432,0.001547787953050432,eligible_<1700
218479,2696,2691,0.009641429124209983,exclude_>2500
218580,515,511,0.001830832509279562,eligible_<1700
218603,23994,23946,0.08579474611978159,exclude_>2500
218632,125,125,0.0004478553104891297,eligible_<1700
218637,133,132,0.0004729352078765209,eligible_<1700
218863,282,281,0.0010067787379795634,eligible_<1700
218948,366,362,0.0012969889791765194,eligible_<1700
228341,9074,9071,0.03249996417157516,exclude_>2500
228372,1656,1656,0.00593318715335999,eligible_<1700
230553,139,139,0.0004980151052639122,eligible_<1700
230570,102,102,0.0003654499333591298,eligible_<1700
230667,337,336,0.0012038350745947805,eligible_<1700
230751,211,210,0.0007523969216217378,eligible_<1700
230785,157,156,0.0005589234274904338,eligible_<1700
230802,91038,91038,0.3261748140504751,exclude_>2500
230852,722,722,0.002586812273385213,eligible_<1700
230968,246,245,0.0008777964085586942,eligible_<1700
231038,1206,1205,0.00431732519311521,eligible_<1700
231045,263,260,0.0009315390458173897,eligible_<1700
244711,7419,7417,0.026573942703182998,exclude_>2500
244716,142,142,0.0005087636327156513,eligible_<1700
244806,136,135,0.00048368373532826003,eligible_<1700
244820,339,338,0.0012110007595626067,eligible_<1700
244916,2985,2975,0.010658956389641285,exclude_>2500
244918,2659,2637,0.00944795563007868,exclude_>2500
244995,5208,5191,0.018598535333992576,exclude_>2500
245136,701,698,0.0025008240537713,eligible_<1700
245431,1235,1217,0.004360319302922166,eligible_<1700
249746,1914,1911,0.006846811986757814,borderline_1700-2500
249763,1939,1929,0.006911303151468249,borderline_1700-2500
249814,580,574,0.0020565515857660834,eligible_<1700
249833,681,664,0.0023790074093182566,eligible_<1700
249888,102,102,0.0003654499333591298,eligible_<1700
250467,315,311,0.0011142640124969547,eligible_<1700
250664,371,365,0.0013077375066282587,eligible_<1700
250725,320,320,0.0011465095948521718,eligible_<1700
250779,960,952,0.0034108660446852115,eligible_<1700
250780,1347,1338,0.004793843243475644,eligible_<1700
251247,18596,18596,0.06662653883084683,exclude_>2500
251293,2190,2182,0.007817762299898248,borderline_1700-2500
251420,3253,3218,0.011529587113232154,exclude_>2500
251433,1036,1032,0.0036974934433982544,eligible_<1700
251519,134,134,0.000480100892844347,eligible_<1700
251538,282,279,0.0009996130530117375,eligible_<1700
251632,145,145,0.0005195121601673904,eligible_<1700
251830,221,221,0.0007918081889447812,eligible_<1700
252265,698,698,0.0025008240537713,eligible_<1700
252542,124,123,0.00044068962552130356,eligible_<1700
252544,138,138,0.0004944322627799991,eligible_<1700
252684,149,149,0.0005338435301030425,eligible_<1700
256643,188,186,0.000666408702007825,eligible_<1700
256792,347,345,0.001236080656949998,eligible_<1700
256876,399,398,0.0014259713085973888,eligible_<1700
256915,107,107,0.00038336414577869497,eligible_<1700
256940,119,118,0.0004227754131017384,eligible_<1700
257063,328,327,0.0011715894922395631,eligible_<1700
257067,1078,1076,0.003855138512690428,eligible_<1700
257074,230,229,0.0008204709288160856,eligible_<1700
257198,569,569,0.002038637373346518,eligible_<1700
257283,2470,2456,0.00879946114049042,borderline_1700-2500
257305,597,595,0.0021317912779282573,eligible_<1700
257349,226,226,0.0008097224013643464,eligible_<1700
257380,766,766,0.0027444573426773865,eligible_<1700
257395,111,110,0.0003941126732304341,eligible_<1700
257415,189,189,0.000677157229459564,eligible_<1700
257435,490,488,0.0017484271321495622,eligible_<1700
257499,9051,9021,0.03232082204737951,exclude_>2500
257518,1489,1477,0.005291858348739556,eligible_<1700
257598,176,173,0.0006198317497169555,eligible_<1700
257732,1212,1203,0.004310159508147384,eligible_<1700
257834,156,156,0.0005589234274904338,eligible_<1700
264141,453,453,0.001623027645212606,eligible_<1700
264164,1051,1027,0.0036795792309786894,eligible_<1700
264198,1281,1252,0.004485718789859122,eligible_<1700
264212,242,239,0.0008562993536552159,eligible_<1700
266304,867,865,0.0030991587485847774,eligible_<1700
266445,535,530,0.0018989065164739098,eligible_<1700
266722,1228,1225,0.004388982042793471,eligible_<1700
266756,100,65,0.00023288476145434743,eligible_<1700
266771,296,296,0.0010605213752382591,eligible_<1700
271349,114,112,0.00040127835819826015,eligible_<1700
271528,704,702,0.002515155423706952,eligible_<1700
271751,179,175,0.0006269974346847816,eligible_<1700
271754,853,838,0.0030024220015191254,eligible_<1700
272085,548,548,0.0019633976811843446,eligible_<1700
272260,267,266,0.0009530361007208679,eligible_<1700
272380,2015,2001,0.0071692678103099875,borderline_1700-2500
272409,1590,1581,0.005664473967066512,eligible_<1700
272533,2276,2267,0.008122303911030856,borderline_1700-2500
272542,261,258,0.0009243733608495636,eligible_<1700
272597,119,117,0.0004191925706178254,eligible_<1700
272636,151,150,0.0005374263725869556,eligible_<1700
272739,2795,2793,0.010006879057569112,exclude_>2500
272889,476,468,0.0016767702824713015,eligible_<1700
273164,145,145,0.0005195121601673904,eligible_<1700
273336,270,262,0.0009387047307852157,eligible_<1700
273655,120,116,0.0004156097281339123,eligible_<1700
273703,1202,1188,0.004256416870888688,eligible_<1700
273937,130,130,0.00046576952290869485,eligible_<1700
280994,121,118,0.0004227754131017384,eligible_<1700
281206,359,354,0.0012683262393052151,eligible_<1700
285203,118,111,0.00039769551571434714,eligible_<1700
285253,1517,1511,0.0054136749931926,eligible_<1700
285265,1953,1951,0.006990125686114335,borderline_1700-2500
285892,165,165,0.0005911690098456511,eligible_<1700
285895,427,427,0.001529873740630867,eligible_<1700
285967,9716,9703,0.0347643206214082,exclude_>2500
285984,3523,3514,0.012590108488470413,exclude_>2500
286063,1637,1630,0.00584003324877825,eligible_<1700
286064,118,116,0.0004156097281339123,eligible_<1700
293889,3578,3567,0.012779999140117803,exclude_>2500
293981,135,133,0.00047651805036043397,eligible_<1700
294113,106,97,0.0003475357209395646,eligible_<1700
294233,401,401,0.0014367198360491279,eligible_<1700
294237,142,141,0.0005051807902317383,eligible_<1700
294275,248,246,0.0008813792510426071,eligible_<1700
294294,296,295,0.001056938532754346,eligible_<1700
294448,897,893,0.003199478338134342,eligible_<1700
294484,8097,8037,0.02879530504320908,exclude_>2500
294693,1222,1221,0.004374650672857819,eligible_<1700
294702,1549,1549,0.005549823007581295,eligible_<1700
295072,192,183,0.0006556601745560858,eligible_<1700
295103,406,389,0.0013937257262421714,eligible_<1700
296164,211,206,0.0007380655516860857,eligible_<1700
296237,3679,3664,0.01312753486105737,exclude_>2500
296512,744,741,0.0026548862805795604,eligible_<1700
296557,410,410,0.0014689654184043453,eligible_<1700
296694,534,510,0.001827249666795649,eligible_<1700
296912,10427,10416,0.037318887312438195,exclude_>2500
296985,276,273,0.0009781159981082591,eligible_<1700
296986,337,333,0.0011930865471430415,eligible_<1700
296987,249,247,0.0008849620935265202,eligible_<1700
297001,168,168,0.0006019175372973903,eligible_<1700
297030,6017,6008,0.021525717643349526,exclude_>2500
297129,4548,4530,0.016230276452126057,exclude_>2500
297486,2014,2012,0.007208679077633031,borderline_1700-2500
297562,5098,5096,0.018258165298020837,exclude_>2500
297569,325,325,0.001164423807271737,eligible_<1700
297570,162,160,0.0005732547974260859,eligible_<1700
297661,151,151,0.0005410092150708686,eligible_<1700
297892,146,145,0.0005195121601673904,eligible_<1700
298017,173,173,0.0006198317497169555,eligible_<1700
298173,150,149,0.0005338435301030425,eligible_<1700
304490,103,98,0.00035111856342347767,eligible_<1700
304510,945,944,0.003382203304813907,eligible_<1700
304987,189,186,0.000666408702007825,eligible_<1700
310885,192,192,0.0006879057569113031,eligible_<1700
311191,105,104,0.00037261561832695585,eligible_<1700
311610,359,359,0.0012862404517247803,eligible_<1700
311725,792,790,0.0028304455622912995,eligible_<1700
311823,325,309,0.0011070983275291285,eligible_<1700
311829,103,101,0.0003618670908752168,eligible_<1700
311900,810,800,0.00286627398713043,eligible_<1700
312318,1583,1583,0.005671639652034338,eligible_<1700
312618,1452,1451,0.0051987044441578175,eligible_<1700
312748,188,187,0.0006699915444917379,eligible_<1700
318985,1237,1236,0.004428393310116514,eligible_<1700
319295,114,114,0.00040844404316608626,eligible_<1700
319320,310,307,0.0010999326425613024,eligible_<1700
319754,221,218,0.0007810596614930422,eligible_<1700
319807,1050,1046,0.003747653238173037,eligible_<1700
319899,320,315,0.0011285953824326067,eligible_<1700
319910,2990,2985,0.010694784814480416,exclude_>2500
319921,155,154,0.0005517577425226077,eligible_<1700
325237,104,104,0.00037261561832695585,eligible_<1700
325401,157,153,0.0005481749000386947,eligible_<1700
325828,318,311,0.0011142640124969547,eligible_<1700
326112,149,148,0.0005302606876191296,eligible_<1700
326243,119,118,0.0004227754131017384,eligible_<1700
326400,301,301,0.0010784355876578243,eligible_<1700
326727,100,99,0.00035470140590739067,eligible_<1700
326804,169,167,0.0005983346948134772,eligible_<1700
326934,1133,1107,0.003966206629691732,eligible_<1700
326936,521,502,0.0017985869269243446,eligible_<1700
326937,633,615,0.002203448127606518,eligible_<1700
327056,1008,1004,0.003597173853848689,eligible_<1700
328124,1586,1584,0.005675222494518251,eligible_<1700
328478,211,211,0.0007559797641056509,eligible_<1700
328479,6752,6743,0.02415910686902561,exclude_>2500
328569,108,108,0.000386946988262608,eligible_<1700
337255,188,188,0.000673574386975651,eligible_<1700
337389,760,757,0.0027122117603221693,eligible_<1700
337760,103,100,0.00035828424839130373,eligible_<1700
337932,209,208,0.0007452312366539117,eligible_<1700
338322,227,223,0.0007989738739126073,eligible_<1700
338468,670,666,0.002386173094286083,eligible_<1700
338697,341,339,0.0012145836020465196,eligible_<1700
338747,116,116,0.0004156097281339123,eligible_<1700
338902,124,124,0.0004442724680052166,eligible_<1700
343386,222,218,0.0007810596614930422,eligible_<1700
343684,363,363,0.0013005718216604326,eligible_<1700
343741,200,200,0.0007165684967826075,eligible_<1700
343852,190,187,0.0006699915444917379,eligible_<1700
343899,567,565,0.0020243060034108662,eligible_<1700
343981,114,113,0.0004048612006821732,eligible_<1700
343990,134,131,0.00046935236539260786,eligible_<1700
344254,724,722,0.002586812273385213,eligible_<1700
344258,2139,2132,0.007638620175702595,borderline_1700-2500
344277,1416,1412,0.005058973587285209,eligible_<1700
344338,663,650,0.002328847614543474,eligible_<1700
344405,415,408,0.0014617997334365192,eligible_<1700
344427,175,175,0.0006269974346847816,eligible_<1700
344629,100,98,0.00035111856342347767,eligible_<1700
355129,142,141,0.0005051807902317383,eligible_<1700
355224,1400,1393,0.004990899580090861,eligible_<1700
355276,302,299,0.0010712699026899982,eligible_<1700
355772,486,482,0.0017269300772460839,eligible_<1700
355850,234,230,0.0008240537712999985,eligible_<1700
355888,1876,1876,0.006721412499820858,borderline_1700-2500
356080,205,199,0.0007129856542986944,eligible_<1700
356123,7979,7964,0.02853375754188343,exclude_>2500
356226,207,201,0.0007201513392665205,eligible_<1700
356296,110,110,0.0003941126732304341,eligible_<1700
356303,154,153,0.0005481749000386947,eligible_<1700
356314,603,597,0.002138956962896083,eligible_<1700
356414,1599,1598,0.005725382289293033,eligible_<1700
357298,125,125,0.0004478553104891297,eligible_<1700
357475,282,281,0.0010067787379795634,eligible_<1700
357659,399,399,0.001429554151081302,eligible_<1700
357746,594,583,0.0020887971681213006,eligible_<1700
357841,322,320,0.0011465095948521718,eligible_<1700
357872,147,143,0.0005123464751995643,eligible_<1700
357956,218,214,0.0007667282915573899,eligible_<1700
357963,121,118,0.0004227754131017384,eligible_<1700
358027,307,302,0.0010820184301417372,eligible_<1700
358085,1422,1419,0.0050840534846726,eligible_<1700
358263,111,111,0.00039769551571434714,eligible_<1700
358284,664,662,0.0023718417243504307,eligible_<1700
358515,245,237,0.0008491336686873898,eligible_<1700
362976,1459,1456,0.005216618656577382,eligible_<1700
363039,222,220,0.0007882253464608682,eligible_<1700
363531,130,130,0.00046576952290869485,eligible_<1700
363625,405,399,0.001429554151081302,eligible_<1700
363699,140,140,0.0005015979477478252,eligible_<1700
364011,4311,4309,0.015438468263181277,exclude_>2500
364042,217,217,0.0007774768190091291,eligible_<1700
364277,183,183,0.0006556601745560858,eligible_<1700
364425,128,128,0.0004586038379408688,eligible_<1700
364541,345,342,0.0012253321294982587,eligible_<1700
364579,155,154,0.0005517577425226077,eligible_<1700
364760,177,176,0.0006305802771686945,eligible_<1700
364994,629,629,0.0022536079223813006,eligible_<1700
365103,109,109,0.0003905298307465211,eligible_<1700
365104,2449,2441,0.008745718503231723,borderline_1700-2500
365258,4790,4785,0.017143901285523882,exclude_>2500
365307,238,235,0.0008419679837195637,eligible_<1700
365357,277,277,0.0009924473680439114,eligible_<1700
365594,155,154,0.0005517577425226077,eligible_<1700
365608,175,174,0.0006234145922008685,eligible_<1700
365698,487,487,0.001744844289665649,eligible_<1700
374502,865,855,0.003063330323745647,eligible_<1700
374541,544,540,0.0019347349413130401,eligible_<1700
374573,158,155,0.0005553405850065207,eligible_<1700
374593,149,143,0.0005123464751995643,eligible_<1700
374895,743,740,0.0026513034380956477,eligible_<1700
375215,111,111,0.00039769551571434714,eligible_<1700
375459,172,172,0.0006162489072330424,eligible_<1700
375573,126,126,0.0004514381529730427,eligible_<1700
375659,105,104,0.00037261561832695585,eligible_<1700
375769,191,191,0.0006843229144273902,eligible_<1700
376363,353,353,0.0012647433968213022,eligible_<1700
376472,657,654,0.0023431789844791263,eligible_<1700
376477,177,175,0.0006269974346847816,eligible_<1700
376747,1332,1329,0.004761597661120427,eligible_<1700
376893,546,545,0.0019526491537326053,eligible_<1700
377061,2143,2133,0.007642203018186508,borderline_1700-2500
377068,128,122,0.00043710678303739056,eligible_<1700
377449,857,857,0.003070496008713473,eligible_<1700
378142,103,103,0.00036903277584304285,eligible_<1700
378271,104,103,0.00036903277584304285,eligible_<1700
378293,184,182,0.0006520773320721727,eligible_<1700
378475,141,111,0.00039769551571434714,eligible_<1700
378477,265,262,0.0009387047307852157,eligible_<1700
378565,236,235,0.0008419679837195637,eligible_<1700
378758,1370,1370,0.004908494202960861,eligible_<1700
378890,230,223,0.0007989738739126073,eligible_<1700
379005,795,788,0.002823279877323473,eligible_<1700
379078,6374,6364,0.02280120956762257,exclude_>2500
379290,368,368,0.0013184860340799977,eligible_<1700
379343,472,469,0.0016803531249552145,eligible_<1700
379395,115,115,0.00041202688564999926,eligible_<1700
379625,639,632,0.0022643564498330397,eligible_<1700
379706,168,165,0.0005911690098456511,eligible_<1700
379959,376,375,0.001343565931467389,eligible_<1700
380619,161,160,0.0005732547974260859,eligible_<1700
380707,188,187,0.0006699915444917379,eligible_<1700
380837,670,665,0.00238259025180217,eligible_<1700
381308,1182,1172,0.004199091391146079,eligible_<1700
381327,468,468,0.0016767702824713015,eligible_<1700
381591,176,176,0.0006305802771686945,eligible_<1700
381826,136,136,0.0004872665778121731,eligible_<1700
382578,156,147,0.0005266778451352165,eligible_<1700
383109,1308,1304,0.004672026599022601,eligible_<1700
383479,121,119,0.00042635825558565144,eligible_<1700
383499,1394,1387,0.004969402525187383,eligible_<1700
383529,337,336,0.0012038350745947805,eligible_<1700
383551,133,132,0.0004729352078765209,eligible_<1700
383701,258,256,0.0009172076758817376,eligible_<1700
383790,801,799,0.0028626911446465167,eligible_<1700
383983,114,112,0.00040127835819826015,eligible_<1700
416059,185,184,0.0006592430170399989,eligible_<1700
416086,233,230,0.0008240537712999985,eligible_<1700
416552,168,168,0.0006019175372973903,eligible_<1700
417155,226,225,0.0008061395588804333,eligible_<1700
417629,144,142,0.0005087636327156513,eligible_<1700
418581,354,354,0.0012683262393052151,eligible_<1700
419704,448,446,0.0015979477478252147,eligible_<1700
420087,1844,1836,0.006578098800464336,borderline_1700-2500
420862,135,135,0.00048368373532826003,eligible_<1700
420876,169,168,0.0006019175372973903,eligible_<1700
421310,410,410,0.0014689654184043453,eligible_<1700
421547,158,158,0.0005660891124582599,eligible_<1700
422019,752,752,0.002694297547902604,eligible_<1700
422674,614,611,0.0021891167576708658,eligible_<1700
423432,101,101,0.0003618670908752168,eligible_<1700
423698,162,162,0.000580420482393912,eligible_<1700
424975,477,476,0.0017054330223426058,eligible_<1700
425560,101,100,0.00035828424839130373,eligible_<1700
426796,613,612,0.002192699600154779,eligible_<1700
427084,245,245,0.0008777964085586942,eligible_<1700
428224,188,187,0.0006699915444917379,eligible_<1700
436126,284,283,0.0010139444229473895,eligible_<1700
