game_id,title,year,n_obs,adj_mean,expected_Q3bFam,residual_Q3bFam,residual_Q4Fam,SE,lower_bound_adj,hiddenness_bucket,eligibility_flag,confidence,max_eco,taxonomy,overlap_status_prop7c,sensitivity_class_prop7c,has_broad_specialist,has_niche_drop,n_supported_ge10,spec_primary_share_ge10,tvd_volume_global,ref_penetration,hobby_well_known,is_solo_first,is_duel,is_wargame_duel,is_euro_duel,is_edition_title,final_outcome_category,final_reason,screening_evidence_final_reason
2470,The Extraordinary Adventures of Baron Munchausen,1998.0,379,7.54142635668983,5.865516804987347,1.675909551702483,1.6041756285978517,0.0613028818034207,7.421272708355126,eligible,eligible,eligible,0,moderate_audience_selectivity,borderline_overlap,moderately_sensitive,True,False,7,0.6965699208443272,0.098880594342443,0.0013435659314673,0,0,0,0,0,0,strong_hidden_gem_evidence,"strong: hidden eligible (<1700); quality robust LB 7.42>=7.0; Q4 robust 1.60>=0.60; taxonomy moderate_audience_selectivity; overlap borderline_overlap; sens moderately_sensitive; cross broad (n_sup 7 has_broad True, no niche_drop); adj 7.54 resid 1.68 — passes all 6 dimensions per definition","strong: hidden eligible (<1700); quality robust LB 7.42>=7.0; Q4 robust 1.60>=0.60; taxonomy moderate_audience_selectivity; overlap borderline_overlap; sens moderately_sensitive; cross broad (n_sup 7 has_broad True, no niche_drop); adj 7.54 resid 1.68 — passes all 6 dimensions per definition"
275972,Star Trek: Alliance – Dominion War Campaign,2021.0,193,8.586067013741074,7.245367226005122,1.340699787735952,1.3244635555031223,0.0859056723713636,8.417691895893201,eligible,eligible,eligible,2,moderate_audience_selectivity,borderline_overlap,moderately_sensitive,True,False,6,0.7772020725388601,0.0898179361812925,0.0006843229144273,0,1,1,0,0,0,strong_hidden_gem_evidence,"strong: hidden eligible (<1700); quality robust LB 8.42>=7.0; Q4 robust 1.32>=0.60; taxonomy moderate_audience_selectivity; overlap borderline_overlap; sens moderately_sensitive; cross broad (n_sup 6 has_broad True, no niche_drop); adj 8.59 resid 1.34 — passes all 6 dimensions per definition","strong: hidden eligible (<1700); quality robust LB 8.42>=7.0; Q4 robust 1.32>=0.60; taxonomy moderate_audience_selectivity; overlap borderline_overlap; sens moderately_sensitive; cross broad (n_sup 6 has_broad True, no niche_drop); adj 8.59 resid 1.34 — passes all 6 dimensions per definition | monitor: solo_first (min1 max≤2, 691 4.7% pop, spec 0.901, insufficient 34.4% vs 23% overall, cross 80.5% vs 86.2% — monitoring: general criteria not triggered; thresholds not mode-specific)"
244258,The Red Dragon Inn 7: The Tavern Crew,2018.0,310,7.855604716276058,6.541730332767488,1.3138743835085709,1.4141990850659347,0.0677828224813342,7.722750384212643,eligible,eligible,eligible,11,moderate_audience_selectivity,adequate_overlap,stable_under_exposure_adjustment,True,False,6,0.667741935483871,0.2296324705992541,0.0010820184301417,0,0,0,0,0,0,strong_hidden_gem_evidence,"strong: hidden eligible (<1700); quality robust LB 7.72>=7.0; Q4 robust 1.41>=0.60; taxonomy moderate_audience_selectivity; overlap adequate_overlap; sens stable_under_exposure_adjustment; cross broad (n_sup 6 has_broad True, no niche_drop); adj 7.86 resid 1.31 — passes all 6 dimensions per definition","strong: hidden eligible (<1700); quality robust LB 7.72>=7.0; Q4 robust 1.41>=0.60; taxonomy moderate_audience_selectivity; overlap adequate_overlap; sens stable_under_exposure_adjustment; cross broad (n_sup 6 has_broad True, no niche_drop); adj 7.86 resid 1.31 — passes all 6 dimensions per definition | monitor: ecosystem max_eco 11 (Game: Catan 40 Unlock 47 etc., 2740 Game: 18.6% — borderline not hard unless link corroborates)"
340216,Heredity: The Book of Swan,2023.0,176,8.627492692999917,7.381937554599792,1.2455551384001249,1.144853577018866,0.089958905305302,8.451173238601525,eligible,eligible,eligible,0,moderate_audience_selectivity,borderline_overlap,moderately_sensitive,True,False,6,0.8352272727272727,0.0789818079822536,0.0006269974346847,0,0,0,0,0,0,strong_hidden_gem_evidence,"strong: hidden eligible (<1700); quality robust LB 8.45>=7.0; Q4 robust 1.14>=0.60; taxonomy moderate_audience_selectivity; overlap borderline_overlap; sens moderately_sensitive; cross broad (n_sup 6 has_broad True, no niche_drop); adj 8.63 resid 1.25 — passes all 6 dimensions per definition","strong: hidden eligible (<1700); quality robust LB 8.45>=7.0; Q4 robust 1.14>=0.60; taxonomy moderate_audience_selectivity; overlap borderline_overlap; sens moderately_sensitive; cross broad (n_sup 6 has_broad True, no niche_drop); adj 8.63 resid 1.25 — passes all 6 dimensions per definition"
319604,Ricochet: A la poursuite du Comte courant,2020.0,223,7.738709549479767,6.572476004494614,1.166233544985153,1.1060003200943411,0.0799186362394187,7.582069022450506,eligible,eligible,eligible,0,moderate_audience_selectivity,borderline_overlap,moderately_sensitive,True,False,5,0.8789237668161435,0.0930779148061687,0.0007918081889447,0,0,0,0,0,0,strong_hidden_gem_evidence,"strong: hidden eligible (<1700); quality robust LB 7.58>=7.0; Q4 robust 1.11>=0.60; taxonomy moderate_audience_selectivity; overlap borderline_overlap; sens moderately_sensitive; cross broad (n_sup 5 has_broad True, no niche_drop); adj 7.74 resid 1.17 — passes all 6 dimensions per definition","strong: hidden eligible (<1700); quality robust LB 7.58>=7.0; Q4 robust 1.11>=0.60; taxonomy moderate_audience_selectivity; overlap borderline_overlap; sens moderately_sensitive; cross broad (n_sup 5 has_broad True, no niche_drop); adj 7.74 resid 1.17 — passes all 6 dimensions per definition"
252432,Zoo Break,2019.0,178,7.970369187843468,6.836759539770428,1.1336096480730395,1.1104013043589207,0.0894520905382537,7.79504309038849,eligible,eligible,eligible,0,moderate_audience_selectivity,borderline_overlap,moderately_sensitive,True,False,5,0.848314606741573,0.1325724695938719,0.0006269974346847,0,0,0,0,0,0,strong_hidden_gem_evidence,"strong: hidden eligible (<1700); quality robust LB 7.80>=7.0; Q4 robust 1.11>=0.60; taxonomy moderate_audience_selectivity; overlap borderline_overlap; sens moderately_sensitive; cross broad (n_sup 5 has_broad True, no niche_drop); adj 7.97 resid 1.13 — passes all 6 dimensions per definition","strong: hidden eligible (<1700); quality robust LB 7.80>=7.0; Q4 robust 1.11>=0.60; taxonomy moderate_audience_selectivity; overlap borderline_overlap; sens moderately_sensitive; cross broad (n_sup 5 has_broad True, no niche_drop); adj 7.97 resid 1.13 — passes all 6 dimensions per definition"
41090,Magnate,2008.0,210,7.683532630210059,6.559574248022903,1.1239583821871555,1.0950519031937338,0.0823551662963296,7.522116504269253,eligible,eligible,eligible,3,moderate_audience_selectivity,borderline_overlap,moderately_sensitive,True,False,4,0.8523809523809524,0.1854349629058035,0.0007452312366539,0,0,1,0,1,0,strong_hidden_gem_evidence,"strong: hidden eligible (<1700); quality robust LB 7.52>=7.0; Q4 robust 1.10>=0.60; taxonomy moderate_audience_selectivity; overlap borderline_overlap; sens moderately_sensitive; cross broad (n_sup 4 has_broad True, no niche_drop); adj 7.68 resid 1.12 — passes all 6 dimensions per definition","strong: hidden eligible (<1700); quality robust LB 7.52>=7.0; Q4 robust 1.10>=0.60; taxonomy moderate_audience_selectivity; overlap borderline_overlap; sens moderately_sensitive; cross broad (n_sup 4 has_broad True, no niche_drop); adj 7.68 resid 1.12 — passes all 6 dimensions per definition | monitor: euro_duel (max≤2 Euro not wargame not solo, 1402 7.3% pop spec 0.833 insufficient 21.5% vs wargame 47.7% — broader than wargame, monitor)"
377969,Marvel United: Multiverse,2024.0,405,8.598492892011315,7.492820722619099,1.105672169392216,1.1419167935019845,0.0593024975489745,8.482259996815324,eligible,eligible,eligible,4,moderate_audience_selectivity,borderline_overlap,moderately_sensitive,True,False,7,0.8567901234567902,0.0526073085305435,0.0014331369935652,0,0,0,0,0,0,strong_hidden_gem_evidence,"strong: hidden eligible (<1700); quality robust LB 8.48>=7.0; Q4 robust 1.14>=0.60; taxonomy moderate_audience_selectivity; overlap borderline_overlap; sens moderately_sensitive; cross broad (n_sup 7 has_broad True, no niche_drop); adj 8.60 resid 1.11 — passes all 6 dimensions per definition","strong: hidden eligible (<1700); quality robust LB 8.48>=7.0; Q4 robust 1.14>=0.60; taxonomy moderate_audience_selectivity; overlap borderline_overlap; sens moderately_sensitive; cross broad (n_sup 7 has_broad True, no niche_drop); adj 8.60 resid 1.11 — passes all 6 dimensions per definition"
147190,Yggdrasil (Second Edition with Asgard Expansion),2013.0,250,7.941970165184061,6.845903818343208,1.0960663468408525,1.0718412389236225,0.0754797566847212,7.794029842082007,eligible,borderline,borderline,0,moderate_audience_selectivity,borderline_overlap,moderately_sensitive,True,False,7,0.816,0.0409519332293753,0.0008921277784943,0,0,0,0,0,1,strong_hidden_gem_evidence,"strong: hidden eligible (<1700); quality robust LB 7.79>=7.0; Q4 robust 1.07>=0.60; taxonomy moderate_audience_selectivity; overlap borderline_overlap; sens moderately_sensitive; cross broad (n_sup 7 has_broad True, no niche_drop); adj 7.94 resid 1.10 — passes all 6 dimensions per definition","strong: hidden eligible (<1700); quality robust LB 7.79>=7.0; Q4 robust 1.07>=0.60; taxonomy moderate_audience_selectivity; overlap borderline_overlap; sens moderately_sensitive; cross broad (n_sup 7 has_broad True, no niche_drop); adj 7.94 resid 1.10 — passes all 6 dimensions per definition | monitor: edition_title (title pattern 55/532 10.3% pool vs 501/14698 3.41% pop, per-pattern n<50 below gate, niche enriched — monitoring); borderline eligibility (medium/borderline confidence via Game: + title without link — review queue not hard exclude per 6A, 61 total pool borderline)"
317030,Quest: Avalon Big Box Edition,2021.0,322,8.283888142620466,7.205181709709015,1.078706432911451,0.9779570293974942,0.0665077966124016,8.153532861260159,eligible,borderline,borderline,5,moderate_audience_selectivity,borderline_overlap,moderately_sensitive,True,False,5,0.7981366459627329,0.0924072008092812,0.0011536752798199,0,0,0,0,0,1,strong_hidden_gem_evidence,"strong: hidden eligible (<1700); quality robust LB 8.15>=7.0; Q4 robust 0.98>=0.60; taxonomy moderate_audience_selectivity; overlap borderline_overlap; sens moderately_sensitive; cross broad (n_sup 5 has_broad True, no niche_drop); adj 8.28 resid 1.08 — passes all 6 dimensions per definition","strong: hidden eligible (<1700); quality robust LB 8.15>=7.0; Q4 robust 0.98>=0.60; taxonomy moderate_audience_selectivity; overlap borderline_overlap; sens moderately_sensitive; cross broad (n_sup 5 has_broad True, no niche_drop); adj 8.28 resid 1.08 — passes all 6 dimensions per definition | monitor: edition_title (title pattern 55/532 10.3% pool vs 501/14698 3.41% pop, per-pattern n<50 below gate, niche enriched — monitoring); borderline eligibility (medium/borderline confidence via Game: + title without link — review queue not hard exclude per 6A, 61 total pool borderline)"
212956,Room 25 Ultimate,2016.0,873,7.595697657822653,6.544829823464328,1.0508678343583249,1.0243214437419557,0.0403918155049935,7.516529699432866,eligible,borderline,borderline,0,moderate_audience_selectivity,borderline_overlap,moderately_sensitive,True,False,7,0.7949599083619702,0.0405398639220482,0.0031134901185204,0,0,0,0,0,1,strong_hidden_gem_evidence,"strong: hidden eligible (<1700); quality robust LB 7.52>=7.0; Q4 robust 1.02>=0.60; taxonomy moderate_audience_selectivity; overlap borderline_overlap; sens moderately_sensitive; cross broad (n_sup 7 has_broad True, no niche_drop); adj 7.60 resid 1.05 — passes all 6 dimensions per definition","strong: hidden eligible (<1700); quality robust LB 7.52>=7.0; Q4 robust 1.02>=0.60; taxonomy moderate_audience_selectivity; overlap borderline_overlap; sens moderately_sensitive; cross broad (n_sup 7 has_broad True, no niche_drop); adj 7.60 resid 1.05 — passes all 6 dimensions per definition | monitor: edition_title (title pattern 55/532 10.3% pool vs 501/14698 3.41% pop, per-pattern n<50 below gate, niche enriched — monitoring); borderline eligibility (medium/borderline confidence via Game: + title without link — review queue not hard exclude per 6A, 61 total pool borderline)"
267304,Mega Empires: The West,2019.0,366,8.65455353802916,7.608646555247452,1.045906982781709,1.1766389309609178,0.0623820946291276,8.53228463255607,eligible,eligible,eligible,4,moderate_audience_selectivity,borderline_overlap,moderately_sensitive,True,False,7,0.8907103825136612,0.1180495318685759,0.0013077375066282,0,0,0,0,0,0,strong_hidden_gem_evidence,"strong: hidden eligible (<1700); quality robust LB 8.53>=7.0; Q4 robust 1.18>=0.60; taxonomy moderate_audience_selectivity; overlap borderline_overlap; sens moderately_sensitive; cross broad (n_sup 7 has_broad True, no niche_drop); adj 8.65 resid 1.05 — passes all 6 dimensions per definition","strong: hidden eligible (<1700); quality robust LB 8.53>=7.0; Q4 robust 1.18>=0.60; taxonomy moderate_audience_selectivity; overlap borderline_overlap; sens moderately_sensitive; cross broad (n_sup 7 has_broad True, no niche_drop); adj 8.65 resid 1.05 — passes all 6 dimensions per definition"
309917,Hidden Games Crime Scene: The Midnight Crown,2020.0,341,8.200197969827395,7.172898426753939,1.0272995430734555,0.9747281929722328,0.0646283854294272,8.073526334385717,eligible,eligible,eligible,6,moderate_audience_selectivity,borderline_overlap,moderately_sensitive,True,False,7,0.8944281524926686,0.0537323653930117,0.0012002522321108,0,0,0,0,0,0,strong_hidden_gem_evidence,"strong: hidden eligible (<1700); quality robust LB 8.07>=7.0; Q4 robust 0.97>=0.60; taxonomy moderate_audience_selectivity; overlap borderline_overlap; sens moderately_sensitive; cross broad (n_sup 7 has_broad True, no niche_drop); adj 8.20 resid 1.03 — passes all 6 dimensions per definition","strong: hidden eligible (<1700); quality robust LB 8.07>=7.0; Q4 robust 0.97>=0.60; taxonomy moderate_audience_selectivity; overlap borderline_overlap; sens moderately_sensitive; cross broad (n_sup 7 has_broad True, no niche_drop); adj 8.20 resid 1.03 — passes all 6 dimensions per definition"
250396,Terminator Genisys: Rise of the Resistance,2018.0,605,8.027841502955507,7.0275756419731845,1.0002658609823225,0.9763545438359243,0.0485202252673427,7.9327418614315155,eligible,eligible,eligible,0,moderate_audience_selectivity,borderline_overlap,moderately_sensitive,True,False,7,0.8727272727272727,0.1046083271374865,0.0021317912779282,0,0,0,0,0,0,strong_hidden_gem_evidence,"strong: hidden eligible (<1700); quality robust LB 7.93>=7.0; Q4 robust 0.98>=0.60; taxonomy moderate_audience_selectivity; overlap borderline_overlap; sens moderately_sensitive; cross broad (n_sup 7 has_broad True, no niche_drop); adj 8.03 resid 1.00 — passes all 6 dimensions per definition","strong: hidden eligible (<1700); quality robust LB 7.93>=7.0; Q4 robust 0.98>=0.60; taxonomy moderate_audience_selectivity; overlap borderline_overlap; sens moderately_sensitive; cross broad (n_sup 7 has_broad True, no niche_drop); adj 8.03 resid 1.00 — passes all 6 dimensions per definition"
231962,Krazy Wordz,2016.0,753,7.545649480030701,6.554999811370605,0.9906496686600956,0.9114081218567592,0.0434913619256321,7.460406410656462,eligible,eligible,eligible,0,moderate_audience_selectivity,borderline_overlap,moderately_sensitive,True,False,7,0.7702523240371846,0.0761080083451831,0.0026978803903865,0,0,0,0,0,0,strong_hidden_gem_evidence,"strong: hidden eligible (<1700); quality robust LB 7.46>=7.0; Q4 robust 0.91>=0.60; taxonomy moderate_audience_selectivity; overlap borderline_overlap; sens moderately_sensitive; cross broad (n_sup 7 has_broad True, no niche_drop); adj 7.55 resid 0.99 — passes all 6 dimensions per definition","strong: hidden eligible (<1700); quality robust LB 7.46>=7.0; Q4 robust 0.91>=0.60; taxonomy moderate_audience_selectivity; overlap borderline_overlap; sens moderately_sensitive; cross broad (n_sup 7 has_broad True, no niche_drop); adj 7.55 resid 0.99 — passes all 6 dimensions per definition"
424975,Wilmot's Warehouse,2024.0,477,8.153891057671837,7.165508310249095,0.988382747422742,0.936879571507868,0.0546438519905886,8.046789107770284,eligible,eligible,eligible,0,moderate_audience_selectivity,borderline_overlap,moderately_sensitive,True,False,7,0.8553459119496856,0.1453630850980766,0.0017054330223426,0,0,0,0,0,0,strong_hidden_gem_evidence,"strong: hidden eligible (<1700); quality robust LB 8.05>=7.0; Q4 robust 0.94>=0.60; taxonomy moderate_audience_selectivity; overlap borderline_overlap; sens moderately_sensitive; cross broad (n_sup 7 has_broad True, no niche_drop); adj 8.15 resid 0.99 — passes all 6 dimensions per definition","strong: hidden eligible (<1700); quality robust LB 8.05>=7.0; Q4 robust 0.94>=0.60; taxonomy moderate_audience_selectivity; overlap borderline_overlap; sens moderately_sensitive; cross broad (n_sup 7 has_broad True, no niche_drop); adj 8.15 resid 0.99 — passes all 6 dimensions per definition"
373600,Cthulhu: Death May Die – Fear of the Unknown,2024.0,502,8.926113203607716,7.953060310853978,0.9730528927537384,0.8801974796337078,0.0532658224682533,8.82171219156994,eligible,eligible,eligible,2,moderate_audience_selectivity,borderline_overlap,moderately_sensitive,True,False,7,0.8725099601593626,0.062006201482174,0.0017806727145047,0,0,0,0,0,0,strong_hidden_gem_evidence,"strong: hidden eligible (<1700); quality robust LB 8.82>=7.0; Q4 robust 0.88>=0.60; taxonomy moderate_audience_selectivity; overlap borderline_overlap; sens moderately_sensitive; cross broad (n_sup 7 has_broad True, no niche_drop); adj 8.93 resid 0.97 — passes all 6 dimensions per definition","strong: hidden eligible (<1700); quality robust LB 8.82>=7.0; Q4 robust 0.88>=0.60; taxonomy moderate_audience_selectivity; overlap borderline_overlap; sens moderately_sensitive; cross broad (n_sup 7 has_broad True, no niche_drop); adj 8.93 resid 0.97 — passes all 6 dimensions per definition"
270871,Agemonia,2024.0,650,9.13215688043694,8.15950046067205,0.97265641976489,0.9258036361652576,0.0468105579362371,9.040408186881915,eligible,borderline,borderline,0,moderate_audience_selectivity,adequate_overlap,stable_under_exposure_adjustment,True,False,7,0.8707692307692307,0.0896100334068923,0.0023216819295756,0,0,0,0,0,0,strong_hidden_gem_evidence,"strong: hidden eligible (<1700); quality robust LB 9.04>=7.0; Q4 robust 0.93>=0.60; taxonomy moderate_audience_selectivity; overlap adequate_overlap; sens stable_under_exposure_adjustment; cross broad (n_sup 7 has_broad True, no niche_drop); adj 9.13 resid 0.97 — passes all 6 dimensions per definition","strong: hidden eligible (<1700); quality robust LB 9.04>=7.0; Q4 robust 0.93>=0.60; taxonomy moderate_audience_selectivity; overlap adequate_overlap; sens stable_under_exposure_adjustment; cross broad (n_sup 7 has_broad True, no niche_drop); adj 9.13 resid 0.97 — passes all 6 dimensions per definition | monitor: borderline eligibility (medium/borderline confidence via Game: + title without link — review queue not hard exclude per 6A, 61 total pool borderline)"
424774,Dorfromantik: Sakura,2024.0,370,8.443661175381106,7.486131277422274,0.9575298979588318,0.8712616900503694,0.0620439778051147,8.32205497888308,eligible,eligible,eligible,3,moderate_audience_selectivity,adequate_overlap,stable_under_exposure_adjustment,True,False,7,0.7702702702702703,0.0868663910363578,0.0013256517190478,0,0,0,0,0,0,strong_hidden_gem_evidence,"strong: hidden eligible (<1700); quality robust LB 8.32>=7.0; Q4 robust 0.87>=0.60; taxonomy moderate_audience_selectivity; overlap adequate_overlap; sens stable_under_exposure_adjustment; cross broad (n_sup 7 has_broad True, no niche_drop); adj 8.44 resid 0.96 — passes all 6 dimensions per definition","strong: hidden eligible (<1700); quality robust LB 8.32>=7.0; Q4 robust 0.87>=0.60; taxonomy moderate_audience_selectivity; overlap adequate_overlap; sens stable_under_exposure_adjustment; cross broad (n_sup 7 has_broad True, no niche_drop); adj 8.44 resid 0.96 — passes all 6 dimensions per definition"
367396,Avalon: Big Box,2022.0,398,8.346901925748652,7.410072508912275,0.9368294168363764,0.8624916011980961,0.059821728823544,8.229651337254506,eligible,borderline,borderline,60,moderate_audience_selectivity,borderline_overlap,moderately_sensitive,True,False,7,0.5804020100502513,0.1791056429124329,0.0014223884661134,0,0,0,0,0,1,strong_hidden_gem_evidence,"strong: hidden eligible (<1700); quality robust LB 8.23>=7.0; Q4 robust 0.86>=0.60; taxonomy moderate_audience_selectivity; overlap borderline_overlap; sens moderately_sensitive; cross broad (n_sup 7 has_broad True, no niche_drop); adj 8.35 resid 0.94 — passes all 6 dimensions per definition","strong: hidden eligible (<1700); quality robust LB 8.23>=7.0; Q4 robust 0.86>=0.60; taxonomy moderate_audience_selectivity; overlap borderline_overlap; sens moderately_sensitive; cross broad (n_sup 7 has_broad True, no niche_drop); adj 8.35 resid 0.94 — passes all 6 dimensions per definition | monitor: edition_title (title pattern 55/532 10.3% pool vs 501/14698 3.41% pop, per-pattern n<50 below gate, niche enriched — monitoring); borderline eligibility (medium/borderline confidence via Game: + title without link — review queue not hard exclude per 6A, 61 total pool borderline); ecosystem max_eco 60 (Game: Catan 40 Unlock 47 etc., 2740 Game: 18.6% — borderline not hard unless link corroborates)"
257145,Teenage Mutant Ninja Turtles Adventures: City Fall,2020.0,220,8.318215717138065,7.393497912726339,0.924717804411726,0.7984910542859023,0.0804616909776487,8.160510802821873,eligible,eligible,eligible,3,moderate_audience_selectivity,adequate_overlap,stable_under_exposure_adjustment,True,False,6,0.8363636363636363,0.1318810544102138,0.0007774768190091,0,0,0,0,0,0,strong_hidden_gem_evidence,"strong: hidden eligible (<1700); quality robust LB 8.16>=7.0; Q4 robust 0.80>=0.60; taxonomy moderate_audience_selectivity; overlap adequate_overlap; sens stable_under_exposure_adjustment; cross broad (n_sup 6 has_broad True, no niche_drop); adj 8.32 resid 0.92 — passes all 6 dimensions per definition","strong: hidden eligible (<1700); quality robust LB 8.16>=7.0; Q4 robust 0.80>=0.60; taxonomy moderate_audience_selectivity; overlap adequate_overlap; sens stable_under_exposure_adjustment; cross broad (n_sup 6 has_broad True, no niche_drop); adj 8.32 resid 0.92 — passes all 6 dimensions per definition"
304847,Hidden Games Crime Scene: The New Haven Case,2019.0,664,8.372371019768345,7.452577985104154,0.91979303466419,0.8771292261793029,0.0463144441496585,8.281594709235014,eligible,eligible,eligible,6,moderate_audience_selectivity,borderline_overlap,moderately_sensitive,True,False,7,0.9006024096385542,0.064706581941076,0.0023503446694469,0,0,0,0,0,0,strong_hidden_gem_evidence,"strong: hidden eligible (<1700); quality robust LB 8.28>=7.0; Q4 robust 0.88>=0.60; taxonomy moderate_audience_selectivity; overlap borderline_overlap; sens moderately_sensitive; cross broad (n_sup 7 has_broad True, no niche_drop); adj 8.37 resid 0.92 — passes all 6 dimensions per definition","strong: hidden eligible (<1700); quality robust LB 8.28>=7.0; Q4 robust 0.88>=0.60; taxonomy moderate_audience_selectivity; overlap borderline_overlap; sens moderately_sensitive; cross broad (n_sup 7 has_broad True, no niche_drop); adj 8.37 resid 0.92 — passes all 6 dimensions per definition"
195372,Krazy Wordz: Nicht 100% jugendfrei,2016.0,1080,7.590985157725267,6.682965831691176,0.9080193260340916,0.8235688710659872,0.0363152148669094,7.519807336586125,eligible,eligible,eligible,0,moderate_audience_selectivity,borderline_overlap,moderately_sensitive,True,False,7,0.7944444444444444,0.0941727862705188,0.0038658870401421,0,0,0,0,0,0,strong_hidden_gem_evidence,"strong: hidden eligible (<1700); quality robust LB 7.52>=7.0; Q4 robust 0.82>=0.60; taxonomy moderate_audience_selectivity; overlap borderline_overlap; sens moderately_sensitive; cross broad (n_sup 7 has_broad True, no niche_drop); adj 7.59 resid 0.91 — passes all 6 dimensions per definition","strong: hidden eligible (<1700); quality robust LB 7.52>=7.0; Q4 robust 0.82>=0.60; taxonomy moderate_audience_selectivity; overlap borderline_overlap; sens moderately_sensitive; cross broad (n_sup 7 has_broad True, no niche_drop); adj 7.59 resid 0.91 — passes all 6 dimensions per definition"
187988,Pyramid Arcade,2016.0,813,7.945993544520125,7.056676652725511,0.8893168917946142,1.040289168035919,0.0418557591296589,7.863956256625993,eligible,eligible,eligible,0,moderate_audience_selectivity,borderline_overlap,moderately_sensitive,True,False,7,0.7884378843788438,0.110017637303976,0.0028555254596786,0,0,0,0,0,0,strong_hidden_gem_evidence,"strong: hidden eligible (<1700); quality robust LB 7.86>=7.0; Q4 robust 1.04>=0.60; taxonomy moderate_audience_selectivity; overlap borderline_overlap; sens moderately_sensitive; cross broad (n_sup 7 has_broad True, no niche_drop); adj 7.95 resid 0.89 — passes all 6 dimensions per definition","strong: hidden eligible (<1700); quality robust LB 7.86>=7.0; Q4 robust 1.04>=0.60; taxonomy moderate_audience_selectivity; overlap borderline_overlap; sens moderately_sensitive; cross broad (n_sup 7 has_broad True, no niche_drop); adj 7.95 resid 0.89 — passes all 6 dimensions per definition"
406174,Kinfire Delve: Callous' Lab,2024.0,284,8.423013689410212,7.552040105251732,0.8709735841584791,0.8870426869402834,0.0708176197861072,8.28421115462944,eligible,eligible,eligible,0,moderate_audience_selectivity,borderline_overlap,moderately_sensitive,True,False,7,0.8943661971830986,0.036460872568845,0.0009960302105278,0,1,1,0,0,0,strong_hidden_gem_evidence,"strong: hidden eligible (<1700); quality robust LB 8.28>=7.0; Q4 robust 0.89>=0.60; taxonomy moderate_audience_selectivity; overlap borderline_overlap; sens moderately_sensitive; cross broad (n_sup 7 has_broad True, no niche_drop); adj 8.42 resid 0.87 — passes all 6 dimensions per definition","strong: hidden eligible (<1700); quality robust LB 8.28>=7.0; Q4 robust 0.89>=0.60; taxonomy moderate_audience_selectivity; overlap borderline_overlap; sens moderately_sensitive; cross broad (n_sup 7 has_broad True, no niche_drop); adj 8.42 resid 0.87 — passes all 6 dimensions per definition | monitor: solo_first (min1 max≤2, 691 4.7% pop, spec 0.901, insufficient 34.4% vs 23% overall, cross 80.5% vs 86.2% — monitoring: general criteria not triggered; thresholds not mode-specific)"
343844,Bullet★,2022.0,993,8.382052189896728,7.536795096828301,0.845257093068426,0.8402327859893752,0.0378726654570008,8.307821765601005,eligible,eligible,eligible,1,moderate_audience_selectivity,borderline_overlap,moderately_sensitive,True,False,7,0.8328298086606244,0.0258957343022753,0.0035470140590739,0,0,0,0,0,0,strong_hidden_gem_evidence,"strong: hidden eligible (<1700); quality robust LB 8.31>=7.0; Q4 robust 0.84>=0.60; taxonomy moderate_audience_selectivity; overlap borderline_overlap; sens moderately_sensitive; cross broad (n_sup 7 has_broad True, no niche_drop); adj 8.38 resid 0.85 — passes all 6 dimensions per definition","strong: hidden eligible (<1700); quality robust LB 8.31>=7.0; Q4 robust 0.84>=0.60; taxonomy moderate_audience_selectivity; overlap borderline_overlap; sens moderately_sensitive; cross broad (n_sup 7 has_broad True, no niche_drop); adj 8.38 resid 0.85 — passes all 6 dimensions per definition"
184424,Mega Civilization,2015.0,1035,8.616270610757237,7.782888694970321,0.8333819157869158,0.9436389466935092,0.0370962765856366,8.543561908649389,eligible,eligible,eligible,4,moderate_audience_selectivity,borderline_overlap,moderately_sensitive,True,False,7,0.8956521739130435,0.1358835481369974,0.0037082419708499,0,0,0,0,0,0,strong_hidden_gem_evidence,"strong: hidden eligible (<1700); quality robust LB 8.54>=7.0; Q4 robust 0.94>=0.60; taxonomy moderate_audience_selectivity; overlap borderline_overlap; sens moderately_sensitive; cross broad (n_sup 7 has_broad True, no niche_drop); adj 8.62 resid 0.83 — passes all 6 dimensions per definition","strong: hidden eligible (<1700); quality robust LB 8.54>=7.0; Q4 robust 0.94>=0.60; taxonomy moderate_audience_selectivity; overlap borderline_overlap; sens moderately_sensitive; cross broad (n_sup 7 has_broad True, no niche_drop); adj 8.62 resid 0.83 — passes all 6 dimensions per definition"
363625,Fateforge: Chronicles of Kaan,2024.0,405,8.61334760478483,7.782659525512653,0.8306880792721767,0.8611887570810133,0.0593024975489745,8.497114709588839,eligible,eligible,eligible,0,moderate_audience_selectivity,borderline_overlap,moderately_sensitive,True,False,7,0.8716049382716049,0.0375504083870419,0.0014295541510813,0,0,0,0,0,0,strong_hidden_gem_evidence,"strong: hidden eligible (<1700); quality robust LB 8.50>=7.0; Q4 robust 0.86>=0.60; taxonomy moderate_audience_selectivity; overlap borderline_overlap; sens moderately_sensitive; cross broad (n_sup 7 has_broad True, no niche_drop); adj 8.61 resid 0.83 — passes all 6 dimensions per definition","strong: hidden eligible (<1700); quality robust LB 8.50>=7.0; Q4 robust 0.86>=0.60; taxonomy moderate_audience_selectivity; overlap borderline_overlap; sens moderately_sensitive; cross broad (n_sup 7 has_broad True, no niche_drop); adj 8.61 resid 0.83 — passes all 6 dimensions per definition"
285157,Legendary: A James Bond Deck Building Game,2019.0,674,7.94157442227659,7.11764283999827,0.8239315822783198,0.7297568737162798,0.0459695812418302,7.851474043042603,eligible,eligible,eligible,12,moderate_audience_selectivity,borderline_overlap,moderately_sensitive,True,False,7,0.857566765578635,0.0365447198090735,0.0023897559367699,0,0,0,0,0,0,strong_hidden_gem_evidence,"strong: hidden eligible (<1700); quality robust LB 7.85>=7.0; Q4 robust 0.73>=0.60; taxonomy moderate_audience_selectivity; overlap borderline_overlap; sens moderately_sensitive; cross broad (n_sup 7 has_broad True, no niche_drop); adj 7.94 resid 0.82 — passes all 6 dimensions per definition","strong: hidden eligible (<1700); quality robust LB 7.85>=7.0; Q4 robust 0.73>=0.60; taxonomy moderate_audience_selectivity; overlap borderline_overlap; sens moderately_sensitive; cross broad (n_sup 7 has_broad True, no niche_drop); adj 7.94 resid 0.82 — passes all 6 dimensions per definition | monitor: ecosystem max_eco 12 (Game: Catan 40 Unlock 47 etc., 2740 Game: 18.6% — borderline not hard unless link corroborates)"
12166,Funkenschlag,2001.0,897,7.979448127313571,7.158253164136873,0.8211949631766977,0.7026784683592222,0.0398477931516826,7.901346452736273,eligible,eligible,eligible,8,moderate_audience_selectivity,borderline_overlap,moderately_sensitive,True,False,7,0.8896321070234113,0.1618961828452843,0.0032138097080699,0,0,0,0,0,0,strong_hidden_gem_evidence,"strong: hidden eligible (<1700); quality robust LB 7.90>=7.0; Q4 robust 0.70>=0.60; taxonomy moderate_audience_selectivity; overlap borderline_overlap; sens moderately_sensitive; cross broad (n_sup 7 has_broad True, no niche_drop); adj 7.98 resid 0.82 — passes all 6 dimensions per definition","strong: hidden eligible (<1700); quality robust LB 7.90>=7.0; Q4 robust 0.70>=0.60; taxonomy moderate_audience_selectivity; overlap borderline_overlap; sens moderately_sensitive; cross broad (n_sup 7 has_broad True, no niche_drop); adj 7.98 resid 0.82 — passes all 6 dimensions per definition"
410209,Hitster: Summer Party,2024.0,452,7.8111026200329,6.996838031829839,0.814264588203061,0.8106711322196016,0.0561346835132536,7.701078640346923,eligible,eligible,eligible,5,moderate_audience_selectivity,borderline_overlap,moderately_sensitive,True,False,6,0.7323008849557522,0.0478814930203817,0.0016122791177608,0,0,0,0,0,0,strong_hidden_gem_evidence,"strong: hidden eligible (<1700); quality robust LB 7.70>=7.0; Q4 robust 0.81>=0.60; taxonomy moderate_audience_selectivity; overlap borderline_overlap; sens moderately_sensitive; cross broad (n_sup 6 has_broad True, no niche_drop); adj 7.81 resid 0.81 — passes all 6 dimensions per definition","strong: hidden eligible (<1700); quality robust LB 7.70>=7.0; Q4 robust 0.81>=0.60; taxonomy moderate_audience_selectivity; overlap borderline_overlap; sens moderately_sensitive; cross broad (n_sup 6 has_broad True, no niche_drop); adj 7.81 resid 0.81 — passes all 6 dimensions per definition"
256874,Legendary Encounters: The X-Files Deck Building Game,2018.0,815,7.852452424928615,7.076625704675131,0.7758267202534848,0.6466108803432347,0.0418043708240575,7.770515858113463,eligible,eligible,eligible,12,moderate_audience_selectivity,borderline_overlap,moderately_sensitive,True,False,7,0.8993865030674847,0.0486543610945268,0.0029092680969373,0,0,0,0,0,0,strong_hidden_gem_evidence,"strong: hidden eligible (<1700); quality robust LB 7.77>=7.0; Q4 robust 0.65>=0.60; taxonomy moderate_audience_selectivity; overlap borderline_overlap; sens moderately_sensitive; cross broad (n_sup 7 has_broad True, no niche_drop); adj 7.85 resid 0.78 — passes all 6 dimensions per definition","strong: hidden eligible (<1700); quality robust LB 7.77>=7.0; Q4 robust 0.65>=0.60; taxonomy moderate_audience_selectivity; overlap borderline_overlap; sens moderately_sensitive; cross broad (n_sup 7 has_broad True, no niche_drop); adj 7.85 resid 0.78 — passes all 6 dimensions per definition | monitor: ecosystem max_eco 12 (Game: Catan 40 Unlock 47 etc., 2740 Game: 18.6% — borderline not hard unless link corroborates)"
404538,Kinfire Delve: Scorn's Stockade,2024.0,408,8.28771414548349,7.512385940562636,0.7753282049208536,0.7888662261424866,0.0590840714014614,8.171909365536624,eligible,eligible,eligible,0,moderate_audience_selectivity,borderline_overlap,moderately_sensitive,True,False,7,0.8995098039215687,0.0687107918821706,0.0014438855210169,0,1,1,0,0,0,strong_hidden_gem_evidence,"strong: hidden eligible (<1700); quality robust LB 8.17>=7.0; Q4 robust 0.79>=0.60; taxonomy moderate_audience_selectivity; overlap borderline_overlap; sens moderately_sensitive; cross broad (n_sup 7 has_broad True, no niche_drop); adj 8.29 resid 0.78 — passes all 6 dimensions per definition","strong: hidden eligible (<1700); quality robust LB 8.17>=7.0; Q4 robust 0.79>=0.60; taxonomy moderate_audience_selectivity; overlap borderline_overlap; sens moderately_sensitive; cross broad (n_sup 7 has_broad True, no niche_drop); adj 8.29 resid 0.78 — passes all 6 dimensions per definition | monitor: solo_first (min1 max≤2, 691 4.7% pop, spec 0.901, insufficient 34.4% vs 23% overall, cross 80.5% vs 86.2% — monitoring: general criteria not triggered; thresholds not mode-specific)"
4385,A Gamut of Games,1969.0,434,8.074748244439382,6.12181244085644,1.9529358035829425,1.9587624149546825,0.0572869408176073,7.962465840436872,eligible,eligible,eligible,5,moderate_audience_selectivity,adequate_overlap,stable_under_exposure_adjustment,False,False,4,,0.2081692178981229,0.0015298737406308,0,0,0,0,0,0,plausible_hidden_gem,"plausible: good+underrated+hidden but cross not broad (n_sup 4 has_broad False) — not decisive niche/insufficient, borderline per 6C","plausible: good+underrated+hidden but cross not broad (n_sup 4 has_broad False) — not decisive niche/insufficient, borderline per 6C"
1803,Zopp,1997.0,158,7.667323849066769,5.914974212678306,1.7523496363884623,1.7249611797053743,0.0949449679809969,7.481231711824015,eligible,eligible,eligible,0,moderate_audience_selectivity,borderline_overlap,moderately_sensitive,False,False,1,,0.3449889110673465,0.0005660891124582,0,0,0,0,0,0,plausible_hidden_gem,"plausible: good+underrated+hidden but cross not broad (n_sup 1 has_broad False) — not decisive niche/insufficient, borderline per 6C","plausible: good+underrated+hidden but cross not broad (n_sup 1 has_broad False) — not decisive niche/insufficient, borderline per 6C"
341489,Carrooka,2021.0,195,8.554627332404891,6.806130809333538,1.7484965230713527,1.7303145183894395,0.0854639950369319,8.387117902132506,eligible,eligible,eligible,0,low_audience_selectivity,borderline_overlap,moderately_sensitive,False,False,3,,0.1890979665688071,0.0006914885993952,0,0,0,0,0,0,plausible_hidden_gem,"plausible: good+underrated+hidden but cross not broad (n_sup 3 has_broad False) — not decisive niche/insufficient, borderline per 6C","plausible: good+underrated+hidden but cross not broad (n_sup 3 has_broad False) — not decisive niche/insufficient, borderline per 6C"
541,Das Motorsportspiel,1995.0,381,7.884625607694253,6.216082474208292,1.6685431334859606,1.855485018736677,0.0611417701403507,7.764787738219166,eligible,eligible,eligible,0,moderate_audience_selectivity,adequate_overlap,stable_under_exposure_adjustment,False,False,2,,0.2947712958641837,0.0013471487739513,0,0,0,0,0,0,plausible_hidden_gem,"plausible: good+underrated+hidden but cross not broad (n_sup 2 has_broad False) — not decisive niche/insufficient, borderline per 6C","plausible: good+underrated+hidden but cross not broad (n_sup 2 has_broad False) — not decisive niche/insufficient, borderline per 6C"
156372,Heart of Crown: Fairy Garden,2013.0,304,8.435737541032188,6.851612430891995,1.5841251101401923,1.4957523247309863,0.0684484635485595,8.301578552477011,eligible,eligible,eligible,2,moderate_audience_selectivity,adequate_overlap,stable_under_exposure_adjustment,False,False,4,,0.1055277613957368,0.0010784355876578,0,0,0,0,0,0,plausible_hidden_gem,"plausible: good+underrated+hidden but cross not broad (n_sup 4 has_broad False) — not decisive niche/insufficient, borderline per 6C","plausible: good+underrated+hidden but cross not broad (n_sup 4 has_broad False) — not decisive niche/insufficient, borderline per 6C"
14188,Bughouse Chess,1960.0,362,7.928732592221245,6.356477613193304,1.5722549790279414,1.540566499582181,0.0627258002310878,7.805790023768313,eligible,eligible,eligible,0,low_audience_selectivity,adequate_overlap,stable_under_exposure_adjustment,False,False,4,,0.1486814769810468,0.0012826576092408,0,0,0,0,0,0,plausible_hidden_gem,"plausible: good+underrated+hidden but cross not broad (n_sup 4 has_broad False) — not decisive niche/insufficient, borderline per 6C","plausible: good+underrated+hidden but cross not broad (n_sup 4 has_broad False) — not decisive niche/insufficient, borderline per 6C"
62814,Tumblin-Dice Medium,2008.0,215,7.61403753309305,6.080798857360682,1.5332386757323686,1.5010055106635782,0.0813919148403426,7.454509380005978,eligible,eligible,eligible,0,low_audience_selectivity,borderline_overlap,moderately_sensitive,False,False,1,,0.2044825819534225,0.0007667282915573,0,0,0,0,0,0,plausible_hidden_gem,"plausible: good+underrated+hidden but cross not broad (n_sup 1 has_broad False) — not decisive niche/insufficient, borderline per 6C","plausible: good+underrated+hidden but cross not broad (n_sup 1 has_broad False) — not decisive niche/insufficient, borderline per 6C"
161880,The Quiet Year,2013.0,406,7.928581363307283,6.397724220368612,1.5308571429386708,1.4713888981424672,0.059229419890224,7.812491700322444,eligible,eligible,eligible,0,low_audience_selectivity,borderline_overlap,moderately_sensitive,False,False,4,,0.0612432022239084,0.0014438855210169,0,0,0,0,0,0,plausible_hidden_gem,"plausible: good+underrated+hidden but cross not broad (n_sup 4 has_broad False) — not decisive niche/insufficient, borderline per 6C","plausible: good+underrated+hidden but cross not broad (n_sup 4 has_broad False) — not decisive niche/insufficient, borderline per 6C"
165748,Psycho Raiders,2014.0,197,8.273367651575443,6.749005592257038,1.5243620593184044,1.4052059761368945,0.0850290609412402,8.106710692130612,eligible,eligible,eligible,0,moderate_audience_selectivity,adequate_overlap,stable_under_exposure_adjustment,False,False,4,,0.0616762892235735,0.0007022371268469,0,0,0,0,0,0,plausible_hidden_gem,"plausible: good+underrated+hidden but cross not broad (n_sup 4 has_broad False) — not decisive niche/insufficient, borderline per 6C","plausible: good+underrated+hidden but cross not broad (n_sup 4 has_broad False) — not decisive niche/insufficient, borderline per 6C"
207951,Tintas,2016.0,312,8.107522688894388,6.592813363317967,1.5147093255764208,1.4808445938717387,0.0675652205635077,7.975094856589913,eligible,eligible,eligible,0,moderate_audience_selectivity,adequate_overlap,stable_under_exposure_adjustment,False,False,2,,0.2679441204149609,0.0010927669575934,0,0,1,0,1,0,plausible_hidden_gem,"plausible: good+underrated+hidden but cross not broad (n_sup 2 has_broad False) — not decisive niche/insufficient, borderline per 6C","plausible: good+underrated+hidden but cross not broad (n_sup 2 has_broad False) — not decisive niche/insufficient, borderline per 6C | monitor: euro_duel (max≤2 Euro not wargame not solo, 1402 7.3% pop spec 0.833 insufficient 21.5% vs wargame 47.7% — broader than wargame, monitor)"
141067,History Maker Baseball,2013.0,207,8.227778046143344,6.730568917322557,1.4972091288207867,1.3744098434110512,0.0829497961576172,8.065196445674415,eligible,eligible,eligible,0,moderate_audience_selectivity,borderline_overlap,moderately_sensitive,False,False,4,,0.1656457030882611,0.000655660174556,0,1,1,0,0,0,plausible_hidden_gem,"plausible: good+underrated+hidden but cross not broad (n_sup 4 has_broad False) — not decisive niche/insufficient, borderline per 6C","plausible: good+underrated+hidden but cross not broad (n_sup 4 has_broad False) — not decisive niche/insufficient, borderline per 6C | monitor: solo_first (min1 max≤2, 691 4.7% pop, spec 0.901, insufficient 34.4% vs 23% overall, cross 80.5% vs 86.2% — monitoring: general criteria not triggered; thresholds not mode-specific)"
5217,Eleusis,1956.0,216,7.787940551780393,6.3066186455251,1.4813219062552925,1.518561539883185,0.0812032890599204,7.628782105222949,eligible,eligible,eligible,0,moderate_audience_selectivity,borderline_overlap,moderately_sensitive,False,False,2,,0.2896677671386077,0.0007703111340413,0,0,0,0,0,0,plausible_hidden_gem,"plausible: good+underrated+hidden but cross not broad (n_sup 2 has_broad False) — not decisive niche/insufficient, borderline per 6C","plausible: good+underrated+hidden but cross not broad (n_sup 2 has_broad False) — not decisive niche/insufficient, borderline per 6C"
237009,Urbino,2017.0,207,8.44228573901027,6.991255027950061,1.4510307110602092,1.4295185874866707,0.0829497961576172,8.27970413854134,eligible,eligible,eligible,0,moderate_audience_selectivity,adequate_overlap,stable_under_exposure_adjustment,False,False,2,,0.2421637413737123,0.0007201513392665,0,0,1,0,1,0,plausible_hidden_gem,"plausible: good+underrated+hidden but cross not broad (n_sup 2 has_broad False) — not decisive niche/insufficient, borderline per 6C","plausible: good+underrated+hidden but cross not broad (n_sup 2 has_broad False) — not decisive niche/insufficient, borderline per 6C | monitor: euro_duel (max≤2 Euro not wargame not solo, 1402 7.3% pop spec 0.833 insufficient 21.5% vs wargame 47.7% — broader than wargame, monitor)"
2251,Strat-O-Matic Baseball,1962.0,1071,7.917105514613079,6.4764231790172975,1.440682335595782,1.3287759338052494,0.0364674805865797,7.845629252663382,eligible,eligible,eligible,4,moderate_audience_selectivity,adequate_overlap,stable_under_exposure_adjustment,False,False,4,,0.0758630058240967,0.0036365851211717,0,1,1,0,0,0,plausible_hidden_gem,"plausible: good+underrated+hidden but cross not broad (n_sup 4 has_broad False) — not decisive niche/insufficient, borderline per 6C","plausible: good+underrated+hidden but cross not broad (n_sup 4 has_broad False) — not decisive niche/insufficient, borderline per 6C | monitor: solo_first (min1 max≤2, 691 4.7% pop, spec 0.901, insufficient 34.4% vs 23% overall, cross 80.5% vs 86.2% — monitoring: general criteria not triggered; thresholds not mode-specific)"
7290,Dynasty League Baseball Powered by Pursue the Pennant,1985.0,222,7.837850753987609,6.413378854042438,1.4244718999451704,1.3098385551627052,0.0800984309238906,7.680857829376783,eligible,eligible,eligible,0,moderate_audience_selectivity,adequate_overlap,moderately_sensitive,False,False,4,,0.0509039136720587,0.0007344827092021,0,1,1,0,0,0,plausible_hidden_gem,"plausible: good+underrated+hidden but cross not broad (n_sup 4 has_broad False) — not decisive niche/insufficient, borderline per 6C","plausible: good+underrated+hidden but cross not broad (n_sup 4 has_broad False) — not decisive niche/insufficient, borderline per 6C | monitor: solo_first (min1 max≤2, 691 4.7% pop, spec 0.901, insufficient 34.4% vs 23% overall, cross 80.5% vs 86.2% — monitoring: general criteria not triggered; thresholds not mode-specific)"
345976,System Gateway (fan expansion for Android: Netrunner),2021.0,660,9.452369137041869,8.085282483094607,1.3670866539472597,1.4736530553399891,0.0464545789453979,9.361318162308889,eligible,eligible,eligible,2,moderate_audience_selectivity,adequate_overlap,stable_under_exposure_adjustment,False,False,4,,0.1303659028950623,0.0023646760393826,0,0,1,0,1,0,plausible_hidden_gem,"plausible: good+underrated+hidden but cross not broad (n_sup 4 has_broad False) — not decisive niche/insufficient, borderline per 6C","plausible: good+underrated+hidden but cross not broad (n_sup 4 has_broad False) — not decisive niche/insufficient, borderline per 6C | monitor: euro_duel (max≤2 Euro not wargame not solo, 1402 7.3% pop spec 0.833 insufficient 21.5% vs wargame 47.7% — broader than wargame, monitor)"
4079,What's My Word?,1972.0,375,7.512861846020476,6.191110763935987,1.321751082084489,1.3086007368962758,0.0616289632623315,7.392069078026306,eligible,eligible,eligible,3,moderate_audience_selectivity,borderline_overlap,moderately_sensitive,False,False,4,,0.2524825819534225,0.0013364002464995,0,0,1,0,1,0,plausible_hidden_gem,"plausible: good+underrated+hidden but cross not broad (n_sup 4 has_broad False) — not decisive niche/insufficient, borderline per 6C","plausible: good+underrated+hidden but cross not broad (n_sup 4 has_broad False) — not decisive niche/insufficient, borderline per 6C | monitor: euro_duel (max≤2 Euro not wargame not solo, 1402 7.3% pop spec 0.833 insufficient 21.5% vs wargame 47.7% — broader than wargame, monitor)"
186567,Baseball Highlights: 2045 – Super Deluxe Edition,2015.0,513,8.15557440517576,6.853490765051923,1.3020836401238365,1.246580468569814,0.0526916518071695,8.052298767633706,eligible,borderline,borderline,5,moderate_audience_selectivity,adequate_overlap,stable_under_exposure_adjustment,False,False,4,,0.1179057297403044,0.0018344153517634,0,0,0,0,0,1,plausible_hidden_gem,"plausible: good+underrated+hidden but cross not broad (n_sup 4 has_broad False) — not decisive niche/insufficient, borderline per 6C","plausible: good+underrated+hidden but cross not broad (n_sup 4 has_broad False) — not decisive niche/insufficient, borderline per 6C | monitor: edition_title (title pattern 55/532 10.3% pool vs 501/14698 3.41% pop, per-pattern n<50 below gate, niche enriched — monitoring); borderline eligibility (medium/borderline confidence via Game: + title without link — review queue not hard exclude per 6A, 61 total pool borderline)"
194923,Techno Bowl: Arcade Football Unplugged,2017.0,261,8.569860666363287,7.267838004597875,1.3020226617654114,1.2816585143406591,0.0738720654821974,8.42507141801818,eligible,eligible,eligible,0,moderate_audience_selectivity,adequate_overlap,stable_under_exposure_adjustment,False,False,4,,0.0524439174501708,0.0009172076758817,0,0,1,0,1,0,plausible_hidden_gem,"plausible: good+underrated+hidden but cross not broad (n_sup 4 has_broad False) — not decisive niche/insufficient, borderline per 6C","plausible: good+underrated+hidden but cross not broad (n_sup 4 has_broad False) — not decisive niche/insufficient, borderline per 6C | monitor: euro_duel (max≤2 Euro not wargame not solo, 1402 7.3% pop spec 0.833 insufficient 21.5% vs wargame 47.7% — broader than wargame, monitor)"
398162,MicroMacro: Crime City – Showdown,2023.0,452,8.274026909309363,7.0223735564075245,1.2516533529018383,1.1730381861334802,0.0561346835132536,8.164002929623386,eligible,eligible,eligible,4,moderate_audience_selectivity,borderline_overlap,moderately_sensitive,False,False,3,0.9314159292035398,0.1243940863782012,0.0016122791177608,0,0,0,0,0,0,plausible_hidden_gem,"plausible: good+underrated+hidden but cross not broad (n_sup 3 has_broad False) — not decisive niche/insufficient, borderline per 6C","plausible: good+underrated+hidden but cross not broad (n_sup 3 has_broad False) — not decisive niche/insufficient, borderline per 6C"
174458,Baseball Highlights: 2045 – Deluxe Edition,2015.0,545,8.15720858888965,6.917007675740196,1.2402009131494545,1.1908552336152205,0.0511213418385036,8.057010758886184,eligible,borderline,borderline,5,low_audience_selectivity,adequate_overlap,stable_under_exposure_adjustment,False,False,4,,0.1531064351644317,0.0019526491537326,0,0,0,0,0,1,plausible_hidden_gem,"plausible: good+underrated+hidden but cross not broad (n_sup 4 has_broad False) — not decisive niche/insufficient, borderline per 6C","plausible: good+underrated+hidden but cross not broad (n_sup 4 has_broad False) — not decisive niche/insufficient, borderline per 6C | monitor: edition_title (title pattern 55/532 10.3% pool vs 501/14698 3.41% pop, per-pattern n<50 below gate, niche enriched — monitoring); borderline eligibility (medium/borderline confidence via Game: + title without link — review queue not hard exclude per 6A, 61 total pool borderline)"
12608,Chess960,1996.0,158,8.110360596352983,6.8773613229811446,1.2329992733718385,1.223780063061911,0.0949449679809969,7.924268459110229,eligible,eligible,eligible,0,low_audience_selectivity,adequate_overlap,moderately_sensitive,False,False,1,,0.1459300981043225,0.0005517577425226,0,0,1,0,1,0,plausible_hidden_gem,"plausible: good+underrated+hidden but cross not broad (n_sup 1 has_broad False) — not decisive niche/insufficient, borderline per 6C","plausible: good+underrated+hidden but cross not broad (n_sup 1 has_broad False) — not decisive niche/insufficient, borderline per 6C | monitor: euro_duel (max≤2 Euro not wargame not solo, 1402 7.3% pop spec 0.833 insufficient 21.5% vs wargame 47.7% — broader than wargame, monitor)"
158976,Ascension: Year One Collector's Edition,2015.0,433,7.972375996145021,6.747604713858829,1.2247712822861925,1.1173147288124854,0.0573530538699805,7.859964010559859,eligible,borderline,borderline,24,moderate_audience_selectivity,borderline_overlap,stable_under_exposure_adjustment,False,False,4,,0.0826534048166422,0.0015370394255986,0,0,0,0,0,1,plausible_hidden_gem,"plausible: good+underrated+hidden but cross not broad (n_sup 4 has_broad False) — not decisive niche/insufficient, borderline per 6C","plausible: good+underrated+hidden but cross not broad (n_sup 4 has_broad False) — not decisive niche/insufficient, borderline per 6C | monitor: edition_title (title pattern 55/532 10.3% pool vs 501/14698 3.41% pop, per-pattern n<50 below gate, niche enriched — monitoring); borderline eligibility (medium/borderline confidence via Game: + title without link — review queue not hard exclude per 6A, 61 total pool borderline); ecosystem max_eco 24 (Game: Catan 40 Unlock 47 etc., 2740 Game: 18.6% — borderline not hard unless link corroborates)"
261321,Ascension: Deliverance,2018.0,219,8.067083502131386,6.845732317725648,1.2213511844057372,1.113200749838395,0.0806451842398444,7.909018941021291,eligible,eligible,eligible,24,moderate_audience_selectivity,adequate_overlap,stable_under_exposure_adjustment,False,False,4,,0.0681889270737462,0.000781059661493,0,0,0,0,0,0,plausible_hidden_gem,"plausible: good+underrated+hidden but cross not broad (n_sup 4 has_broad False) — not decisive niche/insufficient, borderline per 6C","plausible: good+underrated+hidden but cross not broad (n_sup 4 has_broad False) — not decisive niche/insufficient, borderline per 6C | monitor: ecosystem max_eco 24 (Game: Catan 40 Unlock 47 etc., 2740 Game: 18.6% — borderline not hard unless link corroborates)"
184145,Flash Duel: Revised Second Edition,2015.0,156,7.573229835952584,6.358339060965756,1.214890774986828,1.1694321902101867,0.0955516512656422,7.385948599471925,eligible,borderline,borderline,13,low_audience_selectivity,adequate_overlap,stable_under_exposure_adjustment,False,False,2,,0.0958158146884771,0.0005553405850065,0,0,0,0,0,1,plausible_hidden_gem,"plausible: good+underrated+hidden but cross not broad (n_sup 2 has_broad False) — not decisive niche/insufficient, borderline per 6C","plausible: good+underrated+hidden but cross not broad (n_sup 2 has_broad False) — not decisive niche/insufficient, borderline per 6C | monitor: edition_title (title pattern 55/532 10.3% pool vs 501/14698 3.41% pop, per-pattern n<50 below gate, niche enriched — monitoring); borderline eligibility (medium/borderline confidence via Game: + title without link — review queue not hard exclude per 6A, 61 total pool borderline); ecosystem max_eco 13 (Game: Catan 40 Unlock 47 etc., 2740 Game: 18.6% — borderline not hard unless link corroborates)"
199723,"UltraQuest: Gold, Ruhm! und Ehre!",2016.0,533,8.339510883737358,7.128740868618133,1.210770015119225,1.159655488747111,0.0516936134931369,8.238191401290809,eligible,eligible,eligible,0,moderate_audience_selectivity,borderline_overlap,stable_under_exposure_adjustment,False,False,4,,0.1084474326395408,0.0019024893589578,0,0,0,0,0,0,plausible_hidden_gem,"plausible: good+underrated+hidden but cross not broad (n_sup 4 has_broad False) — not decisive niche/insufficient, borderline per 6C","plausible: good+underrated+hidden but cross not broad (n_sup 4 has_broad False) — not decisive niche/insufficient, borderline per 6C"
100169,Hero of Weehawken: The Aaron Burr Conspiracy 1805-1807,2011.0,165,7.796908998662534,6.587550604949261,1.2093583937132737,1.319959405843857,0.0929091578907959,7.614807049196574,eligible,eligible,eligible,0,moderate_audience_selectivity,adequate_overlap,stable_under_exposure_adjustment,False,False,2,,0.1438765213473619,0.0005875861673617,0,1,1,0,0,0,plausible_hidden_gem,"plausible: good+underrated+hidden but cross not broad (n_sup 2 has_broad False) — not decisive niche/insufficient, borderline per 6C","plausible: good+underrated+hidden but cross not broad (n_sup 2 has_broad False) — not decisive niche/insufficient, borderline per 6C | monitor: solo_first (min1 max≤2, 691 4.7% pop, spec 0.901, insufficient 34.4% vs 23% overall, cross 80.5% vs 86.2% — monitoring: general criteria not triggered; thresholds not mode-specific)"
380707,Vindication: Archive of the Ancients,2023.0,188,8.89431653362219,7.68600505398228,1.20831147963991,1.1684063082955198,0.0870405388951028,8.72371707738779,eligible,eligible,eligible,0,moderate_audience_selectivity,adequate_overlap,moderately_sensitive,False,False,2,,0.0973566609779327,0.0006699915444917,0,0,0,0,0,0,plausible_hidden_gem,"plausible: good+underrated+hidden but cross not broad (n_sup 2 has_broad False) — not decisive niche/insufficient, borderline per 6C","plausible: good+underrated+hidden but cross not broad (n_sup 2 has_broad False) — not decisive niche/insufficient, borderline per 6C"
90942,Mixtour,2012.0,159,7.7790354639485635,6.572384113991083,1.2066513499574807,1.1838311649654418,0.0946459279689731,7.593529445129376,eligible,eligible,eligible,0,low_audience_selectivity,adequate_overlap,stable_under_exposure_adjustment,False,False,2,,0.2274074934499671,0.0005445920575547,0,0,1,0,1,0,plausible_hidden_gem,"plausible: good+underrated+hidden but cross not broad (n_sup 2 has_broad False) — not decisive niche/insufficient, borderline per 6C","plausible: good+underrated+hidden but cross not broad (n_sup 2 has_broad False) — not decisive niche/insufficient, borderline per 6C | monitor: euro_duel (max≤2 Euro not wargame not solo, 1402 7.3% pop spec 0.833 insufficient 21.5% vs wargame 47.7% — broader than wargame, monitor)"
373835,Unlock! Kids: Stories from the Past,2022.0,252,8.076560191133414,6.870594022327142,1.2059661688062722,1.1186359363502358,0.0751796371793148,7.929208102261956,eligible,eligible,eligible,47,moderate_audience_selectivity,borderline_overlap,stable_under_exposure_adjustment,False,False,2,,0.1736701407678733,0.000902876305946,0,0,0,0,0,0,plausible_hidden_gem,"plausible: good+underrated+hidden but cross not broad (n_sup 2 has_broad False) — not decisive niche/insufficient, borderline per 6C","plausible: good+underrated+hidden but cross not broad (n_sup 2 has_broad False) — not decisive niche/insufficient, borderline per 6C | monitor: ecosystem max_eco 47 (Game: Catan 40 Unlock 47 etc., 2740 Game: 18.6% — borderline not hard unless link corroborates)"
248878,FlickFleet,2019.0,214,8.1419606295357,6.951687967763455,1.1902726617722443,1.142913453517016,0.0815818612243143,7.982060181536043,eligible,eligible,eligible,0,moderate_audience_selectivity,adequate_overlap,stable_under_exposure_adjustment,False,False,4,,0.0818642538812273,0.0007523969216217,0,0,1,0,1,0,plausible_hidden_gem,"plausible: good+underrated+hidden but cross not broad (n_sup 4 has_broad False) — not decisive niche/insufficient, borderline per 6C","plausible: good+underrated+hidden but cross not broad (n_sup 4 has_broad False) — not decisive niche/insufficient, borderline per 6C | monitor: euro_duel (max≤2 Euro not wargame not solo, 1402 7.3% pop spec 0.833 insufficient 21.5% vs wargame 47.7% — broader than wargame, monitor)"
324711,Schadenfreude,2020.0,821,8.334325814342495,7.158719469183561,1.1756063451589345,1.228772058024937,0.0416513341755915,8.252689199358336,eligible,borderline,borderline,0,moderate_audience_selectivity,borderline_overlap,moderately_sensitive,False,False,4,,0.3060660167889889,0.0029343479943247,0,0,0,0,0,0,plausible_hidden_gem,"plausible: good+underrated+hidden but cross not broad (n_sup 4 has_broad False) — not decisive niche/insufficient, borderline per 6C","plausible: good+underrated+hidden but cross not broad (n_sup 4 has_broad False) — not decisive niche/insufficient, borderline per 6C | monitor: borderline eligibility (medium/borderline confidence via Game: + title without link — review queue not hard exclude per 6A, 61 total pool borderline)"
59335,Wherewolf,2009.0,164,7.505710001170089,6.334947442025257,1.1707625591448316,1.2141817897898797,0.0931919870317611,7.323053706587837,eligible,eligible,eligible,60,moderate_audience_selectivity,borderline_overlap,moderately_sensitive,False,False,6,0.6524390243902439,0.1394198570709677,0.0005875861673617,0,0,0,0,0,0,plausible_hidden_gem,"plausible: good+underrated+hidden but cross not broad (n_sup 6 has_broad False) — not decisive niche/insufficient, borderline per 6C","plausible: good+underrated+hidden but cross not broad (n_sup 6 has_broad False) — not decisive niche/insufficient, borderline per 6C | monitor: ecosystem max_eco 60 (Game: Catan 40 Unlock 47 etc., 2740 Game: 18.6% — borderline not hard unless link corroborates)"
315048,Survive: Escape from Atlantis!,2010.0,384,7.551906702794063,6.3813432953587945,1.1705634074352682,1.0774414227457294,0.0609024667949403,7.43253786787598,eligible,eligible,eligible,5,moderate_audience_selectivity,borderline_overlap,moderately_sensitive,False,False,4,,0.1637554544702218,0.0013722286713386,0,0,0,0,0,0,plausible_hidden_gem,"plausible: good+underrated+hidden but cross not broad (n_sup 4 has_broad False) — not decisive niche/insufficient, borderline per 6C","plausible: good+underrated+hidden but cross not broad (n_sup 4 has_broad False) — not decisive niche/insufficient, borderline per 6C"
249552,Ascension: Delirium,2018.0,280,7.993049940944362,6.845732317725648,1.147317623218714,1.0540845217425838,0.0713216661455134,7.853259475299155,eligible,eligible,eligible,24,low_audience_selectivity,adequate_overlap,stable_under_exposure_adjustment,False,False,4,,0.0998606169583495,0.0010031958954956,0,0,0,0,0,0,plausible_hidden_gem,"plausible: good+underrated+hidden but cross not broad (n_sup 4 has_broad False) — not decisive niche/insufficient, borderline per 6C","plausible: good+underrated+hidden but cross not broad (n_sup 4 has_broad False) — not decisive niche/insufficient, borderline per 6C | monitor: ecosystem max_eco 24 (Game: Catan 40 Unlock 47 etc., 2740 Game: 18.6% — borderline not hard unless link corroborates)"
324157,Hidden Games Crime Scene: Green Poison,2020.0,253,8.432093468244132,7.291243178709516,1.140850289534615,1.0944822715347406,0.0750309137158037,8.285032877361155,eligible,eligible,eligible,6,moderate_audience_selectivity,borderline_overlap,moderately_sensitive,False,False,2,0.9486166007905138,0.0952304645021101,0.0008921277784943,0,0,0,0,0,0,plausible_hidden_gem,"plausible: good+underrated+hidden but cross not broad (n_sup 2 has_broad False) — not decisive niche/insufficient, borderline per 6C","plausible: good+underrated+hidden but cross not broad (n_sup 2 has_broad False) — not decisive niche/insufficient, borderline per 6C"
294693,Nokosu Dice,2016.0,1222,8.257636144590894,7.129227309430005,1.1284088351608883,1.0989167789657852,0.0341401081769046,8.19072153256416,eligible,eligible,eligible,0,moderate_audience_selectivity,borderline_overlap,moderately_sensitive,False,False,4,,0.3393434657504765,0.0043746506728578,0,0,0,0,0,0,plausible_hidden_gem,"plausible: good+underrated+hidden but cross not broad (n_sup 4 has_broad False) — not decisive niche/insufficient, borderline per 6C","plausible: good+underrated+hidden but cross not broad (n_sup 4 has_broad False) — not decisive niche/insufficient, borderline per 6C"
359065,Blitz Bowl: Ultimate Edition,2022.0,249,8.579050702178197,7.451780077432954,1.1272706247452433,1.0826837777888123,0.0756311705915286,8.4308136078188,eligible,borderline,borderline,19,moderate_audience_selectivity,adequate_overlap,stable_under_exposure_adjustment,False,False,4,,0.0425362614045296,0.0008777964085586,0,0,1,0,1,1,plausible_hidden_gem,"plausible: good+underrated+hidden but cross not broad (n_sup 4 has_broad False) — not decisive niche/insufficient, borderline per 6C","plausible: good+underrated+hidden but cross not broad (n_sup 4 has_broad False) — not decisive niche/insufficient, borderline per 6C | monitor: euro_duel (max≤2 Euro not wargame not solo, 1402 7.3% pop spec 0.833 insufficient 21.5% vs wargame 47.7% — broader than wargame, monitor); edition_title (title pattern 55/532 10.3% pool vs 501/14698 3.41% pop, per-pattern n<50 below gate, niche enriched — monitoring); borderline eligibility (medium/borderline confidence via Game: + title without link — review queue not hard exclude per 6A, 61 total pool borderline); ecosystem max_eco 19 (Game: Catan 40 Unlock 47 etc., 2740 Game: 18.6% — borderline not hard unless link corroborates)"
38429,Cornerstone,2008.0,231,7.581854742456799,6.455332005895233,1.126522736561566,1.012011519479752,0.0785225700946497,7.427950505071285,eligible,eligible,eligible,0,moderate_audience_selectivity,borderline_overlap,moderately_sensitive,False,False,2,,0.2365172139880546,0.0008240537712999,0,0,0,0,0,0,plausible_hidden_gem,"plausible: good+underrated+hidden but cross not broad (n_sup 2 has_broad False) — not decisive niche/insufficient, borderline per 6C","plausible: good+underrated+hidden but cross not broad (n_sup 2 has_broad False) — not decisive niche/insufficient, borderline per 6C"
138704,Northern Pacific,2013.0,1083,7.806710588238965,6.68070325529602,1.1260073329429447,0.9939132819608724,0.0362648819045817,7.735631419705985,eligible,eligible,eligible,33,moderate_audience_selectivity,borderline_overlap,moderately_sensitive,False,False,4,,0.2997734406791843,0.0038730527251099,0,0,0,0,0,0,plausible_hidden_gem,"plausible: good+underrated+hidden but cross not broad (n_sup 4 has_broad False) — not decisive niche/insufficient, borderline per 6C","plausible: good+underrated+hidden but cross not broad (n_sup 4 has_broad False) — not decisive niche/insufficient, borderline per 6C | monitor: ecosystem max_eco 33 (Game: Catan 40 Unlock 47 etc., 2740 Game: 18.6% — borderline not hard unless link corroborates)"
153498,Kamisado Max,2014.0,155,7.6015884541196,6.477208265841908,1.1243801882776925,1.0977987636407605,0.0958593868490308,7.4137040558955,eligible,eligible,eligible,0,low_audience_selectivity,adequate_overlap,stable_under_exposure_adjustment,False,False,2,,0.1477868842394555,0.0005481749000386,0,0,1,0,1,0,plausible_hidden_gem,"plausible: good+underrated+hidden but cross not broad (n_sup 2 has_broad False) — not decisive niche/insufficient, borderline per 6C","plausible: good+underrated+hidden but cross not broad (n_sup 2 has_broad False) — not decisive niche/insufficient, borderline per 6C | monitor: euro_duel (max≤2 Euro not wargame not solo, 1402 7.3% pop spec 0.833 insufficient 21.5% vs wargame 47.7% — broader than wargame, monitor)"
384,TurfMaster,1998.0,1030,7.683046583267463,6.5595485754305525,1.1234980078369103,1.4217032609653648,0.0371862070850864,7.610161617380694,eligible,eligible,eligible,0,moderate_audience_selectivity,adequate_overlap,stable_under_exposure_adjustment,False,False,4,,0.3239000576815778,0.0036831620734626,0,0,0,0,0,0,plausible_hidden_gem,"plausible: good+underrated+hidden but cross not broad (n_sup 4 has_broad False) — not decisive niche/insufficient, borderline per 6C","plausible: good+underrated+hidden but cross not broad (n_sup 4 has_broad False) — not decisive niche/insufficient, borderline per 6C"
83040,Leader 1: Hell of the North,2011.0,480,7.913656690269035,6.8126177987549,1.1010388915141354,1.034755512499209,0.0544728223003641,7.806889958560322,eligible,eligible,eligible,4,low_audience_selectivity,adequate_overlap,stable_under_exposure_adjustment,False,False,4,,0.1023992486200891,0.0017018501798586,0,0,0,0,0,0,plausible_hidden_gem,"plausible: good+underrated+hidden but cross not broad (n_sup 4 has_broad False) — not decisive niche/insufficient, borderline per 6C","plausible: good+underrated+hidden but cross not broad (n_sup 4 has_broad False) — not decisive niche/insufficient, borderline per 6C"
322984,Shadows of Brimstone: City of the Ancients (Revised Edition),2020.0,182,8.575585667395497,7.480463996721173,1.095121670674324,1.1261644620890472,0.0884636393081889,8.402196934351448,eligible,borderline,borderline,6,moderate_audience_selectivity,adequate_overlap,stable_under_exposure_adjustment,False,False,3,0.8846153846153846,0.1715679544702218,0.0006413288046204,0,0,0,0,0,1,plausible_hidden_gem,"plausible: good+underrated+hidden but cross not broad (n_sup 3 has_broad False) — not decisive niche/insufficient, borderline per 6C","plausible: good+underrated+hidden but cross not broad (n_sup 3 has_broad False) — not decisive niche/insufficient, borderline per 6C | monitor: edition_title (title pattern 55/532 10.3% pool vs 501/14698 3.41% pop, per-pattern n<50 below gate, niche enriched — monitoring); borderline eligibility (medium/borderline confidence via Game: + title without link — review queue not hard exclude per 6A, 61 total pool borderline)"
212370,Omen: Edge of the Aegean,2016.0,183,7.772215473079981,6.6796334252961245,1.092582047783856,1.0740750528228409,0.0882216042737541,7.599301128703423,eligible,eligible,eligible,4,moderate_audience_selectivity,adequate_overlap,stable_under_exposure_adjustment,False,False,2,,0.1644976193002699,0.000655660174556,0,0,1,0,1,0,plausible_hidden_gem,"plausible: good+underrated+hidden but cross not broad (n_sup 2 has_broad False) — not decisive niche/insufficient, borderline per 6C","plausible: good+underrated+hidden but cross not broad (n_sup 2 has_broad False) — not decisive niche/insufficient, borderline per 6C | monitor: euro_duel (max≤2 Euro not wargame not solo, 1402 7.3% pop spec 0.833 insufficient 21.5% vs wargame 47.7% — broader than wargame, monitor)"
9963,Santorini,2004.0,380,7.687820440284095,6.597742660037348,1.0900777802467472,1.0934937415729076,0.0612221669799983,7.567824993003298,eligible,eligible,eligible,3,low_audience_selectivity,borderline_overlap,moderately_sensitive,False,False,4,,0.1886931082692119,0.0013435659314673,0,0,0,0,0,0,plausible_hidden_gem,"plausible: good+underrated+hidden but cross not broad (n_sup 4 has_broad False) — not decisive niche/insufficient, borderline per 6C","plausible: good+underrated+hidden but cross not broad (n_sup 4 has_broad False) — not decisive niche/insufficient, borderline per 6C"
224149,Deadball,2017.0,172,7.871282045940592,6.79172915751969,1.0795528884209018,0.9629772075799456,0.09099892720094,7.69292414862675,eligible,eligible,eligible,1,moderate_audience_selectivity,borderline_overlap,stable_under_exposure_adjustment,False,False,3,,0.1862150924651821,0.0005804204823939,0,1,1,0,0,0,plausible_hidden_gem,"plausible: good+underrated+hidden but cross not broad (n_sup 3 has_broad False) — not decisive niche/insufficient, borderline per 6C","plausible: good+underrated+hidden but cross not broad (n_sup 3 has_broad False) — not decisive niche/insufficient, borderline per 6C | monitor: solo_first (min1 max≤2, 691 4.7% pop, spec 0.901, insufficient 34.4% vs 23% overall, cross 80.5% vs 86.2% — monitoring: general criteria not triggered; thresholds not mode-specific)"
251830,Alhambra: Mega Box,2019.0,221,8.256667811970221,7.17812036817819,1.078547443792031,1.1010149983402044,0.0802794445579611,8.099320100636618,eligible,eligible,eligible,9,moderate_audience_selectivity,adequate_overlap,stable_under_exposure_adjustment,False,False,2,,0.1610436679262731,0.0007918081889447,0,0,0,0,0,0,plausible_hidden_gem,"plausible: good+underrated+hidden but cross not broad (n_sup 2 has_broad False) — not decisive niche/insufficient, borderline per 6C","plausible: good+underrated+hidden but cross not broad (n_sup 2 has_broad False) — not decisive niche/insufficient, borderline per 6C"
178940,Push It,2015.0,501,7.567982381240202,6.494460440597942,1.0735219406422596,1.0257433817348174,0.0533189554714571,7.463477228516146,eligible,eligible,eligible,0,moderate_audience_selectivity,borderline_overlap,moderately_sensitive,False,False,2,,0.213265017083163,0.0017914212419565,0,0,0,0,0,0,plausible_hidden_gem,"plausible: good+underrated+hidden but cross not broad (n_sup 2 has_broad False) — not decisive niche/insufficient, borderline per 6C","plausible: good+underrated+hidden but cross not broad (n_sup 2 has_broad False) — not decisive niche/insufficient, borderline per 6C"
147887,Allegiance: A Realm Divided,2015.0,301,8.1694374404753,7.102008442264024,1.067428998211275,1.0575570664466696,0.0687887231278166,8.034611543144779,eligible,eligible,eligible,0,low_audience_selectivity,adequate_overlap,moderately_sensitive,False,False,4,,0.0731688541282085,0.0010784355876578,0,0,0,0,0,0,plausible_hidden_gem,"plausible: good+underrated+hidden but cross not broad (n_sup 4 has_broad False) — not decisive niche/insufficient, borderline per 6C","plausible: good+underrated+hidden but cross not broad (n_sup 4 has_broad False) — not decisive niche/insufficient, borderline per 6C"
153625,Han,2014.0,354,7.729112032176084,6.662243484574251,1.0668685476018327,0.9036517108974076,0.0634306066246325,7.604788043191804,eligible,eligible,eligible,4,moderate_audience_selectivity,adequate_overlap,stable_under_exposure_adjustment,False,False,2,,0.3135221299760213,0.0012683262393052,0,0,0,0,0,0,plausible_hidden_gem,"plausible: good+underrated+hidden but cross not broad (n_sup 2 has_broad False) — not decisive niche/insufficient, borderline per 6C","plausible: good+underrated+hidden but cross not broad (n_sup 2 has_broad False) — not decisive niche/insufficient, borderline per 6C"
32928,Mü and Lots More,2007.0,852,7.883644317423068,6.820139831810259,1.0635044856128086,1.0207809046733427,0.0408865718468776,7.8035066366031876,eligible,eligible,eligible,0,moderate_audience_selectivity,adequate_overlap,stable_under_exposure_adjustment,False,False,2,,0.3380506570707934,0.0030489989538099,0,0,0,0,0,0,plausible_hidden_gem,"plausible: good+underrated+hidden but cross not broad (n_sup 2 has_broad False) — not decisive niche/insufficient, borderline per 6C","plausible: good+underrated+hidden but cross not broad (n_sup 2 has_broad False) — not decisive niche/insufficient, borderline per 6C"
119637,Zug um Zug: Deutschland,2012.0,910,7.773935741652534,6.710767222131876,1.0631685195206575,1.0118652419350118,0.0395621422060265,7.696393942928722,eligible,eligible,eligible,21,moderate_audience_selectivity,adequate_overlap,stable_under_exposure_adjustment,False,False,4,,0.0319806168416434,0.0032568038178769,0,0,0,0,0,0,plausible_hidden_gem,"plausible: good+underrated+hidden but cross not broad (n_sup 4 has_broad False) — not decisive niche/insufficient, borderline per 6C","plausible: good+underrated+hidden but cross not broad (n_sup 4 has_broad False) — not decisive niche/insufficient, borderline per 6C | monitor: ecosystem max_eco 21 (Game: Catan 40 Unlock 47 etc., 2740 Game: 18.6% — borderline not hard unless link corroborates)"
379908,Marvel United: Spider-Geddon,2023.0,440,8.473507589416219,7.419040766910138,1.0544668225060807,1.1391282804622769,0.0568950073160318,8.361993375076796,eligible,eligible,eligible,4,moderate_audience_selectivity,adequate_overlap,stable_under_exposure_adjustment,False,False,7,0.865909090909091,0.0226944276895766,0.0015406222680826,0,0,0,0,0,0,plausible_hidden_gem,"plausible: good+underrated+hidden but cross not broad (n_sup 7 has_broad False) — not decisive niche/insufficient, borderline per 6C","plausible: good+underrated+hidden but cross not broad (n_sup 7 has_broad False) — not decisive niche/insufficient, borderline per 6C"
756,Black Vienna,1987.0,474,7.533283679784169,6.485173428676967,1.048110251107202,1.063582677200225,0.054816502822029,7.425843334252993,eligible,eligible,eligible,0,moderate_audience_selectivity,borderline_overlap,moderately_sensitive,False,False,2,,0.3449889110673465,0.001687518809923,0,0,0,0,0,0,plausible_hidden_gem,"plausible: good+underrated+hidden but cross not broad (n_sup 2 has_broad False) — not decisive niche/insufficient, borderline per 6C","plausible: good+underrated+hidden but cross not broad (n_sup 2 has_broad False) — not decisive niche/insufficient, borderline per 6C"
139131,Hoplomachus: Rise of Rome,2013.0,389,8.212705736298304,7.167597835453902,1.0451079008444015,0.8721581984806779,0.0605097968930783,8.09410653438787,eligible,eligible,eligible,5,moderate_audience_selectivity,borderline_overlap,moderately_sensitive,False,False,4,0.910025706940874,0.0506546801373621,0.0013829771987904,0,1,1,0,0,0,plausible_hidden_gem,"plausible: good+underrated+hidden but cross not broad (n_sup 4 has_broad False) — not decisive niche/insufficient, borderline per 6C","plausible: good+underrated+hidden but cross not broad (n_sup 4 has_broad False) — not decisive niche/insufficient, borderline per 6C | monitor: solo_first (min1 max≤2, 691 4.7% pop, spec 0.901, insufficient 34.4% vs 23% overall, cross 80.5% vs 86.2% — monitoring: general criteria not triggered; thresholds not mode-specific)"
184866,Wings for the Baron (Second Edition),2015.0,298,7.95039283189382,6.919572697992468,1.0308201339013523,0.9880439422561196,0.0691341080094018,7.814889980195393,eligible,borderline,borderline,0,low_audience_selectivity,borderline_overlap,moderately_sensitive,False,False,2,,0.2252879510809393,0.0010497728477865,0,0,0,0,0,1,plausible_hidden_gem,"plausible: good+underrated+hidden but cross not broad (n_sup 2 has_broad False) — not decisive niche/insufficient, borderline per 6C","plausible: good+underrated+hidden but cross not broad (n_sup 2 has_broad False) — not decisive niche/insufficient, borderline per 6C | monitor: edition_title (title pattern 55/532 10.3% pool vs 501/14698 3.41% pop, per-pattern n<50 below gate, niche enriched — monitoring); borderline eligibility (medium/borderline confidence via Game: + title without link — review queue not hard exclude per 6A, 61 total pool borderline)"
218933,Warhammer Quest: Shadows Over Hammerhal,2017.0,229,7.7210007882460285,6.692957634054757,1.0280431541912716,0.9216674759561396,0.0788647179900584,7.566425940985514,eligible,eligible,eligible,0,moderate_audience_selectivity,borderline_overlap,moderately_sensitive,False,False,4,,0.192909287080448,0.0007738939765252,0,0,0,0,0,0,plausible_hidden_gem,"plausible: good+underrated+hidden but cross not broad (n_sup 4 has_broad False) — not decisive niche/insufficient, borderline per 6C","plausible: good+underrated+hidden but cross not broad (n_sup 4 has_broad False) — not decisive niche/insufficient, borderline per 6C"
274075,The Quest Kids,2021.0,305,7.5061439005341395,6.482041516768714,1.0241023837654255,0.9667731840663656,0.0683361608255901,7.372205025315983,eligible,eligible,eligible,0,moderate_audience_selectivity,borderline_overlap,moderately_sensitive,False,False,3,,0.073534246397372,0.0010891841151095,0,0,0,0,0,0,plausible_hidden_gem,"plausible: good+underrated+hidden but cross not broad (n_sup 3 has_broad False) — not decisive niche/insufficient, borderline per 6C","plausible: good+underrated+hidden but cross not broad (n_sup 3 has_broad False) — not decisive niche/insufficient, borderline per 6C"
308368,Digimon Card Game,2020.0,175,7.64455187342677,6.626495234022283,1.0180566394044872,0.9884358240842815,0.0902155646151778,7.467729366781022,eligible,eligible,eligible,0,low_audience_selectivity,borderline_overlap,stable_under_exposure_adjustment,False,False,3,,0.124494433751002,0.0006198317497169,0,0,1,0,1,0,plausible_hidden_gem,"plausible: good+underrated+hidden but cross not broad (n_sup 3 has_broad False) — not decisive niche/insufficient, borderline per 6C","plausible: good+underrated+hidden but cross not broad (n_sup 3 has_broad False) — not decisive niche/insufficient, borderline per 6C | monitor: euro_duel (max≤2 Euro not wargame not solo, 1402 7.3% pop spec 0.833 insufficient 21.5% vs wargame 47.7% — broader than wargame, monitor)"
308970,A Touch of Evil: 10 Year Anniversary Edition,2020.0,222,8.20161764201502,7.185838032528212,1.015779609486808,1.4616238292023134,0.0800984309238906,8.044624717404194,eligible,borderline,borderline,4,moderate_audience_selectivity,borderline_overlap,moderately_sensitive,False,False,4,0.9234234234234234,0.058369137840483,0.0007703111340413,0,0,0,0,0,1,plausible_hidden_gem,"plausible: good+underrated+hidden but cross not broad (n_sup 4 has_broad False) — not decisive niche/insufficient, borderline per 6C","plausible: good+underrated+hidden but cross not broad (n_sup 4 has_broad False) — not decisive niche/insufficient, borderline per 6C | monitor: edition_title (title pattern 55/532 10.3% pool vs 501/14698 3.41% pop, per-pattern n<50 below gate, niche enriched — monitoring); borderline eligibility (medium/borderline confidence via Game: + title without link — review queue not hard exclude per 6A, 61 total pool borderline)"
344415,Trek 12: Amazonia,2021.0,383,7.594951215151561,6.580377633103309,1.0145735820482518,0.8780259099318091,0.0609819221017805,7.475426647832071,eligible,eligible,eligible,0,moderate_audience_selectivity,borderline_overlap,moderately_sensitive,False,False,4,,0.1049530519750711,0.0013686458288547,0,0,0,0,0,0,plausible_hidden_gem,"plausible: good+underrated+hidden but cross not broad (n_sup 4 has_broad False) — not decisive niche/insufficient, borderline per 6C","plausible: good+underrated+hidden but cross not broad (n_sup 4 has_broad False) — not decisive niche/insufficient, borderline per 6C"
33767,Yavalath,2007.0,256,7.589164746620361,6.57649428962757,1.0126704569927911,0.8986429405096272,0.0745899838621996,7.44296837825045,eligible,eligible,eligible,0,moderate_audience_selectivity,borderline_overlap,moderately_sensitive,False,False,4,,0.2372950819534225,0.0008849620935265,0,0,0,0,0,0,plausible_hidden_gem,"plausible: good+underrated+hidden but cross not broad (n_sup 4 has_broad False) — not decisive niche/insufficient, borderline per 6C","plausible: good+underrated+hidden but cross not broad (n_sup 4 has_broad False) — not decisive niche/insufficient, borderline per 6C"
232900,Anachrony Leader Box,2017.0,165,8.476101095844752,7.465904360558577,1.0101967352861756,1.1091000469423855,0.0929091578907959,8.293999146378793,eligible,hard_exclude,high,3,moderate_audience_selectivity,borderline_overlap,moderately_sensitive,False,False,1,0.896969696969697,0.1671444860171484,0.0005911690098456,0,0,0,0,0,0,excluded_not_eligible,"hard_exclude high confidence via deterministic game_links/contained_in/version + Game:/Series: + designer/year/weight — binding per 6A (e.g., contained_in target of 185343 (Anachrony) via game_links contained_in + families ['Game: Anachrony'] + title 'Anachrony )","hard_exclude high confidence via deterministic game_links/contained_in/version + Game:/Series: + designer/year/weight — binding per 6A (e.g., contained_in target of 185343 (Anachrony) via game_links contained_in + families ['Game: Anachrony'] + title 'Anachrony )"
336755,King of Tokyo: Monster Box,2021.0,1226,7.808109211106896,6.806747998364193,1.0013612127427036,1.0109720239421955,0.0340843691876049,7.741303847499191,eligible,hard_exclude,high,7,moderate_audience_selectivity,borderline_overlap,moderately_sensitive,False,False,4,,0.208731121146088,0.0043459879329865,0,0,0,0,0,0,excluded_not_eligible,"hard_exclude high confidence via deterministic game_links/contained_in/version + Game:/Series: + designer/year/weight — binding per 6A (e.g., contained_in target of 70323 (King of Tokyo) via game_links contained_in + families ['Game: King of Tokyo'] + title 'Kin)","hard_exclude high confidence via deterministic game_links/contained_in/version + Game:/Series: + designer/year/weight — binding per 6A (e.g., contained_in target of 70323 (King of Tokyo) via game_links contained_in + families ['Game: King of Tokyo'] + title 'Kin)"
215616,Ascension: Gift of the Elements,2017.0,483,7.838545257196976,6.843307662080193,0.9952375951167838,0.8851687784142612,0.0543033885390625,7.732110615660413,eligible,eligible,eligible,24,low_audience_selectivity,adequate_overlap,stable_under_exposure_adjustment,False,False,4,,0.0765322713944163,0.0017233472347621,0,0,0,0,0,0,plausible_hidden_gem,"plausible: good+underrated+hidden but cross not broad (n_sup 4 has_broad False) — not decisive niche/insufficient, borderline per 6C","plausible: good+underrated+hidden but cross not broad (n_sup 4 has_broad False) — not decisive niche/insufficient, borderline per 6C | monitor: ecosystem max_eco 24 (Game: Catan 40 Unlock 47 etc., 2740 Game: 18.6% — borderline not hard unless link corroborates)"
415945,Unmatched: Slings and Arrows,2024.0,440,8.6899613146951,7.697007343466883,0.9929539712282178,0.9595963483132656,0.0568950073160318,8.578447100355678,eligible,eligible,eligible,18,moderate_audience_selectivity,adequate_overlap,stable_under_exposure_adjustment,False,False,4,,0.0673303651851116,0.0015442051105665,0,0,0,0,0,0,plausible_hidden_gem,"plausible: good+underrated+hidden but cross not broad (n_sup 4 has_broad False) — not decisive niche/insufficient, borderline per 6C","plausible: good+underrated+hidden but cross not broad (n_sup 4 has_broad False) — not decisive niche/insufficient, borderline per 6C | monitor: ecosystem max_eco 18 (Game: Catan 40 Unlock 47 etc., 2740 Game: 18.6% — borderline not hard unless link corroborates)"
299317,Aeon's End: Outcasts,2020.0,1087,8.807349215333737,7.815609015286858,0.9917402000468788,0.8801434705943123,0.0361980956933816,8.736400947774708,eligible,eligible,eligible,6,moderate_audience_selectivity,adequate_overlap,stable_under_exposure_adjustment,False,False,7,0.9282428702851886,0.047280608018317,0.0038873840950456,0,0,0,0,0,0,plausible_hidden_gem,"plausible: good+underrated+hidden but cross not broad (n_sup 7 has_broad False) — not decisive niche/insufficient, borderline per 6C","plausible: good+underrated+hidden but cross not broad (n_sup 7 has_broad False) — not decisive niche/insufficient, borderline per 6C"
371140,Ticket to Ride: Northern Lights,2022.0,223,8.097440438231734,7.106939479837788,0.9905009583939464,0.898973551106673,0.0799186362394187,7.940799911202474,eligible,eligible,eligible,21,low_audience_selectivity,adequate_overlap,stable_under_exposure_adjustment,False,False,4,,0.1514547991224158,0.0007953910314286,0,0,0,0,0,0,plausible_hidden_gem,"plausible: good+underrated+hidden but cross not broad (n_sup 4 has_broad False) — not decisive niche/insufficient, borderline per 6C","plausible: good+underrated+hidden but cross not broad (n_sup 4 has_broad False) — not decisive niche/insufficient, borderline per 6C | monitor: ecosystem max_eco 21 (Game: Catan 40 Unlock 47 etc., 2740 Game: 18.6% — borderline not hard unless link corroborates)"
27976,Heroscape Master Set: Swarm of the Marro,2007.0,2332,7.740418926908029,6.753732158802944,0.986686768105086,0.9432020345635106,0.024713611929886,7.691980247525452,borderline,borderline,borderline,5,moderate_audience_selectivity,adequate_overlap,stable_under_exposure_adjustment,False,False,4,,0.0437806474376318,0.0081796293907734,1,0,0,0,0,0,plausible_hidden_gem,"plausible: good+underrated+hidden but hiddenness borderline 1700-2500 (20/532 3.8%), cross not broad (n_sup 4 has_broad False) — not decisive niche/insufficient, borderline per 6C","plausible: good+underrated+hidden but hiddenness borderline 1700-2500 (20/532 3.8%), cross not broad (n_sup 4 has_broad False) — not decisive niche/insufficient, borderline per 6C | monitor: borderline eligibility (medium/borderline confidence via Game: + title without link — review queue not hard exclude per 6A, 61 total pool borderline); hobby_well_known ref_penetration 0.818% >0.5% (360 eligible 2.95%, max 0.589% wargame, 0% >1% — monitoring)"
23604,The World Cup Game,2006.0,741,7.527375316005767,6.540834485851095,0.986540830154672,0.9525128233265648,0.0438421043953026,7.441444791390974,eligible,eligible,eligible,0,moderate_audience_selectivity,borderline_overlap,moderately_sensitive,False,False,4,,0.2846445252732605,0.0026441377531278,0,0,0,0,0,0,plausible_hidden_gem,"plausible: good+underrated+hidden but cross not broad (n_sup 4 has_broad False) — not decisive niche/insufficient, borderline per 6C","plausible: good+underrated+hidden but cross not broad (n_sup 4 has_broad False) — not decisive niche/insufficient, borderline per 6C"
149910,Six Making,2013.0,246,7.607342004502621,6.623220001514715,0.984122002987906,0.9569890529935988,0.0760909387812939,7.458203764491285,eligible,eligible,eligible,0,low_audience_selectivity,adequate_overlap,moderately_sensitive,False,False,4,,0.2061085982135851,0.000863465038623,0,0,1,0,1,0,plausible_hidden_gem,"plausible: good+underrated+hidden but cross not broad (n_sup 4 has_broad False) — not decisive niche/insufficient, borderline per 6C","plausible: good+underrated+hidden but cross not broad (n_sup 4 has_broad False) — not decisive niche/insufficient, borderline per 6C | monitor: euro_duel (max≤2 Euro not wargame not solo, 1402 7.3% pop spec 0.833 insufficient 21.5% vs wargame 47.7% — broader than wargame, monitor)"
189190,9 Lives,2015.0,852,7.69336308968328,6.710166694618366,0.9831963950649144,0.9579784590313264,0.0408865718468776,7.6132254088634,eligible,eligible,eligible,22,moderate_audience_selectivity,adequate_overlap,stable_under_exposure_adjustment,False,False,4,,0.3439192016717324,0.0030489989538099,0,0,0,0,0,0,plausible_hidden_gem,"plausible: good+underrated+hidden but cross not broad (n_sup 4 has_broad False) — not decisive niche/insufficient, borderline per 6C","plausible: good+underrated+hidden but cross not broad (n_sup 4 has_broad False) — not decisive niche/insufficient, borderline per 6C | monitor: ecosystem max_eco 22 (Game: Catan 40 Unlock 47 etc., 2740 Game: 18.6% — borderline not hard unless link corroborates)"
166859,Web of Spies,2014.0,184,7.500385318603385,6.51988379792131,0.9805015206820756,0.9107850255742348,0.0879815450416394,7.327941490321772,eligible,eligible,eligible,0,low_audience_selectivity,adequate_overlap,moderately_sensitive,False,False,4,,0.0405620353744219,0.000655660174556,0,0,0,0,0,0,plausible_hidden_gem,"plausible: good+underrated+hidden but cross not broad (n_sup 4 has_broad False) — not decisive niche/insufficient, borderline per 6C","plausible: good+underrated+hidden but cross not broad (n_sup 4 has_broad False) — not decisive niche/insufficient, borderline per 6C"
128425,Asteriated Grail,2010.0,156,7.8831851516459555,6.909736548918616,0.9734486027273396,0.9283886366089432,0.0955516512656422,7.695903915165297,eligible,eligible,eligible,0,low_audience_selectivity,adequate_overlap,stable_under_exposure_adjustment,False,False,2,,0.0909549758160023,0.0005553405850065,0,0,0,0,0,0,plausible_hidden_gem,"plausible: good+underrated+hidden but cross not broad (n_sup 2 has_broad False) — not decisive niche/insufficient, borderline per 6C","plausible: good+underrated+hidden but cross not broad (n_sup 2 has_broad False) — not decisive niche/insufficient, borderline per 6C"
263938,Paupers' Ladder,2019.0,251,7.9002018437381105,6.926833615431155,0.9733682283069554,0.9712337981206528,0.0753292485455614,7.75255651658881,eligible,eligible,eligible,0,moderate_audience_selectivity,adequate_overlap,moderately_sensitive,False,False,4,,0.0851316650088603,0.0008957106209782,0,0,0,0,0,0,plausible_hidden_gem,"plausible: good+underrated+hidden but cross not broad (n_sup 4 has_broad False) — not decisive niche/insufficient, borderline per 6C","plausible: good+underrated+hidden but cross not broad (n_sup 4 has_broad False) — not decisive niche/insufficient, borderline per 6C"
84889,Cave Evil,2011.0,538,8.138333952756502,7.167863036088816,0.9704709166676864,1.1674973734515568,0.0514528408126127,8.037486384763781,eligible,eligible,eligible,0,low_audience_selectivity,adequate_overlap,moderately_sensitive,False,False,4,,0.0499159368476506,0.0019204035713773,0,0,0,0,0,0,plausible_hidden_gem,"plausible: good+underrated+hidden but cross not broad (n_sup 4 has_broad False) — not decisive niche/insufficient, borderline per 6C","plausible: good+underrated+hidden but cross not broad (n_sup 4 has_broad False) — not decisive niche/insufficient, borderline per 6C"
180543,"Exceed: Red Horizon – Reese, Heidi, Nehtali, and Vincent",2016.0,218,7.949869745219902,6.981341157044085,0.9685285881758174,0.989586231034024,0.0808299386268655,7.791443065511246,eligible,eligible,eligible,8,low_audience_selectivity,adequate_overlap,stable_under_exposure_adjustment,False,False,4,,0.1111490041547231,0.0007631454490734,0,0,1,0,1,0,plausible_hidden_gem,"plausible: good+underrated+hidden but cross not broad (n_sup 4 has_broad False) — not decisive niche/insufficient, borderline per 6C","plausible: good+underrated+hidden but cross not broad (n_sup 4 has_broad False) — not decisive niche/insufficient, borderline per 6C | monitor: euro_duel (max≤2 Euro not wargame not solo, 1402 7.3% pop spec 0.833 insufficient 21.5% vs wargame 47.7% — broader than wargame, monitor)"
257601,The Duke: Lord's Legacy,2018.0,391,7.994661690379034,7.026486749719902,0.9681749406591312,0.9663051531257354,0.0603548419731723,7.876366200111616,eligible,eligible,eligible,3,moderate_audience_selectivity,adequate_overlap,stable_under_exposure_adjustment,False,False,4,,0.0569670028269927,0.0013937257262421,0,0,1,0,1,0,plausible_hidden_gem,"plausible: good+underrated+hidden but cross not broad (n_sup 4 has_broad False) — not decisive niche/insufficient, borderline per 6C","plausible: good+underrated+hidden but cross not broad (n_sup 4 has_broad False) — not decisive niche/insufficient, borderline per 6C | monitor: euro_duel (max≤2 Euro not wargame not solo, 1402 7.3% pop spec 0.833 insufficient 21.5% vs wargame 47.7% — broader than wargame, monitor)"
3406,Lines of Action,1969.0,557,7.539860150196591,6.581634716570571,0.95822543362602,0.9735700790174872,0.0505676647716693,7.440747527244119,eligible,eligible,eligible,5,low_audience_selectivity,adequate_overlap,stable_under_exposure_adjustment,False,False,4,,0.2220768368905859,0.001934734941313,0,0,1,0,1,0,plausible_hidden_gem,"plausible: good+underrated+hidden but cross not broad (n_sup 4 has_broad False) — not decisive niche/insufficient, borderline per 6C","plausible: good+underrated+hidden but cross not broad (n_sup 4 has_broad False) — not decisive niche/insufficient, borderline per 6C | monitor: euro_duel (max≤2 Euro not wargame not solo, 1402 7.3% pop spec 0.833 insufficient 21.5% vs wargame 47.7% — broader than wargame, monitor)"
180942,A Touch of Evil: Dark Gothic – Colonial Horror,2015.0,215,7.591385215335654,6.636715173851332,0.954670041484322,0.8547474413162028,0.0813919148403426,7.431857062248582,eligible,eligible,eligible,4,moderate_audience_selectivity,adequate_overlap,stable_under_exposure_adjustment,False,False,2,,0.1021570005580737,0.0007631454490734,0,0,0,0,0,0,plausible_hidden_gem,"plausible: good+underrated+hidden but cross not broad (n_sup 2 has_broad False) — not decisive niche/insufficient, borderline per 6C","plausible: good+underrated+hidden but cross not broad (n_sup 2 has_broad False) — not decisive niche/insufficient, borderline per 6C"
326933,Unmatched: Redemption Row,2022.0,1188,8.31891225369407,7.364577497829575,0.954334755864494,0.9241378023608178,0.0346251987960134,8.251046864053883,eligible,eligible,eligible,18,moderate_audience_selectivity,borderline_overlap,stable_under_exposure_adjustment,False,False,4,,0.0832278557570151,0.0041632629663069,0,0,0,0,0,0,plausible_hidden_gem,"plausible: good+underrated+hidden but cross not broad (n_sup 4 has_broad False) — not decisive niche/insufficient, borderline per 6C","plausible: good+underrated+hidden but cross not broad (n_sup 4 has_broad False) — not decisive niche/insufficient, borderline per 6C | monitor: ecosystem max_eco 18 (Game: Catan 40 Unlock 47 etc., 2740 Game: 18.6% — borderline not hard unless link corroborates)"
320698,Blitz Bowl: Season 2,2020.0,292,8.284951700506632,7.336548483494022,0.9484032170126095,0.9153976738600952,0.0698407782445817,8.148063775147252,eligible,eligible,eligible,19,moderate_audience_selectivity,adequate_overlap,stable_under_exposure_adjustment,False,False,4,,0.0263646839835448,0.0010318586353669,0,0,1,0,1,0,plausible_hidden_gem,"plausible: good+underrated+hidden but cross not broad (n_sup 4 has_broad False) — not decisive niche/insufficient, borderline per 6C","plausible: good+underrated+hidden but cross not broad (n_sup 4 has_broad False) — not decisive niche/insufficient, borderline per 6C | monitor: euro_duel (max≤2 Euro not wargame not solo, 1402 7.3% pop spec 0.833 insufficient 21.5% vs wargame 47.7% — broader than wargame, monitor); ecosystem max_eco 19 (Game: Catan 40 Unlock 47 etc., 2740 Game: 18.6% — borderline not hard unless link corroborates)"
14634,Homeworlds,2001.0,456,7.898991456140664,6.956136080190193,0.9428553759504714,1.0737208029953438,0.055887936457155,7.78945110068464,eligible,eligible,eligible,0,low_audience_selectivity,adequate_overlap,moderately_sensitive,False,False,4,,0.1110615293218435,0.0016015305903091,0,0,0,0,0,0,plausible_hidden_gem,"plausible: good+underrated+hidden but cross not broad (n_sup 4 has_broad False) — not decisive niche/insufficient, borderline per 6C","plausible: good+underrated+hidden but cross not broad (n_sup 4 has_broad False) — not decisive niche/insufficient, borderline per 6C"
124839,Hoplomachus: The Lost Cities,2012.0,555,7.977208760900543,7.035239837732624,0.94196892316792,0.7220503983442157,0.0506586957450319,7.877917717240281,eligible,eligible,eligible,5,low_audience_selectivity,adequate_overlap,stable_under_exposure_adjustment,False,False,4,,0.0272579190300645,0.0019705633661521,0,0,0,0,0,0,plausible_hidden_gem,"plausible: good+underrated+hidden but cross not broad (n_sup 4 has_broad False) — not decisive niche/insufficient, borderline per 6C","plausible: good+underrated+hidden but cross not broad (n_sup 4 has_broad False) — not decisive niche/insufficient, borderline per 6C"
373105,Legendary Encounters: The Matrix,2023.0,245,8.41383020541206,7.472648628942391,0.9411815764696688,0.8787685502067824,0.0762460682772529,8.264387911588644,eligible,eligible,eligible,12,moderate_audience_selectivity,borderline_overlap,moderately_sensitive,False,False,4,0.9102040816326532,0.0657070717493408,0.0008742135660747,0,0,0,0,0,0,plausible_hidden_gem,"plausible: good+underrated+hidden but cross not broad (n_sup 4 has_broad False) — not decisive niche/insufficient, borderline per 6C","plausible: good+underrated+hidden but cross not broad (n_sup 4 has_broad False) — not decisive niche/insufficient, borderline per 6C | monitor: ecosystem max_eco 12 (Game: Catan 40 Unlock 47 etc., 2740 Game: 18.6% — borderline not hard unless link corroborates)"
75448,Tanto Cuore: Romantic Vacation,2010.0,459,7.686309423650441,6.7458957737432215,0.9404136499072192,0.8500204908564069,0.055704996730778,7.577127630058116,eligible,eligible,eligible,6,moderate_audience_selectivity,adequate_overlap,stable_under_exposure_adjustment,False,False,4,,0.0870783677189228,0.001605113432793,0,0,0,0,0,0,plausible_hidden_gem,"plausible: good+underrated+hidden but cross not broad (n_sup 4 has_broad False) — not decisive niche/insufficient, borderline per 6C","plausible: good+underrated+hidden but cross not broad (n_sup 4 has_broad False) — not decisive niche/insufficient, borderline per 6C"
123609,Puzzle Strike Shadows,2012.0,639,8.118031888697127,7.177711668146262,0.9403202205508644,0.8965224097606423,0.0472117465240715,8.025496865509947,eligible,eligible,eligible,13,low_audience_selectivity,adequate_overlap,stable_under_exposure_adjustment,False,False,4,,0.1084101341162311,0.0022858535047365,0,0,0,0,0,0,plausible_hidden_gem,"plausible: good+underrated+hidden but cross not broad (n_sup 4 has_broad False) — not decisive niche/insufficient, borderline per 6C","plausible: good+underrated+hidden but cross not broad (n_sup 4 has_broad False) — not decisive niche/insufficient, borderline per 6C | monitor: ecosystem max_eco 13 (Game: Catan 40 Unlock 47 etc., 2740 Game: 18.6% — borderline not hard unless link corroborates)"
341512,In the Ashes,2022.0,305,8.289868806340237,7.35053986245072,0.9393289438895174,0.8361995792177268,0.0683361608255901,8.155929931122081,eligible,eligible,eligible,0,moderate_audience_selectivity,borderline_overlap,stable_under_exposure_adjustment,False,False,3,,0.1469777905357956,0.0010856012726256,0,1,1,0,0,0,plausible_hidden_gem,"plausible: good+underrated+hidden but cross not broad (n_sup 3 has_broad False) — not decisive niche/insufficient, borderline per 6C","plausible: good+underrated+hidden but cross not broad (n_sup 3 has_broad False) — not decisive niche/insufficient, borderline per 6C | monitor: solo_first (min1 max≤2, 691 4.7% pop, spec 0.901, insufficient 34.4% vs 23% overall, cross 80.5% vs 86.2% — monitoring: general criteria not triggered; thresholds not mode-specific)"
351113,KeyForge: Winds of Exchange,2023.0,152,8.548795547818573,7.610735072481244,0.9380604753373288,1.0141985551080008,0.0968007454739734,8.359066086689586,eligible,eligible,eligible,6,moderate_audience_selectivity,adequate_overlap,stable_under_exposure_adjustment,False,False,4,,0.0699454312107916,0.0005445920575547,0,0,1,0,1,0,plausible_hidden_gem,"plausible: good+underrated+hidden but cross not broad (n_sup 4 has_broad False) — not decisive niche/insufficient, borderline per 6C","plausible: good+underrated+hidden but cross not broad (n_sup 4 has_broad False) — not decisive niche/insufficient, borderline per 6C | monitor: euro_duel (max≤2 Euro not wargame not solo, 1402 7.3% pop spec 0.833 insufficient 21.5% vs wargame 47.7% — broader than wargame, monitor)"
158889,Summoner Wars: Alliances Master Set,2014.0,1794,8.286580762765244,7.353263554208762,0.9333172085564811,0.9586305110713428,0.0281766447528736,8.231354539049612,borderline,eligible,eligible,6,moderate_audience_selectivity,adequate_overlap,stable_under_exposure_adjustment,False,False,4,,0.0354969729333792,0.0064061223612365,1,0,0,0,0,0,plausible_hidden_gem,"plausible: good+underrated+hidden but hiddenness borderline 1700-2500 (20/532 3.8%), cross not broad (n_sup 4 has_broad False) — not decisive niche/insufficient, borderline per 6C","plausible: good+underrated+hidden but hiddenness borderline 1700-2500 (20/532 3.8%), cross not broad (n_sup 4 has_broad False) — not decisive niche/insufficient, borderline per 6C | monitor: hobby_well_known ref_penetration 0.641% >0.5% (360 eligible 2.95%, max 0.589% wargame, 0% >1% — monitoring)"
185123,Ascension: Dreamscape,2015.0,764,7.895070482600537,6.961801918952428,0.9332685636481086,0.8255425978280604,0.0431771345054873,7.810443298969782,eligible,eligible,eligible,24,low_audience_selectivity,adequate_overlap,stable_under_exposure_adjustment,False,False,4,,0.0377286552518518,0.0027193774452899,0,0,0,0,0,0,plausible_hidden_gem,"plausible: good+underrated+hidden but cross not broad (n_sup 4 has_broad False) — not decisive niche/insufficient, borderline per 6C","plausible: good+underrated+hidden but cross not broad (n_sup 4 has_broad False) — not decisive niche/insufficient, borderline per 6C | monitor: ecosystem max_eco 24 (Game: Catan 40 Unlock 47 etc., 2740 Game: 18.6% — borderline not hard unless link corroborates)"
326934,Unmatched: Hell's Kitchen,2022.0,1133,8.351246146044652,7.419073519796106,0.932172626248546,0.9054540936719936,0.0354556572915693,8.281753057753177,eligible,eligible,eligible,18,moderate_audience_selectivity,borderline_overlap,stable_under_exposure_adjustment,False,False,4,,0.0768942935982103,0.0039662066296917,0,0,0,0,0,0,plausible_hidden_gem,"plausible: good+underrated+hidden but cross not broad (n_sup 4 has_broad False) — not decisive niche/insufficient, borderline per 6C","plausible: good+underrated+hidden but cross not broad (n_sup 4 has_broad False) — not decisive niche/insufficient, borderline per 6C | monitor: ecosystem max_eco 18 (Game: Catan 40 Unlock 47 etc., 2740 Game: 18.6% — borderline not hard unless link corroborates)"
355199,Star Realms,2021.0,297,8.00855638790681,7.077857484755208,0.9306989031516012,0.8611942879066543,0.0692503975920269,7.872825608626437,eligible,hard_exclude,high,5,moderate_audience_selectivity,borderline_overlap,stable_under_exposure_adjustment,False,False,3,,0.1934534763557437,0.0010497728477865,0,0,0,0,0,0,excluded_not_eligible,"hard_exclude high confidence via deterministic game_links/contained_in/version + Game:/Series: + designer/year/weight — binding per 6A (e.g., contained_in target of 147020 (Star Realms) via game_links contained_in + families ['Game: Star Realms'] + title 'Star R)","hard_exclude high confidence via deterministic game_links/contained_in/version + Game:/Series: + designer/year/weight — binding per 6A (e.g., contained_in target of 147020 (Star Realms) via game_links contained_in + families ['Game: Star Realms'] + title 'Star R)"
191475,Wizard: Jubiläumsedition,2016.0,562,7.857703726761505,6.927414378435467,0.9302893483260384,0.927425425917388,0.0503422170827995,7.759032981279218,eligible,borderline,borderline,6,moderate_audience_selectivity,borderline_overlap,stable_under_exposure_adjustment,False,False,4,,0.1092903743990475,0.0020028089485073,0,0,0,0,0,1,plausible_hidden_gem,"plausible: good+underrated+hidden but cross not broad (n_sup 4 has_broad False) — not decisive niche/insufficient, borderline per 6C","plausible: good+underrated+hidden but cross not broad (n_sup 4 has_broad False) — not decisive niche/insufficient, borderline per 6C | monitor: edition_title (title pattern 55/532 10.3% pool vs 501/14698 3.41% pop, per-pattern n<50 below gate, niche enriched — monitoring); borderline eligibility (medium/borderline confidence via Game: + title without link — review queue not hard exclude per 6A, 61 total pool borderline)"
131014,Carcassonne: Winter Edition,2012.0,1944,7.657258570533817,6.728297976170847,0.9289605943629704,0.8753886681110403,0.0270677630199734,7.60420575501467,borderline,borderline,borderline,21,moderate_audience_selectivity,borderline_overlap,moderately_sensitive,False,False,4,,0.0374354174877894,0.0069292173638878,1,0,0,0,0,1,plausible_hidden_gem,"plausible: good+underrated+hidden but hiddenness borderline 1700-2500 (20/532 3.8%), cross not broad (n_sup 4 has_broad False) — not decisive niche/insufficient, borderline per 6C","plausible: good+underrated+hidden but hiddenness borderline 1700-2500 (20/532 3.8%), cross not broad (n_sup 4 has_broad False) — not decisive niche/insufficient, borderline per 6C | monitor: edition_title (title pattern 55/532 10.3% pool vs 501/14698 3.41% pop, per-pattern n<50 below gate, niche enriched — monitoring); borderline eligibility (medium/borderline confidence via Game: + title without link — review queue not hard exclude per 6A, 61 total pool borderline); ecosystem max_eco 21 (Game: Catan 40 Unlock 47 etc., 2740 Game: 18.6% — borderline not hard unless link corroborates); hobby_well_known ref_penetration 0.693% >0.5% (360 eligible 2.95%, max 0.589% wargame, 0% >1% — monitoring)"
288316,Rurik: Dawn of Kiev – Kickstarter Edition,2019.0,321,8.249973668031766,7.323352187078472,0.926621480953294,0.9878543200910546,0.0666113107553728,8.119415498951234,eligible,borderline,borderline,22,moderate_audience_selectivity,adequate_overlap,stable_under_exposure_adjustment,False,False,2,,0.1621149807073166,0.0011465095948521,0,0,0,0,0,1,plausible_hidden_gem,"plausible: good+underrated+hidden but cross not broad (n_sup 2 has_broad False) — not decisive niche/insufficient, borderline per 6C","plausible: good+underrated+hidden but cross not broad (n_sup 2 has_broad False) — not decisive niche/insufficient, borderline per 6C | monitor: edition_title (title pattern 55/532 10.3% pool vs 501/14698 3.41% pop, per-pattern n<50 below gate, niche enriched — monitoring); borderline eligibility (medium/borderline confidence via Game: + title without link — review queue not hard exclude per 6A, 61 total pool borderline); ecosystem max_eco 22 (Game: Catan 40 Unlock 47 etc., 2740 Game: 18.6% — borderline not hard unless link corroborates)"
298562,Minigolf Designer,2020.0,493,8.144384082263926,7.222537318584672,0.9218467636792536,0.998274948228648,0.0537498227233489,8.039034429726161,eligible,eligible,eligible,0,low_audience_selectivity,adequate_overlap,stable_under_exposure_adjustment,False,False,4,,0.1927178760710695,0.0017555928171173,0,0,0,0,0,0,plausible_hidden_gem,"plausible: good+underrated+hidden but cross not broad (n_sup 4 has_broad False) — not decisive niche/insufficient, borderline per 6C","plausible: good+underrated+hidden but cross not broad (n_sup 4 has_broad False) — not decisive niche/insufficient, borderline per 6C"
2125,Amazons,1992.0,327,7.597089169680857,6.68507361011279,0.9120155595680676,0.938192610934764,0.0659973685254336,7.467734327371008,eligible,eligible,eligible,0,low_audience_selectivity,adequate_overlap,stable_under_exposure_adjustment,False,False,4,,0.1633795693284322,0.0010927669575934,0,0,1,0,1,0,plausible_hidden_gem,"plausible: good+underrated+hidden but cross not broad (n_sup 4 has_broad False) — not decisive niche/insufficient, borderline per 6C","plausible: good+underrated+hidden but cross not broad (n_sup 4 has_broad False) — not decisive niche/insufficient, borderline per 6C | monitor: euro_duel (max≤2 Euro not wargame not solo, 1402 7.3% pop spec 0.833 insufficient 21.5% vs wargame 47.7% — broader than wargame, monitor)"
374909,Dieson Crusoe,2022.0,185,8.10345102791936,7.193938388052457,0.9095126398669038,0.8695499596968013,0.0877434348755685,7.931473895563246,eligible,eligible,eligible,0,moderate_audience_selectivity,adequate_overlap,stable_under_exposure_adjustment,False,False,2,,0.0574038613631251,0.000655660174556,0,1,1,0,0,0,plausible_hidden_gem,"plausible: good+underrated+hidden but cross not broad (n_sup 2 has_broad False) — not decisive niche/insufficient, borderline per 6C","plausible: good+underrated+hidden but cross not broad (n_sup 2 has_broad False) — not decisive niche/insufficient, borderline per 6C | monitor: solo_first (min1 max≤2, 691 4.7% pop, spec 0.901, insufficient 34.4% vs 23% overall, cross 80.5% vs 86.2% — monitoring: general criteria not triggered; thresholds not mode-specific)"
309752,The Field of the Cloth of Gold,2020.0,459,7.848384092973293,6.940129992819525,0.9082541001537684,1.0362261958533656,0.055704996730778,7.739202299380969,eligible,eligible,eligible,0,moderate_audience_selectivity,borderline_overlap,moderately_sensitive,False,False,2,,0.2755065470950347,0.0016409418576321,0,0,1,0,1,0,plausible_hidden_gem,"plausible: good+underrated+hidden but cross not broad (n_sup 2 has_broad False) — not decisive niche/insufficient, borderline per 6C","plausible: good+underrated+hidden but cross not broad (n_sup 2 has_broad False) — not decisive niche/insufficient, borderline per 6C | monitor: euro_duel (max≤2 Euro not wargame not solo, 1402 7.3% pop spec 0.833 insufficient 21.5% vs wargame 47.7% — broader than wargame, monitor)"
401493,FateFlip: Washed Ashore,2024.0,178,7.539375435205247,6.633644100218271,0.9057313349869762,0.8304094845077117,0.0894520905382537,7.364049337750269,eligible,eligible,eligible,0,moderate_audience_selectivity,borderline_overlap,moderately_sensitive,False,False,2,,0.0680606627466208,0.0006305802771686,0,0,0,0,0,0,plausible_hidden_gem,"plausible: good+underrated+hidden but cross not broad (n_sup 2 has_broad False) — not decisive niche/insufficient, borderline per 6C","plausible: good+underrated+hidden but cross not broad (n_sup 2 has_broad False) — not decisive niche/insufficient, borderline per 6C"
265752,Exceed: Street Fighter – Ryu Box,2019.0,221,8.254887536564429,7.3528192885501955,0.902068248014233,0.9354553274446892,0.0802794445579611,8.097539825230825,eligible,eligible,eligible,8,moderate_audience_selectivity,adequate_overlap,stable_under_exposure_adjustment,False,False,2,,0.1047734163623065,0.0007882253464608,0,0,1,0,1,0,plausible_hidden_gem,"plausible: good+underrated+hidden but cross not broad (n_sup 2 has_broad False) — not decisive niche/insufficient, borderline per 6C","plausible: good+underrated+hidden but cross not broad (n_sup 2 has_broad False) — not decisive niche/insufficient, borderline per 6C | monitor: euro_duel (max≤2 Euro not wargame not solo, 1402 7.3% pop spec 0.833 insufficient 21.5% vs wargame 47.7% — broader than wargame, monitor)"
402215,Silver & Gold Pyramids,2023.0,392,7.836747204270409,6.9392653236004165,0.8974818806699929,0.884510156037031,0.0602778095972074,7.718602697459882,eligible,eligible,eligible,0,moderate_audience_selectivity,borderline_overlap,moderately_sensitive,False,False,2,,0.3009111533819939,0.0014008914112099,0,0,0,0,0,0,plausible_hidden_gem,"plausible: good+underrated+hidden but cross not broad (n_sup 2 has_broad False) — not decisive niche/insufficient, borderline per 6C","plausible: good+underrated+hidden but cross not broad (n_sup 2 has_broad False) — not decisive niche/insufficient, borderline per 6C"
349955,The Quacks of Quedlinburg: MegaBox,2021.0,1166,8.40331177513882,7.508157916841819,0.8951538582970002,0.7703503641120548,0.0349503251664703,8.334809137812538,eligible,hard_exclude,high,4,moderate_audience_selectivity,borderline_overlap,stable_under_exposure_adjustment,False,False,4,,0.2136992362283956,0.0041668458087908,0,0,0,0,0,0,excluded_not_eligible,"hard_exclude high confidence via deterministic game_links/contained_in/version + Game:/Series: + designer/year/weight — binding per 6A (e.g., contained_in target of 244521 (The Quacks of Quedlinburg) via game_links contained_in + families ['Game: The Quacks of Q)","hard_exclude high confidence via deterministic game_links/contained_in/version + Game:/Series: + designer/year/weight — binding per 6A (e.g., contained_in target of 244521 (The Quacks of Quedlinburg) via game_links contained_in + families ['Game: The Quacks of Q)"
224678,Baseball Highlights: 2045 – Spring Training,2017.0,176,7.706666397485737,6.812548636756153,0.8941177607295838,0.8315573470935327,0.089958905305302,7.530346943087345,eligible,eligible,eligible,5,moderate_audience_selectivity,adequate_overlap,stable_under_exposure_adjustment,False,False,2,,0.1312454647450191,0.0006269974346847,0,1,1,0,0,0,plausible_hidden_gem,"plausible: good+underrated+hidden but cross not broad (n_sup 2 has_broad False) — not decisive niche/insufficient, borderline per 6C","plausible: good+underrated+hidden but cross not broad (n_sup 2 has_broad False) — not decisive niche/insufficient, borderline per 6C | monitor: solo_first (min1 max≤2, 691 4.7% pop, spec 0.901, insufficient 34.4% vs 23% overall, cross 80.5% vs 86.2% — monitoring: general criteria not triggered; thresholds not mode-specific)"
233261,Tidal Blades 2: Rise of the Unfolders,2024.0,291,8.812265594604728,7.918444174003865,0.8938214206008634,0.6028076792208399,0.0699606766645972,8.675142668342117,eligible,eligible,eligible,0,moderate_audience_selectivity,borderline_overlap,moderately_sensitive,False,False,4,0.9140893470790378,0.0552717233322677,0.0010354414778508,0,0,0,0,0,0,plausible_hidden_gem,"plausible: good+underrated+hidden but cross not broad (n_sup 4 has_broad False) — not decisive niche/insufficient, borderline per 6C","plausible: good+underrated+hidden but cross not broad (n_sup 4 has_broad False) — not decisive niche/insufficient, borderline per 6C"
400203,Snails,2024.0,235,8.247543740157889,7.360915167032395,0.8866285731254937,1.061269587863702,0.0778514247070657,8.09495494773204,eligible,eligible,eligible,0,low_audience_selectivity,borderline_overlap,moderately_sensitive,False,False,3,,0.107272338105808,0.0008348022987517,0,0,0,0,0,0,plausible_hidden_gem,"plausible: good+underrated+hidden but cross not broad (n_sup 3 has_broad False) — not decisive niche/insufficient, borderline per 6C","plausible: good+underrated+hidden but cross not broad (n_sup 3 has_broad False) — not decisive niche/insufficient, borderline per 6C"
212346,Shadows of Brimstone: Forbidden Fortress,2018.0,677,8.519782242632955,7.633804975539608,0.885977267093347,0.9043339451326649,0.0458676153168445,8.42988171661194,eligible,eligible,eligible,6,moderate_audience_selectivity,adequate_overlap,stable_under_exposure_adjustment,False,False,7,0.8921713441654358,0.1545812484140918,0.0023825902518021,0,0,0,0,0,0,plausible_hidden_gem,"plausible: good+underrated+hidden but cross not broad (n_sup 7 has_broad False) — not decisive niche/insufficient, borderline per 6C","plausible: good+underrated+hidden but cross not broad (n_sup 7 has_broad False) — not decisive niche/insufficient, borderline per 6C"
393910,The Texas Chainsaw Massacre: Slaughterhouse,2023.0,204,8.04223242281266,7.1582205377238335,0.8840118850888263,0.9978281633578056,0.0835574950961671,7.878459732424172,eligible,eligible,eligible,0,moderate_audience_selectivity,adequate_overlap,stable_under_exposure_adjustment,False,False,4,,0.0614005590999899,0.0007201513392665,0,0,0,0,0,0,plausible_hidden_gem,"plausible: good+underrated+hidden but cross not broad (n_sup 4 has_broad False) — not decisive niche/insufficient, borderline per 6C","plausible: good+underrated+hidden but cross not broad (n_sup 4 has_broad False) — not decisive niche/insufficient, borderline per 6C"
297985,Battle Line: Medieval,2017.0,1829,8.006606602121385,7.122792812289385,0.8838137898320007,0.8753938587103391,0.02790574639667,7.951911339183912,borderline,eligible,eligible,6,moderate_audience_selectivity,borderline_overlap,moderately_sensitive,False,False,4,,0.0511875161941114,0.0065243561632056,1,0,1,0,1,0,plausible_hidden_gem,"plausible: good+underrated+hidden but hiddenness borderline 1700-2500 (20/532 3.8%), cross not broad (n_sup 4 has_broad False) — not decisive niche/insufficient, borderline per 6C","plausible: good+underrated+hidden but hiddenness borderline 1700-2500 (20/532 3.8%), cross not broad (n_sup 4 has_broad False) — not decisive niche/insufficient, borderline per 6C | monitor: euro_duel (max≤2 Euro not wargame not solo, 1402 7.3% pop spec 0.833 insufficient 21.5% vs wargame 47.7% — broader than wargame, monitor); hobby_well_known ref_penetration 0.652% >0.5% (360 eligible 2.95%, max 0.589% wargame, 0% >1% — monitoring)"
180616,Ascension: Year Two Collector's Edition,2015.0,281,7.955360516004284,7.072805286045071,0.8825552299592134,0.7958558700380918,0.0711946461584255,7.81581900953377,eligible,borderline,borderline,24,moderate_audience_selectivity,adequate_overlap,stable_under_exposure_adjustment,False,False,4,,0.0986142178154176,0.0009996130530117,0,0,0,0,0,1,plausible_hidden_gem,"plausible: good+underrated+hidden but cross not broad (n_sup 4 has_broad False) — not decisive niche/insufficient, borderline per 6C","plausible: good+underrated+hidden but cross not broad (n_sup 4 has_broad False) — not decisive niche/insufficient, borderline per 6C | monitor: edition_title (title pattern 55/532 10.3% pool vs 501/14698 3.41% pop, per-pattern n<50 below gate, niche enriched — monitoring); borderline eligibility (medium/borderline confidence via Game: + title without link — review queue not hard exclude per 6A, 61 total pool borderline); ecosystem max_eco 24 (Game: Catan 40 Unlock 47 etc., 2740 Game: 18.6% — borderline not hard unless link corroborates)"
94902,Dungeons & Dragons Starter Set,2008.0,555,7.820635694105706,6.942316315507391,0.8783193785983148,0.8453778503019649,0.0506586957450319,7.7213446504454435,eligible,eligible,eligible,0,moderate_audience_selectivity,adequate_overlap,stable_under_exposure_adjustment,False,False,4,,0.1432651657943252,0.0019705633661521,0,0,0,0,0,0,plausible_hidden_gem,"plausible: good+underrated+hidden but cross not broad (n_sup 4 has_broad False) — not decisive niche/insufficient, borderline per 6C","plausible: good+underrated+hidden but cross not broad (n_sup 4 has_broad False) — not decisive niche/insufficient, borderline per 6C"
270131,KLASK 4,2019.0,563,7.8350046827659074,6.963399635958899,0.8716050468070087,0.8653699716137275,0.0502974883160091,7.736421605666529,eligible,eligible,eligible,0,moderate_audience_selectivity,borderline_overlap,moderately_sensitive,False,False,2,,0.2154950153459625,0.0020135574759591,0,0,0,0,0,0,plausible_hidden_gem,"plausible: good+underrated+hidden but cross not broad (n_sup 2 has_broad False) — not decisive niche/insufficient, borderline per 6C","plausible: good+underrated+hidden but cross not broad (n_sup 2 has_broad False) — not decisive niche/insufficient, borderline per 6C"
231942,Last Night on Earth: The Zombie Game – 10 Year Anniversary Edition,2017.0,269,7.964623853392851,7.093567683881529,0.8710561695113217,1.1874520335035168,0.0727653052998208,7.822003855005202,eligible,borderline,borderline,4,moderate_audience_selectivity,adequate_overlap,stable_under_exposure_adjustment,False,False,4,,0.0784916345215531,0.0009494532582369,0,0,0,0,0,1,plausible_hidden_gem,"plausible: good+underrated+hidden but cross not broad (n_sup 4 has_broad False) — not decisive niche/insufficient, borderline per 6C","plausible: good+underrated+hidden but cross not broad (n_sup 4 has_broad False) — not decisive niche/insufficient, borderline per 6C | monitor: edition_title (title pattern 55/532 10.3% pool vs 501/14698 3.41% pop, per-pattern n<50 below gate, niche enriched — monitoring); borderline eligibility (medium/borderline confidence via Game: + title without link — review queue not hard exclude per 6A, 61 total pool borderline)"
20,Full Metal Planète,1988.0,739,7.716994678043291,6.847274986966628,0.8697196910766634,0.8115341944383667,0.0439013905676142,7.630947952530768,eligible,eligible,eligible,0,low_audience_selectivity,adequate_overlap,stable_under_exposure_adjustment,False,False,4,,0.0726828525894171,0.0026154750132565,0,0,0,0,0,0,plausible_hidden_gem,"plausible: good+underrated+hidden but cross not broad (n_sup 4 has_broad False) — not decisive niche/insufficient, borderline per 6C","plausible: good+underrated+hidden but cross not broad (n_sup 4 has_broad False) — not decisive niche/insufficient, borderline per 6C"
214988,Railways of Nippon,2018.0,518,8.090449643821074,7.22136287918887,0.869086764632204,0.7684498452786954,0.0524367318222743,7.987673649449417,eligible,eligible,eligible,4,moderate_audience_selectivity,adequate_overlap,stable_under_exposure_adjustment,False,False,4,,0.2550617325325731,0.0018559124066669,0,0,0,0,0,0,plausible_hidden_gem,"plausible: good+underrated+hidden but cross not broad (n_sup 4 has_broad False) — not decisive niche/insufficient, borderline per 6C","plausible: good+underrated+hidden but cross not broad (n_sup 4 has_broad False) — not decisive niche/insufficient, borderline per 6C"
266448,Imperium: The Contention,2021.0,428,8.294717502774501,7.42626454994587,0.8684529528286316,0.9445564804194468,0.0576870872935325,8.181650811679178,eligible,eligible,eligible,0,moderate_audience_selectivity,adequate_overlap,stable_under_exposure_adjustment,False,False,4,,0.0994600829129556,0.001522708055663,0,0,0,0,0,0,plausible_hidden_gem,"plausible: good+underrated+hidden but cross not broad (n_sup 4 has_broad False) — not decisive niche/insufficient, borderline per 6C","plausible: good+underrated+hidden but cross not broad (n_sup 4 has_broad False) — not decisive niche/insufficient, borderline per 6C"
260799,Trans Europa & Trans Amerika,2018.0,204,7.5202392634172925,6.651990016739395,0.8682492466778973,0.8224301969287007,0.0835574950961671,7.356466573028805,eligible,eligible,eligible,3,low_audience_selectivity,adequate_overlap,stable_under_exposure_adjustment,False,False,2,,0.1934182212625723,0.0007308998667182,0,0,0,0,0,0,plausible_hidden_gem,"plausible: good+underrated+hidden but cross not broad (n_sup 2 has_broad False), mediocre adj 7.52 resid 0.87 7.5-7.7/0.75-0.90 borderline — not decisive niche/insufficient, borderline per 6C","plausible: good+underrated+hidden but cross not broad (n_sup 2 has_broad False), mediocre adj 7.52 resid 0.87 7.5-7.7/0.75-0.90 borderline — not decisive niche/insufficient, borderline per 6C"
380175,Halloween,2023.0,213,7.814617193949949,6.946937443540859,0.8676797504090894,0.7395484796059213,0.0817731436937552,7.654341832310188,eligible,eligible,eligible,0,moderate_audience_selectivity,borderline_overlap,stable_under_exposure_adjustment,False,False,4,,0.0456794519519086,0.0007595626065895,0,0,0,0,0,0,plausible_hidden_gem,"plausible: good+underrated+hidden but cross not broad (n_sup 4 has_broad False) — not decisive niche/insufficient, borderline per 6C","plausible: good+underrated+hidden but cross not broad (n_sup 4 has_broad False) — not decisive niche/insufficient, borderline per 6C"
160610,Thunderbirds,2015.0,1906,7.678827776133872,6.812831897434474,0.8659958786993975,0.9826263648641262,0.0273362569304498,7.62524871255019,borderline,eligible,eligible,1,moderate_audience_selectivity,borderline_overlap,moderately_sensitive,True,False,7,0.8368310598111228,0.0579996257026275,0.0068038178769508,1,0,0,0,0,0,plausible_hidden_gem,"plausible: good+underrated+hidden but hiddenness borderline 1700-2500 (20/532 3.8%), mediocre adj 7.68 resid 0.87 7.5-7.7/0.75-0.90 borderline — not decisive niche/insufficient, borderline per 6C","plausible: good+underrated+hidden but hiddenness borderline 1700-2500 (20/532 3.8%), mediocre adj 7.68 resid 0.87 7.5-7.7/0.75-0.90 borderline — not decisive niche/insufficient, borderline per 6C | monitor: hobby_well_known ref_penetration 0.680% >0.5% (360 eligible 2.95%, max 0.589% wargame, 0% >1% — monitoring)"
204728,BattleCON: Trials of Indines,2016.0,354,8.533508405085657,7.670577944555506,0.8629304605301513,0.8859392359426117,0.0634306066246325,8.409184416101377,eligible,eligible,eligible,5,moderate_audience_selectivity,adequate_overlap,stable_under_exposure_adjustment,False,False,3,,0.0429147672175209,0.0012539948693695,0,0,0,0,0,0,plausible_hidden_gem,"plausible: good+underrated+hidden but cross not broad (n_sup 3 has_broad False) — not decisive niche/insufficient, borderline per 6C","plausible: good+underrated+hidden but cross not broad (n_sup 3 has_broad False) — not decisive niche/insufficient, borderline per 6C"
131904,Heart of Crown,2011.0,1063,7.949436789133162,7.0871366911464495,0.8623000979867124,0.7661038291033249,0.0366044481319468,7.877692070794546,eligible,eligible,eligible,2,low_audience_selectivity,adequate_overlap,stable_under_exposure_adjustment,False,False,4,,0.0863285827087159,0.0037834816630121,0,0,0,0,0,0,plausible_hidden_gem,"plausible: good+underrated+hidden but cross not broad (n_sup 4 has_broad False) — not decisive niche/insufficient, borderline per 6C","plausible: good+underrated+hidden but cross not broad (n_sup 4 has_broad False) — not decisive niche/insufficient, borderline per 6C"
82420,Summoner Wars: Guild Dwarves vs Cave Goblins,2009.0,2362,7.793030456685368,6.935422236574517,0.8576082201108512,0.8670207212821452,0.024556165358439,7.744900372582827,borderline,eligible,eligible,6,low_audience_selectivity,adequate_overlap,stable_under_exposure_adjustment,False,False,4,,0.0701763300344351,0.0084375940496152,1,0,0,0,0,0,plausible_hidden_gem,"plausible: good+underrated+hidden but hiddenness borderline 1700-2500 (20/532 3.8%), cross not broad (n_sup 4 has_broad False) — not decisive niche/insufficient, borderline per 6C","plausible: good+underrated+hidden but hiddenness borderline 1700-2500 (20/532 3.8%), cross not broad (n_sup 4 has_broad False) — not decisive niche/insufficient, borderline per 6C | monitor: hobby_well_known ref_penetration 0.844% >0.5% (360 eligible 2.95%, max 0.589% wargame, 0% >1% — monitoring)"
254708,Roll Player Adventures,2021.0,1947,8.39461804491672,7.537125591936027,0.8574924529806935,0.7564776825734629,0.0270469015424851,8.34160611789345,borderline,eligible,eligible,0,moderate_audience_selectivity,borderline_overlap,moderately_sensitive,True,False,7,0.9209039548022598,0.0320786813798037,0.0069542972612752,1,0,0,0,0,0,plausible_hidden_gem,"plausible: good+underrated+hidden but hiddenness borderline 1700-2500 (20/532 3.8%) — not decisive niche/insufficient, borderline per 6C","plausible: good+underrated+hidden but hiddenness borderline 1700-2500 (20/532 3.8%) — not decisive niche/insufficient, borderline per 6C | monitor: hobby_well_known ref_penetration 0.695% >0.5% (360 eligible 2.95%, max 0.589% wargame, 0% >1% — monitoring)"
68858,Tanto Cuore: Expanding the House,2010.0,538,7.625446490114959,6.774172231089137,0.8512742590258213,0.7492000877322074,0.0514528408126127,7.524598922122237,eligible,borderline,borderline,6,moderate_audience_selectivity,adequate_overlap,stable_under_exposure_adjustment,False,False,4,,0.0766328984620735,0.0018881579890221,0,0,0,0,0,0,plausible_hidden_gem,"plausible: good+underrated+hidden but cross not broad (n_sup 4 has_broad False), mediocre adj 7.63 resid 0.85 7.5-7.7/0.75-0.90 borderline — not decisive niche/insufficient, borderline per 6C","plausible: good+underrated+hidden but cross not broad (n_sup 4 has_broad False), mediocre adj 7.63 resid 0.85 7.5-7.7/0.75-0.90 borderline — not decisive niche/insufficient, borderline per 6C | monitor: borderline eligibility (medium/borderline confidence via Game: + title without link — review queue not hard exclude per 6A, 61 total pool borderline)"
43262,Neuroshima Hex! Duel,2009.0,838,7.799905259887792,6.950058942461677,0.849846317426115,0.7169298770624621,0.041226691791911,7.719100943975646,eligible,eligible,eligible,0,low_audience_selectivity,adequate_overlap,stable_under_exposure_adjustment,False,False,4,,0.0599157896120235,0.0029916734740673,0,0,1,0,1,0,plausible_hidden_gem,"plausible: good+underrated+hidden but cross not broad (n_sup 4 has_broad False) — not decisive niche/insufficient, borderline per 6C","plausible: good+underrated+hidden but cross not broad (n_sup 4 has_broad False) — not decisive niche/insufficient, borderline per 6C | monitor: euro_duel (max≤2 Euro not wargame not solo, 1402 7.3% pop spec 0.833 insufficient 21.5% vs wargame 47.7% — broader than wargame, monitor)"
212662,The Red Dragon Inn 6: Villains,2017.0,411,7.672041526060949,6.829705358750999,0.8423361673099494,0.9643227324048712,0.0588680411666094,7.556660165374394,eligible,eligible,eligible,11,moderate_audience_selectivity,adequate_overlap,stable_under_exposure_adjustment,True,True,7,0.7055961070559611,0.1814054959054582,0.0014331369935652,0,0,0,0,0,0,plausible_hidden_gem,"plausible: good+underrated+hidden but mediocre adj 7.67 resid 0.84 7.5-7.7/0.75-0.90 borderline — not decisive niche/insufficient, borderline per 6C","plausible: good+underrated+hidden but mediocre adj 7.67 resid 0.84 7.5-7.7/0.75-0.90 borderline — not decisive niche/insufficient, borderline per 6C | monitor: ecosystem max_eco 11 (Game: Catan 40 Unlock 47 etc., 2740 Game: 18.6% — borderline not hard unless link corroborates)"
13883,Jenseits von Theben,2004.0,550,7.553988042012132,6.711699490731634,0.8422885512804976,0.7997956764679826,0.050888441575598,7.45424669652396,eligible,eligible,eligible,0,moderate_audience_selectivity,adequate_overlap,stable_under_exposure_adjustment,False,False,4,,0.2735734910443316,0.0019669805236682,0,0,0,0,0,0,plausible_hidden_gem,"plausible: good+underrated+hidden but cross not broad (n_sup 4 has_broad False), mediocre adj 7.55 resid 0.84 7.5-7.7/0.75-0.90 borderline — not decisive niche/insufficient, borderline per 6C","plausible: good+underrated+hidden but cross not broad (n_sup 4 has_broad False), mediocre adj 7.55 resid 0.84 7.5-7.7/0.75-0.90 borderline — not decisive niche/insufficient, borderline per 6C"
173634,The Red Dragon Inn 5: The Character Trove,2015.0,877,7.542725905817354,6.707524194755006,0.8352017110623482,0.9324033748789128,0.040299596627821,7.463738696426825,eligible,eligible,eligible,11,moderate_audience_selectivity,adequate_overlap,moderately_sensitive,True,False,7,0.6978335233751425,0.1560647384570678,0.0030525817962939,0,0,0,0,0,0,plausible_hidden_gem,"plausible: good+underrated+hidden but mediocre adj 7.54 resid 0.84 7.5-7.7/0.75-0.90 borderline — not decisive niche/insufficient, borderline per 6C","plausible: good+underrated+hidden but mediocre adj 7.54 resid 0.84 7.5-7.7/0.75-0.90 borderline — not decisive niche/insufficient, borderline per 6C | monitor: ecosystem max_eco 11 (Game: Catan 40 Unlock 47 etc., 2740 Game: 18.6% — borderline not hard unless link corroborates)"
214296,Tenkatoitsu,2016.0,220,8.643939013797509,7.81033895599022,0.8336000578072884,0.7062621084214538,0.0804616909776487,8.486234099481317,eligible,eligible,eligible,1,moderate_audience_selectivity,borderline_overlap,moderately_sensitive,False,False,3,0.9136363636363636,0.0769619662185345,0.0007201513392665,0,1,1,1,0,0,plausible_hidden_gem,"plausible: good+underrated+hidden but cross not broad (n_sup 3 has_broad False) — not decisive niche/insufficient, borderline per 6C","plausible: good+underrated+hidden but cross not broad (n_sup 3 has_broad False) — not decisive niche/insufficient, borderline per 6C | monitor: solo_first (min1 max≤2, 691 4.7% pop, spec 0.901, insufficient 34.4% vs 23% overall, cross 80.5% vs 86.2% — monitoring: general criteria not triggered; thresholds not mode-specific); wargame_duel (Wargame & max≤2, 1153 7.8% pop, spec 0.906, insufficient 47.7% vs Euro 21.5% — doubly niche monitor)"
156175,Championship Formula Racing,2017.0,338,7.92592615353109,7.092451443368976,0.8334747101621138,0.7158530016586591,0.064914564181608,7.798693607735138,eligible,eligible,eligible,0,low_audience_selectivity,adequate_overlap,stable_under_exposure_adjustment,False,False,4,,0.1017560599279292,0.0011823380196913,0,0,0,0,0,0,plausible_hidden_gem,"plausible: good+underrated+hidden but cross not broad (n_sup 4 has_broad False) — not decisive niche/insufficient, borderline per 6C","plausible: good+underrated+hidden but cross not broad (n_sup 4 has_broad False) — not decisive niche/insufficient, borderline per 6C"
422332,Star Wars: The Deckbuilding Game – Clone Wars Edition,2024.0,584,8.335319398990773,7.5044564449608515,0.8308629540299215,0.6857215925530813,0.0493848879000896,8.238525018706598,eligible,borderline,borderline,0,moderate_audience_selectivity,borderline_overlap,stable_under_exposure_adjustment,False,False,4,,0.0460583957780194,0.0020887971681213,0,0,1,0,1,1,plausible_hidden_gem,"plausible: good+underrated+hidden but cross not broad (n_sup 4 has_broad False) — not decisive niche/insufficient, borderline per 6C","plausible: good+underrated+hidden but cross not broad (n_sup 4 has_broad False) — not decisive niche/insufficient, borderline per 6C | monitor: euro_duel (max≤2 Euro not wargame not solo, 1402 7.3% pop spec 0.833 insufficient 21.5% vs wargame 47.7% — broader than wargame, monitor); edition_title (title pattern 55/532 10.3% pool vs 501/14698 3.41% pop, per-pattern n<50 below gate, niche enriched — monitoring); borderline eligibility (medium/borderline confidence via Game: + title without link — review queue not hard exclude per 6A, 61 total pool borderline)"
152,Mü & More,1995.0,1984,7.662442539200861,6.833296436268444,0.829146102932417,0.7815647834583155,0.0267935131594852,7.60992725340827,borderline,eligible,eligible,0,moderate_audience_selectivity,adequate_overlap,stable_under_exposure_adjustment,False,False,4,,0.2788777432437451,0.0070976109606317,1,0,0,0,0,0,plausible_hidden_gem,"plausible: good+underrated+hidden but hiddenness borderline 1700-2500 (20/532 3.8%), cross not broad (n_sup 4 has_broad False), mediocre adj 7.66 resid 0.83 7.5-7.7/0.75-0.90 borderline — not decisive niche/insufficient, borderline per 6C","plausible: good+underrated+hidden but hiddenness borderline 1700-2500 (20/532 3.8%), cross not broad (n_sup 4 has_broad False), mediocre adj 7.66 resid 0.83 7.5-7.7/0.75-0.90 borderline — not decisive niche/insufficient, borderline per 6C | monitor: hobby_well_known ref_penetration 0.710% >0.5% (360 eligible 2.95%, max 0.589% wargame, 0% >1% — monitoring)"
200456,Ascension X: War of Shadows,2016.0,627,7.735191435141099,6.906830270271598,0.8283611648695004,0.7138801060761715,0.0476613923532091,7.641775106128809,eligible,borderline,borderline,24,low_audience_selectivity,adequate_overlap,stable_under_exposure_adjustment,False,False,4,,0.0361312283512926,0.0022392765524456,0,0,0,0,0,0,plausible_hidden_gem,"plausible: good+underrated+hidden but cross not broad (n_sup 4 has_broad False) — not decisive niche/insufficient, borderline per 6C","plausible: good+underrated+hidden but cross not broad (n_sup 4 has_broad False) — not decisive niche/insufficient, borderline per 6C | monitor: borderline eligibility (medium/borderline confidence via Game: + title without link — review queue not hard exclude per 6A, 61 total pool borderline); ecosystem max_eco 24 (Game: Catan 40 Unlock 47 etc., 2740 Game: 18.6% — borderline not hard unless link corroborates)"
191296,RUMBLESLAM,2016.0,154,7.936061434185844,7.1078826014589005,0.8281788327269437,0.8564318483274507,0.0961701150119088,7.747568008762503,eligible,eligible,eligible,0,moderate_audience_selectivity,adequate_overlap,stable_under_exposure_adjustment,False,False,3,,0.1292836518128112,0.0005374263725869,0,0,0,0,0,0,plausible_hidden_gem,"plausible: good+underrated+hidden but cross not broad (n_sup 3 has_broad False) — not decisive niche/insufficient, borderline per 6C","plausible: good+underrated+hidden but cross not broad (n_sup 3 has_broad False) — not decisive niche/insufficient, borderline per 6C"
281474,Lands of Galzyr,2022.0,1709,8.190589190896944,7.363675635716165,0.8269135551807789,0.6802010522378854,0.0288688487052787,8.134006247434597,borderline,eligible,eligible,0,moderate_audience_selectivity,borderline_overlap,moderately_sensitive,True,False,7,0.8619075482738443,0.0352332520180482,0.0060979979076199,1,0,0,0,0,0,plausible_hidden_gem,"plausible: good+underrated+hidden but hiddenness borderline 1700-2500 (20/532 3.8%) — not decisive niche/insufficient, borderline per 6C","plausible: good+underrated+hidden but hiddenness borderline 1700-2500 (20/532 3.8%) — not decisive niche/insufficient, borderline per 6C | monitor: hobby_well_known ref_penetration 0.610% >0.5% (360 eligible 2.95%, max 0.589% wargame, 0% >1% — monitoring)"
54221,Push Fight,2008.0,155,7.55697028764889,6.732587269447205,0.8243830182016856,0.9448385234596132,0.0958593868490308,7.36908588942479,eligible,eligible,eligible,0,low_audience_selectivity,adequate_overlap,stable_under_exposure_adjustment,False,False,4,,0.1133613434137154,0.0005302606876191,0,0,1,0,1,0,plausible_hidden_gem,"plausible: good+underrated+hidden but cross not broad (n_sup 4 has_broad False), mediocre adj 7.56 resid 0.82 7.5-7.7/0.75-0.90 borderline — not decisive niche/insufficient, borderline per 6C","plausible: good+underrated+hidden but cross not broad (n_sup 4 has_broad False), mediocre adj 7.56 resid 0.82 7.5-7.7/0.75-0.90 borderline — not decisive niche/insufficient, borderline per 6C | monitor: euro_duel (max≤2 Euro not wargame not solo, 1402 7.3% pop spec 0.833 insufficient 21.5% vs wargame 47.7% — broader than wargame, monitor)"
251433,Yokai Septet,2018.0,1036,7.980348006813072,7.156322613851605,0.8240253929614667,0.7620954735025496,0.0370783686547906,7.907674404249683,eligible,eligible,eligible,3,moderate_audience_selectivity,adequate_overlap,stable_under_exposure_adjustment,False,False,4,,0.2589227363935769,0.0036974934433982,0,0,0,0,0,0,plausible_hidden_gem,"plausible: good+underrated+hidden but cross not broad (n_sup 4 has_broad False) — not decisive niche/insufficient, borderline per 6C","plausible: good+underrated+hidden but cross not broad (n_sup 4 has_broad False) — not decisive niche/insufficient, borderline per 6C"
259571,Quarriors! Qultimate Quedition,2019.0,334,7.848769524629266,7.025788955016322,0.8229805696129437,0.67625771755442,0.0653021172616236,7.720777374796484,eligible,borderline,borderline,18,moderate_audience_selectivity,adequate_overlap,stable_under_exposure_adjustment,False,False,4,,0.0361122909632456,0.001193086547143,0,0,0,0,0,1,plausible_hidden_gem,"plausible: good+underrated+hidden but cross not broad (n_sup 4 has_broad False) — not decisive niche/insufficient, borderline per 6C","plausible: good+underrated+hidden but cross not broad (n_sup 4 has_broad False) — not decisive niche/insufficient, borderline per 6C | monitor: edition_title (title pattern 55/532 10.3% pool vs 501/14698 3.41% pop, per-pattern n<50 below gate, niche enriched — monitoring); borderline eligibility (medium/borderline confidence via Game: + title without link — review queue not hard exclude per 6A, 61 total pool borderline); ecosystem max_eco 18 (Game: Catan 40 Unlock 47 etc., 2740 Game: 18.6% — borderline not hard unless link corroborates)"
152765,Thunderstone Advance: Worlds Collide,2014.0,803,7.957738538132572,7.135434080822746,0.8223044573098264,0.726907953616621,0.0421155739097625,7.875192013269438,eligible,eligible,eligible,7,low_audience_selectivity,adequate_overlap,stable_under_exposure_adjustment,False,False,4,,0.0453073314583761,0.0028662739871304,0,0,0,0,0,0,plausible_hidden_gem,"plausible: good+underrated+hidden but cross not broad (n_sup 4 has_broad False) — not decisive niche/insufficient, borderline per 6C","plausible: good+underrated+hidden but cross not broad (n_sup 4 has_broad False) — not decisive niche/insufficient, borderline per 6C"
364655,Kinfire Chronicles: Night's Fall,2023.0,570,8.622125181522138,7.803837260606773,0.8182879209153651,0.8930401008664397,0.0499876900161549,8.524149309090475,eligible,eligible,eligible,0,moderate_audience_selectivity,borderline_overlap,moderately_sensitive,False,False,7,0.9087719298245616,0.0704761538635461,0.0020135574759591,0,0,0,0,0,0,plausible_hidden_gem,"plausible: good+underrated+hidden but cross not broad (n_sup 7 has_broad False) — not decisive niche/insufficient, borderline per 6C","plausible: good+underrated+hidden but cross not broad (n_sup 7 has_broad False) — not decisive niche/insufficient, borderline per 6C"
390173,Mindbug: Beyond Evolution,2023.0,588,8.412719989822355,7.602018232553558,0.8107017572687969,0.8724817077792206,0.0492166254419323,8.316255403956168,eligible,eligible,eligible,3,moderate_audience_selectivity,borderline_overlap,stable_under_exposure_adjustment,False,False,4,,0.0373241076676817,0.0020923800106052,0,0,1,0,1,0,plausible_hidden_gem,"plausible: good+underrated+hidden but cross not broad (n_sup 4 has_broad False) — not decisive niche/insufficient, borderline per 6C","plausible: good+underrated+hidden but cross not broad (n_sup 4 has_broad False) — not decisive niche/insufficient, borderline per 6C | monitor: euro_duel (max≤2 Euro not wargame not solo, 1402 7.3% pop spec 0.833 insufficient 21.5% vs wargame 47.7% — broader than wargame, monitor)"
174852,Pandánte (Second Edition),2015.0,187,7.504849515044286,6.694330086519239,0.8105194285250477,0.8135076962656704,0.0872729573032229,7.333794518729969,eligible,borderline,borderline,0,low_audience_selectivity,adequate_overlap,stable_under_exposure_adjustment,False,False,4,,0.1024148706918581,0.0006699915444917,0,0,0,0,0,1,plausible_hidden_gem,"plausible: good+underrated+hidden but cross not broad (n_sup 4 has_broad False), mediocre adj 7.50 resid 0.81 7.5-7.7/0.75-0.90 borderline — not decisive niche/insufficient, borderline per 6C","plausible: good+underrated+hidden but cross not broad (n_sup 4 has_broad False), mediocre adj 7.50 resid 0.81 7.5-7.7/0.75-0.90 borderline — not decisive niche/insufficient, borderline per 6C | monitor: edition_title (title pattern 55/532 10.3% pool vs 501/14698 3.41% pop, per-pattern n<50 below gate, niche enriched — monitoring); borderline eligibility (medium/borderline confidence via Game: + title without link — review queue not hard exclude per 6A, 61 total pool borderline)"
284778,Unmatched: Jurassic Park – Dr. Sattler vs. T. Rex,2022.0,1423,8.162431134415876,7.352092616343397,0.8103385180724789,0.8140896814333534,0.0316372004239458,8.100422221584942,eligible,eligible,eligible,18,moderate_audience_selectivity,borderline_overlap,stable_under_exposure_adjustment,False,False,4,,0.0940986016546095,0.0049980652650586,0,0,1,0,1,0,plausible_hidden_gem,"plausible: good+underrated+hidden but cross not broad (n_sup 4 has_broad False) — not decisive niche/insufficient, borderline per 6C","plausible: good+underrated+hidden but cross not broad (n_sup 4 has_broad False) — not decisive niche/insufficient, borderline per 6C | monitor: euro_duel (max≤2 Euro not wargame not solo, 1402 7.3% pop spec 0.833 insufficient 21.5% vs wargame 47.7% — broader than wargame, monitor); ecosystem max_eco 18 (Game: Catan 40 Unlock 47 etc., 2740 Game: 18.6% — borderline not hard unless link corroborates)"
422374,Lone Wolves,2024.0,232,8.314499536646947,7.508003537650872,0.8064959989960752,0.8250529347947033,0.0783531576640776,8.160927347625355,eligible,eligible,eligible,0,moderate_audience_selectivity,borderline_overlap,moderately_sensitive,False,False,2,,0.281206719884457,0.0008276366137839,0,0,1,0,1,0,plausible_hidden_gem,"plausible: good+underrated+hidden but cross not broad (n_sup 2 has_broad False) — not decisive niche/insufficient, borderline per 6C","plausible: good+underrated+hidden but cross not broad (n_sup 2 has_broad False) — not decisive niche/insufficient, borderline per 6C | monitor: euro_duel (max≤2 Euro not wargame not solo, 1402 7.3% pop spec 0.833 insufficient 21.5% vs wargame 47.7% — broader than wargame, monitor)"
373828,Galdor's Grip,2022.0,274,8.133307006680797,7.334645891576486,0.798661115104311,0.7981361211607734,0.0720983315076739,7.991994276925756,eligible,eligible,eligible,1,moderate_audience_selectivity,borderline_overlap,stable_under_exposure_adjustment,False,False,3,,0.2130356662217599,0.0009637846281726,0,1,1,0,0,0,plausible_hidden_gem,"plausible: good+underrated+hidden but cross not broad (n_sup 3 has_broad False) — not decisive niche/insufficient, borderline per 6C","plausible: good+underrated+hidden but cross not broad (n_sup 3 has_broad False) — not decisive niche/insufficient, borderline per 6C | monitor: solo_first (min1 max≤2, 691 4.7% pop, spec 0.901, insufficient 34.4% vs 23% overall, cross 80.5% vs 86.2% — monitoring: general criteria not triggered; thresholds not mode-specific)"
366748,Northgard: Uncharted Lands – Warchief Collector Edition,2022.0,232,8.356568570121166,7.560526346094811,0.7960422240263547,0.7865573375137718,0.0783531576640776,8.202996381099574,eligible,borderline,borderline,0,moderate_audience_selectivity,adequate_overlap,stable_under_exposure_adjustment,False,False,4,,0.0808622456327843,0.0008240537712999,0,0,0,0,0,1,plausible_hidden_gem,"plausible: good+underrated+hidden but cross not broad (n_sup 4 has_broad False) — not decisive niche/insufficient, borderline per 6C","plausible: good+underrated+hidden but cross not broad (n_sup 4 has_broad False) — not decisive niche/insufficient, borderline per 6C | monitor: edition_title (title pattern 55/532 10.3% pool vs 501/14698 3.41% pop, per-pattern n<50 below gate, niche enriched — monitoring); borderline eligibility (medium/borderline confidence via Game: + title without link — review queue not hard exclude per 6A, 61 total pool borderline)"
225244,Ticket to Ride: Germany,2017.0,1783,7.834422687193688,7.040761834850768,0.7936608523429198,0.7122482841687878,0.0282634272885552,7.779026369708119,borderline,eligible,eligible,21,low_audience_selectivity,borderline_overlap,moderately_sensitive,False,False,4,,0.0171589103643266,0.006384625306333,1,0,0,0,0,0,plausible_hidden_gem,"plausible: good+underrated+hidden but hiddenness borderline 1700-2500 (20/532 3.8%), cross not broad (n_sup 4 has_broad False) — not decisive niche/insufficient, borderline per 6C","plausible: good+underrated+hidden but hiddenness borderline 1700-2500 (20/532 3.8%), cross not broad (n_sup 4 has_broad False) — not decisive niche/insufficient, borderline per 6C | monitor: ecosystem max_eco 21 (Game: Catan 40 Unlock 47 etc., 2740 Game: 18.6% — borderline not hard unless link corroborates); hobby_well_known ref_penetration 0.638% >0.5% (360 eligible 2.95%, max 0.589% wargame, 0% >1% — monitoring)"
237792,Rummikub Twist,2016.0,204,7.62447815110335,6.832143848705375,0.7923343023979754,0.8352086153480407,0.0835574950961671,7.460705460714863,eligible,eligible,eligible,4,moderate_audience_selectivity,borderline_overlap,stable_under_exposure_adjustment,False,False,4,,0.1409999363463738,0.0007201513392665,0,0,0,0,0,0,plausible_hidden_gem,"plausible: good+underrated+hidden but cross not broad (n_sup 4 has_broad False), mediocre adj 7.62 resid 0.79 7.5-7.7/0.75-0.90 borderline — not decisive niche/insufficient, borderline per 6C","plausible: good+underrated+hidden but cross not broad (n_sup 4 has_broad False), mediocre adj 7.62 resid 0.79 7.5-7.7/0.75-0.90 borderline — not decisive niche/insufficient, borderline per 6C"
349703,Race! Formula 90: 2nd Edition,2023.0,239,9.03671703784806,8.246800459269704,0.7899165785783566,0.6901362709191865,0.077197199455354,8.885410526915566,eligible,borderline,borderline,0,moderate_audience_selectivity,adequate_overlap,stable_under_exposure_adjustment,False,False,1,,0.1066747233540459,0.0008562993536552,0,0,0,0,0,1,plausible_hidden_gem,"plausible: good+underrated+hidden but cross not broad (n_sup 1 has_broad False) — not decisive niche/insufficient, borderline per 6C","plausible: good+underrated+hidden but cross not broad (n_sup 1 has_broad False) — not decisive niche/insufficient, borderline per 6C | monitor: edition_title (title pattern 55/532 10.3% pool vs 501/14698 3.41% pop, per-pattern n<50 below gate, niche enriched — monitoring); borderline eligibility (medium/borderline confidence via Game: + title without link — review queue not hard exclude per 6A, 61 total pool borderline)"
271615,The Quest for El Dorado: The Golden Temples,2019.0,1744,8.000784795570118,7.212041707488197,0.7887430880819206,0.6840230031716903,0.0285776988629745,7.944772505798688,borderline,eligible,eligible,2,low_audience_selectivity,adequate_overlap,stable_under_exposure_adjustment,False,False,4,,0.1130834993846151,0.0062484772919443,1,0,0,0,0,0,plausible_hidden_gem,"plausible: good+underrated+hidden but hiddenness borderline 1700-2500 (20/532 3.8%), cross not broad (n_sup 4 has_broad False) — not decisive niche/insufficient, borderline per 6C","plausible: good+underrated+hidden but hiddenness borderline 1700-2500 (20/532 3.8%), cross not broad (n_sup 4 has_broad False) — not decisive niche/insufficient, borderline per 6C | monitor: hobby_well_known ref_penetration 0.625% >0.5% (360 eligible 2.95%, max 0.589% wargame, 0% >1% — monitoring)"
174802,VENOM Assault,2016.0,297,7.646819220882192,6.858919568297367,0.7878996525848256,0.7302813084487036,0.0692503975920269,7.51108844160182,eligible,eligible,eligible,0,moderate_audience_selectivity,borderline_overlap,moderately_sensitive,False,False,4,0.915824915824916,0.0477116739745223,0.0010533556902704,0,0,0,0,0,0,plausible_hidden_gem,"plausible: good+underrated+hidden but cross not broad (n_sup 4 has_broad False), mediocre adj 7.65 resid 0.79 7.5-7.7/0.75-0.90 borderline — not decisive niche/insufficient, borderline per 6C","plausible: good+underrated+hidden but cross not broad (n_sup 4 has_broad False), mediocre adj 7.65 resid 0.79 7.5-7.7/0.75-0.90 borderline — not decisive niche/insufficient, borderline per 6C"
392513,Mindbug: Beyond Eternity,2023.0,510,8.386332913498592,7.600071153980794,0.7862617595177976,0.8381055708886382,0.0528464000164476,8.282753969466354,eligible,eligible,eligible,3,moderate_audience_selectivity,adequate_overlap,stable_under_exposure_adjustment,False,False,4,,0.0539222416082094,0.0018200839818278,0,0,1,0,1,0,plausible_hidden_gem,"plausible: good+underrated+hidden but cross not broad (n_sup 4 has_broad False) — not decisive niche/insufficient, borderline per 6C","plausible: good+underrated+hidden but cross not broad (n_sup 4 has_broad False) — not decisive niche/insufficient, borderline per 6C | monitor: euro_duel (max≤2 Euro not wargame not solo, 1402 7.3% pop spec 0.833 insufficient 21.5% vs wargame 47.7% — broader than wargame, monitor)"
178591,Lunarchitects,2016.0,492,7.66981731128846,6.884498519515468,0.7853187917729922,0.7160156090611469,0.0538044187991034,7.564360650442217,eligible,eligible,eligible,0,low_audience_selectivity,adequate_overlap,stable_under_exposure_adjustment,False,False,2,,0.2264338014656176,0.0017627585020852,0,0,0,0,0,0,plausible_hidden_gem,"plausible: good+underrated+hidden but cross not broad (n_sup 2 has_broad False), mediocre adj 7.67 resid 0.79 7.5-7.7/0.75-0.90 borderline — not decisive niche/insufficient, borderline per 6C","plausible: good+underrated+hidden but cross not broad (n_sup 2 has_broad False), mediocre adj 7.67 resid 0.79 7.5-7.7/0.75-0.90 borderline — not decisive niche/insufficient, borderline per 6C"
246912,Take 5 & Take A Number,2018.0,1113,7.697791220719152,6.913865358947168,0.7839258617719835,0.7613514065236249,0.0357727982872622,7.627676536076118,eligible,hard_exclude,high,12,moderate_audience_selectivity,borderline_overlap,moderately_sensitive,False,False,4,,0.0894642172621099,0.0039805379996273,0,0,0,0,0,0,excluded_not_eligible,"hard_exclude high confidence via deterministic game_links/contained_in/version + Game:/Series: + designer/year/weight — binding per 6A (e.g., contained_in target of 432 (Take 5) via game_links contained_in + families ['Game: 6 nimmt!'] + title 'Take 5 & Take A N)","hard_exclude high confidence via deterministic game_links/contained_in/version + Game:/Series: + designer/year/weight — binding per 6A (e.g., contained_in target of 432 (Take 5) via game_links contained_in + families ['Game: 6 nimmt!'] + title 'Take 5 & Take A N) | note: ecosystem max_eco 12 (Game: Catan 40 Unlock 47 etc., 2740 Game: 18.6% — borderline not hard unless link corroborates)"
252688,Enchanters: Overlords,2018.0,546,7.598731135404294,6.819267638576687,0.7794634968276073,0.7848405840270329,0.0510745059680768,7.498625103706863,eligible,eligible,eligible,0,moderate_audience_selectivity,adequate_overlap,stable_under_exposure_adjustment,False,False,4,,0.0737199934303242,0.001934734941313,0,0,0,0,0,0,plausible_hidden_gem,"plausible: good+underrated+hidden but cross not broad (n_sup 4 has_broad False), mediocre adj 7.60 resid 0.78 7.5-7.7/0.75-0.90 borderline — not decisive niche/insufficient, borderline per 6C","plausible: good+underrated+hidden but cross not broad (n_sup 4 has_broad False), mediocre adj 7.60 resid 0.78 7.5-7.7/0.75-0.90 borderline — not decisive niche/insufficient, borderline per 6C"
251053,Let's Make a Bus Route,2018.0,993,7.795761720720545,7.020752449221948,0.7750092714985968,0.7269260594699549,0.0378726654570008,7.721531296424824,eligible,eligible,eligible,0,moderate_audience_selectivity,adequate_overlap,stable_under_exposure_adjustment,False,False,4,,0.300353679637209,0.0035541797440417,0,0,0,0,0,0,plausible_hidden_gem,"plausible: good+underrated+hidden but cross not broad (n_sup 4 has_broad False) — not decisive niche/insufficient, borderline per 6C","plausible: good+underrated+hidden but cross not broad (n_sup 4 has_broad False) — not decisive niche/insufficient, borderline per 6C"
382035,Cursed!?,2023.0,231,7.736148363657257,6.964216035183355,0.7719323284739019,0.6998461577063697,0.0785225700946497,7.582244126271743,eligible,eligible,eligible,4,moderate_audience_selectivity,borderline_overlap,moderately_sensitive,False,False,2,,0.1694034523057197,0.0008025567163965,0,1,1,0,0,0,plausible_hidden_gem,"plausible: good+underrated+hidden but cross not broad (n_sup 2 has_broad False) — not decisive niche/insufficient, borderline per 6C","plausible: good+underrated+hidden but cross not broad (n_sup 2 has_broad False) — not decisive niche/insufficient, borderline per 6C | monitor: solo_first (min1 max≤2, 691 4.7% pop, spec 0.901, insufficient 34.4% vs 23% overall, cross 80.5% vs 86.2% — monitoring: general criteria not triggered; thresholds not mode-specific)"
215471,Photograph,2016.0,1709,7.9067501639077085,7.135799783962552,0.7709503799451563,0.8073256194687302,0.0288688487052787,7.850167220445362,borderline,eligible,eligible,0,moderate_audience_selectivity,adequate_overlap,stable_under_exposure_adjustment,False,False,4,,0.2463784274771205,0.0061230778050073,1,0,0,0,0,0,plausible_hidden_gem,"plausible: good+underrated+hidden but hiddenness borderline 1700-2500 (20/532 3.8%), cross not broad (n_sup 4 has_broad False) — not decisive niche/insufficient, borderline per 6C","plausible: good+underrated+hidden but hiddenness borderline 1700-2500 (20/532 3.8%), cross not broad (n_sup 4 has_broad False) — not decisive niche/insufficient, borderline per 6C | monitor: hobby_well_known ref_penetration 0.612% >0.5% (360 eligible 2.95%, max 0.589% wargame, 0% >1% — monitoring)"
293207,Eila and Something Shiny,2021.0,1257,8.223399392519292,7.454723293031458,0.7686760994878341,0.6455819332639283,0.0336614528910565,8.157422944852822,eligible,eligible,eligible,0,low_audience_selectivity,borderline_overlap,stable_under_exposure_adjustment,False,False,4,,0.0397096095247346,0.0044713874199234,0,1,1,0,0,0,plausible_hidden_gem,"plausible: good+underrated+hidden but cross not broad (n_sup 4 has_broad False) — not decisive niche/insufficient, borderline per 6C","plausible: good+underrated+hidden but cross not broad (n_sup 4 has_broad False) — not decisive niche/insufficient, borderline per 6C | monitor: solo_first (min1 max≤2, 691 4.7% pop, spec 0.901, insufficient 34.4% vs 23% overall, cross 80.5% vs 86.2% — monitoring: general criteria not triggered; thresholds not mode-specific)"
386538,Astro Knights: Eternity,2024.0,316,8.648403452493088,7.88035621502838,0.7680472374647085,0.6869415604008804,0.0671362306989026,8.51681644032324,eligible,eligible,eligible,0,moderate_audience_selectivity,borderline_overlap,moderately_sensitive,False,False,4,0.9082278481012658,0.0646089455229863,0.0011285953824326,0,0,0,0,0,0,plausible_hidden_gem,"plausible: good+underrated+hidden but cross not broad (n_sup 4 has_broad False) — not decisive niche/insufficient, borderline per 6C","plausible: good+underrated+hidden but cross not broad (n_sup 4 has_broad False) — not decisive niche/insufficient, borderline per 6C"
316343,Capital Lux 2: Pocket,2021.0,299,8.028935439312766,7.260961748888373,0.7679736904243928,0.742238736669508,0.0690184023082095,7.893659370788676,eligible,eligible,eligible,0,moderate_audience_selectivity,adequate_overlap,stable_under_exposure_adjustment,False,False,2,,0.1745858916836242,0.0010712699026899,0,0,0,0,0,0,plausible_hidden_gem,"plausible: good+underrated+hidden but cross not broad (n_sup 2 has_broad False) — not decisive niche/insufficient, borderline per 6C","plausible: good+underrated+hidden but cross not broad (n_sup 2 has_broad False) — not decisive niche/insufficient, borderline per 6C"
320855,Sakura Arms: Yurina Box,2022.0,184,8.573858062920516,7.811368527206113,0.762489535714403,0.8047888015474349,0.0879815450416394,8.401414234638903,eligible,eligible,eligible,4,moderate_audience_selectivity,adequate_overlap,stable_under_exposure_adjustment,False,False,2,,0.1164755237906477,0.0006484944895882,0,0,1,0,1,0,plausible_hidden_gem,"plausible: good+underrated+hidden but cross not broad (n_sup 2 has_broad False) — not decisive niche/insufficient, borderline per 6C","plausible: good+underrated+hidden but cross not broad (n_sup 2 has_broad False) — not decisive niche/insufficient, borderline per 6C | monitor: euro_duel (max≤2 Euro not wargame not solo, 1402 7.3% pop spec 0.833 insufficient 21.5% vs wargame 47.7% — broader than wargame, monitor)"
226213,Cursed Court,2017.0,828,7.571277053263758,6.810886496388388,0.7603905568753699,0.7204485120961337,0.0414748980788086,7.489986253029293,eligible,eligible,eligible,22,moderate_audience_selectivity,borderline_overlap,moderately_sensitive,False,False,4,,0.2325019056249201,0.002963010734196,0,0,0,0,0,0,plausible_hidden_gem,"plausible: good+underrated+hidden but cross not broad (n_sup 4 has_broad False), mediocre adj 7.57 resid 0.76 7.5-7.7/0.75-0.90 borderline — not decisive niche/insufficient, borderline per 6C","plausible: good+underrated+hidden but cross not broad (n_sup 4 has_broad False), mediocre adj 7.57 resid 0.76 7.5-7.7/0.75-0.90 borderline — not decisive niche/insufficient, borderline per 6C | monitor: ecosystem max_eco 22 (Game: Catan 40 Unlock 47 etc., 2740 Game: 18.6% — borderline not hard unless link corroborates)"
210290,Legendary: Buffy The Vampire Slayer,2017.0,1092,7.640807820637732,6.886187477047743,0.7546203435899885,0.591012290684616,0.0361151295157799,7.570022166786803,eligible,eligible,eligible,12,moderate_audience_selectivity,borderline_overlap,moderately_sensitive,True,False,7,0.8553113553113553,0.0418724380711921,0.0038838012525617,0,0,0,0,0,0,plausible_hidden_gem,"plausible: good+underrated+hidden but Q4 borderline 0.59 0.50-0.60, mediocre adj 7.64 resid 0.75 7.5-7.7/0.75-0.90 borderline — not decisive niche/insufficient, borderline per 6C","plausible: good+underrated+hidden but Q4 borderline 0.59 0.50-0.60, mediocre adj 7.64 resid 0.75 7.5-7.7/0.75-0.90 borderline — not decisive niche/insufficient, borderline per 6C | monitor: ecosystem max_eco 12 (Game: Catan 40 Unlock 47 etc., 2740 Game: 18.6% — borderline not hard unless link corroborates)"
398996,Panda Royale,2024.0,206,7.756662317104642,7.003910783204335,0.7527515339003079,0.715763834579648,0.0831508868676376,7.593686578844072,eligible,eligible,eligible,0,low_audience_selectivity,borderline_overlap,moderately_sensitive,False,False,2,,0.1724437470019662,0.0007308998667182,0,0,0,0,0,0,plausible_hidden_gem,"plausible: good+underrated+hidden but cross not broad (n_sup 2 has_broad False) — not decisive niche/insufficient, borderline per 6C","plausible: good+underrated+hidden but cross not broad (n_sup 2 has_broad False) — not decisive niche/insufficient, borderline per 6C"
157026,Ascension: Realms Unraveled,2014.0,1154,7.752719945074359,7.000835281021375,0.7518846640529837,0.6404572436428406,0.0351315726662445,7.68386206264852,eligible,eligible,eligible,24,low_audience_selectivity,adequate_overlap,stable_under_exposure_adjustment,False,False,4,,0.0358734311330712,0.0041202688564999,0,0,0,0,0,0,plausible_hidden_gem,"plausible: good+underrated+hidden but cross not broad (n_sup 4 has_broad False) — not decisive niche/insufficient, borderline per 6C","plausible: good+underrated+hidden but cross not broad (n_sup 4 has_broad False) — not decisive niche/insufficient, borderline per 6C | monitor: ecosystem max_eco 24 (Game: Catan 40 Unlock 47 etc., 2740 Game: 18.6% — borderline not hard unless link corroborates)"
40529,Cosmic Encounter,1991.0,1047,7.567761740749081,6.817283195818016,0.7504785449310649,0.7508131307966632,0.036883077828217,7.495470908205775,eligible,eligible,eligible,6,low_audience_selectivity,adequate_overlap,stable_under_exposure_adjustment,False,False,4,,0.1297929926506526,0.0037333218682373,0,0,0,0,0,0,plausible_hidden_gem,"plausible: good+underrated+hidden but cross not broad (n_sup 4 has_broad False), mediocre adj 7.57 resid 0.75 7.5-7.7/0.75-0.90 borderline — not decisive niche/insufficient, borderline per 6C","plausible: good+underrated+hidden but cross not broad (n_sup 4 has_broad False), mediocre adj 7.57 resid 0.75 7.5-7.7/0.75-0.90 borderline — not decisive niche/insufficient, borderline per 6C"
33434,Funkenschlag: EnBW,2007.0,198,8.694110770076955,6.795378128061499,1.8987326420154569,1.7734517118141753,0.0848140692926634,8.527875194263334,eligible,eligible,eligible,8,high_audience_selectivity,borderline_overlap,strongly_sensitive,False,False,2,0.9393939393939394,0.2708097839482527,0.0007094028118147,0,0,0,0,0,0,niche_but_high_quality,taxonomy high_audience_selectivity — specialist-dependent,taxonomy high_audience_selectivity — specialist-dependent
97683,Age of Rail: South Africa,2011.0,277,8.731969342439568,6.95518779732582,1.7767815451137476,1.722170107267203,0.0717068444612192,8.591423927295578,eligible,eligible,eligible,33,high_audience_selectivity,borderline_overlap,strongly_sensitive,False,False,2,0.9819494584837544,0.3806558671519784,0.0009924473680439,0,0,0,0,0,0,niche_but_high_quality,taxonomy high_audience_selectivity — specialist-dependent,"taxonomy high_audience_selectivity — specialist-dependent | note: ecosystem max_eco 33 (Game: Catan 40 Unlock 47 etc., 2740 Game: 18.6% — borderline not hard unless link corroborates)"
186279,Finska Mini,2011.0,468,7.816398671008494,6.05658809300658,1.7598105780019138,1.8134418341504783,0.0551667715797317,7.70827179871222,eligible,eligible,eligible,0,high_audience_selectivity,borderline_overlap,strongly_sensitive,True,False,5,0.8952991452991453,0.2861065135773541,0.0016731874399873,0,0,0,0,0,0,niche_but_high_quality,taxonomy high_audience_selectivity — specialist-dependent,taxonomy high_audience_selectivity — specialist-dependent
331953,Unlock!: Timeless Adventures – Verloren im Zeitstrudel!,2019.0,132,8.391370545565449,6.680212602495294,1.7111579430701551,1.7149396712573406,0.1038755963880404,8.18777437664489,eligible,eligible,eligible,47,insufficient_evidence,insufficient_overlap,insufficient_overlap,False,False,2,0.9772727272727272,0.2711492486200891,0.0004729352078765,0,0,0,0,0,0,niche_but_high_quality,spec 0.98>0.95 (q75 0.96) + insufficient_overlap — specialist,"spec 0.98>0.95 (q75 0.96) + insufficient_overlap — specialist | note: ecosystem max_eco 47 (Game: Catan 40 Unlock 47 etc., 2740 Game: 18.6% — borderline not hard unless link corroborates)"
188530,My Favourite Things,2015.0,375,7.903825141235959,6.25024264183374,1.6535824994022192,1.6501461909932615,0.0616289632623315,7.78303237324179,eligible,eligible,eligible,0,high_audience_selectivity,borderline_overlap,strongly_sensitive,True,False,5,0.904,0.3111492486200892,0.0013399830889834,0,0,0,0,0,0,niche_but_high_quality,taxonomy high_audience_selectivity — specialist-dependent,taxonomy high_audience_selectivity — specialist-dependent
6688,Ninety-Nine,1974.0,554,7.886113311979459,6.282513320447752,1.6035999915317074,1.6111055663889502,0.0507043959760171,7.7867326958664655,eligible,eligible,eligible,0,moderate_audience_selectivity,adequate_overlap,stable_under_exposure_adjustment,False,False,2,,0.3553851090292348,0.001974146208636,0,0,0,0,0,0,niche_but_high_quality,high TVD 0.36>0.35 — audience divergence,high TVD 0.36>0.35 — audience divergence
2981,Breaking Away,1991.0,460,7.882878139721112,6.342046378689959,1.5408317610311526,1.507063385146684,0.0556444148784548,7.77381508655934,eligible,eligible,eligible,0,moderate_audience_selectivity,adequate_overlap,moderately_sensitive,False,False,2,,0.3544825819534225,0.0016409418576321,0,0,0,0,0,0,niche_but_high_quality,high TVD 0.35>0.35 — audience divergence,high TVD 0.35>0.35 — audience divergence
2794,Spinball,2001.0,171,7.511348565739415,6.010175594311937,1.5011729714274784,1.4829384101674643,0.0912646180647461,7.332469914332512,eligible,eligible,eligible,0,moderate_audience_selectivity,borderline_overlap,strongly_sensitive,False,False,1,,0.4290439854621944,0.0006126660647491,0,0,1,0,1,0,niche_but_high_quality,high TVD 0.43>0.35 — audience divergence,"high TVD 0.43>0.35 — audience divergence | note: euro_duel (max≤2 Euro not wargame not solo, 1402 7.3% pop spec 0.833 insufficient 21.5% vs wargame 47.7% — broader than wargame, monitor)"
383010,Clank! Legacy 2: Acquisitions Incorporated – Darkest Magic,2024.0,234,9.383173286917032,7.893718426326979,1.4894548605900528,1.3169222543556955,0.0780175965603953,9.230258797658657,eligible,eligible,eligible,5,moderate_audience_selectivity,borderline_overlap,strongly_sensitive,True,False,5,0.282051282051282,0.1360458589764089,0.0008383851412356,0,0,0,0,0,0,niche_but_high_quality,strongly_sensitive — exposure adjustment fragile,strongly_sensitive — exposure adjustment fragile
172844,Charms,2014.0,254,8.135458120859894,6.652768550669139,1.4826895701907556,1.5002918461881976,0.074883069407198,7.988687304821786,eligible,eligible,eligible,0,moderate_audience_selectivity,adequate_overlap,stable_under_exposure_adjustment,False,False,2,,0.4548762827408241,0.0009100419909139,0,0,0,0,0,0,niche_but_high_quality,high TVD 0.45>0.35 — audience divergence,high TVD 0.45>0.35 — audience divergence
165332,Puerto Rico,2007.0,117,8.190242020504654,6.770841534250113,1.4194004862545402,1.3574474033519834,0.1103335431594635,7.973988275912105,eligible,hard_exclude,high,19,insufficient_evidence,insufficient_overlap,insufficient_overlap,False,False,2,0.7948717948717948,0.2019027971058647,0.0004191925706178,0,0,0,0,0,0,excluded_not_eligible,"hard_exclude high confidence via deterministic game_links/contained_in/version + Game:/Series: + designer/year/weight — binding per 6A (e.g., contained_in target of 3076 (Puerto Rico) via game_links contained_in + families ['Game: Puerto Rico'] + title 'Puerto R)","hard_exclude high confidence via deterministic game_links/contained_in/version + Game:/Series: + designer/year/weight — binding per 6A (e.g., contained_in target of 3076 (Puerto Rico) via game_links contained_in + families ['Game: Puerto Rico'] + title 'Puerto R) | note: ecosystem max_eco 19 (Game: Catan 40 Unlock 47 etc., 2740 Game: 18.6% — borderline not hard unless link corroborates)"
5243,Montage,1973.0,209,7.713078492508855,6.339803739090195,1.3732747534186602,1.3376136001988843,0.0825519531152329,7.551276664402999,eligible,eligible,eligible,0,moderate_audience_selectivity,borderline_overlap,moderately_sensitive,False,False,2,,0.4473116446606396,0.0007452312366539,0,0,0,0,0,0,niche_but_high_quality,high TVD 0.45>0.35 — audience divergence,high TVD 0.45>0.35 — audience divergence
252657,luz,2014.0,228,8.076977195037024,6.707024291651852,1.3699529033851725,1.3624861238691857,0.0790374777107543,7.922063738723946,eligible,eligible,eligible,0,moderate_audience_selectivity,borderline_overlap,moderately_sensitive,False,False,2,,0.4290439854621944,0.0008168880863321,0,0,0,0,0,0,niche_but_high_quality,high TVD 0.43>0.35 — audience divergence,high TVD 0.43>0.35 — audience divergence
19056,Square on Sale,2002.0,178,7.902040237077352,6.541796798147786,1.360243438929566,1.3324093100527916,0.0894520905382537,7.726714139622374,eligible,eligible,eligible,0,moderate_audience_selectivity,adequate_overlap,stable_under_exposure_adjustment,False,False,2,,0.3853814583579169,0.0006377459621365,0,0,0,0,0,0,niche_but_high_quality,high TVD 0.39>0.35 — audience divergence,high TVD 0.39>0.35 — audience divergence
165595,JamSumo,2014.0,350,7.736932225470537,6.391270029633581,1.3456621958369557,1.305876950909254,0.0637920375079653,7.611899831954925,eligible,eligible,eligible,0,moderate_audience_selectivity,borderline_overlap,moderately_sensitive,False,False,1,,0.3959111533819939,0.0012504120268856,0,0,0,0,0,0,niche_but_high_quality,high TVD 0.40>0.35 — audience divergence,high TVD 0.40>0.35 — audience divergence
21358,Savage Worlds,2003.0,173,8.245398882021961,6.901853827967456,1.3435450540545055,1.370881992882227,0.0907355433570639,8.067557217042117,eligible,eligible,eligible,0,moderate_audience_selectivity,borderline_overlap,strongly_sensitive,True,False,7,0.6647398843930635,0.057995982717697,0.0006055003797813,0,0,0,0,0,0,niche_but_high_quality,strongly_sensitive — exposure adjustment fragile,strongly_sensitive — exposure adjustment fragile
223952,Boast or Nothing,2017.0,364,7.909245967666622,6.584788598099989,1.324457369566633,1.303772781775602,0.0625532392432612,7.786641618749829,eligible,eligible,eligible,0,moderate_audience_selectivity,adequate_overlap,stable_under_exposure_adjustment,False,False,2,,0.3847023621732027,0.0012898232942086,0,0,0,0,0,0,niche_but_high_quality,high TVD 0.38>0.35 — audience divergence,high TVD 0.38>0.35 — audience divergence
99358,Stonewall Jackson's Way II: Battles of Bull Run,2013.0,324,9.102288001734976,7.816764010063803,1.2855239916711731,1.278249849560627,0.0663022078775108,8.972335674295055,eligible,eligible,eligible,13,high_audience_selectivity,borderline_overlap,strongly_sensitive,False,False,4,0.9722222222222222,0.0930482822441083,0.0010318586353669,0,0,1,1,0,0,niche_but_high_quality,taxonomy high_audience_selectivity — specialist-dependent,"taxonomy high_audience_selectivity — specialist-dependent | note: wargame_duel (Wargame & max≤2, 1153 7.8% pop, spec 0.906, insufficient 47.7% vs Euro 21.5% — doubly niche monitor); ecosystem max_eco 13 (Game: Catan 40 Unlock 47 etc., 2740 Game: 18.6% — borderline not hard unless link corroborates)"
4688,Angola,1988.0,540,8.532192604514535,7.256964832903307,1.2752277716112277,1.1921475751620498,0.0513574693852763,8.431531964519394,eligible,eligible,eligible,16,moderate_audience_selectivity,borderline_overlap,strongly_sensitive,False,False,4,0.9666666666666668,0.1302838973816299,0.0018809923040543,0,0,0,0,0,0,niche_but_high_quality,high spec 0.97>0.95 (q75 0.96) — specialist,"high spec 0.97>0.95 (q75 0.96) — specialist | note: ecosystem max_eco 16 (Game: Catan 40 Unlock 47 etc., 2740 Game: 18.6% — borderline not hard unless link corroborates)"
156455,Viticulture: Complete Collector's Edition,2014.0,806,8.61001314486082,7.343879450448789,1.2661336944120318,1.3293493181245992,0.0420371219808986,8.52762038577826,eligible,borderline,borderline,3,high_audience_selectivity,borderline_overlap,moderately_sensitive,False,True,7,0.9069478908188584,0.1497719959019865,0.0028841881995499,0,0,0,0,0,1,niche_but_high_quality,"specialist concentration spec 0.91>0.90 (q75 0.96, tuned 0.90 was ~60th percentile — now general q75-based) + niche_drop — highly specialized","specialist concentration spec 0.91>0.90 (q75 0.96, tuned 0.90 was ~60th percentile — now general q75-based) + niche_drop — highly specialized | note: edition_title (title pattern 55/532 10.3% pool vs 501/14698 3.41% pop, per-pattern n<50 below gate, niche enriched — monitoring); borderline eligibility (medium/borderline confidence via Game: + title without link — review queue not hard exclude per 6A, 61 total pool borderline)"
238094,Mutabo,2017.0,520,7.750460686574232,6.485623853778924,1.264836832795309,1.24028503179958,0.0523357948050593,7.647882528756315,eligible,eligible,eligible,0,high_audience_selectivity,borderline_overlap,strongly_sensitive,True,False,8,0.7711538461538462,0.1090666508387963,0.0018594952491508,0,0,0,0,0,0,niche_but_high_quality,taxonomy high_audience_selectivity — specialist-dependent,taxonomy high_audience_selectivity — specialist-dependent
209136,Q.E.,2017.0,318,7.994942579540181,6.731045632291844,1.2638969472483377,1.184124440495447,0.0669247774785544,7.863770015682214,eligible,eligible,eligible,0,high_audience_selectivity,borderline_overlap,strongly_sensitive,False,False,2,0.9748427672955976,0.4378159152867559,0.0011357610674004,0,0,0,0,0,0,niche_but_high_quality,taxonomy high_audience_selectivity — specialist-dependent,taxonomy high_audience_selectivity — specialist-dependent
39336,Mégawatts,2008.0,441,8.14642804889953,6.884388720284633,1.2620393286148968,1.130978454255665,0.0568304638950092,8.035040339665311,eligible,eligible,eligible,8,moderate_audience_selectivity,borderline_overlap,moderately_sensitive,False,True,7,0.8775510204081632,0.0852082055361889,0.0015800335354056,0,0,0,0,0,0,niche_but_high_quality,"cross niche_drop without broad support — audience-specific appeal (84.2% solo has_broad vs 86.2% overall, wargame_duel 47.7% insufficient)","cross niche_drop without broad support — audience-specific appeal (84.2% solo has_broad vs 86.2% overall, wargame_duel 47.7% insufficient)"
135508,The Mushroom Eaters,2013.0,183,7.747835638972792,6.517909805883416,1.229925833089376,1.1499401032933791,0.0882216042737541,7.574921294596234,eligible,eligible,eligible,0,moderate_audience_selectivity,adequate_overlap,moderately_sensitive,False,False,2,,0.2328978824998706,0.000655660174556,0,0,0,0,0,0,niche_but_high_quality,propensity delta 0.48>=0.40 — exposure sensitive,propensity delta 0.48>=0.40 — exposure sensitive
394735,Exit: The Game – Advent Calendar: The Missing Hollywood Star,2023.0,339,8.058571903052831,6.85330810418804,1.2052637988647916,1.122892036420618,0.0648187492745028,7.931527154474805,eligible,eligible,eligible,36,high_audience_selectivity,borderline_overlap,strongly_sensitive,False,False,2,0.9587020648967552,0.1649545583546025,0.0012038350745947,0,0,0,0,0,0,niche_but_high_quality,taxonomy high_audience_selectivity — specialist-dependent,"taxonomy high_audience_selectivity — specialist-dependent | note: ecosystem max_eco 36 (Game: Catan 40 Unlock 47 etc., 2740 Game: 18.6% — borderline not hard unless link corroborates)"
70918,Hanabi & Ikebana,2010.0,639,7.888394684409236,6.685828994485679,1.2025656899235573,1.2520016147929551,0.0472117465240715,7.795859661222056,eligible,eligible,eligible,3,high_audience_selectivity,borderline_overlap,strongly_sensitive,True,False,7,0.7949921752738655,0.2727141938470062,0.0022894363472204,0,0,0,0,0,0,niche_but_high_quality,taxonomy high_audience_selectivity — specialist-dependent,taxonomy high_audience_selectivity — specialist-dependent
177877,SiXeS,2016.0,321,7.512032725616253,6.31850775274704,1.1935249728692128,1.1396941451811404,0.0666113107553728,7.381474556535722,eligible,eligible,eligible,17,moderate_audience_selectivity,borderline_overlap,strongly_sensitive,True,False,6,0.8317757009345794,0.1963828934799022,0.0011465095948521,0,0,0,0,0,0,niche_but_high_quality,strongly_sensitive — exposure adjustment fragile,"strongly_sensitive — exposure adjustment fragile | note: ecosystem max_eco 17 (Game: Catan 40 Unlock 47 etc., 2740 Game: 18.6% — borderline not hard unless link corroborates)"
32944,Neue Heimat,2007.0,793,8.019695871968176,6.838833648503222,1.1808622234649544,1.1110542239598864,0.0423802878542377,7.93663050777387,eligible,eligible,eligible,0,high_audience_selectivity,borderline_overlap,strongly_sensitive,False,False,2,0.9861286254728878,0.4014561002384162,0.002841194089743,0,0,0,0,0,0,niche_but_high_quality,taxonomy high_audience_selectivity — specialist-dependent,taxonomy high_audience_selectivity — specialist-dependent
119866,Wings of Glory: WW1 Rules and Accessories Pack,2012.0,591,7.987410740646013,6.80937169070638,1.178039049939633,1.0082021482584675,0.0490915512233661,7.891191300248215,eligible,eligible,eligible,12,moderate_audience_selectivity,insufficient_overlap,insufficient_overlap,False,True,7,0.7597292724196277,0.0928877514245366,0.0020350545308626,0,0,0,0,0,0,niche_but_high_quality,max_weight 9469>2000 + niche_drop + insufficient_overlap — wide SE niche,"max_weight 9469>2000 + niche_drop + insufficient_overlap — wide SE niche | note: ecosystem max_eco 12 (Game: Catan 40 Unlock 47 etc., 2740 Game: 18.6% — borderline not hard unless link corroborates)"
313,Big Boss,1994.0,917,7.675939556188903,6.501926896192344,1.174012659996558,1.110769970981714,0.0394108523891234,7.5986942855062205,eligible,eligible,eligible,0,moderate_audience_selectivity,borderline_overlap,strongly_sensitive,True,False,7,0.9018538713195202,0.2326178055084934,0.0032783008727804,0,0,0,0,0,0,niche_but_high_quality,strongly_sensitive — exposure adjustment fragile,strongly_sensitive — exposure adjustment fragile
215565,Roads to Gettysburg II: Lee Strikes North,2018.0,256,9.231490674317204,8.081622820591562,1.1498678537256417,1.0384853131147356,0.0745899838621996,9.085294305947292,eligible,eligible,eligible,13,high_audience_selectivity,borderline_overlap,moderately_sensitive,False,False,4,0.984375,0.1142674180465774,0.0007953910314286,0,0,1,1,0,0,niche_but_high_quality,taxonomy high_audience_selectivity — specialist-dependent,"taxonomy high_audience_selectivity — specialist-dependent | note: wargame_duel (Wargame & max≤2, 1153 7.8% pop, spec 0.906, insufficient 47.7% vs Euro 21.5% — doubly niche monitor); ecosystem max_eco 13 (Game: Catan 40 Unlock 47 etc., 2740 Game: 18.6% — borderline not hard unless link corroborates)"
225482,Seas of Strife,2015.0,1743,7.877373449368684,6.737501751508804,1.1398716978598804,1.113977259853141,0.028585895535698,7.8213450941187155,borderline,eligible,eligible,0,moderate_audience_selectivity,adequate_overlap,stable_under_exposure_adjustment,False,False,4,,0.3216369135655854,0.0062413116069765,1,0,0,0,0,0,niche_but_high_quality,popular_via_users discordant (n_obs ≤2500 but users_rated >2500) — not hidden via users,"popular_via_users discordant (n_obs ≤2500 but users_rated >2500) — not hidden via users | note: hobby_well_known ref_penetration 0.624% >0.5% (360 eligible 2.95%, max 0.589% wargame, 0% >1% — monitoring)"
332230,Unlock!: Heroic Adventures – Insert Coin,2018.0,229,7.986179980188456,6.859242584856736,1.126937395331721,1.1398400099047574,0.0788647179900584,7.831605132927941,eligible,eligible,eligible,47,moderate_audience_selectivity,borderline_overlap,strongly_sensitive,False,False,2,0.9868995633187772,0.207102669289667,0.0008168880863321,0,0,0,0,0,0,niche_but_high_quality,high spec 0.99>0.95 (q75 0.96) — specialist,"high spec 0.99>0.95 (q75 0.96) — specialist | note: ecosystem max_eco 47 (Game: Catan 40 Unlock 47 etc., 2740 Game: 18.6% — borderline not hard unless link corroborates)"
106113,Manoeuvre: Distant Lands,2017.0,124,8.204750188949733,7.081033918417187,1.1237162705325456,1.2740699256724888,0.1071740526379411,7.994689045779368,eligible,eligible,eligible,0,insufficient_evidence,insufficient_overlap,insufficient_overlap,False,False,2,0.9516129032258064,0.2012567755018096,0.0004406896255213,0,0,1,1,0,0,niche_but_high_quality,spec 0.95>0.95 (q75 0.96) + insufficient_overlap — specialist,"spec 0.95>0.95 (q75 0.96) + insufficient_overlap — specialist | note: wargame_duel (Wargame & max≤2, 1153 7.8% pop, spec 0.906, insufficient 47.7% vs Euro 21.5% — doubly niche monitor)"
256885,The Fantasy Trip: Legacy Edition,2019.0,148,8.534328343536563,7.41137290347223,1.122955440064333,1.0689749592524844,0.0981001424805485,8.342052064274688,eligible,borderline,borderline,3,insufficient_evidence,insufficient_overlap,insufficient_overlap,False,True,6,0.668918918918919,0.2334793331090094,0.0004299410980695,0,0,0,0,0,1,niche_but_high_quality,max_weight 13178>2000 + niche_drop + insufficient_overlap — wide SE niche,"max_weight 13178>2000 + niche_drop + insufficient_overlap — wide SE niche | note: edition_title (title pattern 55/532 10.3% pool vs 501/14698 3.41% pop, per-pattern n<50 below gate, niche enriched — monitoring); borderline eligibility (medium/borderline confidence via Game: + title without link — review queue not hard exclude per 6A, 61 total pool borderline)"
94373,Dien Bien Phu: The Final Gamble,2014.0,256,8.682484796881457,7.56571975988107,1.1167650370003877,1.089317951886942,0.0745899838621996,8.536288428511547,eligible,eligible,eligible,0,high_audience_selectivity,borderline_overlap,moderately_sensitive,False,False,4,0.95703125,0.0973492044702219,0.0007523969216217,0,1,1,1,0,0,niche_but_high_quality,taxonomy high_audience_selectivity — specialist-dependent,"taxonomy high_audience_selectivity — specialist-dependent | note: solo_first (min1 max≤2, 691 4.7% pop, spec 0.901, insufficient 34.4% vs 23% overall, cross 80.5% vs 86.2% — monitoring: general criteria triggered; thresholds not mode-specific); wargame_duel (Wargame & max≤2, 1153 7.8% pop, spec 0.906, insufficient 47.7% vs Euro 21.5% — doubly niche monitor)"
355200,Marvel Zombies: X-Men Resistance,2023.0,589,8.532018679537533,7.417763843133855,1.1142548364036775,1.0151855546789434,0.0491748278756309,8.435636016901297,eligible,eligible,eligible,14,moderate_audience_selectivity,adequate_overlap,stable_under_exposure_adjustment,False,True,7,0.8624787775891342,0.1085904231399561,0.0020887971681213,0,0,0,0,0,0,niche_but_high_quality,"cross niche_drop without broad support — audience-specific appeal (84.2% solo has_broad vs 86.2% overall, wargame_duel 47.7% insufficient)","cross niche_drop without broad support — audience-specific appeal (84.2% solo has_broad vs 86.2% overall, wargame_duel 47.7% insufficient) | note: ecosystem max_eco 14 (Game: Catan 40 Unlock 47 etc., 2740 Game: 18.6% — borderline not hard unless link corroborates)"
4292,The Sword and the Flame,1979.0,116,7.609255982380128,6.499031969711913,1.1102240126682157,1.0528458213505338,0.1108080982232961,7.392072109862467,eligible,eligible,eligible,1,insufficient_evidence,insufficient_overlap,insufficient_overlap,False,False,2,0.9655172413793104,0.1461261982258176,0.0003475357209395,0,0,0,0,0,0,niche_but_high_quality,spec 0.97>0.95 (q75 0.96) + insufficient_overlap — specialist,spec 0.97>0.95 (q75 0.96) + insufficient_overlap — specialist
102151,Colorado Midland,2011.0,149,7.728605550899646,6.623875188699579,1.1047303622000673,0.9684979007224914,0.0977703931694625,7.5369755802875,eligible,eligible,eligible,33,insufficient_evidence,insufficient_overlap,insufficient_overlap,False,False,2,1.0,0.4366973470540937,0.000533843530103,0,0,0,0,0,0,niche_but_high_quality,spec 1.00>0.95 (q75 0.96) + insufficient_overlap — specialist,"spec 1.00>0.95 (q75 0.96) + insufficient_overlap — specialist | note: ecosystem max_eco 33 (Game: Catan 40 Unlock 47 etc., 2740 Game: 18.6% — borderline not hard unless link corroborates)"
377704,Tales of the Arthurian Knights,2024.0,164,8.360316616574263,7.275723251770918,1.0845933648033448,1.05160430578605,0.0931919870317611,8.177660321992011,eligible,eligible,eligible,0,moderate_audience_selectivity,borderline_overlap,strongly_sensitive,False,False,2,0.9207317073170732,0.2156100958657226,0.0005875861673617,0,0,0,0,0,0,niche_but_high_quality,strongly_sensitive — exposure adjustment fragile,strongly_sensitive — exposure adjustment fragile
34098,Guelphs and Ghibellines,2009.0,114,8.129029668387597,7.044679731591845,1.0843499367957516,0.9304614268957234,0.11177587291431,7.909948957475549,eligible,eligible,eligible,1,insufficient_evidence,insufficient_overlap,insufficient_overlap,False,False,2,0.9824561403508772,0.1056841201648896,0.0003475357209395,0,0,1,1,0,0,niche_but_high_quality,spec 0.98>0.95 (q75 0.96) + insufficient_overlap — specialist,"spec 0.98>0.95 (q75 0.96) + insufficient_overlap — specialist | note: wargame_duel (Wargame & max≤2, 1153 7.8% pop, spec 0.906, insufficient 47.7% vs Euro 21.5% — doubly niche monitor)"
125943,Corporate America,2013.0,482,7.561106249489165,6.477635794569359,1.083470454919806,1.0521539006346758,0.0543596906677563,7.454561255780362,eligible,eligible,eligible,0,moderate_audience_selectivity,borderline_overlap,strongly_sensitive,True,False,7,0.8879668049792531,0.1667232458538374,0.0017197643922782,0,0,0,0,0,0,niche_but_high_quality,strongly_sensitive — exposure adjustment fragile,strongly_sensitive — exposure adjustment fragile
282391,Stockpile: Epic Edition,2019.0,981,8.271465602702026,7.191002432296713,1.080463170405313,0.9898602053525244,0.038103598483966,8.196782549673452,eligible,borderline,borderline,2,high_audience_selectivity,borderline_overlap,moderately_sensitive,False,True,7,0.9051987767584098,0.1534164783592415,0.0035111856342347,0,0,0,0,0,1,niche_but_high_quality,"specialist concentration spec 0.91>0.90 (q75 0.96, tuned 0.90 was ~60th percentile — now general q75-based) + niche_drop — highly specialized","specialist concentration spec 0.91>0.90 (q75 0.96, tuned 0.90 was ~60th percentile — now general q75-based) + niche_drop — highly specialized | note: edition_title (title pattern 55/532 10.3% pool vs 501/14698 3.41% pop, per-pattern n<50 below gate, niche enriched — monitoring); borderline eligibility (medium/borderline confidence via Game: + title without link — review queue not hard exclude per 6A, 61 total pool borderline)"
199182,Commands & Colors Tricorne: The American Revolution,2017.0,302,8.498585846053697,7.425289789935528,1.0732960561181688,0.9592959211429016,0.068674740078298,8.363983355500233,eligible,eligible,eligible,13,moderate_audience_selectivity,borderline_overlap,strongly_sensitive,False,False,4,0.9304635761589404,0.0874199612327592,0.0010211101079152,0,0,1,1,0,0,niche_but_high_quality,strongly_sensitive — exposure adjustment fragile,"strongly_sensitive — exposure adjustment fragile | note: wargame_duel (Wargame & max≤2, 1153 7.8% pop, spec 0.906, insufficient 47.7% vs Euro 21.5% — doubly niche monitor); ecosystem max_eco 13 (Game: Catan 40 Unlock 47 etc., 2740 Game: 18.6% — borderline not hard unless link corroborates)"
104,Extrablatt,1991.0,271,7.673941023344246,6.60356025421545,1.0703807691287954,1.0125405157965437,0.0724963014019341,7.531848272596455,eligible,eligible,eligible,0,moderate_audience_selectivity,borderline_overlap,moderately_sensitive,False,False,2,,0.4421209583371864,0.0009673674706565,0,0,0,0,0,0,niche_but_high_quality,high TVD 0.44>0.35 — audience divergence,high TVD 0.44>0.35 — audience divergence
219650,Arydia: The Paths We Dare Tread,2025.0,637,9.388250917291272,8.322519916628782,1.06573100066249,1.054380880143098,0.0472858042111986,9.295570741037322,eligible,eligible,eligible,1,moderate_audience_selectivity,adequate_overlap,moderately_sensitive,False,False,7,0.8885400313971743,0.0765915023509126,0.002264356449833,0,0,0,0,0,0,niche_but_high_quality,popular_via_users discordant (n_obs ≤2500 but users_rated >2500) — not hidden via users,popular_via_users discordant (n_obs ≤2500 but users_rated >2500) — not hidden via users
338980,Mega Empires: The East,2021.0,170,8.874480262307921,7.812879036644125,1.0616012256637966,1.2713880410501304,0.091532649825596,8.695076268649753,eligible,eligible,eligible,4,moderate_audience_selectivity,borderline_overlap,strongly_sensitive,True,False,5,0.7352941176470589,0.106163319301788,0.0006055003797813,0,0,0,0,0,0,niche_but_high_quality,strongly_sensitive — exposure adjustment fragile,strongly_sensitive — exposure adjustment fragile
38877,No Retreat!: The Russian Front 1941-1944,2008.0,189,8.1229458153777,7.062027741856376,1.0609180735213233,1.0837731066313268,0.0868099675261116,7.952798279026521,eligible,eligible,eligible,5,moderate_audience_selectivity,borderline_overlap,strongly_sensitive,False,False,4,0.9788359788359788,0.1031352981401491,0.0006377459621365,0,0,1,1,0,0,niche_but_high_quality,high spec 0.98>0.95 (q75 0.96) — specialist,"high spec 0.98>0.95 (q75 0.96) — specialist | note: wargame_duel (Wargame & max≤2, 1153 7.8% pop, spec 0.906, insufficient 47.7% vs Euro 21.5% — doubly niche monitor)"
284777,Unmatched: Jurassic Park – InGen vs Raptors,2020.0,2488,8.235595866848483,7.177021857724913,1.0585740091235696,1.059648902322797,0.0239262869982826,8.18870034433185,borderline,eligible,eligible,18,moderate_audience_selectivity,borderline_overlap,stable_under_exposure_adjustment,False,False,4,,0.0796010193327511,0.0087779640855869,1,0,1,0,1,0,niche_but_high_quality,popular_via_users discordant (n_obs ≤2500 but users_rated >2500) — not hidden via users,"popular_via_users discordant (n_obs ≤2500 but users_rated >2500) — not hidden via users | note: euro_duel (max≤2 Euro not wargame not solo, 1402 7.3% pop spec 0.833 insufficient 21.5% vs wargame 47.7% — broader than wargame, monitor); ecosystem max_eco 18 (Game: Catan 40 Unlock 47 etc., 2740 Game: 18.6% — borderline not hard unless link corroborates); hobby_well_known ref_penetration 0.878% >0.5% (360 eligible 2.95%, max 0.589% wargame, 0% >1% — monitoring)"
371433,Terrorscape,2023.0,1384,8.441678293544387,7.390620336814745,1.0510579567296414,0.9744947762657504,0.0320798590012129,8.37880176990201,eligible,eligible,eligible,1,low_audience_selectivity,borderline_overlap,stable_under_exposure_adjustment,False,False,4,,0.0407555399516902,0.0049192427304126,0,0,0,0,0,0,niche_but_high_quality,popular_via_users discordant (n_obs ≤2500 but users_rated >2500) — not hidden via users,popular_via_users discordant (n_obs ≤2500 but users_rated >2500) — not hidden via users
75360,Texas & Pacific,2010.0,223,7.842798267900666,6.808471074119417,1.034327193781249,0.796460017723958,0.0799186362394187,7.686157740871406,eligible,eligible,eligible,33,high_audience_selectivity,borderline_overlap,moderately_sensitive,False,False,2,0.9820627802690582,0.3937202501148575,0.0007989738739126,0,0,0,0,0,0,niche_but_high_quality,taxonomy high_audience_selectivity — specialist-dependent,"taxonomy high_audience_selectivity — specialist-dependent | note: ecosystem max_eco 33 (Game: Catan 40 Unlock 47 etc., 2740 Game: 18.6% — borderline not hard unless link corroborates)"
364766,MicroMacro: Crime City – All In,2022.0,1234,8.135560036297067,7.102300365277992,1.0332596710190742,0.904982459580676,0.0339737053591684,8.068971573793096,eligible,eligible,eligible,4,moderate_audience_selectivity,borderline_overlap,moderately_sensitive,False,True,7,0.905996758508914,0.0731646225151914,0.0043997305702452,0,0,0,0,0,0,niche_but_high_quality,"specialist concentration spec 0.91>0.90 (q75 0.96, tuned 0.90 was ~60th percentile — now general q75-based) + niche_drop — highly specialized","specialist concentration spec 0.91>0.90 (q75 0.96, tuned 0.90 was ~60th percentile — now general q75-based) + niche_drop — highly specialized"
36424,"Gulf, Mobile & Ohio",2008.0,525,8.011867937577522,6.979980641435676,1.0318872961418464,0.8688520640211514,0.0520859805156669,7.909779415766815,eligible,eligible,eligible,33,high_audience_selectivity,borderline_overlap,strongly_sensitive,False,False,2,0.9904761904761904,0.3378159152867558,0.0018809923040543,0,0,0,0,0,0,niche_but_high_quality,taxonomy high_audience_selectivity — specialist-dependent,"taxonomy high_audience_selectivity — specialist-dependent | note: ecosystem max_eco 33 (Game: Catan 40 Unlock 47 etc., 2740 Game: 18.6% — borderline not hard unless link corroborates)"
355997,Thunder Road: Vendetta – Maximum Chrome,2023.0,1069,8.909782794046846,7.888415469997746,1.0213673240491,1.4494619576164656,0.0365015782850868,8.838239700608076,eligible,eligible,eligible,0,moderate_audience_selectivity,borderline_overlap,stable_under_exposure_adjustment,False,False,4,,0.0489291565366897,0.0038157272453673,0,0,0,0,0,0,niche_but_high_quality,popular_via_users discordant (n_obs ≤2500 but users_rated >2500) — not hidden via users,popular_via_users discordant (n_obs ≤2500 but users_rated >2500) — not hidden via users
324344,Twinkle Starship,2020.0,264,7.955937487615062,6.941540184833389,1.0143973027816724,0.9956105419375252,0.0734511386057802,7.811973255947732,eligible,eligible,eligible,0,moderate_audience_selectivity,adequate_overlap,stable_under_exposure_adjustment,False,False,2,,0.4681189455897861,0.0009243733608495,0,0,0,0,0,0,niche_but_high_quality,high TVD 0.47>0.35 — audience divergence,high TVD 0.47>0.35 — audience divergence
278292,Anachrony: Infinity Box,2020.0,1489,9.221992333350164,8.209449765547046,1.01254256780312,1.1008639058531955,0.0309280933113223,9.161373270459972,eligible,hard_exclude,high,3,moderate_audience_selectivity,borderline_overlap,moderately_sensitive,True,False,7,0.8623237071860309,0.0695499854923844,0.0053348524585465,1,0,0,0,0,0,excluded_not_eligible,"hard_exclude high confidence via deterministic game_links/contained_in/version + Game:/Series: + designer/year/weight — binding per 6A (e.g., contained_in target of 185343 (Anachrony) via game_links contained_in + families ['Game: Anachrony'] + title 'Anachrony:)","hard_exclude high confidence via deterministic game_links/contained_in/version + Game:/Series: + designer/year/weight — binding per 6A (e.g., contained_in target of 185343 (Anachrony) via game_links contained_in + families ['Game: Anachrony'] + title 'Anachrony:) | note: hobby_well_known ref_penetration 0.533% >0.5% (360 eligible 2.95%, max 0.589% wargame, 0% >1% — monitoring)"
200247,Austerlitz 1805: Rising Eagles,2016.0,255,8.599361732565319,7.596228009433343,1.0031337231319757,0.8035908126885953,0.0747360956258539,8.452878985138645,eligible,eligible,eligible,4,high_audience_selectivity,borderline_overlap,moderately_sensitive,False,False,3,0.9607843137254902,0.1696071701564964,0.0007523969216217,0,0,0,0,0,0,niche_but_high_quality,taxonomy high_audience_selectivity — specialist-dependent,taxonomy high_audience_selectivity — specialist-dependent
367432,On to Richmond II: The Union Strikes South,2023.0,102,9.49558070485074,8.497220357704096,0.9983603471466438,0.995714584001176,0.1181681428029229,9.263971144957011,eligible,eligible,eligible,13,insufficient_evidence,insufficient_overlap,insufficient_overlap,False,False,1,0.9705882352941176,0.1323522681957121,0.0002937930836808,0,1,1,1,0,0,niche_but_high_quality,spec 0.97>0.95 (q75 0.96) + insufficient_overlap — specialist,"spec 0.97>0.95 (q75 0.96) + insufficient_overlap — specialist | note: solo_first (min1 max≤2, 691 4.7% pop, spec 0.901, insufficient 34.4% vs 23% overall, cross 80.5% vs 86.2% — monitoring: general criteria triggered; thresholds not mode-specific); wargame_duel (Wargame & max≤2, 1153 7.8% pop, spec 0.906, insufficient 47.7% vs Euro 21.5% — doubly niche monitor); ecosystem max_eco 13 (Game: Catan 40 Unlock 47 etc., 2740 Game: 18.6% — borderline not hard unless link corroborates)"
424809,Joyride: Turbo,2024.0,153,8.665376560976457,7.66917352747422,0.9962030335022368,0.9895973137909166,0.0964838845731658,8.476268147213052,eligible,eligible,eligible,2,moderate_audience_selectivity,adequate_overlap,moderately_sensitive,False,False,2,,0.0753866833549329,0.0005481749000386,0,0,0,0,0,0,niche_but_high_quality,propensity delta 0.45>=0.40 — exposure sensitive,propensity delta 0.45>=0.40 — exposure sensitive
369258,Isle of Skye: Big Box,2022.0,353,8.223449131645932,7.23189824340324,0.991550888242692,0.992830218634003,0.0635203881368363,8.098949170897733,eligible,borderline,borderline,2,high_audience_selectivity,borderline_overlap,moderately_sensitive,False,True,7,0.8725212464589235,0.1103017339150472,0.0012647433968213,0,0,0,0,0,1,niche_but_high_quality,taxonomy high_audience_selectivity — specialist-dependent,"taxonomy high_audience_selectivity — specialist-dependent | note: edition_title (title pattern 55/532 10.3% pool vs 501/14698 3.41% pop, per-pattern n<50 below gate, niche enriched — monitoring); borderline eligibility (medium/borderline confidence via Game: + title without link — review queue not hard exclude per 6A, 61 total pool borderline)"
31790,"Crusade and Revolution: The Spanish Civil War, 1936-1939",2013.0,543,8.81321505612216,7.823431726951108,0.9897833291710524,0.9525274857357324,0.0512154014246387,8.71283286932987,eligible,eligible,eligible,0,moderate_audience_selectivity,borderline_overlap,strongly_sensitive,True,False,7,0.9355432780847146,0.0969823191111058,0.001852329564183,0,0,1,1,0,0,niche_but_high_quality,strongly_sensitive — exposure adjustment fragile,"strongly_sensitive — exposure adjustment fragile | note: wargame_duel (Wargame & max≤2, 1153 7.8% pop, spec 0.906, insufficient 47.7% vs Euro 21.5% — doubly niche monitor)"
375769,Lords of Vegas,2024.0,191,8.493834743090343,7.504576149757463,0.9892585933328792,0.955911118693706,0.0863542690109747,8.324580375828832,eligible,eligible,eligible,2,high_audience_selectivity,borderline_overlap,moderately_sensitive,True,False,5,0.8481675392670157,0.134834171254168,0.0006843229144273,0,0,0,0,0,0,niche_but_high_quality,taxonomy high_audience_selectivity — specialist-dependent,taxonomy high_audience_selectivity — specialist-dependent
252526,Pictomania (Second Edition),2018.0,2397,7.963980904151993,6.988191621599205,0.975789282552788,0.9782158233565807,0.0243762266235755,7.916203499969785,borderline,borderline,borderline,0,moderate_audience_selectivity,borderline_overlap,moderately_sensitive,True,False,7,0.8172715894868585,0.1048191961347009,0.0085880734339395,1,0,0,0,0,1,niche_but_high_quality,popular_via_users discordant (n_obs ≤2500 but users_rated >2500) — not hidden via users,"popular_via_users discordant (n_obs ≤2500 but users_rated >2500) — not hidden via users | note: edition_title (title pattern 55/532 10.3% pool vs 501/14698 3.41% pop, per-pattern n<50 below gate, niche enriched — monitoring); borderline eligibility (medium/borderline confidence via Game: + title without link — review queue not hard exclude per 6A, 61 total pool borderline); hobby_well_known ref_penetration 0.859% >0.5% (360 eligible 2.95%, max 0.589% wargame, 0% >1% — monitoring)"
4205,On to Richmond!,1998.0,225,8.29678950818097,7.321940338042886,0.974849170138084,0.9457242818275802,0.079562649453013,8.140846715253064,eligible,eligible,eligible,13,high_audience_selectivity,borderline_overlap,strongly_sensitive,False,False,4,0.9955555555555556,0.062795759202432,0.0006484944895882,0,0,1,1,0,0,niche_but_high_quality,taxonomy high_audience_selectivity — specialist-dependent,"taxonomy high_audience_selectivity — specialist-dependent | note: wargame_duel (Wargame & max≤2, 1153 7.8% pop, spec 0.906, insufficient 47.7% vs Euro 21.5% — doubly niche monitor); ecosystem max_eco 13 (Game: Catan 40 Unlock 47 etc., 2740 Game: 18.6% — borderline not hard unless link corroborates)"
204801,Kneipenquiz: Das Original,2016.0,1026,7.699227660514548,6.731013750892407,0.9682139096221416,0.9496618147310834,0.03725862430477,7.626200756877199,eligible,eligible,eligible,1,high_audience_selectivity,borderline_overlap,strongly_sensitive,True,False,8,0.7270955165692008,0.1012160946490426,0.0036759963884947,0,0,0,0,0,0,niche_but_high_quality,taxonomy high_audience_selectivity — specialist-dependent,taxonomy high_audience_selectivity — specialist-dependent
374400,Unlock!: Extraordinary Adventures,2022.0,463,8.005167219596279,7.037436407258534,0.967730812337745,0.8933539373883939,0.0554638484265306,7.896458076680279,eligible,eligible,eligible,47,high_audience_selectivity,borderline_overlap,strongly_sensitive,False,False,2,0.9827213822894167,0.2329923011758847,0.001644524700116,0,0,0,0,0,0,niche_but_high_quality,taxonomy high_audience_selectivity — specialist-dependent,"taxonomy high_audience_selectivity — specialist-dependent | note: ecosystem max_eco 47 (Game: Catan 40 Unlock 47 etc., 2740 Game: 18.6% — borderline not hard unless link corroborates)"
327778,ito,2019.0,979,7.710958899393944,6.743503480928933,0.9674554184650112,0.9596759339453342,0.0381424995645252,7.636199600247474,eligible,eligible,eligible,0,moderate_audience_selectivity,borderline_overlap,moderately_sensitive,True,False,7,0.8437180796731358,0.1907951457940762,0.0035040199492669,0,0,0,0,0,0,niche_but_high_quality,popular_via_users discordant (n_obs ≤2500 but users_rated >2500) — not hidden via users,popular_via_users discordant (n_obs ≤2500 but users_rated >2500) — not hidden via users
101865,Saga,2011.0,328,8.046061591445465,7.080918561736153,0.9651430297093118,0.9987101173418296,0.0658966859824071,7.916904086919947,eligible,eligible,eligible,2,moderate_audience_selectivity,borderline_overlap,strongly_sensitive,False,False,7,0.8140243902439024,0.1075435642263194,0.0011285953824326,0,0,0,0,0,0,niche_but_high_quality,strongly_sensitive — exposure adjustment fragile,strongly_sensitive — exposure adjustment fragile
1796,Pampas Railroads,2001.0,240,7.888392436136963,6.923607390317548,0.9647850458194148,0.9108996721869058,0.0770362040779144,7.73740147614425,eligible,eligible,eligible,33,high_audience_selectivity,borderline_overlap,strongly_sensitive,False,False,2,0.9875,0.3669825819534225,0.0008562993536552,0,0,0,0,0,0,niche_but_high_quality,taxonomy high_audience_selectivity — specialist-dependent,"taxonomy high_audience_selectivity — specialist-dependent | note: ecosystem max_eco 33 (Game: Catan 40 Unlock 47 etc., 2740 Game: 18.6% — borderline not hard unless link corroborates)"
266722,Rumble Nation,2017.0,1228,7.966968553280943,7.012101864861181,0.954866688419762,0.8990120021508341,0.034056601876122,7.900217613603744,eligible,eligible,eligible,0,moderate_audience_selectivity,adequate_overlap,stable_under_exposure_adjustment,False,False,4,,0.2022024516602629,0.0043889820427934,0,0,0,0,0,0,niche_but_high_quality,popular_via_users discordant (n_obs ≤2500 but users_rated >2500) — not hidden via users,popular_via_users discordant (n_obs ≤2500 but users_rated >2500) — not hidden via users
83325,Lost Battles: Forty Battles & Campaigns of the Ancient World,2011.0,193,8.212230891818116,7.260567883874497,0.951663007943619,0.9256260861866464,0.0859056723713636,8.043855773970243,eligible,borderline,borderline,0,moderate_audience_selectivity,borderline_overlap,strongly_sensitive,False,False,4,0.932642487046632,0.0847949741003433,0.0006341631196526,0,0,0,0,0,0,niche_but_high_quality,strongly_sensitive — exposure adjustment fragile,"strongly_sensitive — exposure adjustment fragile | note: borderline eligibility (medium/borderline confidence via Game: + title without link — review queue not hard exclude per 6A, 61 total pool borderline)"
286428,"Wits & Wagers: It's Vegas, Baby!",2019.0,1026,7.676242203785407,6.735447827874653,0.9407943759107537,0.8701301795599417,0.03725862430477,7.603215300148057,eligible,eligible,eligible,4,high_audience_selectivity,borderline_overlap,moderately_sensitive,True,False,7,0.8109161793372319,0.0700270108283799,0.0036544993335912,0,0,0,0,0,0,niche_but_high_quality,taxonomy high_audience_selectivity — specialist-dependent,taxonomy high_audience_selectivity — specialist-dependent
408381,War Story: Occupied France,2024.0,183,8.461611204652554,7.521530662410493,0.9400805422420612,0.9269997743484916,0.0882216042737541,8.288696860275996,eligible,eligible,eligible,0,moderate_audience_selectivity,borderline_overlap,strongly_sensitive,True,False,7,0.8469945355191257,0.1108904732237549,0.0006413288046204,0,0,0,0,0,0,niche_but_high_quality,strongly_sensitive — exposure adjustment fragile,strongly_sensitive — exposure adjustment fragile
347218,Dickory,2021.0,160,7.999754134752189,7.06201639587418,0.9377377388780096,0.9591182155779484,0.0943496958559016,7.8148287308746225,eligible,eligible,eligible,0,moderate_audience_selectivity,adequate_overlap,moderately_sensitive,False,False,2,,0.4357325819534225,0.000573254797426,0,0,1,0,1,0,niche_but_high_quality,high TVD 0.44>0.35 — audience divergence,"high TVD 0.44>0.35 — audience divergence | note: euro_duel (max≤2 Euro not wargame not solo, 1402 7.3% pop spec 0.833 insufficient 21.5% vs wargame 47.7% — broader than wargame, monitor)"
292811,American Bookshop,2019.0,537,7.859503837967489,6.922024001760073,0.937479836207416,0.9171318472697384,0.0515007262029792,7.75856241460965,eligible,eligible,eligible,0,moderate_audience_selectivity,borderline_overlap,moderately_sensitive,False,False,2,,0.3810188948025845,0.0019204035713773,0,0,0,0,0,0,niche_but_high_quality,high TVD 0.38>0.35 — audience divergence,high TVD 0.38>0.35 — audience divergence
343322,Exit: The Game – Advent Calendar: The Hunt for the Golden Book,2021.0,830,8.012458357635548,7.077424826589805,0.9350335310457432,0.9037994564990406,0.0414248981835015,7.931265557195886,eligible,borderline,borderline,36,moderate_audience_selectivity,borderline_overlap,moderately_sensitive,False,True,7,0.933734939759036,0.1344561419153203,0.0029450965217765,0,0,0,0,0,0,niche_but_high_quality,"specialist concentration spec 0.93>0.90 (q75 0.96, tuned 0.90 was ~60th percentile — now general q75-based) + niche_drop — highly specialized","specialist concentration spec 0.93>0.90 (q75 0.96, tuned 0.90 was ~60th percentile — now general q75-based) + niche_drop — highly specialized | note: borderline eligibility (medium/borderline confidence via Game: + title without link — review queue not hard exclude per 6A, 61 total pool borderline); ecosystem max_eco 36 (Game: Catan 40 Unlock 47 etc., 2740 Game: 18.6% — borderline not hard unless link corroborates)"
283474,Star Wars: Legion – Clone Wars Core Set,2019.0,238,8.37609630176314,7.445921183888839,0.9301751178743008,0.9582550701902974,0.0773592084466779,8.22447225320765,eligible,eligible,eligible,2,moderate_audience_selectivity,borderline_overlap,strongly_sensitive,True,False,6,0.5504201680672269,0.1799713158147597,0.0008491336686873,0,0,1,1,0,0,niche_but_high_quality,strongly_sensitive — exposure adjustment fragile,"strongly_sensitive — exposure adjustment fragile | note: wargame_duel (Wargame & max≤2, 1153 7.8% pop, spec 0.906, insufficient 47.7% vs Euro 21.5% — doubly niche monitor)"
153480,Scharfe Schoten,2014.0,367,7.678599050054305,6.750705732272312,0.9278933177819928,0.933491714533857,0.062297047425807,7.556496837099723,eligible,eligible,eligible,0,moderate_audience_selectivity,borderline_overlap,moderately_sensitive,False,False,2,,0.4437196391741309,0.0013113203491121,0,0,0,0,0,0,niche_but_high_quality,high TVD 0.44>0.35 — audience divergence,high TVD 0.44>0.35 — audience divergence
324320,Planet etuC,2020.0,280,7.681839148849474,6.754615489907055,0.9272236589424194,0.9041898637263204,0.0713216661455134,7.542048683204268,eligible,eligible,eligible,0,moderate_audience_selectivity,adequate_overlap,stable_under_exposure_adjustment,False,False,2,,0.425911153381994,0.0009816988405921,0,0,0,0,0,0,niche_but_high_quality,high TVD 0.43>0.35 — audience divergence,high TVD 0.43>0.35 — audience divergence
378,Lancashire Railways,1998.0,120,7.566311807781945,6.639453611436473,0.9268581963454724,0.8735761739046399,0.1089456446007282,7.352778344364518,eligible,eligible,eligible,2,insufficient_evidence,insufficient_overlap,insufficient_overlap,False,False,2,0.9916666666666668,0.4378159152867559,0.0004299410980695,0,0,0,0,0,0,niche_but_high_quality,spec 0.99>0.95 (q75 0.96) + insufficient_overlap — specialist,spec 0.99>0.95 (q75 0.96) + insufficient_overlap — specialist
7662,Bar-Lev: The Yom-Kippur War of 1973,1974.0,115,7.679248551361279,6.754042747761092,0.9252058036001864,0.8000422212364073,0.1112888297569097,7.461122445037736,eligible,eligible,eligible,0,insufficient_evidence,insufficient_overlap,insufficient_overlap,False,False,2,0.982608695652174,0.0467957943792938,0.0003224558235521,0,0,0,0,0,0,niche_but_high_quality,spec 0.98>0.95 (q75 0.96) + insufficient_overlap — specialist,spec 0.98>0.95 (q75 0.96) + insufficient_overlap — specialist
163172,Waterloo 1815: Fallen Eagles,2015.0,195,8.34809555913361,7.427919204437897,0.9201763546957124,0.7392669071363507,0.0854639950369319,8.180586128861222,eligible,eligible,eligible,4,high_audience_selectivity,borderline_overlap,moderately_sensitive,False,False,3,0.958974358974359,0.1382346211368885,0.0005875861673617,0,0,0,0,0,0,niche_but_high_quality,taxonomy high_audience_selectivity — specialist-dependent,taxonomy high_audience_selectivity — specialist-dependent
374866,Robotrick,2020.0,547,8.195177911801768,7.278205051369676,0.9169728604320913,0.9211040041342252,0.0510277985911665,8.095163426563081,eligible,eligible,eligible,0,moderate_audience_selectivity,borderline_overlap,moderately_sensitive,False,False,2,,0.3595100042568959,0.0019598148387004,0,0,0,0,0,0,niche_but_high_quality,high TVD 0.36>0.35 — audience divergence,high TVD 0.36>0.35 — audience divergence
27817,Marne 1918: Friedensturm,2006.0,123,8.225838398197409,7.309796532674467,0.916041865522942,0.8926502024699499,0.1076088375982068,8.014925076504923,eligible,borderline,borderline,0,insufficient_evidence,insufficient_overlap,insufficient_overlap,False,False,3,0.967479674796748,0.0953655138903749,0.0003511185634234,0,0,1,1,0,0,niche_but_high_quality,spec 0.97>0.95 (q75 0.96) + insufficient_overlap — specialist,"spec 0.97>0.95 (q75 0.96) + insufficient_overlap — specialist | note: wargame_duel (Wargame & max≤2, 1153 7.8% pop, spec 0.906, insufficient 47.7% vs Euro 21.5% — doubly niche monitor); borderline eligibility (medium/borderline confidence via Game: + title without link — review queue not hard exclude per 6A, 61 total pool borderline)"
327913,Unlock!: Timeless Adventures – Arsène Lupin und der große weiße Diamant,2019.0,138,7.835265364359108,6.922909371226407,0.9123559931327012,0.938799729123776,0.1015923374270194,7.63614438300215,eligible,eligible,eligible,47,insufficient_evidence,insufficient_overlap,insufficient_overlap,False,False,1,0.9710144927536232,0.2409459279974402,0.0004944322627799,0,0,0,0,0,0,niche_but_high_quality,spec 0.97>0.95 (q75 0.96) + insufficient_overlap — specialist,"spec 0.97>0.95 (q75 0.96) + insufficient_overlap — specialist | note: ecosystem max_eco 47 (Game: Catan 40 Unlock 47 etc., 2740 Game: 18.6% — borderline not hard unless link corroborates)"
27266,Silent Death: The Next Millennium Deluxe Edition,1995.0,194,7.654605691481128,6.744215410581253,0.9103902808998754,0.8508840650600806,0.0856839799440507,7.486665090790789,eligible,borderline,borderline,2,moderate_audience_selectivity,borderline_overlap,strongly_sensitive,True,False,6,0.8298969072164949,0.114395526404928,0.0006592430170399,0,0,0,0,0,1,niche_but_high_quality,strongly_sensitive — exposure adjustment fragile,"strongly_sensitive — exposure adjustment fragile | note: edition_title (title pattern 55/532 10.3% pool vs 501/14698 3.41% pop, per-pattern n<50 below gate, niche enriched — monitoring); borderline eligibility (medium/borderline confidence via Game: + title without link — review queue not hard exclude per 6A, 61 total pool borderline)"
67199,The Coming Storm: Quadrigame of the Fourth Coalition October 1806 - June 1807,2010.0,132,8.216467481879732,7.309230601725922,0.9072368801538104,0.7827649574571804,0.1038755963880404,8.012871312959174,eligible,eligible,eligible,7,insufficient_evidence,insufficient_overlap,insufficient_overlap,False,False,2,0.9924242424242424,0.0509184254063439,0.0003905298307465,0,0,1,1,0,0,niche_but_high_quality,spec 0.99>0.95 (q75 0.96) + insufficient_overlap — specialist,"spec 0.99>0.95 (q75 0.96) + insufficient_overlap — specialist | note: wargame_duel (Wargame & max≤2, 1153 7.8% pop, spec 0.906, insufficient 47.7% vs Euro 21.5% — doubly niche monitor)"
155,Was sticht?,1993.0,683,7.534872568565166,6.6352441163953735,0.8996284521697921,0.883116304790371,0.0456657026036423,7.445367791462027,eligible,eligible,eligible,0,moderate_audience_selectivity,adequate_overlap,stable_under_exposure_adjustment,False,False,2,,0.4068251881027637,0.0024434985740286,0,0,0,0,0,0,niche_but_high_quality,high TVD 0.41>0.35 — audience divergence,high TVD 0.41>0.35 — audience divergence
341008,Unlock!: Heroic Adventures – Sherlock Holmes: Der scharlachrote Faden,2018.0,181,7.655709413702183,6.761561863689884,0.8941475500122991,0.9139458559179392,0.0887076773975098,7.481842366003064,eligible,eligible,eligible,47,moderate_audience_selectivity,borderline_overlap,strongly_sensitive,False,False,2,0.9668508287292816,0.2011676648263507,0.0006484944895882,0,0,0,0,0,0,niche_but_high_quality,high spec 0.97>0.95 (q75 0.96) — specialist,"high spec 0.97>0.95 (q75 0.96) — specialist | note: ecosystem max_eco 47 (Game: Catan 40 Unlock 47 etc., 2740 Game: 18.6% — borderline not hard unless link corroborates)"
317434,Exit: The Game – Advent Calendar: The Mystery of the Ice Cave,2020.0,1023,8.187789691245294,7.2990566663980765,0.8887330248472178,0.8796120475412099,0.0373132157249707,8.114655788424352,eligible,eligible,eligible,36,high_audience_selectivity,borderline_overlap,moderately_sensitive,False,False,7,0.9501466275659824,0.1554115176705405,0.0036330022786878,0,0,0,0,0,0,niche_but_high_quality,taxonomy high_audience_selectivity — specialist-dependent,"taxonomy high_audience_selectivity — specialist-dependent | note: ecosystem max_eco 36 (Game: Catan 40 Unlock 47 etc., 2740 Game: 18.6% — borderline not hard unless link corroborates)"
289247,Verdun 1916: Steel Inferno,2020.0,326,8.6433834851727,7.755628967285491,0.8877545178872097,0.9071503471594315,0.0660985139771559,8.513830397777475,eligible,eligible,eligible,0,moderate_audience_selectivity,borderline_overlap,strongly_sensitive,False,False,4,0.9386503067484664,0.0351183134003521,0.0011070983275291,0,0,1,1,0,0,niche_but_high_quality,strongly_sensitive — exposure adjustment fragile,"strongly_sensitive — exposure adjustment fragile | note: wargame_duel (Wargame & max≤2, 1153 7.8% pop, spec 0.906, insufficient 47.7% vs Euro 21.5% — doubly niche monitor)"
21373,Federation Commander: Romulan Border,2006.0,246,7.854659233404641,6.968485206578613,0.8861740268260281,0.7229682362818561,0.0760909387812939,7.705520993393305,eligible,eligible,eligible,2,moderate_audience_selectivity,borderline_overlap,strongly_sensitive,False,False,6,0.8902439024390244,0.0662491253636506,0.0008276366137839,0,0,0,0,0,0,niche_but_high_quality,strongly_sensitive — exposure adjustment fragile,strongly_sensitive — exposure adjustment fragile
6495,Iron Tide: Panzers in the Ardennes,2003.0,104,8.051432964985917,7.165777862320731,0.8856551026651864,0.7989584708891702,0.1170263948405929,7.822061231098355,eligible,eligible,eligible,6,insufficient_evidence,insufficient_overlap,insufficient_overlap,False,False,2,0.971153846153846,0.0852518127226532,0.0003296215085199,0,0,0,0,0,0,niche_but_high_quality,spec 0.97>0.95 (q75 0.96) + insufficient_overlap — specialist,spec 0.97>0.95 (q75 0.96) + insufficient_overlap — specialist
331952,Unlock!: Timeless Adventures – Die Noside-Show,2019.0,135,7.805731438260881,6.922909371226407,0.882822067034474,0.9092658030255488,0.1027149387705526,7.604410158270597,eligible,eligible,eligible,47,insufficient_evidence,insufficient_overlap,insufficient_overlap,False,False,1,1.0,0.2637418412126818,0.0004836837353282,0,0,0,0,0,0,niche_but_high_quality,spec 1.00>0.95 (q75 0.96) + insufficient_overlap — specialist,"spec 1.00>0.95 (q75 0.96) + insufficient_overlap — specialist | note: ecosystem max_eco 47 (Game: Catan 40 Unlock 47 etc., 2740 Game: 18.6% — borderline not hard unless link corroborates)"
348973,Hidden Games Tatort: Winterkrimi – Eiskaltes Verbrechen,2021.0,115,8.102204139578445,7.226055539505001,0.876148600073444,0.7900501728223528,0.1112888297569097,7.8840780332549025,eligible,eligible,eligible,6,insufficient_evidence,insufficient_overlap,insufficient_overlap,False,False,1,0.9565217391304348,0.1458233498776041,0.0004012783581982,0,0,0,0,0,0,niche_but_high_quality,spec 0.96>0.95 (q75 0.96) + insufficient_overlap — specialist,spec 0.96>0.95 (q75 0.96) + insufficient_overlap — specialist
415776,Kingdom Legacy: Feudal Kingdom,2024.0,565,8.711745326785875,7.836089694063038,0.8756556327228378,0.6750914686247302,0.0502083872924287,8.613336887692714,eligible,eligible,eligible,0,moderate_audience_selectivity,borderline_overlap,moderately_sensitive,True,False,7,0.7309734513274336,0.0302264527275183,0.0020207231609269,0,1,1,0,0,0,niche_but_high_quality,popular_via_users discordant (n_obs ≤2500 but users_rated >2500) — not hidden via users,"popular_via_users discordant (n_obs ≤2500 but users_rated >2500) — not hidden via users | note: solo_first (min1 max≤2, 691 4.7% pop, spec 0.901, insufficient 34.4% vs 23% overall, cross 80.5% vs 86.2% — monitoring: general criteria triggered; thresholds not mode-specific)"
282255,Inflation!,2019.0,245,7.7402857580166256,6.86692644373313,0.8733593142834959,0.8675445982869832,0.0762460682772529,7.59084346419321,eligible,eligible,eligible,0,moderate_audience_selectivity,adequate_overlap,stable_under_exposure_adjustment,False,False,2,,0.4820336023615858,0.0008777964085586,0,0,0,0,0,0,niche_but_high_quality,high TVD 0.48>0.35 — audience divergence,high TVD 0.48>0.35 — audience divergence
380619,Cyclades: Legendary Edition,2024.0,161,8.638196012262162,7.769451126508779,0.868744885753383,1.0797735336984324,0.0940562279728098,8.453845805435455,eligible,borderline,borderline,2,low_audience_selectivity,adequate_overlap,stable_under_exposure_adjustment,False,False,4,,0.0963342439824717,0.000573254797426,0,0,0,0,0,1,niche_but_high_quality,popular_via_users discordant (n_obs ≤2500 but users_rated >2500) — not hidden via users,"popular_via_users discordant (n_obs ≤2500 but users_rated >2500) — not hidden via users | note: edition_title (title pattern 55/532 10.3% pool vs 501/14698 3.41% pop, per-pattern n<50 below gate, niche enriched — monitoring); borderline eligibility (medium/borderline confidence via Game: + title without link — review queue not hard exclude per 6A, 61 total pool borderline)"
297658,[kosmopoli:t],2020.0,664,7.885719140250272,7.017196258268642,0.8685228819816295,0.8781042040196532,0.0463144441496585,7.794942829716941,eligible,eligible,eligible,0,moderate_audience_selectivity,borderline_overlap,strongly_sensitive,True,False,8,0.7605421686746988,0.0549318182149654,0.0023646760393826,0,0,0,0,0,0,niche_but_high_quality,strongly_sensitive — exposure adjustment fragile,strongly_sensitive — exposure adjustment fragile
16,MarraCash,1996.0,1169,7.5291775747655665,6.661673437221985,0.8675041375435812,0.7851972359325474,0.0349054499177046,7.460762892926866,eligible,eligible,eligible,0,high_audience_selectivity,borderline_overlap,moderately_sensitive,True,False,5,0.9692044482463644,0.3658170558627467,0.0041811771787265,0,0,0,0,0,0,niche_but_high_quality,taxonomy high_audience_selectivity — specialist-dependent,taxonomy high_audience_selectivity — specialist-dependent
40258,Buffalo Wings,2010.0,135,8.152688059816294,7.287291670188216,0.8653963896280779,0.7851085294848996,0.1027149387705526,7.95136677982601,eligible,eligible,eligible,4,insufficient_evidence,insufficient_overlap,insufficient_overlap,False,False,4,0.9777777777777776,0.0837317137840857,0.0003797813032947,0,0,1,1,0,0,niche_but_high_quality,spec 0.98>0.95 (q75 0.96) + insufficient_overlap — specialist,"spec 0.98>0.95 (q75 0.96) + insufficient_overlap — specialist | note: wargame_duel (Wargame & max≤2, 1153 7.8% pop, spec 0.906, insufficient 47.7% vs Euro 21.5% — doubly niche monitor)"
332804,Cantaloop: Book 3 – Against All Odds,2023.0,106,8.031929872191578,7.167367369304287,0.8645625028872903,0.7738580907201911,0.1159171148780976,7.804732327030506,eligible,eligible,eligible,4,insufficient_evidence,insufficient_overlap,insufficient_overlap,False,False,2,0.9905660377358492,0.1963565738316648,0.0003797813032947,0,1,1,0,0,0,niche_but_high_quality,spec 0.99>0.95 (q75 0.96) + insufficient_overlap — specialist,"spec 0.99>0.95 (q75 0.96) + insufficient_overlap — specialist | note: solo_first (min1 max≤2, 691 4.7% pop, spec 0.901, insufficient 34.4% vs 23% overall, cross 80.5% vs 86.2% — monitoring: general criteria triggered; thresholds not mode-specific)"
4226,"Victory at Midway: Turning Point of the Pacific War, June 1942",1992.0,188,7.521476269378612,6.663758256823874,0.8577180125547379,0.7613859872878947,0.0870405388951028,7.35087681314421,eligible,eligible,eligible,0,high_audience_selectivity,borderline_overlap,strongly_sensitive,False,False,2,0.9787234042553192,0.0701410666535219,0.0005660891124582,0,1,1,1,0,0,niche_but_high_quality,taxonomy high_audience_selectivity — specialist-dependent,"taxonomy high_audience_selectivity — specialist-dependent | note: solo_first (min1 max≤2, 691 4.7% pop, spec 0.901, insufficient 34.4% vs 23% overall, cross 80.5% vs 86.2% — monitoring: general criteria triggered; thresholds not mode-specific); wargame_duel (Wargame & max≤2, 1153 7.8% pop, spec 0.906, insufficient 47.7% vs Euro 21.5% — doubly niche monitor)"
309058,Dog Tag Trick,2020.0,175,7.77296092011273,6.91565356778492,0.8573073523278101,0.8487976832773914,0.0902155646151778,7.596138413466982,eligible,eligible,eligible,0,moderate_audience_selectivity,adequate_overlap,stable_under_exposure_adjustment,False,False,2,,0.3987682962391368,0.0006269974346847,0,0,0,0,0,0,niche_but_high_quality,high TVD 0.40>0.35 — audience divergence,high TVD 0.40>0.35 — audience divergence
3416,Fallschirmjaeger: The Airborne Assault on Fortress Holland,2001.0,192,8.001330913571861,7.146661468401133,0.8546694451707282,0.7509237056197708,0.0861290945233816,7.832517888306033,eligible,eligible,eligible,23,high_audience_selectivity,borderline_overlap,strongly_sensitive,False,False,2,0.9791666666666666,0.0791383233055059,0.0005589234274904,0,0,0,0,0,0,niche_but_high_quality,taxonomy high_audience_selectivity — specialist-dependent,"taxonomy high_audience_selectivity — specialist-dependent | note: ecosystem max_eco 23 (Game: Catan 40 Unlock 47 etc., 2740 Game: 18.6% — borderline not hard unless link corroborates)"
262621,The Soo Line,2018.0,217,7.759402777597738,6.910359484090598,0.8490432935071395,0.6004571386257771,0.0810159686511251,7.6006114790415324,eligible,eligible,eligible,33,high_audience_selectivity,borderline_overlap,strongly_sensitive,False,False,2,0.9815668202764976,0.3325931810317635,0.0007774768190091,0,0,0,0,0,0,niche_but_high_quality,taxonomy high_audience_selectivity — specialist-dependent,"taxonomy high_audience_selectivity — specialist-dependent | note: ecosystem max_eco 33 (Game: Catan 40 Unlock 47 etc., 2740 Game: 18.6% — borderline not hard unless link corroborates)"
307997,Insider Black,2020.0,365,7.619979324629217,6.774190172318317,0.8457891523108998,0.7810469969732168,0.0624674911025492,7.49754304206822,eligible,eligible,eligible,0,moderate_audience_selectivity,borderline_overlap,moderately_sensitive,False,True,7,0.8383561643835616,0.0687001149183361,0.0013005718216604,0,0,0,0,0,0,niche_but_high_quality,"cross niche_drop without broad support — audience-specific appeal (84.2% solo has_broad vs 86.2% overall, wargame_duel 47.7% insufficient)","cross niche_drop without broad support — audience-specific appeal (84.2% solo has_broad vs 86.2% overall, wargame_duel 47.7% insufficient)"
152345,"La Patrie en Danger 1814: The Campaign in France, Part I",2014.0,103,8.238174608895157,7.392484462697663,0.8456901461974944,0.7297914102630116,0.1175931119315639,8.007692109509293,eligible,eligible,eligible,7,insufficient_evidence,insufficient_overlap,insufficient_overlap,False,False,2,0.9902912621359224,0.0720210920062538,0.0002937930836808,0,0,0,0,0,0,niche_but_high_quality,spec 0.99>0.95 (q75 0.96) + insufficient_overlap — specialist,spec 0.99>0.95 (q75 0.96) + insufficient_overlap — specialist
4206,Roads to Gettysburg,1993.0,338,8.134801591793423,7.292098015475704,0.8427035763177191,0.8168849508510085,0.064914564181608,8.00756904599747,eligible,eligible,eligible,13,high_audience_selectivity,borderline_overlap,strongly_sensitive,False,False,4,0.9911242603550297,0.0401317395961928,0.001028275792883,0,0,1,1,0,0,niche_but_high_quality,taxonomy high_audience_selectivity — specialist-dependent,"taxonomy high_audience_selectivity — specialist-dependent | note: wargame_duel (Wargame & max≤2, 1153 7.8% pop, spec 0.906, insufficient 47.7% vs Euro 21.5% — doubly niche monitor); ecosystem max_eco 13 (Game: Catan 40 Unlock 47 etc., 2740 Game: 18.6% — borderline not hard unless link corroborates)"
186864,Tiefe Taschen,2016.0,607,7.636051537347169,6.794185909248537,0.8418656280986321,0.768342755187887,0.0484402248415046,7.54110869665782,eligible,eligible,eligible,21,moderate_audience_selectivity,borderline_overlap,strongly_sensitive,True,False,7,0.8550247116968699,0.2601662722334884,0.0021747853877352,0,0,0,0,0,0,niche_but_high_quality,strongly_sensitive — exposure adjustment fragile,"strongly_sensitive — exposure adjustment fragile | note: ecosystem max_eco 21 (Game: Catan 40 Unlock 47 etc., 2740 Game: 18.6% — borderline not hard unless link corroborates)"
38863,The Rich and the Good,2008.0,2484,7.665678345964867,6.825320502259444,0.8403578437054229,0.8610206408359264,0.0239455435704124,7.618745080566859,borderline,eligible,eligible,0,high_audience_selectivity,borderline_overlap,moderately_sensitive,True,False,7,0.9637681159420288,0.3106017445943243,0.008896197887556,1,0,0,0,0,0,niche_but_high_quality,popular_via_users discordant (n_obs ≤2500 but users_rated >2500) — not hidden via users,"popular_via_users discordant (n_obs ≤2500 but users_rated >2500) — not hidden via users | note: hobby_well_known ref_penetration 0.890% >0.5% (360 eligible 2.95%, max 0.589% wargame, 0% >1% — monitoring)"
41749,American Rails,2009.0,1071,8.024870539551326,7.184698995868258,0.8401715436830681,0.7030123127729002,0.0364674805865797,7.95339427760163,eligible,eligible,eligible,33,high_audience_selectivity,borderline_overlap,strongly_sensitive,False,False,2,0.9859943977591036,0.3551828620654673,0.0038372243002708,0,0,0,0,0,0,niche_but_high_quality,taxonomy high_audience_selectivity — specialist-dependent,"taxonomy high_audience_selectivity — specialist-dependent | note: ecosystem max_eco 33 (Game: Catan 40 Unlock 47 etc., 2740 Game: 18.6% — borderline not hard unless link corroborates)"
57141,"Codeword Cromwell: The German Invasion of England, 8 June 1940",2014.0,136,8.201727887811241,7.362543957709596,0.8391839301016457,0.9294307937387174,0.1023366135853585,8.001148125183938,eligible,eligible,eligible,0,insufficient_evidence,insufficient_overlap,insufficient_overlap,False,False,2,0.9558823529411764,0.0668774887604966,0.0004442724680052,0,1,1,1,0,0,niche_but_high_quality,spec 0.96>0.95 (q75 0.96) + insufficient_overlap — specialist,"spec 0.96>0.95 (q75 0.96) + insufficient_overlap — specialist | note: solo_first (min1 max≤2, 691 4.7% pop, spec 0.901, insufficient 34.4% vs 23% overall, cross 80.5% vs 86.2% — monitoring: general criteria triggered; thresholds not mode-specific); wargame_duel (Wargame & max≤2, 1153 7.8% pop, spec 0.906, insufficient 47.7% vs Euro 21.5% — doubly niche monitor)"
39939,"The Battle of Fontenoy: 11 May, 1745",2012.0,121,8.700524513881497,7.862634883793774,0.837889630087723,0.8533893626520577,0.1084945219813813,8.48787525079799,eligible,eligible,eligible,5,insufficient_evidence,insufficient_overlap,insufficient_overlap,False,False,2,0.9834710743801652,0.1393190709391394,0.0003188729810682,0,1,1,1,0,0,niche_but_high_quality,spec 0.98>0.95 (q75 0.96) + insufficient_overlap — specialist,"spec 0.98>0.95 (q75 0.96) + insufficient_overlap — specialist | note: solo_first (min1 max≤2, 691 4.7% pop, spec 0.901, insufficient 34.4% vs 23% overall, cross 80.5% vs 86.2% — monitoring: general criteria triggered; thresholds not mode-specific); wargame_duel (Wargame & max≤2, 1153 7.8% pop, spec 0.906, insufficient 47.7% vs Euro 21.5% — doubly niche monitor)"
146922,Chain of Command,2013.0,174,8.37545809403745,7.53981505326564,0.8356430407718101,0.8444430938491134,0.0904744333384248,8.198128204694138,eligible,eligible,eligible,1,moderate_audience_selectivity,borderline_overlap,strongly_sensitive,True,False,6,0.8103448275862069,0.2232920924012564,0.0005768376399099,0,0,0,0,0,0,niche_but_high_quality,strongly_sensitive — exposure adjustment fragile,strongly_sensitive — exposure adjustment fragile
351869,Adventure Games: Expedition Azcana,2022.0,101,7.686901971034317,6.859435523537037,0.8274664474972795,0.7857459612062527,0.1187516927360825,7.454148653271595,eligible,borderline,borderline,7,insufficient_evidence,insufficient_overlap,insufficient_overlap,False,False,2,0.99009900990099,0.1423850999920469,0.0003582842483913,0,0,0,0,0,1,niche_but_high_quality,spec 0.99>0.95 (q75 0.96) + insufficient_overlap — specialist,"spec 0.99>0.95 (q75 0.96) + insufficient_overlap — specialist | note: edition_title (title pattern 55/532 10.3% pool vs 501/14698 3.41% pop, per-pattern n<50 below gate, niche enriched — monitoring); borderline eligibility (medium/borderline confidence via Game: + title without link — review queue not hard exclude per 6A, 61 total pool borderline)"
334379,Doodle Dash,2021.0,707,7.738347808065807,6.911541975514275,0.826805832551532,0.8032245408962986,0.0448839209639471,7.650375322976471,eligible,eligible,eligible,0,moderate_audience_selectivity,borderline_overlap,strongly_sensitive,False,True,6,0.8684582743988685,0.1671873496316168,0.0025294867936426,0,0,0,0,0,0,niche_but_high_quality,strongly_sensitive — exposure adjustment fragile,strongly_sensitive — exposure adjustment fragile
296345,Sherlock Holmes Consulting Detective: The Baker Street Irregulars,2020.0,1404,8.414612841517592,7.588212593135744,0.826400248381848,0.830695977998726,0.0318505504218807,8.352185762690706,eligible,eligible,eligible,4,moderate_audience_selectivity,borderline_overlap,moderately_sensitive,True,False,7,0.7735042735042735,0.1476541701833296,0.0050159794774782,1,0,0,0,0,0,niche_but_high_quality,"hobby_well_known ref_penetration 0.502% >0.5% of hobby core 279k despite n_obs<1700 — numerically obscure but hobby-obscure order gap (eligible 0.146% vs exclude 3.47%, max eligible 0.589%) — binding per 6B","hobby_well_known ref_penetration 0.502% >0.5% of hobby core 279k despite n_obs<1700 — numerically obscure but hobby-obscure order gap (eligible 0.146% vs exclude 3.47%, max eligible 0.589%) — binding per 6B | note: hobby_well_known ref_penetration 0.502% >0.5% (360 eligible 2.95%, max 0.589% wargame, 0% >1% — monitoring)"
1821,Grant Takes Command,2001.0,288,8.339677299821991,7.513612912290874,0.8260643875311171,0.6673274210013229,0.070324111196742,8.201842041876377,eligible,eligible,eligible,13,high_audience_selectivity,borderline_overlap,strongly_sensitive,False,False,4,0.9861111111111112,0.0684298081793626,0.0008742135660747,0,0,1,1,0,0,niche_but_high_quality,taxonomy high_audience_selectivity — specialist-dependent,"taxonomy high_audience_selectivity — specialist-dependent | note: wargame_duel (Wargame & max≤2, 1153 7.8% pop, spec 0.906, insufficient 47.7% vs Euro 21.5% — doubly niche monitor); ecosystem max_eco 13 (Game: Catan 40 Unlock 47 etc., 2740 Game: 18.6% — borderline not hard unless link corroborates)"
3893,Full Thrust,1992.0,437,7.545969961182338,6.721126321906132,0.8248436392762066,0.8248330496407377,0.0570899650797397,7.434073629626048,eligible,eligible,eligible,0,moderate_audience_selectivity,borderline_overlap,strongly_sensitive,True,False,7,0.8581235697940504,0.0880439270102676,0.0014188056236295,0,0,0,0,0,0,niche_but_high_quality,strongly_sensitive — exposure adjustment fragile,strongly_sensitive — exposure adjustment fragile
164698,Fresh Fish,2014.0,985,7.824971566951879,7.0003514106981335,0.8246201562537454,0.8175811224058727,0.038026152065517,7.750440308903466,eligible,eligible,eligible,0,moderate_audience_selectivity,adequate_overlap,stable_under_exposure_adjustment,False,False,2,,0.3527059322072296,0.0035255170041704,0,0,0,0,0,0,niche_but_high_quality,high TVD 0.35>0.35 — audience divergence,high TVD 0.35>0.35 — audience divergence
334137,Top Ten 18+,2021.0,398,7.670333879403267,6.850509839017052,0.8198240403862149,0.8039725653548038,0.059821728823544,7.553083290909121,eligible,eligible,eligible,0,moderate_audience_selectivity,borderline_overlap,strongly_sensitive,True,False,8,0.7939698492462312,0.0370629776921349,0.0014223884661134,0,0,0,0,0,0,niche_but_high_quality,strongly_sensitive — exposure adjustment fragile,strongly_sensitive — exposure adjustment fragile
71668,After Pablo,2010.0,195,7.954348808871511,7.134895187849814,0.8194536210216965,0.7799145226023514,0.0854639950369319,7.786839378599124,eligible,eligible,eligible,0,high_audience_selectivity,borderline_overlap,strongly_sensitive,False,False,1,0.9743589743589745,0.2967902742611148,0.0006950714418791,0,0,0,0,0,0,niche_but_high_quality,taxonomy high_audience_selectivity — specialist-dependent,taxonomy high_audience_selectivity — specialist-dependent
158816,Longstreet Attacks: The Second Day at Gettysburg,2018.0,186,8.628390773053367,7.810023270149577,0.81836750290379,0.8084826574052784,0.087507247543047,8.456876567868994,eligible,eligible,eligible,6,high_audience_selectivity,borderline_overlap,moderately_sensitive,False,False,3,0.967741935483871,0.1178045136100068,0.0005051807902317,0,0,0,0,0,0,niche_but_high_quality,taxonomy high_audience_selectivity — specialist-dependent,taxonomy high_audience_selectivity — specialist-dependent
12141,This Terrible Sound,2000.0,113,8.181891365795869,7.363874184460016,0.8180171813358523,0.8049103646595341,0.1122693670265072,7.961843406423914,eligible,eligible,eligible,3,insufficient_evidence,insufficient_overlap,insufficient_overlap,False,False,2,0.991150442477876,0.1245077334497657,0.0003009587686486,0,0,0,0,0,0,niche_but_high_quality,spec 0.99>0.95 (q75 0.96) + insufficient_overlap — specialist,spec 0.99>0.95 (q75 0.96) + insufficient_overlap — specialist
155496,Holdfast: Russia 1941-42,2014.0,229,7.995877458710066,7.1823634242987975,0.813514034411269,0.9115479532319464,0.0788647179900584,7.841302611449551,eligible,eligible,eligible,4,moderate_audience_selectivity,borderline_overlap,strongly_sensitive,False,False,2,0.9737991266375546,0.1590677347918504,0.0007703111340413,0,1,1,1,0,0,niche_but_high_quality,high spec 0.97>0.95 (q75 0.96) — specialist,"high spec 0.97>0.95 (q75 0.96) — specialist | note: solo_first (min1 max≤2, 691 4.7% pop, spec 0.901, insufficient 34.4% vs 23% overall, cross 80.5% vs 86.2% — monitoring: general criteria triggered; thresholds not mode-specific); wargame_duel (Wargame & max≤2, 1153 7.8% pop, spec 0.906, insufficient 47.7% vs Euro 21.5% — doubly niche monitor)"
178896,"Last Blitzkrieg: Wacht am Rhein, The Battle of the Bulge",2016.0,285,8.869971099589902,8.05921965013725,0.8107514494526527,0.7435796937853052,0.0706932691725484,8.731412292011708,eligible,eligible,eligible,5,high_audience_selectivity,borderline_overlap,moderately_sensitive,False,False,4,0.9789473684210528,0.1698135685053096,0.0007738939765252,0,0,0,0,0,0,niche_but_high_quality,taxonomy high_audience_selectivity — specialist-dependent,taxonomy high_audience_selectivity — specialist-dependent
10183,Napoleon at Leipzig,1979.0,271,7.693195654389192,6.883319077452965,0.8098765769362268,0.6814265758144602,0.0724963014019341,7.551102903641401,eligible,eligible,eligible,7,high_audience_selectivity,borderline_overlap,strongly_sensitive,False,False,4,0.988929889298893,0.0721340617122938,0.0007738939765252,0,0,0,0,0,0,niche_but_high_quality,taxonomy high_audience_selectivity — specialist-dependent,taxonomy high_audience_selectivity — specialist-dependent
5452,"DAK: The Campaign in North Africa, 1940-1942",1997.0,196,8.401652134454874,7.592897207498757,0.8087549269561176,0.7436472958498364,0.0852456958425139,8.234570570603546,eligible,eligible,eligible,18,high_audience_selectivity,borderline_overlap,moderately_sensitive,False,False,4,0.9897959183673468,0.0432232845784488,0.0004980151052639,0,0,1,1,0,0,niche_but_high_quality,taxonomy high_audience_selectivity — specialist-dependent,"taxonomy high_audience_selectivity — specialist-dependent | note: wargame_duel (Wargame & max≤2, 1153 7.8% pop, spec 0.906, insufficient 47.7% vs Euro 21.5% — doubly niche monitor); ecosystem max_eco 18 (Game: Catan 40 Unlock 47 etc., 2740 Game: 18.6% — borderline not hard unless link corroborates)"
345266,Tales from the Red Dragon Inn,2023.0,519,8.660438543475616,7.853442801964242,0.8069957415113738,0.744695393582445,0.0523861903822678,8.55776161032637,eligible,eligible,eligible,11,moderate_audience_selectivity,borderline_overlap,moderately_sensitive,False,True,7,0.9132947976878611,0.0605339696471556,0.0018308325092795,0,0,0,0,0,0,niche_but_high_quality,"specialist concentration spec 0.91>0.90 (q75 0.96, tuned 0.90 was ~60th percentile — now general q75-based) + niche_drop — highly specialized","specialist concentration spec 0.91>0.90 (q75 0.96, tuned 0.90 was ~60th percentile — now general q75-based) + niche_drop — highly specialized | note: ecosystem max_eco 11 (Game: Catan 40 Unlock 47 etc., 2740 Game: 18.6% — borderline not hard unless link corroborates)"
36314,Where Eagles Dare: The Battle for Hell's Highway,2011.0,188,8.461223131236869,7.654687551857309,0.8065355793795597,0.8336132585651193,0.0870405388951028,8.290623675002468,eligible,eligible,eligible,5,high_audience_selectivity,borderline_overlap,moderately_sensitive,False,False,3,0.973404255319149,0.0800567437813971,0.0005589234274904,0,0,1,1,0,0,niche_but_high_quality,taxonomy high_audience_selectivity — specialist-dependent,"taxonomy high_audience_selectivity — specialist-dependent | note: wargame_duel (Wargame & max≤2, 1153 7.8% pop, spec 0.906, insufficient 47.7% vs Euro 21.5% — doubly niche monitor)"
33665,Battle Above the Clouds,2010.0,305,8.479529530827948,7.675726300443239,0.8038032303847089,0.7903755288130139,0.0683361608255901,8.345590655609792,eligible,eligible,eligible,13,high_audience_selectivity,borderline_overlap,strongly_sensitive,False,False,4,0.9770491803278688,0.0774846311613315,0.0009136248333978,0,1,1,1,0,0,niche_but_high_quality,taxonomy high_audience_selectivity — specialist-dependent,"taxonomy high_audience_selectivity — specialist-dependent | note: solo_first (min1 max≤2, 691 4.7% pop, spec 0.901, insufficient 34.4% vs 23% overall, cross 80.5% vs 86.2% — monitoring: general criteria triggered; thresholds not mode-specific); wargame_duel (Wargame & max≤2, 1153 7.8% pop, spec 0.906, insufficient 47.7% vs Euro 21.5% — doubly niche monitor); ecosystem max_eco 13 (Game: Catan 40 Unlock 47 etc., 2740 Game: 18.6% — borderline not hard unless link corroborates)"
180205,Trans-Siberian Railroad,2015.0,349,7.896794710841266,7.0937141568835305,0.8030805539577353,0.6770482536659843,0.063883364737989,7.771583315954807,eligible,eligible,eligible,33,high_audience_selectivity,borderline_overlap,strongly_sensitive,False,False,2,0.98567335243553,0.3551989143316459,0.0012504120268856,0,0,0,0,0,0,niche_but_high_quality,taxonomy high_audience_selectivity — specialist-dependent,"taxonomy high_audience_selectivity — specialist-dependent | note: ecosystem max_eco 33 (Game: Catan 40 Unlock 47 etc., 2740 Game: 18.6% — borderline not hard unless link corroborates)"
3263,Ukraine '43: The Soviet Summer Offensive Against Army Group South,2000.0,476,8.261351689446284,7.4607905560344285,0.8005611334118559,0.7260094583891004,0.0547012208798695,8.154137296521741,eligible,eligible,eligible,10,high_audience_selectivity,borderline_overlap,moderately_sensitive,False,False,4,0.9894957983193278,0.0939701595539463,0.0014044742536939,0,0,0,0,0,0,niche_but_high_quality,taxonomy high_audience_selectivity — specialist-dependent,"taxonomy high_audience_selectivity — specialist-dependent | note: ecosystem max_eco 10 (Game: Catan 40 Unlock 47 etc., 2740 Game: 18.6% — borderline not hard unless link corroborates)"
62922,None But Heroes,2011.0,140,8.406517529881974,7.607607367258076,0.7989101626238977,0.7054123805997516,0.1008640675540311,8.208823957476072,eligible,eligible,eligible,2,insufficient_evidence,insufficient_overlap,insufficient_overlap,False,False,3,0.9785714285714284,0.1526602751894346,0.0003869469882626,0,0,1,1,0,0,niche_but_high_quality,spec 0.98>0.95 (q75 0.96) + insufficient_overlap — specialist,"spec 0.98>0.95 (q75 0.96) + insufficient_overlap — specialist | note: wargame_duel (Wargame & max≤2, 1153 7.8% pop, spec 0.906, insufficient 47.7% vs Euro 21.5% — doubly niche monitor)"
41934,World at War: The Untold Stories,2010.0,118,7.941940827680329,7.143531458672191,0.7984093690081382,0.7813032529643893,0.1098650334287785,7.7266053621599236,eligible,eligible,eligible,3,insufficient_evidence,insufficient_overlap,insufficient_overlap,False,False,3,0.9745762711864406,0.1208105046414884,0.0003618670908752,0,0,1,1,0,0,niche_but_high_quality,spec 0.97>0.95 (q75 0.96) + insufficient_overlap — specialist,"spec 0.97>0.95 (q75 0.96) + insufficient_overlap — specialist | note: wargame_duel (Wargame & max≤2, 1153 7.8% pop, spec 0.906, insufficient 47.7% vs Euro 21.5% — doubly niche monitor)"
351488,Six Second Scribbles,2021.0,272,7.618768613202745,6.82370191590339,0.7950666972993545,0.7683511853481946,0.0723629134298743,7.476937302880191,eligible,eligible,eligible,0,moderate_audience_selectivity,borderline_overlap,moderately_sensitive,False,True,7,0.8161764705882353,0.1265414054828343,0.0009637846281726,0,0,0,0,0,0,niche_but_high_quality,"cross niche_drop without broad support — audience-specific appeal (84.2% solo has_broad vs 86.2% overall, wargame_duel 47.7% insufficient)","cross niche_drop without broad support — audience-specific appeal (84.2% solo has_broad vs 86.2% overall, wargame_duel 47.7% insufficient)"
38786,"Red Winter: The Soviet Attack at Tolvajärvi, Finland – 8-12 December 1939",2012.0,495,8.340614961277021,7.545710795770683,0.7949041655063382,0.7077361704084719,0.0536411273184325,8.235478351732894,eligible,eligible,eligible,0,moderate_audience_selectivity,borderline_overlap,strongly_sensitive,False,False,4,0.9535353535353536,0.0352906049698689,0.0016516903850839,0,0,1,1,0,0,niche_but_high_quality,high spec 0.95>0.95 (q75 0.96) — specialist,"high spec 0.95>0.95 (q75 0.96) — specialist | note: wargame_duel (Wargame & max≤2, 1153 7.8% pop, spec 0.906, insufficient 47.7% vs Euro 21.5% — doubly niche monitor)"
319135,Nightmare Horror Adventures: Welcome to Crafton Mansion,2021.0,418,8.078773504377258,7.28815687043763,0.7906166339396279,0.7970129219741136,0.0583730458479751,7.964362334515227,eligible,eligible,eligible,0,moderate_audience_selectivity,borderline_overlap,strongly_sensitive,False,True,8,0.7607655502392344,0.1140519599438531,0.0014940453157917,0,0,0,0,0,0,niche_but_high_quality,strongly_sensitive — exposure adjustment fragile,strongly_sensitive — exposure adjustment fragile
286925,Detective Stories: Case 3 – Still Lake,2019.0,133,7.776859324966884,6.988570038943408,0.7882892860234758,0.794788874292653,0.1034843498136905,7.57402999933205,eligible,eligible,eligible,4,insufficient_evidence,insufficient_overlap,insufficient_overlap,False,False,2,0.962406015037594,0.1630185116951916,0.0004729352078765,0,0,0,0,0,0,niche_but_high_quality,spec 0.96>0.95 (q75 0.96) + insufficient_overlap — specialist,spec 0.96>0.95 (q75 0.96) + insufficient_overlap — specialist
11096,Tahuantinsuyu,2004.0,404,7.754538694103664,6.968737545848672,0.7858011482549925,0.694407350681808,0.0593758463680412,7.638162035222303,eligible,eligible,eligible,0,moderate_audience_selectivity,adequate_overlap,stable_under_exposure_adjustment,False,False,2,,0.3668588195771848,0.0014474683635008,0,0,0,0,0,0,niche_but_high_quality,high TVD 0.37>0.35 — audience divergence,high TVD 0.37>0.35 — audience divergence
246873,"Königsberg: The Soviet Attack on East Prussia, 1945",2018.0,186,8.16374889514631,7.378126686390676,0.785622208755635,0.7927186120919476,0.087507247543047,7.992234689961939,eligible,eligible,eligible,0,high_audience_selectivity,borderline_overlap,moderately_sensitive,False,False,3,0.9623655913978496,0.1267002137455022,0.0005696719549421,0,0,0,0,0,0,niche_but_high_quality,taxonomy high_audience_selectivity — specialist-dependent,taxonomy high_audience_selectivity — specialist-dependent
1447,1841: Railways in Northern Italy,1994.0,343,8.790623187104979,8.007377991355204,0.7832451957497746,0.7940575751270922,0.0644396890108413,8.66432139664373,eligible,eligible,eligible,81,moderate_audience_selectivity,insufficient_overlap,insufficient_overlap,False,True,4,0.7405247813411079,0.2342201912828685,0.0012145836020465,0,0,0,0,0,0,niche_but_high_quality,max_weight 20435>2000 + niche_drop + insufficient_overlap — wide SE niche,"max_weight 20435>2000 + niche_drop + insufficient_overlap — wide SE niche | note: ecosystem max_eco 81 (Game: Catan 40 Unlock 47 etc., 2740 Game: 18.6% — borderline not hard unless link corroborates)"
422732,Agent Avenue,2024.0,596,8.174951991121562,7.394472324039786,0.7804796670817762,0.8289667648070491,0.0488851965847312,8.079137005815488,eligible,eligible,eligible,0,low_audience_selectivity,borderline_overlap,moderately_sensitive,False,False,4,,0.1413953336312748,0.0021282084354443,0,0,0,0,0,0,niche_but_high_quality,popular_via_users discordant (n_obs ≤2500 but users_rated >2500) — not hidden via users,popular_via_users discordant (n_obs ≤2500 but users_rated >2500) — not hidden via users
424219,Zenith,2025.0,167,8.316275501448175,7.540331063543901,0.7759444379042737,0.798172764404292,0.0923511398830663,8.135267267277365,eligible,eligible,eligible,0,moderate_audience_selectivity,borderline_overlap,moderately_sensitive,False,False,3,,0.2911932594215485,0.0005947518523295,0,0,0,0,0,0,niche_but_high_quality,popular_via_users discordant (n_obs ≤2500 but users_rated >2500) — not hidden via users,popular_via_users discordant (n_obs ≤2500 but users_rated >2500) — not hidden via users
26736,Ukraine '44,2006.0,100,7.763388506253307,6.98986091718321,0.7735275890700972,0.6757747438362518,0.1193439741795195,7.529474316861449,eligible,eligible,eligible,16,insufficient_evidence,insufficient_overlap,insufficient_overlap,False,False,2,0.99,0.1407909192904737,0.0003009587686486,0,0,1,1,0,0,niche_but_high_quality,spec 0.99>0.95 (q75 0.96) + insufficient_overlap — specialist,"spec 0.99>0.95 (q75 0.96) + insufficient_overlap — specialist | note: wargame_duel (Wargame & max≤2, 1153 7.8% pop, spec 0.906, insufficient 47.7% vs Euro 21.5% — doubly niche monitor); ecosystem max_eco 16 (Game: Catan 40 Unlock 47 etc., 2740 Game: 18.6% — borderline not hard unless link corroborates)"
11967,The Seven Days of 1809: Napoleon and the Archduke Charles,2004.0,119,7.894065271559432,7.120681901190075,0.7733833703693573,0.7447201760152975,0.1094024417597391,7.679636485710343,eligible,eligible,eligible,2,insufficient_evidence,insufficient_overlap,insufficient_overlap,False,False,2,0.9663865546218487,0.1105040203456371,0.0003582842483913,0,0,0,0,0,0,niche_but_high_quality,spec 0.97>0.95 (q75 0.96) + insufficient_overlap — specialist,spec 0.97>0.95 (q75 0.96) + insufficient_overlap — specialist
202265,Chicago & NorthWestern,2016.0,102,7.865316570519178,7.092443643984856,0.7728729265343217,0.6547993591695436,0.1181681428029229,7.633707010625448,eligible,eligible,eligible,33,insufficient_evidence,insufficient_overlap,insufficient_overlap,False,False,2,0.9901960784313726,0.4280119937181283,0.0003654499333591,0,0,0,0,0,0,niche_but_high_quality,spec 0.99>0.95 (q75 0.96) + insufficient_overlap — specialist,"spec 0.99>0.95 (q75 0.96) + insufficient_overlap — specialist | note: ecosystem max_eco 33 (Game: Catan 40 Unlock 47 etc., 2740 Game: 18.6% — borderline not hard unless link corroborates)"
12134,This Hallowed Ground,1998.0,124,8.261459988677476,7.490034962150826,0.77142502652665,0.7736983898373193,0.1071740526379411,8.051398845507112,eligible,eligible,eligible,3,insufficient_evidence,insufficient_overlap,insufficient_overlap,False,False,1,0.9758064516129032,0.0817586612259575,0.0003367871934878,0,0,0,0,0,0,niche_but_high_quality,spec 0.98>0.95 (q75 0.96) + insufficient_overlap — specialist,spec 0.98>0.95 (q75 0.96) + insufficient_overlap — specialist
124622,In Magnificent Style: Pickett's Charge at Gettysburg,2012.0,414,7.686847719096619,6.916457872511494,0.7703898465851253,0.69553439356174,0.0586543633610929,7.571885166908877,eligible,eligible,eligible,0,moderate_audience_selectivity,borderline_overlap,strongly_sensitive,False,False,4,0.8913043478260869,0.0373468416660082,0.0013650629863708,0,1,1,1,0,0,niche_but_high_quality,strongly_sensitive — exposure adjustment fragile,"strongly_sensitive — exposure adjustment fragile | note: solo_first (min1 max≤2, 691 4.7% pop, spec 0.901, insufficient 34.4% vs 23% overall, cross 80.5% vs 86.2% — monitoring: general criteria triggered; thresholds not mode-specific); wargame_duel (Wargame & max≤2, 1153 7.8% pop, spec 0.906, insufficient 47.7% vs Euro 21.5% — doubly niche monitor)"
1301,Netrunner,1996.0,2392,7.784744772061744,7.015124640637684,0.7696201314240607,0.7642575236286806,0.0244016901493981,7.736917459368924,borderline,eligible,eligible,1,low_audience_selectivity,adequate_overlap,stable_under_exposure_adjustment,False,False,4,,0.0396832508497435,0.0085056680568095,1,0,1,0,1,0,niche_but_high_quality,popular_via_users discordant (n_obs ≤2500 but users_rated >2500) — not hidden via users,"popular_via_users discordant (n_obs ≤2500 but users_rated >2500) — not hidden via users | note: euro_duel (max≤2 Euro not wargame not solo, 1402 7.3% pop spec 0.833 insufficient 21.5% vs wargame 47.7% — broader than wargame, monitor); hobby_well_known ref_penetration 0.851% >0.5% (360 eligible 2.95%, max 0.589% wargame, 0% >1% — monitoring)"
322543,Don't Get Got!: Shut Up & Sit Down Special Edition,2021.0,491,7.517417887278017,6.74898864868107,0.7684292385969469,0.708335266326352,0.0538591815805045,7.411853891380228,eligible,borderline,borderline,0,high_audience_selectivity,borderline_overlap,moderately_sensitive,True,False,6,0.7841140529531568,0.0942916215699234,0.0017591756596013,0,0,0,0,0,1,niche_but_high_quality,taxonomy high_audience_selectivity — specialist-dependent,"taxonomy high_audience_selectivity — specialist-dependent | note: edition_title (title pattern 55/532 10.3% pool vs 501/14698 3.41% pop, per-pattern n<50 below gate, niche enriched — monitoring); borderline eligibility (medium/borderline confidence via Game: + title without link — review queue not hard exclude per 6A, 61 total pool borderline)"
129156,"Celles: The Ardennes, December 23-27, 1944",2012.0,382,8.019109969489921,7.253910678916137,0.7651992905737846,0.6547888045040189,0.0610616892020676,7.899429058653869,eligible,eligible,eligible,0,moderate_audience_selectivity,borderline_overlap,strongly_sensitive,True,False,7,0.9319371727748692,0.0773271167738868,0.0012253321294982,0,0,1,1,0,0,niche_but_high_quality,strongly_sensitive — exposure adjustment fragile,"strongly_sensitive — exposure adjustment fragile | note: wargame_duel (Wargame & max≤2, 1153 7.8% pop, spec 0.906, insufficient 47.7% vs Euro 21.5% — doubly niche monitor)"
13016,"White Death: Velikiye Luki, The Stalingrad of the North",1979.0,125,7.736589706848453,6.97431008194051,0.7622796249079427,0.7977936872615645,0.1067444955881541,7.527370495495671,eligible,eligible,eligible,0,insufficient_evidence,insufficient_overlap,insufficient_overlap,False,False,2,0.976,0.0533528775228443,0.0003045416111326,0,0,1,1,0,0,niche_but_high_quality,spec 0.98>0.95 (q75 0.96) + insufficient_overlap — specialist,"spec 0.98>0.95 (q75 0.96) + insufficient_overlap — specialist | note: wargame_duel (Wargame & max≤2, 1153 7.8% pop, spec 0.906, insufficient 47.7% vs Euro 21.5% — doubly niche monitor)"
261720,Finca,2018.0,616,7.797944750269355,7.036438473025028,0.7615062772443277,0.7475956639485801,0.0480850575059544,7.703698037557684,eligible,eligible,eligible,2,high_audience_selectivity,borderline_overlap,moderately_sensitive,True,False,7,0.922077922077922,0.2538332313040718,0.0022070309700904,0,0,0,0,0,0,niche_but_high_quality,taxonomy high_audience_selectivity — specialist-dependent,taxonomy high_audience_selectivity — specialist-dependent
7138,"The Killing Ground: Campaign for Normandy, July-August 1944",2002.0,126,8.414391534433951,7.657944751658006,0.7564467827759458,0.6196573889230628,0.1063200625132756,8.206004211907931,eligible,eligible,eligible,6,insufficient_evidence,insufficient_overlap,insufficient_overlap,False,False,2,0.992063492063492,0.098883000440369,0.0003654499333591,0,0,0,0,0,0,niche_but_high_quality,spec 0.99>0.95 (q75 0.96) + insufficient_overlap — specialist,spec 0.99>0.95 (q75 0.96) + insufficient_overlap — specialist
1662,"Napoléon: The Waterloo Campaign, 1815",1974.0,1343,7.707277424884571,6.95297031016154,0.7543071147230309,0.7037103650244072,0.0325658553502835,7.643448348398015,eligible,eligible,eligible,0,moderate_audience_selectivity,borderline_overlap,strongly_sensitive,False,False,7,0.9486224869694714,0.0536740410621682,0.004528712899666,0,0,0,0,0,0,niche_but_high_quality,strongly_sensitive — exposure adjustment fragile,strongly_sensitive — exposure adjustment fragile
149620,Decision at Elst: An Advanced Squad Leader Starter Kit Historical Module,2014.0,192,8.64802699222585,7.895524507586442,0.7525024846394075,0.7322256718438478,0.0861290945233816,8.479213966960021,eligible,eligible,eligible,6,high_audience_selectivity,borderline_overlap,strongly_sensitive,False,False,3,0.953125,0.1298924180465774,0.0005875861673617,0,0,1,1,0,0,niche_but_high_quality,taxonomy high_audience_selectivity — specialist-dependent,"taxonomy high_audience_selectivity — specialist-dependent | note: wargame_duel (Wargame & max≤2, 1153 7.8% pop, spec 0.906, insufficient 47.7% vs Euro 21.5% — doubly niche monitor)"
120269,Red White & Blue Racin': Stock Car Action Game,2012.0,131,8.447093894085006,6.453439834632928,1.9936540594520784,1.980676368588816,0.1042713143786963,8.242722117902762,eligible,eligible,eligible,0,insufficient_evidence,insufficient_overlap,insufficient_overlap,False,False,3,,0.2517206262259471,0.0004120268856499,0,1,1,0,0,0,insufficient_evidence,"insufficient_overlap (prop insufficient 34.4% solo_first vs 23% overall, 33.3% duel, 47.7% wargame_duel vs Euro 21.5%) + cross thin or unidentified counterfactual — valid we can't tell (n_sup 3, spec 0.00, max_w 1612.562922569777)","insufficient_overlap (prop insufficient 34.4% solo_first vs 23% overall, 33.3% duel, 47.7% wargame_duel vs Euro 21.5%) + cross thin or unidentified counterfactual — valid we can't tell (n_sup 3, spec 0.00, max_w 1612.562922569777) | note: solo_first (min1 max≤2, 691 4.7% pop, spec 0.901, insufficient 34.4% vs 23% overall, cross 80.5% vs 86.2% — monitoring: general criteria triggered; thresholds not mode-specific)"
4657,Replay Baseball,1973.0,103,7.978247154421985,6.175689298237961,1.8025578561840243,1.8279765388631413,0.1175931119315639,7.74776465503612,eligible,eligible,eligible,0,insufficient_evidence,insufficient_overlap,insufficient_overlap,False,False,3,,0.1053531818279565,0.0003117072961004,0,1,1,0,0,0,insufficient_evidence,"insufficient_overlap (prop insufficient 34.4% solo_first vs 23% overall, 33.3% duel, 47.7% wargame_duel vs Euro 21.5%) + cross thin or unidentified counterfactual — valid we can't tell (n_sup 3, spec 0.00, max_w 874.3923444358794)","insufficient_overlap (prop insufficient 34.4% solo_first vs 23% overall, 33.3% duel, 47.7% wargame_duel vs Euro 21.5%) + cross thin or unidentified counterfactual — valid we can't tell (n_sup 3, spec 0.00, max_w 874.3923444358794) | note: solo_first (min1 max≤2, 691 4.7% pop, spec 0.901, insufficient 34.4% vs 23% overall, cross 80.5% vs 86.2% — monitoring: general criteria triggered; thresholds not mode-specific)"
351600,Mortum: Medieval Detective – The Shelter,2022.0,131,8.491014256539268,6.8466271613323215,1.6443870952069464,1.5939133522733575,0.1042713143786963,8.286642480357024,eligible,eligible,eligible,0,insufficient_evidence,insufficient_overlap,insufficient_overlap,False,False,1,0.900763358778626,0.1026714664106441,0.0004657695229086,0,0,0,0,0,0,insufficient_evidence,"insufficient_overlap (prop insufficient 34.4% solo_first vs 23% overall, 33.3% duel, 47.7% wargame_duel vs Euro 21.5%) + cross thin or unidentified counterfactual — valid we can't tell (n_sup 1, spec 0.90, max_w 1610.3999034849508)","insufficient_overlap (prop insufficient 34.4% solo_first vs 23% overall, 33.3% duel, 47.7% wargame_duel vs Euro 21.5%) + cross thin or unidentified counterfactual — valid we can't tell (n_sup 1, spec 0.90, max_w 1610.3999034849508)"
249768,My First Adventure: Finding the Dragon,2018.0,100,7.792468060399719,6.154676112180329,1.63779194821939,1.54080144180893,0.1193439741795195,7.558553871007861,eligible,eligible,eligible,1,insufficient_evidence,insufficient_overlap,insufficient_overlap,False,False,1,0.91,0.166163319301788,0.0003547014059073,0,0,0,0,0,0,insufficient_evidence,"insufficient_overlap (prop insufficient 34.4% solo_first vs 23% overall, 33.3% duel, 47.7% wargame_duel vs Euro 21.5%) + cross thin or unidentified counterfactual — valid we can't tell (n_sup 1, spec 0.91, max_w 1390.7836812751789)","insufficient_overlap (prop insufficient 34.4% solo_first vs 23% overall, 33.3% duel, 47.7% wargame_duel vs Euro 21.5%) + cross thin or unidentified counterfactual — valid we can't tell (n_sup 1, spec 0.91, max_w 1390.7836812751789)"
4485,Hotel Life,1989.0,139,7.704084067024758,6.095137080326529,1.608946986698229,1.5380271857250998,0.1012262377230807,7.50568064108752,eligible,eligible,eligible,0,insufficient_evidence,insufficient_overlap,insufficient_overlap,False,False,2,0.8992805755395683,0.3025661969996297,0.000490849420296,0,0,0,0,0,0,insufficient_evidence,"insufficient_overlap (prop insufficient 34.4% solo_first vs 23% overall, 33.3% duel, 47.7% wargame_duel vs Euro 21.5%) + cross thin or unidentified counterfactual — valid we can't tell (n_sup 2, spec 0.90, max_w 572.0964346658673)","insufficient_overlap (prop insufficient 34.4% solo_first vs 23% overall, 33.3% duel, 47.7% wargame_duel vs Euro 21.5%) + cross thin or unidentified counterfactual — valid we can't tell (n_sup 2, spec 0.90, max_w 572.0964346658673)"
260234,Middle-Earth Strategy Battle Game: Rules Manual,2018.0,144,8.842478847140908,7.273310230295314,1.5691686168455945,1.5431550210895215,0.0994533118162662,8.647550355981027,eligible,eligible,eligible,0,insufficient_evidence,insufficient_overlap,insufficient_overlap,False,False,6,0.6875,0.1785123989146663,0.0005087636327156,0,0,0,0,0,0,insufficient_evidence,"insufficient_overlap (prop insufficient 34.4% solo_first vs 23% overall, 33.3% duel, 47.7% wargame_duel vs Euro 21.5%) + cross thin or unidentified counterfactual — valid we can't tell (n_sup 6, spec 0.69, max_w 9031.403096003563)","insufficient_overlap (prop insufficient 34.4% solo_first vs 23% overall, 33.3% duel, 47.7% wargame_duel vs Euro 21.5%) + cross thin or unidentified counterfactual — valid we can't tell (n_sup 6, spec 0.69, max_w 9031.403096003563)"
220975,History Maker Golf,2017.0,130,8.411238474481728,6.859123165045725,1.5521153094360027,1.4367314620076517,0.1046715896101186,8.206082158845895,eligible,eligible,eligible,0,insufficient_evidence,insufficient_overlap,insufficient_overlap,False,False,3,,0.2023978398403978,0.0004299410980695,0,0,0,0,0,0,insufficient_evidence,"insufficient_overlap (prop insufficient 34.4% solo_first vs 23% overall, 33.3% duel, 47.7% wargame_duel vs Euro 21.5%) + cross thin or unidentified counterfactual — valid we can't tell (n_sup 3, spec 0.00, max_w 1297.5949883876926)","insufficient_overlap (prop insufficient 34.4% solo_first vs 23% overall, 33.3% duel, 47.7% wargame_duel vs Euro 21.5%) + cross thin or unidentified counterfactual — valid we can't tell (n_sup 3, spec 0.00, max_w 1297.5949883876926)"
261588,Ascension: Year Five Collector's Edition,2019.0,107,8.341164274398478,6.805572871266229,1.5355914031322495,1.431374167817566,0.115374174587065,8.11503089220783,eligible,borderline,borderline,24,insufficient_evidence,insufficient_overlap,insufficient_overlap,False,False,2,,0.08719311911465,0.0003797813032947,0,0,0,0,0,1,insufficient_evidence,"insufficient_overlap (prop insufficient 34.4% solo_first vs 23% overall, 33.3% duel, 47.7% wargame_duel vs Euro 21.5%) + cross thin or unidentified counterfactual — valid we can't tell (n_sup 2, spec 0.00, max_w 1525.6869133110818)","insufficient_overlap (prop insufficient 34.4% solo_first vs 23% overall, 33.3% duel, 47.7% wargame_duel vs Euro 21.5%) + cross thin or unidentified counterfactual — valid we can't tell (n_sup 2, spec 0.00, max_w 1525.6869133110818) | note: edition_title (title pattern 55/532 10.3% pool vs 501/14698 3.41% pop, per-pattern n<50 below gate, niche enriched — monitoring); borderline eligibility (medium/borderline confidence via Game: + title without link — review queue not hard exclude per 6A, 61 total pool borderline); ecosystem max_eco 24 (Game: Catan 40 Unlock 47 etc., 2740 Game: 18.6% — borderline not hard unless link corroborates)"
241203,Ascension: Year Four Collector's Edition,2017.0,122,8.176847733597981,6.64387682487275,1.5329709087252308,1.4253667319825745,0.1080489573802186,7.965071777132753,eligible,borderline,borderline,24,insufficient_evidence,insufficient_overlap,insufficient_overlap,False,False,2,,0.0936967049097546,0.0004335239405534,0,0,0,0,0,1,insufficient_evidence,"insufficient_overlap (prop insufficient 34.4% solo_first vs 23% overall, 33.3% duel, 47.7% wargame_duel vs Euro 21.5%) + cross thin or unidentified counterfactual — valid we can't tell (n_sup 2, spec 0.00, max_w 1059.0712111904052)","insufficient_overlap (prop insufficient 34.4% solo_first vs 23% overall, 33.3% duel, 47.7% wargame_duel vs Euro 21.5%) + cross thin or unidentified counterfactual — valid we can't tell (n_sup 2, spec 0.00, max_w 1059.0712111904052) | note: edition_title (title pattern 55/532 10.3% pool vs 501/14698 3.41% pop, per-pattern n<50 below gate, niche enriched — monitoring); borderline eligibility (medium/borderline confidence via Game: + title without link — review queue not hard exclude per 6A, 61 total pool borderline); ecosystem max_eco 24 (Game: Catan 40 Unlock 47 etc., 2740 Game: 18.6% — borderline not hard unless link corroborates)"
159333,Fendo,2014.0,121,8.166506203111037,6.648537711077063,1.5179684920339742,1.4937804547712703,0.1084945219813813,7.95385694002753,eligible,eligible,eligible,0,insufficient_evidence,insufficient_overlap,insufficient_overlap,False,False,2,,0.1829949786476374,0.0004120268856499,0,0,1,0,1,0,insufficient_evidence,"insufficient_overlap (prop insufficient 34.4% solo_first vs 23% overall, 33.3% duel, 47.7% wargame_duel vs Euro 21.5%) + cross thin or unidentified counterfactual — valid we can't tell (n_sup 2, spec 0.00, max_w 1009.7588667969032)","insufficient_overlap (prop insufficient 34.4% solo_first vs 23% overall, 33.3% duel, 47.7% wargame_duel vs Euro 21.5%) + cross thin or unidentified counterfactual — valid we can't tell (n_sup 2, spec 0.00, max_w 1009.7588667969032) | note: euro_duel (max≤2 Euro not wargame not solo, 1402 7.3% pop spec 0.833 insufficient 21.5% vs wargame 47.7% — broader than wargame, monitor)"
56995,The Twelve Doctors: Doctor Who Card Game,2009.0,139,7.732817228271512,6.2248449753701,1.5079722529014117,1.465715327296297,0.1012262377230807,7.5344138023342735,eligible,eligible,eligible,0,insufficient_evidence,insufficient_overlap,insufficient_overlap,False,False,2,,0.1111716744633025,0.0004980151052639,0,0,1,0,1,0,insufficient_evidence,"insufficient_overlap (prop insufficient 34.4% solo_first vs 23% overall, 33.3% duel, 47.7% wargame_duel vs Euro 21.5%) + cross thin or unidentified counterfactual — valid we can't tell (n_sup 2, spec 0.00, max_w 1118.6372531743818)","insufficient_overlap (prop insufficient 34.4% solo_first vs 23% overall, 33.3% duel, 47.7% wargame_duel vs Euro 21.5%) + cross thin or unidentified counterfactual — valid we can't tell (n_sup 2, spec 0.00, max_w 1118.6372531743818) | note: euro_duel (max≤2 Euro not wargame not solo, 1402 7.3% pop spec 0.833 insufficient 21.5% vs wargame 47.7% — broader than wargame, monitor)"
275626,Dominion: Einsteiger-Bigbox,2019.0,114,8.35750685195751,6.858775453848667,1.498731398108843,1.4341955111146678,0.11177587291431,8.138426141045462,eligible,hard_exclude,high,5,insufficient_evidence,insufficient_overlap,insufficient_overlap,False,False,3,,0.2463946110290336,0.000408444043166,0,0,0,0,0,0,excluded_not_eligible,"hard_exclude high confidence via deterministic game_links/contained_in/version + Game:/Series: + designer/year/weight — binding per 6A (e.g., contained_in target of 209418 (Dominion (Second Edition)) via game_links contained_in + families ['Game: Dominion'] + ti)","hard_exclude high confidence via deterministic game_links/contained_in/version + Game:/Series: + designer/year/weight — binding per 6A (e.g., contained_in target of 209418 (Dominion (Second Edition)) via game_links contained_in + families ['Game: Dominion'] + ti)"
68199,Catchup,2010.0,135,8.018880163988579,6.528659065363479,1.4902210986250992,1.3946618382465117,0.1027149387705526,7.817558883998295,eligible,eligible,eligible,0,insufficient_evidence,insufficient_overlap,insufficient_overlap,False,False,3,,0.2109318663098253,0.0004657695229086,0,0,1,0,1,0,insufficient_evidence,"insufficient_overlap (prop insufficient 34.4% solo_first vs 23% overall, 33.3% duel, 47.7% wargame_duel vs Euro 21.5%) + cross thin or unidentified counterfactual — valid we can't tell (n_sup 3, spec 0.00, max_w 1378.1697650645406)","insufficient_overlap (prop insufficient 34.4% solo_first vs 23% overall, 33.3% duel, 47.7% wargame_duel vs Euro 21.5%) + cross thin or unidentified counterfactual — valid we can't tell (n_sup 3, spec 0.00, max_w 1378.1697650645406) | note: euro_duel (max≤2 Euro not wargame not solo, 1402 7.3% pop spec 0.833 insufficient 21.5% vs wargame 47.7% — broader than wargame, monitor)"
12071,Second Season Pro Football Game,1999.0,132,8.079682206743014,6.591765667595162,1.487916539147852,1.3564948433952466,0.1038755963880404,7.876086037822454,eligible,eligible,eligible,0,insufficient_evidence,insufficient_overlap,insufficient_overlap,False,False,3,,0.1937560077180558,0.0004191925706178,0,1,1,0,0,0,insufficient_evidence,"insufficient_overlap (prop insufficient 34.4% solo_first vs 23% overall, 33.3% duel, 47.7% wargame_duel vs Euro 21.5%) + cross thin or unidentified counterfactual — valid we can't tell (n_sup 3, spec 0.00, max_w 1047.4366771816565)","insufficient_overlap (prop insufficient 34.4% solo_first vs 23% overall, 33.3% duel, 47.7% wargame_duel vs Euro 21.5%) + cross thin or unidentified counterfactual — valid we can't tell (n_sup 3, spec 0.00, max_w 1047.4366771816565) | note: solo_first (min1 max≤2, 691 4.7% pop, spec 0.901, insufficient 34.4% vs 23% overall, cross 80.5% vs 86.2% — monitoring: general criteria triggered; thresholds not mode-specific)"
401168,nana: Christmas Edition,2022.0,100,8.160131243453613,6.6853435039208975,1.4747877395327151,1.4816937487013409,0.1193439741795195,7.926217054061754,eligible,borderline,borderline,0,insufficient_evidence,insufficient_overlap,insufficient_overlap,False,False,1,,0.2444825819534225,0.0003582842483913,0,0,0,0,0,1,insufficient_evidence,"insufficient_overlap (prop insufficient 34.4% solo_first vs 23% overall, 33.3% duel, 47.7% wargame_duel vs Euro 21.5%) + cross thin or unidentified counterfactual — valid we can't tell (n_sup 1, spec 0.00, max_w 1788.2828568202044)","insufficient_overlap (prop insufficient 34.4% solo_first vs 23% overall, 33.3% duel, 47.7% wargame_duel vs Euro 21.5%) + cross thin or unidentified counterfactual — valid we can't tell (n_sup 1, spec 0.00, max_w 1788.2828568202044) | note: edition_title (title pattern 55/532 10.3% pool vs 501/14698 3.41% pop, per-pattern n<50 below gate, niche enriched — monitoring); borderline eligibility (medium/borderline confidence via Game: + title without link — review queue not hard exclude per 6A, 61 total pool borderline)"
265754,Exceed: Street Fighter – M. Bison Box,2019.0,134,8.573574810096195,7.101184018339636,1.4723907917565595,1.4736799801188294,0.103097491077084,8.371503727585111,eligible,eligible,eligible,8,insufficient_evidence,insufficient_overlap,insufficient_overlap,False,False,1,,0.1056560230372585,0.0004801008928443,0,0,1,0,1,0,insufficient_evidence,"insufficient_overlap (prop insufficient 34.4% solo_first vs 23% overall, 33.3% duel, 47.7% wargame_duel vs Euro 21.5%) + cross thin or unidentified counterfactual — valid we can't tell (n_sup 1, spec 0.00, max_w 645.2026648920254)","insufficient_overlap (prop insufficient 34.4% solo_first vs 23% overall, 33.3% duel, 47.7% wargame_duel vs Euro 21.5%) + cross thin or unidentified counterfactual — valid we can't tell (n_sup 1, spec 0.00, max_w 645.2026648920254) | note: euro_duel (max≤2 Euro not wargame not solo, 1402 7.3% pop spec 0.833 insufficient 21.5% vs wargame 47.7% — broader than wargame, monitor)"
301480,Binho Classic,2019.0,112,8.022526904294581,6.557019548759151,1.465507355535431,1.4597907246575268,0.1127694557689722,7.801498770987396,eligible,eligible,eligible,0,insufficient_evidence,insufficient_overlap,insufficient_overlap,False,False,2,,0.1142082894764345,0.0003941126732304,0,0,0,0,0,0,insufficient_evidence,"insufficient_overlap (prop insufficient 34.4% solo_first vs 23% overall, 33.3% duel, 47.7% wargame_duel vs Euro 21.5%) + cross thin or unidentified counterfactual — valid we can't tell (n_sup 2, spec 0.00, max_w 2511.5060249445064)","insufficient_overlap (prop insufficient 34.4% solo_first vs 23% overall, 33.3% duel, 47.7% wargame_duel vs Euro 21.5%) + cross thin or unidentified counterfactual — valid we can't tell (n_sup 2, spec 0.00, max_w 2511.5060249445064)"
183836,Ferox,2015.0,121,7.957118615730168,6.569963932546095,1.3871546831840735,1.3238535036510155,0.1084945219813813,7.74446935264666,eligible,eligible,eligible,0,insufficient_evidence,insufficient_overlap,insufficient_overlap,False,False,2,,0.0509014087049549,0.0004335239405534,0,0,1,0,1,0,insufficient_evidence,"insufficient_overlap (prop insufficient 34.4% solo_first vs 23% overall, 33.3% duel, 47.7% wargame_duel vs Euro 21.5%) + cross thin or unidentified counterfactual — valid we can't tell (n_sup 2, spec 0.00, max_w 1309.7211735242856)","insufficient_overlap (prop insufficient 34.4% solo_first vs 23% overall, 33.3% duel, 47.7% wargame_duel vs Euro 21.5%) + cross thin or unidentified counterfactual — valid we can't tell (n_sup 2, spec 0.00, max_w 1309.7211735242856) | note: euro_duel (max≤2 Euro not wargame not solo, 1402 7.3% pop spec 0.833 insufficient 21.5% vs wargame 47.7% — broader than wargame, monitor)"
174400,BattleCON: Wanderers of Indines,2020.0,131,8.823743295541332,7.469341515368049,1.3544017801732835,1.3614228242445794,0.1042713143786963,8.619371519359088,eligible,eligible,eligible,5,insufficient_evidence,insufficient_overlap,insufficient_overlap,False,False,2,,0.1073080681551803,0.0004657695229086,0,0,0,0,0,0,insufficient_evidence,"insufficient_overlap (prop insufficient 34.4% solo_first vs 23% overall, 33.3% duel, 47.7% wargame_duel vs Euro 21.5%) + cross thin or unidentified counterfactual — valid we can't tell (n_sup 2, spec 0.00, max_w 791.6449261693493)","insufficient_overlap (prop insufficient 34.4% solo_first vs 23% overall, 33.3% duel, 47.7% wargame_duel vs Euro 21.5%) + cross thin or unidentified counterfactual — valid we can't tell (n_sup 2, spec 0.00, max_w 791.6449261693493)"
185381,"Exceed: Red Horizon – Alice, Zoey, Gabrek, and Ulrik",2016.0,121,8.0777546311927,6.734307033485464,1.343447597707236,1.358887060754288,0.1084945219813813,7.865105368109193,eligible,eligible,eligible,8,insufficient_evidence,insufficient_overlap,insufficient_overlap,False,False,2,,0.1416726645980506,0.0004263582555856,0,0,1,0,1,0,insufficient_evidence,"insufficient_overlap (prop insufficient 34.4% solo_first vs 23% overall, 33.3% duel, 47.7% wargame_duel vs Euro 21.5%) + cross thin or unidentified counterfactual — valid we can't tell (n_sup 2, spec 0.00, max_w 1095.076084918548)","insufficient_overlap (prop insufficient 34.4% solo_first vs 23% overall, 33.3% duel, 47.7% wargame_duel vs Euro 21.5%) + cross thin or unidentified counterfactual — valid we can't tell (n_sup 2, spec 0.00, max_w 1095.076084918548) | note: euro_duel (max≤2 Euro not wargame not solo, 1402 7.3% pop spec 0.833 insufficient 21.5% vs wargame 47.7% — broader than wargame, monitor)"
160436,Lost Legacy: Binbo Tantei to Inbo no Shiro,2014.0,116,7.607473968178757,6.277785948582835,1.3296880195959222,1.3859632671331037,0.1108080982232961,7.390290095661097,eligible,eligible,eligible,8,insufficient_evidence,insufficient_overlap,insufficient_overlap,False,False,2,,0.3320253882673053,0.0004120268856499,0,0,0,0,0,0,insufficient_evidence,"insufficient_overlap (prop insufficient 34.4% solo_first vs 23% overall, 33.3% duel, 47.7% wargame_duel vs Euro 21.5%) + cross thin or unidentified counterfactual — valid we can't tell (n_sup 2, spec 0.00, max_w 1439.598561156159)","insufficient_overlap (prop insufficient 34.4% solo_first vs 23% overall, 33.3% duel, 47.7% wargame_duel vs Euro 21.5%) + cross thin or unidentified counterfactual — valid we can't tell (n_sup 2, spec 0.00, max_w 1439.598561156159)"
185380,"Exceed: Red Horizon – Satoshi, Mei Lien, Morathi, and Baelkhor",2016.0,118,8.16846568283193,6.864378156926048,1.3040875259058833,1.3278292851841726,0.1098650334287785,7.953130217311525,eligible,eligible,eligible,8,insufficient_evidence,insufficient_overlap,insufficient_overlap,False,False,1,,0.1129571582246089,0.000408444043166,0,0,1,0,1,0,insufficient_evidence,"insufficient_overlap (prop insufficient 34.4% solo_first vs 23% overall, 33.3% duel, 47.7% wargame_duel vs Euro 21.5%) + cross thin or unidentified counterfactual — valid we can't tell (n_sup 1, spec 0.00, max_w 1166.618036258517)","insufficient_overlap (prop insufficient 34.4% solo_first vs 23% overall, 33.3% duel, 47.7% wargame_duel vs Euro 21.5%) + cross thin or unidentified counterfactual — valid we can't tell (n_sup 1, spec 0.00, max_w 1166.618036258517) | note: euro_duel (max≤2 Euro not wargame not solo, 1402 7.3% pop spec 0.833 insufficient 21.5% vs wargame 47.7% — broader than wargame, monitor)"
224141,DreadBall (Second Edition),2018.0,135,8.375095139399932,7.09134990115022,1.2837452382497112,1.2648878045884189,0.1027149387705526,8.173773859409648,eligible,borderline,borderline,3,insufficient_evidence,insufficient_overlap,insufficient_overlap,False,False,3,,0.2473692698984293,0.0004729352078765,0,0,1,0,1,1,insufficient_evidence,"insufficient_overlap (prop insufficient 34.4% solo_first vs 23% overall, 33.3% duel, 47.7% wargame_duel vs Euro 21.5%) + cross thin or unidentified counterfactual — valid we can't tell (n_sup 3, spec 0.00, max_w 1370.212907219913)","insufficient_overlap (prop insufficient 34.4% solo_first vs 23% overall, 33.3% duel, 47.7% wargame_duel vs Euro 21.5%) + cross thin or unidentified counterfactual — valid we can't tell (n_sup 3, spec 0.00, max_w 1370.212907219913) | note: euro_duel (max≤2 Euro not wargame not solo, 1402 7.3% pop spec 0.833 insufficient 21.5% vs wargame 47.7% — broader than wargame, monitor); edition_title (title pattern 55/532 10.3% pool vs 501/14698 3.41% pop, per-pattern n<50 below gate, niche enriched — monitoring); borderline eligibility (medium/borderline confidence via Game: + title without link — review queue not hard exclude per 6A, 61 total pool borderline)"
359929,Hachi Train,2021.0,104,8.08936433351446,6.840239215644502,1.2491251178699585,1.25007398753948,0.1170263948405929,7.859992599626898,eligible,eligible,eligible,0,insufficient_evidence,insufficient_overlap,insufficient_overlap,False,False,2,,0.3737133511841918,0.0003726156183269,0,0,0,0,0,0,insufficient_evidence,"insufficient_overlap (prop insufficient 34.4% solo_first vs 23% overall, 33.3% duel, 47.7% wargame_duel vs Euro 21.5%) + cross thin or unidentified counterfactual — valid we can't tell (n_sup 2, spec 0.00, max_w 449.6604231069824)","insufficient_overlap (prop insufficient 34.4% solo_first vs 23% overall, 33.3% duel, 47.7% wargame_duel vs Euro 21.5%) + cross thin or unidentified counterfactual — valid we can't tell (n_sup 2, spec 0.00, max_w 449.6604231069824)"
3003,Crash Tackle Rugby Board Game,2001.0,149,7.745019856594135,6.49926380207005,1.2457560545240849,1.1230892732838793,0.0977703931694625,7.553389885981989,eligible,eligible,eligible,0,insufficient_evidence,insufficient_overlap,insufficient_overlap,False,False,2,,0.0768617354365073,0.0005159293176834,0,0,1,0,1,0,insufficient_evidence,"insufficient_overlap (prop insufficient 34.4% solo_first vs 23% overall, 33.3% duel, 47.7% wargame_duel vs Euro 21.5%) + cross thin or unidentified counterfactual — valid we can't tell (n_sup 2, spec 0.00, max_w 966.4530293287212)","insufficient_overlap (prop insufficient 34.4% solo_first vs 23% overall, 33.3% duel, 47.7% wargame_duel vs Euro 21.5%) + cross thin or unidentified counterfactual — valid we can't tell (n_sup 2, spec 0.00, max_w 966.4530293287212) | note: euro_duel (max≤2 Euro not wargame not solo, 1402 7.3% pop spec 0.833 insufficient 21.5% vs wargame 47.7% — broader than wargame, monitor)"
369509,Of What's Left,2023.0,117,8.542877580824095,7.307766693844899,1.2351108869791965,1.2482725329843127,0.1103335431594635,8.326623836231548,eligible,borderline,borderline,0,insufficient_evidence,insufficient_overlap,insufficient_overlap,False,False,2,,0.3566193340901746,0.0004156097281339,0,0,0,0,0,0,insufficient_evidence,"insufficient_overlap (prop insufficient 34.4% solo_first vs 23% overall, 33.3% duel, 47.7% wargame_duel vs Euro 21.5%) + cross thin or unidentified counterfactual — valid we can't tell (n_sup 2, spec 0.00, max_w 643.4899757353498)","insufficient_overlap (prop insufficient 34.4% solo_first vs 23% overall, 33.3% duel, 47.7% wargame_duel vs Euro 21.5%) + cross thin or unidentified counterfactual — valid we can't tell (n_sup 2, spec 0.00, max_w 643.4899757353498) | note: borderline eligibility (medium/borderline confidence via Game: + title without link — review queue not hard exclude per 6A, 61 total pool borderline)"
340722,Smart10: Family,2021.0,147,7.683915234633063,6.460060859692234,1.2238543749408288,1.169940020856301,0.0984332508838647,7.490986062900689,eligible,eligible,eligible,3,insufficient_evidence,insufficient_overlap,insufficient_overlap,False,False,1,,0.1515612972304583,0.0005266778451352,0,0,0,0,0,0,insufficient_evidence,"insufficient_overlap (prop insufficient 34.4% solo_first vs 23% overall, 33.3% duel, 47.7% wargame_duel vs Euro 21.5%) + cross thin or unidentified counterfactual — valid we can't tell (n_sup 1, spec 0.00, max_w 1181.870676096882)","insufficient_overlap (prop insufficient 34.4% solo_first vs 23% overall, 33.3% duel, 47.7% wargame_duel vs Euro 21.5%) + cross thin or unidentified counterfactual — valid we can't tell (n_sup 1, spec 0.00, max_w 1181.870676096882)"
233996,The Primary,2018.0,108,7.967963081890026,6.755262271302509,1.212700810587516,1.2329480021695014,0.1148387926978422,7.742879048202255,eligible,eligible,eligible,22,insufficient_evidence,insufficient_overlap,insufficient_overlap,False,False,2,,0.0916100027221553,0.0003833641457786,0,0,0,0,0,0,insufficient_evidence,"insufficient_overlap (prop insufficient 34.4% solo_first vs 23% overall, 33.3% duel, 47.7% wargame_duel vs Euro 21.5%) + cross thin or unidentified counterfactual — valid we can't tell (n_sup 2, spec 0.00, max_w 1189.732384340564)","insufficient_overlap (prop insufficient 34.4% solo_first vs 23% overall, 33.3% duel, 47.7% wargame_duel vs Euro 21.5%) + cross thin or unidentified counterfactual — valid we can't tell (n_sup 2, spec 0.00, max_w 1189.732384340564) | note: ecosystem max_eco 22 (Game: Catan 40 Unlock 47 etc., 2740 Game: 18.6% — borderline not hard unless link corroborates)"
295604,Rangers of Shadow Deep: Standard Edition,2020.0,101,8.62188545250424,7.415741278033154,1.2061441744710848,1.2180440858872288,0.1187516927360825,8.389132134741518,eligible,borderline,borderline,2,insufficient_evidence,insufficient_overlap,insufficient_overlap,True,False,6,0.6435643564356436,0.1726415341753302,0.0003367871934878,0,0,0,0,0,1,insufficient_evidence,"insufficient_overlap (prop insufficient 34.4% solo_first vs 23% overall, 33.3% duel, 47.7% wargame_duel vs Euro 21.5%) + cross thin or unidentified counterfactual — valid we can't tell (n_sup 6, spec 0.64, max_w 10930.879019695987)","insufficient_overlap (prop insufficient 34.4% solo_first vs 23% overall, 33.3% duel, 47.7% wargame_duel vs Euro 21.5%) + cross thin or unidentified counterfactual — valid we can't tell (n_sup 6, spec 0.64, max_w 10930.879019695987) | note: edition_title (title pattern 55/532 10.3% pool vs 501/14698 3.41% pop, per-pattern n<50 below gate, niche enriched — monitoring); borderline eligibility (medium/borderline confidence via Game: + title without link — review queue not hard exclude per 6A, 61 total pool borderline)"
3365,Gumshoe,1985.0,146,7.799363660363855,6.593626724914536,1.2057369354493188,1.2181265716760017,0.0987697758001792,7.605774899795503,eligible,eligible,eligible,0,insufficient_evidence,insufficient_overlap,insufficient_overlap,False,True,7,0.726027397260274,0.1209775284102819,0.0005159293176834,0,0,0,0,0,0,insufficient_evidence,"insufficient_overlap (prop insufficient 34.4% solo_first vs 23% overall, 33.3% duel, 47.7% wargame_duel vs Euro 21.5%) + cross thin or unidentified counterfactual — valid we can't tell (n_sup 7, spec 0.73, max_w 925.8253021689744)","insufficient_overlap (prop insufficient 34.4% solo_first vs 23% overall, 33.3% duel, 47.7% wargame_duel vs Euro 21.5%) + cross thin or unidentified counterfactual — valid we can't tell (n_sup 7, spec 0.73, max_w 925.8253021689744)"
208754,Wings of Glory: Tripods & Triplanes,2018.0,102,7.974211209966231,6.773611987088927,1.2005992228773046,1.0917497950850574,0.1181681428029229,7.742601650072501,eligible,eligible,eligible,12,insufficient_evidence,insufficient_overlap,insufficient_overlap,False,False,2,0.7941176470588235,0.130518965074038,0.0003618670908752,0,0,0,0,0,0,insufficient_evidence,"insufficient_overlap (prop insufficient 34.4% solo_first vs 23% overall, 33.3% duel, 47.7% wargame_duel vs Euro 21.5%) + cross thin or unidentified counterfactual — valid we can't tell (n_sup 2, spec 0.79, max_w 5481.639368215522)","insufficient_overlap (prop insufficient 34.4% solo_first vs 23% overall, 33.3% duel, 47.7% wargame_duel vs Euro 21.5%) + cross thin or unidentified counterfactual — valid we can't tell (n_sup 2, spec 0.79, max_w 5481.639368215522) | note: ecosystem max_eco 12 (Game: Catan 40 Unlock 47 etc., 2740 Game: 18.6% — borderline not hard unless link corroborates)"
386906,Bohnanza: Dahlias,2023.0,140,8.049672248703017,6.856279438815221,1.1933928098877953,1.2650768141108184,0.1008640675540311,7.851978676297116,eligible,eligible,eligible,13,insufficient_evidence,insufficient_overlap,insufficient_overlap,False,False,1,,0.1750766335761879,0.0005015979477478,0,0,0,0,0,0,insufficient_evidence,"insufficient_overlap (prop insufficient 34.4% solo_first vs 23% overall, 33.3% duel, 47.7% wargame_duel vs Euro 21.5%) + cross thin or unidentified counterfactual — valid we can't tell (n_sup 1, spec 0.00, max_w 2840.9580647288835)","insufficient_overlap (prop insufficient 34.4% solo_first vs 23% overall, 33.3% duel, 47.7% wargame_duel vs Euro 21.5%) + cross thin or unidentified counterfactual — valid we can't tell (n_sup 1, spec 0.00, max_w 2840.9580647288835) | note: ecosystem max_eco 13 (Game: Catan 40 Unlock 47 etc., 2740 Game: 18.6% — borderline not hard unless link corroborates)"
295694,Catchy!,2019.0,106,7.666937425644299,6.483121341636435,1.183816084007864,1.1579253522198345,0.1159171148780976,7.439739880483228,eligible,eligible,eligible,0,insufficient_evidence,insufficient_overlap,insufficient_overlap,False,False,1,,0.4158033366704037,0.0003761984608108,0,0,1,0,1,0,insufficient_evidence,"insufficient_overlap (prop insufficient 34.4% solo_first vs 23% overall, 33.3% duel, 47.7% wargame_duel vs Euro 21.5%) + cross thin or unidentified counterfactual — valid we can't tell (n_sup 1, spec 0.00, max_w 1474.070615654395)","insufficient_overlap (prop insufficient 34.4% solo_first vs 23% overall, 33.3% duel, 47.7% wargame_duel vs Euro 21.5%) + cross thin or unidentified counterfactual — valid we can't tell (n_sup 1, spec 0.00, max_w 1474.070615654395) | note: euro_duel (max≤2 Euro not wargame not solo, 1402 7.3% pop spec 0.833 insufficient 21.5% vs wargame 47.7% — broader than wargame, monitor)"
185378,"Exceed: Red Horizon – Kaden, Eva, Miska, and Lily",2016.0,128,8.057383356321903,6.8860490896378845,1.1713342666840187,1.1589587785575386,0.105486166795113,7.850630469403482,eligible,eligible,eligible,8,insufficient_evidence,insufficient_overlap,insufficient_overlap,False,False,1,,0.095225819301788,0.0004478553104891,0,0,1,0,1,0,insufficient_evidence,"insufficient_overlap (prop insufficient 34.4% solo_first vs 23% overall, 33.3% duel, 47.7% wargame_duel vs Euro 21.5%) + cross thin or unidentified counterfactual — valid we can't tell (n_sup 1, spec 0.00, max_w 1053.3495847043528)","insufficient_overlap (prop insufficient 34.4% solo_first vs 23% overall, 33.3% duel, 47.7% wargame_duel vs Euro 21.5%) + cross thin or unidentified counterfactual — valid we can't tell (n_sup 1, spec 0.00, max_w 1053.3495847043528) | note: euro_duel (max≤2 Euro not wargame not solo, 1402 7.3% pop spec 0.833 insufficient 21.5% vs wargame 47.7% — broader than wargame, monitor)"
143680,Nightfall: Eastern Skies,2013.0,113,8.036883002448286,6.875122187920496,1.1617608145277902,1.0886361730407597,0.1122693670265072,7.816835043076332,eligible,eligible,eligible,4,insufficient_evidence,insufficient_overlap,insufficient_overlap,False,False,2,,0.1495818094268162,0.0003941126732304,0,0,0,0,0,0,insufficient_evidence,"insufficient_overlap (prop insufficient 34.4% solo_first vs 23% overall, 33.3% duel, 47.7% wargame_duel vs Euro 21.5%) + cross thin or unidentified counterfactual — valid we can't tell (n_sup 2, spec 0.00, max_w 785.9590944549781)","insufficient_overlap (prop insufficient 34.4% solo_first vs 23% overall, 33.3% duel, 47.7% wargame_duel vs Euro 21.5%) + cross thin or unidentified counterfactual — valid we can't tell (n_sup 2, spec 0.00, max_w 785.9590944549781)"
265755,Exceed: Street Fighter – Chun-Li Box,2019.0,127,8.565142783813933,7.404713657814041,1.160429125999892,1.1810922762010383,0.1059006523477852,8.357577505212273,eligible,eligible,eligible,8,insufficient_evidence,insufficient_overlap,insufficient_overlap,False,False,2,,0.1206639639805058,0.0004550209954569,0,0,1,0,1,0,insufficient_evidence,"insufficient_overlap (prop insufficient 34.4% solo_first vs 23% overall, 33.3% duel, 47.7% wargame_duel vs Euro 21.5%) + cross thin or unidentified counterfactual — valid we can't tell (n_sup 2, spec 0.00, max_w 356.88430830169074)","insufficient_overlap (prop insufficient 34.4% solo_first vs 23% overall, 33.3% duel, 47.7% wargame_duel vs Euro 21.5%) + cross thin or unidentified counterfactual — valid we can't tell (n_sup 2, spec 0.00, max_w 356.88430830169074) | note: euro_duel (max≤2 Euro not wargame not solo, 1402 7.3% pop spec 0.833 insufficient 21.5% vs wargame 47.7% — broader than wargame, monitor)"
5516,Symbioz,1995.0,107,7.516416716484024,6.361734901238474,1.1546818152455502,1.232346537005916,0.115374174587065,7.290283334293377,eligible,eligible,eligible,0,insufficient_evidence,insufficient_overlap,insufficient_overlap,False,False,2,,0.3054171613926748,0.0003726156183269,0,0,0,0,0,0,insufficient_evidence,"insufficient_overlap (prop insufficient 34.4% solo_first vs 23% overall, 33.3% duel, 47.7% wargame_duel vs Euro 21.5%) + cross thin or unidentified counterfactual — valid we can't tell (n_sup 2, spec 0.00, max_w 659.3922578596735)","insufficient_overlap (prop insufficient 34.4% solo_first vs 23% overall, 33.3% duel, 47.7% wargame_duel vs Euro 21.5%) + cross thin or unidentified counterfactual — valid we can't tell (n_sup 2, spec 0.00, max_w 659.3922578596735)"
174298,Napoleon's Last Gamble: Battles of the Hundred Days,2016.0,151,8.524707498575438,7.383662454411084,1.141045044164354,0.997154330901866,0.0971207488111762,8.334350830905533,eligible,eligible,eligible,7,high_audience_selectivity,borderline_overlap,moderately_sensitive,False,False,3,0.9801324503311258,0.0710141067882993,0.0004191925706178,0,0,0,0,0,0,niche_but_high_quality,taxonomy high_audience_selectivity — specialist-dependent,taxonomy high_audience_selectivity — specialist-dependent
83283,Volo,2010.0,101,7.967566568208754,6.838048425883477,1.1295181423252778,1.133307435760189,0.1187516927360825,7.734813250446033,eligible,eligible,eligible,0,insufficient_evidence,insufficient_overlap,insufficient_overlap,False,False,2,,0.2715098539552534,0.000326038666036,0,0,1,0,1,0,insufficient_evidence,"insufficient_overlap (prop insufficient 34.4% solo_first vs 23% overall, 33.3% duel, 47.7% wargame_duel vs Euro 21.5%) + cross thin or unidentified counterfactual — valid we can't tell (n_sup 2, spec 0.00, max_w 792.8054271971698)","insufficient_overlap (prop insufficient 34.4% solo_first vs 23% overall, 33.3% duel, 47.7% wargame_duel vs Euro 21.5%) + cross thin or unidentified counterfactual — valid we can't tell (n_sup 2, spec 0.00, max_w 792.8054271971698) | note: euro_duel (max≤2 Euro not wargame not solo, 1402 7.3% pop spec 0.833 insufficient 21.5% vs wargame 47.7% — broader than wargame, monitor)"
176601,Dead of Winter: Tabletop Edition,2015.0,104,8.07363665020583,6.947364803322957,1.1262718468828723,1.140280367177592,0.1170263948405929,7.844264916318267,eligible,borderline,borderline,7,insufficient_evidence,insufficient_overlap,insufficient_overlap,False,True,5,0.7115384615384616,0.1801934572629072,0.000369032775843,0,0,0,0,0,1,insufficient_evidence,"insufficient_overlap (prop insufficient 34.4% solo_first vs 23% overall, 33.3% duel, 47.7% wargame_duel vs Euro 21.5%) + cross thin or unidentified counterfactual — valid we can't tell (n_sup 5, spec 0.71, max_w 1285.2736788192765)","insufficient_overlap (prop insufficient 34.4% solo_first vs 23% overall, 33.3% duel, 47.7% wargame_duel vs Euro 21.5%) + cross thin or unidentified counterfactual — valid we can't tell (n_sup 5, spec 0.71, max_w 1285.2736788192765) | note: edition_title (title pattern 55/532 10.3% pool vs 501/14698 3.41% pop, per-pattern n<50 below gate, niche enriched — monitoring); borderline eligibility (medium/borderline confidence via Game: + title without link — review queue not hard exclude per 6A, 61 total pool borderline)"
224830,Chimera & More,2017.0,136,8.05503327505175,6.933744498071656,1.1212887769800943,1.0904352328435216,0.1023366135853585,7.854453512424447,eligible,eligible,eligible,17,insufficient_evidence,insufficient_overlap,insufficient_overlap,False,False,1,,0.3765414054828342,0.0004872665778121,0,0,0,0,0,0,insufficient_evidence,"insufficient_overlap (prop insufficient 34.4% solo_first vs 23% overall, 33.3% duel, 47.7% wargame_duel vs Euro 21.5%) + cross thin or unidentified counterfactual — valid we can't tell (n_sup 1, spec 0.00, max_w 631.1471935050231)","insufficient_overlap (prop insufficient 34.4% solo_first vs 23% overall, 33.3% duel, 47.7% wargame_duel vs Euro 21.5%) + cross thin or unidentified counterfactual — valid we can't tell (n_sup 1, spec 0.00, max_w 631.1471935050231) | note: ecosystem max_eco 17 (Game: Catan 40 Unlock 47 etc., 2740 Game: 18.6% — borderline not hard unless link corroborates)"
144574,Last Chance for Victory: The Battle of Gettysburg,2014.0,165,8.990150177064573,7.8708013573495155,1.1193488197150572,1.037612192280724,0.0929091578907959,8.808048227598613,eligible,eligible,eligible,2,high_audience_selectivity,borderline_overlap,moderately_sensitive,False,False,3,0.9636363636363636,0.1591537816829411,0.0004335239405534,0,0,1,1,0,0,niche_but_high_quality,taxonomy high_audience_selectivity — specialist-dependent,"taxonomy high_audience_selectivity — specialist-dependent | note: wargame_duel (Wargame & max≤2, 1153 7.8% pop, spec 0.906, insufficient 47.7% vs Euro 21.5% — doubly niche monitor)"
173776,Battle for Biternia,2018.0,126,8.315857592624537,7.205091750970118,1.1107658416544195,1.0111581898271709,0.1063200625132756,8.107470270098517,eligible,eligible,eligible,0,insufficient_evidence,insufficient_overlap,insufficient_overlap,False,False,2,,0.1155905361191908,0.0004442724680052,0,0,0,0,0,0,insufficient_evidence,"insufficient_overlap (prop insufficient 34.4% solo_first vs 23% overall, 33.3% duel, 47.7% wargame_duel vs Euro 21.5%) + cross thin or unidentified counterfactual — valid we can't tell (n_sup 2, spec 0.00, max_w 892.6509120646314)","insufficient_overlap (prop insufficient 34.4% solo_first vs 23% overall, 33.3% duel, 47.7% wargame_duel vs Euro 21.5%) + cross thin or unidentified counterfactual — valid we can't tell (n_sup 2, spec 0.00, max_w 892.6509120646314)"
146207,Dead Man's Hand,2013.0,136,7.9825298601065695,6.881517137707325,1.1010127223992443,1.0306030039343446,0.1023366135853585,7.781950097479267,eligible,eligible,eligible,0,insufficient_evidence,insufficient_overlap,insufficient_overlap,True,False,7,0.75,0.154207794591529,0.0004657695229086,0,0,0,0,0,0,insufficient_evidence,"insufficient_overlap (prop insufficient 34.4% solo_first vs 23% overall, 33.3% duel, 47.7% wargame_duel vs Euro 21.5%) + cross thin or unidentified counterfactual — valid we can't tell (n_sup 7, spec 0.75, max_w 14962.888386284149)","insufficient_overlap (prop insufficient 34.4% solo_first vs 23% overall, 33.3% duel, 47.7% wargame_duel vs Euro 21.5%) + cross thin or unidentified counterfactual — valid we can't tell (n_sup 7, spec 0.75, max_w 14962.888386284149)"
390406,The Morrison Game Factory,2024.0,146,8.593847282891009,7.508896266524948,1.0849510163660607,1.0660536380356938,0.0987697758001792,8.400258522322657,eligible,eligible,eligible,0,insufficient_evidence,insufficient_overlap,insufficient_overlap,False,False,1,0.9452054794520548,0.2003729929123266,0.0005195121601673,0,0,0,0,0,0,insufficient_evidence,"insufficient_overlap (prop insufficient 34.4% solo_first vs 23% overall, 33.3% duel, 47.7% wargame_duel vs Euro 21.5%) + cross thin or unidentified counterfactual — valid we can't tell (n_sup 1, spec 0.95, max_w 1825.252081410782)","insufficient_overlap (prop insufficient 34.4% solo_first vs 23% overall, 33.3% duel, 47.7% wargame_duel vs Euro 21.5%) + cross thin or unidentified counterfactual — valid we can't tell (n_sup 1, spec 0.95, max_w 1825.252081410782)"
322985,Shadows of Brimstone: Swamps of Death (Revised Edition),2020.0,137,8.609584343208867,7.531044682105312,1.0785396611035551,1.1128109618332598,0.1019624382426238,8.409737964253324,eligible,borderline,borderline,6,insufficient_evidence,insufficient_overlap,insufficient_overlap,False,False,1,0.8832116788321168,0.161940775710811,0.0004801008928443,0,0,0,0,0,1,insufficient_evidence,"insufficient_overlap (prop insufficient 34.4% solo_first vs 23% overall, 33.3% duel, 47.7% wargame_duel vs Euro 21.5%) + cross thin or unidentified counterfactual — valid we can't tell (n_sup 1, spec 0.88, max_w 799.4482160286731)","insufficient_overlap (prop insufficient 34.4% solo_first vs 23% overall, 33.3% duel, 47.7% wargame_duel vs Euro 21.5%) + cross thin or unidentified counterfactual — valid we can't tell (n_sup 1, spec 0.88, max_w 799.4482160286731) | note: edition_title (title pattern 55/532 10.3% pool vs 501/14698 3.41% pop, per-pattern n<50 below gate, niche enriched — monitoring); borderline eligibility (medium/borderline confidence via Game: + title without link — review queue not hard exclude per 6A, 61 total pool borderline)"
264476,Rangers of Shadow Deep,2018.0,486,8.502137496477564,7.43155519114875,1.0705823053288146,1.08557362402588,0.0541355260399469,8.396031865439268,eligible,eligible,eligible,2,moderate_audience_selectivity,insufficient_overlap,insufficient_overlap,True,False,8,0.565843621399177,0.1736255676389461,0.0016839359674391,0,0,0,0,0,0,insufficient_evidence,"insufficient_overlap (prop insufficient 34.4% solo_first vs 23% overall, 33.3% duel, 47.7% wargame_duel vs Euro 21.5%) + cross thin or unidentified counterfactual — valid we can't tell (n_sup 8, spec 0.57, max_w 18794.8413958452)","insufficient_overlap (prop insufficient 34.4% solo_first vs 23% overall, 33.3% duel, 47.7% wargame_duel vs Euro 21.5%) + cross thin or unidentified counterfactual — valid we can't tell (n_sup 8, spec 0.57, max_w 18794.8413958452)"
23827,Millionen von Schwalben,2006.0,133,7.546311479834395,6.480486513757029,1.0658249660773658,1.0456889982822366,0.1034843498136905,7.343482154199561,eligible,eligible,eligible,0,insufficient_evidence,insufficient_overlap,insufficient_overlap,False,False,1,,0.2210239353368811,0.0004729352078765,0,0,0,0,0,0,insufficient_evidence,"insufficient_overlap (prop insufficient 34.4% solo_first vs 23% overall, 33.3% duel, 47.7% wargame_duel vs Euro 21.5%) + cross thin or unidentified counterfactual — valid we can't tell (n_sup 1, spec 0.00, max_w 693.2768470623142)","insufficient_overlap (prop insufficient 34.4% solo_first vs 23% overall, 33.3% duel, 47.7% wargame_duel vs Euro 21.5%) + cross thin or unidentified counterfactual — valid we can't tell (n_sup 1, spec 0.00, max_w 693.2768470623142)"
216710,Wings of Glory: WW2 Battle of Britain Starter Set,2017.0,184,7.987072953665709,6.924029218823469,1.0630437348422408,0.9899845145196496,0.0879815450416394,7.814629125384095,eligible,eligible,eligible,12,moderate_audience_selectivity,insufficient_overlap,insufficient_overlap,True,False,6,0.7010869565217391,0.1335244762093523,0.0006449116471043,0,0,0,0,0,0,insufficient_evidence,"insufficient_overlap (prop insufficient 34.4% solo_first vs 23% overall, 33.3% duel, 47.7% wargame_duel vs Euro 21.5%) + cross thin or unidentified counterfactual — valid we can't tell (n_sup 6, spec 0.70, max_w 9778.987007805305)","insufficient_overlap (prop insufficient 34.4% solo_first vs 23% overall, 33.3% duel, 47.7% wargame_duel vs Euro 21.5%) + cross thin or unidentified counterfactual — valid we can't tell (n_sup 6, spec 0.70, max_w 9778.987007805305) | note: ecosystem max_eco 12 (Game: Catan 40 Unlock 47 etc., 2740 Game: 18.6% — borderline not hard unless link corroborates)"
361923,Curse of the Dark,2022.0,128,8.255860213505064,7.193623728012765,1.0622364854922992,1.0512988282245264,0.105486166795113,8.049107326586643,eligible,eligible,eligible,0,insufficient_evidence,insufficient_overlap,insufficient_overlap,False,False,4,0.8984375,0.1427026996431586,0.0004406896255213,0,0,0,0,0,0,insufficient_evidence,"insufficient_overlap (prop insufficient 34.4% solo_first vs 23% overall, 33.3% duel, 47.7% wargame_duel vs Euro 21.5%) + cross thin or unidentified counterfactual — valid we can't tell (n_sup 4, spec 0.90, max_w 1178.0721205741547)","insufficient_overlap (prop insufficient 34.4% solo_first vs 23% overall, 33.3% duel, 47.7% wargame_duel vs Euro 21.5%) + cross thin or unidentified counterfactual — valid we can't tell (n_sup 4, spec 0.90, max_w 1178.0721205741547)"
232956,Omen: Fires in the East,2019.0,103,7.916358921137093,6.861697477709772,1.0546614434273218,1.0235680099596527,0.1175931119315639,7.685876421751227,eligible,eligible,eligible,4,insufficient_evidence,insufficient_overlap,insufficient_overlap,False,False,2,,0.1633835018404577,0.0003654499333591,0,0,1,0,1,0,insufficient_evidence,"insufficient_overlap (prop insufficient 34.4% solo_first vs 23% overall, 33.3% duel, 47.7% wargame_duel vs Euro 21.5%) + cross thin or unidentified counterfactual — valid we can't tell (n_sup 2, spec 0.00, max_w 967.7034428313)","insufficient_overlap (prop insufficient 34.4% solo_first vs 23% overall, 33.3% duel, 47.7% wargame_duel vs Euro 21.5%) + cross thin or unidentified counterfactual — valid we can't tell (n_sup 2, spec 0.00, max_w 967.7034428313) | note: euro_duel (max≤2 Euro not wargame not solo, 1402 7.3% pop spec 0.833 insufficient 21.5% vs wargame 47.7% — broader than wargame, monitor)"
368846,Dice Cards,2023.0,118,7.642541188206667,6.590379069198779,1.052162119007888,0.9347993619490672,0.1098650334287785,7.427205722686261,eligible,eligible,eligible,0,insufficient_evidence,insufficient_overlap,insufficient_overlap,False,False,2,,0.1977029209364733,0.0004156097281339,0,0,0,0,0,0,insufficient_evidence,"insufficient_overlap (prop insufficient 34.4% solo_first vs 23% overall, 33.3% duel, 47.7% wargame_duel vs Euro 21.5%) + cross thin or unidentified counterfactual — valid we can't tell (n_sup 2, spec 0.00, max_w 1517.8754669300938)","insufficient_overlap (prop insufficient 34.4% solo_first vs 23% overall, 33.3% duel, 47.7% wargame_duel vs Euro 21.5%) + cross thin or unidentified counterfactual — valid we can't tell (n_sup 2, spec 0.00, max_w 1517.8754669300938)"
232981,Tanto Cuore: Winter Romance,2018.0,144,7.84887258884988,6.811738077485751,1.0371345113641288,0.9583162230944168,0.0994533118162662,7.653944097689998,eligible,eligible,eligible,6,insufficient_evidence,insufficient_overlap,insufficient_overlap,False,False,3,,0.0732768006718377,0.0005087636327156,0,0,0,0,0,0,insufficient_evidence,"insufficient_overlap (prop insufficient 34.4% solo_first vs 23% overall, 33.3% duel, 47.7% wargame_duel vs Euro 21.5%) + cross thin or unidentified counterfactual — valid we can't tell (n_sup 3, spec 0.00, max_w 1229.5953453654497)","insufficient_overlap (prop insufficient 34.4% solo_first vs 23% overall, 33.3% duel, 47.7% wargame_duel vs Euro 21.5%) + cross thin or unidentified counterfactual — valid we can't tell (n_sup 3, spec 0.00, max_w 1229.5953453654497)"
342492,A game about WEE WHIMSICAL CREATURES and trying to identify them after someone makes noises.,2021.0,127,7.593953939297365,6.557381410190526,1.0365725291068388,0.9883718022004392,0.1059006523477852,7.386388660695706,eligible,eligible,eligible,0,insufficient_evidence,insufficient_overlap,insufficient_overlap,False,False,1,0.8346456692913385,0.1871597473077532,0.000451438152973,0,0,0,0,0,0,insufficient_evidence,"insufficient_overlap (prop insufficient 34.4% solo_first vs 23% overall, 33.3% duel, 47.7% wargame_duel vs Euro 21.5%) + cross thin or unidentified counterfactual — valid we can't tell (n_sup 1, spec 0.83, max_w 3008.650931951169)","insufficient_overlap (prop insufficient 34.4% solo_first vs 23% overall, 33.3% duel, 47.7% wargame_duel vs Euro 21.5%) + cross thin or unidentified counterfactual — valid we can't tell (n_sup 1, spec 0.83, max_w 3008.650931951169)"
939,Star Wars: The Queen's Gambit,2000.0,2222,7.919630953349073,6.883797437305642,1.035833516043431,0.967529733841098,0.0253179459597741,7.870007779267916,borderline,eligible,eligible,0,low_audience_selectivity,insufficient_overlap,insufficient_overlap,False,False,7,0.7821782178217822,0.1202341571109383,0.0078535907247373,1,0,0,0,0,0,insufficient_evidence,"insufficient_overlap (prop insufficient 34.4% solo_first vs 23% overall, 33.3% duel, 47.7% wargame_duel vs Euro 21.5%) + cross thin or unidentified counterfactual — valid we can't tell (n_sup 7, spec 0.78, max_w 11505.301383537397)","insufficient_overlap (prop insufficient 34.4% solo_first vs 23% overall, 33.3% duel, 47.7% wargame_duel vs Euro 21.5%) + cross thin or unidentified counterfactual — valid we can't tell (n_sup 7, spec 0.78, max_w 11505.301383537397) | note: hobby_well_known ref_penetration 0.785% >0.5% (360 eligible 2.95%, max 0.589% wargame, 0% >1% — monitoring)"
321044,Dungeon Fighter in the Catacombs of Gloomy Ghosts,2022.0,113,8.025192627253691,6.9965987250259225,1.0285939022277688,1.0289044325794183,0.1122693670265072,7.805144667881737,eligible,borderline,borderline,5,insufficient_evidence,insufficient_overlap,insufficient_overlap,True,False,5,0.6991150442477876,0.0964844642940728,0.0004012783581982,0,0,0,0,0,0,insufficient_evidence,"insufficient_overlap (prop insufficient 34.4% solo_first vs 23% overall, 33.3% duel, 47.7% wargame_duel vs Euro 21.5%) + cross thin or unidentified counterfactual — valid we can't tell (n_sup 5, spec 0.70, max_w 1402.2013868679528)","insufficient_overlap (prop insufficient 34.4% solo_first vs 23% overall, 33.3% duel, 47.7% wargame_duel vs Euro 21.5%) + cross thin or unidentified counterfactual — valid we can't tell (n_sup 5, spec 0.70, max_w 1402.2013868679528) | note: borderline eligibility (medium/borderline confidence via Game: + title without link — review queue not hard exclude per 6A, 61 total pool borderline)"
279056,Pompiers!,2019.0,111,7.798858631811304,6.772613538310939,1.026245093500365,1.020764961196439,0.1132762873373707,7.576837108630057,eligible,eligible,eligible,0,insufficient_evidence,insufficient_overlap,insufficient_overlap,False,False,2,,0.4513294288002694,0.0003941126732304,0,0,0,0,0,0,insufficient_evidence,"insufficient_overlap (prop insufficient 34.4% solo_first vs 23% overall, 33.3% duel, 47.7% wargame_duel vs Euro 21.5%) + cross thin or unidentified counterfactual — valid we can't tell (n_sup 2, spec 0.00, max_w 980.641223128096)","insufficient_overlap (prop insufficient 34.4% solo_first vs 23% overall, 33.3% duel, 47.7% wargame_duel vs Euro 21.5%) + cross thin or unidentified counterfactual — valid we can't tell (n_sup 2, spec 0.00, max_w 980.641223128096)"
259435,Middle-earth Strategy Battle Game: The Lord of the Rings – Battle of Pelennor Fields,2018.0,116,8.568697868859607,7.5568226199453665,1.0118752489142402,1.0418266250157142,0.1108080982232961,8.351513996341946,eligible,eligible,eligible,0,insufficient_evidence,insufficient_overlap,insufficient_overlap,True,False,5,0.6379310344827587,0.1886322537995076,0.0004012783581982,0,0,1,1,0,0,insufficient_evidence,"insufficient_overlap (prop insufficient 34.4% solo_first vs 23% overall, 33.3% duel, 47.7% wargame_duel vs Euro 21.5%) + cross thin or unidentified counterfactual — valid we can't tell (n_sup 5, spec 0.64, max_w 8420.326624909807)","insufficient_overlap (prop insufficient 34.4% solo_first vs 23% overall, 33.3% duel, 47.7% wargame_duel vs Euro 21.5%) + cross thin or unidentified counterfactual — valid we can't tell (n_sup 5, spec 0.64, max_w 8420.326624909807) | note: wargame_duel (Wargame & max≤2, 1153 7.8% pop, spec 0.906, insufficient 47.7% vs Euro 21.5% — doubly niche monitor)"
12355,Brigade Fire and Fury: Wargaming the Civil War with Miniatures,1990.0,174,7.863286095732696,6.85448405313198,1.008802042600716,0.950855061724325,0.0904744333384248,7.685956206389384,eligible,eligible,eligible,0,high_audience_selectivity,borderline_overlap,moderately_sensitive,False,False,3,0.942528735632184,0.1083495636656241,0.0005410092150708,0,0,0,0,0,0,niche_but_high_quality,taxonomy high_audience_selectivity — specialist-dependent,taxonomy high_audience_selectivity — specialist-dependent
147884,Ore: The Mining Game,2013.0,116,7.572801819867397,6.572155737711638,1.0006460821557592,1.0277056027105758,0.1108080982232961,7.355617947349737,eligible,eligible,eligible,0,insufficient_evidence,insufficient_overlap,insufficient_overlap,False,False,2,0.8620689655172413,0.1940943537845466,0.0004120268856499,0,0,0,0,0,0,insufficient_evidence,"insufficient_overlap (prop insufficient 34.4% solo_first vs 23% overall, 33.3% duel, 47.7% wargame_duel vs Euro 21.5%) + cross thin or unidentified counterfactual — valid we can't tell (n_sup 2, spec 0.86, max_w 1039.4684564478684)","insufficient_overlap (prop insufficient 34.4% solo_first vs 23% overall, 33.3% duel, 47.7% wargame_duel vs Euro 21.5%) + cross thin or unidentified counterfactual — valid we can't tell (n_sup 2, spec 0.86, max_w 1039.4684564478684)"
273655,Shadows of Brimstone: Gates of Valhalla,2023.0,120,8.623782232073932,7.631541553072504,0.9922406790014282,1.0196253638457176,0.1089456446007282,8.410248768656505,eligible,eligible,eligible,6,insufficient_evidence,insufficient_overlap,insufficient_overlap,False,False,2,0.9083333333333332,0.1621840847132441,0.0004156097281339,0,0,0,0,0,0,insufficient_evidence,"insufficient_overlap (prop insufficient 34.4% solo_first vs 23% overall, 33.3% duel, 47.7% wargame_duel vs Euro 21.5%) + cross thin or unidentified counterfactual — valid we can't tell (n_sup 2, spec 0.91, max_w 924.5752661935744)","insufficient_overlap (prop insufficient 34.4% solo_first vs 23% overall, 33.3% duel, 47.7% wargame_duel vs Euro 21.5%) + cross thin or unidentified counterfactual — valid we can't tell (n_sup 2, spec 0.91, max_w 924.5752661935744)"
181807,Dragon Rampant: Fantasy Wargaming Rules,2015.0,138,7.803775105765958,6.814186821347938,0.9895882844180192,0.8978394811440733,0.1015923374270194,7.604654124409,eligible,eligible,eligible,3,insufficient_evidence,insufficient_overlap,insufficient_overlap,True,False,6,0.782608695652174,0.1353360704122508,0.0004621866804247,0,0,0,0,0,0,insufficient_evidence,"insufficient_overlap (prop insufficient 34.4% solo_first vs 23% overall, 33.3% duel, 47.7% wargame_duel vs Euro 21.5%) + cross thin or unidentified counterfactual — valid we can't tell (n_sup 6, spec 0.78, max_w 6155.892570470848)","insufficient_overlap (prop insufficient 34.4% solo_first vs 23% overall, 33.3% duel, 47.7% wargame_duel vs Euro 21.5%) + cross thin or unidentified counterfactual — valid we can't tell (n_sup 6, spec 0.78, max_w 6155.892570470848)"
248375,SAGA Rulebook (2nd Edition),2018.0,136,8.395735795938235,7.407645838822704,0.9880899571155304,0.9213871887297832,0.1023366135853585,8.195156033310932,eligible,borderline,borderline,2,insufficient_evidence,insufficient_overlap,insufficient_overlap,False,False,3,0.8235294117647058,0.1381644768701069,0.0004657695229086,0,0,0,0,0,1,insufficient_evidence,"insufficient_overlap (prop insufficient 34.4% solo_first vs 23% overall, 33.3% duel, 47.7% wargame_duel vs Euro 21.5%) + cross thin or unidentified counterfactual — valid we can't tell (n_sup 3, spec 0.82, max_w 11437.296893326751)","insufficient_overlap (prop insufficient 34.4% solo_first vs 23% overall, 33.3% duel, 47.7% wargame_duel vs Euro 21.5%) + cross thin or unidentified counterfactual — valid we can't tell (n_sup 3, spec 0.82, max_w 11437.296893326751) | note: edition_title (title pattern 55/532 10.3% pool vs 501/14698 3.41% pop, per-pattern n<50 below gate, niche enriched — monitoring); borderline eligibility (medium/borderline confidence via Game: + title without link — review queue not hard exclude per 6A, 61 total pool borderline)"
264638,5x5 City,2018.0,137,7.535339413212562,6.549371488708198,0.9859679245043642,0.9671668946066836,0.1019624382426238,7.33549303425702,eligible,borderline,borderline,0,insufficient_evidence,insufficient_overlap,insufficient_overlap,False,False,2,,0.4047034652871895,0.000490849420296,0,0,0,0,0,0,insufficient_evidence,"insufficient_overlap (prop insufficient 34.4% solo_first vs 23% overall, 33.3% duel, 47.7% wargame_duel vs Euro 21.5%) + cross thin or unidentified counterfactual — valid we can't tell (n_sup 2, spec 0.00, max_w 1017.1908309143016)","insufficient_overlap (prop insufficient 34.4% solo_first vs 23% overall, 33.3% duel, 47.7% wargame_duel vs Euro 21.5%) + cross thin or unidentified counterfactual — valid we can't tell (n_sup 2, spec 0.00, max_w 1017.1908309143016) | note: borderline eligibility (medium/borderline confidence via Game: + title without link — review queue not hard exclude per 6A, 61 total pool borderline)"
188885,Grasse: Mestres Perfumistas,2018.0,101,7.921281126850633,6.940188596553167,0.9810925302974658,1.060291251873907,0.1187516927360825,7.688527809087911,eligible,eligible,eligible,0,insufficient_evidence,insufficient_overlap,insufficient_overlap,False,True,5,0.7821782178217822,0.1183133948580809,0.0003618670908752,0,0,0,0,0,0,insufficient_evidence,"insufficient_overlap (prop insufficient 34.4% solo_first vs 23% overall, 33.3% duel, 47.7% wargame_duel vs Euro 21.5%) + cross thin or unidentified counterfactual — valid we can't tell (n_sup 5, spec 0.78, max_w 881.8684093787209)","insufficient_overlap (prop insufficient 34.4% solo_first vs 23% overall, 33.3% duel, 47.7% wargame_duel vs Euro 21.5%) + cross thin or unidentified counterfactual — valid we can't tell (n_sup 5, spec 0.78, max_w 881.8684093787209)"
219774,Vikings Gone Wild Ultimate Set,2017.0,128,7.725844594493842,6.745413330535396,0.9804312639584464,0.8906989473871851,0.105486166795113,7.519091707575421,eligible,borderline,borderline,0,insufficient_evidence,insufficient_overlap,insufficient_overlap,False,False,2,,0.0882130893116492,0.0004586038379408,0,0,0,0,0,1,insufficient_evidence,"insufficient_overlap (prop insufficient 34.4% solo_first vs 23% overall, 33.3% duel, 47.7% wargame_duel vs Euro 21.5%) + cross thin or unidentified counterfactual — valid we can't tell (n_sup 2, spec 0.00, max_w 668.360119843046)","insufficient_overlap (prop insufficient 34.4% solo_first vs 23% overall, 33.3% duel, 47.7% wargame_duel vs Euro 21.5%) + cross thin or unidentified counterfactual — valid we can't tell (n_sup 2, spec 0.00, max_w 668.360119843046) | note: edition_title (title pattern 55/532 10.3% pool vs 501/14698 3.41% pop, per-pattern n<50 below gate, niche enriched — monitoring); borderline eligibility (medium/borderline confidence via Game: + title without link — review queue not hard exclude per 6A, 61 total pool borderline)"
290829,Fresco: Mega Box,2020.0,111,8.225438641903068,7.255547408829733,0.9698912330733354,0.9789967455502636,0.1132762873373707,8.00341711872182,eligible,eligible,eligible,3,insufficient_evidence,insufficient_overlap,insufficient_overlap,False,False,2,,0.202305919403652,0.0003976955157143,0,0,0,0,0,0,insufficient_evidence,"insufficient_overlap (prop insufficient 34.4% solo_first vs 23% overall, 33.3% duel, 47.7% wargame_duel vs Euro 21.5%) + cross thin or unidentified counterfactual — valid we can't tell (n_sup 2, spec 0.00, max_w 460.3660746167642)","insufficient_overlap (prop insufficient 34.4% solo_first vs 23% overall, 33.3% duel, 47.7% wargame_duel vs Euro 21.5%) + cross thin or unidentified counterfactual — valid we can't tell (n_sup 2, spec 0.00, max_w 460.3660746167642)"
30958,Check Your 6!,2007.0,142,7.978316460401845,7.014339655008657,0.9639768053931884,0.8883445735173963,0.1001512383564941,7.782020033223117,eligible,eligible,eligible,1,insufficient_evidence,insufficient_overlap,insufficient_overlap,False,False,3,0.9154929577464788,0.113827277201507,0.000451438152973,0,0,0,0,0,0,insufficient_evidence,"insufficient_overlap (prop insufficient 34.4% solo_first vs 23% overall, 33.3% duel, 47.7% wargame_duel vs Euro 21.5%) + cross thin or unidentified counterfactual — valid we can't tell (n_sup 3, spec 0.92, max_w 5236.395951978539)","insufficient_overlap (prop insufficient 34.4% solo_first vs 23% overall, 33.3% duel, 47.7% wargame_duel vs Euro 21.5%) + cross thin or unidentified counterfactual — valid we can't tell (n_sup 3, spec 0.92, max_w 5236.395951978539)"
8066,CrossFire: Rules and Organizations for Company Level WW II Gaming,1996.0,146,7.778584870265895,6.815465314435784,0.9631195558301116,0.9430079771430292,0.0987697758001792,7.584996109697544,eligible,eligible,eligible,0,insufficient_evidence,insufficient_overlap,insufficient_overlap,False,False,3,0.8698630136986302,0.1989652147441945,0.0004657695229086,0,0,0,0,0,0,insufficient_evidence,"insufficient_overlap (prop insufficient 34.4% solo_first vs 23% overall, 33.3% duel, 47.7% wargame_duel vs Euro 21.5%) + cross thin or unidentified counterfactual — valid we can't tell (n_sup 3, spec 0.87, max_w 9514.870030556694)","insufficient_overlap (prop insufficient 34.4% solo_first vs 23% overall, 33.3% duel, 47.7% wargame_duel vs Euro 21.5%) + cross thin or unidentified counterfactual — valid we can't tell (n_sup 3, spec 0.87, max_w 9514.870030556694)"
330097,The Red Dragon Inn 8: Pub Crawl,2022.0,123,7.919392636566072,6.960533499985294,0.958859136580778,1.079069774365835,0.1076088375982068,7.708479314873586,eligible,eligible,eligible,11,insufficient_evidence,insufficient_overlap,insufficient_overlap,False,False,2,0.7886178861788617,0.1516149790221872,0.0004299410980695,0,0,0,0,0,0,insufficient_evidence,"insufficient_overlap (prop insufficient 34.4% solo_first vs 23% overall, 33.3% duel, 47.7% wargame_duel vs Euro 21.5%) + cross thin or unidentified counterfactual — valid we can't tell (n_sup 2, spec 0.79, max_w 845.8967395762388)","insufficient_overlap (prop insufficient 34.4% solo_first vs 23% overall, 33.3% duel, 47.7% wargame_duel vs Euro 21.5%) + cross thin or unidentified counterfactual — valid we can't tell (n_sup 2, spec 0.79, max_w 845.8967395762388) | note: ecosystem max_eco 11 (Game: Catan 40 Unlock 47 etc., 2740 Game: 18.6% — borderline not hard unless link corroborates)"
153703,Darkest Night: Necromancer Bundle,2013.0,117,7.649267383745693,6.6925937895305765,0.9566735942151166,0.9396052513015968,0.1103335431594635,7.433013639153144,eligible,eligible,eligible,6,insufficient_evidence,insufficient_overlap,insufficient_overlap,False,False,2,0.8376068376068376,0.1291342812795348,0.0004156097281339,0,0,0,0,0,0,insufficient_evidence,"insufficient_overlap (prop insufficient 34.4% solo_first vs 23% overall, 33.3% duel, 47.7% wargame_duel vs Euro 21.5%) + cross thin or unidentified counterfactual — valid we can't tell (n_sup 2, spec 0.84, max_w 818.8906851302884)","insufficient_overlap (prop insufficient 34.4% solo_first vs 23% overall, 33.3% duel, 47.7% wargame_duel vs Euro 21.5%) + cross thin or unidentified counterfactual — valid we can't tell (n_sup 2, spec 0.84, max_w 818.8906851302884)"
332606,Hidden Games Tatort: Ein Drahtseilakt,2021.0,149,8.102740207134847,7.15016174784401,0.9525784592908372,0.903180446886214,0.0977703931694625,7.911110236522701,eligible,eligible,eligible,6,insufficient_evidence,insufficient_overlap,insufficient_overlap,False,False,2,0.9395973154362416,0.1002441260666908,0.0005230950026513,0,0,0,0,0,0,insufficient_evidence,"insufficient_overlap (prop insufficient 34.4% solo_first vs 23% overall, 33.3% duel, 47.7% wargame_duel vs Euro 21.5%) + cross thin or unidentified counterfactual — valid we can't tell (n_sup 2, spec 0.94, max_w 1483.3849392191084)","insufficient_overlap (prop insufficient 34.4% solo_first vs 23% overall, 33.3% duel, 47.7% wargame_duel vs Euro 21.5%) + cross thin or unidentified counterfactual — valid we can't tell (n_sup 2, spec 0.94, max_w 1483.3849392191084)"
336811,Catharsis,2022.0,105,8.306869751294075,7.357924675381898,0.9489450759121764,0.8659327583643304,0.1164677931077609,8.078592876802864,eligible,eligible,eligible,0,insufficient_evidence,insufficient_overlap,insufficient_overlap,False,False,6,0.7333333333333333,0.1778277670843353,0.0003582842483913,0,0,0,0,0,0,insufficient_evidence,"insufficient_overlap (prop insufficient 34.4% solo_first vs 23% overall, 33.3% duel, 47.7% wargame_duel vs Euro 21.5%) + cross thin or unidentified counterfactual — valid we can't tell (n_sup 6, spec 0.73, max_w 1210.7019835193207)","insufficient_overlap (prop insufficient 34.4% solo_first vs 23% overall, 33.3% duel, 47.7% wargame_duel vs Euro 21.5%) + cross thin or unidentified counterfactual — valid we can't tell (n_sup 6, spec 0.73, max_w 1210.7019835193207)"
2641,"Barbarian, Kingdom & Empire",1983.0,123,7.504335064481186,6.557518017979588,0.9468170465015984,0.9763452887763008,0.1076088375982068,7.2934217427887,eligible,eligible,eligible,0,insufficient_evidence,insufficient_overlap,insufficient_overlap,True,False,3,0.926829268292683,0.0748282300326151,0.0004048612006821,0,0,0,0,0,0,insufficient_evidence,"insufficient_overlap (prop insufficient 34.4% solo_first vs 23% overall, 33.3% duel, 47.7% wargame_duel vs Euro 21.5%) + cross thin or unidentified counterfactual — valid we can't tell (n_sup 3, spec 0.93, max_w 2874.3148872154165)","insufficient_overlap (prop insufficient 34.4% solo_first vs 23% overall, 33.3% duel, 47.7% wargame_duel vs Euro 21.5%) + cross thin or unidentified counterfactual — valid we can't tell (n_sup 3, spec 0.93, max_w 2874.3148872154165)"
136890,Hold the Line:  Frederick's War,2013.0,102,7.73118225929885,6.7912443716698245,0.939937887629026,0.7931786477818177,0.1181681428029229,7.499572699405121,eligible,eligible,eligible,5,insufficient_evidence,insufficient_overlap,insufficient_overlap,False,False,2,0.9411764705882352,0.1349299708646957,0.0003188729810682,0,1,1,1,0,0,insufficient_evidence,"insufficient_overlap (prop insufficient 34.4% solo_first vs 23% overall, 33.3% duel, 47.7% wargame_duel vs Euro 21.5%) + cross thin or unidentified counterfactual — valid we can't tell (n_sup 2, spec 0.94, max_w 10495.494279622008)","insufficient_overlap (prop insufficient 34.4% solo_first vs 23% overall, 33.3% duel, 47.7% wargame_duel vs Euro 21.5%) + cross thin or unidentified counterfactual — valid we can't tell (n_sup 2, spec 0.94, max_w 10495.494279622008) | note: solo_first (min1 max≤2, 691 4.7% pop, spec 0.901, insufficient 34.4% vs 23% overall, cross 80.5% vs 86.2% — monitoring: general criteria triggered; thresholds not mode-specific); wargame_duel (Wargame & max≤2, 1153 7.8% pop, spec 0.906, insufficient 47.7% vs Euro 21.5% — doubly niche monitor)"
405460,CATsle Builders,2023.0,130,8.226736586299314,7.290498702485461,0.9362378838138524,1.0079630145795342,0.1046715896101186,8.021580270663481,eligible,eligible,eligible,0,insufficient_evidence,insufficient_overlap,insufficient_overlap,False,False,2,,0.3600094731479419,0.0004621866804247,0,0,0,0,0,0,insufficient_evidence,"insufficient_overlap (prop insufficient 34.4% solo_first vs 23% overall, 33.3% duel, 47.7% wargame_duel vs Euro 21.5%) + cross thin or unidentified counterfactual — valid we can't tell (n_sup 2, spec 0.00, max_w 1084.7528511517148)","insufficient_overlap (prop insufficient 34.4% solo_first vs 23% overall, 33.3% duel, 47.7% wargame_duel vs Euro 21.5%) + cross thin or unidentified counterfactual — valid we can't tell (n_sup 2, spec 0.00, max_w 1084.7528511517148)"
4884,"The Legend Begins: North Africa, 1940-42",1991.0,151,8.011400621980624,7.077008048001314,0.9343925739793092,0.8397927537037919,0.0971207488111762,7.821043954310718,eligible,eligible,eligible,0,high_audience_selectivity,borderline_overlap,moderately_sensitive,False,False,2,0.9933774834437086,0.088187874172382,0.0004335239405534,0,0,1,1,0,0,niche_but_high_quality,taxonomy high_audience_selectivity — specialist-dependent,"taxonomy high_audience_selectivity — specialist-dependent | note: wargame_duel (Wargame & max≤2, 1153 7.8% pop, spec 0.906, insufficient 47.7% vs Euro 21.5% — doubly niche monitor)"
321047,Dungeon Fighter in the Castle of Frightening Frosts,2022.0,110,7.815985928050635,6.8827808011192175,0.9332051269314174,0.9262507848371122,0.1137900146320637,7.59295749937179,eligible,eligible,eligible,5,insufficient_evidence,insufficient_overlap,insufficient_overlap,False,False,5,0.6727272727272727,0.06647641924178,0.0003869469882626,0,0,0,0,0,0,insufficient_evidence,"insufficient_overlap (prop insufficient 34.4% solo_first vs 23% overall, 33.3% duel, 47.7% wargame_duel vs Euro 21.5%) + cross thin or unidentified counterfactual — valid we can't tell (n_sup 5, spec 0.67, max_w 2785.453684629633)","insufficient_overlap (prop insufficient 34.4% solo_first vs 23% overall, 33.3% duel, 47.7% wargame_duel vs Euro 21.5%) + cross thin or unidentified counterfactual — valid we can't tell (n_sup 5, spec 0.67, max_w 2785.453684629633)"
365128,Paper Tales : Édition intégrale,2022.0,126,8.217037117555215,7.284259923674838,0.9327771938803764,0.9136650719421252,0.1063200625132756,8.008649795029195,eligible,eligible,eligible,0,insufficient_evidence,insufficient_overlap,insufficient_overlap,False,False,2,,0.1366871813092223,0.000451438152973,0,0,0,0,0,0,insufficient_evidence,"insufficient_overlap (prop insufficient 34.4% solo_first vs 23% overall, 33.3% duel, 47.7% wargame_duel vs Euro 21.5%) + cross thin or unidentified counterfactual — valid we can't tell (n_sup 2, spec 0.00, max_w 819.6357847187187)","insufficient_overlap (prop insufficient 34.4% solo_first vs 23% overall, 33.3% duel, 47.7% wargame_duel vs Euro 21.5%) + cross thin or unidentified counterfactual — valid we can't tell (n_sup 2, spec 0.00, max_w 819.6357847187187)"
363538,Heading Forward,2022.0,114,8.146163975743137,7.215550507254315,0.930613468488822,0.9192033941803645,0.11177587291431,7.92708326483109,eligible,eligible,eligible,0,insufficient_evidence,insufficient_overlap,insufficient_overlap,False,False,2,,0.2272895994972821,0.0004048612006821,0,1,1,0,0,0,insufficient_evidence,"insufficient_overlap (prop insufficient 34.4% solo_first vs 23% overall, 33.3% duel, 47.7% wargame_duel vs Euro 21.5%) + cross thin or unidentified counterfactual — valid we can't tell (n_sup 2, spec 0.00, max_w 1238.5611646721763)","insufficient_overlap (prop insufficient 34.4% solo_first vs 23% overall, 33.3% duel, 47.7% wargame_duel vs Euro 21.5%) + cross thin or unidentified counterfactual — valid we can't tell (n_sup 2, spec 0.00, max_w 1238.5611646721763) | note: solo_first (min1 max≤2, 691 4.7% pop, spec 0.901, insufficient 34.4% vs 23% overall, cross 80.5% vs 86.2% — monitoring: general criteria triggered; thresholds not mode-specific)"
339349,Le Plateau,2021.0,146,8.335006976336958,7.409890534872057,0.9251164414649012,0.9094490393183996,0.0987697758001792,8.141418215768606,eligible,eligible,eligible,3,insufficient_evidence,insufficient_overlap,insufficient_overlap,False,False,2,,0.4058524449671211,0.0005230950026513,0,0,0,0,0,0,insufficient_evidence,"insufficient_overlap (prop insufficient 34.4% solo_first vs 23% overall, 33.3% duel, 47.7% wargame_duel vs Euro 21.5%) + cross thin or unidentified counterfactual — valid we can't tell (n_sup 2, spec 0.00, max_w 688.554723356574)","insufficient_overlap (prop insufficient 34.4% solo_first vs 23% overall, 33.3% duel, 47.7% wargame_duel vs Euro 21.5%) + cross thin or unidentified counterfactual — valid we can't tell (n_sup 2, spec 0.00, max_w 688.554723356574)"
214747,Mega Man Pixel Tactics: Bass Orange,2017.0,138,7.592631750552735,6.669199807152832,0.923431943399903,0.9234699807766962,0.1015923374270194,7.393510769195777,eligible,eligible,eligible,7,insufficient_evidence,insufficient_overlap,insufficient_overlap,False,False,2,,0.0610043210838572,0.0004801008928443,0,0,1,0,1,0,insufficient_evidence,"insufficient_overlap (prop insufficient 34.4% solo_first vs 23% overall, 33.3% duel, 47.7% wargame_duel vs Euro 21.5%) + cross thin or unidentified counterfactual — valid we can't tell (n_sup 2, spec 0.00, max_w 797.3462431838914)","insufficient_overlap (prop insufficient 34.4% solo_first vs 23% overall, 33.3% duel, 47.7% wargame_duel vs Euro 21.5%) + cross thin or unidentified counterfactual — valid we can't tell (n_sup 2, spec 0.00, max_w 797.3462431838914) | note: euro_duel (max≤2 Euro not wargame not solo, 1402 7.3% pop spec 0.833 insufficient 21.5% vs wargame 47.7% — broader than wargame, monitor)"
23421,1832: The South,2006.0,125,8.772476207947946,7.857778975352918,0.914697232595028,0.913561316482931,0.1067444955881541,8.563256996595165,eligible,eligible,eligible,81,insufficient_evidence,insufficient_overlap,insufficient_overlap,False,False,1,0.84,0.2284825819534225,0.0004406896255213,0,0,0,0,0,0,insufficient_evidence,"insufficient_overlap (prop insufficient 34.4% solo_first vs 23% overall, 33.3% duel, 47.7% wargame_duel vs Euro 21.5%) + cross thin or unidentified counterfactual — valid we can't tell (n_sup 1, spec 0.84, max_w 913.9735941897536)","insufficient_overlap (prop insufficient 34.4% solo_first vs 23% overall, 33.3% duel, 47.7% wargame_duel vs Euro 21.5%) + cross thin or unidentified counterfactual — valid we can't tell (n_sup 1, spec 0.84, max_w 913.9735941897536) | note: ecosystem max_eco 81 (Game: Catan 40 Unlock 47 etc., 2740 Game: 18.6% — borderline not hard unless link corroborates)"
170472,Prelude to Rebellion: Mobilization & Unrest in Lower Canada 1834-1837,2018.0,102,8.358057091683177,7.45000519093694,0.9080519007462372,0.9941890019099536,0.1181681428029229,8.126447531789449,eligible,eligible,eligible,0,insufficient_evidence,insufficient_overlap,insufficient_overlap,False,False,2,0.9411764705882352,0.2221296407769519,0.0003439528784556,0,0,1,1,0,0,insufficient_evidence,"insufficient_overlap (prop insufficient 34.4% solo_first vs 23% overall, 33.3% duel, 47.7% wargame_duel vs Euro 21.5%) + cross thin or unidentified counterfactual — valid we can't tell (n_sup 2, spec 0.94, max_w 3828.023889323673)","insufficient_overlap (prop insufficient 34.4% solo_first vs 23% overall, 33.3% duel, 47.7% wargame_duel vs Euro 21.5%) + cross thin or unidentified counterfactual — valid we can't tell (n_sup 2, spec 0.94, max_w 3828.023889323673) | note: wargame_duel (Wargame & max≤2, 1153 7.8% pop, spec 0.906, insufficient 47.7% vs Euro 21.5% — doubly niche monitor)"
346597,"Worldspanner Factions, Set 1: Heroes",2024.0,144,8.912937375932223,8.00680694343345,0.9061304324987738,0.8570811717948263,0.0994533118162662,8.718008884772342,eligible,eligible,eligible,3,insufficient_evidence,insufficient_overlap,insufficient_overlap,True,False,5,0.7083333333333334,0.0842511289614598,0.0005159293176834,0,0,0,0,0,0,insufficient_evidence,"insufficient_overlap (prop insufficient 34.4% solo_first vs 23% overall, 33.3% duel, 47.7% wargame_duel vs Euro 21.5%) + cross thin or unidentified counterfactual — valid we can't tell (n_sup 5, spec 0.71, max_w 11531.02296691864)","insufficient_overlap (prop insufficient 34.4% solo_first vs 23% overall, 33.3% duel, 47.7% wargame_duel vs Euro 21.5%) + cross thin or unidentified counterfactual — valid we can't tell (n_sup 5, spec 0.71, max_w 11531.02296691864)"
7935,1844: Schweiz,2003.0,212,8.943775536007132,8.045227384204917,0.8985481518022151,0.8978925718977369,0.0819657779858829,8.783122611154802,eligible,eligible,eligible,81,moderate_audience_selectivity,insufficient_overlap,insufficient_overlap,False,False,4,0.7688679245283019,0.279010883840215,0.0007452312366539,0,0,0,0,0,0,insufficient_evidence,"insufficient_overlap (prop insufficient 34.4% solo_first vs 23% overall, 33.3% duel, 47.7% wargame_duel vs Euro 21.5%) + cross thin or unidentified counterfactual — valid we can't tell (n_sup 4, spec 0.77, max_w 6154.052643122286)","insufficient_overlap (prop insufficient 34.4% solo_first vs 23% overall, 33.3% duel, 47.7% wargame_duel vs Euro 21.5%) + cross thin or unidentified counterfactual — valid we can't tell (n_sup 4, spec 0.77, max_w 6154.052643122286) | note: ecosystem max_eco 81 (Game: Catan 40 Unlock 47 etc., 2740 Game: 18.6% — borderline not hard unless link corroborates)"
361918,BattleTech: Alpha Strike Box Set,2022.0,113,8.445771801681971,7.55046804899842,0.8953037526835512,0.8662005094825496,0.1122693670265072,8.225723842310018,eligible,eligible,eligible,12,insufficient_evidence,insufficient_overlap,insufficient_overlap,True,False,4,0.6814159292035398,0.2008271525598518,0.0003797813032947,0,0,1,1,0,0,insufficient_evidence,"insufficient_overlap (prop insufficient 34.4% solo_first vs 23% overall, 33.3% duel, 47.7% wargame_duel vs Euro 21.5%) + cross thin or unidentified counterfactual — valid we can't tell (n_sup 4, spec 0.68, max_w 21519.98750848636)","insufficient_overlap (prop insufficient 34.4% solo_first vs 23% overall, 33.3% duel, 47.7% wargame_duel vs Euro 21.5%) + cross thin or unidentified counterfactual — valid we can't tell (n_sup 4, spec 0.68, max_w 21519.98750848636) | note: wargame_duel (Wargame & max≤2, 1153 7.8% pop, spec 0.906, insufficient 47.7% vs Euro 21.5% — doubly niche monitor); ecosystem max_eco 12 (Game: Catan 40 Unlock 47 etc., 2740 Game: 18.6% — borderline not hard unless link corroborates)"
279886,Iron Forest,2024.0,101,8.136316627055175,7.241520063362511,0.8947965636926636,0.8564896287629953,0.1187516927360825,7.903563309292453,eligible,eligible,eligible,0,insufficient_evidence,insufficient_overlap,insufficient_overlap,False,False,2,,0.2950597098195456,0.0003582842483913,0,0,0,0,0,0,insufficient_evidence,"insufficient_overlap (prop insufficient 34.4% solo_first vs 23% overall, 33.3% duel, 47.7% wargame_duel vs Euro 21.5%) + cross thin or unidentified counterfactual — valid we can't tell (n_sup 2, spec 0.00, max_w 1382.8674604054625)","insufficient_overlap (prop insufficient 34.4% solo_first vs 23% overall, 33.3% duel, 47.7% wargame_duel vs Euro 21.5%) + cross thin or unidentified counterfactual — valid we can't tell (n_sup 2, spec 0.00, max_w 1382.8674604054625)"
226170,Advanced Guildhall Fantasy: The Gathering,2017.0,126,7.568109147392366,6.676236471063946,0.8918726763284193,0.99777176788512,0.1063200625132756,7.359721824866345,eligible,eligible,eligible,6,insufficient_evidence,insufficient_overlap,insufficient_overlap,False,False,2,,0.3379093510478198,0.000451438152973,0,0,0,0,0,0,insufficient_evidence,"insufficient_overlap (prop insufficient 34.4% solo_first vs 23% overall, 33.3% duel, 47.7% wargame_duel vs Euro 21.5%) + cross thin or unidentified counterfactual — valid we can't tell (n_sup 2, spec 0.00, max_w 952.68079896654)","insufficient_overlap (prop insufficient 34.4% solo_first vs 23% overall, 33.3% duel, 47.7% wargame_duel vs Euro 21.5%) + cross thin or unidentified counterfactual — valid we can't tell (n_sup 2, spec 0.00, max_w 952.68079896654)"
134524,Lion Rampant: Medieval Wargaming Rules,2014.0,145,7.882805234227336,6.994545946213895,0.8882592880134403,0.787860952940326,0.0991097760339054,7.688550073200881,eligible,eligible,eligible,3,insufficient_evidence,insufficient_overlap,insufficient_overlap,False,False,3,0.8344827586206897,0.1541381077017499,0.0004765180503604,0,0,1,1,0,0,insufficient_evidence,"insufficient_overlap (prop insufficient 34.4% solo_first vs 23% overall, 33.3% duel, 47.7% wargame_duel vs Euro 21.5%) + cross thin or unidentified counterfactual — valid we can't tell (n_sup 3, spec 0.83, max_w 9827.589669315985)","insufficient_overlap (prop insufficient 34.4% solo_first vs 23% overall, 33.3% duel, 47.7% wargame_duel vs Euro 21.5%) + cross thin or unidentified counterfactual — valid we can't tell (n_sup 3, spec 0.83, max_w 9827.589669315985) | note: wargame_duel (Wargame & max≤2, 1153 7.8% pop, spec 0.906, insufficient 47.7% vs Euro 21.5% — doubly niche monitor)"
235362,Santa Cruz 1797,2017.0,178,8.025626026878715,7.143132977700686,0.882493049178029,1.0876203732058904,0.0894520905382537,7.850299929423738,eligible,eligible,eligible,0,moderate_audience_selectivity,insufficient_overlap,insufficient_overlap,False,False,2,0.9157303370786516,0.0643871017095533,0.0005983346948134,0,0,1,1,0,0,insufficient_evidence,"insufficient_overlap (prop insufficient 34.4% solo_first vs 23% overall, 33.3% duel, 47.7% wargame_duel vs Euro 21.5%) + cross thin or unidentified counterfactual — valid we can't tell (n_sup 2, spec 0.92, max_w 9287.969727605225)","insufficient_overlap (prop insufficient 34.4% solo_first vs 23% overall, 33.3% duel, 47.7% wargame_duel vs Euro 21.5%) + cross thin or unidentified counterfactual — valid we can't tell (n_sup 2, spec 0.92, max_w 9287.969727605225) | note: wargame_duel (Wargame & max≤2, 1153 7.8% pop, spec 0.906, insufficient 47.7% vs Euro 21.5% — doubly niche monitor)"
13403,Three Battles of Manassas,2004.0,153,8.127633401369366,7.246841972021537,0.8807914293478287,0.8550488043591429,0.0964838845731658,7.938524987605961,eligible,eligible,eligible,8,high_audience_selectivity,borderline_overlap,strongly_sensitive,False,False,3,0.9673202614379084,0.0564458159171089,0.0004227754131017,0,0,1,1,0,0,niche_but_high_quality,taxonomy high_audience_selectivity — specialist-dependent,"taxonomy high_audience_selectivity — specialist-dependent | note: wargame_duel (Wargame & max≤2, 1153 7.8% pop, spec 0.906, insufficient 47.7% vs Euro 21.5% — doubly niche monitor)"
237828,Anno Domini 1666,2019.0,126,8.37960157100523,7.499535713079567,0.880065857925663,0.8540948309705598,0.1063200625132756,8.17121424847921,eligible,eligible,eligible,1,insufficient_evidence,insufficient_overlap,insufficient_overlap,False,False,3,,0.2112504941527615,0.0004406896255213,0,0,1,0,1,0,insufficient_evidence,"insufficient_overlap (prop insufficient 34.4% solo_first vs 23% overall, 33.3% duel, 47.7% wargame_duel vs Euro 21.5%) + cross thin or unidentified counterfactual — valid we can't tell (n_sup 3, spec 0.00, max_w 692.1102222486425)","insufficient_overlap (prop insufficient 34.4% solo_first vs 23% overall, 33.3% duel, 47.7% wargame_duel vs Euro 21.5%) + cross thin or unidentified counterfactual — valid we can't tell (n_sup 3, spec 0.00, max_w 692.1102222486425) | note: euro_duel (max≤2 Euro not wargame not solo, 1402 7.3% pop spec 0.833 insufficient 21.5% vs wargame 47.7% — broader than wargame, monitor)"
417426,Rogue Dungeon: 2nd Edition,2024.0,117,8.223808433755826,7.3447024952307345,0.8791059385250914,0.8280136379607512,0.1103335431594635,8.007554689163278,eligible,borderline,borderline,0,insufficient_evidence,insufficient_overlap,insufficient_overlap,False,False,2,0.8803418803418803,0.2023520519817283,0.0004012783581982,0,0,0,0,0,1,insufficient_evidence,"insufficient_overlap (prop insufficient 34.4% solo_first vs 23% overall, 33.3% duel, 47.7% wargame_duel vs Euro 21.5%) + cross thin or unidentified counterfactual — valid we can't tell (n_sup 2, spec 0.88, max_w 1316.3843836512042)","insufficient_overlap (prop insufficient 34.4% solo_first vs 23% overall, 33.3% duel, 47.7% wargame_duel vs Euro 21.5%) + cross thin or unidentified counterfactual — valid we can't tell (n_sup 2, spec 0.88, max_w 1316.3843836512042) | note: edition_title (title pattern 55/532 10.3% pool vs 501/14698 3.41% pop, per-pattern n<50 below gate, niche enriched — monitoring); borderline eligibility (medium/borderline confidence via Game: + title without link — review queue not hard exclude per 6A, 61 total pool borderline)"
347747,Mythic Mischief: Headmaster's Box,2022.0,157,8.074593038211697,7.198341036815114,0.8762520013965833,0.8211986706023193,0.095246860532917,7.8879091915671795,eligible,eligible,eligible,3,moderate_audience_selectivity,insufficient_overlap,insufficient_overlap,False,False,1,,0.0328804059269261,0.0005625062699743,0,0,0,0,0,0,insufficient_evidence,"insufficient_overlap (prop insufficient 34.4% solo_first vs 23% overall, 33.3% duel, 47.7% wargame_duel vs Euro 21.5%) + cross thin or unidentified counterfactual — valid we can't tell (n_sup 1, spec 0.00, max_w 14988.151640456885)","insufficient_overlap (prop insufficient 34.4% solo_first vs 23% overall, 33.3% duel, 47.7% wargame_duel vs Euro 21.5%) + cross thin or unidentified counterfactual — valid we can't tell (n_sup 1, spec 0.00, max_w 14988.151640456885)"
144228,FUBA,2013.0,116,7.691251037674278,6.816251909355209,0.874999128319069,0.9027860680451,0.1108080982232961,7.474067165156618,eligible,borderline,borderline,0,insufficient_evidence,insufficient_overlap,insufficient_overlap,False,False,2,,0.1217239612637673,0.0004012783581982,0,0,1,0,1,0,insufficient_evidence,"insufficient_overlap (prop insufficient 34.4% solo_first vs 23% overall, 33.3% duel, 47.7% wargame_duel vs Euro 21.5%) + cross thin or unidentified counterfactual — valid we can't tell (n_sup 2, spec 0.00, max_w 1034.6236822473572)","insufficient_overlap (prop insufficient 34.4% solo_first vs 23% overall, 33.3% duel, 47.7% wargame_duel vs Euro 21.5%) + cross thin or unidentified counterfactual — valid we can't tell (n_sup 2, spec 0.00, max_w 1034.6236822473572) | note: euro_duel (max≤2 Euro not wargame not solo, 1402 7.3% pop spec 0.833 insufficient 21.5% vs wargame 47.7% — broader than wargame, monitor); borderline eligibility (medium/borderline confidence via Game: + title without link — review queue not hard exclude per 6A, 61 total pool borderline)"
394691,The Six of VIII,2024.0,128,8.29111739644164,7.420959637184143,0.8701577592574967,0.8391065425995645,0.105486166795113,8.084364509523219,eligible,eligible,eligible,0,insufficient_evidence,insufficient_overlap,insufficient_overlap,False,False,2,,0.4560450819534225,0.0004550209954569,0,0,0,0,0,0,insufficient_evidence,"insufficient_overlap (prop insufficient 34.4% solo_first vs 23% overall, 33.3% duel, 47.7% wargame_duel vs Euro 21.5%) + cross thin or unidentified counterfactual — valid we can't tell (n_sup 2, spec 0.00, max_w 1016.9851081207576)","insufficient_overlap (prop insufficient 34.4% solo_first vs 23% overall, 33.3% duel, 47.7% wargame_duel vs Euro 21.5%) + cross thin or unidentified counterfactual — valid we can't tell (n_sup 2, spec 0.00, max_w 1016.9851081207576)"
30804,Song of Blades and Heroes: Revised Edition,2007.0,365,7.747689174134394,6.885781287100793,0.8619078870336017,0.8471731615828064,0.0624674911025492,7.625252891573398,eligible,borderline,borderline,1,moderate_audience_selectivity,insufficient_overlap,insufficient_overlap,True,False,7,0.7342465753424657,0.1619789133743314,0.0012539948693695,0,0,0,0,0,1,insufficient_evidence,"insufficient_overlap (prop insufficient 34.4% solo_first vs 23% overall, 33.3% duel, 47.7% wargame_duel vs Euro 21.5%) + cross thin or unidentified counterfactual — valid we can't tell (n_sup 7, spec 0.73, max_w 12179.626553673825)","insufficient_overlap (prop insufficient 34.4% solo_first vs 23% overall, 33.3% duel, 47.7% wargame_duel vs Euro 21.5%) + cross thin or unidentified counterfactual — valid we can't tell (n_sup 7, spec 0.73, max_w 12179.626553673825) | note: edition_title (title pattern 55/532 10.3% pool vs 501/14698 3.41% pop, per-pattern n<50 below gate, niche enriched — monitoring); borderline eligibility (medium/borderline confidence via Game: + title without link — review queue not hard exclude per 6A, 61 total pool borderline)"
223167,Secret Unknown Stuff: Escape from Dulce,2018.0,131,7.730134281126223,6.871350969074273,0.8587833120519504,1.0224353104515638,0.1042713143786963,7.525762504943978,eligible,eligible,eligible,0,insufficient_evidence,insufficient_overlap,insufficient_overlap,False,False,3,0.8473282442748091,0.0714719058344065,0.0004586038379408,0,0,0,0,0,0,insufficient_evidence,"insufficient_overlap (prop insufficient 34.4% solo_first vs 23% overall, 33.3% duel, 47.7% wargame_duel vs Euro 21.5%) + cross thin or unidentified counterfactual — valid we can't tell (n_sup 3, spec 0.85, max_w 1069.9100196543588)","insufficient_overlap (prop insufficient 34.4% solo_first vs 23% overall, 33.3% duel, 47.7% wargame_duel vs Euro 21.5%) + cross thin or unidentified counterfactual — valid we can't tell (n_sup 3, spec 0.85, max_w 1069.9100196543588)"
408836,Aqua ROVE: Results-Oriented Versatile Explorer,2024.0,145,7.96313453405051,7.109825894134268,0.853308639916242,0.8229135952401689,0.0991097760339054,7.768879373024055,eligible,eligible,eligible,58,insufficient_evidence,insufficient_overlap,insufficient_overlap,False,False,3,,0.083332157669865,0.0005087636327156,0,1,1,0,0,0,insufficient_evidence,"insufficient_overlap (prop insufficient 34.4% solo_first vs 23% overall, 33.3% duel, 47.7% wargame_duel vs Euro 21.5%) + cross thin or unidentified counterfactual — valid we can't tell (n_sup 3, spec 0.00, max_w 1529.3962265229036)","insufficient_overlap (prop insufficient 34.4% solo_first vs 23% overall, 33.3% duel, 47.7% wargame_duel vs Euro 21.5%) + cross thin or unidentified counterfactual — valid we can't tell (n_sup 3, spec 0.00, max_w 1529.3962265229036) | note: solo_first (min1 max≤2, 691 4.7% pop, spec 0.901, insufficient 34.4% vs 23% overall, cross 80.5% vs 86.2% — monitoring: general criteria triggered; thresholds not mode-specific); ecosystem max_eco 58 (Game: Catan 40 Unlock 47 etc., 2740 Game: 18.6% — borderline not hard unless link corroborates)"
211453,Ecogon,2015.0,123,7.549245956300528,6.7012747854401695,0.847971170860359,0.9145577954246747,0.1076088375982068,7.338332634608042,eligible,eligible,eligible,0,insufficient_evidence,insufficient_overlap,insufficient_overlap,False,False,2,0.8455284552845529,0.0633270671526726,0.0004335239405534,0,0,0,0,0,0,insufficient_evidence,"insufficient_overlap (prop insufficient 34.4% solo_first vs 23% overall, 33.3% duel, 47.7% wargame_duel vs Euro 21.5%) + cross thin or unidentified counterfactual — valid we can't tell (n_sup 2, spec 0.85, max_w 1748.6608457556704)","insufficient_overlap (prop insufficient 34.4% solo_first vs 23% overall, 33.3% duel, 47.7% wargame_duel vs Euro 21.5%) + cross thin or unidentified counterfactual — valid we can't tell (n_sup 2, spec 0.85, max_w 1748.6608457556704)"
178754,Z War One: Damnation,2016.0,118,7.749600050956229,6.915902764873753,0.8336972860824758,0.8293296482397725,0.1098650334287785,7.534264585435823,eligible,eligible,eligible,0,insufficient_evidence,insufficient_overlap,insufficient_overlap,False,False,6,0.8050847457627118,0.1832768773196958,0.0004156097281339,0,0,0,0,0,0,insufficient_evidence,"insufficient_overlap (prop insufficient 34.4% solo_first vs 23% overall, 33.3% duel, 47.7% wargame_duel vs Euro 21.5%) + cross thin or unidentified counterfactual — valid we can't tell (n_sup 6, spec 0.81, max_w 1406.9930891780546)","insufficient_overlap (prop insufficient 34.4% solo_first vs 23% overall, 33.3% duel, 47.7% wargame_duel vs Euro 21.5%) + cross thin or unidentified counterfactual — valid we can't tell (n_sup 6, spec 0.81, max_w 1406.9930891780546)"
5369,Hordes of the Things,1991.0,253,7.5083972175308284,6.681739451002565,0.8266577665282631,0.8569867319695943,0.0750309137158037,7.361336626647853,eligible,eligible,eligible,3,moderate_audience_selectivity,insufficient_overlap,insufficient_overlap,True,False,7,0.8972332015810277,0.0747300098061902,0.0008240537712999,0,0,0,0,0,0,insufficient_evidence,"insufficient_overlap (prop insufficient 34.4% solo_first vs 23% overall, 33.3% duel, 47.7% wargame_duel vs Euro 21.5%) + cross thin or unidentified counterfactual — valid we can't tell (n_sup 7, spec 0.90, max_w 10229.090345484505)","insufficient_overlap (prop insufficient 34.4% solo_first vs 23% overall, 33.3% duel, 47.7% wargame_duel vs Euro 21.5%) + cross thin or unidentified counterfactual — valid we can't tell (n_sup 7, spec 0.90, max_w 10229.090345484505)"
281657,Malifaux (Third Edition),2019.0,155,8.952998169522637,8.129470231181866,0.8235279383407708,0.8935772157847239,0.0958593868490308,8.765113771298536,eligible,borderline,borderline,0,high_audience_selectivity,borderline_overlap,strongly_sensitive,True,False,4,0.4774193548387097,0.2148722567562549,0.0005374263725869,0,0,1,1,0,1,niche_but_high_quality,taxonomy high_audience_selectivity — specialist-dependent,"taxonomy high_audience_selectivity — specialist-dependent | note: wargame_duel (Wargame & max≤2, 1153 7.8% pop, spec 0.906, insufficient 47.7% vs Euro 21.5% — doubly niche monitor); edition_title (title pattern 55/532 10.3% pool vs 501/14698 3.41% pop, per-pattern n<50 below gate, niche enriched — monitoring); borderline eligibility (medium/borderline confidence via Game: + title without link — review queue not hard exclude per 6A, 61 total pool borderline)"
315976,Dungeon Fighter in the Chambers of Malevolent Magma,2022.0,107,7.976946063049983,7.155774334787594,0.8211717282623887,0.8192576239301506,0.115374174587065,7.750812680859336,eligible,eligible,eligible,5,insufficient_evidence,insufficient_overlap,insufficient_overlap,False,False,5,0.7102803738317757,0.0958060009818285,0.0003833641457786,0,0,0,0,0,0,insufficient_evidence,"insufficient_overlap (prop insufficient 34.4% solo_first vs 23% overall, 33.3% duel, 47.7% wargame_duel vs Euro 21.5%) + cross thin or unidentified counterfactual — valid we can't tell (n_sup 5, spec 0.71, max_w 1223.8538240450212)","insufficient_overlap (prop insufficient 34.4% solo_first vs 23% overall, 33.3% duel, 47.7% wargame_duel vs Euro 21.5%) + cross thin or unidentified counterfactual — valid we can't tell (n_sup 5, spec 0.71, max_w 1223.8538240450212)"
209511,Atlanta Is Ours,2018.0,165,8.830272809072333,8.015139697594785,0.8151331114775484,0.646648703763864,0.0929091578907959,8.648170859606374,eligible,eligible,eligible,13,high_audience_selectivity,borderline_overlap,moderately_sensitive,False,False,3,0.9696969696969696,0.1167295392586986,0.0004801008928443,0,1,1,1,0,0,niche_but_high_quality,taxonomy high_audience_selectivity — specialist-dependent,"taxonomy high_audience_selectivity — specialist-dependent | note: solo_first (min1 max≤2, 691 4.7% pop, spec 0.901, insufficient 34.4% vs 23% overall, cross 80.5% vs 86.2% — monitoring: general criteria triggered; thresholds not mode-specific); wargame_duel (Wargame & max≤2, 1153 7.8% pop, spec 0.906, insufficient 47.7% vs Euro 21.5% — doubly niche monitor); ecosystem max_eco 13 (Game: Catan 40 Unlock 47 etc., 2740 Game: 18.6% — borderline not hard unless link corroborates)"
163399,Infinity: Operation Icestorm,2014.0,123,8.412421958205236,7.59837398544531,0.8140479727599264,0.861243363562954,0.1076088375982068,8.20150863651275,eligible,eligible,eligible,0,insufficient_evidence,insufficient_overlap,insufficient_overlap,True,False,5,0.5691056910569106,0.1922653855262522,0.0004299410980695,0,0,1,1,0,0,insufficient_evidence,"insufficient_overlap (prop insufficient 34.4% solo_first vs 23% overall, 33.3% duel, 47.7% wargame_duel vs Euro 21.5%) + cross thin or unidentified counterfactual — valid we can't tell (n_sup 5, spec 0.57, max_w 7094.701777250151)","insufficient_overlap (prop insufficient 34.4% solo_first vs 23% overall, 33.3% duel, 47.7% wargame_duel vs Euro 21.5%) + cross thin or unidentified counterfactual — valid we can't tell (n_sup 5, spec 0.57, max_w 7094.701777250151) | note: wargame_duel (Wargame & max≤2, 1153 7.8% pop, spec 0.906, insufficient 47.7% vs Euro 21.5% — doubly niche monitor)"
235839,Master of Wills,2017.0,103,7.539874786248966,6.728445544833916,0.8114292414150501,0.9526367809494348,0.1175931119315639,7.3093922868631,eligible,eligible,eligible,0,insufficient_evidence,insufficient_overlap,insufficient_overlap,False,False,2,,0.095943984834673,0.0003654499333591,0,0,0,0,0,0,insufficient_evidence,"insufficient_overlap (prop insufficient 34.4% solo_first vs 23% overall, 33.3% duel, 47.7% wargame_duel vs Euro 21.5%) + cross thin or unidentified counterfactual — valid we can't tell (n_sup 2, spec 0.00, max_w 1388.9278836548226)","insufficient_overlap (prop insufficient 34.4% solo_first vs 23% overall, 33.3% duel, 47.7% wargame_duel vs Euro 21.5%) + cross thin or unidentified counterfactual — valid we can't tell (n_sup 2, spec 0.00, max_w 1388.9278836548226)"
286358,Commands & Colors Tricorne: Jacobite Rising,2020.0,100,8.379267246947594,7.573180327863296,0.8060869190842972,0.857124205726949,0.1193439741795195,8.145353057555734,eligible,eligible,eligible,13,insufficient_evidence,insufficient_overlap,insufficient_overlap,False,False,2,0.95,0.1373023410991999,0.0003367871934878,0,0,1,1,0,0,insufficient_evidence,"insufficient_overlap (prop insufficient 34.4% solo_first vs 23% overall, 33.3% duel, 47.7% wargame_duel vs Euro 21.5%) + cross thin or unidentified counterfactual — valid we can't tell (n_sup 2, spec 0.95, max_w 3828.2336697513374)","insufficient_overlap (prop insufficient 34.4% solo_first vs 23% overall, 33.3% duel, 47.7% wargame_duel vs Euro 21.5%) + cross thin or unidentified counterfactual — valid we can't tell (n_sup 2, spec 0.95, max_w 3828.2336697513374) | note: wargame_duel (Wargame & max≤2, 1153 7.8% pop, spec 0.906, insufficient 47.7% vs Euro 21.5% — doubly niche monitor); ecosystem max_eco 13 (Game: Catan 40 Unlock 47 etc., 2740 Game: 18.6% — borderline not hard unless link corroborates)"
424995,Star Explorer,2024.0,146,8.051220842996651,7.247107060548165,0.8041137824484856,0.7852256934560273,0.0987697758001792,7.8576320824282995,eligible,eligible,eligible,0,insufficient_evidence,insufficient_overlap,insufficient_overlap,False,False,2,,0.1417797576579524,0.0005230950026513,0,0,0,0,0,0,insufficient_evidence,"insufficient_overlap (prop insufficient 34.4% solo_first vs 23% overall, 33.3% duel, 47.7% wargame_duel vs Euro 21.5%) + cross thin or unidentified counterfactual — valid we can't tell (n_sup 2, spec 0.00, max_w 1636.9352765085075)","insufficient_overlap (prop insufficient 34.4% solo_first vs 23% overall, 33.3% duel, 47.7% wargame_duel vs Euro 21.5%) + cross thin or unidentified counterfactual — valid we can't tell (n_sup 2, spec 0.00, max_w 1636.9352765085075)"
41006,Ordo,2009.0,109,7.683836580063044,6.884445663353091,0.7993909167099531,0.8007879969741065,0.1143107954518981,7.459787420977324,eligible,eligible,eligible,0,insufficient_evidence,insufficient_overlap,insufficient_overlap,False,False,2,,0.2214835448636005,0.0003475357209395,0,0,1,0,1,0,insufficient_evidence,"insufficient_overlap (prop insufficient 34.4% solo_first vs 23% overall, 33.3% duel, 47.7% wargame_duel vs Euro 21.5%) + cross thin or unidentified counterfactual — valid we can't tell (n_sup 2, spec 0.00, max_w 719.0244324003781)","insufficient_overlap (prop insufficient 34.4% solo_first vs 23% overall, 33.3% duel, 47.7% wargame_duel vs Euro 21.5%) + cross thin or unidentified counterfactual — valid we can't tell (n_sup 2, spec 0.00, max_w 719.0244324003781) | note: euro_duel (max≤2 Euro not wargame not solo, 1402 7.3% pop spec 0.833 insufficient 21.5% vs wargame 47.7% — broader than wargame, monitor)"
311920,Ultimate Werewolf: Extreme,2021.0,139,7.923722669585063,7.1300181785563765,0.7937044910286861,0.8674779070426961,0.1012262377230807,7.725319243647824,eligible,borderline,borderline,60,insufficient_evidence,insufficient_overlap,insufficient_overlap,False,True,5,0.7194244604316546,0.0933591446652825,0.0004980151052639,0,0,0,0,0,1,insufficient_evidence,"insufficient_overlap (prop insufficient 34.4% solo_first vs 23% overall, 33.3% duel, 47.7% wargame_duel vs Euro 21.5%) + cross thin or unidentified counterfactual — valid we can't tell (n_sup 5, spec 0.72, max_w 871.2404627058371)","insufficient_overlap (prop insufficient 34.4% solo_first vs 23% overall, 33.3% duel, 47.7% wargame_duel vs Euro 21.5%) + cross thin or unidentified counterfactual — valid we can't tell (n_sup 5, spec 0.72, max_w 871.2404627058371) | note: edition_title (title pattern 55/532 10.3% pool vs 501/14698 3.41% pop, per-pattern n<50 below gate, niche enriched — monitoring); borderline eligibility (medium/borderline confidence via Game: + title without link — review queue not hard exclude per 6A, 61 total pool borderline); ecosystem max_eco 60 (Game: Catan 40 Unlock 47 etc., 2740 Game: 18.6% — borderline not hard unless link corroborates)"
332943,Archduke,2020.0,146,7.518349803900084,6.727388735666709,0.7909610682333748,0.8278338293548257,0.0987697758001792,7.324761043331732,eligible,eligible,eligible,0,insufficient_evidence,insufficient_overlap,insufficient_overlap,False,False,7,0.6438356164383562,0.1637638364269539,0.0005230950026513,0,0,0,0,0,0,insufficient_evidence,"insufficient_overlap (prop insufficient 34.4% solo_first vs 23% overall, 33.3% duel, 47.7% wargame_duel vs Euro 21.5%) + cross thin or unidentified counterfactual — valid we can't tell (n_sup 7, spec 0.64, max_w 2364.732159673471)","insufficient_overlap (prop insufficient 34.4% solo_first vs 23% overall, 33.3% duel, 47.7% wargame_duel vs Euro 21.5%) + cross thin or unidentified counterfactual — valid we can't tell (n_sup 7, spec 0.64, max_w 2364.732159673471)"
178550,Spheres of Influence: Struggle for Global Supremacy,2016.0,392,7.964695200427984,7.175104432959213,0.7895907674687717,0.8187277250683049,0.0602778095972074,7.846550693617457,eligible,eligible,eligible,0,moderate_audience_selectivity,insufficient_overlap,insufficient_overlap,True,False,7,0.5586734693877551,0.0491189748783851,0.0013865600412743,0,0,0,0,0,0,insufficient_evidence,"insufficient_overlap (prop insufficient 34.4% solo_first vs 23% overall, 33.3% duel, 47.7% wargame_duel vs Euro 21.5%) + cross thin or unidentified counterfactual — valid we can't tell (n_sup 7, spec 0.56, max_w 17391.44431796534)","insufficient_overlap (prop insufficient 34.4% solo_first vs 23% overall, 33.3% duel, 47.7% wargame_duel vs Euro 21.5%) + cross thin or unidentified counterfactual — valid we can't tell (n_sup 7, spec 0.56, max_w 17391.44431796534)"
129122,Band of Brothers: Ghost Panzer,2013.0,420,8.209231881375956,7.420006407750661,0.7892254736252955,0.7689666532288406,0.0582338965538804,8.09509344413035,eligible,eligible,eligible,2,moderate_audience_selectivity,insufficient_overlap,insufficient_overlap,False,False,4,0.9166666666666666,0.0369680680954057,0.0014044742536939,0,0,1,1,0,0,insufficient_evidence,"insufficient_overlap (prop insufficient 34.4% solo_first vs 23% overall, 33.3% duel, 47.7% wargame_duel vs Euro 21.5%) + cross thin or unidentified counterfactual — valid we can't tell (n_sup 4, spec 0.92, max_w 11225.667723986518)","insufficient_overlap (prop insufficient 34.4% solo_first vs 23% overall, 33.3% duel, 47.7% wargame_duel vs Euro 21.5%) + cross thin or unidentified counterfactual — valid we can't tell (n_sup 4, spec 0.92, max_w 11225.667723986518) | note: wargame_duel (Wargame & max≤2, 1153 7.8% pop, spec 0.906, insufficient 47.7% vs Euro 21.5% — doubly niche monitor)"
366194,A Wayfarer's Tale,2022.0,120,7.641364537642482,6.8526730691567455,0.7886914684857365,0.7027705276287426,0.1089456446007282,7.427831074225055,eligible,eligible,eligible,0,insufficient_evidence,insufficient_overlap,insufficient_overlap,False,False,2,,0.0925337940911626,0.0004299410980695,0,0,0,0,0,0,insufficient_evidence,"insufficient_overlap (prop insufficient 34.4% solo_first vs 23% overall, 33.3% duel, 47.7% wargame_duel vs Euro 21.5%) + cross thin or unidentified counterfactual — valid we can't tell (n_sup 2, spec 0.00, max_w 1420.10425880222)","insufficient_overlap (prop insufficient 34.4% solo_first vs 23% overall, 33.3% duel, 47.7% wargame_duel vs Euro 21.5%) + cross thin or unidentified counterfactual — valid we can't tell (n_sup 2, spec 0.00, max_w 1420.10425880222)"
182982,Horse & Musket: Dawn of an Era,2017.0,124,8.070850873864464,7.282775334050848,0.7880755398136152,0.7121118584847093,0.1071740526379411,7.860789730694099,eligible,eligible,eligible,1,insufficient_evidence,insufficient_overlap,insufficient_overlap,False,False,4,0.9435483870967742,0.1327161821233928,0.0003797813032947,0,1,1,1,0,0,insufficient_evidence,"insufficient_overlap (prop insufficient 34.4% solo_first vs 23% overall, 33.3% duel, 47.7% wargame_duel vs Euro 21.5%) + cross thin or unidentified counterfactual — valid we can't tell (n_sup 4, spec 0.94, max_w 3824.145184611876)","insufficient_overlap (prop insufficient 34.4% solo_first vs 23% overall, 33.3% duel, 47.7% wargame_duel vs Euro 21.5%) + cross thin or unidentified counterfactual — valid we can't tell (n_sup 4, spec 0.94, max_w 3824.145184611876) | note: solo_first (min1 max≤2, 691 4.7% pop, spec 0.901, insufficient 34.4% vs 23% overall, cross 80.5% vs 86.2% — monitoring: general criteria triggered; thresholds not mode-specific); wargame_duel (Wargame & max≤2, 1153 7.8% pop, spec 0.906, insufficient 47.7% vs Euro 21.5% — doubly niche monitor)"
343990,Not Enough Mana,2022.0,134,7.5427456136616495,6.758682035246686,0.7840635784149637,0.8493804402458345,0.103097491077084,7.340674531150565,eligible,eligible,eligible,0,insufficient_evidence,insufficient_overlap,insufficient_overlap,False,False,5,0.417910447761194,0.3282843723806696,0.0004693523653926,0,0,0,0,0,0,insufficient_evidence,"insufficient_overlap (prop insufficient 34.4% solo_first vs 23% overall, 33.3% duel, 47.7% wargame_duel vs Euro 21.5%) + cross thin or unidentified counterfactual — valid we can't tell (n_sup 5, spec 0.42, max_w 2866.440099549088)","insufficient_overlap (prop insufficient 34.4% solo_first vs 23% overall, 33.3% duel, 47.7% wargame_duel vs Euro 21.5%) + cross thin or unidentified counterfactual — valid we can't tell (n_sup 5, spec 0.42, max_w 2866.440099549088)"
205164,Old School Tactical: Volume 2 – West Front 1944/45,2017.0,179,8.433413664595449,7.653853350202674,0.779560314392775,0.8017358243429094,0.0892018744102537,8.258577990751352,eligible,eligible,eligible,2,moderate_audience_selectivity,insufficient_overlap,insufficient_overlap,False,False,4,0.9273743016759776,0.1743612505596073,0.0005266778451352,0,0,0,0,0,0,insufficient_evidence,"insufficient_overlap (prop insufficient 34.4% solo_first vs 23% overall, 33.3% duel, 47.7% wargame_duel vs Euro 21.5%) + cross thin or unidentified counterfactual — valid we can't tell (n_sup 4, spec 0.93, max_w 12103.077617591816)","insufficient_overlap (prop insufficient 34.4% solo_first vs 23% overall, 33.3% duel, 47.7% wargame_duel vs Euro 21.5%) + cross thin or unidentified counterfactual — valid we can't tell (n_sup 4, spec 0.93, max_w 12103.077617591816)"
382315,Century: Big Box,2023.0,133,7.9857747278145075,7.206668436672555,0.7791062911419528,0.6938835794741882,0.1034843498136905,7.782945402179674,eligible,borderline,borderline,7,insufficient_evidence,insufficient_overlap,insufficient_overlap,True,False,7,0.7443609022556391,0.0904691326556818,0.0004729352078765,0,0,0,0,0,1,insufficient_evidence,"insufficient_overlap (prop insufficient 34.4% solo_first vs 23% overall, 33.3% duel, 47.7% wargame_duel vs Euro 21.5%) + cross thin or unidentified counterfactual — valid we can't tell (n_sup 7, spec 0.74, max_w 1282.294530783645)","insufficient_overlap (prop insufficient 34.4% solo_first vs 23% overall, 33.3% duel, 47.7% wargame_duel vs Euro 21.5%) + cross thin or unidentified counterfactual — valid we can't tell (n_sup 7, spec 0.74, max_w 1282.294530783645) | note: edition_title (title pattern 55/532 10.3% pool vs 501/14698 3.41% pop, per-pattern n<50 below gate, niche enriched — monitoring); borderline eligibility (medium/borderline confidence via Game: + title without link — review queue not hard exclude per 6A, 61 total pool borderline)"
175360,W1815,2015.0,711,7.763831442437395,6.985595510003433,0.7782359324339616,0.7420691497163716,0.0447574871326017,7.676106767657496,eligible,eligible,eligible,0,moderate_audience_selectivity,insufficient_overlap,insufficient_overlap,False,False,7,0.9240506329113924,0.099559937790272,0.0024399157315447,0,0,1,1,0,0,insufficient_evidence,"insufficient_overlap (prop insufficient 34.4% solo_first vs 23% overall, 33.3% duel, 47.7% wargame_duel vs Euro 21.5%) + cross thin or unidentified counterfactual — valid we can't tell (n_sup 7, spec 0.92, max_w 14054.354700383448)","insufficient_overlap (prop insufficient 34.4% solo_first vs 23% overall, 33.3% duel, 47.7% wargame_duel vs Euro 21.5%) + cross thin or unidentified counterfactual — valid we can't tell (n_sup 7, spec 0.92, max_w 14054.354700383448) | note: wargame_duel (Wargame & max≤2, 1153 7.8% pop, spec 0.906, insufficient 47.7% vs Euro 21.5% — doubly niche monitor)"
29055,Down in Flames: Locked-On,2018.0,128,7.77056191193061,6.994434298875314,0.7761276130552961,0.8449899742495006,0.105486166795113,7.563809025012189,eligible,eligible,eligible,6,insufficient_evidence,insufficient_overlap,insufficient_overlap,False,False,2,0.90625,0.1950054544702218,0.0004335239405534,0,0,0,0,0,0,insufficient_evidence,"insufficient_overlap (prop insufficient 34.4% solo_first vs 23% overall, 33.3% duel, 47.7% wargame_duel vs Euro 21.5%) + cross thin or unidentified counterfactual — valid we can't tell (n_sup 2, spec 0.91, max_w 4389.4215393752)","insufficient_overlap (prop insufficient 34.4% solo_first vs 23% overall, 33.3% duel, 47.7% wargame_duel vs Euro 21.5%) + cross thin or unidentified counterfactual — valid we can't tell (n_sup 2, spec 0.91, max_w 4389.4215393752)"
5686,Stargrunt II,1996.0,145,7.625455827965627,6.8507555711331065,0.7747002568325208,0.8155705551233225,0.0991097760339054,7.431200666939173,eligible,eligible,eligible,0,insufficient_evidence,insufficient_overlap,insufficient_overlap,False,False,3,0.8413793103448276,0.1474300234357391,0.0004442724680052,0,0,0,0,0,0,insufficient_evidence,"insufficient_overlap (prop insufficient 34.4% solo_first vs 23% overall, 33.3% duel, 47.7% wargame_duel vs Euro 21.5%) + cross thin or unidentified counterfactual — valid we can't tell (n_sup 3, spec 0.84, max_w 3469.00609754914)","insufficient_overlap (prop insufficient 34.4% solo_first vs 23% overall, 33.3% duel, 47.7% wargame_duel vs Euro 21.5%) + cross thin or unidentified counterfactual — valid we can't tell (n_sup 3, spec 0.84, max_w 3469.00609754914)"
197333,Deadzone (Second Edition),2016.0,175,7.997902687747038,7.2261972867152835,0.7717054010317543,0.8674802925457481,0.0902155646151778,7.82108018110129,eligible,borderline,borderline,0,moderate_audience_selectivity,insufficient_overlap,insufficient_overlap,True,False,6,0.5942857142857143,0.208710811613079,0.0006055003797813,0,0,1,1,0,1,insufficient_evidence,"insufficient_overlap (prop insufficient 34.4% solo_first vs 23% overall, 33.3% duel, 47.7% wargame_duel vs Euro 21.5%) + cross thin or unidentified counterfactual — valid we can't tell (n_sup 6, spec 0.59, max_w 12760.256944778172)","insufficient_overlap (prop insufficient 34.4% solo_first vs 23% overall, 33.3% duel, 47.7% wargame_duel vs Euro 21.5%) + cross thin or unidentified counterfactual — valid we can't tell (n_sup 6, spec 0.59, max_w 12760.256944778172) | note: wargame_duel (Wargame & max≤2, 1153 7.8% pop, spec 0.906, insufficient 47.7% vs Euro 21.5% — doubly niche monitor); edition_title (title pattern 55/532 10.3% pool vs 501/14698 3.41% pop, per-pattern n<50 below gate, niche enriched — monitoring); borderline eligibility (medium/borderline confidence via Game: + title without link — review queue not hard exclude per 6A, 61 total pool borderline)"
255392,The Acts,2018.0,118,7.58842317432404,6.818383850567116,0.7700393237569241,0.803443737879558,0.1098650334287785,7.373087708803634,eligible,eligible,eligible,0,insufficient_evidence,insufficient_overlap,insufficient_overlap,False,False,3,,0.0836243844378369,0.0004227754131017,0,0,0,0,0,0,insufficient_evidence,"insufficient_overlap (prop insufficient 34.4% solo_first vs 23% overall, 33.3% duel, 47.7% wargame_duel vs Euro 21.5%) + cross thin or unidentified counterfactual — valid we can't tell (n_sup 3, spec 0.00, max_w 1635.5562211589615)","insufficient_overlap (prop insufficient 34.4% solo_first vs 23% overall, 33.3% duel, 47.7% wargame_duel vs Euro 21.5%) + cross thin or unidentified counterfactual — valid we can't tell (n_sup 3, spec 0.00, max_w 1635.5562211589615)"
85424,La Bataille de la Moscowa (Third Edition),2011.0,162,8.527178301731162,7.7599327354636625,0.7672455662674995,0.7469192155369662,0.093765481595656,8.343397957803676,eligible,borderline,borderline,12,high_audience_selectivity,borderline_overlap,moderately_sensitive,False,False,4,0.9567901234567902,0.1347815055573968,0.0004120268856499,0,0,0,0,0,1,niche_but_high_quality,taxonomy high_audience_selectivity — specialist-dependent,"taxonomy high_audience_selectivity — specialist-dependent | note: edition_title (title pattern 55/532 10.3% pool vs 501/14698 3.41% pop, per-pattern n<50 below gate, niche enriched — monitoring); borderline eligibility (medium/borderline confidence via Game: + title without link — review queue not hard exclude per 6A, 61 total pool borderline); ecosystem max_eco 12 (Game: Catan 40 Unlock 47 etc., 2740 Game: 18.6% — borderline not hard unless link corroborates)"
153113,Slaughterball,2016.0,104,7.579234827279877,6.817679512264073,0.7615553150158041,0.7318457947905204,0.1170263948405929,7.349863093392315,eligible,eligible,eligible,0,insufficient_evidence,insufficient_overlap,insufficient_overlap,False,False,4,,0.1200466457856904,0.0003582842483913,0,0,0,0,0,0,insufficient_evidence,"insufficient_overlap (prop insufficient 34.4% solo_first vs 23% overall, 33.3% duel, 47.7% wargame_duel vs Euro 21.5%) + cross thin or unidentified counterfactual — valid we can't tell (n_sup 4, spec 0.00, max_w 970.0459055416964)","insufficient_overlap (prop insufficient 34.4% solo_first vs 23% overall, 33.3% duel, 47.7% wargame_duel vs Euro 21.5%) + cross thin or unidentified counterfactual — valid we can't tell (n_sup 4, spec 0.00, max_w 970.0459055416964)"
301616,"Hood Strikes North: The Tennessee Campaign, Fall 1864",2021.0,162,8.875150816705961,8.11838440993705,0.7567664067689108,0.6454820948324844,0.093765481595656,8.691370472778475,eligible,eligible,eligible,13,high_audience_selectivity,borderline_overlap,moderately_sensitive,False,False,3,0.9753086419753086,0.1177396402687997,0.0004944322627799,0,1,1,1,0,0,niche_but_high_quality,taxonomy high_audience_selectivity — specialist-dependent,"taxonomy high_audience_selectivity — specialist-dependent | note: solo_first (min1 max≤2, 691 4.7% pop, spec 0.901, insufficient 34.4% vs 23% overall, cross 80.5% vs 86.2% — monitoring: general criteria triggered; thresholds not mode-specific); wargame_duel (Wargame & max≤2, 1153 7.8% pop, spec 0.906, insufficient 47.7% vs Euro 21.5% — doubly niche monitor); ecosystem max_eco 13 (Game: Catan 40 Unlock 47 etc., 2740 Game: 18.6% — borderline not hard unless link corroborates)"
3097,1849: The Game of Sicilian Railways,1998.0,942,8.922906481864528,8.172319568999157,0.750586912865371,0.759720707460886,0.0388843679846133,8.846693120614686,eligible,eligible,eligible,81,moderate_audience_selectivity,insufficient_overlap,insufficient_overlap,True,False,6,0.5498938428874734,0.1883467008493885,0.0033463748799747,0,0,0,0,0,0,insufficient_evidence,"insufficient_overlap (prop insufficient 34.4% solo_first vs 23% overall, 33.3% duel, 47.7% wargame_duel vs Euro 21.5%) + cross thin or unidentified counterfactual — valid we can't tell (n_sup 6, spec 0.55, max_w 15860.500637117451)","insufficient_overlap (prop insufficient 34.4% solo_first vs 23% overall, 33.3% duel, 47.7% wargame_duel vs Euro 21.5%) + cross thin or unidentified counterfactual — valid we can't tell (n_sup 6, spec 0.55, max_w 15860.500637117451) | note: ecosystem max_eco 81 (Game: Catan 40 Unlock 47 etc., 2740 Game: 18.6% — borderline not hard unless link corroborates)"
153016,Telestrations: 12 Player Party Pack,2011.0,3140,7.962493213410589,6.440024893396414,1.522468320014175,1.4669307208857738,0.0212978454795044,7.920749436270761,exclude,eligible,eligible,4,moderate_audience_selectivity,borderline_overlap,moderately_sensitive,True,False,7,0.8143312101910828,0.0398977159830741,0.011203548447196,1,0,0,0,0,0,excluded_popular_not_hidden,"hidden exclude >2500 (n_obs 3140 mean 9713 vs eligible 417, penetration 3.47% vs 0.146%)","hidden exclude >2500 (n_obs 3140 mean 9713 vs eligible 417, penetration 3.47% vs 0.146%) | note: hobby_well_known ref_penetration 1.120% >0.5% (360 eligible 2.95%, max 0.589% wargame, 0% >1% — monitoring)"
156546,Monikers,2015.0,6607,8.082132790312498,6.760804151163367,1.3213286391491312,1.2134058344603798,0.0146824436402152,8.053355200777675,exclude,eligible,eligible,0,moderate_audience_selectivity,borderline_overlap,moderately_sensitive,True,False,7,0.7634327228696837,0.095829341246905,0.0235392751193086,1,0,0,0,0,0,excluded_popular_not_hidden,"hidden exclude >2500 (n_obs 6607 mean 9713 vs eligible 417, penetration 3.47% vs 0.146%)","hidden exclude >2500 (n_obs 6607 mean 9713 vs eligible 417, penetration 3.47% vs 0.146%) | note: hobby_well_known ref_penetration 2.354% >0.5% (360 eligible 2.95%, max 0.589% wargame, 0% >1% — monitoring)"
1353,Time's Up!,1999.0,5962,7.639137369332766,6.462973162613789,1.176164206718977,1.0221152537346212,0.0154562633920246,7.608843093084398,exclude,eligible,eligible,1,low_audience_selectivity,borderline_overlap,moderately_sensitive,True,False,7,0.7566252935256625,0.0733163125542665,0.0212749186694756,1,0,0,0,0,0,excluded_popular_not_hidden,"hidden exclude >2500 (n_obs 5962 mean 9713 vs eligible 417, penetration 3.47% vs 0.146%)","hidden exclude >2500 (n_obs 5962 mean 9713 vs eligible 417, penetration 3.47% vs 0.146%) | note: hobby_well_known ref_penetration 2.127% >0.5% (360 eligible 2.95%, max 0.589% wargame, 0% >1% — monitoring)"
16747,Tumblin' Dice,2004.0,4786,7.619640926524079,6.524368242959536,1.0952726835645432,1.0723993197060455,0.0172509949766416,7.585828976369862,exclude,eligible,eligible,0,moderate_audience_selectivity,borderline_overlap,strongly_sensitive,True,False,7,0.8558295027162558,0.2549213617277643,0.0171044900182008,1,0,0,0,0,0,excluded_popular_not_hidden,"hidden exclude >2500 (n_obs 4786 mean 9713 vs eligible 417, penetration 3.47% vs 0.146%)","hidden exclude >2500 (n_obs 4786 mean 9713 vs eligible 417, penetration 3.47% vs 0.146%) | note: hobby_well_known ref_penetration 1.710% >0.5% (360 eligible 2.95%, max 0.589% wargame, 0% >1% — monitoring)"
18833,Lord of the Rings: The Confrontation,2005.0,6420,7.84645688449076,6.785522158346492,1.0609347261442688,1.0832678752680875,0.0148947418919376,7.817263190382562,exclude,eligible,eligible,0,low_audience_selectivity,adequate_overlap,stable_under_exposure_adjustment,False,False,4,,0.060159073651095,0.022944523266979,1,0,1,0,1,0,excluded_popular_not_hidden,"hidden exclude >2500 (n_obs 6420 mean 9713 vs eligible 417, penetration 3.47% vs 0.146%)","hidden exclude >2500 (n_obs 6420 mean 9713 vs eligible 417, penetration 3.47% vs 0.146%) | note: euro_duel (max≤2 Euro not wargame not solo, 1402 7.3% pop spec 0.833 insufficient 21.5% vs wargame 47.7% — broader than wargame, monitor); hobby_well_known ref_penetration 2.294% >0.5% (360 eligible 2.95%, max 0.589% wargame, 0% >1% — monitoring)"
121288,Dixit: Journey,2012.0,4550,7.579115857586545,6.581543259330852,0.9975725982556928,0.9366835001424496,0.0176927278616377,7.544438110977735,exclude,eligible,eligible,6,moderate_audience_selectivity,borderline_overlap,moderately_sensitive,True,False,7,0.7123076923076923,0.0380748783645475,0.0162051965547386,1,0,0,0,0,0,excluded_popular_not_hidden,"hidden exclude >2500 (n_obs 4550 mean 9713 vs eligible 417, penetration 3.47% vs 0.146%)","hidden exclude >2500 (n_obs 4550 mean 9713 vs eligible 417, penetration 3.47% vs 0.146%) | note: hobby_well_known ref_penetration 1.621% >0.5% (360 eligible 2.95%, max 0.589% wargame, 0% >1% — monitoring)"
552,Bus,1999.0,4136,8.283094723330892,7.298164976019565,0.9849297473113268,0.9769043327458178,0.0185571052444142,8.24672279705184,exclude,eligible,eligible,0,moderate_audience_selectivity,adequate_overlap,stable_under_exposure_adjustment,False,False,4,,0.2244052125143509,0.0147971394585608,1,0,0,0,0,0,excluded_popular_not_hidden,"hidden exclude >2500 (n_obs 4136 mean 9713 vs eligible 417, penetration 3.47% vs 0.146%)","hidden exclude >2500 (n_obs 4136 mean 9713 vs eligible 417, penetration 3.47% vs 0.146%) | note: hobby_well_known ref_penetration 1.480% >0.5% (360 eligible 2.95%, max 0.589% wargame, 0% >1% — monitoring)"
46213,Telestrations,2009.0,18877,7.648009141997896,6.722765667042664,0.9252434749552324,0.8767699219095384,0.0086862836664298,7.630984026011694,exclude,eligible,eligible,4,low_audience_selectivity,borderline_overlap,moderately_sensitive,True,False,7,0.7431795306457594,0.0720788846353334,0.0673466901701133,1,0,0,0,0,0,excluded_popular_not_hidden,"hidden exclude >2500 (n_obs 18877 mean 9713 vs eligible 417, penetration 3.47% vs 0.146%)","hidden exclude >2500 (n_obs 18877 mean 9713 vs eligible 417, penetration 3.47% vs 0.146%) | note: hobby_well_known ref_penetration 6.735% >0.5% (360 eligible 2.95%, max 0.589% wargame, 0% >1% — monitoring)"
150,PitchCar,1995.0,11175,7.615857162300742,6.692312405814821,0.9235447564859208,0.9364255861673988,0.0112895525630329,7.593729639277197,exclude,eligible,eligible,2,moderate_audience_selectivity,borderline_overlap,moderately_sensitive,True,False,7,0.705413870246085,0.1202006802077866,0.0399343623256947,1,0,0,0,0,0,excluded_popular_not_hidden,"hidden exclude >2500 (n_obs 11175 mean 9713 vs eligible 417, penetration 3.47% vs 0.146%)","hidden exclude >2500 (n_obs 11175 mean 9713 vs eligible 417, penetration 3.47% vs 0.146%) | note: hobby_well_known ref_penetration 3.993% >0.5% (360 eligible 2.95%, max 0.589% wargame, 0% >1% — monitoring)"
270633,Aeon's End: The New Age,2019.0,2859,8.76622729807018,7.846922487020503,0.9193048110496777,0.7994699871947155,0.0223199603190741,8.722480175844796,exclude,eligible,eligible,6,moderate_audience_selectivity,adequate_overlap,stable_under_exposure_adjustment,False,True,7,0.887722980062959,0.075125672681065,0.0102218496066038,1,0,0,0,0,0,excluded_popular_not_hidden,"hidden exclude >2500 (n_obs 2859 mean 9713 vs eligible 417, penetration 3.47% vs 0.146%)","hidden exclude >2500 (n_obs 2859 mean 9713 vs eligible 417, penetration 3.47% vs 0.146%) | note: hobby_well_known ref_penetration 1.022% >0.5% (360 eligible 2.95%, max 0.589% wargame, 0% >1% — monitoring)"
108687,Puerto Rico,2011.0,5629,8.612416966736454,7.699668005207418,0.9127489615290364,0.8533675637606155,0.0159068751178971,8.581239491505375,exclude,hard_exclude,high,19,low_audience_selectivity,adequate_overlap,stable_under_exposure_adjustment,False,False,7,0.8331852904601172,0.0339967216529018,0.0201391576020751,1,0,0,0,0,0,excluded_not_eligible,"hard_exclude high confidence via deterministic game_links/contained_in/version + Game:/Series: + designer/year/weight — binding per 6A (e.g., contained_in target of 3076 (Puerto Rico) via game_links contained_in + families ['Game: Puerto Rico'] + title 'Puerto R)","hard_exclude high confidence via deterministic game_links/contained_in/version + Game:/Series: + designer/year/weight — binding per 6A (e.g., contained_in target of 3076 (Puerto Rico) via game_links contained_in + families ['Game: Puerto Rico'] + title 'Puerto R) | note: ecosystem max_eco 19 (Game: Catan 40 Unlock 47 etc., 2740 Game: 18.6% — borderline not hard unless link corroborates); hobby_well_known ref_penetration 2.014% >0.5% (360 eligible 2.95%, max 0.589% wargame, 0% >1% — monitoring)"
354,Stick 'Em,1993.0,3781,7.553269110503264,6.6621580429701,0.8911110675331644,0.927848175491884,0.0194087317285088,7.515227996315386,exclude,eligible,eligible,26,moderate_audience_selectivity,adequate_overlap,stable_under_exposure_adjustment,False,False,4,,0.2966275171557499,0.013510899006836,1,0,0,0,0,0,excluded_popular_not_hidden,"hidden exclude >2500 (n_obs 3781 mean 9713 vs eligible 417, penetration 3.47% vs 0.146%)","hidden exclude >2500 (n_obs 3781 mean 9713 vs eligible 417, penetration 3.47% vs 0.146%) | note: ecosystem max_eco 26 (Game: Catan 40 Unlock 47 etc., 2740 Game: 18.6% — borderline not hard unless link corroborates); hobby_well_known ref_penetration 1.351% >0.5% (360 eligible 2.95%, max 0.589% wargame, 0% >1% — monitoring)"
291794,Dice Throne: Season One ReRolled,2020.0,2794,8.41650251131785,7.558429072189638,0.8580734391282121,0.8583236214170658,0.0225780949430742,8.372249445229425,exclude,eligible,eligible,17,moderate_audience_selectivity,borderline_overlap,stable_under_exposure_adjustment,False,False,4,,0.1134844903443584,0.0099316393654069,1,0,0,0,0,0,excluded_popular_not_hidden,"hidden exclude >2500 (n_obs 2794 mean 9713 vs eligible 417, penetration 3.47% vs 0.146%)","hidden exclude >2500 (n_obs 2794 mean 9713 vs eligible 417, penetration 3.47% vs 0.146%) | note: ecosystem max_eco 17 (Game: Catan 40 Unlock 47 etc., 2740 Game: 18.6% — borderline not hard unless link corroborates); hobby_well_known ref_penetration 0.993% >0.5% (360 eligible 2.95%, max 0.589% wargame, 0% >1% — monitoring)"
92828,Dixit: Odyssey,2011.0,21146,7.588442463506621,6.751055751519846,0.8373867119867748,0.8077207842794669,0.0082070368212773,7.572356671336918,exclude,eligible,eligible,6,low_audience_selectivity,borderline_overlap,moderately_sensitive,True,False,7,0.5771304265582143,0.1331037227850623,0.0754725769236281,1,0,0,0,0,0,excluded_popular_not_hidden,"hidden exclude >2500 (n_obs 21146 mean 9713 vs eligible 417, penetration 3.47% vs 0.146%)","hidden exclude >2500 (n_obs 21146 mean 9713 vs eligible 417, penetration 3.47% vs 0.146%) | note: hobby_well_known ref_penetration 7.547% >0.5% (360 eligible 2.95%, max 0.589% wargame, 0% >1% — monitoring)"
98229,Pictomania,2011.0,3894,7.681228547211411,6.8583693214566175,0.8228592257547938,0.7949433358141729,0.0191250474907761,7.64374345412949,exclude,borderline,borderline,0,low_audience_selectivity,borderline_overlap,moderately_sensitive,True,False,7,0.8466872110939908,0.1424897725029859,0.0139336744199378,1,0,0,0,0,0,excluded_popular_not_hidden,"hidden exclude >2500 (n_obs 3894 mean 9713 vs eligible 417, penetration 3.47% vs 0.146%)","hidden exclude >2500 (n_obs 3894 mean 9713 vs eligible 417, penetration 3.47% vs 0.146%) | note: borderline eligibility (medium/borderline confidence via Game: + title without link — review queue not hard exclude per 6A, 61 total pool borderline); hobby_well_known ref_penetration 1.393% >0.5% (360 eligible 2.95%, max 0.589% wargame, 0% >1% — monitoring)"
215,Tichu,1991.0,15687,7.957452657786266,7.136373539710924,0.8210791180753425,0.7724979690317753,0.0095286318452326,7.93877653936961,exclude,eligible,eligible,9,low_audience_selectivity,adequate_overlap,stable_under_exposure_adjustment,False,False,4,,0.063397453665739,0.0560893990856585,1,0,0,0,0,0,excluded_popular_not_hidden,"hidden exclude >2500 (n_obs 15687 mean 9713 vs eligible 417, penetration 3.47% vs 0.146%)","hidden exclude >2500 (n_obs 15687 mean 9713 vs eligible 417, penetration 3.47% vs 0.146%) | note: hobby_well_known ref_penetration 5.609% >0.5% (360 eligible 2.95%, max 0.589% wargame, 0% >1% — monitoring)"
241590,Smart10,2017.0,3374,7.757835146620193,6.937220757323615,0.820614389296578,0.7472870225596626,0.0205460318361831,7.717564924221274,exclude,eligible,eligible,3,moderate_audience_selectivity,borderline_overlap,moderately_sensitive,True,False,7,0.6704208654416123,0.061732730084917,0.0120490992733995,1,0,0,0,0,0,excluded_popular_not_hidden,"hidden exclude >2500 (n_obs 3374 mean 9713 vs eligible 417, penetration 3.47% vs 0.146%)","hidden exclude >2500 (n_obs 3374 mean 9713 vs eligible 417, penetration 3.47% vs 0.146%) | note: hobby_well_known ref_penetration 1.205% >0.5% (360 eligible 2.95%, max 0.589% wargame, 0% >1% — monitoring)"
5,Acquire,1963.0,20432,7.656134118457065,6.848897012630504,0.8072371058265615,0.7688591609625641,0.008349203680559,7.6397696792431695,exclude,eligible,eligible,17,low_audience_selectivity,adequate_overlap,stable_under_exposure_adjustment,True,False,7,0.8107380579483163,0.0405495367201771,0.072509566189432,1,0,0,0,0,0,excluded_popular_not_hidden,"hidden exclude >2500 (n_obs 20432 mean 9713 vs eligible 417, penetration 3.47% vs 0.146%)","hidden exclude >2500 (n_obs 20432 mean 9713 vs eligible 417, penetration 3.47% vs 0.146%) | note: ecosystem max_eco 17 (Game: Catan 40 Unlock 47 etc., 2740 Game: 18.6% — borderline not hard unless link corroborates); hobby_well_known ref_penetration 7.251% >0.5% (360 eligible 2.95%, max 0.589% wargame, 0% >1% — monitoring)"
3201,Lord of the Rings: The Confrontation,2002.0,6909,7.553048626393202,6.754858184448503,0.7981904419446986,0.8103144603110577,0.014357965303285,7.524907014398763,exclude,eligible,eligible,53,low_audience_selectivity,adequate_overlap,stable_under_exposure_adjustment,False,False,4,,0.0518700475779702,0.0245747165971595,1,0,1,0,1,0,excluded_popular_not_hidden,"hidden exclude >2500 (n_obs 6909 mean 9713 vs eligible 417, penetration 3.47% vs 0.146%)","hidden exclude >2500 (n_obs 6909 mean 9713 vs eligible 417, penetration 3.47% vs 0.146%) | note: euro_duel (max≤2 Euro not wargame not solo, 1402 7.3% pop spec 0.833 insufficient 21.5% vs wargame 47.7% — broader than wargame, monitor); ecosystem max_eco 53 (Game: Catan 40 Unlock 47 etc., 2740 Game: 18.6% — borderline not hard unless link corroborates); hobby_well_known ref_penetration 2.457% >0.5% (360 eligible 2.95%, max 0.589% wargame, 0% >1% — monitoring)"
491,Web of Power,2000.0,3531,7.74461356964743,6.951250443753747,0.7933631258936833,0.6210623567753624,0.0200840658699397,7.705248800542348,exclude,eligible,eligible,4,moderate_audience_selectivity,adequate_overlap,stable_under_exposure_adjustment,False,False,4,,0.2026134230749178,0.0126151883858578,1,0,0,0,0,0,excluded_popular_not_hidden,"hidden exclude >2500 (n_obs 3531 mean 9713 vs eligible 417, penetration 3.47% vs 0.146%)","hidden exclude >2500 (n_obs 3531 mean 9713 vs eligible 417, penetration 3.47% vs 0.146%) | note: hobby_well_known ref_penetration 1.262% >0.5% (360 eligible 2.95%, max 0.589% wargame, 0% >1% — monitoring)"
397598,Dune: Imperium – Uprising,2023.0,8869,9.050338662689258,8.269012683492166,0.7813259791970921,0.6949895209723671,0.0126725253425014,9.025500513017956,exclude,eligible,eligible,2,low_audience_selectivity,adequate_overlap,stable_under_exposure_adjustment,False,False,4,,0.10371450903767,0.0317762299898247,1,0,0,0,0,0,excluded_popular_not_hidden,"hidden exclude >2500 (n_obs 8869 mean 9713 vs eligible 417, penetration 3.47% vs 0.146%)","hidden exclude >2500 (n_obs 8869 mean 9713 vs eligible 417, penetration 3.47% vs 0.146%) | note: hobby_well_known ref_penetration 3.178% >0.5% (360 eligible 2.95%, max 0.589% wargame, 0% >1% — monitoring)"
335764,"Unmatched: Battle of Legends, Volume Two",2021.0,2647,8.380901344042291,7.601181689179393,0.7797196548628982,0.7057874710361745,0.0231965568203,8.335436092674504,exclude,eligible,eligible,18,moderate_audience_selectivity,borderline_overlap,stable_under_exposure_adjustment,False,False,4,,0.1363561033506953,0.0093261389856256,1,0,0,0,0,0,excluded_popular_not_hidden,"hidden exclude >2500 (n_obs 2647 mean 9713 vs eligible 417, penetration 3.47% vs 0.146%)","hidden exclude >2500 (n_obs 2647 mean 9713 vs eligible 417, penetration 3.47% vs 0.146%) | note: ecosystem max_eco 18 (Game: Catan 40 Unlock 47 etc., 2740 Game: 18.6% — borderline not hard unless link corroborates); hobby_well_known ref_penetration 0.933% >0.5% (360 eligible 2.95%, max 0.589% wargame, 0% >1% — monitoring)"
31999,TZAAR,2007.0,3914,8.054175410944184,7.278868987370286,0.7753064235738982,0.7541702841168245,0.0190761217327271,8.01678621234804,exclude,eligible,eligible,8,low_audience_selectivity,adequate_overlap,stable_under_exposure_adjustment,False,False,4,,0.1382076713760081,0.0139014288375825,1,0,1,0,1,0,excluded_popular_not_hidden,"hidden exclude >2500 (n_obs 3914 mean 9713 vs eligible 417, penetration 3.47% vs 0.146%)","hidden exclude >2500 (n_obs 3914 mean 9713 vs eligible 417, penetration 3.47% vs 0.146%) | note: euro_duel (max≤2 Euro not wargame not solo, 1402 7.3% pop spec 0.833 insufficient 21.5% vs wargame 47.7% — broader than wargame, monitor); hobby_well_known ref_penetration 1.390% >0.5% (360 eligible 2.95%, max 0.589% wargame, 0% >1% — monitoring)"
118,Modern Art,1992.0,23096,7.892179435294738,7.124200525211226,0.7679789100835128,0.7242460597492579,0.0078529369468615,7.876787678878889,exclude,eligible,eligible,9,moderate_audience_selectivity,adequate_overlap,stable_under_exposure_adjustment,True,False,7,0.8460339452719086,0.0696485317418345,0.0827493300084555,1,0,0,0,0,0,excluded_popular_not_hidden,"hidden exclude >2500 (n_obs 23096 mean 9713 vs eligible 417, penetration 3.47% vs 0.146%)","hidden exclude >2500 (n_obs 23096 mean 9713 vs eligible 417, penetration 3.47% vs 0.146%) | note: hobby_well_known ref_penetration 8.275% >0.5% (360 eligible 2.95%, max 0.589% wargame, 0% >1% — monitoring)"
220,High Society,1995.0,14540,7.57252370946446,6.815776549635938,0.7567471598285218,0.7358526112367381,0.0098973355080002,7.55312493186878,exclude,eligible,eligible,26,moderate_audience_selectivity,borderline_overlap,moderately_sensitive,False,False,4,,0.1089607465525764,0.0520013758115138,1,0,0,0,0,0,excluded_popular_not_hidden,"hidden exclude >2500 (n_obs 14540 mean 9713 vs eligible 417, penetration 3.47% vs 0.146%)","hidden exclude >2500 (n_obs 14540 mean 9713 vs eligible 417, penetration 3.47% vs 0.146%) | note: ecosystem max_eco 26 (Game: Catan 40 Unlock 47 etc., 2740 Game: 18.6% — borderline not hard unless link corroborates); hobby_well_known ref_penetration 5.200% >0.5% (360 eligible 2.95%, max 0.589% wargame, 0% >1% — monitoring)"
19777,Indonesia,2005.0,4761,8.52500065897303,7.769034257986025,0.7559664009870044,0.5229535827910521,0.0172962281419593,8.491100051814788,exclude,eligible,eligible,0,moderate_audience_selectivity,borderline_overlap,moderately_sensitive,False,False,7,0.9750052509976896,0.1816722479899694,0.0170399988534904,1,0,0,0,0,0,excluded_popular_not_hidden,"hidden exclude >2500 (n_obs 4761 mean 9713 vs eligible 417, penetration 3.47% vs 0.146%)","hidden exclude >2500 (n_obs 4761 mean 9713 vs eligible 417, penetration 3.47% vs 0.146%) | note: hobby_well_known ref_penetration 1.704% >0.5% (360 eligible 2.95%, max 0.589% wargame, 0% >1% — monitoring)"
1278,Dutch InterCity,1999.0,209,7.911830022362588,6.514243458959752,1.397586563402836,1.3334743308501622,0.0825519531152329,7.750028194256732,eligible,hard_exclude,high,33,moderate_audience_selectivity,borderline_overlap,moderately_sensitive,False,False,2,,0.3987409551591641,0.0007488140791378,0,0,0,0,0,0,excluded_not_eligible,"hard_exclude high confidence via deterministic game_links/contained_in/version + Game:/Series: + designer/year/weight — binding per 6A (e.g., reimplementation/remake via is_reimplementation True + verified game_links reimplements [33223] via game_links reimpleme)","hard_exclude high confidence via deterministic game_links/contained_in/version + Game:/Series: + designer/year/weight — binding per 6A (e.g., reimplementation/remake via is_reimplementation True + verified game_links reimplements [33223] via game_links reimpleme) | note: ecosystem max_eco 33 (Game: Catan 40 Unlock 47 etc., 2740 Game: 18.6% — borderline not hard unless link corroborates)"
295564,Unmatched Game System,2019.0,2193,8.525293184273332,7.303107817615981,1.2221853666573512,1.1610221167133528,0.0254847970854782,8.475342981985795,borderline,hard_exclude,high,18,low_audience_selectivity,borderline_overlap,moderately_sensitive,False,False,4,,0.0383366650527938,0.0077998480874786,1,0,0,0,0,0,excluded_not_eligible,"hard_exclude high confidence via deterministic game_links/contained_in/version + Game:/Series: + designer/year/weight — binding per 6A (e.g., game-system/container entry via families Admin: Game System Entries — clearly derivative/not hidden per definition, hard)","hard_exclude high confidence via deterministic game_links/contained_in/version + Game:/Series: + designer/year/weight — binding per 6A (e.g., game-system/container entry via families Admin: Game System Entries — clearly derivative/not hidden per definition, hard) | note: game_system (Admin: Game System Entries 32 — not hidden, hard eligibility via system flag); ecosystem max_eco 18 (Game: Catan 40 Unlock 47 etc., 2740 Game: 18.6% — borderline not hard unless link corroborates); hobby_well_known ref_penetration 0.780% >0.5% (360 eligible 2.95%, max 0.589% wargame, 0% >1% — monitoring)"
213788,Ascension: Year Three Collector's Edition,2016.0,218,8.068199869579036,6.901221333323903,1.166978536255133,1.0668589263007444,0.0808299386268655,7.90977318987038,eligible,borderline,medium,24,moderate_audience_selectivity,adequate_overlap,stable_under_exposure_adjustment,False,False,4,,0.0733928998262835,0.0007738939765252,0,0,0,0,0,1,plausible_hidden_gem,"plausible: good+underrated+hidden but cross not broad (n_sup 4 has_broad False) — not decisive niche/insufficient, borderline per 6C","plausible: good+underrated+hidden but cross not broad (n_sup 4 has_broad False) — not decisive niche/insufficient, borderline per 6C | monitor: edition_title (title pattern 55/532 10.3% pool vs 501/14698 3.41% pop, per-pattern n<50 below gate, niche enriched — monitoring); borderline eligibility (medium/borderline confidence via Game: + title without link — review queue not hard exclude per 6A, 61 total pool borderline); ecosystem max_eco 24 (Game: Catan 40 Unlock 47 etc., 2740 Game: 18.6% — borderline not hard unless link corroborates)"
222291,Ivion: The Herocrafting Card Game,2018.0,106,8.162602101902847,7.072522786418373,1.0900793154844737,1.155115771166189,0.1159171148780976,7.935404556741775,eligible,hard_exclude,high,0,insufficient_evidence,insufficient_overlap,insufficient_overlap,False,False,4,,0.1313410545359297,0.0003726156183269,0,0,0,0,0,0,excluded_not_eligible,"hard_exclude high confidence via deterministic game_links/contained_in/version + Game:/Series: + designer/year/weight — binding per 6A (e.g., game-system/container entry via families Admin: Game System Entries — clearly derivative/not hidden per definition, hard)","hard_exclude high confidence via deterministic game_links/contained_in/version + Game:/Series: + designer/year/weight — binding per 6A (e.g., game-system/container entry via families Admin: Game System Entries — clearly derivative/not hidden per definition, hard) | note: game_system (Admin: Game System Entries 32 — not hidden, hard eligibility via system flag)"
224483,Exceed Fighting System,2016.0,586,8.434270347579723,7.354953735614261,1.0793166119654618,1.1178010459538363,0.0493005413177742,8.337641286596886,eligible,hard_exclude,high,8,low_audience_selectivity,adequate_overlap,stable_under_exposure_adjustment,False,False,4,,0.0404605328300918,0.0020780486406695,0,0,1,0,1,0,excluded_not_eligible,"hard_exclude high confidence via deterministic game_links/contained_in/version + Game:/Series: + designer/year/weight — binding per 6A (e.g., game-system/container entry via families Admin: Game System Entries — clearly derivative/not hidden per definition, hard)","hard_exclude high confidence via deterministic game_links/contained_in/version + Game:/Series: + designer/year/weight — binding per 6A (e.g., game-system/container entry via families Admin: Game System Entries — clearly derivative/not hidden per definition, hard) | note: euro_duel (max≤2 Euro not wargame not solo, 1402 7.3% pop spec 0.833 insufficient 21.5% vs wargame 47.7% — broader than wargame, monitor); game_system (Admin: Game System Entries 32 — not hidden, hard eligibility via system flag)"
295574,Dice Masters,2014.0,233,8.088119173400067,7.032774130268848,1.0553450431312186,0.9864617331812298,0.0781848370450462,7.934876892791776,eligible,hard_exclude,high,17,moderate_audience_selectivity,adequate_overlap,stable_under_exposure_adjustment,False,False,2,,0.0451702429546708,0.0008276366137839,0,0,1,0,1,0,excluded_not_eligible,"hard_exclude high confidence via deterministic game_links/contained_in/version + Game:/Series: + designer/year/weight — binding per 6A (e.g., game-system/container entry via families Admin: Game System Entries — clearly derivative/not hidden per definition, hard)","hard_exclude high confidence via deterministic game_links/contained_in/version + Game:/Series: + designer/year/weight — binding per 6A (e.g., game-system/container entry via families Admin: Game System Entries — clearly derivative/not hidden per definition, hard) | note: euro_duel (max≤2 Euro not wargame not solo, 1402 7.3% pop spec 0.833 insufficient 21.5% vs wargame 47.7% — broader than wargame, monitor); game_system (Admin: Game System Entries 32 — not hidden, hard eligibility via system flag); ecosystem max_eco 17 (Game: Catan 40 Unlock 47 etc., 2740 Game: 18.6% — borderline not hard unless link corroborates)"
319031,Project L: Kickstarter Edition,2020.0,522,8.183652861272897,7.130137766970531,1.053515094302366,1.0284561496412028,0.0522354384427184,8.08127140192517,eligible,hard_exclude,high,2,moderate_audience_selectivity,borderline_overlap,moderately_sensitive,False,False,4,,0.1349454554914639,0.0018666609341186,0,0,0,0,0,1,excluded_not_eligible,"hard_exclude high confidence via deterministic game_links/contained_in/version + Game:/Series: + designer/year/weight — binding per 6A (e.g., contained_in target of 260180 (Project L) via game_links contained_in + families ['Game: Project L'] + title 'Project L:)","hard_exclude high confidence via deterministic game_links/contained_in/version + Game:/Series: + designer/year/weight — binding per 6A (e.g., contained_in target of 260180 (Project L) via game_links contained_in + families ['Game: Project L'] + title 'Project L:) | note: edition_title (title pattern 55/532 10.3% pool vs 501/14698 3.41% pop, per-pattern n<50 below gate, niche enriched — monitoring)"
17419,CATAN 3D Collector's Edition,2005.0,1029,8.10460574629893,7.053714542136872,1.050891204162058,1.0048970864767988,0.0372042717969049,8.031685373576996,eligible,hard_exclude,high,40,low_audience_selectivity,adequate_overlap,stable_under_exposure_adjustment,False,False,4,,0.0698239945897087,0.0036616650185591,0,0,0,0,0,1,excluded_not_eligible,"hard_exclude high confidence via deterministic game_links/contained_in/version + Game:/Series: + designer/year/weight — binding per 6A (e.g., contained_in target of 13 (CATAN) via game_links contained_in + families ['Game: Catan'] + title 'CATAN 3D Collector's E)","hard_exclude high confidence via deterministic game_links/contained_in/version + Game:/Series: + designer/year/weight — binding per 6A (e.g., contained_in target of 13 (CATAN) via game_links contained_in + families ['Game: Catan'] + title 'CATAN 3D Collector's E) | note: edition_title (title pattern 55/532 10.3% pool vs 501/14698 3.41% pop, per-pattern n<50 below gate, niche enriched — monitoring); ecosystem max_eco 40 (Game: Catan 40 Unlock 47 etc., 2740 Game: 18.6% — borderline not hard unless link corroborates)"
331259,Sleeping Gods: Kickstarter Edition,2021.0,315,8.676128674113004,7.644739703241706,1.0313889708712978,0.9915604485264122,0.0672427117026874,8.544332959175737,eligible,hard_exclude,high,4,moderate_audience_selectivity,borderline_overlap,moderately_sensitive,True,False,7,0.8761904761904762,0.0998606169583495,0.0011285953824326,0,0,0,0,0,1,excluded_not_eligible,"hard_exclude high confidence via deterministic game_links/contained_in/version + Game:/Series: + designer/year/weight — binding per 6A (e.g., contained_in target of 255984 (Sleeping Gods) via game_links contained_in + families ['Game: Sleeping Gods'] + title 'Sl)","hard_exclude high confidence via deterministic game_links/contained_in/version + Game:/Series: + designer/year/weight — binding per 6A (e.g., contained_in target of 255984 (Sleeping Gods) via game_links contained_in + families ['Game: Sleeping Gods'] + title 'Sl) | note: edition_title (title pattern 55/532 10.3% pool vs 501/14698 3.41% pop, per-pattern n<50 below gate, niche enriched — monitoring)"
631,Daytona 500,1990.0,1007,7.501685223900743,6.482758357725659,1.018926866175084,1.0074975493258105,0.0376084782178057,7.427972606593844,eligible,hard_exclude,high,4,low_audience_selectivity,adequate_overlap,stable_under_exposure_adjustment,False,False,4,,0.2032909235621613,0.003582842483913,0,0,0,0,0,0,excluded_not_eligible,"hard_exclude high confidence via deterministic game_links/contained_in/version + Game:/Series: + designer/year/weight — binding per 6A (e.g., reimplementation/remake via is_reimplementation True + verified game_links reimplements [5389] via game_links reimplemen)","hard_exclude high confidence via deterministic game_links/contained_in/version + Game:/Series: + designer/year/weight — binding per 6A (e.g., reimplementation/remake via is_reimplementation True + verified game_links reimplements [5389] via game_links reimplemen)"
22766,Die Siedler von Catan: Das Kartenspiel – 10th Anniversary Special Edition Tin Box,2006.0,395,7.634883303726444,6.679174518754236,0.9557087849722086,0.92046508156118,0.0600484702383417,7.517188302059295,eligible,hard_exclude,high,40,moderate_audience_selectivity,adequate_overlap,stable_under_exposure_adjustment,False,False,4,,0.0818271317033273,0.0014008914112099,0,0,1,0,1,1,excluded_not_eligible,"hard_exclude high confidence via deterministic game_links/contained_in/version + Game:/Series: + designer/year/weight — binding per 6A (e.g., contained_in target of 278 (Catan Card Game) via game_links contained_in + families ['Game: Catan', 'Game: Catan Card Ga)","hard_exclude high confidence via deterministic game_links/contained_in/version + Game:/Series: + designer/year/weight — binding per 6A (e.g., contained_in target of 278 (Catan Card Game) via game_links contained_in + families ['Game: Catan', 'Game: Catan Card Ga) | note: euro_duel (max≤2 Euro not wargame not solo, 1402 7.3% pop spec 0.833 insufficient 21.5% vs wargame 47.7% — broader than wargame, monitor); edition_title (title pattern 55/532 10.3% pool vs 501/14698 3.41% pop, per-pattern n<50 below gate, niche enriched — monitoring); ecosystem max_eco 40 (Game: Catan 40 Unlock 47 etc., 2740 Game: 18.6% — borderline not hard unless link corroborates)"
338697,CATAN: 3D Edition,2021.0,341,8.028776451197873,7.101023462083566,0.9277529891143068,0.7343119895032348,0.0646283854294272,7.9021048157561955,eligible,hard_exclude,high,40,moderate_audience_selectivity,borderline_overlap,moderately_sensitive,True,False,7,0.7302052785923754,0.042362822177214,0.0012145836020465,0,0,0,0,0,1,excluded_not_eligible,"hard_exclude high confidence via deterministic game_links/contained_in/version + Game:/Series: + designer/year/weight — binding per 6A (e.g., contained_in target of 13 (CATAN) via game_links contained_in + families ['Game: Catan'] + title 'CATAN: 3D Edition' con)","hard_exclude high confidence via deterministic game_links/contained_in/version + Game:/Series: + designer/year/weight — binding per 6A (e.g., contained_in target of 13 (CATAN) via game_links contained_in + families ['Game: Catan'] + title 'CATAN: 3D Edition' con) | note: edition_title (title pattern 55/532 10.3% pool vs 501/14698 3.41% pop, per-pattern n<50 below gate, niche enriched — monitoring); ecosystem max_eco 40 (Game: Catan 40 Unlock 47 etc., 2740 Game: 18.6% — borderline not hard unless link corroborates)"
3553,Close Action: The Age of Fighting Sail Vol. 1,1997.0,369,8.098228262238123,7.189452190487996,0.9087760717501272,0.7347654624168491,0.0621279913545074,7.976457399183289,eligible,hard_exclude,high,1,moderate_audience_selectivity,borderline_overlap,strongly_sensitive,True,False,7,0.9322493224932248,0.0707947545787759,0.0011321782249165,0,0,0,0,0,0,excluded_not_eligible,"hard_exclude high confidence via deterministic game_links/contained_in/version + Game:/Series: + designer/year/weight — binding per 6A (e.g., reimplementation/remake via is_reimplementation True + verified game_links reimplements [54620] via game_links reimpleme)","hard_exclude high confidence via deterministic game_links/contained_in/version + Game:/Series: + designer/year/weight — binding per 6A (e.g., reimplementation/remake via is_reimplementation True + verified game_links reimplements [54620] via game_links reimpleme)"
89952,Carcassonne: 10 Year Special Edition,2011.0,1698,7.720648580902868,6.854997606724464,0.8656509741784042,0.8268892780936898,0.0289622069780018,7.663882655225985,eligible,hard_exclude,high,21,moderate_audience_selectivity,borderline_overlap,stable_under_exposure_adjustment,False,False,4,,0.1368211935750511,0.0060370895853934,1,0,0,0,0,1,excluded_not_eligible,"hard_exclude high confidence via deterministic game_links/contained_in/version + Game:/Series: + designer/year/weight — binding per 6A (e.g., contained_in target of 822 (Carcassonne) via game_links contained_in + families ['Game: Carcassonne'] + title 'Carcasson)","hard_exclude high confidence via deterministic game_links/contained_in/version + Game:/Series: + designer/year/weight — binding per 6A (e.g., contained_in target of 822 (Carcassonne) via game_links contained_in + families ['Game: Carcassonne'] + title 'Carcasson) | note: edition_title (title pattern 55/532 10.3% pool vs 501/14698 3.41% pop, per-pattern n<50 below gate, niche enriched — monitoring); ecosystem max_eco 21 (Game: Catan 40 Unlock 47 etc., 2740 Game: 18.6% — borderline not hard unless link corroborates); hobby_well_known ref_penetration 0.604% >0.5% (360 eligible 2.95%, max 0.589% wargame, 0% >1% — monitoring)"
161617,Dungeon Lords: Happy Anniversary,2014.0,1051,8.425364276680536,7.582579740591241,0.8427845360892956,0.8591552492394747,0.0368128242828566,8.353211141086138,eligible,hard_exclude,high,3,moderate_audience_selectivity,borderline_overlap,moderately_sensitive,False,True,6,0.8382492863939106,0.0553268647049752,0.0037440703956891,0,0,0,0,0,1,excluded_not_eligible,"hard_exclude high confidence via deterministic game_links/contained_in/version + Game:/Series: + designer/year/weight — binding per 6A (e.g., contained_in target of 45315 (Dungeon Lords) via game_links contained_in + families ['Game: Dungeon Lords'] + title 'Dun)","hard_exclude high confidence via deterministic game_links/contained_in/version + Game:/Series: + designer/year/weight — binding per 6A (e.g., contained_in target of 45315 (Dungeon Lords) via game_links contained_in + families ['Game: Dungeon Lords'] + title 'Dun) | note: edition_title (title pattern 55/532 10.3% pool vs 501/14698 3.41% pop, per-pattern n<50 below gate, niche enriched — monitoring)"
387866,Star Wars: Unlimited,2024.0,2151,8.355707862049519,7.552968467453331,0.8027393945961876,0.836980020865866,0.0257323998184513,8.305272358405354,borderline,hard_exclude,high,1,low_audience_selectivity,adequate_overlap,stable_under_exposure_adjustment,False,False,4,,0.0275416242593267,0.0076887799704773,1,0,0,0,0,0,excluded_not_eligible,"hard_exclude high confidence via deterministic game_links/contained_in/version + Game:/Series: + designer/year/weight — binding per 6A (e.g., game-system/container entry via families Admin: Game System Entries — clearly derivative/not hidden per definition, hard)","hard_exclude high confidence via deterministic game_links/contained_in/version + Game:/Series: + designer/year/weight — binding per 6A (e.g., game-system/container entry via families Admin: Game System Entries — clearly derivative/not hidden per definition, hard) | note: game_system (Admin: Game System Entries 32 — not hidden, hard eligibility via system flag); hobby_well_known ref_penetration 0.769% >0.5% (360 eligible 2.95%, max 0.589% wargame, 0% >1% — monitoring)"
266507,Clank! Legacy: Acquisitions Incorporated,2019.0,9745,8.831527220528356,8.056793035814245,0.7747341847141112,0.7318123644678849,0.0120895343657107,8.807831733171563,exclude,hard_exclude,high,5,moderate_audience_selectivity,borderline_overlap,moderately_sensitive,True,False,7,0.0836326321190354,0.0728079459556551,0.0348861372658612,1,0,0,0,0,0,excluded_not_eligible,"hard_exclude high confidence via deterministic game_links/contained_in/version + Game:/Series: + designer/year/weight — binding per 6A (e.g., reimplementation/remake via is_reimplementation True + verified game_links reimplements [201808] via game_links reimplem)","hard_exclude high confidence via deterministic game_links/contained_in/version + Game:/Series: + designer/year/weight — binding per 6A (e.g., reimplementation/remake via is_reimplementation True + verified game_links reimplements [201808] via game_links reimplem) | note: hobby_well_known ref_penetration 3.489% >0.5% (360 eligible 2.95%, max 0.589% wargame, 0% >1% — monitoring)"
