game_id,title,n_obs,ref_penetration,hobby_well_known,spec_ge10,spec_ge20,tvd_global,overlap_status,max_weight,n_supported_ge10,has_broad,has_niche_drop,broad_decision,broad_reason
2470,The Extraordinary Adventures of Baron Munchausen,379,0.001343565931467389,False,0.6965699208443272,0.4828496042216358,0.098880594342443,borderline_overlap,1987.7283604623285,7,True,False,broad,passes all broad checks
62814,Tumblin-Dice Medium,215,0.0007667282915573899,False,,,0.2044825819534225,borderline_overlap,1763.5330297069806,1,True,False,broad,passes all broad checks
275972,Star Trek: Alliance – Dominion War Campaign,193,0.0006843229144273902,False,0.7772020725388601,0.6062176165803109,0.0898179361812925,borderline_overlap,1270.5803346954783,6,True,False,broad,passes all broad checks
244258,The Red Dragon Inn 7: The Tavern Crew,310,0.0010820184301417372,False,0.667741935483871,0.3612903225806451,0.2296324705992541,adequate_overlap,1626.46208679483,6,True,False,broad,passes all broad checks
340216,Heredity: The Book of Swan,176,0.0006269974346847816,False,0.8352272727272727,0.6704545454545454,0.0789818079822536,borderline_overlap,1392.845769466967,6,True,False,broad,passes all broad checks
373835,Unlock! Kids: Stories from the Past,252,0.0009028763059460854,False,,,0.1736701407678733,borderline_overlap,1567.4923191031523,2,True,False,broad,passes all broad checks
319604,Ricochet: A la poursuite du Comte courant,223,0.0007918081889447812,False,0.8789237668161435,0.7219730941704036,0.0930779148061687,borderline_overlap,1851.9592978991896,5,True,False,broad,passes all broad checks
252432,Zoo Break,178,0.0006269974346847816,False,0.848314606741573,0.702247191011236,0.1325724695938719,borderline_overlap,1146.1448768592034,5,True,False,broad,passes all broad checks
153498,Kamisado Max,155,0.0005481749000386947,False,,,0.1477868842394555,adequate_overlap,1097.0616733875977,2,True,False,broad,passes all broad checks
41090,Magnate,210,0.0007452312366539117,False,0.8523809523809524,0.7238095238095238,0.1854349629058035,borderline_overlap,1129.5229354192684,4,True,False,broad,passes all broad checks
377969,Marvel United: Multiverse,405,0.001433136993565215,False,0.8567901234567902,0.6790123456790124,0.0526073085305435,borderline_overlap,1740.6976292338688,7,True,False,broad,passes all broad checks
267304,Mega Empires: The West,366,0.0013077375066282587,False,0.8907103825136612,0.7841530054644809,0.1180495318685759,borderline_overlap,898.1131987548805,7,True,False,broad,passes all broad checks
331259,Sleeping Gods: Kickstarter Edition,315,0.0011285953824326067,False,0.8761904761904762,0.7619047619047619,0.0998606169583495,borderline_overlap,910.5400949567614,7,True,False,broad,passes all broad checks
309917,Hidden Games Crime Scene: The Midnight Crown,341,0.0012002522321108674,False,0.8944281524926686,0.7976539589442815,0.0537323653930117,borderline_overlap,1509.0157929786426,7,True,False,broad,passes all broad checks
250396,Terminator Genisys: Rise of the Resistance,605,0.0021317912779282573,False,0.8727272727272727,0.7123966942148761,0.1046083271374865,borderline_overlap,2091.149831890855,7,True,False,broad,passes all broad checks
231962,Krazy Wordz,753,0.002697880390386517,False,0.7702523240371846,0.5511288180610889,0.0761080083451831,borderline_overlap,2246.276972739872,7,True,False,broad,passes all broad checks
424975,Wilmot's Warehouse,477,0.0017054330223426058,False,0.8553459119496856,0.6834381551362684,0.1453630850980766,borderline_overlap,2669.8062364636257,7,True,False,broad,passes all broad checks
373600,Cthulhu: Death May Die – Fear of the Unknown,502,0.0017806727145047794,False,0.8725099601593626,0.6952191235059761,0.062006201482174,borderline_overlap,1340.5583873303551,7,True,False,broad,passes all broad checks
270871,Agemonia,650,0.002321681929575648,False,0.8707692307692307,0.6815384615384615,0.0896100334068923,adequate_overlap,1393.3229791164476,7,True,False,broad,passes all broad checks
424774,Dorfromantik: Sakura,370,0.0013256517190478238,False,0.7702702702702703,0.6405405405405405,0.0868663910363578,adequate_overlap,1574.8089858925207,7,True,False,broad,passes all broad checks
338697,CATAN: 3D Edition,341,0.0012145836020465196,False,0.7302052785923754,0.5513196480938416,0.042362822177214,borderline_overlap,1784.645092223137,7,True,False,broad,passes all broad checks
257145,Teenage Mutant Ninja Turtles Adventures: City Fall,220,0.0007774768190091291,False,0.8363636363636363,0.65,0.1318810544102138,adequate_overlap,920.0997809141822,6,True,False,broad,passes all broad checks
304847,Hidden Games Crime Scene: The New Haven Case,664,0.0023503446694469526,False,0.9006024096385542,0.7575301204819277,0.064706581941076,borderline_overlap,1179.184895168248,7,True,False,broad,passes all broad checks
195372,Krazy Wordz: Nicht 100% jugendfrei,1080,0.003865887040142167,False,0.7944444444444444,0.5592592592592592,0.0941727862705188,borderline_overlap,2810.744884408948,7,True,False,broad,passes all broad checks
224678,Baseball Highlights: 2045 – Spring Training,176,0.0006269974346847816,False,,,0.1312454647450191,adequate_overlap,678.5584089933574,2,True,False,broad,passes all broad checks
187988,Pyramid Arcade,813,0.0028555254596786908,False,0.7884378843788438,0.6100861008610086,0.110017637303976,borderline_overlap,1612.1130616496007,7,True,False,broad,passes all broad checks
406174,Kinfire Delve: Callous' Lab,284,0.0009960302105278243,False,0.8943661971830986,0.7007042253521126,0.036460872568845,borderline_overlap,1397.719308904212,7,True,False,broad,passes all broad checks
43262,Neuroshima Hex! Duel,838,0.0029916734740673863,False,,,0.0599157896120235,adequate_overlap,951.8722260784108,4,True,False,broad,passes all broad checks
343844,Bullet★,993,0.003547014059073907,False,0.8328298086606244,0.6676737160120846,0.0258957343022753,borderline_overlap,2037.82428253154,7,True,False,broad,passes all broad checks
184424,Mega Civilization,1035,0.0037082419708499934,False,0.8956521739130435,0.7855072463768116,0.1358835481369974,borderline_overlap,785.7829418879904,7,True,False,broad,passes all broad checks
363625,Fateforge: Chronicles of Kaan,405,0.001429554151081302,False,0.8716049382716049,0.7135802469135802,0.0375504083870419,borderline_overlap,1648.7836587750962,7,True,False,broad,passes all broad checks
296345,Sherlock Holmes Consulting Detective: The Baker Street Irregulars,1404,0.0050159794774782525,True,0.7735042735042735,0.5555555555555556,0.1476541701833296,borderline_overlap,1998.0067292550573,7,True,False,not_hidden_hobby_well_known,ref_penetration 0.0050 >0.5% despite n_obs 1404 — known to hobby core
285157,Legendary: A James Bond Deck Building Game,674,0.0023897559367699957,False,0.857566765578635,0.7181008902077152,0.0365447198090735,borderline_overlap,1758.2537992590046,7,True,False,broad,passes all broad checks
12166,Funkenschlag,897,0.0032138097080699943,False,0.8896321070234113,0.7837235228539576,0.1618961828452843,borderline_overlap,512.8554173600846,7,True,False,broad,passes all broad checks
410209,Hitster: Summer Party,452,0.0016122791177608667,False,0.7323008849557522,0.4800884955752212,0.0478814930203817,borderline_overlap,1977.700024085424,6,True,False,broad,passes all broad checks
392513,Mindbug: Beyond Eternity,510,0.001820083981827823,False,,,0.0539222416082094,adequate_overlap,1493.2950818373815,4,True,False,broad,passes all broad checks
256874,Legendary Encounters: The X-Files Deck Building Game,815,0.002909268096937386,False,0.8993865030674847,0.7803680981595092,0.0486543610945268,borderline_overlap,1178.7256204665669,7,True,False,broad,passes all broad checks
404538,Kinfire Delve: Scorn's Stockade,408,0.001443885521016954,False,0.8995098039215687,0.7254901960784313,0.0687107918821706,borderline_overlap,1538.448032141052,7,True,False,broad,passes all broad checks
157026,Ascension: Realms Unraveled,1154,0.004120268856499993,False,,,0.0358734311330712,adequate_overlap,1214.6957790948186,4,True,False,broad,passes all broad checks
4385,A Gamut of Games,434,0.001529873740630867,False,,,0.2081692178981229,adequate_overlap,638.8566649613615,4,False,False,broad,passes all broad checks
1803,Zopp,158,0.0005660891124582599,False,,,0.3449889110673465,borderline_overlap,1553.773959842081,1,False,False,broad,passes all broad checks
341489,Carrooka,195,0.0006914885993952162,False,,,0.1890979665688071,borderline_overlap,2045.099562917252,3,False,False,broad,passes all broad checks
541,Das Motorsportspiel,381,0.001347148773951302,False,,,0.2947712958641837,adequate_overlap,1172.946178393212,2,False,False,broad,passes all broad checks
6688,Ninety-Nine,554,0.0019741462086360836,False,,,0.3553851090292348,adequate_overlap,621.7226137437151,2,False,False,broad,passes all broad checks
156372,Heart of Crown: Fairy Garden,304,0.0010784355876578243,False,,,0.1055277613957368,adequate_overlap,915.3242185094732,4,False,False,broad,passes all broad checks
14188,Bughouse Chess,362,0.0012826576092408674,False,,,0.1486814769810468,adequate_overlap,537.9346498836067,4,False,False,broad,passes all broad checks
2981,Breaking Away,460,0.0016409418576321712,False,,,0.3544825819534225,adequate_overlap,721.5552934070404,2,False,False,broad,passes all broad checks
161880,The Quiet Year,406,0.001443885521016954,False,,,0.0612432022239084,borderline_overlap,2526.619538597028,4,False,False,broad,passes all broad checks
165748,Psycho Raiders,197,0.0007022371268469553,False,,,0.0616762892235735,adequate_overlap,1053.3618878210364,4,False,False,broad,passes all broad checks
207951,Tintas,312,0.0010927669575934763,False,,,0.2679441204149609,adequate_overlap,1248.8239469070108,2,False,False,broad,passes all broad checks
141067,History Maker Baseball,207,0.0006556601745560858,False,,,0.1656457030882611,borderline_overlap,1746.0607854524626,4,False,False,broad,passes all broad checks
172844,Charms,254,0.0009100419909139115,False,,,0.4548762827408241,adequate_overlap,375.3299390001537,2,False,False,broad,passes all broad checks
5217,Eleusis,216,0.000770311134041303,False,,,0.2896677671386077,borderline_overlap,449.4515509556878,2,False,False,broad,passes all broad checks
237009,Urbino,207,0.0007201513392665205,False,,,0.2421637413737123,adequate_overlap,1062.7197821628915,2,False,False,broad,passes all broad checks
2251,Strat-O-Matic Baseball,1071,0.0036365851211717327,False,,,0.0758630058240967,adequate_overlap,1020.2893286978916,4,False,False,broad,passes all broad checks
7290,Dynasty League Baseball Powered by Pursue the Pennant,222,0.0007344827092021726,False,,,0.0509039136720587,adequate_overlap,1201.4741919779726,4,False,False,broad,passes all broad checks
1278,Dutch InterCity,209,0.0007488140791378248,False,,,0.3987409551591641,borderline_overlap,896.7353299172913,2,False,False,broad,passes all broad checks
5243,Montage,209,0.0007452312366539117,False,,,0.4473116446606396,borderline_overlap,466.9799059378618,2,False,False,broad,passes all broad checks
252657,luz,228,0.0008168880863321725,False,,,0.4290439854621944,borderline_overlap,1013.3058241293468,2,False,False,broad,passes all broad checks
19056,Square on Sale,178,0.0006377459621365206,False,,,0.3853814583579169,adequate_overlap,600.854215222775,2,False,False,broad,passes all broad checks
165595,JamSumo,350,0.00125041202688565,False,,,0.3959111533819939,borderline_overlap,1811.779053572654,1,False,False,broad,passes all broad checks
223952,Boast or Nothing,364,0.0012898232942086935,False,,,0.3847023621732027,adequate_overlap,1560.1072217235053,2,False,False,broad,passes all broad checks
4079,What's My Word?,375,0.001336400246499563,False,,,0.2524825819534225,borderline_overlap,813.4320869448907,4,False,False,broad,passes all broad checks
194923,Techno Bowl: Arcade Football Unplugged,261,0.0009172076758817376,False,,,0.0524439174501708,adequate_overlap,1044.741061228564,4,False,False,broad,passes all broad checks
398162,MicroMacro: Crime City – Showdown,452,0.0016122791177608667,False,0.9314159292035398,0.7876106194690266,0.1243940863782012,borderline_overlap,3191.4710132561654,3,False,False,niche_specialist,specialist 0.93 + niche_drop False + not broad
12608,Chess960,158,0.0005517577425226077,False,,,0.1459300981043225,adequate_overlap,513.1601543488134,1,False,False,broad,passes all broad checks
135508,The Mushroom Eaters,183,0.0006556601745560858,False,,,0.2328978824998706,adequate_overlap,668.4716527473076,2,False,False,broad,passes all broad checks
261321,Ascension: Deliverance,219,0.0007810596614930422,False,,,0.0681889270737462,adequate_overlap,1413.3477047842937,4,False,False,broad,passes all broad checks
199723,"UltraQuest: Gold, Ruhm! und Ehre!",533,0.0019024893589578227,False,,,0.1084474326395408,borderline_overlap,1090.4415854063784,4,False,False,broad,passes all broad checks
100169,Hero of Weehawken: The Aaron Burr Conspiracy 1805-1807,165,0.0005875861673617382,False,,,0.1438765213473619,adequate_overlap,1533.000899521697,2,False,False,broad,passes all broad checks
90942,Mixtour,159,0.0005445920575547817,False,,,0.2274074934499671,adequate_overlap,815.5286252756664,2,False,False,broad,passes all broad checks
248878,FlickFleet,214,0.0007523969216217378,False,,,0.0818642538812273,adequate_overlap,1654.7074511350477,4,False,False,broad,passes all broad checks
324711,Schadenfreude,821,0.0029343479943247774,False,,,0.3060660167889889,borderline_overlap,1643.2288477994923,4,False,False,broad,passes all broad checks
59335,Wherewolf,164,0.0005875861673617382,False,0.6524390243902439,0.3536585365853658,0.1394198570709677,borderline_overlap,1959.4772545827427,6,False,False,broad,passes all broad checks
249552,Ascension: Delirium,280,0.0010031958954956504,False,,,0.0998606169583495,adequate_overlap,1326.002466783557,4,False,False,broad,passes all broad checks
324157,Hidden Games Crime Scene: Green Poison,253,0.0008921277784943463,False,0.9486166007905138,0.8458498023715415,0.0952304645021101,borderline_overlap,1280.9641715494108,2,False,False,niche_specialist,specialist 0.95 + niche_drop False + not broad
294693,Nokosu Dice,1222,0.004374650672857819,False,,,0.3393434657504765,borderline_overlap,1749.4093563625318,4,False,False,broad,passes all broad checks
38429,Cornerstone,231,0.0008240537712999985,False,,,0.2365172139880546,borderline_overlap,1288.5170584460718,2,False,False,broad,passes all broad checks
138704,Northern Pacific,1083,0.0038730527251099934,False,,,0.2997734406791843,borderline_overlap,1987.228149895775,4,False,False,broad,passes all broad checks
384,TurfMaster,1030,0.003683162073462602,False,,,0.3239000576815778,adequate_overlap,1304.501507162283,4,False,False,broad,passes all broad checks
83040,Leader 1: Hell of the North,480,0.0017018501798586926,False,,,0.1023992486200891,adequate_overlap,1000.2016294942472,4,False,False,broad,passes all broad checks
212370,Omen: Edge of the Aegean,183,0.0006556601745560858,False,,,0.1644976193002699,adequate_overlap,981.7098276084848,2,False,False,broad,passes all broad checks
224149,Deadball,172,0.000580420482393912,False,,,0.1862150924651821,borderline_overlap,1466.3055183365325,3,False,False,broad,passes all broad checks
178940,Push It,501,0.0017914212419565187,False,,,0.213265017083163,borderline_overlap,2023.2125945438684,2,False,False,broad,passes all broad checks
264476,Rangers of Shadow Deep,486,0.0016839359674391274,False,0.565843621399177,0.3662551440329218,0.1736255676389461,insufficient_overlap,18794.8413958452,8,True,False,broad,passes all broad checks
104,Extrablatt,271,0.0009673674706565201,False,,,0.4421209583371864,borderline_overlap,558.6894927363863,2,False,False,broad,passes all broad checks
147887,Allegiance: A Realm Divided,301,0.0010784355876578243,False,,,0.0731688541282085,adequate_overlap,842.9041793288801,4,False,False,broad,passes all broad checks
153625,Han,354,0.0012683262393052151,False,,,0.3135221299760213,adequate_overlap,774.4639438758269,2,False,False,broad,passes all broad checks
32928,Mü and Lots More,852,0.0030489989538099948,False,,,0.3380506570707934,adequate_overlap,660.4514474349886,2,False,False,broad,passes all broad checks
119637,Zug um Zug: Deutschland,910,0.003256803817876951,False,,,0.0319806168416434,adequate_overlap,1527.854302599949,4,False,False,broad,passes all broad checks
216710,Wings of Glory: WW2 Battle of Britain Starter Set,184,0.0006449116471043467,False,0.7010869565217391,0.4891304347826087,0.1335244762093523,insufficient_overlap,9778.987007805305,6,True,False,broad,passes all broad checks
379908,Marvel United: Spider-Geddon,440,0.001540622268082606,False,0.865909090909091,0.6795454545454546,0.0226944276895766,adequate_overlap,1488.2860867897907,7,False,False,niche_specialist,specialist 0.87 + niche_drop False + not broad
319031,Project L: Kickstarter Edition,522,0.0018666609341186924,False,,,0.1349454554914639,borderline_overlap,1863.4554785090336,4,False,False,broad,passes all broad checks
756,Black Vienna,474,0.0016875188099230406,False,,,0.3449889110673465,borderline_overlap,638.5629809551198,2,False,False,broad,passes all broad checks
139131,Hoplomachus: Rise of Rome,389,0.0013829771987904323,False,0.910025706940874,0.7737789203084833,0.0506546801373621,borderline_overlap,1092.0836107470425,4,False,False,niche_specialist,specialist 0.91 + niche_drop False + not broad
939,Star Wars: The Queen's Gambit,2222,0.007853590724737378,True,0.7821782178217822,0.594959495949595,0.1202341571109383,insufficient_overlap,11505.301383537397,7,False,False,not_hidden_hobby_well_known,ref_penetration 0.0079 >0.5% despite n_obs 2222 — known to hobby core
218933,Warhammer Quest: Shadows Over Hammerhal,229,0.000773893976525216,False,,,0.192909287080448,borderline_overlap,1808.3139191139005,4,False,False,broad,passes all broad checks
274075,The Quest Kids,305,0.0010891841151095634,False,,,0.073534246397372,borderline_overlap,2925.835506372633,3,False,False,broad,passes all broad checks
631,Daytona 500,1007,0.0035828424839130374,False,,,0.2032909235621613,adequate_overlap,1180.8166548422278,4,False,False,broad,passes all broad checks
308368,Digimon Card Game,175,0.0006198317497169555,False,,,0.124494433751002,borderline_overlap,1261.70724639742,3,False,False,broad,passes all broad checks
344415,Trek 12: Amazonia,383,0.0013686458288547803,False,,,0.1049530519750711,borderline_overlap,2399.584011378196,4,False,False,broad,passes all broad checks
324344,Twinkle Starship,264,0.0009243733608495636,False,,,0.4681189455897861,adequate_overlap,633.0925222610819,2,False,False,broad,passes all broad checks
33767,Yavalath,256,0.0008849620935265202,False,,,0.2372950819534225,borderline_overlap,1039.9660160745618,4,False,False,broad,passes all broad checks
232900,Anachrony Leader Box,165,0.0005911690098456511,False,0.896969696969697,0.7757575757575758,0.1671444860171484,borderline_overlap,428.7780297467869,1,False,False,niche_specialist,specialist 0.90 + niche_drop False + not broad
215616,Ascension: Gift of the Elements,483,0.001723347234762171,False,,,0.0765322713944163,adequate_overlap,1069.3833450461846,4,False,False,broad,passes all broad checks
415945,Unmatched: Slings and Arrows,440,0.0015442051105665191,False,,,0.0673303651851116,adequate_overlap,1202.362051994406,4,False,False,broad,passes all broad checks
299317,Aeon's End: Outcasts,1087,0.003887384095045645,False,0.9282428702851886,0.7580496780128795,0.047280608018317,adequate_overlap,1245.8499629184828,7,False,False,niche_specialist,specialist 0.93 + niche_drop False + not broad
371140,Ticket to Ride: Northern Lights,223,0.0007953910314286943,False,,,0.1514547991224158,adequate_overlap,1601.2825846487217,4,False,False,broad,passes all broad checks
27976,Heroscape Master Set: Swarm of the Marro,2332,0.008179629390773465,True,,,0.0437806474376318,adequate_overlap,1295.830072139309,4,False,False,not_hidden_hobby_well_known,ref_penetration 0.0082 >0.5% despite n_obs 2332 — known to hobby core
23604,The World Cup Game,741,0.0026441377531278214,False,,,0.2846445252732605,borderline_overlap,1540.6331644893262,4,False,False,broad,passes all broad checks
149910,Six Making,246,0.0008634650386230419,False,,,0.2061085982135851,adequate_overlap,1332.444672074183,4,False,False,broad,passes all broad checks
189190,9 Lives,852,0.0030489989538099948,False,,,0.3439192016717324,adequate_overlap,1420.7099588190606,4,False,False,broad,passes all broad checks
166859,Web of Spies,184,0.0006556601745560858,False,,,0.0405620353744219,adequate_overlap,1217.309832523645,4,False,False,broad,passes all broad checks
128425,Asteriated Grail,156,0.0005553405850065207,False,,,0.0909549758160023,adequate_overlap,984.7620911153356,2,False,False,broad,passes all broad checks
263938,Paupers' Ladder,251,0.0008957106209782593,False,,,0.0851316650088603,adequate_overlap,1591.6263709791588,4,False,False,broad,passes all broad checks
84889,Cave Evil,538,0.001920403571377388,False,,,0.0499159368476506,adequate_overlap,748.9118741276217,4,False,False,broad,passes all broad checks
180543,"Exceed: Red Horizon – Reese, Heidi, Nehtali, and Vincent",218,0.000763145449073477,False,,,0.1111490041547231,adequate_overlap,1129.081512870747,4,False,False,broad,passes all broad checks
257601,The Duke: Lord's Legacy,391,0.0013937257262421714,False,,,0.0569670028269927,adequate_overlap,1206.7838244858756,4,False,False,broad,passes all broad checks
3406,Lines of Action,557,0.0019347349413130401,False,,,0.2220768368905859,adequate_overlap,538.2913402372402,4,False,False,broad,passes all broad checks
180942,A Touch of Evil: Dark Gothic – Colonial Horror,215,0.000763145449073477,False,,,0.1021570005580737,adequate_overlap,1372.9513171696835,2,False,False,broad,passes all broad checks
326933,Unmatched: Redemption Row,1188,0.004163262966306949,False,,,0.0832278557570151,borderline_overlap,1267.423838996007,4,False,False,broad,passes all broad checks
320698,Blitz Bowl: Season 2,292,0.0010318586353669547,False,,,0.0263646839835448,adequate_overlap,1136.8967654455976,4,False,False,broad,passes all broad checks
14634,Homeworlds,456,0.0016015305903091276,False,,,0.1110615293218435,adequate_overlap,552.2883063920108,4,False,False,broad,passes all broad checks
124839,Hoplomachus: The Lost Cities,555,0.0019705633661521705,False,,,0.0272579190300645,adequate_overlap,1259.7240938162215,4,False,False,broad,passes all broad checks
373105,Legendary Encounters: The Matrix,245,0.0008742135660747811,False,0.9102040816326532,0.8204081632653061,0.0657070717493408,borderline_overlap,815.111775302386,4,False,False,niche_specialist,specialist 0.91 + niche_drop False + not broad
75448,Tanto Cuore: Romantic Vacation,459,0.0016051134327930406,False,,,0.0870783677189228,adequate_overlap,959.2658803998644,4,False,False,broad,passes all broad checks
123609,Puzzle Strike Shadows,639,0.002285853504736518,False,,,0.1084101341162311,adequate_overlap,709.4089861981602,4,False,False,broad,passes all broad checks
341512,In the Ashes,305,0.0010856012726256502,False,,,0.1469777905357956,borderline_overlap,1395.466251511517,3,False,False,broad,passes all broad checks
351113,KeyForge: Winds of Exchange,152,0.0005445920575547817,False,,,0.0699454312107916,adequate_overlap,1043.2267865564647,4,False,False,broad,passes all broad checks
347218,Dickory,160,0.0005732547974260859,False,,,0.4357325819534225,adequate_overlap,492.159084543797,2,False,False,broad,passes all broad checks
292811,American Bookshop,537,0.001920403571377388,False,,,0.3810188948025845,borderline_overlap,1814.5561888866507,2,False,False,broad,passes all broad checks
158889,Summoner Wars: Alliances Master Set,1794,0.0064061223612365105,True,,,0.0354969729333792,adequate_overlap,1047.186196913868,4,False,False,not_hidden_hobby_well_known,ref_penetration 0.0064 >0.5% despite n_obs 1794 — known to hobby core
185123,Ascension: Dreamscape,764,0.0027193774452899952,False,,,0.0377286552518518,adequate_overlap,1094.7776344279137,4,False,False,broad,passes all broad checks
326934,Unmatched: Hell's Kitchen,1133,0.003966206629691732,False,,,0.0768942935982103,borderline_overlap,1227.6058203967032,4,False,False,broad,passes all broad checks
191475,Wizard: Jubiläumsedition,562,0.0020028089485073877,False,,,0.1092903743990475,borderline_overlap,1587.311073685133,4,False,False,broad,passes all broad checks
131014,Carcassonne: Winter Edition,1944,0.006929217363887814,True,,,0.0374354174877894,borderline_overlap,1764.8967121414214,4,False,False,not_hidden_hobby_well_known,ref_penetration 0.0069 >0.5% despite n_obs 1944 — known to hobby core
153480,Scharfe Schoten,367,0.0013113203491121716,False,,,0.4437196391741309,borderline_overlap,1066.8772586242396,2,False,False,broad,passes all broad checks
324320,Planet etuC,280,0.0009816988405921723,False,,,0.425911153381994,adequate_overlap,1182.2236308398683,2,False,False,broad,passes all broad checks
288316,Rurik: Dawn of Kiev – Kickstarter Edition,321,0.0011465095948521718,False,,,0.1621149807073166,adequate_overlap,910.9678013319752,2,False,False,broad,passes all broad checks
298562,Minigolf Designer,493,0.0017555928171173883,False,,,0.1927178760710695,adequate_overlap,1216.6378866027994,4,False,False,broad,passes all broad checks
374866,Robotrick,547,0.0019598148387004314,False,,,0.3595100042568959,borderline_overlap,1262.8818598544212,2,False,False,broad,passes all broad checks
2125,Amazons,327,0.0010927669575934763,False,,,0.1633795693284322,adequate_overlap,628.1807244177768,4,False,False,broad,passes all broad checks
374909,Dieson Crusoe,185,0.0006556601745560858,False,,,0.0574038613631251,adequate_overlap,1115.6172168438598,2,False,False,broad,passes all broad checks
309752,The Field of the Cloth of Gold,459,0.0016409418576321712,False,,,0.2755065470950347,borderline_overlap,1947.941334670592,2,False,False,broad,passes all broad checks
401493,FateFlip: Washed Ashore,178,0.0006305802771686945,False,,,0.0680606627466208,borderline_overlap,1823.4312779482173,2,False,False,broad,passes all broad checks
265752,Exceed: Street Fighter – Ryu Box,221,0.0007882253464608682,False,,,0.1047734163623065,adequate_overlap,1044.1042966402638,2,False,False,broad,passes all broad checks
155,Was sticht?,683,0.0024434985740286914,False,,,0.4068251881027637,adequate_overlap,511.3587029576215,2,False,False,broad,passes all broad checks
7935,1844: Schweiz,212,0.0007452312366539117,False,0.7688679245283019,0.5424528301886793,0.279010883840215,insufficient_overlap,6154.052643122286,4,False,False,broad,passes all broad checks
402215,Silver & Gold Pyramids,392,0.0014008914112099975,False,,,0.3009111533819939,borderline_overlap,1992.784699611324,2,False,False,broad,passes all broad checks
233261,Tidal Blades 2: Rise of the Unfolders,291,0.0010354414778508678,False,0.9140893470790378,0.7525773195876289,0.0552717233322677,borderline_overlap,959.2726833548448,4,False,False,niche_specialist,specialist 0.91 + niche_drop False + not broad
400203,Snails,235,0.0008348022987517377,False,,,0.107272338105808,borderline_overlap,1835.6597309937265,3,False,False,broad,passes all broad checks
212346,Shadows of Brimstone: Forbidden Fortress,677,0.00238259025180217,False,0.8921713441654358,0.6853766617429837,0.1545812484140918,adequate_overlap,1058.8831909886294,7,False,False,niche_specialist,specialist 0.89 + niche_drop False + not broad
393910,The Texas Chainsaw Massacre: Slaughterhouse,204,0.0007201513392665205,False,,,0.0614005590999899,adequate_overlap,1084.7547077669285,4,False,False,broad,passes all broad checks
297985,Battle Line: Medieval,1829,0.006524356163205641,True,,,0.0511875161941114,borderline_overlap,2262.683126122545,4,False,False,not_hidden_hobby_well_known,ref_penetration 0.0065 >0.5% despite n_obs 1829 — known to hobby core
235362,Santa Cruz 1797,178,0.0005983346948134772,False,0.9157303370786516,0.797752808988764,0.0643871017095533,insufficient_overlap,9287.969727605225,2,False,False,insufficient_evidence,"insufficient_overlap (insufficient_overlap) + specialist 0.92 — counterfactual unidentified, cannot claim broad"
94902,Dungeons & Dragons Starter Set,555,0.0019705633661521705,False,,,0.1432651657943252,adequate_overlap,783.4715484260137,4,False,False,broad,passes all broad checks
347747,Mythic Mischief: Headmaster's Box,157,0.0005625062699743469,False,,,0.0328804059269261,insufficient_overlap,14988.151640456885,1,False,False,insufficient_evidence,insufficient_overlap + cross_support 1 <3 — thin power
282255,Inflation!,245,0.0008777964085586942,False,,,0.4820336023615858,adequate_overlap,833.5928790417042,2,False,False,broad,passes all broad checks
270131,KLASK 4,563,0.0020135574759591267,False,,,0.2154950153459625,borderline_overlap,1899.040230519822,2,False,False,broad,passes all broad checks
20,Full Metal Planète,739,0.0026154750132565173,False,,,0.0726828525894171,adequate_overlap,659.3960278459582,4,False,False,broad,passes all broad checks
214988,Railways of Nippon,518,0.0018559124066669533,False,,,0.2550617325325731,adequate_overlap,1114.3322678335294,4,False,False,broad,passes all broad checks
266448,Imperium: The Contention,428,0.0015227080556630408,False,,,0.0994600829129556,adequate_overlap,1115.5582594602988,4,False,False,broad,passes all broad checks
260799,Trans Europa & Trans Amerika,204,0.0007308998667182596,False,,,0.1934182212625723,adequate_overlap,1677.120656658964,2,False,False,broad,passes all broad checks
380175,Halloween,213,0.0007595626065895639,False,,,0.0456794519519086,borderline_overlap,1632.5853333505686,4,False,False,broad,passes all broad checks
160610,Thunderbirds,1906,0.006803817876950858,True,0.8368310598111228,0.670514165792235,0.0579996257026275,borderline_overlap,1570.9220899200798,7,True,False,not_hidden_hobby_well_known,ref_penetration 0.0068 >0.5% despite n_obs 1906 — known to hobby core
204728,BattleCON: Trials of Indines,354,0.0012539948693695631,False,,,0.0429147672175209,adequate_overlap,578.7954919703565,3,False,False,broad,passes all broad checks
131904,Heart of Crown,1063,0.0037834816630121673,False,,,0.0863285827087159,adequate_overlap,1171.7050687033714,4,False,False,broad,passes all broad checks
82420,Summoner Wars: Guild Dwarves vs Cave Goblins,2362,0.008437594049615202,True,,,0.0701763300344351,adequate_overlap,1197.2080465962583,4,False,False,not_hidden_hobby_well_known,ref_penetration 0.0084 >0.5% despite n_obs 2362 — known to hobby core
254708,Roll Player Adventures,1947,0.006954297261275205,True,0.9209039548022598,0.7580893682588598,0.0320786813798037,borderline_overlap,1596.8363907801354,7,True,False,not_hidden_hobby_well_known,ref_penetration 0.0070 >0.5% despite n_obs 1947 — known to hobby core
309058,Dog Tag Trick,175,0.0006269974346847816,False,,,0.3987682962391368,adequate_overlap,870.2278554489318,2,False,False,broad,passes all broad checks
68858,Tanto Cuore: Expanding the House,538,0.0018881579890221707,False,,,0.0766328984620735,adequate_overlap,1152.360645088473,4,False,False,broad,passes all broad checks
13883,Jenseits von Theben,550,0.0019669805236682573,False,,,0.2735734910443316,adequate_overlap,914.1529136982934,4,False,False,broad,passes all broad checks
173634,The Red Dragon Inn 5: The Character Trove,877,0.003052581796293908,False,0.6978335233751425,0.4047890535917902,0.1560647384570678,adequate_overlap,1296.0643562565608,7,True,False,broad,passes all broad checks
214296,Tenkatoitsu,220,0.0007201513392665205,False,0.9136363636363636,0.7863636363636364,0.0769619662185345,borderline_overlap,2879.9630290997684,3,False,False,niche_specialist,specialist 0.91 + niche_drop False + not broad
156175,Championship Formula Racing,338,0.0011823380196913022,False,,,0.1017560599279292,adequate_overlap,1380.9552691835936,4,False,False,broad,passes all broad checks
422332,Star Wars: The Deckbuilding Game – Clone Wars Edition,584,0.0020887971681213006,False,,,0.0460583957780194,borderline_overlap,1473.3564442776749,4,False,False,broad,passes all broad checks
152,Mü & More,1984,0.007097610960631727,True,,,0.2788777432437451,adequate_overlap,936.5202209274238,4,False,False,not_hidden_hobby_well_known,ref_penetration 0.0071 >0.5% despite n_obs 1984 — known to hobby core
200456,Ascension X: War of Shadows,627,0.0022392765524456484,False,,,0.0361312283512926,adequate_overlap,1373.1923869201844,4,False,False,broad,passes all broad checks
191296,RUMBLESLAM,154,0.0005374263725869556,False,,,0.1292836518128112,adequate_overlap,926.270774794309,3,False,False,broad,passes all broad checks
281474,Lands of Galzyr,1709,0.0060979979076199895,True,0.8619075482738443,0.6881217086015213,0.0352332520180482,borderline_overlap,2496.399339622912,7,True,False,not_hidden_hobby_well_known,ref_penetration 0.0061 >0.5% despite n_obs 1709 — known to hobby core
5369,Hordes of the Things,253,0.0008240537712999985,False,0.8972332015810277,0.7628458498023716,0.0747300098061902,insufficient_overlap,10229.090345484505,7,True,False,insufficient_evidence,"insufficient_overlap (insufficient_overlap) + specialist 0.90 — counterfactual unidentified, cannot claim broad"
164698,Fresh Fish,985,0.0035255170041704285,False,,,0.3527059322072296,adequate_overlap,988.8042948520268,2,False,False,broad,passes all broad checks
54221,Push Fight,155,0.0005302606876191296,False,,,0.1133613434137154,adequate_overlap,652.5787060747228,4,False,False,broad,passes all broad checks
251433,Yokai Septet,1036,0.0036974934433982544,False,,,0.2589227363935769,adequate_overlap,1329.070107619805,4,False,False,broad,passes all broad checks
152765,Thunderstone Advance: Worlds Collide,803,0.00286627398713043,False,,,0.0453073314583761,adequate_overlap,899.0411302022314,4,False,False,broad,passes all broad checks
364655,Kinfire Chronicles: Night's Fall,570,0.0020135574759591267,False,0.9087719298245616,0.7684210526315789,0.0704761538635461,borderline_overlap,1322.9848336699515,7,False,False,niche_specialist,specialist 0.91 + niche_drop False + not broad
390173,Mindbug: Beyond Evolution,588,0.0020923800106052138,False,,,0.0373241076676817,borderline_overlap,1586.505124835283,4,False,False,broad,passes all broad checks
284778,Unmatched: Jurassic Park – Dr. Sattler vs. T. Rex,1423,0.004998065265058687,False,,,0.0940986016546095,borderline_overlap,1393.2406974702592,4,False,False,broad,passes all broad checks
422374,Lone Wolves,232,0.0008276366137839116,False,,,0.281206719884457,borderline_overlap,1350.703434762975,2,False,False,broad,passes all broad checks
373828,Galdor's Grip,274,0.000963784628172607,False,,,0.2130356662217599,borderline_overlap,1543.5153255606313,3,False,False,broad,passes all broad checks
225244,Ticket to Ride: Germany,1783,0.006384625306333032,True,,,0.0171589103643266,borderline_overlap,1891.1917341996573,4,False,False,not_hidden_hobby_well_known,ref_penetration 0.0064 >0.5% despite n_obs 1783 — known to hobby core
237792,Rummikub Twist,204,0.0007201513392665205,False,,,0.1409999363463738,borderline_overlap,1644.4227236278753,4,False,False,broad,passes all broad checks
349703,Race! Formula 90: 2nd Edition,239,0.0008562993536552159,False,,,0.1066747233540459,adequate_overlap,715.2543607457328,1,False,False,broad,passes all broad checks
178550,Spheres of Influence: Struggle for Global Supremacy,392,0.0013865600412743455,False,0.5586734693877551,0.3239795918367347,0.0491189748783851,insufficient_overlap,17391.44431796534,7,True,False,broad,passes all broad checks
129122,Band of Brothers: Ghost Panzer,420,0.0014044742536939107,False,0.9166666666666666,0.7880952380952381,0.0369680680954057,insufficient_overlap,11225.667723986518,4,False,False,insufficient_evidence,"insufficient_overlap (insufficient_overlap) + specialist 0.92 — counterfactual unidentified, cannot claim broad"
271615,The Quest for El Dorado: The Golden Temples,1744,0.006248477291944337,True,,,0.1130834993846151,adequate_overlap,1422.0031802433095,4,False,False,not_hidden_hobby_well_known,ref_penetration 0.0062 >0.5% despite n_obs 1744 — known to hobby core
174802,VENOM Assault,297,0.001053355690270433,False,0.915824915824916,0.7878787878787878,0.0477116739745223,borderline_overlap,1723.8235197243953,4,False,False,niche_specialist,specialist 0.92 + niche_drop False + not broad
11096,Tahuantinsuyu,404,0.0014474683635008671,False,,,0.3668588195771848,adequate_overlap,610.3818697521348,2,False,False,broad,passes all broad checks
178591,Lunarchitects,492,0.0017627585020852142,False,,,0.2264338014656176,adequate_overlap,906.0020152552294,2,False,False,broad,passes all broad checks
246912,Take 5 & Take A Number,1113,0.0039805379996273845,False,,,0.0894642172621099,borderline_overlap,1994.659710966404,4,False,False,broad,passes all broad checks
205164,Old School Tactical: Volume 2 – West Front 1944/45,179,0.0005266778451352165,False,0.9273743016759776,0.8044692737430168,0.1743612505596073,insufficient_overlap,12103.077617591816,4,True,False,insufficient_evidence,"insufficient_overlap (insufficient_overlap) + specialist 0.93 — counterfactual unidentified, cannot claim broad"
252688,Enchanters: Overlords,546,0.0019347349413130401,False,,,0.0737199934303242,adequate_overlap,1479.2228911355407,4,False,False,broad,passes all broad checks
175360,W1815,711,0.0024399157315447783,False,0.9240506329113924,0.8410689170182841,0.099559937790272,insufficient_overlap,14054.354700383448,7,False,False,insufficient_evidence,"insufficient_overlap (insufficient_overlap) + specialist 0.92 — counterfactual unidentified, cannot claim broad"
251053,Let's Make a Bus Route,993,0.003554179744041733,False,,,0.300353679637209,adequate_overlap,1199.813234585186,4,False,False,broad,passes all broad checks
382035,Cursed!?,231,0.0008025567163965203,False,,,0.1694034523057197,borderline_overlap,2624.409719676092,2,False,False,broad,passes all broad checks
215471,Photograph,1709,0.00612307780500738,True,,,0.2463784274771205,adequate_overlap,1163.7885070278528,4,False,False,not_hidden_hobby_well_known,ref_penetration 0.0061 >0.5% despite n_obs 1709 — known to hobby core
293207,Eila and Something Shiny,1257,0.00447138741992347,False,,,0.0397096095247346,borderline_overlap,1537.0476951052412,4,False,False,broad,passes all broad checks
386538,Astro Knights: Eternity,316,0.0011285953824326067,False,0.9082278481012658,0.7531645569620253,0.0646089455229863,borderline_overlap,1367.4353369876226,4,False,False,niche_specialist,specialist 0.91 + niche_drop False + not broad
316343,Capital Lux 2: Pocket,299,0.0010712699026899982,False,,,0.1745858916836242,adequate_overlap,1327.9324956620012,2,False,False,broad,passes all broad checks
320855,Sakura Arms: Yurina Box,184,0.0006484944895882597,False,,,0.1164755237906477,adequate_overlap,536.735410066157,2,False,False,broad,passes all broad checks
226213,Cursed Court,828,0.002963010734196082,False,,,0.2325019056249201,borderline_overlap,1879.702384771908,4,False,False,broad,passes all broad checks
210290,Legendary: Buffy The Vampire Slayer,1092,0.0038838012525617325,False,0.8553113553113553,0.7014652014652014,0.0418724380711921,borderline_overlap,1649.3886798532126,7,True,False,broad,passes all broad checks
398996,Panda Royale,206,0.0007308998667182596,False,,,0.1724437470019662,borderline_overlap,2259.690939282403,2,False,False,broad,passes all broad checks
3097,1849: The Game of Sicilian Railways,942,0.0033463748799747767,False,0.5498938428874734,0.2632696390658174,0.1883467008493885,insufficient_overlap,15860.500637117451,6,True,False,broad,passes all broad checks
40529,Cosmic Encounter,1047,0.0037333218682373847,False,,,0.1297929926506526,adequate_overlap,833.1352268536382,4,False,False,broad,passes all broad checks
33434,Funkenschlag: EnBW,198,0.0007094028118147813,False,0.9393939393939394,0.8636363636363636,0.2708097839482527,borderline_overlap,616.1518274304599,2,False,False,niche_specialist,specialist 0.94 + niche_drop False + not broad
97683,Age of Rail: South Africa,277,0.0009924473680439114,False,0.9819494584837544,0.967509025270758,0.3806558671519784,borderline_overlap,765.4926953523316,2,False,False,niche_specialist,specialist 0.98 + niche_drop False + not broad
186279,Finska Mini,468,0.0016731874399873883,False,0.8952991452991453,0.7350427350427351,0.2861065135773541,borderline_overlap,1781.75898357213,5,True,False,broad,passes all broad checks
188530,My Favourite Things,375,0.0013399830889834759,False,0.904,0.7893333333333333,0.3111492486200892,borderline_overlap,1509.5393371100504,5,True,False,broad,passes all broad checks
261588,Ascension: Year Five Collector's Edition,107,0.00037978130329478196,False,,,0.08719311911465,insufficient_overlap,1525.6869133110818,2,False,False,insufficient_evidence,insufficient_overlap + cross_support 2 <3 — thin power
241203,Ascension: Year Four Collector's Edition,122,0.0004335239405534775,False,,,0.0936967049097546,insufficient_overlap,1059.0712111904052,2,False,False,insufficient_evidence,insufficient_overlap + cross_support 2 <3 — thin power
2794,Spinball,171,0.0006126660647491293,False,,,0.4290439854621944,borderline_overlap,1391.8436410203556,1,False,False,broad,passes all broad checks
275626,Dominion: Einsteiger-Bigbox,114,0.00040844404316608626,False,,,0.2463946110290336,insufficient_overlap,1376.627321293739,3,False,False,broad,passes all broad checks
383010,Clank! Legacy 2: Acquisitions Incorporated – Darkest Magic,234,0.0008383851412356508,False,0.282051282051282,0.0128205128205128,0.1360458589764089,borderline_overlap,446.3058382549317,5,True,False,broad,passes all broad checks
165332,Puerto Rico,117,0.0004191925706178254,False,0.7948717948717948,0.5726495726495726,0.2019027971058647,insufficient_overlap,714.939013642985,2,False,False,insufficient_evidence,insufficient_overlap + cross_support 2 <3 — thin power
345976,System Gateway (fan expansion for Android: Netrunner),660,0.0023646760393826044,False,,,0.1303659028950623,adequate_overlap,692.8830740271782,4,False,False,broad,passes all broad checks
21358,Savage Worlds,173,0.0006055003797813033,False,0.6647398843930635,0.5086705202312138,0.057995982717697,borderline_overlap,8265.22613343412,7,True,False,broad,passes all broad checks
186567,Baseball Highlights: 2045 – Super Deluxe Edition,513,0.0018344153517634752,False,,,0.1179057297403044,adequate_overlap,1308.2637499220623,4,False,False,broad,passes all broad checks
99358,Stonewall Jackson's Way II: Battles of Bull Run,324,0.0010318586353669547,False,0.9722222222222222,0.904320987654321,0.0930482822441083,borderline_overlap,2321.939716431624,4,False,False,niche_specialist,specialist 0.97 + niche_drop False + not broad
224141,DreadBall (Second Edition),135,0.0004729352078765209,False,,,0.2473692698984293,insufficient_overlap,1370.212907219913,3,False,False,broad,passes all broad checks
4688,Angola,540,0.0018809923040543446,False,0.9666666666666668,0.8981481481481481,0.1302838973816299,borderline_overlap,1904.4520566746296,4,False,False,niche_specialist,specialist 0.97 + niche_drop False + not broad
156455,Viticulture: Complete Collector's Edition,806,0.002884188199549995,False,0.9069478908188584,0.7878411910669976,0.1497719959019865,borderline_overlap,681.0911646545145,7,False,True,niche_specialist,specialist 0.91 + niche_drop True + not broad
238094,Mutabo,520,0.0018594952491508662,False,0.7711538461538462,0.5211538461538462,0.1090666508387963,borderline_overlap,3652.196382203343,8,True,False,broad,passes all broad checks
209136,Q.E.,318,0.0011357610674004328,False,0.9748427672955976,0.9433962264150944,0.4378159152867559,borderline_overlap,1565.056715843647,2,False,False,niche_specialist,specialist 0.97 + niche_drop False + not broad
39336,Mégawatts,441,0.0015800335354056495,False,0.8775510204081632,0.7392290249433107,0.0852082055361889,borderline_overlap,511.72802879315344,7,False,True,niche_specialist,specialist 0.88 + niche_drop True + not broad
174458,Baseball Highlights: 2045 – Deluxe Edition,545,0.0019526491537326053,False,,,0.1531064351644317,adequate_overlap,1234.6938632598246,4,False,False,broad,passes all broad checks
158976,Ascension: Year One Collector's Edition,433,0.001537039425598693,False,,,0.0826534048166422,borderline_overlap,1173.0078501021592,4,False,False,broad,passes all broad checks
295564,Unmatched Game System,2193,0.007799848087478682,True,,,0.0383366650527938,borderline_overlap,1780.7120012136731,4,False,False,not_hidden_hobby_well_known,ref_penetration 0.0078 >0.5% despite n_obs 2193 — known to hobby core
184145,Flash Duel: Revised Second Edition,156,0.0005553405850065207,False,,,0.0958158146884771,adequate_overlap,1390.5371205138836,2,False,False,broad,passes all broad checks
380707,Vindication: Archive of the Ancients,188,0.0006699915444917379,False,,,0.0973566609779327,adequate_overlap,715.4571658794288,2,False,False,broad,passes all broad checks
394735,Exit: The Game – Advent Calendar: The Missing Hollywood Star,339,0.0012038350745947805,False,0.9587020648967552,0.8613569321533924,0.1649545583546025,borderline_overlap,1721.2231380716717,2,False,False,niche_specialist,specialist 0.96 + niche_drop False + not broad
70918,Hanabi & Ikebana,639,0.002289436347220431,False,0.7949921752738655,0.5602503912363067,0.2727141938470062,borderline_overlap,1601.6800557230504,7,True,False,broad,passes all broad checks
177877,SiXeS,321,0.0011465095948521718,False,0.8317757009345794,0.6853582554517134,0.1963828934799022,borderline_overlap,2531.1909231931013,6,True,False,broad,passes all broad checks
32944,Neue Heimat,793,0.0028411940897430385,False,0.9861286254728878,0.9520807061790668,0.4014561002384162,borderline_overlap,664.339026109691,2,False,False,niche_specialist,specialist 0.99 + niche_drop False + not broad
119866,Wings of Glory: WW1 Rules and Accessories Pack,591,0.0020350545308626053,False,0.7597292724196277,0.5228426395939086,0.0928877514245366,insufficient_overlap,9468.634578338217,7,False,True,niche,cross_audience niche_drop
313,Big Boss,917,0.003278300872780429,False,0.9018538713195202,0.8037077426390403,0.2326178055084934,borderline_overlap,1115.0308856036152,7,True,False,broad,passes all broad checks
315048,Survive: Escape from Atlantis!,384,0.0013722286713386933,False,,,0.1637554544702218,borderline_overlap,1797.7703360041626,4,True,False,broad,passes all broad checks
213788,Ascension: Year Three Collector's Edition,218,0.000773893976525216,False,,,0.0733928998262835,adequate_overlap,975.5737054639744,4,False,False,broad,passes all broad checks
215565,Roads to Gettysburg II: Lee Strikes North,256,0.0007953910314286943,False,0.984375,0.90625,0.1142674180465774,borderline_overlap,2170.2668307709187,4,False,False,niche_specialist,specialist 0.98 + niche_drop False + not broad
174298,Napoleon's Last Gamble: Battles of the Hundred Days,151,0.0004191925706178254,False,0.9801324503311258,0.8874172185430463,0.0710141067882993,borderline_overlap,3250.390142185893,3,False,False,niche_specialist,specialist 0.98 + niche_drop False + not broad
225482,Seas of Strife,1743,0.006241311606976511,True,,,0.3216369135655854,adequate_overlap,1519.2786608502267,4,False,False,not_hidden_hobby_well_known,ref_penetration 0.0062 >0.5% despite n_obs 1743 — known to hobby core
359065,Blitz Bowl: Ultimate Edition,249,0.0008777964085586942,False,,,0.0425362614045296,adequate_overlap,1557.5559747304212,4,False,False,broad,passes all broad checks
332230,Unlock!: Heroic Adventures – Insert Coin,229,0.0008168880863321725,False,0.9868995633187772,0.8951965065502183,0.207102669289667,borderline_overlap,1590.9546797838934,2,True,False,broad,passes all broad checks
144574,Last Chance for Victory: The Battle of Gettysburg,165,0.0004335239405534775,False,0.9636363636363636,0.8363636363636363,0.1591537816829411,borderline_overlap,1800.5881161488628,3,False,False,niche_specialist,specialist 0.96 + niche_drop False + not broad
94373,Dien Bien Phu: The Final Gamble,256,0.0007523969216217378,False,0.95703125,0.82421875,0.0973492044702219,borderline_overlap,3865.24883093425,4,False,False,niche_specialist,specialist 0.96 + niche_drop False + not broad
355200,Marvel Zombies: X-Men Resistance,589,0.0020887971681213006,False,0.8624787775891342,0.6638370118845501,0.1085904231399561,adequate_overlap,1299.167692093933,7,False,True,niche_specialist,specialist 0.86 + niche_drop True + not broad
147190,Yggdrasil (Second Edition with Asgard Expansion),250,0.0008921277784943463,False,0.816,0.628,0.0409519332293753,borderline_overlap,1371.5568561446405,7,True,False,broad,passes all broad checks
322984,Shadows of Brimstone: City of the Ancients (Revised Edition),182,0.0006413288046204337,False,0.8846153846153846,0.7087912087912088,0.1715679544702218,adequate_overlap,849.4102050569196,3,False,False,niche_specialist,specialist 0.88 + niche_drop False + not broad
222291,Ivion: The Herocrafting Card Game,106,0.00037261561832695585,False,,,0.1313410545359297,insufficient_overlap,1113.0937261235945,4,False,False,broad,passes all broad checks
9963,Santorini,380,0.001343565931467389,False,,,0.1886931082692119,borderline_overlap,915.558309380897,4,False,False,broad,passes all broad checks
377704,Tales of the Arthurian Knights,164,0.0005875861673617382,False,0.9207317073170732,0.7865853658536586,0.2156100958657226,borderline_overlap,1305.548711478592,2,False,False,niche_specialist,specialist 0.92 + niche_drop False + not broad
125943,Corporate America,482,0.001719764392278258,False,0.8879668049792531,0.7780082987551867,0.1667232458538374,borderline_overlap,1567.2130276714336,7,True,False,broad,passes all broad checks
282391,Stockpile: Epic Edition,981,0.0035111856342347767,False,0.9051987767584098,0.7675840978593272,0.1534164783592415,borderline_overlap,1112.545833305425,7,False,True,niche_specialist,specialist 0.91 + niche_drop True + not broad
224483,Exceed Fighting System,586,0.0020780486406695615,False,,,0.0404605328300918,adequate_overlap,1147.6990151758469,4,False,False,broad,passes all broad checks
317030,Quest: Avalon Big Box Edition,322,0.001153675279819998,False,0.7981366459627329,0.5869565217391305,0.0924072008092812,borderline_overlap,1505.2855795650055,5,True,False,broad,passes all broad checks
251830,Alhambra: Mega Box,221,0.0007918081889447812,False,,,0.1610436679262731,adequate_overlap,740.8395737172355,2,False,False,broad,passes all broad checks
322985,Shadows of Brimstone: Swamps of Death (Revised Edition),137,0.000480100892844347,False,0.8832116788321168,0.7299270072992701,0.161940775710811,insufficient_overlap,799.4482160286731,1,False,False,insufficient_evidence,"insufficient_overlap (insufficient_overlap) + specialist 0.88 — counterfactual unidentified, cannot claim broad"
199182,Commands & Colors Tricorne: The American Revolution,302,0.0010211101079152156,False,0.9304635761589404,0.8245033112582781,0.0874199612327592,borderline_overlap,5355.750238464224,4,False,False,niche_specialist,specialist 0.93 + niche_drop False + not broad
219650,Arydia: The Paths We Dare Tread,637,0.0022643564498330397,False,0.8885400313971743,0.7142857142857143,0.0765915023509126,adequate_overlap,966.9391517976736,7,False,False,niche_specialist,specialist 0.89 + niche_drop False + not broad
338980,Mega Empires: The East,170,0.0006055003797813033,False,0.7352941176470589,0.5588235294117647,0.106163319301788,borderline_overlap,8208.484071786916,5,True,False,broad,passes all broad checks
38877,No Retreat!: The Russian Front 1941-1944,189,0.0006377459621365206,False,0.9788359788359788,0.8994708994708994,0.1031352981401491,borderline_overlap,2996.6482332694904,4,False,False,niche_specialist,specialist 0.98 + niche_drop False + not broad
284777,Unmatched: Jurassic Park – InGen vs Raptors,2488,0.008777964085586941,True,,,0.0796010193327511,borderline_overlap,1462.029161010695,4,False,False,not_hidden_hobby_well_known,ref_penetration 0.0088 >0.5% despite n_obs 2488 — known to hobby core
295574,Dice Masters,233,0.0008276366137839116,False,,,0.0451702429546708,adequate_overlap,777.9283302865509,2,False,False,broad,passes all broad checks
371433,Terrorscape,1384,0.0049192427304126,False,,,0.0407555399516902,borderline_overlap,1587.169498136662,4,False,False,broad,passes all broad checks
17419,CATAN 3D Collector's Edition,1029,0.003661665018559124,False,,,0.0698239945897087,adequate_overlap,901.3672397143137,4,False,False,broad,passes all broad checks
212956,Room 25 Ultimate,873,0.003113490118520429,False,0.7949599083619702,0.6219931271477663,0.0405398639220482,borderline_overlap,1766.3673148420526,7,True,False,broad,passes all broad checks
75360,Texas & Pacific,223,0.0007989738739126073,False,0.9820627802690582,0.9417040358744396,0.3937202501148575,borderline_overlap,451.66142535907744,2,False,False,niche_specialist,specialist 0.98 + niche_drop False + not broad
364766,MicroMacro: Crime City – All In,1234,0.00439973057024521,False,0.905996758508914,0.7350081037277147,0.0731646225151914,borderline_overlap,2661.6319147031986,7,False,True,niche_specialist,specialist 0.91 + niche_drop True + not broad
36424,"Gulf, Mobile & Ohio",525,0.0018809923040543446,False,0.9904761904761904,0.96,0.3378159152867558,borderline_overlap,772.6512672647789,2,False,False,niche_specialist,specialist 0.99 + niche_drop False + not broad
184866,Wings for the Baron (Second Edition),298,0.0010497728477865198,False,,,0.2252879510809393,borderline_overlap,1705.4513699548784,2,False,False,broad,passes all broad checks
355997,Thunder Road: Vendetta – Maximum Chrome,1069,0.0038157272453673845,False,,,0.0489291565366897,borderline_overlap,1352.25988439625,4,False,False,broad,passes all broad checks
308970,A Touch of Evil: 10 Year Anniversary Edition,222,0.000770311134041303,False,0.9234234234234234,0.7972972972972973,0.058369137840483,borderline_overlap,1408.6718176706663,4,False,False,niche_specialist,specialist 0.92 + niche_drop False + not broad
278292,Anachrony: Infinity Box,1489,0.0053348524585465126,True,0.8623237071860309,0.6803223640026864,0.0695499854923844,borderline_overlap,711.7039720414238,7,True,False,not_hidden_hobby_well_known,ref_penetration 0.0053 >0.5% despite n_obs 1489 — known to hobby core
12355,Brigade Fire and Fury: Wargaming the Civil War with Miniatures,174,0.0005410092150708686,False,0.942528735632184,0.8275862068965517,0.1083495636656241,borderline_overlap,1381.58297395466,3,False,False,niche_specialist,specialist 0.94 + niche_drop False + not broad
200247,Austerlitz 1805: Rising Eagles,255,0.0007523969216217378,False,0.9607843137254902,0.8549019607843137,0.1696071701564964,borderline_overlap,3342.95945265026,3,False,False,niche_specialist,specialist 0.96 + niche_drop False + not broad
336755,King of Tokyo: Monster Box,1226,0.004345987932986514,False,,,0.208731121146088,borderline_overlap,2110.873049684178,4,False,False,broad,passes all broad checks
424809,Joyride: Turbo,153,0.0005481749000386947,False,,,0.0753866833549329,adequate_overlap,995.0173644781602,2,False,False,broad,passes all broad checks
369258,Isle of Skye: Big Box,353,0.0012647433968213022,False,0.8725212464589235,0.7280453257790368,0.1103017339150472,borderline_overlap,1344.511942294572,7,False,True,niche_specialist,specialist 0.87 + niche_drop True + not broad
31790,"Crusade and Revolution: The Spanish Civil War, 1936-1939",543,0.0018523295641830403,False,0.9355432780847146,0.7882136279926335,0.0969823191111058,borderline_overlap,5519.776065902381,7,True,False,broad,passes all broad checks
375769,Lords of Vegas,191,0.0006843229144273902,False,0.8481675392670157,0.6544502617801047,0.134834171254168,borderline_overlap,1035.6283049295084,5,True,False,broad,passes all broad checks
219774,Vikings Gone Wild Ultimate Set,128,0.0004586038379408688,False,,,0.0882130893116492,insufficient_overlap,668.360119843046,2,False,False,insufficient_evidence,insufficient_overlap + cross_support 2 <3 — thin power
252526,Pictomania (Second Edition),2397,0.00858807343393955,True,0.8172715894868585,0.6065915727993325,0.1048191961347009,borderline_overlap,2166.6205107324763,7,True,False,not_hidden_hobby_well_known,ref_penetration 0.0086 >0.5% despite n_obs 2397 — known to hobby core
4205,On to Richmond!,225,0.0006484944895882597,False,0.9955555555555556,0.9111111111111112,0.062795759202432,borderline_overlap,2045.365420138129,4,False,False,niche_specialist,specialist 1.00 + niche_drop False + not broad
290829,Fresco: Mega Box,111,0.00039769551571434714,False,,,0.202305919403652,insufficient_overlap,460.3660746167642,2,False,False,insufficient_evidence,insufficient_overlap + cross_support 2 <3 — thin power
204801,Kneipenquiz: Das Original,1026,0.0036759963884947762,False,0.7270955165692008,0.4941520467836257,0.1012160946490426,borderline_overlap,2359.043930330368,8,True,False,broad,passes all broad checks
374400,Unlock!: Extraordinary Adventures,463,0.001644524700116084,False,0.9827213822894167,0.9460043196544276,0.2329923011758847,borderline_overlap,1335.8291823269867,2,False,False,niche_specialist,specialist 0.98 + niche_drop False + not broad
327778,ito,979,0.0035040199492669503,False,0.8437180796731358,0.6986721144024515,0.1907951457940762,borderline_overlap,3626.846218359051,7,True,False,broad,passes all broad checks
101865,Saga,328,0.0011285953824326067,False,0.8140243902439024,0.6341463414634146,0.1075435642263194,borderline_overlap,8107.669415451933,7,False,False,broad,passes all broad checks
1796,Pampas Railroads,240,0.0008562993536552159,False,0.9875,0.9625,0.3669825819534225,borderline_overlap,462.9722064131284,2,False,False,niche_specialist,specialist 0.99 + niche_drop False + not broad
22766,Die Siedler von Catan: Das Kartenspiel – 10th Anniversary Special Edition Tin Box,395,0.0014008914112099975,False,,,0.0818271317033273,adequate_overlap,976.8383725892908,4,False,False,broad,passes all broad checks
266722,Rumble Nation,1228,0.004388982042793471,False,,,0.2022024516602629,adequate_overlap,1255.274849655158,4,False,False,broad,passes all broad checks
83325,Lost Battles: Forty Battles & Campaigns of the Ancient World,193,0.0006341631196526076,False,0.932642487046632,0.8704663212435233,0.0847949741003433,borderline_overlap,4423.87491698845,4,False,False,niche_specialist,specialist 0.93 + niche_drop False + not broad
286428,"Wits & Wagers: It's Vegas, Baby!",1026,0.003654499333591298,False,0.8109161793372319,0.5594541910331384,0.0700270108283799,borderline_overlap,2632.332592131252,7,True,False,broad,passes all broad checks
408381,War Story: Occupied France,183,0.0006413288046204337,False,0.8469945355191257,0.7377049180327869,0.1108904732237549,borderline_overlap,2719.4228986988346,7,True,False,broad,passes all broad checks
367396,Avalon: Big Box,398,0.0014223884661134758,False,0.5804020100502513,0.3442211055276382,0.1791056429124329,borderline_overlap,2330.4385917108693,7,True,False,broad,passes all broad checks
343322,Exit: The Game – Advent Calendar: The Hunt for the Golden Book,830,0.0029450965217765164,False,0.933734939759036,0.8397590361445784,0.1344561419153203,borderline_overlap,2082.005466645632,7,False,True,niche_specialist,specialist 0.93 + niche_drop True + not broad
4884,"The Legend Begins: North Africa, 1940-42",151,0.0004335239405534775,False,0.9933774834437086,0.9403973509933776,0.088187874172382,borderline_overlap,1454.427753770017,2,False,False,niche_specialist,specialist 0.99 + niche_drop False + not broad
365128,Paper Tales : Édition intégrale,126,0.0004514381529730427,False,,,0.1366871813092223,insufficient_overlap,819.6357847187187,2,False,False,insufficient_evidence,insufficient_overlap + cross_support 2 <3 — thin power
355199,Star Realms,297,0.0010497728477865198,False,,,0.1934534763557437,borderline_overlap,1502.8274662676386,3,False,False,broad,passes all broad checks
283474,Star Wars: Legion – Clone Wars Core Set,238,0.0008491336686873898,False,0.5504201680672269,0.315126050420168,0.1799713158147597,borderline_overlap,7796.495459240371,6,True,False,broad,passes all broad checks
163172,Waterloo 1815: Fallen Eagles,195,0.0005875861673617382,False,0.958974358974359,0.8358974358974359,0.1382346211368885,borderline_overlap,3480.274860240383,3,False,False,niche_specialist,specialist 0.96 + niche_drop False + not broad
27266,Silent Death: The Next Millennium Deluxe Edition,194,0.0006592430170399989,False,0.8298969072164949,0.654639175257732,0.114395526404928,borderline_overlap,7197.935710769084,6,True,False,broad,passes all broad checks
3553,Close Action: The Age of Fighting Sail Vol. 1,369,0.0011321782249165198,False,0.9322493224932248,0.7994579945799458,0.0707947545787759,borderline_overlap,2893.45641977146,7,True,False,broad,passes all broad checks
349955,The Quacks of Quedlinburg: MegaBox,1166,0.004166845808790862,False,,,0.2136992362283956,borderline_overlap,1556.603525480543,4,True,False,broad,passes all broad checks
341008,Unlock!: Heroic Adventures – Sherlock Holmes: Der scharlachrote Faden,181,0.0006484944895882597,False,0.9668508287292816,0.9116022099447514,0.2011676648263507,borderline_overlap,1392.0108738535268,2,True,False,broad,passes all broad checks
317434,Exit: The Game – Advent Calendar: The Mystery of the Ice Cave,1023,0.00363300227868782,False,0.9501466275659824,0.855327468230694,0.1554115176705405,borderline_overlap,1357.3493331388484,7,False,False,niche_specialist,specialist 0.95 + niche_drop False + not broad
289247,Verdun 1916: Steel Inferno,326,0.0011070983275291285,False,0.9386503067484664,0.8159509202453987,0.0351183134003521,borderline_overlap,4603.723436861204,4,False,False,niche_specialist,specialist 0.94 + niche_drop False + not broad
21373,Federation Commander: Romulan Border,246,0.0008276366137839116,False,0.8902439024390244,0.7520325203252033,0.0662491253636506,borderline_overlap,3074.378317129407,6,False,False,niche_specialist,specialist 0.89 + niche_drop False + not broad
180616,Ascension: Year Two Collector's Edition,281,0.0009996130530117375,False,,,0.0986142178154176,adequate_overlap,787.1270017968586,4,False,False,broad,passes all broad checks
13403,Three Battles of Manassas,153,0.0004227754131017384,False,0.9673202614379084,0.8954248366013072,0.0564458159171089,borderline_overlap,2295.841747962347,3,False,False,niche_specialist,specialist 0.97 + niche_drop False + not broad
415776,Kingdom Legacy: Feudal Kingdom,565,0.002020723160926953,False,0.7309734513274336,0.5628318584070796,0.0302264527275183,borderline_overlap,709.973065820196,7,True,False,broad,passes all broad checks
231942,Last Night on Earth: The Zombie Game – 10 Year Anniversary Edition,269,0.0009494532582369549,False,,,0.0784916345215531,adequate_overlap,1022.953370429381,4,False,False,broad,passes all broad checks
380619,Cyclades: Legendary Edition,161,0.0005732547974260859,False,,,0.0963342439824717,adequate_overlap,931.9676745056968,4,False,False,broad,passes all broad checks
297658,[kosmopoli:t],664,0.0023646760393826044,False,0.7605421686746988,0.5240963855421686,0.0549318182149654,borderline_overlap,3889.010525866052,8,True,False,broad,passes all broad checks
16,MarraCash,1169,0.004181177178726515,False,0.9692044482463644,0.9221556886227544,0.3658170558627467,borderline_overlap,417.80850172949,5,True,False,broad,passes all broad checks
89952,Carcassonne: 10 Year Special Edition,1698,0.006037089585393468,True,,,0.1368211935750511,borderline_overlap,1533.769295438708,4,False,False,not_hidden_hobby_well_known,ref_penetration 0.0060 >0.5% despite n_obs 1698 — known to hobby core
30804,Song of Blades and Heroes: Revised Edition,365,0.0012539948693695631,False,0.7342465753424657,0.5260273972602739,0.1619789133743314,insufficient_overlap,12179.626553673825,7,True,False,broad,passes all broad checks
4226,"Victory at Midway: Turning Point of the Pacific War, June 1942",188,0.0005660891124582599,False,0.9787234042553192,0.9414893617021276,0.0701410666535219,borderline_overlap,3290.0650400963705,2,False,False,niche_specialist,specialist 0.98 + niche_drop False + not broad
3416,Fallschirmjaeger: The Airborne Assault on Fortress Holland,192,0.0005589234274904338,False,0.9791666666666666,0.9322916666666666,0.0791383233055059,borderline_overlap,2361.702020045794,2,False,False,niche_specialist,specialist 0.98 + niche_drop False + not broad
262621,The Soo Line,217,0.0007774768190091291,False,0.9815668202764976,0.9447004608294932,0.3325931810317635,borderline_overlap,1382.309327553404,2,False,False,niche_specialist,specialist 0.98 + niche_drop False + not broad
307997,Insider Black,365,0.0013005718216604326,False,0.8383561643835616,0.6191780821917808,0.0687001149183361,borderline_overlap,1428.4506193795553,7,False,True,niche,cross_audience niche_drop
161617,Dungeon Lords: Happy Anniversary,1051,0.0037440703956891238,False,0.8382492863939106,0.6898192197906755,0.0553268647049752,borderline_overlap,557.4972495266899,6,False,True,niche,cross_audience niche_drop
4206,Roads to Gettysburg,338,0.0010282757928830417,False,0.9911242603550297,0.9437869822485208,0.0401317395961928,borderline_overlap,1871.7201633483628,4,False,False,niche_specialist,specialist 0.99 + niche_drop False + not broad
212662,The Red Dragon Inn 6: Villains,411,0.001433136993565215,False,0.7055961070559611,0.4087591240875912,0.1814054959054582,adequate_overlap,1345.0029788883626,7,True,True,niche,cross_audience niche_drop
186864,Tiefe Taschen,607,0.0021747853877352136,False,0.8550247116968699,0.700164744645799,0.2601662722334884,borderline_overlap,1804.90514460446,7,True,False,broad,passes all broad checks
38863,The Rich and the Good,2484,0.008896197887556072,True,0.9637681159420288,0.9146537842190016,0.3106017445943243,borderline_overlap,1110.0071165685097,7,True,False,not_hidden_hobby_well_known,ref_penetration 0.0089 >0.5% despite n_obs 2484 — known to hobby core
41749,American Rails,1071,0.003837224300270863,False,0.9859943977591036,0.9411764705882352,0.3551828620654673,borderline_overlap,684.8776663311245,2,False,False,niche_specialist,specialist 0.99 + niche_drop False + not broad
146922,Chain of Command,174,0.000576837639909999,False,0.8103448275862069,0.603448275862069,0.2232920924012564,borderline_overlap,4567.304457386227,6,True,False,broad,passes all broad checks
334379,Doodle Dash,707,0.0025294867936426044,False,0.8684582743988685,0.6718528995756718,0.1671873496316168,borderline_overlap,3227.270027455209,6,False,True,niche_specialist,specialist 0.87 + niche_drop True + not broad
1821,Grant Takes Command,288,0.0008742135660747811,False,0.9861111111111112,0.9375,0.0684298081793626,borderline_overlap,1747.2366496282366,4,False,False,niche_specialist,specialist 0.99 + niche_drop False + not broad
3893,Full Thrust,437,0.0014188056236295627,False,0.8581235697940504,0.6933638443935927,0.0880439270102676,borderline_overlap,4652.07233731015,7,True,False,broad,passes all broad checks
281657,Malifaux (Third Edition),155,0.0005374263725869556,False,0.4774193548387097,0.2451612903225806,0.2148722567562549,borderline_overlap,6299.950282919847,4,True,False,broad,passes all broad checks
259571,Quarriors! Qultimate Quedition,334,0.0011930865471430415,False,,,0.0361122909632456,adequate_overlap,1440.7122407938334,4,False,False,broad,passes all broad checks
334137,Top Ten 18+,398,0.0014223884661134758,False,0.7939698492462312,0.6155778894472361,0.0370629776921349,borderline_overlap,4933.279246703515,8,True,False,broad,passes all broad checks
71668,After Pablo,195,0.0006950714418791292,False,0.9743589743589745,0.8564102564102564,0.2967902742611148,borderline_overlap,619.7422727923921,1,False,False,niche_specialist,specialist 0.97 + niche_drop False + not broad
158816,Longstreet Attacks: The Second Day at Gettysburg,186,0.0005051807902317383,False,0.967741935483871,0.8709677419354839,0.1178045136100068,borderline_overlap,2328.031775409885,3,False,False,niche_specialist,specialist 0.97 + niche_drop False + not broad
209511,Atlanta Is Ours,165,0.000480100892844347,False,0.9696969696969696,0.9030303030303032,0.1167295392586986,borderline_overlap,2276.3397540458504,3,False,False,niche_specialist,specialist 0.97 + niche_drop False + not broad
155496,Holdfast: Russia 1941-42,229,0.000770311134041303,False,0.9737991266375546,0.8602620087336245,0.1590677347918504,borderline_overlap,4046.221684663097,2,False,False,niche_specialist,specialist 0.97 + niche_drop False + not broad
178896,"Last Blitzkrieg: Wacht am Rhein, The Battle of the Bulge",285,0.000773893976525216,False,0.9789473684210528,0.8596491228070176,0.1698135685053096,borderline_overlap,1853.610158627819,4,False,False,niche_specialist,specialist 0.98 + niche_drop False + not broad
174852,Pandánte (Second Edition),187,0.0006699915444917379,False,,,0.1024148706918581,adequate_overlap,1269.6208106476124,4,False,False,broad,passes all broad checks
10183,Napoleon at Leipzig,271,0.000773893976525216,False,0.988929889298893,0.9446494464944648,0.0721340617122938,borderline_overlap,2074.897256069244,4,False,False,niche_specialist,specialist 0.99 + niche_drop False + not broad
5452,"DAK: The Campaign in North Africa, 1940-1942",196,0.0004980151052639122,False,0.9897959183673468,0.8979591836734694,0.0432232845784488,borderline_overlap,1460.661088329941,4,False,False,niche_specialist,specialist 0.99 + niche_drop False + not broad
345266,Tales from the Red Dragon Inn,519,0.001830832509279562,False,0.9132947976878611,0.7880539499036608,0.0605339696471556,borderline_overlap,1232.901315335623,7,False,True,niche_specialist,specialist 0.91 + niche_drop True + not broad
36314,Where Eagles Dare: The Battle for Hell's Highway,188,0.0005589234274904338,False,0.973404255319149,0.8936170212765957,0.0800567437813971,borderline_overlap,2220.6021248894945,3,False,False,niche_specialist,specialist 0.97 + niche_drop False + not broad
33665,Battle Above the Clouds,305,0.0009136248333978245,False,0.9770491803278688,0.9081967213114754,0.0774846311613315,borderline_overlap,2049.3136641011456,4,False,False,niche_specialist,specialist 0.98 + niche_drop False + not broad
180205,Trans-Siberian Railroad,349,0.00125041202688565,False,0.98567335243553,0.9484240687679084,0.3551989143316459,borderline_overlap,438.3621165683336,2,False,False,niche_specialist,specialist 0.99 + niche_drop False + not broad
387866,Star Wars: Unlimited,2151,0.007688779970477378,True,,,0.0275416242593267,adequate_overlap,1513.024175096493,4,False,False,not_hidden_hobby_well_known,ref_penetration 0.0077 >0.5% despite n_obs 2151 — known to hobby core
3263,Ukraine '43: The Soviet Summer Offensive Against Army Group South,476,0.0014044742536939107,False,0.9894957983193278,0.9243697478991596,0.0939701595539463,borderline_overlap,2122.491816748953,4,False,False,niche_specialist,specialist 0.99 + niche_drop False + not broad
366748,Northgard: Uncharted Lands – Warchief Collector Edition,232,0.0008240537712999985,False,,,0.0808622456327843,adequate_overlap,918.5664744534236,4,False,False,broad,passes all broad checks
351488,Six Second Scribbles,272,0.000963784628172607,False,0.8161764705882353,0.625,0.1265414054828343,borderline_overlap,1664.0192756690058,7,False,True,niche,cross_audience niche_drop
38786,"Red Winter: The Soviet Attack at Tolvajärvi, Finland – 8-12 December 1939",495,0.0016516903850839102,False,0.9535353535353536,0.8646464646464647,0.0352906049698689,borderline_overlap,4577.522222225778,4,False,False,niche_specialist,specialist 0.95 + niche_drop False + not broad
311920,Ultimate Werewolf: Extreme,139,0.0004980151052639122,False,0.7194244604316546,0.5035971223021583,0.0933591446652825,insufficient_overlap,871.2404627058371,5,False,True,niche,cross_audience niche_drop
319135,Nightmare Horror Adventures: Welcome to Crafton Mansion,418,0.0014940453157917366,False,0.7607655502392344,0.5454545454545454,0.1140519599438531,borderline_overlap,1857.4994644049928,8,False,True,niche,cross_audience niche_drop
246873,"Königsberg: The Soviet Attack on East Prussia, 1945",186,0.000569671954942173,False,0.9623655913978496,0.8602150537634409,0.1267002137455022,borderline_overlap,3950.296211259469,3,False,False,niche_specialist,specialist 0.96 + niche_drop False + not broad
1447,1841: Railways in Northern Italy,343,0.0012145836020465196,False,0.7405247813411079,0.446064139941691,0.2342201912828685,insufficient_overlap,20434.7927690024,4,False,True,niche,cross_audience niche_drop
422732,Agent Avenue,596,0.002128208435444344,False,,,0.1413953336312748,borderline_overlap,2115.925308568245,4,False,False,broad,passes all broad checks
382315,Century: Big Box,133,0.0004729352078765209,False,0.7443609022556391,0.5864661654135338,0.0904691326556818,insufficient_overlap,1282.294530783645,7,True,False,broad,passes all broad checks
424219,Zenith,167,0.0005947518523295642,False,,,0.2911932594215485,borderline_overlap,1337.6597692744156,3,False,False,broad,passes all broad checks
197333,Deadzone (Second Edition),175,0.0006055003797813033,False,0.5942857142857143,0.4228571428571429,0.208710811613079,insufficient_overlap,12760.256944778172,6,True,False,broad,passes all broad checks
124622,In Magnificent Style: Pickett's Charge at Gettysburg,414,0.0013650629863708671,False,0.8913043478260869,0.7584541062801933,0.0373468416660082,borderline_overlap,8465.578964019332,4,False,False,niche_specialist,specialist 0.89 + niche_drop False + not broad
1301,Netrunner,2392,0.008505668056809551,True,,,0.0396832508497435,adequate_overlap,788.1367029664401,4,False,False,not_hidden_hobby_well_known,ref_penetration 0.0085 >0.5% despite n_obs 2392 — known to hobby core
322543,Don't Get Got!: Shut Up & Sit Down Special Edition,491,0.0017591756596013013,False,0.7841140529531568,0.5173116089613035,0.0942916215699234,borderline_overlap,2300.9951074106443,6,True,False,broad,passes all broad checks
85424,La Bataille de la Moscowa (Third Edition),162,0.00041202688564999926,False,0.9567901234567902,0.8641975308641975,0.1347815055573968,borderline_overlap,1548.4199878251306,4,False,False,niche_specialist,specialist 0.96 + niche_drop False + not broad
129156,"Celles: The Ardennes, December 23-27, 1944",382,0.0012253321294982587,False,0.9319371727748692,0.7958115183246073,0.0773271167738868,borderline_overlap,5576.0183753628935,7,True,False,broad,passes all broad checks
261720,Finca,616,0.0022070309700904307,False,0.922077922077922,0.8344155844155844,0.2538332313040718,borderline_overlap,1095.981451217212,7,True,False,broad,passes all broad checks
301616,"Hood Strikes North: The Tennessee Campaign, Fall 1864",162,0.0004944322627799991,False,0.9753086419753086,0.8641975308641975,0.1177396402687997,borderline_overlap,2765.6475698661297,3,False,False,niche_specialist,specialist 0.98 + niche_drop False + not broad
1662,"Napoléon: The Waterloo Campaign, 1815",1343,0.004528712899666079,False,0.9486224869694714,0.8548026805658973,0.0536740410621682,borderline_overlap,5424.751558133051,7,False,False,niche_specialist,specialist 0.95 + niche_drop False + not broad
149620,Decision at Elst: An Advanced Squad Leader Starter Kit Historical Module,192,0.0005875861673617382,False,0.953125,0.7916666666666666,0.1298924180465774,borderline_overlap,7313.046624516315,3,False,False,niche_specialist,specialist 0.95 + niche_drop False + not broad
120269,Red White & Blue Racin': Stock Car Action Game,131,0.00041202688564999926,False,,,0.2517206262259471,insufficient_overlap,1612.562922569777,3,False,False,broad,passes all broad checks
4657,Replay Baseball,103,0.00031170729610043425,False,,,0.1053531818279565,insufficient_overlap,874.3923444358794,3,False,False,broad,passes all broad checks
331953,Unlock!: Timeless Adventures – Verloren im Zeitstrudel!,132,0.0004729352078765209,False,0.9772727272727272,0.9242424242424242,0.2711492486200891,insufficient_overlap,574.7570610524879,2,True,False,insufficient_evidence,"insufficient_overlap (insufficient_overlap) + specialist 0.98 — counterfactual unidentified, cannot claim broad"
351600,Mortum: Medieval Detective – The Shelter,131,0.00046576952290869485,False,0.900763358778626,0.7099236641221374,0.1026714664106441,insufficient_overlap,1610.3999034849508,1,False,False,insufficient_evidence,"insufficient_overlap (insufficient_overlap) + specialist 0.90 — counterfactual unidentified, cannot claim broad"
249768,My First Adventure: Finding the Dragon,100,0.00035470140590739067,False,0.91,0.77,0.166163319301788,insufficient_overlap,1390.7836812751789,1,True,False,insufficient_evidence,"insufficient_overlap (insufficient_overlap) + specialist 0.91 — counterfactual unidentified, cannot claim broad"
4485,Hotel Life,139,0.0004908494202960861,False,0.8992805755395683,0.841726618705036,0.3025661969996297,insufficient_overlap,572.0964346658673,2,False,False,insufficient_evidence,"insufficient_overlap (insufficient_overlap) + specialist 0.90 — counterfactual unidentified, cannot claim broad"
260234,Middle-Earth Strategy Battle Game: Rules Manual,144,0.0005087636327156513,False,0.6875,0.4930555555555556,0.1785123989146663,insufficient_overlap,9031.403096003563,6,False,False,broad,passes all broad checks
220975,History Maker Golf,130,0.0004299410980695645,False,,,0.2023978398403978,insufficient_overlap,1297.5949883876926,3,False,False,broad,passes all broad checks
159333,Fendo,121,0.00041202688564999926,False,,,0.1829949786476374,insufficient_overlap,1009.7588667969032,2,False,False,insufficient_evidence,insufficient_overlap + cross_support 2 <3 — thin power
56995,The Twelve Doctors: Doctor Who Card Game,139,0.0004980151052639122,False,,,0.1111716744633025,insufficient_overlap,1118.6372531743818,2,False,False,insufficient_evidence,insufficient_overlap + cross_support 2 <3 — thin power
68199,Catchup,135,0.00046576952290869485,False,,,0.2109318663098253,insufficient_overlap,1378.1697650645406,3,False,False,broad,passes all broad checks
12071,Second Season Pro Football Game,132,0.0004191925706178254,False,,,0.1937560077180558,insufficient_overlap,1047.4366771816565,3,False,False,broad,passes all broad checks
401168,nana: Christmas Edition,100,0.00035828424839130373,False,,,0.2444825819534225,insufficient_overlap,1788.2828568202044,1,True,False,insufficient_evidence,insufficient_overlap + cross_support 1 <3 — thin power
265754,Exceed: Street Fighter – M. Bison Box,134,0.000480100892844347,False,,,0.1056560230372585,insufficient_overlap,645.2026648920254,1,False,False,insufficient_evidence,insufficient_overlap + cross_support 1 <3 — thin power
301480,Binho Classic,112,0.0003941126732304341,False,,,0.1142082894764345,insufficient_overlap,2511.5060249445064,2,False,False,insufficient_evidence,insufficient_overlap + cross_support 2 <3 — thin power
183836,Ferox,121,0.0004335239405534775,False,,,0.0509014087049549,insufficient_overlap,1309.7211735242856,2,False,False,insufficient_evidence,insufficient_overlap + cross_support 2 <3 — thin power
174400,BattleCON: Wanderers of Indines,131,0.00046576952290869485,False,,,0.1073080681551803,insufficient_overlap,791.6449261693493,2,False,False,insufficient_evidence,insufficient_overlap + cross_support 2 <3 — thin power
185381,"Exceed: Red Horizon – Alice, Zoey, Gabrek, and Ulrik",121,0.00042635825558565144,False,,,0.1416726645980506,insufficient_overlap,1095.076084918548,2,False,False,insufficient_evidence,insufficient_overlap + cross_support 2 <3 — thin power
160436,Lost Legacy: Binbo Tantei to Inbo no Shiro,116,0.00041202688564999926,False,,,0.3320253882673053,insufficient_overlap,1439.598561156159,2,False,False,insufficient_evidence,insufficient_overlap + cross_support 2 <3 — thin power
185380,"Exceed: Red Horizon – Satoshi, Mei Lien, Morathi, and Baelkhor",118,0.00040844404316608626,False,,,0.1129571582246089,insufficient_overlap,1166.618036258517,1,False,False,insufficient_evidence,insufficient_overlap + cross_support 1 <3 — thin power
359929,Hachi Train,104,0.00037261561832695585,False,,,0.3737133511841918,insufficient_overlap,449.6604231069824,2,False,False,insufficient_evidence,insufficient_overlap + cross_support 2 <3 — thin power
3003,Crash Tackle Rugby Board Game,149,0.0005159293176834773,False,,,0.0768617354365073,insufficient_overlap,966.4530293287212,2,False,False,insufficient_evidence,insufficient_overlap + cross_support 2 <3 — thin power
369509,Of What's Left,117,0.0004156097281339123,False,,,0.3566193340901746,insufficient_overlap,643.4899757353498,2,False,False,insufficient_evidence,insufficient_overlap + cross_support 2 <3 — thin power
340722,Smart10: Family,147,0.0005266778451352165,False,,,0.1515612972304583,insufficient_overlap,1181.870676096882,1,True,False,insufficient_evidence,insufficient_overlap + cross_support 1 <3 — thin power
233996,The Primary,108,0.00038336414577869497,False,,,0.0916100027221553,insufficient_overlap,1189.732384340564,2,False,False,insufficient_evidence,insufficient_overlap + cross_support 2 <3 — thin power
295604,Rangers of Shadow Deep: Standard Edition,101,0.0003367871934878255,False,0.6435643564356436,0.4653465346534653,0.1726415341753302,insufficient_overlap,10930.879019695987,6,True,False,broad,passes all broad checks
3365,Gumshoe,146,0.0005159293176834773,False,0.726027397260274,0.5547945205479452,0.1209775284102819,insufficient_overlap,925.8253021689744,7,False,True,niche,cross_audience niche_drop
208754,Wings of Glory: Tripods & Triplanes,102,0.0003618670908752168,False,0.7941176470588235,0.5980392156862745,0.130518965074038,insufficient_overlap,5481.639368215522,2,False,False,insufficient_evidence,insufficient_overlap + cross_support 2 <3 — thin power
386906,Bohnanza: Dahlias,140,0.0005015979477478252,False,,,0.1750766335761879,insufficient_overlap,2840.9580647288835,1,False,False,insufficient_evidence,insufficient_overlap + cross_support 1 <3 — thin power
295694,Catchy!,106,0.0003761984608108689,False,,,0.4158033366704037,insufficient_overlap,1474.070615654395,1,False,False,insufficient_evidence,insufficient_overlap + cross_support 1 <3 — thin power
185378,"Exceed: Red Horizon – Kaden, Eva, Miska, and Lily",128,0.0004478553104891297,False,,,0.095225819301788,insufficient_overlap,1053.3495847043528,1,False,False,insufficient_evidence,insufficient_overlap + cross_support 1 <3 — thin power
143680,Nightfall: Eastern Skies,113,0.0003941126732304341,False,,,0.1495818094268162,insufficient_overlap,785.9590944549781,2,False,False,insufficient_evidence,insufficient_overlap + cross_support 2 <3 — thin power
265755,Exceed: Street Fighter – Chun-Li Box,127,0.00045502099545695573,False,,,0.1206639639805058,insufficient_overlap,356.88430830169074,2,False,False,insufficient_evidence,insufficient_overlap + cross_support 2 <3 — thin power
5516,Symbioz,107,0.00037261561832695585,False,,,0.3054171613926748,insufficient_overlap,659.3922578596735,2,False,False,insufficient_evidence,insufficient_overlap + cross_support 2 <3 — thin power
83283,Volo,101,0.0003260386660360864,False,,,0.2715098539552534,insufficient_overlap,792.8054271971698,2,False,False,insufficient_evidence,insufficient_overlap + cross_support 2 <3 — thin power
176601,Dead of Winter: Tabletop Edition,104,0.00036903277584304285,False,0.7115384615384616,0.4615384615384615,0.1801934572629072,insufficient_overlap,1285.2736788192765,5,False,True,niche,cross_audience niche_drop
106113,Manoeuvre: Distant Lands,124,0.00044068962552130356,False,0.9516129032258064,0.8548387096774194,0.2012567755018096,insufficient_overlap,6094.751220209396,2,False,False,insufficient_evidence,"insufficient_overlap (insufficient_overlap) + specialist 0.95 — counterfactual unidentified, cannot claim broad"
256885,The Fantasy Trip: Legacy Edition,148,0.0004299410980695645,False,0.668918918918919,0.5337837837837838,0.2334793331090094,insufficient_overlap,13178.302638750034,6,False,True,niche,cross_audience niche_drop
224830,Chimera & More,136,0.0004872665778121731,False,,,0.3765414054828342,insufficient_overlap,631.1471935050231,1,False,False,insufficient_evidence,insufficient_overlap + cross_support 1 <3 — thin power
173776,Battle for Biternia,126,0.0004442724680052166,False,,,0.1155905361191908,insufficient_overlap,892.6509120646314,2,False,False,insufficient_evidence,insufficient_overlap + cross_support 2 <3 — thin power
4292,The Sword and the Flame,116,0.0003475357209395646,False,0.9655172413793104,0.8620689655172413,0.1461261982258176,insufficient_overlap,2726.6615538648243,2,False,False,insufficient_evidence,"insufficient_overlap (insufficient_overlap) + specialist 0.97 — counterfactual unidentified, cannot claim broad"
102151,Colorado Midland,149,0.0005338435301030425,False,1.0,0.9932885906040269,0.4366973470540937,insufficient_overlap,113.66827745835197,2,False,False,insufficient_evidence,"insufficient_overlap (insufficient_overlap) + specialist 1.00 — counterfactual unidentified, cannot claim broad"
146207,Dead Man's Hand,136,0.00046576952290869485,False,0.75,0.5588235294117647,0.154207794591529,insufficient_overlap,14962.888386284149,7,True,False,broad,passes all broad checks
390406,The Morrison Game Factory,146,0.0005195121601673904,False,0.9452054794520548,0.8013698630136986,0.2003729929123266,insufficient_overlap,1825.252081410782,1,False,False,insufficient_evidence,"insufficient_overlap (insufficient_overlap) + specialist 0.95 — counterfactual unidentified, cannot claim broad"
34098,Guelphs and Ghibellines,114,0.0003475357209395646,False,0.9824561403508772,0.9210526315789472,0.1056841201648896,insufficient_overlap,3612.972306811992,2,False,False,insufficient_evidence,"insufficient_overlap (insufficient_overlap) + specialist 0.98 — counterfactual unidentified, cannot claim broad"
23827,Millionen von Schwalben,133,0.0004729352078765209,False,,,0.2210239353368811,insufficient_overlap,693.2768470623142,1,False,False,insufficient_evidence,insufficient_overlap + cross_support 1 <3 — thin power
361923,Curse of the Dark,128,0.00044068962552130356,False,0.8984375,0.7890625,0.1427026996431586,insufficient_overlap,1178.0721205741547,4,False,False,insufficient_evidence,"insufficient_overlap (insufficient_overlap) + specialist 0.90 — counterfactual unidentified, cannot claim broad"
232956,Omen: Fires in the East,103,0.0003654499333591298,False,,,0.1633835018404577,insufficient_overlap,967.7034428313,2,False,False,insufficient_evidence,insufficient_overlap + cross_support 2 <3 — thin power
368846,Dice Cards,118,0.0004156097281339123,False,,,0.1977029209364733,insufficient_overlap,1517.8754669300938,2,True,False,insufficient_evidence,insufficient_overlap + cross_support 2 <3 — thin power
232981,Tanto Cuore: Winter Romance,144,0.0005087636327156513,False,,,0.0732768006718377,insufficient_overlap,1229.5953453654497,3,False,False,broad,passes all broad checks
342492,A game about WEE WHIMSICAL CREATURES and trying to identify them after someone makes noises.,127,0.0004514381529730427,False,0.8346456692913385,0.6850393700787402,0.1871597473077532,insufficient_overlap,3008.650931951169,1,False,False,insufficient_evidence,insufficient_overlap + cross_support 1 <3 — thin power
321044,Dungeon Fighter in the Catacombs of Gloomy Ghosts,113,0.00040127835819826015,False,0.6991150442477876,0.4778761061946903,0.0964844642940728,insufficient_overlap,1402.2013868679528,5,True,False,broad,passes all broad checks
279056,Pompiers!,111,0.0003941126732304341,False,,,0.4513294288002694,insufficient_overlap,980.641223128096,2,False,False,insufficient_evidence,insufficient_overlap + cross_support 2 <3 — thin power
259435,Middle-earth Strategy Battle Game: The Lord of the Rings – Battle of Pelennor Fields,116,0.00040127835819826015,False,0.6379310344827587,0.4741379310344827,0.1886322537995076,insufficient_overlap,8420.326624909807,5,True,False,broad,passes all broad checks
147884,Ore: The Mining Game,116,0.00041202688564999926,False,0.8620689655172413,0.7758620689655172,0.1940943537845466,insufficient_overlap,1039.4684564478684,2,False,False,insufficient_evidence,"insufficient_overlap (insufficient_overlap) + specialist 0.86 — counterfactual unidentified, cannot claim broad"
367432,On to Richmond II: The Union Strikes South,102,0.0002937930836808691,False,0.9705882352941176,0.9117647058823528,0.1323522681957121,insufficient_overlap,2258.1790046518645,1,False,False,insufficient_evidence,"insufficient_overlap (insufficient_overlap) + specialist 0.97 — counterfactual unidentified, cannot claim broad"
273655,Shadows of Brimstone: Gates of Valhalla,120,0.0004156097281339123,False,0.9083333333333332,0.7333333333333333,0.1621840847132441,insufficient_overlap,924.5752661935744,2,False,False,insufficient_evidence,"insufficient_overlap (insufficient_overlap) + specialist 0.91 — counterfactual unidentified, cannot claim broad"
181807,Dragon Rampant: Fantasy Wargaming Rules,138,0.0004621866804247818,False,0.782608695652174,0.6086956521739131,0.1353360704122508,insufficient_overlap,6155.892570470848,6,True,False,broad,passes all broad checks
248375,SAGA Rulebook (2nd Edition),136,0.00046576952290869485,False,0.8235294117647058,0.5514705882352942,0.1381644768701069,insufficient_overlap,11437.296893326751,3,False,False,broad,passes all broad checks
264638,5x5 City,137,0.0004908494202960861,False,,,0.4047034652871895,insufficient_overlap,1017.1908309143016,2,False,False,insufficient_evidence,insufficient_overlap + cross_support 2 <3 — thin power
188885,Grasse: Mestres Perfumistas,101,0.0003618670908752168,False,0.7821782178217822,0.6534653465346535,0.1183133948580809,insufficient_overlap,881.8684093787209,5,False,True,niche,cross_audience niche_drop
30958,Check Your 6!,142,0.0004514381529730427,False,0.9154929577464788,0.7605633802816901,0.113827277201507,insufficient_overlap,5236.395951978539,3,False,False,insufficient_evidence,"insufficient_overlap (insufficient_overlap) + specialist 0.92 — counterfactual unidentified, cannot claim broad"
8066,CrossFire: Rules and Organizations for Company Level WW II Gaming,146,0.00046576952290869485,False,0.8698630136986302,0.726027397260274,0.1989652147441945,insufficient_overlap,9514.870030556694,3,False,False,insufficient_evidence,"insufficient_overlap (insufficient_overlap) + specialist 0.87 — counterfactual unidentified, cannot claim broad"
330097,The Red Dragon Inn 8: Pub Crawl,123,0.0004299410980695645,False,0.7886178861788617,0.4634146341463415,0.1516149790221872,insufficient_overlap,845.8967395762388,2,False,False,insufficient_evidence,insufficient_overlap + cross_support 2 <3 — thin power
153703,Darkest Night: Necromancer Bundle,117,0.0004156097281339123,False,0.8376068376068376,0.7008547008547008,0.1291342812795348,insufficient_overlap,818.8906851302884,2,False,False,insufficient_evidence,insufficient_overlap + cross_support 2 <3 — thin power
332606,Hidden Games Tatort: Ein Drahtseilakt,149,0.0005230950026513034,False,0.9395973154362416,0.8657718120805369,0.1002441260666908,insufficient_overlap,1483.3849392191084,2,False,False,insufficient_evidence,"insufficient_overlap (insufficient_overlap) + specialist 0.94 — counterfactual unidentified, cannot claim broad"
336811,Catharsis,105,0.00035828424839130373,False,0.7333333333333333,0.580952380952381,0.1778277670843353,insufficient_overlap,1210.7019835193207,6,False,False,broad,passes all broad checks
2641,"Barbarian, Kingdom & Empire",123,0.0004048612006821732,False,0.926829268292683,0.8373983739837398,0.0748282300326151,insufficient_overlap,2874.3148872154165,3,True,False,insufficient_evidence,"insufficient_overlap (insufficient_overlap) + specialist 0.93 — counterfactual unidentified, cannot claim broad"
136890,Hold the Line:  Frederick's War,102,0.0003188729810682603,False,0.9411764705882352,0.8333333333333334,0.1349299708646957,insufficient_overlap,10495.494279622008,2,False,False,insufficient_evidence,"insufficient_overlap (insufficient_overlap) + specialist 0.94 — counterfactual unidentified, cannot claim broad"
405460,CATsle Builders,130,0.0004621866804247818,False,,,0.3600094731479419,insufficient_overlap,1084.7528511517148,2,False,False,insufficient_evidence,insufficient_overlap + cross_support 2 <3 — thin power
321047,Dungeon Fighter in the Castle of Frightening Frosts,110,0.000386946988262608,False,0.6727272727272727,0.4454545454545454,0.06647641924178,insufficient_overlap,2785.453684629633,5,False,False,broad,passes all broad checks
363538,Heading Forward,114,0.0004048612006821732,False,,,0.2272895994972821,insufficient_overlap,1238.5611646721763,2,False,False,insufficient_evidence,insufficient_overlap + cross_support 2 <3 — thin power
378,Lancashire Railways,120,0.0004299410980695645,False,0.9916666666666668,0.9583333333333334,0.4378159152867559,insufficient_overlap,84.72838879806689,2,False,False,insufficient_evidence,"insufficient_overlap (insufficient_overlap) + specialist 0.99 — counterfactual unidentified, cannot claim broad"
7662,Bar-Lev: The Yom-Kippur War of 1973,115,0.00032245582355217337,False,0.982608695652174,0.9304347826086956,0.0467957943792938,insufficient_overlap,2162.5327275044447,2,False,False,insufficient_evidence,"insufficient_overlap (insufficient_overlap) + specialist 0.98 — counterfactual unidentified, cannot claim broad"
339349,Le Plateau,146,0.0005230950026513034,False,,,0.4058524449671211,insufficient_overlap,688.554723356574,2,False,False,insufficient_evidence,insufficient_overlap + cross_support 2 <3 — thin power
214747,Mega Man Pixel Tactics: Bass Orange,138,0.000480100892844347,False,,,0.0610043210838572,insufficient_overlap,797.3462431838914,2,False,False,insufficient_evidence,insufficient_overlap + cross_support 2 <3 — thin power
27817,Marne 1918: Friedensturm,123,0.00035111856342347767,False,0.967479674796748,0.8780487804878049,0.0953655138903749,insufficient_overlap,2504.8128053529213,3,False,False,insufficient_evidence,"insufficient_overlap (insufficient_overlap) + specialist 0.97 — counterfactual unidentified, cannot claim broad"
23421,1832: The South,125,0.00044068962552130356,False,0.84,0.656,0.2284825819534225,insufficient_overlap,913.9735941897536,1,False,False,insufficient_evidence,insufficient_overlap + cross_support 1 <3 — thin power
327913,Unlock!: Timeless Adventures – Arsène Lupin und der große weiße Diamant,138,0.0004944322627799991,False,0.9710144927536232,0.8840579710144928,0.2409459279974402,insufficient_overlap,8949.591636120844,1,True,False,insufficient_evidence,"insufficient_overlap (insufficient_overlap) + specialist 0.97 — counterfactual unidentified, cannot claim broad"
170472,Prelude to Rebellion: Mobilization & Unrest in Lower Canada 1834-1837,102,0.00034395287845565155,False,0.9411764705882352,0.8529411764705882,0.2221296407769519,insufficient_overlap,3828.023889323673,2,False,False,insufficient_evidence,"insufficient_overlap (insufficient_overlap) + specialist 0.94 — counterfactual unidentified, cannot claim broad"
67199,The Coming Storm: Quadrigame of the Fourth Coalition October 1806 - June 1807,132,0.0003905298307465211,False,0.9924242424242424,0.9166666666666666,0.0509184254063439,insufficient_overlap,1751.3135685519742,2,False,False,insufficient_evidence,"insufficient_overlap (insufficient_overlap) + specialist 0.99 — counterfactual unidentified, cannot claim broad"
346597,"Worldspanner Factions, Set 1: Heroes",144,0.0005159293176834773,False,0.7083333333333334,0.5138888888888888,0.0842511289614598,insufficient_overlap,11531.02296691864,5,True,False,broad,passes all broad checks
361918,BattleTech: Alpha Strike Box Set,113,0.00037978130329478196,False,0.6814159292035398,0.4601769911504424,0.2008271525598518,insufficient_overlap,21519.98750848636,4,True,False,broad,passes all broad checks
279886,Iron Forest,101,0.00035828424839130373,False,,,0.2950597098195456,insufficient_overlap,1382.8674604054625,2,False,False,insufficient_evidence,insufficient_overlap + cross_support 2 <3 — thin power
226170,Advanced Guildhall Fantasy: The Gathering,126,0.0004514381529730427,False,,,0.3379093510478198,insufficient_overlap,952.68079896654,2,False,False,insufficient_evidence,insufficient_overlap + cross_support 2 <3 — thin power
134524,Lion Rampant: Medieval Wargaming Rules,145,0.00047651805036043397,False,0.8344827586206897,0.6620689655172414,0.1541381077017499,insufficient_overlap,9827.589669315985,3,False,False,broad,passes all broad checks
6495,Iron Tide: Panzers in the Ardennes,104,0.00032962150851999943,False,0.971153846153846,0.9230769230769232,0.0852518127226532,insufficient_overlap,2395.535969534157,2,False,False,insufficient_evidence,"insufficient_overlap (insufficient_overlap) + specialist 0.97 — counterfactual unidentified, cannot claim broad"
331952,Unlock!: Timeless Adventures – Die Noside-Show,135,0.00048368373532826003,False,1.0,0.9333333333333332,0.2637418412126818,insufficient_overlap,480.10012301611823,1,False,False,insufficient_evidence,"insufficient_overlap (insufficient_overlap) + specialist 1.00 — counterfactual unidentified, cannot claim broad"
237828,Anno Domini 1666,126,0.00044068962552130356,False,,,0.2112504941527615,insufficient_overlap,692.1102222486425,3,False,False,broad,passes all broad checks
417426,Rogue Dungeon: 2nd Edition,117,0.00040127835819826015,False,0.8803418803418803,0.6239316239316239,0.2023520519817283,insufficient_overlap,1316.3843836512042,2,False,False,insufficient_evidence,"insufficient_overlap (insufficient_overlap) + specialist 0.88 — counterfactual unidentified, cannot claim broad"
348973,Hidden Games Tatort: Winterkrimi – Eiskaltes Verbrechen,115,0.00040127835819826015,False,0.9565217391304348,0.8956521739130435,0.1458233498776041,insufficient_overlap,696.8731207630346,1,True,False,insufficient_evidence,"insufficient_overlap (insufficient_overlap) + specialist 0.96 — counterfactual unidentified, cannot claim broad"
144228,FUBA,116,0.00040127835819826015,False,,,0.1217239612637673,insufficient_overlap,1034.6236822473572,2,False,False,insufficient_evidence,insufficient_overlap + cross_support 2 <3 — thin power
394691,The Six of VIII,128,0.00045502099545695573,False,,,0.4560450819534225,insufficient_overlap,1016.9851081207576,2,False,False,insufficient_evidence,insufficient_overlap + cross_support 2 <3 — thin power
40258,Buffalo Wings,135,0.00037978130329478196,False,0.9777777777777776,0.8592592592592593,0.0837317137840857,insufficient_overlap,3065.5226571107346,4,False,False,insufficient_evidence,"insufficient_overlap (insufficient_overlap) + specialist 0.98 — counterfactual unidentified, cannot claim broad"
332804,Cantaloop: Book 3 – Against All Odds,106,0.00037978130329478196,False,0.9905660377358492,0.9433962264150944,0.1963565738316648,insufficient_overlap,535.1024988676702,2,True,False,insufficient_evidence,"insufficient_overlap (insufficient_overlap) + specialist 0.99 — counterfactual unidentified, cannot claim broad"
223167,Secret Unknown Stuff: Escape from Dulce,131,0.0004586038379408688,False,0.8473282442748091,0.6946564885496184,0.0714719058344065,insufficient_overlap,1069.9100196543588,3,False,False,broad,passes all broad checks
408836,Aqua ROVE: Results-Oriented Versatile Explorer,145,0.0005087636327156513,False,,,0.083332157669865,insufficient_overlap,1529.3962265229036,3,False,False,broad,passes all broad checks
211453,Ecogon,123,0.0004335239405534775,False,0.8455284552845529,0.7317073170731707,0.0633270671526726,insufficient_overlap,1748.6608457556704,2,False,False,insufficient_evidence,insufficient_overlap + cross_support 2 <3 — thin power
152345,"La Patrie en Danger 1814: The Campaign in France, Part I",103,0.0002937930836808691,False,0.9902912621359224,0.8932038834951457,0.0720210920062538,insufficient_overlap,2753.67368336658,2,False,False,insufficient_evidence,"insufficient_overlap (insufficient_overlap) + specialist 0.99 — counterfactual unidentified, cannot claim broad"
57141,"Codeword Cromwell: The German Invasion of England, 8 June 1940",136,0.0004442724680052166,False,0.9558823529411764,0.8161764705882353,0.0668774887604966,insufficient_overlap,2661.059748288584,2,False,False,insufficient_evidence,"insufficient_overlap (insufficient_overlap) + specialist 0.96 — counterfactual unidentified, cannot claim broad"
39939,"The Battle of Fontenoy: 11 May, 1745",121,0.0003188729810682603,False,0.9834710743801652,0.8842975206611571,0.1393190709391394,insufficient_overlap,1524.345294425429,2,True,False,insufficient_evidence,"insufficient_overlap (insufficient_overlap) + specialist 0.98 — counterfactual unidentified, cannot claim broad"
178754,Z War One: Damnation,118,0.0004156097281339123,False,0.8050847457627118,0.6016949152542372,0.1832768773196958,insufficient_overlap,1406.9930891780546,6,False,False,broad,passes all broad checks
351869,Adventure Games: Expedition Azcana,101,0.00035828424839130373,False,0.99009900990099,0.8910891089108911,0.1423850999920469,insufficient_overlap,754.9786337550801,2,True,False,insufficient_evidence,"insufficient_overlap (insufficient_overlap) + specialist 0.99 — counterfactual unidentified, cannot claim broad"
315976,Dungeon Fighter in the Chambers of Malevolent Magma,107,0.00038336414577869497,False,0.7102803738317757,0.5046728971962616,0.0958060009818285,insufficient_overlap,1223.8538240450212,5,False,False,broad,passes all broad checks
12141,This Terrible Sound,113,0.00030095876864869514,False,0.991150442477876,0.9469026548672568,0.1245077334497657,insufficient_overlap,1034.4649631828624,2,False,False,insufficient_evidence,"insufficient_overlap (insufficient_overlap) + specialist 0.99 — counterfactual unidentified, cannot claim broad"
163399,Infinity: Operation Icestorm,123,0.0004299410980695645,False,0.5691056910569106,0.3902439024390244,0.1922653855262522,insufficient_overlap,7094.701777250151,5,True,False,broad,passes all broad checks
235839,Master of Wills,103,0.0003654499333591298,False,,,0.095943984834673,insufficient_overlap,1388.9278836548226,2,False,False,insufficient_evidence,insufficient_overlap + cross_support 2 <3 — thin power
286358,Commands & Colors Tricorne: Jacobite Rising,100,0.0003367871934878255,False,0.95,0.84,0.1373023410991999,insufficient_overlap,3828.2336697513374,2,False,False,insufficient_evidence,"insufficient_overlap (insufficient_overlap) + specialist 0.95 — counterfactual unidentified, cannot claim broad"
424995,Star Explorer,146,0.0005230950026513034,False,,,0.1417797576579524,insufficient_overlap,1636.9352765085075,2,True,False,insufficient_evidence,insufficient_overlap + cross_support 2 <3 — thin power
41006,Ordo,109,0.0003475357209395646,False,,,0.2214835448636005,insufficient_overlap,719.0244324003781,2,False,False,insufficient_evidence,insufficient_overlap + cross_support 2 <3 — thin power
62922,None But Heroes,140,0.000386946988262608,False,0.9785714285714284,0.8785714285714286,0.1526602751894346,insufficient_overlap,1734.76683302681,3,False,False,insufficient_evidence,"insufficient_overlap (insufficient_overlap) + specialist 0.98 — counterfactual unidentified, cannot claim broad"
41934,World at War: The Untold Stories,118,0.0003618670908752168,False,0.9745762711864406,0.8389830508474576,0.1208105046414884,insufficient_overlap,2384.781619230162,3,False,False,insufficient_evidence,"insufficient_overlap (insufficient_overlap) + specialist 0.97 — counterfactual unidentified, cannot claim broad"
332943,Archduke,146,0.0005230950026513034,False,0.6438356164383562,0.4315068493150685,0.1637638364269539,insufficient_overlap,2364.732159673471,7,False,False,broad,passes all broad checks
366194,A Wayfarer's Tale,120,0.0004299410980695645,False,,,0.0925337940911626,insufficient_overlap,1420.10425880222,2,False,False,insufficient_evidence,insufficient_overlap + cross_support 2 <3 — thin power
286925,Detective Stories: Case 3 – Still Lake,133,0.0004729352078765209,False,0.962406015037594,0.9097744360902256,0.1630185116951916,insufficient_overlap,1393.4919280101587,2,False,False,insufficient_evidence,"insufficient_overlap (insufficient_overlap) + specialist 0.96 — counterfactual unidentified, cannot claim broad"
182982,Horse & Musket: Dawn of an Era,124,0.00037978130329478196,False,0.9435483870967742,0.8387096774193549,0.1327161821233928,insufficient_overlap,3824.145184611876,4,False,False,insufficient_evidence,"insufficient_overlap (insufficient_overlap) + specialist 0.94 — counterfactual unidentified, cannot claim broad"
343990,Not Enough Mana,134,0.00046935236539260786,False,0.417910447761194,0.2164179104477611,0.3282843723806696,insufficient_overlap,2866.440099549088,5,False,False,broad,passes all broad checks
29055,Down in Flames: Locked-On,128,0.0004335239405534775,False,0.90625,0.6953125,0.1950054544702218,insufficient_overlap,4389.4215393752,2,False,False,insufficient_evidence,"insufficient_overlap (insufficient_overlap) + specialist 0.91 — counterfactual unidentified, cannot claim broad"
5686,Stargrunt II,145,0.0004442724680052166,False,0.8413793103448276,0.7103448275862069,0.1474300234357391,insufficient_overlap,3469.00609754914,3,False,False,broad,passes all broad checks
26736,Ukraine '44,100,0.00030095876864869514,False,0.99,0.98,0.1407909192904737,insufficient_overlap,2370.168649127743,2,False,False,insufficient_evidence,"insufficient_overlap (insufficient_overlap) + specialist 0.99 — counterfactual unidentified, cannot claim broad"
11967,The Seven Days of 1809: Napoleon and the Archduke Charles,119,0.00035828424839130373,False,0.9663865546218487,0.9243697478991596,0.1105040203456371,insufficient_overlap,2832.0320463270814,2,False,False,insufficient_evidence,"insufficient_overlap (insufficient_overlap) + specialist 0.97 — counterfactual unidentified, cannot claim broad"
202265,Chicago & NorthWestern,102,0.0003654499333591298,False,0.9901960784313726,0.9607843137254902,0.4280119937181283,insufficient_overlap,479.8310595289771,2,False,False,insufficient_evidence,"insufficient_overlap (insufficient_overlap) + specialist 0.99 — counterfactual unidentified, cannot claim broad"
12134,This Hallowed Ground,124,0.0003367871934878255,False,0.9758064516129032,0.9435483870967742,0.0817586612259575,insufficient_overlap,1293.8890003937229,1,False,False,insufficient_evidence,"insufficient_overlap (insufficient_overlap) + specialist 0.98 — counterfactual unidentified, cannot claim broad"
255392,The Acts,118,0.0004227754131017384,False,,,0.0836243844378369,insufficient_overlap,1635.5562211589615,3,False,False,broad,passes all broad checks
13016,"White Death: Velikiye Luki, The Stalingrad of the North",125,0.00030454161113260814,False,0.976,0.92,0.0533528775228443,insufficient_overlap,2039.9864233652413,2,False,False,insufficient_evidence,"insufficient_overlap (insufficient_overlap) + specialist 0.98 — counterfactual unidentified, cannot claim broad"
153113,Slaughterball,104,0.00035828424839130373,False,,,0.1200466457856904,insufficient_overlap,970.0459055416964,4,False,False,broad,passes all broad checks
7138,"The Killing Ground: Campaign for Normandy, July-August 1944",126,0.0003654499333591298,False,0.992063492063492,0.9365079365079364,0.098883000440369,insufficient_overlap,1295.1421317381944,2,False,False,insufficient_evidence,"insufficient_overlap (insufficient_overlap) + specialist 0.99 — counterfactual unidentified, cannot claim broad"
153016,Telestrations: 12 Player Party Pack,3140,0.011203548447196067,True,0.8143312101910828,0.5812101910828026,0.0398977159830741,borderline_overlap,2805.943121621204,7,True,False,not_hidden_hobby_well_known,ref_penetration 0.0112 >0.5% despite n_obs 3140 — known to hobby core
156546,Monikers,6607,0.023539275119308655,True,0.7634327228696837,0.4931133646132889,0.095829341246905,borderline_overlap,3641.672486928765,7,True,False,not_hidden_hobby_well_known,ref_penetration 0.0235 >0.5% despite n_obs 6607 — known to hobby core
1353,Time's Up!,5962,0.021274918669475614,True,0.7566252935256625,0.5342167058034216,0.0733163125542665,borderline_overlap,2571.2501330263663,7,True,False,not_hidden_hobby_well_known,ref_penetration 0.0213 >0.5% despite n_obs 5962 — known to hobby core
16747,Tumblin' Dice,4786,0.01710449001820084,True,0.8558295027162558,0.6686167989970748,0.2549213617277643,borderline_overlap,2260.3145768139307,7,True,False,not_hidden_hobby_well_known,ref_penetration 0.0171 >0.5% despite n_obs 4786 — known to hobby core
18833,Lord of the Rings: The Confrontation,6420,0.02294452326697909,True,,,0.060159073651095,adequate_overlap,1302.953074660533,4,False,False,not_hidden_hobby_well_known,ref_penetration 0.0229 >0.5% despite n_obs 6420 — known to hobby core
121288,Dixit: Journey,4550,0.016205196554738666,True,0.7123076923076923,0.4698901098901099,0.0380748783645475,borderline_overlap,2856.8269533942607,7,True,False,not_hidden_hobby_well_known,ref_penetration 0.0162 >0.5% despite n_obs 4550 — known to hobby core
552,Bus,4136,0.014797139458560845,True,,,0.2244052125143509,adequate_overlap,727.6168193720447,4,False,False,not_hidden_hobby_well_known,ref_penetration 0.0148 >0.5% despite n_obs 4136 — known to hobby core
46213,Telestrations,18877,0.06734669017011335,True,0.7431795306457594,0.4715261958997722,0.0720788846353334,borderline_overlap,3856.925558296108,7,True,False,not_hidden_hobby_well_known,ref_penetration 0.0673 >0.5% despite n_obs 18877 — known to hobby core
150,PitchCar,11175,0.039934362325694715,True,0.705413870246085,0.4817897091722595,0.1202006802077866,borderline_overlap,3130.8562103141467,7,True,False,not_hidden_hobby_well_known,ref_penetration 0.0399 >0.5% despite n_obs 11175 — known to hobby core
270633,Aeon's End: The New Age,2859,0.010221849606603895,True,0.887722980062959,0.6995452955578874,0.075125672681065,adequate_overlap,1173.727476672814,7,False,True,not_hidden_hobby_well_known,ref_penetration 0.0102 >0.5% despite n_obs 2859 — known to hobby core
108687,Puerto Rico,5629,0.020139157602075183,True,0.8331852904601172,0.6629952034109078,0.0339967216529018,adequate_overlap,870.9453590083355,7,False,False,not_hidden_hobby_well_known,ref_penetration 0.0201 >0.5% despite n_obs 5629 — known to hobby core
354,Stick 'Em,3781,0.013510899006836063,True,,,0.2966275171557499,adequate_overlap,1105.8954252737817,4,False,False,not_hidden_hobby_well_known,ref_penetration 0.0135 >0.5% despite n_obs 3781 — known to hobby core
291794,Dice Throne: Season One ReRolled,2794,0.00993163936540694,True,,,0.1134844903443584,borderline_overlap,1680.7130449636109,4,False,False,not_hidden_hobby_well_known,ref_penetration 0.0099 >0.5% despite n_obs 2794 — known to hobby core
92828,Dixit: Odyssey,21146,0.07547257692362813,True,0.5771304265582143,0.3258299441974842,0.1331037227850623,borderline_overlap,3821.926571466925,7,True,False,not_hidden_hobby_well_known,ref_penetration 0.0755 >0.5% despite n_obs 21146 — known to hobby core
98229,Pictomania,3894,0.013933674419937802,True,0.8466872110939908,0.6260914227015922,0.1424897725029859,borderline_overlap,2318.620886616507,7,True,False,not_hidden_hobby_well_known,ref_penetration 0.0139 >0.5% despite n_obs 3894 — known to hobby core
215,Tichu,15687,0.056089399085658596,True,,,0.063397453665739,adequate_overlap,1196.3608456298484,4,False,False,not_hidden_hobby_well_known,ref_penetration 0.0561 >0.5% despite n_obs 15687 — known to hobby core
241590,Smart10,3374,0.012049099273399545,True,0.6704208654416123,0.4297569650266746,0.061732730084917,borderline_overlap,3105.7024124143604,7,True,False,not_hidden_hobby_well_known,ref_penetration 0.0120 >0.5% despite n_obs 3374 — known to hobby core
5,Acquire,20432,0.07250956618943205,True,0.8107380579483163,0.6309710258418167,0.0405495367201771,adequate_overlap,1134.2484436149564,7,True,False,not_hidden_hobby_well_known,ref_penetration 0.0725 >0.5% despite n_obs 20432 — known to hobby core
3201,Lord of the Rings: The Confrontation,6909,0.024574716597159523,True,,,0.0518700475779702,adequate_overlap,1536.5553627028614,4,False,False,not_hidden_hobby_well_known,ref_penetration 0.0246 >0.5% despite n_obs 6909 — known to hobby core
491,Web of Power,3531,0.012615188385857803,True,,,0.2026134230749178,adequate_overlap,1051.1356611295264,4,False,False,not_hidden_hobby_well_known,ref_penetration 0.0126 >0.5% despite n_obs 3531 — known to hobby core
397598,Dune: Imperium – Uprising,8869,0.031776229989824725,True,,,0.10371450903767,adequate_overlap,977.2434511750106,4,False,False,not_hidden_hobby_well_known,ref_penetration 0.0318 >0.5% despite n_obs 8869 — known to hobby core
335764,"Unmatched: Battle of Legends, Volume Two",2647,0.009326138985625636,True,,,0.1363561033506953,borderline_overlap,1600.696283933574,4,False,False,not_hidden_hobby_well_known,ref_penetration 0.0093 >0.5% despite n_obs 2647 — known to hobby core
31999,TZAAR,3914,0.013901428837582585,True,,,0.1382076713760081,adequate_overlap,958.4552480343516,4,False,False,not_hidden_hobby_well_known,ref_penetration 0.0139 >0.5% despite n_obs 3914 — known to hobby core
266507,Clank! Legacy: Acquisitions Incorporated,9745,0.03488613726586124,True,0.0836326321190354,0.0034889687018984,0.0728079459556551,borderline_overlap,559.0078852589178,7,True,False,not_hidden_hobby_well_known,ref_penetration 0.0349 >0.5% despite n_obs 9745 — known to hobby core
118,Modern Art,23096,0.08274933000845551,True,0.8460339452719086,0.6738396259092484,0.0696485317418345,adequate_overlap,1162.263003918251,7,True,False,not_hidden_hobby_well_known,ref_penetration 0.0827 >0.5% despite n_obs 23096 — known to hobby core
220,High Society,14540,0.052001375811513824,True,,,0.1089607465525764,borderline_overlap,1886.891615798696,4,False,False,not_hidden_hobby_well_known,ref_penetration 0.0520 >0.5% despite n_obs 14540 — known to hobby core
19777,Indonesia,4761,0.017039998853490404,True,0.9750052509976896,0.9130434782608696,0.1816722479899694,borderline_overlap,516.8794754382138,7,False,False,not_hidden_hobby_well_known,ref_penetration 0.0170 >0.5% despite n_obs 4761 — known to hobby core
