game_id,title,year,weight,min_players,max_players,families,designers,n_obs,adj_mean,resid_Q3bFam,n_version_tgt,n_contained_tgt,decision,reason,evidence,confidence
5336,Talisman (Third Edition),1994.0,2.0884,2.0,8.0,"[""Game: Talisman"", ""Theme: Wizards""]","[""Jervis Johnson""]",1580,6.428518843944176,0.0027942193906769,0,0,borderline,edition_title_Game_family_no_corroboration,"title 'Talisman (Third Edition)' contains edition pattern + families Game: Talisman but no version/contained link, designer overlap 0",borderline
20963,Fury of Dracula (Second Edition),2005.0,2.9534,2.0,5.0,"[""Books: Dracula"", ""Components: Map (Continental / National scale)"", ""Continents: Europe"", ""Creatures: Vampires"", ""Game: Fury of Dracula"", ""Mechanism: Hidden Movement"", ""Players: One versus Many""]","[""Stephen Hand"", ""Kevin Wilson""]",9123,7.371426985051254,0.0202345797154404,0,0,borderline,edition_Game_family_possible,families Game: Fury of Dracula + designer 2 year 10 weight 0.33 vs base 181279 title 'Fury of Dracula (Second Edition)' but weight/year diff larger or no link,borderline
23142,Mag·Blast: Third Edition,2006.0,1.5576,2.0,8.0,"[""Admin: Better Description Needed!"", ""Series: Fantasy Flight Silver Line""]","[""Anders M. Petersen"", ""Christian T. Petersen""]",1944,6.212026674394017,-0.0234014735910834,0,0,borderline,edition_title_no_structured_corroboration,title 'Mag·Blast: Third Edition' contains edition pattern but no version/contained link or Game: family,borderline
37184,Dungeons & Dragons Miniatures Game (Second Edition),2008.0,2.4545,2.0,2.0,"[""Collectible: Collectible Miniatures Games"", ""Players: Two-Player Only Games"", ""Setting: Dungeons & Dragons""]","[""Stephen Schubert"", ""Rob Heinsoo""]",215,6.8704313300601125,0.141147697070604,0,0,borderline,edition_title_no_structured_corroboration,title 'Dungeons & Dragons Miniatures Game (Second Edition)' contains edition pattern but no version/contained link or Game: family,borderline
104162,Descent: Journeys in the Dark (Second Edition),2012.0,3.2169,1.0,5.0,"[""Category: Dungeon Crawler"", ""Components: Miniatures"", ""Creatures: Monsters"", ""Game: Descent \u2013 Journeys in the Dark"", ""Mechanism: Campaign Games"", ""Misc: Watch It Played How To Videos"", ""Players: Games with Solitaire Rules"", ""Players: One versus Many"", ""Setting: The Realms of Terrinoth""]","[""Corey Konieczka"", ""Daniel Clark (I)"", ""Kevin Wilson"", ""Adam Sadler""]",23870,7.755849690861478,-0.045051912646663,0,0,borderline,edition_Game_family_possible,families Game: Descent – Journeys in the Dark + designer 1 year 7 weight 0.13 vs base 17226 title 'Descent: Journeys in the Dark (Second Edition)' but weight/year diff larger or no link,borderline
131111,Codex: Card-Time Strategy – Deluxe Set,2016.0,3.6212,2.0,5.0,"[""Crowdfunding: Kickstarter"", ""Digital Implementations: VASSAL"", ""Series: Fantasy Strike (Sirlin)""]","[""David Sirlin""]",1055,8.372303457816434,0.5416425908859139,0,0,borderline,edition_title_no_structured_corroboration,title 'Codex: Card-Time Strategy – Deluxe Set' contains edition pattern but no version/contained link or Game: family,borderline
142271,Anomia: Party Edition,2013.0,1.0364,3.0,6.0,"[""Series: Anomia""]","[""Andrew Innes""]",1673,7.2687115582000255,0.7381578134363727,0,0,borderline,edition_title_no_structured_corroboration,title 'Anomia: Party Edition' contains edition pattern but no version/contained link or Game: family,borderline
147568,Risk: The Walking Dead – Survival Edition,2013.0,1.96,2.0,5.0,"[""Admin: Better Description Needed!"", ""Comic Books: The Walking Dead"", ""Components: Miniatures"", ""Creatures: Zombies"", ""Game: Risk (Official)"", ""Versions & Editions: Versions with IP after the original release""]",[],444,6.30917916179393,-0.1033802047870526,0,0,borderline,edition_Game_family_possible,families Game: Risk (Official) + designer 0 year 0 weight 0.02 vs base 147523 title 'Risk: The Walking Dead – Survival Edition' but weight/year diff larger or no link,borderline
160044,"Warhammer 40,000 (Seventh Edition)",2014.0,4.125,2.0,12.0,"[""Game: Warhammer 40,000 (Seventh Edition)"", ""Setting: Warhammer 40,000 Wargames""]",[],284,7.134149038938869,-0.693901222959667,0,0,borderline,edition_title_Game_family_no_base,"title 'Warhammer 40,000 (Seventh Edition)' + Game: Warhammer 40,000 (Seventh Edition) but no other game with same family found",borderline
165090,CLUE: Firefly Edition,2014.0,2.25,3.0,6.0,"[""Game: Cluedo / Clue (Parker Brothers, et al)"", ""TV Shows: Firefly""]",[],115,6.113141276024479,-0.5302534374936929,0,0,borderline,edition_title_Game_family_no_corroboration,"title 'CLUE: Firefly Edition' contains edition pattern + families Game: Cluedo / Clue (Parker Brothers, et al) but no version/contained link, designer overlap 0",borderline
176920,Mission: Red Planet (Second/Third Edition),2015.0,2.2194,2.0,6.0,"[""Components: Miniatures"", ""Space: Colonization / Extraterrestrial Colonisation"", ""Space: Mars"", ""Theme: Mining"", ""Theme: Steampunk""]","[""Bruno Faidutti"", ""Bruno Cathala""]",11680,7.736397336055404,0.2353568000694306,0,0,borderline,edition_title_no_structured_corroboration,title 'Mission: Red Planet (Second/Third Edition)' contains edition pattern but no version/contained link or Game: family,borderline
186442,Pictopia: Star Wars Edition,2015.0,1.0,2.0,6.0,"[""Movies: Star Wars""]",[],114,5.683991808752486,-0.4167292803532163,0,0,borderline,edition_title_no_structured_corroboration,title 'Pictopia: Star Wars Edition' contains edition pattern but no version/contained link or Game: family,borderline
186905,Monopoly: Pokémon Kanto Edition,2014.0,1.4,2.0,6.0,"[""Game: Monopoly (Official)"", ""Theme: Anime / Manga"", ""Video Game Theme: Nintendo"", ""Video Game Theme: Pok\u00e9mon""]",[],206,5.590741844663975,-0.3146399563733686,0,0,borderline,edition_Game_family_possible,families Game: Monopoly (Official) + designer 0 year 0 weight 0.11 vs base 164840 title 'Monopoly: Pokémon Kanto Edition' but weight/year diff larger or no link,borderline
194298,Expedition: The Roleplaying Card Game,2016.0,1.3333,1.0,6.0,"[""Components: Digital Hybrid \u2013 App/Website Required"", ""Digital Implementations: TableTop Simulator Mod (TTS)""]","[""Todd Medema"", ""Scott Martin (III)""]",426,6.410494190843391,-0.012421295195331,0,0,borderline,edition_title_no_structured_corroboration,title 'Expedition: The Roleplaying Card Game' contains edition pattern but no version/contained link or Game: family,borderline
217012,Alchemical Crystal Quest (Second Edition),2017.0,3.3333,1.0,4.0,"[""Components: Gems/Crystals"", ""Crowdfunding: Kickstarter"", ""Theme: Alchemy""]","[""Pablo Miras"", ""Beatriz Alvarez""]",100,6.224619763605395,-1.1124552669034262,0,0,borderline,edition_title_no_structured_corroboration,title 'Alchemical Crystal Quest (Second Edition)' contains edition pattern but no version/contained link or Game: family,borderline
221769,Bios: Megafauna (Second Edition),2017.0,4.5065,1.0,4.0,"[""Animals: Dinosaurs"", ""Animals: Fish / Fishes"", ""Animals: Prehistoric Non-Dinosaurs"", ""Animals: Worms"", ""Components: Meeples (Animal) / Animeeples"", ""Digital Implementations: TableTop Simulator Mod (TTS)"", ""Digital Implementations: VASSAL"", ""Misc: LongPack Games"", ""Players: Games with Solitaire Rules"", ""Series: BIOS (Phil Eklund)"", ""Theme: Biology"", ""Theme: Evolution"", ""Theme: Science"", ""Theme: Weather""]","[""Andrew Doull"", ""Phil Eklund"", ""Jon Manker""]",1337,8.0414384245551,-0.2273014305412068,0,0,borderline,edition_title_no_structured_corroboration,title 'Bios: Megafauna (Second Edition)' contains edition pattern but no version/contained link or Game: family,borderline
233016,The African Campaign: Designer Signature Edition,2017.0,2.4167,1.0,2.0,"[""Country: Egypt"", ""Country: Libya"", ""History: World War II (Africa)"", ""Players: Two-Player Only Games"", ""Players: Wargames with Rules Supporting Only Two Players"", ""Region: North Africa"", ""Series: Designer Signature Edition (Compass Games)"", ""Theme: Deserts"", ""War Battlespace: Land Warfare"", ""War Level of Command: Operational""]","[""John Edwards""]",123,7.388758494624886,0.029669928123738,0,0,borderline,edition_title_no_structured_corroboration,title 'The African Campaign: Designer Signature Edition' contains edition pattern but no version/contained link or Game: family,borderline
277017,Color Brain: Disney Edition,2019.0,1.0,2.0,20.0,"[""Brands: Disney"", ""Category: Color"", ""Versions & Editions: Junior Versions of Grown-Up Games""]","[""Tristan Williams""]",404,5.983949658898425,-0.0200945875167359,0,0,borderline,edition_title_no_structured_corroboration,title 'Color Brain: Disney Edition' contains edition pattern but no version/contained link or Game: family,borderline
314243,"Warhammer 40,000 (Ninth Edition)",2020.0,4.3529,2.0,6.0,"[""Game: Warhammer 40,000 (Ninth Edition)"", ""Setting: Warhammer 40,000 Wargames""]",[],333,7.730978326187317,-0.6976169997856934,0,0,borderline,edition_title_Game_family_no_base,"title 'Warhammer 40,000 (Ninth Edition)' + Game: Warhammer 40,000 (Ninth Edition) but no other game with same family found",borderline
323529,Great Battles of Julius Caesar: Deluxe Edition,2022.0,3.8333,1.0,4.0,"[""Ancient: Rome"", ""Digital Implementations: TableTop Simulator Mod (TTS)"", ""Historical Figures: Julius Caesar"", ""History: Roman \u2013 Gallic Wars"", ""History: Roman Civil Wars"", ""Players: Wargames with Rules Supporting Only Two Players"", ""Series: Great Battles of History (GMT Games)""]","[""Mark Herman"", ""Richard H. Berg""]",115,8.587593311185788,0.2531037262640385,0,0,borderline,edition_title_no_structured_corroboration,title 'Great Battles of Julius Caesar: Deluxe Edition' contains edition pattern but no version/contained link or Game: family,borderline
365761,Casting Shadows: Exclusive Edition,2023.0,2.2222,2.0,4.0,"[""Admin: Better Description Needed!"", ""Crowdfunding: Kickstarter"", ""Misc: LongPack Games"", ""Players: Games with expansions that change player count""]","[""Ramy Badie""]",247,6.628591736076572,-0.8349198481854092,0,0,borderline,edition_title_no_structured_corroboration,title 'Casting Shadows: Exclusive Edition' contains edition pattern but no version/contained link or Game: family,borderline
366577,Bestiary of Sigillum: Collector's Edition,2023.0,2.8889,1.0,4.0,"[""Category: Combinatorial"", ""Category: MOBA"", ""Category: Two-Player Fighting Games"", ""Misc: LongPack Games"", ""Players: Games with expansions that change player count"", ""Players: Games with Solitaire Rules"", ""Setting: Sigillum Universe""]","[""Peter Vibe""]",120,8.102168537819345,0.4510106472511506,0,0,borderline,edition_title_no_structured_corroboration,title 'Bestiary of Sigillum: Collector's Edition' contains edition pattern but no version/contained link or Game: family,borderline
366748,Northgard: Uncharted Lands – Warchief Collector Edition,2022.0,2.8571,2.0,5.0,"[""Crowdfunding: Kickstarter"", ""Mechanism: 4X""]","[""Adrian Dinu""]",232,8.356568570121166,0.7960422240263547,0,0,borderline,edition_title_no_structured_corroboration,title 'Northgard: Uncharted Lands – Warchief Collector Edition' contains edition pattern but no version/contained link or Game: family,borderline
411369,Chronicles of Light: Darkness Falls – Disney Edition,2024.0,2.2,1.0,4.0,"[""Animals: Foxes"", ""Brands: Disney"", ""Folk Tales & Fairy Tales: Beauty and the Beast"", ""Folk Tales & Fairy Tales: Robin Hood"", ""Movies: Moana"", ""Movies: Pixar"", ""Movies: The Incredibles""]","[""Pam Walls""]",103,7.018771706499841,-0.1286394801567905,0,0,borderline,edition_title_no_structured_corroboration,title 'Chronicles of Light: Darkness Falls – Disney Edition' contains edition pattern but no version/contained link or Game: family,borderline
10140,The Scrambled States of America: Deluxe Edition,2002.0,1.1905,2.0,4.0,[],"[""Mary Ellroy""]",298,5.944765907204791,-0.0669070963097846,0,0,borderline,edition_title_no_structured_corroboration,title 'The Scrambled States of America: Deluxe Edition' contains edition pattern but no version/contained link or Game: family,borderline
10226,"Thunder at the Crossroads: The Battle of Gettysburg, July 1-3, 1863  (Second Edition)",1993.0,3.4242,2.0,2.0,"[""History: Battle of Gettysburg"", ""Players: Wargames with Rules Supporting Only Two Players"", ""Series: Civil War, Brigade (The Gamers)""]","[""Dean Essig"", ""David A. Powell""]",204,8.006943232984549,0.7201945603468083,0,0,borderline,edition_title_no_structured_corroboration,"title 'Thunder at the Crossroads: The Battle of Gettysburg, July 1-3, 1863  (Second Edition)' contains edition pattern but no version/contained link or Game: family",borderline
35477,Dead of Winter: The Battle of Stones River (Second Edition),2009.0,3.8261,2.0,2.0,"[""Cities: Murfreesboro (TN, USA)"", ""Country: USA"", ""Digital Implementations: VASSAL"", ""Players: Two-Player Only Games"", ""Players: Wargames with Rules Supporting Only Two Players"", ""Series: Great Battles of the American Civil War (Richard H. Berg)"", ""States: Tennessee""]","[""David A. Powell"", ""Richard H. Berg""]",184,7.540420286877466,-0.0671639045461462,0,0,borderline,edition_title_no_structured_corroboration,title 'Dead of Winter: The Battle of Stones River (Second Edition)' contains edition pattern but no version/contained link or Game: family,borderline
71061,DungeonQuest (Third Edition),2010.0,2.1681,1.0,4.0,"[""Components: Miniatures"", ""Creatures: Dragons"", ""Players: Games with Solitaire Rules"", ""Series: Drakborgen"", ""Setting: The Realms of Terrinoth""]","[""Jakob Bonds""]",3272,6.809211919137263,-0.135380309996969,0,0,borderline,edition_title_no_structured_corroboration,title 'DungeonQuest (Third Edition)' contains edition pattern but no version/contained link or Game: family,borderline
91425,Map It! World Edition,2011.0,1.1,2.0,6.0,"[""Series: Ausgerechnet ...""]","[""Bernhard Lach"", ""Uwe Rapp""]",199,6.581270345309278,0.6068019550229433,0,0,borderline,edition_title_no_structured_corroboration,title 'Map It! World Edition' contains edition pattern but no version/contained link or Game: family,borderline
98529,Disney Pixar Cars 2 Sorry Sliders: World Grand Prix Race Edition,2011.0,1.0909,2.0,4.0,"[""Brands: Disney"", ""Game: Sorry!"", ""Movies: Cars"", ""Movies: Pixar"", ""Sports: Auto Racing""]",[],251,6.2503706557052805,0.3920923334584731,0,0,borderline,edition_Game_family_possible,families Game: Sorry! + designer 0 year 1 weight 0.09 vs base 75991 title 'Disney Pixar Cars 2 Sorry Sliders: World Grand Prix Race Edition' but weight/year diff larger or no link,borderline
109276,Kanban: Driver's Edition,2014.0,4.3479,2.0,4.0,"[""Crowdfunding: Giochistarter"", ""Digital Implementations: Boiteajeux"", ""Digital Implementations: Tabletopia"", ""Game: Kanban"", ""Series: Castle Line (Stronghold)"", ""Series: The Great Designers (Stronghold Games)"", ""Theme: Automotive Industry""]","[""Vital Lacerda""]",6852,8.242410760133263,-0.1203673065542414,0,0,borderline,edition_Game_family_possible,families Game: Kanban + designer 1 year 6 weight 0.06 vs base 284378 title 'Kanban: Driver's Edition' but weight/year diff larger or no link,borderline
132028,Conflict of Heroes: Awakening the Bear! – Operation Barbarossa 1941 (Second Edition),2012.0,3.2715,2.0,4.0,"[""History: World War II (Eastern Front)"", ""Players: Games with expansions that add solo play"", ""Series: Conflict of Heroes (Academy Games)""]","[""Uwe Eickert""]",1833,8.153595024188448,0.2212864260559612,0,0,borderline,edition_title_no_structured_corroboration,title 'Conflict of Heroes: Awakening the Bear! – Operation Barbarossa 1941 (Second Edition)' contains edition pattern but no version/contained link or Game: family,borderline
140457,Ultimate Werewolf: Inquisition,2013.0,1.6818,3.0,12.0,"[""Game: Werewolf / Mafia""]","[""Legend Dan Hoffman""]",915,6.827177940237633,0.3320608219678282,0,0,borderline,edition_Game_family_possible,families Game: Werewolf / Mafia + designer 0 year 0 weight 0.06 vs base 130877 title 'Ultimate Werewolf: Inquisition' but weight/year diff larger or no link,borderline
181209,Mistfall: Kickstarter Edition,2015.0,3.3333,1.0,4.0,"[""Setting: Mistfall""]","[""B\u0142a\u017cej Kubacki""]",127,7.321210533422542,0.162499097672752,0,0,borderline,kickstarter_edition_no_Game_family,"title 'Mistfall: Kickstarter Edition' contains kickstarter/edition but no Game: family, no link",borderline
183880,Risk: Star Wars Edition,2015.0,1.8725,2.0,4.0,"[""Game: Risk (Official)"", ""Movies: Star Wars"", ""Versions & Editions: Versions with IP after the original release""]","[""Austin Rucker"", ""Craig Van Ness"", ""James D'Aloisio""]",4227,7.178860648882046,0.1376412733762633,0,0,borderline,edition_Game_family_possible,families Game: Risk (Official) + designer 1 year 0 weight 0.75 vs base 204184 title 'Risk: Star Wars Edition' but weight/year diff larger or no link,borderline
197333,Deadzone (Second Edition),2016.0,2.5,2.0,2.0,"[""Players: Two-Player Only Games"", ""Setting: Warpath""]","[""Jake Thornton"", ""Jonathan Peletis""]",175,7.997902687747038,0.7717054010317543,0,0,borderline,edition_title_no_structured_corroboration,title 'Deadzone (Second Edition)' contains edition pattern but no version/contained link or Game: family,borderline
197641,Pictionary (2013 edition),2013.0,1.0,2.0,4.0,"[""Game: Pictionary""]",[],101,5.790054870922371,-0.2609240588227601,0,0,borderline,edition_title_Game_family_no_corroboration,"title 'Pictionary (2013 edition)' contains edition pattern + families Game: Pictionary but no version/contained link, designer overlap 0",borderline
203835,Garbage Day: Limited Edition,2016.0,1.3333,2.0,5.0,"[""Containers: Unique Shape"", ""Crowdfunding: Kickstarter"", ""Theme: Trash / Garbage""]","[""Shane Willis""]",181,6.560483978452563,0.0999939668852256,0,0,borderline,edition_title_no_structured_corroboration,title 'Garbage Day: Limited Edition' contains edition pattern but no version/contained link or Game: family,borderline
253763,Expedition Luxor,2018.0,1.25,2.0,4.0,"[""Ancient: Egypt"", ""Cities: Luxor (Egypt)"", ""Constructions: Pyramids"", ""Country: Egypt"", ""Crowdfunding: Kickstarter"", ""Occupation: Adventurer / Explorer"", ""Theme: Temple""]","[""R\u00fcdiger Dorn""]",188,6.2875584143152246,-0.2072931100113137,0,0,borderline,edition_title_no_structured_corroboration,title 'Expedition Luxor' contains edition pattern but no version/contained link or Game: family,borderline
267652,Dungeonology: The Expedition,2019.0,3.0882,2.0,4.0,"[""Game: Dungeonology \u2013 The Expedition"", ""Admin: Better Description Needed!"", ""Components: Miniatures"", ""Crowdfunding: Kickstarter"", ""Digital Implementations: TableTop Simulator Mod (TTS)"", ""Setting: Nova Aetas Chronicles""]","[""Danilo Guidi"", ""Diego Fonseca""]",772,6.708309887118993,-0.800465145742983,0,0,borderline,edition_title_Game_family_no_base,title 'Dungeonology: The Expedition' + Game: Dungeonology – The Expedition but no other game with same family found,borderline
274690,Talisman: Batman – Super-Villains Edition,2019.0,2.1111,2.0,6.0,"[""Comic Books: Batman"", ""Comic Books: DC Universe"", ""Components: Miniatures"", ""Game: Talisman"", ""Theme: Superheroes""]","[""Robert Harris"", ""Patrick Marino""]",319,6.5296063360164505,-0.3573618961177613,0,0,borderline,edition_Game_family_possible,families Game: Talisman + designer 1 year 0 weight 0.56 vs base 273976 title 'Talisman: Batman – Super-Villains Edition' but weight/year diff larger or no link,borderline
286439,Import / Export: Definitive Edition,2021.0,3.7778,2.0,6.0,"[""Crowdfunding: Kickstarter""]","[""Jordan Draper""]",306,7.958215071353792,-0.0557877686427881,0,0,borderline,edition_title_no_structured_corroboration,title 'Import / Export: Definitive Edition' contains edition pattern but no version/contained link or Game: family,borderline
288010,Throw Throw Burrito: Kickstarter Edition,2019.0,1.0,2.0,6.0,"[""Crowdfunding: Kickstarter"", ""Misc: LongPack Games"", ""Theme: Food / Cooking""]","[""Brian S. Spence"", ""Elan Lee"", ""Matthew Inman""]",277,6.862406250601392,0.2153063092372367,0,0,borderline,kickstarter_edition_no_Game_family,"title 'Throw Throw Burrito: Kickstarter Edition' contains kickstarter/edition but no Game: family, no link",borderline
288583,Selfish: Zombie Edition,2019.0,1.25,2.0,5.0,"[""Theme: Post-Apocalyptic""]",[],180,5.999516337334871,-0.2233618034587809,0,0,borderline,edition_title_no_structured_corroboration,title 'Selfish: Zombie Edition' contains edition pattern but no version/contained link or Game: family,borderline
299815,Trial by Trolley: Derailed Edition,2020.0,1.1429,3.0,13.0,"[""Crowdfunding: Kickstarter"", ""Webcomics: Cyanide & Happiness""]","[""Scott Houser""]",337,6.630288524350462,0.0101089151440945,0,0,borderline,edition_title_no_structured_corroboration,title 'Trial by Trolley: Derailed Edition' contains edition pattern but no version/contained link or Game: family,borderline
317367,Cards Against Humanity: Family Edition,2020.0,1.0,4.0,30.0,"[""Game: Cards Against Humanity (Official)""]","[""Max Temkin""]",292,6.048255558898023,-0.3152437677358302,0,0,borderline,edition_Game_family_possible,families Game: Cards Against Humanity (Official) + designer 1 year 11 weight 0.17 vs base 50381 title 'Cards Against Humanity: Family Edition' but weight/year diff larger or no link,borderline
330116,Assault on Doomrock: Ultimate Edition,2023.0,3.2,1.0,4.0,"[""Creatures: Dragons"", ""Creatures: Goblins"", ""Creatures: Zombies"", ""Crowdfunding: Gamefound"", ""Digital Implementations: TableTop Simulator Mod (TTS)"", ""Misc: LongPack Games"", ""Players: Games with Solitaire Rules"", ""Theme: Boss Battle""]","[""Tom Stasiak""]",220,7.993140099255003,0.1642561918017069,0,0,borderline,edition_title_no_structured_corroboration,title 'Assault on Doomrock: Ultimate Edition' contains edition pattern but no version/contained link or Game: family,borderline
348070,The Palaces of Carrara (Second Edition),2022.0,2.6923,2.0,4.0,"[""Country: Italy"", ""Crowdfunding: Gamefound"", ""Digital Implementations: Tabletopia"", ""Occupation: Merchant"", ""Region: Tuscany (Italy)""]","[""Wolfgang Kramer"", ""Michael Kiesling""]",657,7.881006964882599,0.1487954079464328,0,0,borderline,edition_title_no_structured_corroboration,title 'The Palaces of Carrara (Second Edition)' contains edition pattern but no version/contained link or Game: family,borderline
362800,Autobahn: Kickstarter Edition,2022.0,3.75,1.0,4.0,"[""Country: Germany"", ""Crowdfunding: Kickstarter""]","[""Fabio Lopiano"", ""Nestore Mangone""]",101,8.002742743528449,0.0921484160312875,0,0,borderline,kickstarter_edition_no_Game_family,"title 'Autobahn: Kickstarter Edition' contains kickstarter/edition but no Game: family, no link",borderline
401168,nana: Christmas Edition,2022.0,1.0,2.0,5.0,"[""Admin: Better Description Needed!"", ""Holidays: Christmas""]","[""\u5bae\u91ce \u83ef\u4e5f (Kaya Miyano)""]",100,8.160131243453613,1.4747877395327151,0,0,borderline,edition_title_no_structured_corroboration,title 'nana: Christmas Edition' contains edition pattern but no version/contained link or Game: family,borderline
404233,Forks: 2nd Edition,2024.0,1.3333,2.0,6.0,"[""Crowdfunding: Kickstarter"", ""Digital Implementations: Board Game Arena""]","[""Mark Stockton-Pitt""]",192,6.875483607827658,-0.1558359154140118,0,0,borderline,edition_title_no_structured_corroboration,title 'Forks: 2nd Edition' contains edition pattern but no version/contained link or Game: family,borderline
68,Successors: The Battles for Alexander's Empire (First/Second Edition),1997.0,3.2286,3.0,4.0,"[""Ancient: Greece"", ""Components: Map (Continental / National scale)"", ""History: Wars of the Diadochi and Syrian Wars"", ""War Level of Command: Strategic""]","[""Mark Simonitch"", ""Richard H. Berg""]",502,7.539457851024551,0.1368940266656544,0,0,borderline,edition_title_no_structured_corroboration,title 'Successors: The Battles for Alexander's Empire (First/Second Edition)' contains edition pattern but no version/contained link or Game: family,borderline
3636,SongBurst 50's & 60's Edition,1990.0,1.1429,3.0,0.0,"[""Admin: Better Description Needed!"", ""Decades: The 1950's"", ""Decades: The 1960's"", ""Series: SongBurst (Hersch)"", ""Trivia: Music""]","[""Brian Hersch""]",114,5.292418382786805,-0.5409414842111486,0,0,borderline,edition_title_no_structured_corroboration,title 'SongBurst 50's & 60's Edition' contains edition pattern but no version/contained link or Game: family,borderline
9139,Marco Polo Expedition,2004.0,1.8049,2.0,5.0,"[""Animals: Camels"", ""Continents: Asia"", ""Theme: Deserts""]","[""Reiner Knizia""]",828,6.5606195124278885,0.0930633094443509,0,0,borderline,edition_title_no_structured_corroboration,title 'Marco Polo Expedition' contains edition pattern but no version/contained link or Game: family,borderline
59161,Sitting Ducks Deluxe,2009.0,1.3333,3.0,6.0,"[""Animals: Ducks""]","[""Keith Meyers""]",247,6.452930128371553,0.4096185534027663,0,0,borderline,edition_title_no_structured_corroboration,title 'Sitting Ducks Deluxe' contains edition pattern but no version/contained link or Game: family,borderline
159087,"I Say, Holmes! (Second Edition)",2014.0,1.5833,3.0,8.0,"[""Books: Sherlock Holmes"", ""Crowdfunding: Kickstarter""]","[""Alan Emrich"", ""Roger Heyworth""]",137,5.749642862120456,-0.6113383254971128,0,0,borderline,edition_title_no_structured_corroboration,"title 'I Say, Holmes! (Second Edition)' contains edition pattern but no version/contained link or Game: family",borderline
248490,Atlantis Rising (Second Edition),2019.0,2.4726,1.0,7.0,"[""Components: Dynamic Event Boards"", ""Components: Gems/Crystals"", ""Crowdfunding: Kickstarter"", ""Digital Implementations: TableTop Simulator Mod (TTS)"", ""Misc: Watch It Played How To Videos"", ""Mythology: Atlantis"", ""Players: Games with Solitaire Rules""]","[""Galen Ciscell"", ""Brent Dickman""]",4821,7.8106134710931965,0.250855086668972,0,0,borderline,edition_title_no_structured_corroboration,title 'Atlantis Rising (Second Edition)' contains edition pattern but no version/contained link or Game: family,borderline
258411,Unlock!: Exotic Adventures – Expedition: Challenger,2019.0,2.7778,1.0,6.0,"[""Category: Escape Room Games"", ""Components: Digital Hybrid \u2013 App/Website Required"", ""Series: Unlock! (Space Cowboys)""]","[""Vincent Goyat""]",812,7.128376024398472,-0.4449631627692643,0,0,borderline,edition_title_no_structured_corroboration,title 'Unlock!: Exotic Adventures – Expedition: Challenger' contains edition pattern but no version/contained link or Game: family,borderline
276760,Escape Room: The Game – 2 Player Edition,2019.0,2.125,2.0,2.0,"[""Series: Escape Room \u2013 The Game (Identity Games International B.V.)"", ""Category: Escape Room Games"", ""Components: Digital Hybrid \u2013 App/Website Required"", ""Players: Two-Player Only Games"", ""Versions & Editions: Two-Player Versions of More-Player Games""]","[""(Uncredited)""]",380,6.763478335612749,-0.4468577381178278,0,0,borderline,edition_title_no_structured_corroboration,title 'Escape Room: The Game – 2 Player Edition' contains edition pattern but no version/contained link or Game: family,borderline
298638,Sheriff of Nottingham: 2nd Edition,2020.0,1.7079,3.0,6.0,"[""Folk Tales & Fairy Tales: Robin Hood"", ""Game: Sheriff of Nottingham"", ""Theme: Mystery / Crime""]","[""S\u00e9rgio Halaban"", ""Andr\u00e9 Zatz""]",3082,7.43556388204274,0.0826129232595134,0,0,borderline,edition_Game_family_possible,families Game: Sheriff of Nottingham + designer 2 year 6 weight 0.05 vs base 157969 title 'Sheriff of Nottingham: 2nd Edition' but weight/year diff larger or no link,borderline
299104,Apex Theropod Deck Building Game: Collected Edition,2020.0,2.7222,1.0,6.0,"[""Animals: Dinosaurs"", ""Crowdfunding: Kickstarter"", ""Players: Games with Solitaire Rules""]","[""Herschel Hoffmeyer""]",576,8.027282217119607,0.4282937895132424,0,0,borderline,edition_title_no_structured_corroboration,title 'Apex Theropod Deck Building Game: Collected Edition' contains edition pattern but no version/contained link or Game: family,borderline
316410,The Third World War: Designer Signature Edition,2022.0,3.5385,1.0,8.0,"[""Continents: Europe"", ""Country: Soviet Union"", ""History: Cold War"", ""Players: Wargames with Rules Supporting Only Two Players"", ""Political: NATO"", ""Region: Middle East"", ""Series: Designer Signature Edition (Compass Games)"", ""Series: Third World War (GDW/Compass)"", ""Theme: Alternate History""]","[""Frank Chadwick""]",120,8.787755641726445,0.5828476030753524,0,0,borderline,edition_title_no_structured_corroboration,title 'The Third World War: Designer Signature Edition' contains edition pattern but no version/contained link or Game: family,borderline
336794,Galaxy Trucker (Second Edition),2021.0,2.2636,2.0,4.0,"[""Components: Gems/Crystals"", ""Components: Sand Timers"", ""Creatures: Aliens / Extraterrestrials"", ""Digital Implementations: Steam"", ""Game: Galaxy Trucker""]","[""Vlaada Chv\u00e1til""]",5463,7.743555177877459,0.1689291565701918,0,0,borderline,edition_Game_family_possible,families Game: Galaxy Trucker + designer 1 year 14 weight 0.06 vs base 31481 title 'Galaxy Trucker (Second Edition)' but weight/year diff larger or no link,borderline
370597,Fugitive (Second Edition),2023.0,1.6111,2.0,2.0,"[""Components: Dry Erase Markers / Dry Erase Surfaces"", ""Components: PVC Cards"", ""Crowdfunding: BackerKit"", ""Digital Implementations: Board Game Arena"", ""Misc: LongPack Games"", ""Players: Two-Player Only Games""]","[""Tim Fowers""]",470,7.817235179121694,0.4633422769861983,0,0,borderline,edition_title_no_structured_corroboration,title 'Fugitive (Second Edition)' contains edition pattern but no version/contained link or Game: family,borderline
36596,Ancient Battles Deluxe: From Guts to Gunpowder,2008.0,1.9062,1.0,2.0,"[""Ancient: Mesopotamia"", ""Country: Greece"", ""Digital Implementations: VASSAL"", ""History: Crusades"", ""History: Greek & Persian conflicts of the 4th century BC"", ""History: Wars in the Ancient Near East"", ""History: Wars of Alexander the Great"", ""Players: Two-Player Only Games"", ""Series: Ancient Battles Deluxe""]","[""Mike Nagel""]",138,7.283206984631001,0.6584920313717557,0,0,borderline,edition_title_no_structured_corroboration,title 'Ancient Battles Deluxe: From Guts to Gunpowder' contains edition pattern but no version/contained link or Game: family,borderline
42336,Ultimate Tic-Tac-Toe,2008.0,2.0,2.0,4.0,"[""Category: Combinatorial"", ""Category: n in a row"", ""Components: 9 x 9 Grids"", ""Digital Implementations: Board Game Arena"", ""Digital Implementations: igGameCenter"", ""Misc: Mensa Select""]","[""Cris Van Oosterum"", ""Mark Asperheim""]",160,6.379442746016726,-0.0090209997307946,0,0,borderline,edition_title_no_structured_corroboration,title 'Ultimate Tic-Tac-Toe' contains edition pattern but no version/contained link or Game: family,borderline
55597,Chaos Marauders (Second Edition),2009.0,1.6875,2.0,4.0,"[""Series: Fantasy Flight Silver Line"", ""Series: Ogallala"", ""Setting: Warhammer Fantasy Card Games""]","[""Stephen Hand""]",853,5.661809232273885,-0.9241922415087452,0,0,borderline,edition_title_no_structured_corroboration,title 'Chaos Marauders (Second Edition)' contains edition pattern but no version/contained link or Game: family,borderline
125326,Sedition Wars: Battle for Alabaster,2013.0,2.9565,2.0,2.0,"[""Crowdfunding: Kickstarter"", ""Players: Two-Player Only Games""]","[""Mike McVey"", ""Rob Baxter"", ""Julian Glover""]",302,5.622520975416113,-1.30713605307088,0,0,borderline,edition_title_no_structured_corroboration,title 'Sedition Wars: Battle for Alabaster' contains edition pattern but no version/contained link or Game: family,borderline
199269,1572: The Lost Expedition,2016.0,2.0,1.0,1.0,"[""History: Age of Discovery"", ""Mechanism: Roll-and-Write"", ""Players: Games with Solitaire Rules"", ""Players: Solitaire Only Games"", ""Series: XX72 Solitaire Games (Mike Heiman)""]","[""Mike Heiman""]",250,6.686017361578537,-0.0274830483044699,0,0,borderline,edition_title_no_structured_corroboration,title '1572: The Lost Expedition' contains edition pattern but no version/contained link or Game: family,borderline
249824,Munchkin Harry Potter Deluxe,2018.0,2.1111,3.0,6.0,"[""Books: Harry Potter"", ""Game: Munchkin"", ""Theme: Wizards"", ""Versions & Editions: Versions with IP after the original release""]",[],310,6.392594767658755,-0.2720703177415018,0,0,borderline,edition_Game_family_possible,families Game: Munchkin + designer 0 year 0 weight 0.11 vs base 246689 title 'Munchkin Harry Potter Deluxe' but weight/year diff larger or no link,borderline
251350,Gem Rush (Second Edition),2018.0,2.0,1.0,7.0,"[""Components: Gems/Crystals"", ""Components: Standees"", ""Creatures: Dwarves & Gnomes"", ""Crowdfunding: Kickstarter"", ""Digital Implementations: Tabletopia"", ""Series: Euro Games (Victory Point Games)"", ""Theme: Mining""]","[""Jeremy Lennert""]",227,6.992077613782824,0.1606935165224445,0,0,borderline,edition_title_no_structured_corroboration,title 'Gem Rush (Second Edition)' contains edition pattern but no version/contained link or Game: family,borderline
257674,Vampire: The Masquerade – Heritage,2020.0,3.2667,2.0,4.0,"[""Creatures: Vampires"", ""Crowdfunding: Kickstarter"", ""Mechanism: Legacy"", ""Setting: World of Darkness (White Wolf)"", ""Theme: Alternate History"", ""Versions & Editions: Board Game Versions of Role-Playing Games""]","[""Babis Giannios""]",744,7.250176701669035,-0.5697934130464732,0,0,borderline,edition_title_no_structured_corroboration,title 'Vampire: The Masquerade – Heritage' contains edition pattern but no version/contained link or Game: family,borderline
271321,CABO (Second Edition),2019.0,1.22,2.0,4.0,"[""Card Games: Draw and Discard"", ""Creatures: Unicorns"", ""Misc: Lowest Score Wins"", ""Traditional Card Games: Golf""]","[""Melissa Limes"", ""Mandy Henning""]",1743,7.553740945807379,0.617861668371904,0,0,borderline,edition_title_no_structured_corroboration,title 'CABO (Second Edition)' contains edition pattern but no version/contained link or Game: family,borderline
319264,Heroes of Normandie: Big Red One Edition,2022.0,3.1667,2.0,2.0,"[""Digital Implementations: TableTop Simulator Mod (TTS)"", ""Players: Games with expansions that add solo play"", ""Players: Two-Player Only Games"", ""Players: Wargames with Rules Supporting Only Two Players"", ""Series: Heroes System Tactical Scale World War 2""]","[""Clem Seurat"", ""Yann Uhart"", ""Yann and Clem""]",170,8.269735846260447,0.118958599125504,0,0,borderline,edition_title_no_structured_corroboration,title 'Heroes of Normandie: Big Red One Edition' contains edition pattern but no version/contained link or Game: family,borderline
328636,Chai (Deluxe Edition),2020.0,2.0,1.0,5.0,"[""Components: Game Trayz Inside"", ""Crowdfunding: Kickstarter"", ""Digital Implementations: Steam"", ""Digital Implementations: TableTop Simulator Mod (TTS)"", ""Food & Drink: Tea""]","[""Connie Kazmaier"", ""Dan Kazmaier""]",215,6.920934191306485,-0.0967909959059651,0,0,borderline,edition_title_no_structured_corroboration,title 'Chai (Deluxe Edition)' contains edition pattern but no version/contained link or Game: family,borderline
432527,Ethnos: 2nd Edition,2025.0,2.2812,1.0,6.0,"[""Game: Ethnos""]","[""Paolo Mori""]",135,8.030799295589656,0.4581436495401192,0,0,borderline,edition_Game_family_possible,families Game: Ethnos + designer 1 year 8 weight 0.17 vs base 206718 title 'Ethnos: 2nd Edition' but weight/year diff larger or no link,borderline
2952,Trivial Pursuit: Genus Edition,1981.0,1.6368,2.0,24.0,"[""Game: Trivial Pursuit"", ""Misc: Dice Tower Hall of Fame"", ""Misc: Mensa Select""]","[""Scott Abbott"", ""Chris Haney""]",8058,5.456423963082553,-1.079987678462745,0,0,borderline,edition_Game_family_possible,families Game: Trivial Pursuit + designer 2 year 22 weight 0.13 vs base 11883 title 'Trivial Pursuit: Genus Edition' but weight/year diff larger or no link,borderline
5332,Split (Revised Edition),2001.0,1.5909,2.0,6.0,"[""Card Games: Matching"", ""Components: Traditional Playing Cards""]","[""David Hoyt""]",292,6.259693260467498,0.1241672687971933,0,0,borderline,edition_title_no_structured_corroboration,title 'Split (Revised Edition)' contains edition pattern but no version/contained link or Game: family,borderline
9725,Monopoly: National Parks Edition,1998.0,1.625,2.0,8.0,"[""Theme: US National Parks""]","[""(Uncredited)""]",150,5.16235412383655,-0.741000595040064,0,0,borderline,edition_title_no_structured_corroboration,title 'Monopoly: National Parks Edition' contains edition pattern but no version/contained link or Game: family,borderline
12875,Cranium Turbo Edition,2004.0,1.7317,4.0,99.0,"[""Components: Play Dough / Modeling Clay"", ""Game: Cranium""]","[""Richard Tait"", ""Whit Alexander""]",453,6.066232295489744,-0.0003760995311186,0,0,borderline,edition_Game_family_possible,families Game: Cranium + designer 2 year 1 weight 0.65 vs base 16035 title 'Cranium Turbo Edition' but weight/year diff larger or no link,borderline
22664,Phase 10 Masters Edition,2001.0,1.4074,2.0,6.0,"[""Containers: Tin/Metal Box"", ""Game: Phase 10"", ""Traditional Card Games: Rummy""]","[""Ken Johnson""]",499,5.823244946235067,-0.2528981952820954,0,0,borderline,edition_Game_family_possible,families Game: Phase 10 + designer 1 year 6 weight 0.21 vs base 38187 title 'Phase 10 Masters Edition' but weight/year diff larger or no link,borderline
22924,Card Football: Premiere Edition,2006.0,1.8529,1.0,4.0,"[""Sports: American Football / Gridiron""]","[""Paolo Del Rio"", ""Fabio Del Rio""]",164,6.544337835869299,0.3097978994023167,0,0,borderline,edition_title_no_structured_corroboration,title 'Card Football: Premiere Edition' contains edition pattern but no version/contained link or Game: family,borderline
30804,Song of Blades and Heroes: Revised Edition,2007.0,2.2143,2.0,6.0,"[""Components: Miniature agnostic"", ""Series: Song of Blades and Heroes""]","[""Andrea Sfiligoi""]",365,7.747689174134394,0.8619078870336017,0,0,borderline,edition_title_no_structured_corroboration,title 'Song of Blades and Heroes: Revised Edition' contains edition pattern but no version/contained link or Game: family,borderline
63052,Pass the Bomb: Party Edition,2007.0,1.0769,2.0,12.0,"[""Game: Pass the Bomb""]","[""Los Rodriguez"", ""Juan Rodriguez"", ""Sylvie Barc""]",338,6.177413792195822,0.227070175276677,0,0,borderline,edition_Game_family_possible,families Game: Pass the Bomb + designer 3 year 8 weight 0.03 vs base 15383 title 'Pass the Bomb: Party Edition' but weight/year diff larger or no link,borderline
85424,La Bataille de la Moscowa (Third Edition),2011.0,4.1622,2.0,8.0,"[""Cities: Borodino (Russia)"", ""Cities: Moscow (Russia)"", ""Country: Russia"", ""Series: La Bataille (Marshal Enterprises / Clash of Arms Games)""]","[""Terry Doherty""]",162,8.527178301731162,0.7672455662674995,0,0,borderline,edition_title_no_structured_corroboration,title 'La Bataille de la Moscowa (Third Edition)' contains edition pattern but no version/contained link or Game: family,borderline
86415,Cornerstone Essential,2010.0,1.6667,2.0,4.0,"[""Components: 3-Dimensional (3D)""]","[""Matt Mette""]",216,7.092562111395525,0.5065270556247015,0,0,borderline,edition_title_no_structured_corroboration,title 'Cornerstone Essential' contains edition pattern but no version/contained link or Game: family,borderline
138614,Relic Expedition,2014.0,2.3333,2.0,4.0,"[""Components:  Meeples"", ""Components: Dice with Icons"", ""Components: Meeples (Animal) / Animeeples"", ""Crowdfunding: Kickstarter""]","[""Randy Hoyt""]",247,6.802988277615703,0.1190517653701883,0,0,borderline,edition_title_no_structured_corroboration,title 'Relic Expedition' contains edition pattern but no version/contained link or Game: family,borderline
166858,Villainous Vikings (Second Edition),2014.0,2.5,3.0,5.0,"[""Components: Map (Continental / National scale)"", ""History: Viking Expansion"", ""Mythology: Norse"", ""Theme: Vikings""]","[""Jeremy Stoltzfus"", ""Graham Weaver""]",102,7.1625576853367,0.3565851175883034,0,0,borderline,edition_title_no_structured_corroboration,title 'Villainous Vikings (Second Edition)' contains edition pattern but no version/contained link or Game: family,borderline
167270,Medina (Second Edition),2014.0,2.3784,2.0,4.0,"[""Category: Combinatorial"", ""Cities: Medina (Saudi Arabia)"", ""Components: 13 x 18 Grids"", ""Components: Wooden pieces & boards"", ""Digital Implementations: Board Game Arena"", ""Region: North Africa"", ""Theme: City"", ""Theme: Deserts""]","[""Stefan Dorra""]",2143,7.677181487709225,0.4450890478296117,0,0,borderline,edition_title_no_structured_corroboration,title 'Medina (Second Edition)' contains edition pattern but no version/contained link or Game: family,borderline
174584,Orcs Must Die! The Board Game: Order Edition,2016.0,2.4,1.0,4.0,"[""Creatures: Orcs"", ""Crowdfunding: Kickstarter""]","[""Sandy Petersen""]",194,6.718467927565638,-0.2208576796120906,0,0,borderline,edition_title_no_structured_corroboration,title 'Orcs Must Die! The Board Game: Order Edition' contains edition pattern but no version/contained link or Game: family,borderline
174646,Orcs Must Die! The Board Game: Unchained Edition,2016.0,2.0,1.0,4.0,"[""Creatures: Orcs"", ""Crowdfunding: Kickstarter""]","[""Sandy Petersen""]",119,6.726242493004023,-0.0021241968394294,0,0,borderline,edition_title_no_structured_corroboration,title 'Orcs Must Die! The Board Game: Unchained Edition' contains edition pattern but no version/contained link or Game: family,borderline
182218,Hoax (Second Edition),2016.0,1.7647,3.0,6.0,[],"[""Bill Eberle"", ""Edward Horn, Jr."", ""Peter Olotka"", ""Jack Kittredge""]",800,6.110912468112291,-0.8036600638438625,0,0,borderline,edition_title_no_structured_corroboration,title 'Hoax (Second Edition)' contains edition pattern but no version/contained link or Game: family,borderline
184866,Wings for the Baron (Second Edition),2015.0,2.4211,3.0,5.0,"[""Country: Germany"", ""Occupation: Aviator""]","[""Dave Townsend""]",298,7.95039283189382,1.0308201339013523,0,0,borderline,edition_title_no_structured_corroboration,title 'Wings for the Baron (Second Edition)' contains edition pattern but no version/contained link or Game: family,borderline
222407,Lignum (Second Edition),2017.0,4.0964,2.0,4.0,[],"[""Alexander Huemer""]",954,8.273020592672355,0.3463350888050573,0,0,borderline,edition_title_no_structured_corroboration,title 'Lignum (Second Edition)' contains edition pattern but no version/contained link or Game: family,borderline
235555,Bios: Origins (Second Edition),2019.0,4.2248,1.0,4.0,"[""Components: Map (Global Scale)"", ""Crowdfunding: Kickstarter"", ""Digital Implementations: VASSAL"", ""Mechanism: Tableau Building"", ""Players: Games with Solitaire Rules"", ""Series: BIOS (Phil Eklund)"", ""Theme: Biology"", ""Theme: Evolution""]","[""Phil Eklund"", ""Jon Manker""]",1194,8.29442359073247,-0.0434345494778583,0,0,borderline,edition_title_no_structured_corroboration,title 'Bios: Origins (Second Edition)' contains edition pattern but no version/contained link or Game: family,borderline
245931,Neta-Tanka: Deluxe Edition,2019.0,2.8088,1.0,5.0,"[""Crowdfunding: Kickstarter"", ""Players: Games with Solitaire Rules"", ""Theme: Native Americans / First Peoples""]","[""Herv\u00e9 Rigal""]",1492,7.522530576899964,-0.1494595313456415,0,0,borderline,edition_title_no_structured_corroboration,title 'Neta-Tanka: Deluxe Edition' contains edition pattern but no version/contained link or Game: family,borderline
255708,Trekking the National Parks: Second Edition,2018.0,1.7895,2.0,5.0,"[""Country: USA"", ""Misc: Mensa Select"", ""Theme: Nature"", ""Theme: US National Parks""]","[""Charlie Bink""]",1305,7.14184144594519,0.0068540485992185,0,0,borderline,edition_title_no_structured_corroboration,title 'Trekking the National Parks: Second Edition' contains edition pattern but no version/contained link or Game: family,borderline
281657,Malifaux (Third Edition),2019.0,4.2308,2.0,2.0,"[""Components: Traditional Playing Cards"", ""Players: Two-Player Only Games""]","[""Kyle Rowan"", ""Mason Crawford"", ""Aaron Darland"", ""Matt Carter""]",155,8.952998169522637,0.8235279383407708,0,0,borderline,edition_title_no_structured_corroboration,title 'Malifaux (Third Edition)' contains edition pattern but no version/contained link or Game: family,borderline
301728,Endogenesis: 2nd Edition,2021.0,2.0,1.0,5.0,"[""Crowdfunding: Kickstarter""]","[""David Goh""]",115,7.265055490206846,0.2962419029773979,0,0,borderline,edition_title_no_structured_corroboration,title 'Endogenesis: 2nd Edition' contains edition pattern but no version/contained link or Game: family,borderline
321537,Soviet Dawn: The Russian Civil War 1918-1921 – Deluxe Edition,2021.0,1.8696,1.0,1.0,"[""Cities: Moscow (Russia)"", ""Country: Russia"", ""Country: Soviet Union"", ""Crowdfunding: Kickstarter"", ""Decades: The 1920's"", ""History: Russian Civil War"", ""Interwar period (Nov. 1918 - Aug. 1939)"", ""Players: Solitaire Only Games"", ""Players: Solitaire Only Wargames"", ""Series: States of Siege""]","[""Darin A. Leviloff""]",163,7.50688739295349,0.1184866065671608,0,0,borderline,edition_title_no_structured_corroboration,title 'Soviet Dawn: The Russian Civil War 1918-1921 – Deluxe Edition' contains edition pattern but no version/contained link or Game: family,borderline
332402,Vietnam: 1965-1975 (2nd Edition),2022.0,4.375,2.0,2.0,"[""Country: USA"", ""Country: Vietnam"", ""History: Vietnam War"", ""Players: Two-Player Only Games"", ""Players: Wargames with Rules Supporting Only Two Players""]","[""Nick Karp""]",127,8.827161821759491,0.0953259079630033,0,0,borderline,edition_title_no_structured_corroboration,title 'Vietnam: 1965-1975 (2nd Edition)' contains edition pattern but no version/contained link or Game: family,borderline
365770,Tinners' Trail: Expanded Edition,2021.0,3.0,1.0,5.0,"[""Crowdfunding: Kickstarter"", ""Region: Cornwall (England)"", ""Theme: Mining""]","[""Martin Wallace""]",147,7.736088601780337,0.2979854519691018,0,0,borderline,edition_title_no_structured_corroboration,title 'Tinners' Trail: Expanded Edition' contains edition pattern but no version/contained link or Game: family,borderline
7098,Monopoly: Deluxe Edition,1995.0,1.8571,2.0,10.0,"[""Cities: Atlantic City (New Jersey, USA)"", ""Game: Monopoly (Official)""]","[""Charles Darrow""]",1311,5.20155487035456,-1.212530332686509,0,0,borderline,edition_Game_family_possible,families Game: Monopoly (Official) + designer 0 year 0 weight 0.05 vs base 5758 title 'Monopoly: Deluxe Edition' but weight/year diff larger or no link,borderline
7118,Ace of Aces: Handy Rotary Deluxe Edition,1986.0,1.8372,2.0,2.0,"[""Misc: No Table Needed"", ""Occupation: Aviator"", ""Players: Two-Player Only Games"", ""Series: Ace of Aces (Nova Game Designs)"", ""Series: Ace of Aces WWI (Nova Game Designs)"", ""Series: Picture Book Games (Nova Game Designs)""]","[""Alfred Leonardi""]",339,7.317403230100608,0.8929846621653637,0,0,borderline,edition_title_no_structured_corroboration,title 'Ace of Aces: Handy Rotary Deluxe Edition' contains edition pattern but no version/contained link or Game: family,borderline
9216,Goa: A New Expedition,2004.0,3.3616,2.0,4.0,"[""Components: 5 x 5 Grids"", ""Components: Control Boards"", ""Components: Multi-Use Cards"", ""Components: Wooden pieces & boards"", ""Country: India"", ""Country: Portugal"", ""Crowdfunding: Gamefound"", ""Digital Implementations: Board Game Arena"", ""Digital Implementations: Tabletopia"", ""History: Age of Discovery"", ""Theme: Colonial""]","[""R\u00fcdiger Dorn""]",11471,7.978680763547233,0.2204702184628892,0,0,borderline,edition_title_no_structured_corroboration,title 'Goa: A New Expedition' contains edition pattern but no version/contained link or Game: family,borderline
13266,Three Days of Gettysburg (Third Edition),2004.0,4.2653,1.0,6.0,"[""Country: USA"", ""History: Battle of Gettysburg"", ""Series: Great Battles of the American Civil War (Richard H. Berg)"", ""States: Pennsylvania""]","[""Richard H. Berg""]",211,7.820894351883199,0.0206768190243114,0,0,borderline,edition_title_no_structured_corroboration,title 'Three Days of Gettysburg (Third Edition)' contains edition pattern but no version/contained link or Game: family,borderline
20445,Quest for the DragonLords (Second Edition),2006.0,3.1053,2.0,4.0,"[""Creatures: Dragons""]","[""Robert Johannessen""]",133,6.3383542901847365,-0.661463938649347,0,0,borderline,edition_title_no_structured_corroboration,title 'Quest for the DragonLords (Second Edition)' contains edition pattern but no version/contained link or Game: family,borderline
24321,Panzer Grenadier: Airborne – Introductory Edition,2006.0,2.7273,2.0,2.0,"[""Players: Two-Player Only Games"", ""Players: Wargames with Rules Supporting Only Two Players"", ""Series: Panzer Grenadier (Avalanche)""]","[""Brian L. Knipple"", ""Michael Bennighof""]",163,6.524989159347903,-0.5664049627439196,0,0,borderline,edition_title_no_structured_corroboration,title 'Panzer Grenadier: Airborne – Introductory Edition' contains edition pattern but no version/contained link or Game: family,borderline
33030,The Drive on Metz (Second Edition),2008.0,1.4889,1.0,2.0,"[""Cities: Metz (France)"", ""Country: France"", ""Country: Germany"", ""Country: USA"", ""Magazine: C3i"", ""Players: Two-Player Only Games"", ""Players: Wargames with Rules Supporting Only Two Players"", ""Region: Lorraine (France)"", ""Series: Battlesson (Victory Point Games)""]","[""Alan Emrich"", ""Jim Dunnigan""]",237,6.610434874902634,-0.0628118603129319,0,0,borderline,edition_title_no_structured_corroboration,title 'The Drive on Metz (Second Edition)' contains edition pattern but no version/contained link or Game: family,borderline
131581,Soccero (Second Edition),2012.0,1.8235,2.0,2.0,"[""Country: Finland"", ""Players: Two-Player Only Games"", ""Sports: Football / Soccer""]","[""Martti Ojalainen"", ""Jarmo Kuitunen""]",178,7.248561360790453,0.817965451636014,0,0,borderline,edition_title_no_structured_corroboration,title 'Soccero (Second Edition)' contains edition pattern but no version/contained link or Game: family,borderline
131646,Merchant of Venus (Second Edition),2012.0,3.0082,1.0,4.0,"[""Creatures: Aliens / Extraterrestrials"", ""Occupation: Merchant"", ""Players: Games with Solitaire Rules"", ""Space: Venus""]","[""Richard Hamblen"", ""Robert A. Kouba""]",3853,7.503122105623221,0.1479943029129904,0,0,borderline,edition_title_no_structured_corroboration,title 'Merchant of Venus (Second Edition)' contains edition pattern but no version/contained link or Game: family,borderline
132320,Monopoly: Doctor Who 50th Anniversary Collectors Edition,2012.0,1.6667,2.0,6.0,"[""Game: Monopoly (Official)"", ""TV Shows: Doctor Who""]",[],136,5.084742221402024,-0.8409433835202229,0,0,borderline,edition_Game_family_possible,families Game: Monopoly (Official) + designer 0 year 0 weight 0.13 vs base 130240 title 'Monopoly: Doctor Who 50th Anniversary Collectors Edition' but weight/year diff larger or no link,borderline
181279,Fury of Dracula (Third/Fourth Edition),2015.0,3.2827,2.0,5.0,"[""Books: Dracula"", ""Components: Map (Continental / National scale)"", ""Components: Miniatures"", ""Continents: Europe"", ""Creatures: Vampires"", ""Digital Implementations: Steam"", ""Game: Fury of Dracula"", ""Mechanism: Hidden Movement"", ""Players: One versus Many""]","[""Frank Brooks"", ""Kevin Wilson"", ""Stephen Hand""]",14528,7.684588542567934,-0.2798807334743562,0,0,borderline,edition_Game_family_possible,families Game: Fury of Dracula + designer 2 year 10 weight 0.33 vs base 20963 title 'Fury of Dracula (Third/Fourth Edition)' but weight/year diff larger or no link,borderline
184145,Flash Duel: Revised Second Edition,2015.0,1.6667,1.0,5.0,"[""Crowdfunding: Kickstarter"", ""Players: Games with Solitaire Rules"", ""Series: Fantasy Strike (Sirlin)""]","[""David Sirlin""]",156,7.573229835952584,1.214890774986828,0,0,borderline,edition_title_no_structured_corroboration,title 'Flash Duel: Revised Second Edition' contains edition pattern but no version/contained link or Game: family,borderline
199966,Kingsburg (Second Edition),2017.0,2.4494,2.0,5.0,"[""Components: Coloured Dice"", ""Theme: Medieval Fantasy""]","[""Luca Iennaco"", ""Andrea Chiarvesio""]",3229,7.714103350229975,0.2825999736922879,0,0,borderline,edition_title_no_structured_corroboration,title 'Kingsburg (Second Edition)' contains edition pattern but no version/contained link or Game: family,borderline
254138,Swordcrafters Expanded Edition,2018.0,1.6667,1.0,5.0,"[""Crowdfunding: Kickstarter""]","[""Adam Rehberg"", ""Chris Neuman (II)""]",168,7.150068207538146,0.5309994590635441,0,0,borderline,edition_title_no_structured_corroboration,title 'Swordcrafters Expanded Edition' contains edition pattern but no version/contained link or Game: family,borderline
286343,Conflict of Heroes: Awakening the Bear – Operation Barbarossa 1941 (Third Edition),2019.0,3.0,2.0,4.0,"[""Series: Conflict of Heroes (Academy Games)""]","[""Gunter Eickert"", ""Uwe Eickert""]",325,8.377959357867717,0.4821655437730925,0,0,borderline,edition_title_no_structured_corroboration,title 'Conflict of Heroes: Awakening the Bear – Operation Barbarossa 1941 (Third Edition)' contains edition pattern but no version/contained link or Game: family,borderline
287450,Nothing Personal (Revised Edition),2019.0,2.6667,2.0,5.0,"[""Crowdfunding: Kickstarter"", ""Theme: Mystery / Crime""]","[""Cody Jones"", ""Stephen Avery""]",138,7.629914199227693,0.4631674371693055,0,0,borderline,edition_title_no_structured_corroboration,title 'Nothing Personal (Revised Edition)' contains edition pattern but no version/contained link or Game: family,borderline
289802,Dadaocheng (Second Edition),2019.0,3.0,1.0,4.0,"[""Cities: Taipei (Taiwan)""]","[""Tsai Huei-Chiang"", ""Eason Kao""]",159,7.267666927000999,-0.0326439832230285,0,0,borderline,edition_title_no_structured_corroboration,title 'Dadaocheng (Second Edition)' contains edition pattern but no version/contained link or Game: family,borderline
299450,Tsukuyumi: Full Moon Down (Second Edition),2020.0,3.6552,2.0,4.0,"[""Components: Hexagonal Tiles"", ""Components: Miniatures"", ""Crowdfunding: Kickstarter"", ""Digital Implementations: TableTop Simulator Mod (TTS)"", ""Players: Games with expansions that add solo play"", ""Theme: Post-Apocalyptic""]","[""Felix Mertikat""]",464,7.880236665723209,0.0543769271746485,0,0,borderline,edition_title_no_structured_corroboration,title 'Tsukuyumi: Full Moon Down (Second Edition)' contains edition pattern but no version/contained link or Game: family,borderline
318472,Blood Bowl: Second Season Edition,2020.0,3.8077,2.0,2.0,"[""Components: Miniatures"", ""Game: Blood Bowl"", ""Players: Two-Player Only Games"", ""Series: Specialist Games (Games Workshop)"", ""Setting: Warhammer Fantasy Board Games"", ""Theme: Fantasy Sports""]",[],963,8.675588729682802,0.4888971971737099,0,0,borderline,edition_title_Game_family_no_corroboration,"title 'Blood Bowl: Second Season Edition' contains edition pattern + families Game: Blood Bowl but no version/contained link, designer overlap 0",borderline
318474,Who Goes There? 2nd Edition,2021.0,2.8889,3.0,6.0,"[""Creatures: Aliens / Extraterrestrials"", ""Crowdfunding: Kickstarter"", ""Misc: LongPack Games"", ""Movies: The Thing""]","[""Jesse Labbe"", ""Anthony Coffey""]",312,7.892272117852087,0.4975337681891396,0,0,borderline,edition_title_no_structured_corroboration,title 'Who Goes There? 2nd Edition' contains edition pattern but no version/contained link or Game: family,borderline
12135,Drive on Stalingrad (Second Edition),2002.0,2.3333,2.0,4.0,"[""Country: Russia"", ""Country: Soviet Union"", ""History: World War II (Eastern Front)""]","[""Ty Bomba""]",101,7.017682810939266,0.2145739939660655,0,0,borderline,edition_title_no_structured_corroboration,title 'Drive on Stalingrad (Second Edition)' contains edition pattern but no version/contained link or Game: family,borderline
21523,Runebound: Second Edition,2005.0,2.6783,2.0,6.0,"[""Components: Polyhedral (not D6) dice"", ""Creatures: Dragons"", ""Occupation: Adventurer / Explorer"", ""Series: Runebound (Fantasy Flight Games)"", ""Setting: The Realms of Terrinoth""]","[""Darrell Hardy"", ""Martin Wallace""]",7713,7.043769875272953,-0.1695143580429521,0,0,borderline,edition_title_no_structured_corroboration,title 'Runebound: Second Edition' contains edition pattern but no version/contained link or Game: family,borderline
21551,SPQR (Deluxe Edition),2008.0,3.9091,1.0,4.0,"[""Ancient: Rome"", ""History: Macedonian Wars"", ""History: Punic Wars"", ""History: Sicilian Wars"", ""Series: Great Battles of History (GMT Games)""]","[""Mark Herman"", ""Richard H. Berg""]",867,8.270033227834181,0.4271235923850511,0,0,borderline,edition_title_no_structured_corroboration,title 'SPQR (Deluxe Edition)' contains edition pattern but no version/contained link or Game: family,borderline
147190,Yggdrasil (Second Edition with Asgard Expansion),2013.0,2.3889,1.0,6.0,"[""Mythology: Norse"", ""Players: Games with Solitaire Rules"", ""Theme: Vikings""]","[""Fabrice Rabellino"", ""C\u00e9dric Lefebvre""]",250,7.941970165184061,1.0960663468408525,0,0,borderline,edition_title_no_structured_corroboration,title 'Yggdrasil (Second Edition with Asgard Expansion)' contains edition pattern but no version/contained link or Game: family,borderline
190462,Triumph of Chaos v.2 (Deluxe Edition),2019.0,4.4062,2.0,2.0,"[""Country: Russia"", ""Country: Soviet Union"", ""Decades: The 1920's"", ""History: Russian Civil War"", ""Interwar period (Nov. 1918 - Aug. 1939)"", ""Players: Two-Player Only Games""]","[""David Dockter""]",112,8.437492793677329,0.042140518069889,0,0,borderline,edition_title_no_structured_corroboration,title 'Triumph of Chaos v.2 (Deluxe Edition)' contains edition pattern but no version/contained link or Game: family,borderline
206593,Stronghold: Undead (Second Edition) – Kickstarter Edition,2021.0,3.8235,2.0,2.0,"[""Category: Tower Defense"", ""Components: Wooden pieces & boards"", ""Crowdfunding: Kickstarter"", ""Misc: LongPack Games"", ""Players: Two-Player Only Games""]","[""Ignacy Trzewiczek""]",228,8.040311118444558,0.1089484044655222,0,0,borderline,kickstarter_edition_no_Game_family,"title 'Stronghold: Undead (Second Edition) – Kickstarter Edition' contains kickstarter/edition but no Game: family, no link",borderline
255659,Ground Floor (Second Edition),2018.0,3.6429,1.0,5.0,"[""Digital Implementations: Yucata"", ""Misc: LongPack Games"", ""Players: Games with Solitaire Rules""]","[""David Short""]",417,7.969032960172703,0.3796103092741703,0,0,borderline,edition_title_no_structured_corroboration,title 'Ground Floor (Second Edition)' contains edition pattern but no version/contained link or Game: family,borderline
308388,Egizia: Shifting Sands – Kickstarter Edition,2019.0,3.25,2.0,4.0,"[""Ancient: Egypt"", ""Components: Map (Continental / National scale)"", ""Constructions: Pyramids"", ""Crowdfunding: Kickstarter"", ""Misc: Watch It Played How To Videos"", ""Rivers: Nile""]","[""Stefano Luperto"", ""Antonio Tinto"", ""Acchittocca"", ""Flaminia Brasini"", ""Virginio Gigli""]",167,8.118981118295055,0.6725233441863399,0,0,borderline,kickstarter_edition_no_Game_family,"title 'Egizia: Shifting Sands – Kickstarter Edition' contains kickstarter/edition but no Game: family, no link",borderline
314577,"Pacific War: The Struggle Against Japan, 1941-1945 (Second Edition)",2022.0,4.5873,2.0,2.0,"[""History: World War II (Pacific)"", ""Region: Pacific Ocean"", ""Country: Japan"", ""Country: USA"", ""Decades: The 1940's"", ""Players: Two-Player Only Games"", ""Players: Wargames with Rules Supporting Only Two Players"", ""War Level of Command: Strategic""]","[""Mark Herman""]",315,8.828842138787392,-0.2089362243051429,0,0,borderline,edition_title_no_structured_corroboration,"title 'Pacific War: The Struggle Against Japan, 1941-1945 (Second Edition)' contains edition pattern but no version/contained link or Game: family",borderline
315252,Murano: Complete Edition,2020.0,2.875,2.0,4.0,"[""Cities: Venice (Veneto, Italy)"", ""Country: Italy"", ""Game: Murano""]","[""Inka Brand"", ""Markus Brand""]",116,7.827608699495781,0.5134219337749863,0,0,borderline,edition_Game_family_possible,families Game: Murano + designer 2 year 6 weight 0.16 vs base 163413 title 'Murano: Complete Edition' but weight/year diff larger or no link,borderline
335212,Sentinels of the Multiverse: Definitive Edition,2022.0,2.7833,1.0,5.0,"[""Category: DIZED Tutorial"", ""Crowdfunding: Kickstarter"", ""Game: Sentinel"", ""Misc: LongPack Games"", ""Theme: Boss Battle"", ""Theme: Superheroes""]","[""Christopher Badell"", ""Adam Rebottaro""]",1290,8.4381899833101,0.3486857609970517,0,0,borderline,edition_Game_family_possible,families Game: Sentinel + designer 2 year 11 weight 0.26 vs base 102652 title 'Sentinels of the Multiverse: Definitive Edition' but weight/year diff larger or no link,borderline
345520,EKONOS (Second Edition),2022.0,2.0,2.0,6.0,"[""Digital Implementations: Board Game Arena"", ""Digital Implementations: Tabletopia""]","[""Victor Catala""]",146,7.091673319296474,-0.0533084831023202,0,0,borderline,edition_title_no_structured_corroboration,title 'EKONOS (Second Edition)' contains edition pattern but no version/contained link or Game: family,borderline
369007,Scotland Yard: Sherlock Holmes Edition,2022.0,2.0,2.0,6.0,"[""Books: Mystery Novels"", ""Books: Sherlock Holmes"", ""Cities: London (England, UK)"", ""Country: England"", ""Misc: Watch It Played How To Videos"", ""Players: One versus Many""]","[""Werner Schlegel"", ""Werner Scheerer"", ""Dorothy Garrels"", ""Wolf Hoermann"", ""Fritz Ifland"", ""Manfred Burggraf""]",173,7.36718649497238,0.2025873054707059,0,0,borderline,edition_title_no_structured_corroboration,title 'Scotland Yard: Sherlock Holmes Edition' contains edition pattern but no version/contained link or Game: family,borderline
393179,Shipyard (Second Edition),2023.0,3.2581,1.0,4.0,"[""Digital Implementations: Triqqy"", ""Mechanism: Purchase Additonal Actions""]","[""Vladim\u00edr Such\u00fd""]",549,7.988607076578888,-0.0927022514796105,0,0,borderline,edition_title_no_structured_corroboration,title 'Shipyard (Second Edition)' contains edition pattern but no version/contained link or Game: family,borderline
3133,Captain Park's Imaginary Polar Expedition,2002.0,1.5472,3.0,7.0,"[""Digital Implementations: VASSAL"", ""History: Age of Discovery""]","[""James Ernest""]",373,6.210206460909722,0.0539620186847553,0,0,borderline,edition_title_no_structured_corroboration,title 'Captain Park's Imaginary Polar Expedition' contains edition pattern but no version/contained link or Game: family,borderline
6209,Mag·Blast (Second Edition),2002.0,1.5455,2.0,8.0,[],"[""Anders M. Petersen"", ""Christian T. Petersen""]",696,6.549299115994039,0.3793515112671652,0,0,borderline,edition_title_no_structured_corroboration,title 'Mag·Blast (Second Edition)' contains edition pattern but no version/contained link or Game: family,borderline
15046,Monopoly: Star Wars Saga Edition,2005.0,1.7143,2.0,8.0,"[""Admin: Better Description Needed!"", ""Game: Monopoly (Official)"", ""Movies: Star Wars""]","[""Will Creech""]",393,5.232900092548548,-0.5360664958824346,0,0,borderline,edition_Game_family_possible,families Game: Monopoly (Official) + designer 0 year 0 weight 0.04 vs base 18901 title 'Monopoly: Star Wars Saga Edition' but weight/year diff larger or no link,borderline
22161,WestFront II: The War in Europe 1943-45 – Second Edition,2006.0,3.3611,2.0,2.0,"[""Components: Block Wargames"", ""Players: Two-Player Only Games"", ""Series: Front Series II (Columbia)""]","[""Craig Besinque""]",184,8.142218568269248,0.7279524763920371,0,0,borderline,edition_title_no_structured_corroboration,title 'WestFront II: The War in Europe 1943-45 – Second Edition' contains edition pattern but no version/contained link or Game: family,borderline
24764,Monopoly: The Mega Edition,2006.0,2.0556,2.0,8.0,"[""Cities: Atlantic City (New Jersey, USA)"", ""Game: Monopoly (Official)""]","[""Phil Orbanes Sr.""]",545,5.8511545503671005,-0.6821411975637837,0,0,borderline,edition_Game_family_possible,families Game: Monopoly (Official) + designer 1 year 6 weight 0.59 vs base 684 title 'Monopoly: The Mega Edition' but weight/year diff larger or no link,borderline
104527,The Game of Life Adventure Edition,2011.0,1.0,2.0,6.0,"[""Game: Game of Life""]",[],122,4.88746407067194,-0.987583898994969,0,0,borderline,edition_Game_family_possible,families Game: Game of Life + designer 0 year 1 weight 0.10 vs base 88691 title 'The Game of Life Adventure Edition' but weight/year diff larger or no link,borderline
104710,Wiz-War (Eighth Edition),2012.0,2.3187,2.0,4.0,"[""Components: Miniatures"", ""Components: Polyhedral (not D6) dice"", ""Creatures: Dragons"", ""Creatures: Monsters"", ""Theme: Wizards""]","[""Kevin Wilson"", ""Tom Jolly""]",4974,7.364979014389219,0.1091699390480265,0,0,borderline,edition_title_no_structured_corroboration,title 'Wiz-War (Eighth Edition)' contains edition pattern but no version/contained link or Game: family,borderline
156943,Saint Petersburg (Second Edition),2014.0,2.6667,2.0,5.0,"[""Cities: Saint Petersburg (Russia)"", ""Country: Russia"", ""Crowdfunding: Spieleschmiede"", ""Digital Implementations: BrettspielWelt"", ""Game: Saint Petersburg""]","[""Karl-Heinz Schmiel"", ""Bernd Brunnhofer""]",3430,7.953565139774272,0.5459583902991225,0,0,borderline,edition_Game_family_possible,families Game: Saint Petersburg + designer 1 year 10 weight 0.23 vs base 9217 title 'Saint Petersburg (Second Edition)' but weight/year diff larger or no link,borderline
179460,Stronghold: 2nd edition,2015.0,3.7143,2.0,2.0,"[""Components: Wooden pieces & boards"", ""Digital Implementations: Tabletopia"", ""Players: Two-Player Only Games"", ""Theme: Siege""]","[""Ignacy Trzewiczek""]",1728,7.837056431269265,-0.0200203222879293,0,0,borderline,edition_title_no_structured_corroboration,title 'Stronghold: 2nd edition' contains edition pattern but no version/contained link or Game: family,borderline
180616,Ascension: Year Two Collector's Edition,2015.0,3.0,1.0,6.0,"[""Game: Ascension Deck Building"", ""Players: Games with Solitaire Rules""]","[""Brian M. Kibler"", ""Robert Dougherty"", ""John Fiorillo"", ""Justin Gary""]",281,7.955360516004284,0.8825552299592134,0,0,borderline,edition_Game_family_possible,families Game: Ascension Deck Building + designer 4 year 5 weight 0.86 vs base 69789 title 'Ascension: Year Two Collector's Edition' but weight/year diff larger or no link,borderline
191475,Wizard: Jubiläumsedition,2016.0,1.9474,3.0,6.0,"[""Creatures: Dwarves & Gnomes"", ""Creatures: Fairies / Elves / Pixies"", ""Series: Amigo Anniversary Rubber-Band Games"", ""Series: Wizard (Amigo)"", ""Theme: Wizards""]","[""Ken Fisher""]",562,7.857703726761505,0.9302893483260384,0,0,borderline,edition_title_no_structured_corroboration,title 'Wizard: Jubiläumsedition' contains edition pattern but no version/contained link or Game: family,borderline
249889,Shipwrights of the North Sea (Second Edition),2017.0,2.4545,2.0,5.0,"[""Region: North Sea"", ""Series: Medieval Trilogies (Garphill Games)"", ""Series: The North Sea Trilogy (Garphill Games)"", ""Theme: Vikings""]","[""Shem Phillips""]",204,6.830053681979424,-0.1824939156149474,0,0,borderline,edition_title_no_structured_corroboration,title 'Shipwrights of the North Sea (Second Edition)' contains edition pattern but no version/contained link or Game: family,borderline
252526,Pictomania (Second Edition),2018.0,1.4386,3.0,6.0,"[""Mechanism: Drawing""]","[""Vlaada Chv\u00e1til""]",2397,7.963980904151993,0.975789282552788,0,0,borderline,edition_title_no_structured_corroboration,title 'Pictomania (Second Edition)' contains edition pattern but no version/contained link or Game: family,borderline
272682,Expedition to Newdale,2019.0,3.0135,1.0,4.0,"[""Mechanism: Campaign Games"", ""Setting: Longsdale (Lookout Games)""]","[""Alexander Pfister""]",1878,7.776899651486316,0.0544113771244596,0,0,borderline,edition_title_no_structured_corroboration,title 'Expedition to Newdale' contains edition pattern but no version/contained link or Game: family,borderline
296605,Adventure of D (Second Edition),2020.0,2.4286,1.0,3.0,"[""Players: Games with Solitaire Rules"", ""Series: D (JD Games)""]","[""Jack Darwid""]",143,7.348612556192075,0.2170919998414042,0,0,borderline,edition_title_no_structured_corroboration,title 'Adventure of D (Second Edition)' contains edition pattern but no version/contained link or Game: family,borderline
325348,Successors (Fourth Edition),2021.0,4.1311,2.0,5.0,"[""History: Wars of the Diadochi and Syrian Wars"", ""Ancient: Greece"", ""Components: Map (Continental / National scale)"", ""Crowdfunding: Kickstarter"", ""Digital Implementations: Tabletopia"", ""Region: Mediterranean Sea"", ""Region: Middle East"", ""War Level of Command: Strategic""]","[""Mark Simonitch"", ""Richard H. Berg""]",759,8.370060534703914,-0.2959020449289511,0,0,borderline,edition_title_no_structured_corroboration,title 'Successors (Fourth Edition)' contains edition pattern but no version/contained link or Game: family,borderline
356907,Mascarade (Second Edition),2021.0,1.4167,4.0,12.0,"[""Digital Implementations: Board Game Arena""]","[""Bruno Faidutti""]",363,6.957883569686985,0.0729167931031815,0,0,borderline,edition_title_no_structured_corroboration,title 'Mascarade (Second Edition)' contains edition pattern but no version/contained link or Game: family,borderline
358504,Betrayal at House on the Hill: 3rd Edition,2022.0,2.354,3.0,6.0,"[""Category: Dungeon Crawler"", ""Players: One versus Many"", ""Series: Betrayal (Avalon Hill)"", ""Theme: Spooky Old Houses""]","[""Jabari Weathers"", ""Bruce Glassco"", ""Dave Chalker"", ""Noah Cohen"", ""Will Sobel"", ""Banana Chan"", ""Brian Neff""]",2576,7.422122641200785,-0.2562855963236767,0,0,borderline,edition_title_no_structured_corroboration,title 'Betrayal at House on the Hill: 3rd Edition' contains edition pattern but no version/contained link or Game: family,borderline
417426,Rogue Dungeon: 2nd Edition,2024.0,2.1176,1.0,3.0,"[""Category: Dungeon Crawler"", ""Crowdfunding: Kickstarter"", ""Players: Games with Solitaire Rules""]","[""Chad Randall Maniccia"", ""Albert Danysh""]",117,8.223808433755826,0.8791059385250914,0,0,borderline,edition_title_no_structured_corroboration,title 'Rogue Dungeon: 2nd Edition' contains edition pattern but no version/contained link or Game: family,borderline
422332,Star Wars: The Deckbuilding Game – Clone Wars Edition,2024.0,2.2903,2.0,2.0,"[""Fictional Events: Clone Wars"", ""Movies: Star Wars"", ""Players: Two-Player Only Games""]","[""Frank Brooks"", ""Caleb Grace""]",584,8.335319398990773,0.8308629540299215,0,0,borderline,edition_title_no_structured_corroboration,title 'Star Wars: The Deckbuilding Game – Clone Wars Edition' contains edition pattern but no version/contained link or Game: family,borderline
9782,Battle of the Bands: Encore Edition,2004.0,1.625,2.0,4.0,[],"[""Dan Smith""]",158,6.398227292635675,0.4414653139661828,0,0,borderline,edition_title_no_structured_corroboration,title 'Battle of the Bands: Encore Edition' contains edition pattern but no version/contained link or Game: family,borderline
12544,Dungeons & Dragons Adventure Game: Diablo II Edition,2000.0,2.4286,2.0,6.0,"[""Setting: Dungeons & Dragons""]","[""Jeff Grubb"", ""Bill Slavicsek""]",127,5.703242293405887,-0.488624484750642,0,0,borderline,edition_title_no_structured_corroboration,title 'Dungeons & Dragons Adventure Game: Diablo II Edition' contains edition pattern but no version/contained link or Game: family,borderline
12891,Friedrich: Anniversary Edition,2004.0,3.1299,3.0,4.0,"[""Cities: Berlin (Germany)"", ""Cities: Hanover (Lower Saxony, Germany)"", ""Components: Map (Continental / National scale)"", ""Continents: Europe"", ""Country: Austria"", ""Country: France"", ""Country: Germany"", ""Country: Prussia"", ""Country: Russia"", ""Country: Sweden"", ""Digital Implementations: Rally the Troops"", ""History: Age of Kings"", ""History: Seven Years War"", ""Players: One versus Many"", ""Series: Friedrich/Maria (Histogame)"", ""War Level of Command: Strategic""]","[""Richard Siv\u00e9l""]",2874,8.046473651646297,0.2735173257863206,0,0,borderline,edition_title_no_structured_corroboration,title 'Friedrich: Anniversary Edition' contains edition pattern but no version/contained link or Game: family,borderline
23107,Drakon (Third Edition),2006.0,1.8138,2.0,6.0,"[""Creatures: Dragons"", ""Game: Drakon"", ""Series: Fantasy Flight Silver Line""]","[""Tom Jolly""]",2742,6.722726367096481,0.0472640762024489,0,0,borderline,edition_title_Game_family_no_base,title 'Drakon (Third Edition)' + Game: Drakon but no other game with same family found,borderline
23258,Expedition Altiplano,2006.0,1.9444,2.0,2.0,"[""Country: Peru"", ""Players: Two-Player Only Games"", ""Series: Duo Collection (Matagot)"", ""Theme: Archaeology / Paleontology""]","[""Christian Martinez""]",195,6.248073148728386,0.0551733288762452,0,0,borderline,edition_title_no_structured_corroboration,title 'Expedition Altiplano' contains edition pattern but no version/contained link or Game: family,borderline
92497,Pass the Pigs: Pig Party Edition,2011.0,1.0,2.0,4.0,"[""Animals: Pigs"", ""Containers: Zippered Pouch"", ""Game: Pass the Pigs""]",[],225,5.614580089429163,-0.466583360016509,0,0,borderline,edition_title_Game_family_no_corroboration,"title 'Pass the Pigs: Pig Party Edition' contains edition pattern + families Game: Pass the Pigs but no version/contained link, designer overlap 0",borderline
131261,Risk: StarCraft Collector's Edition,2012.0,2.2174,2.0,6.0,"[""Game: Risk (Official)"", ""Versions & Editions: Versions with IP after the original release"", ""Video Game Theme: StarCraft""]",[],456,6.453781406312466,-0.408312501848302,0,0,borderline,edition_Game_family_possible,families Game: Risk (Official) + designer 0 year 0 weight 0.20 vs base 126789 title 'Risk: StarCraft Collector's Edition' but weight/year diff larger or no link,borderline
130552,Warhammer: The Game of Fantasy Battles (8th Edition),2010.0,4.3571,2.0,2.0,"[""Players: Two-Player Only Games"", ""Setting: Warhammer Fantasy Wargames""]","[""Jeremy Vetock"", ""Graham Davey"", ""Matthew Ward"", ""Robin Cruddace"", ""Andy Hoare"", ""Phil Kelly"", ""Andrew Kenrick"", ""Jervis Johnson"", ""Alessio Cavatore""]",434,7.65740566819319,-0.3381928466704753,0,0,borderline,edition_title_no_structured_corroboration,title 'Warhammer: The Game of Fantasy Battles (8th Edition)' contains edition pattern but no version/contained link or Game: family,borderline
147537,Malifaux (Second Edition),2013.0,3.6562,2.0,2.0,"[""Players: Two-Player Only Games"", ""Players: Wargames with Rules Supporting Only Two Players"", ""Theme: Steampunk""]","[""Matt Anderson"", ""Dan Weber"", ""Redd Cohen"", ""Mack Martin"", ""Aaron Darland"", ""Eric Johns"", ""Justin Gibbs"", ""David Hanold"", ""Nathan Caroland""]",399,8.221051469976173,0.6383883273568038,0,0,borderline,edition_title_no_structured_corroboration,title 'Malifaux (Second Edition)' contains edition pattern but no version/contained link or Game: family,borderline
166669,San Juan (Second Edition),2014.0,2.0962,2.0,4.0,"[""Components: Multi-Use Cards"", ""Country: Puerto Rico"", ""Digital Implementations: Google Play"", ""Digital Implementations: Yucata"", ""Game: Puerto Rico"", ""Mechanism: Tableau Building"", ""Series: Alea Medium Box"", ""Series: Alea Very Small Box"", ""Theme: Colonial"", ""Versions & Editions: Card Versions of Non-Card Games""]","[""Andreas Seyfarth""]",7504,7.826762899328306,0.5218632868869602,0,0,borderline,edition_Game_family_possible,families Game: Puerto Rico + designer 1 year 3 weight 1.13 vs base 108687 title 'San Juan (Second Edition)' but weight/year diff larger or no link,borderline
174852,Pandánte (Second Edition),2015.0,2.1,2.0,6.0,"[""Animals: Pandas"", ""Crowdfunding: Kickstarter""]","[""David Sirlin""]",187,7.504849515044286,0.8105194285250477,0,0,borderline,edition_title_no_structured_corroboration,title 'Pandánte (Second Edition)' contains edition pattern but no version/contained link or Game: family,borderline
175095,Dawn of the Zeds (Third Edition),2016.0,3.8022,1.0,5.0,"[""Category: Tower Defense"", ""Creatures: Zombies"", ""Crowdfunding: Kickstarter"", ""Digital Implementations: TableTop Simulator Mod (TTS)"", ""Digital Implementations: Tabletopia"", ""Digital Implementations: VASSAL"", ""Players: Games with Solitaire Rules"", ""Series: States of Siege""]","[""Hermann Luttmann""]",2802,8.361093569414063,0.0682361428316866,0,0,borderline,edition_title_no_structured_corroboration,title 'Dawn of the Zeds (Third Edition)' contains edition pattern but no version/contained link or Game: family,borderline
187926,Islebound: Kickstarter Edition,2016.0,3.0,2.0,4.0,"[""Crowdfunding: Kickstarter"", ""Islands: Fictional"", ""Setting: World of Arzium""]","[""Ryan Laukat""]",178,7.710949379739339,0.5864202423062119,0,0,borderline,kickstarter_edition_no_Game_family,"title 'Islebound: Kickstarter Edition' contains kickstarter/edition but no Game: family, no link",borderline
222988,Helionox: Deluxe Edition,2017.0,2.6111,1.0,4.0,"[""Crowdfunding: Kickstarter"", ""Digital Implementations: Tabletopia"", ""Players: Games with Solitaire Rules""]","[""Taran Lewis Kratz""]",508,7.459979628042209,0.2534120137010855,0,0,borderline,edition_title_no_structured_corroboration,title 'Helionox: Deluxe Edition' contains edition pattern but no version/contained link or Game: family,borderline
229427,"Warhammer 40,000 (Eighth Edition)",2017.0,3.45,2.0,12.0,"[""Game: Warhammer 40,000 (Eighth Edition)"", ""Setting: Warhammer 40,000 Wargames""]",[],432,7.604294010608135,-0.0960430657474313,0,0,borderline,edition_title_Game_family_no_base,"title 'Warhammer 40,000 (Eighth Edition)' + Game: Warhammer 40,000 (Eighth Edition) but no other game with same family found",borderline
256422,Warhammer Age of Sigmar (Second Edition) Core Rules,2018.0,3.2222,2.0,2.0,"[""Players: Two-Player Only Games"", ""Setting: Age of Sigmar""]",[],181,7.767158056249626,0.0668158845281903,0,0,borderline,edition_title_no_structured_corroboration,title 'Warhammer Age of Sigmar (Second Edition) Core Rules' contains edition pattern but no version/contained link or Game: family,borderline
280501,Three-Dragon Ante: Legendary Edition,2019.0,2.0,2.0,6.0,"[""Creatures: Dragons"", ""Mechanism: Tableau Building"", ""Setting: Dungeons & Dragons"", ""Versions & Editions: Board Game Versions of Role-Playing Games""]","[""Rob Heinsoo""]",479,7.245962474614962,0.310161042363247,0,0,borderline,edition_title_no_structured_corroboration,title 'Three-Dragon Ante: Legendary Edition' contains edition pattern but no version/contained link or Game: family,borderline
283317,The 7th Continent: Classic Edition,2019.0,3.1818,1.0,4.0,"[""Components: Miniatures"", ""Mechanism: Campaign Games"", ""Players: Games with Solitaire Rules"", ""Series: The 7th Continent""]","[""Ludovic Roudy"", ""Bruno Sautter""]",1632,7.7273914425182175,-0.0585066446345328,0,0,borderline,edition_title_no_structured_corroboration,title 'The 7th Continent: Classic Edition' contains edition pattern but no version/contained link or Game: family,borderline
322543,Don't Get Got!: Shut Up & Sit Down Special Edition,2021.0,1.2,2.0,10.0,[],"[""Zoe Lee"", ""James A. Vaughan""]",491,7.517417887278017,0.7684292385969469,0,0,borderline,edition_title_no_structured_corroboration,title 'Don't Get Got!: Shut Up & Sit Down Special Edition' contains edition pattern but no version/contained link or Game: family,borderline
340834,Gravwell: 2nd Edition,2021.0,1.9375,2.0,6.0,"[""Space: Asteroids""]","[""Corey Young""]",578,7.449778683913784,0.2217331254432979,0,0,borderline,edition_title_no_structured_corroboration,title 'Gravwell: 2nd Edition' contains edition pattern but no version/contained link or Game: family,borderline
353942,Santa's Workshop (Second Edition),2023.0,2.125,2.0,5.0,"[""Creatures: Fairies / Elves / Pixies"", ""Crowdfunding: Kickstarter"", ""Holidays: Christmas""]","[""Keith Ferguson""]",600,7.825123285490542,0.2638036079927586,0,0,borderline,edition_title_no_structured_corroboration,title 'Santa's Workshop (Second Edition)' contains edition pattern but no version/contained link or Game: family,borderline
4192,Warhammer: The Mass Combat Fantasy Roleplaying Game (1st Edition),1983.0,3.6854,2.0,4.0,"[""Players: Wargames with Rules Supporting Only Two Players"", ""Setting: Warhammer Fantasy Wargames""]","[""Bryan Ansell"", ""Rick Priestley"", ""Richard Halliwell""]",2232,6.865305884413665,-0.7239058356324257,0,0,borderline,edition_title_no_structured_corroboration,title 'Warhammer: The Mass Combat Fantasy Roleplaying Game (1st Edition)' contains edition pattern but no version/contained link or Game: family,borderline
10156,The Russian Campaign: 4th Edition,2003.0,2.9024,2.0,2.0,"[""Country: Belarus"", ""Country: Russia"", ""History: World War II (Eastern Front)"", ""Players: Two-Player Only Games"", ""War Battlespace: Land Warfare"", ""War Level of Command: Strategic""]","[""John Edwards""]",265,7.938715146399343,0.6694207375754475,0,0,borderline,edition_title_no_structured_corroboration,title 'The Russian Campaign: 4th Edition' contains edition pattern but no version/contained link or Game: family,borderline
10174,Bitter Woods Deluxe Edition,2003.0,3.0769,2.0,4.0,"[""Digital Implementations: VASSAL"", ""History: World War II (Battle of the Bulge)"", ""Players: Wargames with Rules Supporting Only Two Players"", ""War Battlespace: Land Warfare""]","[""Randy Heller""]",281,7.93876059097591,0.635838155019588,0,0,borderline,edition_title_no_structured_corroboration,title 'Bitter Woods Deluxe Edition' contains edition pattern but no version/contained link or Game: family,borderline
44338,Ninja Burger: Secret Ninja Death Touch Edition,2009.0,1.8462,3.0,6.0,"[""Food & Drink: Burgers"", ""Theme: Ninjas""]","[""Steve Jackson (I)""]",165,6.335730296897549,0.1868914563444201,0,0,borderline,edition_title_no_structured_corroboration,title 'Ninja Burger: Secret Ninja Death Touch Edition' contains edition pattern but no version/contained link or Game: family,borderline
56406,Activity Club-Edition,2002.0,1.1429,3.0,16.0,"[""Series: Activity (Piatnik)""]","[""Paul Catty"", ""Ulrike Catty"", ""Maria F\u00fchrer""]",163,5.864216484404556,0.099837472428871,0,0,borderline,edition_title_no_structured_corroboration,title 'Activity Club-Edition' contains edition pattern but no version/contained link or Game: family,borderline
71074,Expedition: Northwest Passage – HMS Terror Edition,2013.0,2.6774,1.0,4.0,"[""Country: Canada"", ""Digital Implementations: Board Game Arena"", ""Islands: Greenland (Denmark)"", ""Organizations: Forgenext"", ""Organizations: The Game Artisans of Canada"", ""Players: Games with Solitaire Rules"", ""Region: Arctic"", ""Region: Arctic Ocean"", ""Theme: Seasons of the year""]","[""Yves Tourigny""]",2086,7.444943104230202,0.2528986031192879,0,0,borderline,edition_title_no_structured_corroboration,title 'Expedition: Northwest Passage – HMS Terror Edition' contains edition pattern but no version/contained link or Game: family,borderline
109125,Wallenstein (Second Edition),2012.0,3.23,3.0,5.0,"[""Components: Drop Tower"", ""Country: Germany"", ""Crowdfunding: Kickstarter"", ""History: Thirty Years War""]","[""Dirk Henn""]",1371,8.083348004033729,0.6819104609237367,0,0,borderline,edition_title_no_structured_corroboration,title 'Wallenstein (Second Edition)' contains edition pattern but no version/contained link or Game: family,borderline
134520,Phantom Leader: Deluxe Edition,2013.0,2.6341,1.0,1.0,"[""Country: USA"", ""Players: Games with Solitaire Rules"", ""Players: Solitaire Only Games"", ""Players: Solitaire Only Wargames"", ""Players: Wargames with Solitaire Rules"", ""Series: Leader (DVG)""]","[""Dan Verssen""]",533,8.096561894643822,0.6439430941064384,0,0,borderline,edition_title_no_structured_corroboration,title 'Phantom Leader: Deluxe Edition' contains edition pattern but no version/contained link or Game: family,borderline
161782,Kremlin (Third Edition),2014.0,2.3,2.0,6.0,"[""Country: Russia"", ""Country: Soviet Union"", ""Crowdfunding: Kickstarter"", ""Decades: The 1920's"", ""Decades: The 1960's""]","[""Urs Hostettler""]",224,7.420116248610406,0.7368593236939338,0,0,borderline,edition_title_no_structured_corroboration,title 'Kremlin (Third Edition)' contains edition pattern but no version/contained link or Game: family,borderline
175707,Apex Theropod Deck-Building Game: Exotic Predators Limited Edition,2014.0,2.625,1.0,8.0,"[""Animals: Dinosaurs"", ""Crowdfunding: Kickstarter"", ""Players: Games with Solitaire Rules""]","[""Herschel Hoffmeyer""]",133,7.556654252126711,0.7300467884856845,0,0,borderline,edition_title_no_structured_corroboration,title 'Apex Theropod Deck-Building Game: Exotic Predators Limited Edition' contains edition pattern but no version/contained link or Game: family,borderline
175739,Pictopia: Disney Edition,2014.0,1.0,2.0,6.0,"[""Brands: Disney"", ""Trivia: Disney"", ""Versions & Editions: Disney Theme Park Editions""]","[""Rob Stoddard""]",300,5.524697705500508,-0.2732890787533293,0,0,borderline,edition_title_no_structured_corroboration,title 'Pictopia: Disney Edition' contains edition pattern but no version/contained link or Game: family,borderline
181530,Runebound (Third Edition),2015.0,2.7202,2.0,4.0,"[""Components: Dice with Icons"", ""Components: Map (Continental / National scale)"", ""Components: Miniatures"", ""Mechanism: Tableau Building"", ""Occupation: Adventurer / Explorer"", ""Series: Runebound (Fantasy Flight Games)"", ""Setting: The Realms of Terrinoth"", ""Theme: Wizards""]","[""Lukas Litzsinger""]",6058,7.679515351236922,0.1197687796498438,0,0,borderline,edition_title_no_structured_corroboration,title 'Runebound (Third Edition)' contains edition pattern but no version/contained link or Game: family,borderline
183508,Monopoly: Fallout Collector's Edition,2015.0,1.6,2.0,6.0,"[""Theme: Retro""]","[""(Uncredited)""]",133,5.373146142921419,-0.9787828701930188,0,0,borderline,edition_title_no_structured_corroboration,title 'Monopoly: Fallout Collector's Edition' contains edition pattern but no version/contained link or Game: family,borderline
212956,Room 25 Ultimate,2016.0,2.1429,1.0,8.0,[],"[""Fran\u00e7ois Rouz\u00e9""]",873,7.595697657822653,1.0508678343583249,0,0,borderline,edition_title_no_structured_corroboration,title 'Room 25 Ultimate' contains edition pattern but no version/contained link or Game: family,borderline
214996,"Silver Bayonet: The First Team in Vietnam, 1965 (25th Anniversary Edition)",2016.0,3.9,1.0,2.0,"[""Country: Vietnam"", ""Decades: The 1960's"", ""History: Vietnam War"", ""Series: Operational System (GMT)""]","[""Gene Billingsley"", ""Mitchell Land""]",338,8.13846168850629,0.0861524989334672,0,0,borderline,edition_title_no_structured_corroboration,"title 'Silver Bayonet: The First Team in Vietnam, 1965 (25th Anniversary Edition)' contains edition pattern but no version/contained link or Game: family",borderline
209672,Pecunia non olet (Second Edition),2016.0,1.8,2.0,6.0,"[""Ancient: Rome"", ""Theme: Excrements / Feces / Poop / Urine"", ""Theme: Toilets / Urinals""]","[""Christian Fiore"", ""Knut Happel""]",160,6.8808830632478175,0.5314323310091398,0,0,borderline,edition_title_no_structured_corroboration,title 'Pecunia non olet (Second Edition)' contains edition pattern but no version/contained link or Game: family,borderline
254123,Shadowrun: Crossfire – Prime Runner Edition,2018.0,3.0,1.0,4.0,"[""Mechanism: Campaign Games"", ""Mechanism: Legacy"", ""Setting: Shadowrun"", ""Theme: Cyberpunk"", ""Versions & Editions: Board Game Versions of Role-Playing Games""]","[""Jay Schneider"", ""Gregory Marques"", ""Rob Heinsoo"", ""Mike Elliott""]",682,7.784467309266831,0.2518095870347894,0,0,borderline,edition_title_no_structured_corroboration,title 'Shadowrun: Crossfire – Prime Runner Edition' contains edition pattern but no version/contained link or Game: family,borderline
262818,The Cousins' War (Second Edition),2018.0,2.1176,2.0,2.0,"[""Components: Map (Continental / National scale)"", ""Components: Wooden pieces & boards"", ""Country: England"", ""Country: Scotland"", ""Crowdfunding: Gamefound"", ""History: Wars of the Roses"", ""Players: Two-Player Only Games"", ""Players: Wargames with Rules Supporting Only Two Players"", ""Series: Pocket Campaigns (Surprised Stare Games)""]","[""David J. Mortimer""]",374,7.517571889135652,0.2019369488256064,0,0,borderline,edition_title_no_structured_corroboration,title 'The Cousins' War (Second Edition)' contains edition pattern but no version/contained link or Game: family,borderline
299659,Clash of Cultures: Monumental Edition,2021.0,3.7446,2.0,4.0,"[""Ancient: Mesopotamia"", ""Components: Hexagonal Tiles"", ""Components: Miniatures"", ""Game: Clash of Cultures"", ""Mechanism: 4X"", ""Versions & Editions: Big Box Versions of Individual Games""]","[""Christian Marcussen""]",4164,8.71348890858617,0.3198815175938314,0,0,borderline,edition_Game_family_possible,families Game: Clash of Cultures + designer 1 year 9 weight 0.13 vs base 40765 title 'Clash of Cultures: Monumental Edition' but weight/year diff larger or no link,borderline
331190,Meeples & Monsters: Kickstarter Edition,2022.0,2.3333,1.0,4.0,"[""Crowdfunding: Kickstarter"", ""Digital Implementations: TableTop Simulator Mod (TTS)""]","[""Ole Steiness""]",544,7.207648770002692,-0.251130621288711,0,0,borderline,kickstarter_edition_no_Game_family,"title 'Meeples & Monsters: Kickstarter Edition' contains kickstarter/edition but no Game: family, no link",borderline
6503,Harpoon: Captain's Edition,1990.0,2.4348,2.0,4.0,"[""Country: Soviet Union"", ""Country: USA"", ""Series: Harpoon (GDW & Admiralty Trilogy Group""]","[""Larry Bond""]",124,6.297104971021908,-0.3018094452960094,0,0,borderline,edition_title_no_structured_corroboration,title 'Harpoon: Captain's Edition' contains edition pattern but no version/contained link or Game: family,borderline
76436,Bismarck (Second Edition),1978.0,3.2059,2.0,2.0,"[""Mechanism: Hidden Movement"", ""Players: Two-Player Only Games"", ""Region: Atlantic Ocean"", ""Theme: Weather"", ""War Battlespace: Naval warfare"", ""War Level of Command: Operational"", ""War Level of Command: Tactical""]","[""Jack Greene""]",254,7.010154344942575,-0.1127838045941187,0,0,borderline,edition_title_no_structured_corroboration,title 'Bismarck (Second Edition)' contains edition pattern but no version/contained link or Game: family,borderline
140620,Lewis & Clark: The Expedition,2013.0,3.3183,1.0,5.0,"[""Components: Multi-Use Cards"", ""Digital Implementations: Board Game Arena"", ""Digital Implementations: Tabletopia"", ""Game: Lewis & Clark"", ""Historical Figures: Lewis & Clark"", ""History: Oregon Trail"", ""Mechanism: Tableau Building"", ""Players: Games with Solitaire Rules"", ""Theme: Native Americans / First Peoples""]","[""C\u00e9drick Chaboussit""]",15804,7.826782650337437,-0.1209428625988309,0,0,borderline,edition_Game_family_possible,families Game: Lewis & Clark + designer 1 year 2 weight 0.96 vs base 171669 title 'Lewis & Clark: The Expedition' but weight/year diff larger or no link,borderline
178054,A Study in Emerald (Second Edition),2015.0,2.9403,2.0,5.0,"[""Books: Sherlock Holmes"", ""Theme: Cthulhu Mythos""]","[""Martin Wallace""]",2751,7.331419356180849,-0.1703162599973602,0,0,borderline,edition_title_no_structured_corroboration,title 'A Study in Emerald (Second Edition)' contains edition pattern but no version/contained link or Game: family,borderline
178349,Empires at Sea: Deluxe Edition,2016.0,2.6667,2.0,5.0,"[""Components: Gems/Crystals"", ""Crowdfunding: Kickstarter""]","[""Zach Silverzweig"", ""Amy Silverzweig""]",113,6.684467605268029,-0.4559460174453402,0,0,borderline,edition_title_no_structured_corroboration,title 'Empires at Sea: Deluxe Edition' contains edition pattern but no version/contained link or Game: family,borderline
219621,Walk the Plank: Deluxe Edition,2017.0,1.2,3.0,5.0,"[""Creatures: Ghosts"", ""Crowdfunding: Kickstarter"", ""Series: Get Bit Trilogy (Mayday Games)"", ""Theme: Pirates""]","[""Jared Tinney"", ""Shane Steely""]",449,6.653631404111208,0.3541971736417721,0,0,borderline,edition_title_no_structured_corroboration,title 'Walk the Plank: Deluxe Edition' contains edition pattern but no version/contained link or Game: family,borderline
231942,Last Night on Earth: The Zombie Game – 10 Year Anniversary Edition,2017.0,2.7,2.0,6.0,"[""Components: Compact Discs (CDs)"", ""Creatures: Zombies"", ""Players: One versus Many"", ""Series: Last Night on Earth Game Engine (Flying Frog Production)""]","[""Jason C. Hill""]",269,7.964623853392851,0.8710561695113217,0,0,borderline,edition_title_no_structured_corroboration,title 'Last Night on Earth: The Zombie Game – 10 Year Anniversary Edition' contains edition pattern but no version/contained link or Game: family,borderline
241853,Museum: Kickstarter Edition,2019.0,2.3333,1.0,4.0,"[""Components: Game Trayz Inside"", ""Crowdfunding: Kickstarter"", ""Series: Museum (Holy Grail Games)"", ""Theme: Archaeology / Paleontology""]","[""Eric Dubus"", ""Olivier Melison""]",149,7.594837660289307,0.5684049461815475,0,0,borderline,kickstarter_edition_no_Game_family,"title 'Museum: Kickstarter Edition' contains kickstarter/edition but no Game: family, no link",borderline
247963,Fist of Dragonstones: The Tavern Edition,2018.0,2.0,3.0,6.0,"[""Components: Gems/Crystals"", ""Series: The Great Designers (Stronghold Games)""]","[""Bruno Faidutti"", ""Michael Schacht""]",145,6.935767487639042,0.1531664954490406,0,0,borderline,edition_title_no_structured_corroboration,title 'Fist of Dragonstones: The Tavern Edition' contains edition pattern but no version/contained link or Game: family,borderline
259571,Quarriors! Qultimate Quedition,2019.0,2.1667,2.0,4.0,"[""Series: Quarriors Pool Building system""]","[""Eric M. Lang"", ""Mike Elliott""]",334,7.848769524629266,0.8229805696129437,0,0,borderline,edition_title_no_structured_corroboration,title 'Quarriors! Qultimate Quedition' contains edition pattern but no version/contained link or Game: family,borderline
276779,Micro City (Second Edition),2020.0,1.9655,1.0,2.0,"[""Players: Games with Solitaire Rules"", ""Players: Two-Player Only Games"", ""Theme: City""]","[""Kamil Langie"", ""Micha\u0142 Jagodzi\u0144ski""]",589,6.858989279458242,-0.4150329093086258,0,0,borderline,edition_title_no_structured_corroboration,title 'Micro City (Second Edition)' contains edition pattern but no version/contained link or Game: family,borderline
329106,Fallen Land: A Post Apocalyptic Board Game – 2nd Edition,2023.0,3.8889,1.0,6.0,"[""Country: USA"", ""Crowdfunding: Kickstarter"", ""Theme: Post-Apocalyptic""]","[""Jon Lonngren"", ""Sean Cahill""]",159,8.47802357917602,0.5739435939994628,0,0,borderline,edition_title_no_structured_corroboration,title 'Fallen Land: A Post Apocalyptic Board Game – 2nd Edition' contains edition pattern but no version/contained link or Game: family,borderline
359065,Blitz Bowl: Ultimate Edition,2022.0,2.2727,2.0,2.0,"[""Admin: Better Description Needed!"", ""Game: Blood Bowl"", ""Players: Two-Player Only Games"", ""Series: Specialist Games (Games Workshop)"", ""Setting: Warhammer Fantasy Board Games"", ""Theme: Fantasy Sports""]",[],249,8.579050702178197,1.1272706247452433,0,0,borderline,edition_title_Game_family_no_corroboration,"title 'Blitz Bowl: Ultimate Edition' contains edition pattern + families Game: Blood Bowl but no version/contained link, designer overlap 0",borderline
369258,Isle of Skye: Big Box,2022.0,2.125,2.0,5.0,"[""Country: Scotland"", ""Game: Isle of Skye (Lookout Games)"", ""Versions & Editions: Big Box Versions of Individual Games""]","[""Andreas Pelikan"", ""Alexander Pfister""]",353,8.223449131645932,0.991550888242692,0,0,borderline,edition_Game_family_possible,families Game: Isle of Skye (Lookout Games) + designer 2 year 7 weight 0.13 vs base 176494 title 'Isle of Skye: Big Box' but weight/year diff larger or no link,borderline
369635,Between Two Cities Essential Edition,2022.0,1.7692,1.0,7.0,[],"[""Matthew O'Malley"", ""Ben Rosset""]",334,7.705679492919999,0.5969438872202337,0,0,borderline,edition_title_no_structured_corroboration,title 'Between Two Cities Essential Edition' contains edition pattern but no version/contained link or Game: family,borderline
386136,"Warhammer 40,000 (Tenth Edition)",2023.0,4.2,2.0,6.0,"[""Game: Warhammer 40,000 (Tenth Edition)"", ""Setting: Warhammer 40,000 Wargames""]",[],162,8.090259943860612,-0.4473715290021367,0,0,borderline,edition_title_Game_family_no_base,"title 'Warhammer 40,000 (Tenth Edition)' + Game: Warhammer 40,000 (Tenth Edition) but no other game with same family found",borderline
27961,Risk: Transformers – Cybertron Battle Edition,2007.0,1.8333,2.0,4.0,"[""Game: Risk (Official)"", ""Theme: Robots"", ""Toys: Transformers"", ""TV Shows: 80's Cartoons"", ""Versions & Editions: Versions with IP after the original release""]","[""(Uncredited)""]",493,5.323679367671147,-0.8936434169448404,0,0,borderline,edition_Game_family_possible,families Game: Risk (Official) + designer 0 year 1 weight 0.12 vs base 22254 title 'Risk: Transformers – Cybertron Battle Edition' but weight/year diff larger or no link,borderline
54625,Space Hulk (Third Edition),2009.0,2.7837,2.0,2.0,"[""Admin: Better Description Needed!"", ""Category: Dungeon Crawler"", ""Components: Sand Timers"", ""Game: Space Hulk"", ""Mechanism: Campaign Games"", ""Players: Two-Player Only Games"", ""Setting: Warhammer 40,000 Board Games""]","[""Richard Halliwell""]",6780,7.713062000154827,-0.1332342908197601,0,0,borderline,edition_Game_family_possible,families Game: Space Hulk + designer 1 year 20 weight 0.29 vs base 2163 title 'Space Hulk (Third Edition)' but weight/year diff larger or no link,borderline
107190,Flash Duel: Second Edition,2011.0,1.6102,1.0,5.0,"[""Admin: Better Description Needed!"", ""Players: Games with Solitaire Rules"", ""Series: Fantasy Strike (Sirlin)"", ""Theme: Anime / Manga"", ""Versions & Editions: More-Player Versions of Two-Player Games""]","[""David Sirlin""]",787,7.164036298332229,0.6656662858601781,0,0,borderline,edition_title_no_structured_corroboration,title 'Flash Duel: Second Edition' contains edition pattern but no version/contained link or Game: family,borderline
142638,Incredible Expeditions: Quest for Atlantis,2015.0,2.6923,1.0,5.0,"[""Crowdfunding: Kickstarter"", ""Game: Incredible Expeditions"", ""Mythology: Atlantis"", ""Theme: Cthulhu Mythos"", ""Theme: Steampunk""]","[""Liz Spain""]",149,6.0320274206624855,-0.7810209158614931,0,0,borderline,edition_title_Game_family_no_base,title 'Incredible Expeditions: Quest for Atlantis' + Game: Incredible Expeditions but no other game with same family found,borderline
157323,MBT (Second Edition),2016.0,3.9091,2.0,2.0,"[""Players: Two-Player Only Games"", ""Players: Wargames with Rules Supporting Only Two Players"", ""Series: Panzer game system (Yaquinto/Avalon Hill/GMT)"", ""War Level of Command: Tactical""]","[""James M. Day""]",256,8.063411724292202,0.0089163779552858,0,0,borderline,edition_title_no_structured_corroboration,title 'MBT (Second Edition)' contains edition pattern but no version/contained link or Game: family,borderline
192074,Odin's Ravens (Second Edition),2016.0,1.2353,2.0,2.0,"[""Animals: Birds"", ""Animals: Crows / Ravens / Magpies"", ""Crowdfunding: Kickstarter"", ""Mechanism: Card Line"", ""Mythology: Norse"", ""Players: Two-Player Only Games"", ""Theme: Vikings""]","[""Thorsten Gimmler""]",4228,7.2241696837428355,0.2448141974296449,0,0,borderline,edition_title_no_structured_corroboration,title 'Odin's Ravens (Second Edition)' contains edition pattern but no version/contained link or Game: family,borderline
245200,Heckmeck Deluxe,2018.0,1.2273,2.0,7.0,"[""Animals: Chickens / Roosters"", ""Animals: Worms"", ""Components: Meeples (Animal) / Animeeples"", ""Series: Heckmeck"", ""Series: The Chicken Family of Zoch"", ""Versions & Editions: Big Box Versions of Individual Games""]","[""Reiner Knizia""]",848,7.202876624949499,0.5548213844794434,0,0,borderline,edition_title_no_structured_corroboration,title 'Heckmeck Deluxe' contains edition pattern but no version/contained link or Game: family,borderline
250463,Stadt Land Vollpfosten: Classic Edition,2016.0,1.2727,2.0,10.0,"[""Series: Pim Pam Pet"", ""Traditional Games: Categories / Guggenheim""]",[],206,6.217240054490612,-0.0559938197161029,0,0,borderline,edition_title_no_structured_corroboration,title 'Stadt Land Vollpfosten: Classic Edition' contains edition pattern but no version/contained link or Game: family,borderline
266447,Greenland (Third Edition),2018.0,3.56,1.0,4.0,"[""Crowdfunding: Kickstarter"", ""Islands: Greenland (Denmark)"", ""Series: Dominata"", ""Theme: Inuit Peoples"", ""Theme: Native Americans / First Peoples"", ""Theme: Survival"", ""Theme: Vikings""]","[""Phil Eklund""]",583,7.60621252082978,-0.1384138042353448,0,0,borderline,edition_title_no_structured_corroboration,title 'Greenland (Third Edition)' contains edition pattern but no version/contained link or Game: family,borderline
304821,Animal Upon Animal: Christmas Edition,2020.0,1.0,2.0,4.0,"[""Game: Tier auf Tier"", ""Holidays: Christmas""]","[""Klaus Miltenberger""]",188,7.305023912799236,0.7305950866939614,0,0,borderline,edition_Game_family_possible,families Game: Tier auf Tier + designer 1 year 9 weight 0.00 vs base 111379 title 'Animal Upon Animal: Christmas Edition' but weight/year diff larger or no link,borderline
311464,Florenza: X Anniversary Edition,2020.0,3.6842,1.0,5.0,"[""Cities: Florence (Tuscany, Italy)"", ""Country: Italy"", ""Digital Implementations: TableTop Simulator Mod (TTS)"", ""Players: Games with Solitaire Rules"", ""Region: Tuscany (Italy)"", ""Theme: Art""]","[""P.S. Martensen"", ""Stefano Groppi""]",322,8.270386178614592,0.4793574386006689,0,0,borderline,edition_title_no_structured_corroboration,title 'Florenza: X Anniversary Edition' contains edition pattern but no version/contained link or Game: family,borderline
324941,Happy Little Dinosaurs: Exclusive Edition,2021.0,1.5,2.0,6.0,"[""Animals: Dinosaurs""]","[""Ramy Badie""]",111,6.259340650047993,-0.5835020382822185,0,0,borderline,edition_title_no_structured_corroboration,title 'Happy Little Dinosaurs: Exclusive Edition' contains edition pattern but no version/contained link or Game: family,borderline
325810,Ascension: 10 Year Anniversary Edition,2022.0,1.814,1.0,4.0,"[""Crowdfunding: Kickstarter"", ""Game: Ascension Deck Building"", ""Players: Games with Solitaire Rules""]","[""Justin Gary""]",840,7.973590898395578,0.663172382376219,0,0,borderline,edition_Game_family_possible,families Game: Ascension Deck Building + designer 1 year 0 weight 0.73 vs base 304531 title 'Ascension: 10 Year Anniversary Edition' but weight/year diff larger or no link,borderline
327242,Fossilis: Kickstarter Edition,2020.0,2.4,1.0,5.0,"[""Animals: Dinosaurs"", ""Components: 5 x 5 Grids"", ""Components: Game Trayz Inside"", ""Components: Tweezers"", ""Crowdfunding: Kickstarter"", ""Players: Games with Solitaire Rules""]","[""David Alberto Diaz""]",267,7.259279552166936,0.072427373342216,0,0,borderline,kickstarter_edition_no_Game_family,"title 'Fossilis: Kickstarter Edition' contains kickstarter/edition but no Game: family, no link",borderline
357726,51st State: Ultimate Edition,2023.0,2.7313,1.0,4.0,"[""Components: Multi-Use Cards"", ""Crowdfunding: Gamefound"", ""Game: 51st State"", ""Mechanism: Tableau Building"", ""Players: Games with Solitaire Rules"", ""Setting: Neuroshima"", ""Theme: Post-Apocalyptic"", ""Theme: Survival"", ""Versions & Editions: Big Box Versions of Individual Games""]","[""Ignacy Trzewiczek""]",1445,8.44950397745717,0.5392546511827181,0,0,borderline,edition_Game_family_possible,families Game: 51st State + designer 1 year 7 weight 0.16 vs base 192458 title '51st State: Ultimate Edition' but weight/year diff larger or no link,borderline
3958,Songburst: 70's & 80's Edition,1992.0,1.2,3.0,0.0,"[""Decades: The 1970's"", ""Decades: The 1980's"", ""Series: SongBurst (Hersch)"", ""Trivia: Music""]","[""Brian Hersch""]",134,5.806682654452702,-0.0889140821191336,0,0,borderline,edition_title_no_structured_corroboration,title 'Songburst: 70's & 80's Edition' contains edition pattern but no version/contained link or Game: family,borderline
4978,Warzone (Second Edition),1998.0,2.9333,2.0,8.0,"[""Game: Warzone"", ""Setting: Mutant Chronicles""]","[""John Grant (I)"", ""Patrick Casey"", ""Mike Murtha""]",143,6.651960594675917,-0.0558946823743395,0,0,borderline,edition_title_Game_family_no_corroboration,"title 'Warzone (Second Edition)' contains edition pattern + families Game: Warzone but no version/contained link, designer overlap 0",borderline
8432,Sorry! The Disney Edition,2001.0,1.0,2.0,4.0,"[""Brands: Disney"", ""Game: Sorry!"", ""Traditional Games: Pachisi / Ludo"", ""TV Shows: SpongeBob SquarePants""]","[""Michelle Duval""]",211,4.859903269064144,-0.6207438673086605,0,0,borderline,edition_Game_family_possible,families Game: Sorry! + designer 0 year 1 weight 0.00 vs base 13982 title 'Sorry! The Disney Edition' but weight/year diff larger or no link,borderline
37165,"Warhammer 40,000 (Fifth Edition)",2008.0,3.7363,2.0,12.0,"[""Game: Warhammer 40,000 (Fifth Edition)"", ""Setting: Warhammer 40,000 Wargames""]","[""Alessio Cavatore""]",1038,6.905353012577804,-0.5962070841463625,0,0,borderline,edition_title_Game_family_no_base,"title 'Warhammer 40,000 (Fifth Edition)' + Game: Warhammer 40,000 (Fifth Edition) but no other game with same family found",borderline
87904,Trivial Pursuit: Master Edition,2009.0,1.52,2.0,6.0,"[""Game: Trivial Pursuit""]",[],663,6.184762692648554,-0.2643960300700501,0,0,borderline,edition_Game_family_possible,families Game: Trivial Pursuit + designer 0 year 0 weight 0.04 vs base 43927 title 'Trivial Pursuit: Master Edition' but weight/year diff larger or no link,borderline
101786,Dust Tactics: Revised Core Set,2011.0,2.5641,2.0,4.0,"[""Game: Dust (Fantasy Flight Games)"", ""Theme: Mech Warfare""]",[],440,7.328092407519873,0.4901107339421662,0,0,borderline,edition_title_Game_family_no_corroboration,"title 'Dust Tactics: Revised Core Set' contains edition pattern + families Game: Dust (Fantasy Flight Games) but no version/contained link, designer overlap 0",borderline
155362,Ca$h 'n Guns: Second Edition,2014.0,1.25,4.0,8.0,"[""Components: Toy Guns / Pistols"", ""Game: Ca$h 'n Gun$"", ""Theme: Burglary and Heists"", ""Theme: Mystery / Crime""]","[""Ludovic Maublanc""]",15668,7.066267622912611,0.0138759661378573,0,0,borderline,edition_Game_family_possible,families Game: Ca$h 'n Gun$ + designer 1 year 7 weight 0.14 vs base 30324 title 'Ca$h 'n Guns: Second Edition' but weight/year diff larger or no link,borderline
165469,Council of Verona (Second Edition),2014.0,1.5882,2.0,5.0,"[""Authors: William Shakespeare"", ""Cities: Verona (Veneto, Italy)"", ""Country: Italy"", ""Promotional: Board Games""]","[""Michael Eskue""]",564,6.691227929781541,-0.0324611689229845,0,0,borderline,edition_title_no_structured_corroboration,title 'Council of Verona (Second Edition)' contains edition pattern but no version/contained link or Game: family,borderline
193927,Vanuatu (Second Edition),2016.0,3.2787,2.0,5.0,"[""Country: Vanuatu"", ""Crowdfunding: Kickstarter"", ""Region: Oceania"", ""Series: Master Print (Quined)"", ""Theme: Fishing / Angling""]","[""Alain Epron""]",1223,7.981098017607259,0.3591450460582752,0,0,borderline,edition_title_no_structured_corroboration,title 'Vanuatu (Second Edition)' contains edition pattern but no version/contained link or Game: family,borderline
233208,D-Day Dice (Second Edition),2019.0,2.1429,1.0,4.0,"[""Components: Dice with Icons"", ""Country: France"", ""Crowdfunding: Kickstarter"", ""Crowdfunding: Spieleschmiede"", ""Game: D-Day Dice"", ""Organizations: The Game Artisans of Canada"", ""Players: Games with Solitaire Rules"", ""Players: Wargames with Solitaire Rules"", ""Series: RWB System""]","[""Emmanuel Aquin""]",1305,7.589621826118519,-0.2309331982143287,0,0,borderline,edition_Game_family_possible,families Game: D-Day Dice + designer 1 year 1 weight 1.02 vs base 247567 title 'D-Day Dice (Second Edition)' but weight/year diff larger or no link,borderline
236191,London (Second Edition),2017.0,2.7229,2.0,4.0,"[""Cities: London (England, UK)"", ""Country: United Kingdom"", ""Mechanism: Tableau Building"", ""Misc: LongPack Games""]","[""Martin Wallace""]",7212,7.914568078141809,0.1448224520505601,0,0,borderline,edition_title_no_structured_corroboration,title 'London (Second Edition)' contains edition pattern but no version/contained link or Game: family,borderline
279643,The Island of El Dorado: Legend Edition,2020.0,2.2857,1.0,8.0,"[""Crowdfunding: Kickstarter""]","[""Daniel Aronson""]",124,7.11386322885669,0.0880399987266535,0,0,borderline,edition_title_no_structured_corroboration,title 'The Island of El Dorado: Legend Edition' contains edition pattern but no version/contained link or Game: family,borderline
280106,Britannia: Classic and New Duel Edition,2020.0,3.4444,2.0,4.0,"[""Components: Map (Continental / National scale)"", ""History: Roman Britain"", ""Series: Britannia Game System""]","[""Lewis Pulsipher""]",128,7.79384125731576,-0.1663022275690746,0,0,borderline,edition_title_no_structured_corroboration,title 'Britannia: Classic and New Duel Edition' contains edition pattern but no version/contained link or Game: family,borderline
281442,Trismegistus: The Ultimate Formula,2019.0,4.1838,1.0,4.0,"[""Components: Dice with Icons"", ""Crowdfunding: Spieleschmiede"", ""Digital Implementations: Tabletopia"", ""Mechanism: Dice Drafting"", ""Misc: LongPack Games"", ""Players: Games with Solitaire Rules"", ""Series: T games (Daniele Tascini)"", ""Theme: Alchemy""]","[""Federico Pierlorenzi"", ""Daniele Tascini""]",3543,8.004121570024154,-0.4492814821591597,0,0,borderline,edition_title_no_structured_corroboration,title 'Trismegistus: The Ultimate Formula' contains edition pattern but no version/contained link or Game: family,borderline
295503,The Champion of the Wild (Second Edition),2019.0,1.2,3.0,8.0,"[""Crowdfunding: Kickstarter""]","[""Tom Clare""]",157,7.484851097695819,1.1211135765023146,0,0,borderline,edition_title_no_structured_corroboration,title 'The Champion of the Wild (Second Edition)' contains edition pattern but no version/contained link or Game: family,borderline
295535,Dark Ages: Heritage of Charlemagne,2021.0,3.5294,1.0,4.0,"[""Components: Map (Continental / National scale)"", ""Components: Miniatures"", ""Continents: Europe"", ""Crowdfunding: Kickstarter"", ""Crowdfunding: Spieleschmiede"", ""History: Francia"", ""Mechanism: 4X""]","[""Adam Kwapi\u0144ski"", ""Andrei Novac""]",549,8.131140697475402,0.1916738119314942,0,0,borderline,edition_title_no_structured_corroboration,title 'Dark Ages: Heritage of Charlemagne' contains edition pattern but no version/contained link or Game: family,borderline
313698,Monster Expedition,2020.0,1.9844,1.0,4.0,"[""Components: Coloured Dice"", ""Creatures: Monsters"", ""Digital Implementations: BrettspielWelt"", ""Digital Implementations: Tabletopia"", ""Game: Farkle"", ""Players: Games with Solitaire Rules"", ""Versions & Editions: Dice Versions of Non-Dice Games""]","[""Alexander Pfister""]",1155,7.070077857008425,-0.2251245910278445,0,0,borderline,edition_title_Game_family_no_corroboration,"title 'Monster Expedition' contains edition pattern + families Game: Farkle but no version/contained link, designer overlap 0",borderline
332800,Summoner Wars (Second Edition),2021.0,2.5794,2.0,2.0,"[""Category: Two-Player Fighting Games"", ""Components: Dice with Icons"", ""Game: Summoner Wars"", ""Misc: LongPack Games"", ""Misc: Watch It Played How To Videos"", ""Players: Two-Player Only Games"", ""Theme: Wizards""]","[""Colby Dauch""]",3940,8.390750495808822,0.3831058536597851,0,0,borderline,edition_Game_family_possible,families Game: Summoner Wars + designer 1 year 7 weight 0.19 vs base 158889 title 'Summoner Wars (Second Edition)' but weight/year diff larger or no link,borderline
351869,Adventure Games: Expedition Azcana,2022.0,1.3333,1.0,4.0,"[""Continents: South America"", ""Misc: Limited Replayability"", ""Misc: LongPack Games"", ""Occupation: Researcher / Scientist"", ""Series: Adventure Games (Kosmos)"", ""Theme: Archaeology / Paleontology""]","[""Matthew Dunstan"", ""Phil Walker-Harding"", ""Ute Wielandt""]",101,7.686901971034317,0.8274664474972795,0,0,borderline,edition_title_no_structured_corroboration,title 'Adventure Games: Expedition Azcana' contains edition pattern but no version/contained link or Game: family,borderline
409858,Maple Valley: Kickstarter Edition,2023.0,2.0,1.0,5.0,"[""Components: Game Trayz Inside"", ""Crowdfunding: Kickstarter"", ""Series: Creature Comforts (KTBG)""]","[""Roberta Taylor""]",167,7.8921099074153505,0.6420176715230115,0,0,borderline,kickstarter_edition_no_Game_family,"title 'Maple Valley: Kickstarter Edition' contains kickstarter/edition but no Game: family, no link",borderline
4076,Management Material (General Office Edition),2002.0,1.1111,2.0,5.0,"[""Theme: Business/Management""]","[""Eric Life-Putnam"", ""Don Moffett"", ""Dave Cook (II)""]",200,5.522447736962143,-0.4160740118663701,0,0,borderline,edition_title_no_structured_corroboration,title 'Management Material (General Office Edition)' contains edition pattern but no version/contained link or Game: family,borderline
5778,Chancellorsville (Second Edition),1974.0,2.4706,2.0,2.0,"[""Digital Implementations: VASSAL"", ""Players: Two-Player Only Games"", ""States: Virginia""]","[""Randall C. Reed""]",121,6.080984195757556,-0.4390694193114415,0,0,borderline,edition_title_no_structured_corroboration,title 'Chancellorsville (Second Edition)' contains edition pattern but no version/contained link or Game: family,borderline
7259,Management Material: Information Technology Edition,2003.0,1.2,2.0,5.0,"[""Theme: Business/Management"", ""Theme: Computer / Information Technology Industry""]","[""Dave Cook (II)""]",112,5.633518573833865,-0.2383126249443732,0,0,borderline,edition_title_no_structured_corroboration,title 'Management Material: Information Technology Edition' contains edition pattern but no version/contained link or Game: family,borderline
10272,Thirty Years War Quad (Second Edition),1995.0,2.3636,1.0,2.0,"[""Country: France"", ""Country: Spain"", ""Country: Sweden"", ""History: Age of Kings"", ""History: Thirty Years War""]","[""Linda Mosca"", ""Brad Hessel"", ""Joseph Miranda"", ""Tom Walczyk""]",115,7.009641529098897,0.3475940563949455,0,0,borderline,edition_title_no_structured_corroboration,title 'Thirty Years War Quad (Second Edition)' contains edition pattern but no version/contained link or Game: family,borderline
70532,Tonkin: The First Indochina War (Second Edition),2012.0,3.2857,2.0,2.0,"[""Country: Vietnam"", ""History: First Indochina War"", ""Players: Two-Player Only Games"", ""Players: Wargames with Rules Supporting Only Two Players""]","[""Kim Kanger""]",133,7.99086078634704,0.4856098934170312,0,0,borderline,edition_title_no_structured_corroboration,title 'Tonkin: The First Indochina War (Second Edition)' contains edition pattern but no version/contained link or Game: family,borderline
102681,21 Mutinies: Arrr! Edition,2013.0,2.3529,3.0,5.0,"[""Crowdfunding: Spieleschmiede"", ""Organizations: Board Games Association of Creators in Spain (LUDO)"", ""Theme: Pirates""]","[""Perepau Llistosella""]",243,6.761451978344891,0.027629578157744,0,0,borderline,edition_title_no_structured_corroboration,title '21 Mutinies: Arrr! Edition' contains edition pattern but no version/contained link or Game: family,borderline
135281,Serenissima (Second Edition),2012.0,2.9219,2.0,4.0,"[""Cities: Barcelona (Spain)"", ""Cities: Genoa (Liguria, Italy)"", ""Cities: Venice (Veneto, Italy)"", ""Country: Turkey"", ""Region: Mediterranean Sea""]","[""Dominique Ehrhard""]",1000,7.317949873075619,0.0220485450296497,0,0,borderline,edition_title_no_structured_corroboration,title 'Serenissima (Second Edition)' contains edition pattern but no version/contained link or Game: family,borderline
144567,For the Crown (Second Edition),2012.0,3.2667,2.0,2.0,"[""Components: Multi-Use Cards"", ""Game: For the Crown"", ""Players: Two-Player Only Games""]","[""Jeremy Lennert""]",280,7.659235109479541,0.5126444250910751,0,0,borderline,edition_title_Game_family_no_base,title 'For the Crown (Second Edition)' + Game: For the Crown but no other game with same family found,borderline
153292,Nobody is Perfect: Mini Edition,2014.0,1.0,2.0,4.0,"[""Game: Nobody Is Perfect"", ""Traditional Games: Dictionary""]","[""Bertram Kaes""]",112,6.469282122053601,0.3075800872126724,0,0,borderline,edition_title_Game_family_no_corroboration,"title 'Nobody is Perfect: Mini Edition' contains edition pattern + families Game: Nobody Is Perfect but no version/contained link, designer overlap 0",borderline
156336,Onirim (Second Edition),2014.0,1.6111,1.0,2.0,"[""Digital Implementations: Google Play"", ""Digital Implementations: Steam"", ""Players: Games with Solitaire Rules"", ""Players: Two-Player Only Games"", ""Setting: Oniverse"", ""Theme: Dreams / Nightmares""]","[""Shadi Torbey""]",10483,7.30258860945666,0.0312874478433693,0,0,borderline,edition_title_no_structured_corroboration,title 'Onirim (Second Edition)' contains edition pattern but no version/contained link or Game: family,borderline
184247,Expedition Zetta,2018.0,3.2308,1.0,5.0,"[""Crowdfunding: Kickstarter""]","[""Jon Manker""]",108,6.505083033717825,-0.7467418899261657,0,0,borderline,edition_title_no_structured_corroboration,title 'Expedition Zetta' contains edition pattern but no version/contained link or Game: family,borderline
208670,Labyrinth: Paths of Destiny (Third Edition),2016.0,2.4167,2.0,6.0,"[""Theme: Deserts""]","[""Mateusz Pronobis"", ""Kamil Matuszak""]",136,6.2605196799457765,-0.399410365219591,0,0,borderline,edition_title_no_structured_corroboration,title 'Labyrinth: Paths of Destiny (Third Edition)' contains edition pattern but no version/contained link or Game: family,borderline
226009,Alien vs Predator: The Hunt Begins (Second Edition),2017.0,3.5556,1.0,3.0,"[""Creatures: Aliens / Extraterrestrials"", ""Crowdfunding: Kickstarter"", ""Movies: Alien / Aliens"", ""Movies: Predator"", ""Players: Games with Solitaire Rules""]","[""Jarek Ewertowski"", ""Grzegorz Oleksy""]",242,7.33319032007152,-0.1556799052768633,0,0,borderline,edition_title_no_structured_corroboration,title 'Alien vs Predator: The Hunt Begins (Second Edition)' contains edition pattern but no version/contained link or Game: family,borderline
254588,Hearts and Minds: Vietnam 1965-1975 (Third Edition),2019.0,2.96,1.0,2.0,"[""Country: Cambodia"", ""Country: USA"", ""Country: Vietnam"", ""Decades: The 1960's"", ""Decades: The 1970's"", ""History: Cold War"", ""History: Vietnam War"", ""Players: Games with Solitaire Rules"", ""Players: Wargames with Solitaire Rules""]","[""John Poniske""]",317,8.253975214082939,0.4266576312027705,0,0,borderline,edition_title_no_structured_corroboration,title 'Hearts and Minds: Vietnam 1965-1975 (Third Edition)' contains edition pattern but no version/contained link or Game: family,borderline
283850,Orconomics (Second Edition),2022.0,2.2,2.0,5.0,"[""Creatures: Orcs"", ""Crowdfunding: Kickstarter"", ""Digital Implementations: Tabletopia""]","[""Fedor Korzhenkov"", ""Timofey Bokarev""]",107,6.869068765485669,-0.2572269596026872,0,0,borderline,edition_title_no_structured_corroboration,title 'Orconomics (Second Edition)' contains edition pattern but no version/contained link or Game: family,borderline
288316,Rurik: Dawn of Kiev – Kickstarter Edition,2019.0,2.8,1.0,4.0,"[""Cities: Kyiv (Ukraine)"", ""Country: Ukraine"", ""Crowdfunding: Kickstarter"", ""Players: Games with Solitaire Rules"", ""Series: Madison Game Design Cabal""]","[""Stan Kordonskiy""]",321,8.249973668031766,0.926621480953294,0,0,borderline,kickstarter_edition_no_Game_family,"title 'Rurik: Dawn of Kiev – Kickstarter Edition' contains kickstarter/edition but no Game: family, no link",borderline
349067,The Lord of the Rings: The Card Game – Revised Core Set,2022.0,3.6054,1.0,4.0,"[""Authors: J.R.R. Tolkien"", ""Collectible: Living Card Game (Fantasy Flight Games)"", ""Game: The Lord of the Rings \u2013 The Card Game (LCG)"", ""Mechanism: Campaign Games"", ""Theme: Wizards""]","[""Nate French""]",2687,8.585568158446723,0.1097665189347054,0,0,borderline,edition_Game_family_possible,families Game: The Lord of the Rings – The Card Game (LCG) + designer 1 year 11 weight 0.39 vs base 77423 title 'The Lord of the Rings: The Card Game – Revised Core Set' but weight/year diff larger or no link,borderline
404170,France '40: 2nd Edition,2024.0,3.3333,2.0,2.0,"[""Country: Belgium"", ""Country: France"", ""Country: Germany"", ""Country: United Kingdom"", ""History: World War II (Western Front 1940)"", ""Players: Two-Player Only Games"", ""Players: Wargames with Rules Supporting Only Two Players"", ""Series: ZOC Bond System"", ""War Battlespace: Amphibious Warfare"", ""War Level of Command: Operational""]","[""Mark Simonitch""]",118,8.468651916555533,-0.0104483777695669,0,0,borderline,edition_title_no_structured_corroboration,title 'France '40: 2nd Edition' contains edition pattern but no version/contained link or Game: family,borderline
1576,Gettysburg (125th Anniversary Edition),1988.0,1.9595,2.0,2.0,"[""Country: USA"", ""Players: Two-Player Only Games"", ""Players: Wargames with Rules Supporting Only Two Players"", ""Series: American History (Avalon Hill)"", ""States: Pennsylvania""]","[""S. Craig Taylor""]",559,6.786331281857826,0.0808007706643882,0,0,borderline,edition_title_no_structured_corroboration,title 'Gettysburg (125th Anniversary Edition)' contains edition pattern but no version/contained link or Game: family,borderline
6532,Monopoly: Australian Edition,1978.0,1.625,2.0,8.0,"[""Country: Australia"", ""Game: Monopoly (Official)"", ""Series: Monopoly-Like""]","[""(Uncredited)""]",103,4.5546381325444445,-1.157192465517617,0,0,borderline,edition_Game_family_possible,families Game: Monopoly (Official) + designer 1 year 6 weight 0.18 vs base 17250 title 'Monopoly: Australian Edition' but weight/year diff larger or no link,borderline
12055,Streets of Stalingrad (Third Edition),2003.0,4.1667,2.0,8.0,"[""Cities: Volgograd (Russia)"", ""Components: Map (City Scale)"", ""Country: Russia"", ""Country: Soviet Union"", ""History: World War II (Eastern Front)""]","[""Dana Lombardy"", ""Art Lupinacci""]",187,7.646350390321565,0.0428171482267245,0,0,borderline,edition_title_no_structured_corroboration,title 'Streets of Stalingrad (Third Edition)' contains edition pattern but no version/contained link or Game: family,borderline
12140,Stalingrad Pocket: 2nd Edition – The Wehrmacht's Greatest Disaster,1996.0,2.625,1.0,2.0,"[""Cities: Volgograd (Russia)"", ""Country: Romania"", ""Country: Russia"", ""Country: Soviet Union"", ""History: World War II (Eastern Front)"", ""Players: Two-Player Only Games"", ""Players: Wargames with Rules Supporting Only Two Players"", ""Series: Standard Combat Series (The Gamers & MMP)"", ""War Battlespace: Land Warfare"", ""War Level of Command: Operational""]","[""Dean Essig"", ""Masahiro Yamazaki""]",459,7.550990540044845,0.5078895336550282,0,0,borderline,edition_title_no_structured_corroboration,title 'Stalingrad Pocket: 2nd Edition – The Wehrmacht's Greatest Disaster' contains edition pattern but no version/contained link or Game: family,borderline
12304,Deluxe Pass the Pigs,2004.0,1.0714,2.0,10.0,"[""Animals: Pigs"", ""Game: Pass the Pigs""]","[""David Moffat""]",207,5.604607917485939,-0.2528195765997232,0,0,borderline,edition_title_Game_family_no_corroboration,"title 'Deluxe Pass the Pigs' contains edition pattern + families Game: Pass the Pigs but no version/contained link, designer overlap 0",borderline
30505,Apples to Apples: British Isles Edition,2007.0,1.0,4.0,10.0,"[""Game: Apples to Apples"", ""Mechanism: Judging Games""]","[""David Westnedge""]",111,6.870619012356015,1.17586571922706,0,0,borderline,edition_Game_family_possible,families Game: Apples to Apples + designer 0 year 0 weight 0.07 vs base 37612 title 'Apples to Apples: British Isles Edition' but weight/year diff larger or no link,borderline
60815,Black Powder: Second Edition,2009.0,2.6,2.0,120.0,"[""Components: Miniature agnostic"", ""Country: France"", ""Country: Prussia"", ""History: Age of Kings"", ""History: Anglo-Zulu War"", ""History: Crimean War"", ""History: Franco-Prussian War"", ""History: French and Indian War"", ""Series: Black Powder (Warlord Games)""]","[""Rick Priestley"", ""John Stallard"", ""Jervis Johnson""]",165,7.481487209774117,0.7176222785174753,0,0,borderline,edition_title_no_structured_corroboration,title 'Black Powder: Second Edition' contains edition pattern but no version/contained link or Game: family,borderline
76546,Expedition: Congo River 1884,2012.0,2.1,2.0,4.0,"[""Country: Democratic Republic of the Congo"", ""Theme: Colonial""]","[""Jose Antonio Rivero""]",126,5.662070722605517,-0.8013852674068751,0,0,borderline,edition_title_no_structured_corroboration,title 'Expedition: Congo River 1884' contains edition pattern but no version/contained link or Game: family,borderline
79131,Star Trek: Expeditions,2011.0,2.416,1.0,4.0,"[""Components: Clix"", ""Players: Games with Solitaire Rules"", ""TV Shows: Star Trek (various)""]","[""Reiner Knizia""]",1538,6.724159262709549,0.0912521253206843,0,0,borderline,edition_title_no_structured_corroboration,title 'Star Trek: Expeditions' contains edition pattern but no version/contained link or Game: family,borderline
126703,Monopoly: World of Warcraft Collector's Edition,2012.0,1.625,2.0,6.0,"[""Series: Monopoly-Like""]",[],214,5.300240743855918,-1.0647716629425847,0,0,borderline,edition_title_no_structured_corroboration,title 'Monopoly: World of Warcraft Collector's Edition' contains edition pattern but no version/contained link or Game: family,borderline
126789,Risk: Halo Legendary Edition,2012.0,2.4167,2.0,5.0,"[""Game: Risk (Official)"", ""Versions & Editions: Versions with IP after the original release""]",[],224,6.132181860164772,-0.8753551292601616,0,0,borderline,edition_Game_family_possible,families Game: Risk (Official) + designer 0 year 0 weight 0.20 vs base 131261 title 'Risk: Halo Legendary Edition' but weight/year diff larger or no link,borderline
219774,Vikings Gone Wild Ultimate Set,2017.0,2.6,2.0,5.0,"[""Crowdfunding: Kickstarter"", ""Theme: Vikings""]","[""Julien Vergonjeanne""]",128,7.725844594493842,0.9804312639584464,0,0,borderline,edition_title_no_structured_corroboration,title 'Vikings Gone Wild Ultimate Set' contains edition pattern but no version/contained link or Game: family,borderline
242289,Cat Chaos Card Game: Celebrity Edition,2017.0,1.0,2.0,8.0,"[""Animals: Cats""]",[],116,5.3481822581477125,-0.6605726264076193,0,0,borderline,edition_title_no_structured_corroboration,title 'Cat Chaos Card Game: Celebrity Edition' contains edition pattern but no version/contained link or Game: family,borderline
247585,Waste Knights: Second Edition,2021.0,2.962,1.0,4.0,"[""Components: Miniatures"", ""Country: Australia"", ""Crowdfunding: Kickstarter"", ""Theme: Post-Apocalyptic""]","[""Pawe\u0142 Szewc"", ""Marek Mydel""]",1102,7.687381350920754,-0.1292761287343786,0,0,borderline,edition_title_no_structured_corroboration,title 'Waste Knights: Second Edition' contains edition pattern but no version/contained link or Game: family,borderline
248375,SAGA Rulebook (2nd Edition),2018.0,2.6364,2.0,6.0,"[""Components: Miniature agnostic"", ""Game: Saga""]","[""Alexandre Buchel""]",136,8.395735795938235,0.9880899571155304,0,0,borderline,edition_Game_family_possible,families Game: Saga + designer 1 year 7 weight 0.27 vs base 101865 title 'SAGA Rulebook (2nd Edition)' but weight/year diff larger or no link,borderline
275067,Key Market (Second Edition),2019.0,3.3571,2.0,4.0,"[""Crowdfunding: Kickstarter"", ""Digital Implementations: Tabletopia"", ""Series: Key (Richard Breese)""]","[""David Brain""]",372,8.045696196106565,0.4932285785468853,0,0,borderline,edition_title_no_structured_corroboration,title 'Key Market (Second Edition)' contains edition pattern but no version/contained link or Game: family,borderline
275564,Maximum Apocalypse: Legendary Edition,2020.0,2.4667,1.0,6.0,"[""Components: Game Trayz Inside"", ""Crowdfunding: Kickstarter"", ""Misc: LongPack Games"", ""Theme: Post-Apocalyptic""]","[""Mike Gnade""]",421,7.990075053267263,0.738244232481752,0,0,borderline,edition_title_no_structured_corroboration,title 'Maximum Apocalypse: Legendary Edition' contains edition pattern but no version/contained link or Game: family,borderline
275802,Carnival Zombie: 2nd Edition,2022.0,3.3,1.0,6.0,"[""Category: Tower Defense"", ""Cities: Milan (Lombardy, Italy)"", ""Cities: Venice (Veneto, Italy)"", ""Creatures: Zombies"", ""Crowdfunding: Kickstarter"", ""Game: Carnival Zombie"", ""Misc: LongPack Games""]","[""Matteo Santus""]",704,7.753206268605445,-0.3996028214276927,0,0,borderline,edition_Game_family_possible,families Game: Carnival Zombie + designer 1 year 9 weight 0.00 vs base 140343 title 'Carnival Zombie: 2nd Edition' but weight/year diff larger or no link,borderline
285133,Hacienda (Second Edition),2019.0,2.6,2.0,5.0,"[""Country: Argentina"", ""Country: Uruguay""]","[""Wolfgang Kramer""]",160,7.508236649260908,0.456619437682523,0,0,borderline,edition_title_no_structured_corroboration,title 'Hacienda (Second Edition)' contains edition pattern but no version/contained link or Game: family,borderline
308970,A Touch of Evil: 10 Year Anniversary Edition,2020.0,2.5,1.0,8.0,"[""Series: A Touch of Evil""]","[""Jason C. Hill""]",222,8.20161764201502,1.015779609486808,0,0,borderline,edition_title_no_structured_corroboration,title 'A Touch of Evil: 10 Year Anniversary Edition' contains edition pattern but no version/contained link or Game: family,borderline
315943,Agents of SMERSH: Epic Edition,2022.0,2.0833,1.0,4.0,"[""Crowdfunding: Kickstarter"", ""Players: Games with Solitaire Rules""]","[""Christopher Batarlis"", ""Stephen Cooper""]",253,7.526815754736482,0.2003132971443744,0,0,borderline,edition_title_no_structured_corroboration,title 'Agents of SMERSH: Epic Edition' contains edition pattern but no version/contained link or Game: family,borderline
316377,7 Wonders (Second Edition),2020.0,2.2689,3.0,7.0,"[""Category: DIZED Tutorial"", ""Constructions: Lighthouses"", ""Constructions: Pyramids"", ""Constructions: The Hanging Gardens of Babylon"", ""Digital Implementations: Board Game Arena"", ""Game: 7 Wonders"", ""Mechanism: Tableau Building"", ""Misc: Watch It Played How To Videos""]","[""Antoine Bauza""]",8852,8.100850813326202,0.3420278322638594,0,0,borderline,edition_Game_family_possible,families Game: 7 Wonders + designer 1 year 1 weight 0.88 vs base 346703 title '7 Wonders (Second Edition)' but weight/year diff larger or no link,borderline
346143,The Game of Life: Super Mario Edition,2021.0,1.4,2.0,4.0,"[""Game: Game of Life"", ""Video Game Theme: Nintendo"", ""Video Game Theme: Super Mario Bros.""]","[""Jordan Bello"", ""Hasbro Studios"", ""Joe Bradford""]",184,6.12453295839573,-0.6166750437013571,0,0,borderline,edition_title_Game_family_no_corroboration,"title 'The Game of Life: Super Mario Edition' contains edition pattern + families Game: Game of Life but no version/contained link, designer overlap 0",borderline
359612,Trick Shot (Second Edition),2024.0,2.5,2.0,4.0,"[""Admin: Better Description Needed!"", ""Components: Dice with Icons"", ""Components: Miniatures"", ""Digital Implementations: Tabletopia"", ""Sports: Ice Hockey""]","[""Artyom Nichipurov""]",354,8.465390394256422,0.7339823347530707,0,0,borderline,edition_title_no_structured_corroboration,title 'Trick Shot (Second Edition)' contains edition pattern but no version/contained link or Game: family,borderline
370448,Europa Universalis: The Price of Power (Deluxe Edition),2023.0,4.6,1.0,6.0,"[""Components: Game Trayz Inside"", ""Components: Map (Continental / National scale)"", ""Components: Multi-Use Cards"", ""Components: Wooden pieces & boards"", ""Continents: Europe"", ""Crowdfunding: Kickstarter"", ""Mechanism: 4X"", ""Players: Games with Solitaire Rules"", ""Players: Wargames with Solitaire Rules""]","[""Eivind Vetlesen""]",181,9.244782173478878,0.5933424463298191,0,0,borderline,edition_title_no_structured_corroboration,title 'Europa Universalis: The Price of Power (Deluxe Edition)' contains edition pattern but no version/contained link or Game: family,borderline
370598,Trailblazers: Travel Edition,2023.0,1.875,1.0,4.0,"[""Crowdfunding: Kickstarter"", ""Digital Implementations: TableTop Simulator Mod (TTS)"", ""Misc: Made by Panda"", ""Series: Travel Line (Bitewing Games)"", ""Theme: Camping"", ""Theme: Hiking"", ""Theme: Nature""]","[""Ryan Courtney""]",217,7.515129833744675,0.2666159516518274,0,0,borderline,edition_title_no_structured_corroboration,title 'Trailblazers: Travel Edition' contains edition pattern but no version/contained link or Game: family,borderline
5928,Harpoon (Third Edition),1987.0,4.0,2.0,2.0,"[""Components: Miniature agnostic"", ""Country: France"", ""Country: Japan"", ""Country: Russia"", ""Country: Soviet Union"", ""Country: United Kingdom"", ""Country: USA"", ""Players: Two-Player Only Games"", ""Players: Wargames with Rules Supporting Only Two Players"", ""Political: NATO"", ""Series: Harpoon (GDW & Admiralty Trilogy Group"", ""War Battlespace: Naval warfare"", ""War Level of Command: Tactical""]","[""Larry Bond""]",319,6.595728705467261,-0.904953276014071,0,0,borderline,edition_title_no_structured_corroboration,title 'Harpoon (Third Edition)' contains edition pattern but no version/contained link or Game: family,borderline
29663,Star Fleet Battles: Captain's Edition Basic Set,1990.0,4.3012,1.0,6.0,"[""Game: Star Fleet Battles"", ""Players: Wargames with Solitaire Rules"", ""Setting: Star Fleet Universe"", ""TV Shows: Star Trek (various)""]","[""Stephen V. Cole""]",494,7.693625417274866,0.5785346020946882,0,0,borderline,edition_Game_family_possible,families Game: Star Fleet Battles + designer 1 year 11 weight 0.11 vs base 1589 title 'Star Fleet Battles: Captain's Edition Basic Set' but weight/year diff larger or no link,borderline
36399,The Napoleonic Wars (Second Edition),2008.0,3.3824,1.0,5.0,"[""Continents: Europe"", ""Country: France"", ""Country: Prussia"", ""Country: Russia"", ""History: Napoleonic Wars"", ""Series: Napoleonic Wars (GMT)"", ""War Level of Command: Strategic""]","[""Mark McLaughlin""]",941,7.919557366105818,0.3205986736569182,0,0,borderline,edition_title_no_structured_corroboration,title 'The Napoleonic Wars (Second Edition)' contains edition pattern but no version/contained link or Game: family,borderline
41627,Zulus on the Ramparts!: The Battle of Rorke's Drift – Second Edition,2009.0,2.1222,1.0,1.0,"[""Category: Tower Defense"", ""Country: South Africa"", ""Digital Implementations: Tabletopia"", ""History: Anglo-Zulu War"", ""Players: Games with Solitaire Rules"", ""Players: Solitaire Only Games"", ""Players: Solitaire Only Wargames"", ""Players: Wargames with Solitaire Rules"", ""Series: States of Siege"", ""Theme: Siege""]","[""Joseph Miranda""]",940,7.543444250159891,0.4498836842636917,0,0,borderline,edition_title_no_structured_corroboration,title 'Zulus on the Ramparts!: The Battle of Rorke's Drift – Second Edition' contains edition pattern but no version/contained link or Game: family,borderline
100679,Ultimate Warriorz,2011.0,1.2973,2.0,8.0,"[""Components: Game Box Used In Play""]","[""Guillaume Blossier""]",1330,6.927563378368939,0.59117771498045,0,0,borderline,edition_title_no_structured_corroboration,title 'Ultimate Warriorz' contains edition pattern but no version/contained link or Game: family,borderline
125046,Fantastiqa: The Rucksack Edition,2012.0,2.3875,2.0,4.0,"[""Components: Gems/Crystals"", ""Crowdfunding: Kickstarter"", ""Setting: Fantastiqa""]","[""Alf Seegert""]",1200,7.242736819914628,0.2806332592894662,0,0,borderline,edition_title_no_structured_corroboration,title 'Fantastiqa: The Rucksack Edition' contains edition pattern but no version/contained link or Game: family,borderline
136558,Expedition: Famous Explorers,2013.0,1.9615,2.0,6.0,"[""Crowdfunding: Kickstarter""]","[""Wolfgang Kramer"", ""Jason Maxwell""]",437,7.078110622187596,0.5371266315464602,0,0,borderline,edition_title_no_structured_corroboration,title 'Expedition: Famous Explorers' contains edition pattern but no version/contained link or Game: family,borderline
169255,A Game of Thrones: The Card Game (Second Edition),2015.0,3.5325,2.0,4.0,"[""Books: A Song of Ice and Fire"", ""Collectible: Living Card Game (Fantasy Flight Games)"", ""Game: A Game of Thrones \u2013 The Card Game (LCG)""]","[""Eric M. Lang"", ""Nate French""]",4776,7.725988511507912,-0.2821010975811653,0,0,borderline,edition_Game_family_possible,families Game: A Game of Thrones – The Card Game (LCG) + designer 2 year 7 weight 0.28 vs base 39953 title 'A Game of Thrones: The Card Game (Second Edition)' but weight/year diff larger or no link,borderline
191300,Archaeology: The New Expedition,2016.0,1.2672,2.0,5.0,"[""Ancient: Egypt"", ""Country: Egypt"", ""Occupation: Adventurer / Explorer"", ""Series: Deluxe card game (Z-Man / Filosofia)"", ""Theme: Archaeology / Paleontology"", ""Traditional Card Games: Rummy""]","[""Phil Walker-Harding""]",4338,7.404560960563521,0.4851450176113934,0,0,borderline,edition_title_no_structured_corroboration,title 'Archaeology: The New Expedition' contains edition pattern but no version/contained link or Game: family,borderline
257499,Arkham Horror (Third Edition),2018.0,3.3753,1.0,6.0,"[""Components: Standees"", ""Game: Arkham Horror"", ""Game: Arkham Horror (Third Edition)"", ""Players: Games with Solitaire Rules"", ""Series: Arkham Horror Files (Fantasy Flight Games)"", ""Theme: Cthulhu Mythos""]","[""Kevin Wilson"", ""Nikki Valens"", ""Richard Launius""]",9051,7.837383374778926,-0.2328678436587532,0,0,borderline,edition_Game_family_possible,families Game: Arkham Horror + designer 2 year 13 weight 0.21 vs base 15987 title 'Arkham Horror (Third Edition)' but weight/year diff larger or no link,borderline
355129,Eternal Palace (Kickstarter Deluxe edition),2022.0,3.0,1.0,5.0,"[""Crowdfunding: Kickstarter"", ""Misc: LongPack Games""]","[""Steven Aramini""]",142,6.949578763508533,-0.6180795250709918,0,0,borderline,kickstarter_edition_no_Game_family,"title 'Eternal Palace (Kickstarter Deluxe edition)' contains kickstarter/edition but no Game: family, no link",borderline
355850,UNO Ultimate Marvel,2022.0,1.7143,2.0,4.0,"[""Comic Books: Marvel Universe"", ""Game: UNO"", ""Game: Uno Ultimate"", ""Theme: Superheroes""]","[""Aaron Weil""]",234,6.626599834068349,-0.5424319743250869,0,0,borderline,edition_title_Game_family_no_corroboration,"title 'UNO Ultimate Marvel' contains edition pattern + families Game: UNO but no version/contained link, designer overlap 0",borderline
364425,Stadt Land Vollpfosten: Das Kartenspiel – Classic Edition,2019.0,1.1667,3.0,6.0,"[""Traditional Games: Categories / Guggenheim"", ""Versions & Editions: Card Versions of Non-Card Games""]","[""Denis G\u00f6rz"", ""Ricardo Barreto""]",128,6.595718363926228,0.1024908618660518,0,0,borderline,edition_title_no_structured_corroboration,title 'Stadt Land Vollpfosten: Das Kartenspiel – Classic Edition' contains edition pattern but no version/contained link or Game: family,borderline
378890,The Binding of Isaac: Four Souls – Ultimate Collector's Edition,2023.0,2.7692,1.0,4.0,"[""Creatures: Monsters"", ""Mechanism: Tableau Building"", ""Misc: Eastar Game Manufacturing""]","[""Edmund McMillen""]",230,7.805040893551937,0.1800892107450566,0,0,borderline,edition_title_no_structured_corroboration,title 'The Binding of Isaac: Four Souls – Ultimate Collector's Edition' contains edition pattern but no version/contained link or Game: family,borderline
379078,Expeditions,2023.0,3.0617,1.0,5.0,"[""Category: DIZED Tutorial"", ""Components: Miniatures"", ""Components: Multi-Use Cards"", ""Digital Implementations: Tabletopia"", ""Game: Scythe"", ""Mechanism: Tableau Building"", ""Misc: Watch It Played How To Videos"", ""Occupation: Adventurer / Explorer"", ""Occupation: Researcher / Scientist"", ""Organizations: Automa Factory"", ""Players: Games with expansions that change player count"", ""Players: Games with Solitaire Rules"", ""Region: Siberia (Russia)""]","[""Jamey Stegmaier""]",6374,7.956475685756721,-0.3865170063695222,0,0,borderline,edition_Game_family_possible,families Game: Scythe + designer 1 year 7 weight 0.39 vs base 169786 title 'Expeditions' but weight/year diff larger or no link,borderline
380619,Cyclades: Legendary Edition,2024.0,2.8317,2.0,6.0,"[""Ancient: Greece"", ""Characters: Hercules"", ""Components: Map (Continental / National scale)"", ""Components: Miniatures"", ""Country: Greece"", ""Creatures: Minotaurs"", ""Crowdfunding: Kickstarter"", ""Digital Implementations: Tabletopia"", ""Game: Cyclades"", ""Mythology: Greek""]","[""Ludovic Maublanc"", ""Bruno Cathala""]",161,8.638196012262162,0.868744885753383,0,0,borderline,edition_Game_family_possible,families Game: Cyclades + designer 2 year 15 weight 0.01 vs base 54998 title 'Cyclades: Legendary Edition' but weight/year diff larger or no link,borderline
3048,Trivial Pursuit: Millennium Edition,1999.0,1.4884,2.0,6.0,"[""Containers: Tin/Metal Box"", ""Containers: Triangular Boxes"", ""Game: Trivial Pursuit""]","[""(Uncredited)""]",570,5.4316237628423885,-0.8008388628438414,0,0,hard_exclude,edition_Game_family_corroborated,families Game: Trivial Pursuit + shared designer 1 year diff 0 weight diff 0.01 vs base 14361:Trivial Pursuit: Disney – The  + title 'Trivial Pursuit: Millennium Edition',medium
12545,The Game of Life: The Simpsons Edition,2004.0,1.2381,2.0,6.0,"[""Game: Game of Life"", ""TV Shows: The Simpsons""]","[""Reuben Klamer""]",405,4.938327382726944,-0.6896583944451118,0,0,hard_exclude,edition_Game_family_corroborated,families Game: Game of Life + shared designer 1 year diff 0 weight diff 0.07 vs base 13703:The Game of Life: Pirates of t + title 'The Game of Life: The Simpsons Edition',medium
127648,Black Stories: Sex and Crime Edition,2012.0,1.4286,2.0,15.0,"[""Game: Black Stories"", ""Misc: No Table Needed""]","[""Nicola Berger""]",230,6.046239473979449,0.0838566950173635,0,0,hard_exclude,edition_Game_family_corroborated,families Game: Black Stories + shared designer 1 year diff 1 weight diff 0.43 vs base 96342:Black Stories: Holiday Edition + title 'Black Stories: Sex and Crime Edition',medium
147681,Black Stories: Shit Happens Edition,2013.0,1.3333,2.0,15.0,"[""Game: Black Stories"", ""Misc: No Table Needed""]","[""Corinna Harder"", ""Jens Schumacher""]",172,6.321565922803248,0.4928740001484799,0,0,hard_exclude,edition_Game_family_corroborated,families Game: Black Stories + shared designer 2 year diff 1 weight diff 0.42 vs base 127646:Black Stories: Mittelalter Edi + title 'Black Stories: Shit Happens Edition',medium
151377,Thurn und Taxis Big Box,2008.0,2.2,2.0,4.0,"[""Game: Thurn and Taxis"", ""Theme: Mail / Stamps / The Post Office"", ""Versions & Editions: Big Box Versions of Individual Games""]","[""Karen Seyfarth"", ""Andreas Seyfarth""]",100,7.421156302716131,0.9696404391617008,0,0,hard_exclude,edition_Game_family_corroborated,families Game: Thurn and Taxis + shared designer 2 year diff 2 weight diff 0.06 vs base 21790:Thurn and Taxis + title 'Thurn und Taxis Big Box',medium
152241,Ultimate Werewolf,2014.0,1.1538,5.0,30.0,"[""Game: Werewolf / Mafia"", ""Misc: Made by Panda""]","[""Ted Alspach""]",580,6.74629527187893,0.422712333388505,0,0,hard_exclude,edition_Game_family_corroborated,families Game: Werewolf / Mafia + shared designer 1 year diff 0 weight diff 0.23 vs base 147949:One Night Ultimate Werewolf + title 'Ultimate Werewolf',medium
216459,The Lost Expedition,2017.0,1.8787,1.0,5.0,"[""Game: The Lost Expedition"", ""Misc: Watch It Played How To Videos"", ""Players: Games with Solitaire Rules"", ""Region: Amazon Rainforest"", ""Theme: Survival""]","[""Peer Sylvester""]",7333,7.241483736665649,-0.0938360383430181,0,0,hard_exclude,edition_Game_family_corroborated,families Game: The Lost Expedition + shared designer 1 year diff 3 weight diff 0.18 vs base 303961:La Spedizione Perduta + title 'The Lost Expedition',medium
7336,Trivial Pursuit: The Lord of the Rings Movie Trilogy Collector's Edition,2003.0,1.8824,2.0,4.0,"[""Authors: J.R.R. Tolkien"", ""Game: Trivial Pursuit"", ""Theme: Movies"", ""Trivia: Movies""]","[""(Uncredited)""]",854,5.667056993128472,-0.4752773699308203,0,0,hard_exclude,edition_Game_family_corroborated,families Game: Trivial Pursuit + shared designer 1 year diff 0 weight diff 0.24 vs base 13782:Trivial Pursuit: SNL DVD Editi + title 'Trivial Pursuit: The Lord of the Rings Movie Trilogy Collector's Edition',medium
13945,Trivial Pursuit: 90's Time Capsule Edition,2004.0,1.4038,2.0,4.0,"[""Containers: Tin/Metal Box"", ""Decades: The 1990's"", ""Game: Trivial Pursuit""]","[""(Uncredited)""]",769,5.201947053659081,-1.1197662038420368,0,0,hard_exclude,edition_Game_family_corroborated,families Game: Trivial Pursuit + shared designer 1 year diff 0 weight diff 0.17 vs base 15548:Trivial Pursuit: DVD – The Lor + title 'Trivial Pursuit: 90's Time Capsule Edition',medium
17965,The Game of Life: Spongebob Squarepants Edition,2004.0,1.5556,2.0,4.0,"[""Game: Game of Life"", ""TV Shows: SpongeBob SquarePants""]","[""Reuben Klamer""]",128,4.427383170358906,-1.1663117292233522,0,0,hard_exclude,edition_Game_family_corroborated,families Game: Game of Life + shared designer 1 year diff 0 weight diff 0.32 vs base 12545:The Game of Life: The Simpsons + title 'The Game of Life: Spongebob Squarepants Edition',medium
57052,Black Stories: Real Crime Edition,2009.0,1.2667,2.0,99.0,"[""Game: Black Stories"", ""Misc: No Table Needed""]","[""Holger B\u00f6sch""]",645,5.768587005091365,-0.2170929630597582,0,0,hard_exclude,edition_Game_family_corroborated,families Game: Black Stories + shared designer 1 year diff 0 weight diff 0.27 vs base 60464:Black Stories 5 + title 'Black Stories: Real Crime Edition',medium
145633,Ascension: Apprentice Edition,2013.0,1.9423,2.0,2.0,"[""Game: Ascension Deck Building"", ""Players: Two-Player Only Games""]","[""John Fiorillo"", ""Justin Gary""]",1068,7.16902750955617,0.2404226091817873,0,0,hard_exclude,edition_Game_family_corroborated,families Game: Ascension Deck Building + shared designer 2 year diff 3 weight diff 0.19 vs base 69789:Ascension: Deckbuilding Game + title 'Ascension: Apprentice Edition',medium
180956,One Night Ultimate Vampire,2016.0,1.5882,3.0,10.0,"[""Books: Dracula"", ""Creatures: Vampires"", ""Game: Werewolf / Mafia"", ""Misc: LongPack Games"", ""Series: One Night (B\u00e9zier Games)""]","[""Ted Alspach"", ""Akihisa Okui""]",2186,6.832886656050863,0.0036309699001586,0,0,hard_exclude,edition_Game_family_corroborated,families Game: Werewolf / Mafia + shared designer 2 year diff 1 weight diff 0.18 vs base 163166:One Night Ultimate Werewolf: D + title 'One Night Ultimate Vampire',medium
224141,DreadBall (Second Edition),2018.0,2.6667,2.0,2.0,"[""Crowdfunding: Kickstarter"", ""Digital Implementations: VASSAL"", ""Game: Dreadball"", ""Players: Two-Player Only Games"", ""Setting: Warpath"", ""Theme: Sci-Fi Sports""]","[""Stewart Gibbs"", ""Jake Thornton"", ""James M. Hewitt""]",135,8.375095139399932,1.2837452382497112,0,0,hard_exclude,edition_Game_family_corroborated,families Game: Dreadball + shared designer 1 year diff 3 weight diff 0.33 vs base 155411:DreadBall Xtreme + title 'DreadBall (Second Edition)',medium
80028,The Game of LIFE: The Haunted Mansion – The Disney Theme Park Edition,2009.0,1.6,2.0,6.0,"[""Brands: Disney"", ""Creatures: Ghosts"", ""Game: Game of Life"", ""Theme: Disney Theme Parks"", ""Versions & Editions: Disney Theme Park Editions""]","[""Reuben Klamer""]",116,5.420442087045281,-0.4134052509996238,0,0,hard_exclude,edition_Game_family_corroborated,families Game: Game of Life + shared designer 1 year diff 2 weight diff 0.26 vs base 28609:The Game of Life: Twists & Tur + title 'The Game of LIFE: The Haunted Mansion – The Disney Theme Park Edition',medium
207167,Monopoly: Ultimate Banking,2016.0,1.2308,2.0,4.0,"[""Game: Monopoly (Official)""]","[""Amanda Birkinshaw""]",292,5.4083093779389175,-0.9602082304566856,0,0,hard_exclude,edition_Game_family_corroborated,families Game: Monopoly (Official) + shared designer 1 year diff 1 weight diff 0.41 vs base 183521:Monopoly: Star Wars + title 'Monopoly: Ultimate Banking',medium
259298,The Ancient World (Second Edition),2019.0,2.8571,2.0,4.0,"[""Components: Dice with Icons"", ""Crowdfunding: Kickstarter"", ""Game: The Ancient World (Red Raven Games)""]","[""Ryan Laukat""]",1353,7.813455772352721,0.1450246386587812,0,0,hard_exclude,edition_Game_family_corroborated,families Game: The Ancient World (Red Raven Games) + shared designer 1 year diff 5 weight diff 0.12 vs base 147253:The Ancient World + title 'The Ancient World (Second Edition)',medium
299121,Machina Arcana (Second/Third Edition),2019.0,3.641,1.0,4.0,"[""Category: Dungeon Crawler"", ""Components: Official Music Soundtrack"", ""Crowdfunding: Kickstarter"", ""Digital Implementations: Tabletopia"", ""Game: Compact Combat"", ""Misc: LongPack Games"", ""Players: Games with Solitaire Rules"", ""Theme: Cthulhu Mythos"", ""Theme: Steampunk""]","[""Juraj Bilich""]",1433,8.081218705401783,0.2599314419147749,0,0,hard_exclude,edition_Game_family_corroborated,families Game: Compact Combat + shared designer 1 year diff 1 weight diff 0.19 vs base 299122:Machina Arcana (Second Edition + title 'Machina Arcana (Second/Third Edition)',medium
359527,Hidden Leaders: Kickstarter Edition,2022.0,1.8571,2.0,6.0,"[""Game: Hidden Leaders""]","[""Raphael Stocker"", ""Andreas M\u00fcller"", ""Markus M\u00fcller (II)""]",380,7.298413491561943,0.0392111700837336,0,0,hard_exclude,edition_Game_family_corroborated,families Game: Hidden Leaders + shared designer 3 year diff 0 weight diff 0.04 vs base 320718:Hidden Leaders + title 'Hidden Leaders: Kickstarter Edition',medium
15045,Risk: Star Wars – Clone Wars Edition,2005.0,2.2048,2.0,4.0,"[""Fictional Events: Clone Wars"", ""Game: Risk (Official)"", ""Movies: Star Wars"", ""Versions & Editions: Versions with IP after the original release""]","[""Dan Sanfilippo"", ""Rob Daviau""]",1651,5.977110080702982,-0.7717243632998034,0,0,hard_exclude,edition_Game_family_corroborated,families Game: Risk (Official) + shared designer 2 year diff 1 weight diff 0.09 vs base 22551:Risk: Star Wars – Original Tri + title 'Risk: Star Wars – Clone Wars Edition',medium
22143,EastFront: The War in Russia 1941-45 – Second Edition,2006.0,3.4842,2.0,2.0,"[""Components: Block Wargames"", ""Country: Russia"", ""Country: Soviet Union"", ""Decades: The 1940's"", ""History: World War II (Eastern Front)"", ""Players: Two-Player Only Games"", ""Series: Front Series II (Columbia)"", ""War Battlespace: Land Warfare"", ""War Level of Command: Strategic""]","[""Craig Besinque"", ""Tom Dalgliesh""]",588,8.477999142082737,0.7113696133910725,1,0,hard_exclude,version_edition_variant,"is version target of [18602] + title 'EastFront: The War in Russia 1941-45 – Second Edition' contains edition pattern + families ['Components: Block Wargames', 'Country: Russia']",medium
84838,Yomi (Second Edition),2014.0,2.7353,1.0,4.0,"[""Digital Implementations: Steam"", ""Game: Yomi (second edition)"", ""Players: Games with Solitaire Rules"", ""Series: Fantasy Strike (Sirlin)""]","[""David Sirlin""]",559,7.800413628003603,0.6593627776191289,0,0,hard_exclude,edition_Game_family_corroborated,families Game: Yomi (second edition) + shared designer 1 year diff 0 weight diff 0.02 vs base 163047:Yomi: Round 1 + title 'Yomi (Second Edition)',medium
96342,Black Stories: Holiday Edition,2011.0,1.0,2.0,15.0,"[""Game: Black Stories"", ""Misc: No Table Needed""]","[""Holger B\u00f6sch"", ""Nicola Berger""]",109,6.272564757265079,0.642492564723697,0,0,hard_exclude,edition_Game_family_corroborated,families Game: Black Stories + shared designer 1 year diff 0 weight diff 0.00 vs base 96345:Black Stories: Funny Death Edi + title 'Black Stories: Holiday Edition',medium
107255,Evo (Second Edition),2011.0,2.3617,2.0,5.0,"[""Animals: Dinosaurs"", ""Theme: Evolution""]","[""Philippe Keyaerts""]",2267,7.333416568421558,0.3819642623663206,1,0,hard_exclude,version_edition_variant,"is version target of [2666] + title 'Evo (Second Edition)' contains edition pattern + families ['Animals: Dinosaurs', 'Theme: Evolution']",medium
204431,One Night Ultimate Alien,2017.0,1.8966,4.0,10.0,"[""Components: Digital Hybrid \u2013 App/Website Required"", ""Creatures: Aliens / Extraterrestrials"", ""Crowdfunding: Kickstarter"", ""Game: Werewolf / Mafia"", ""Series: One Night (B\u00e9zier Games)""]","[""Ted Alspach"", ""Akihisa Okui""]",1361,7.080615420461788,0.0227271160986948,0,0,hard_exclude,edition_Game_family_corroborated,families Game: Werewolf / Mafia + shared designer 2 year diff 1 weight diff 0.10 vs base 252197:One Week Ultimate Werewolf + title 'One Night Ultimate Alien',medium
311659,What Do You Meme?: Family Edition,2019.0,1.1,3.0,20.0,"[""Game: What Do You Meme?"", ""Mechanism: Judging Games"", ""Theme: Memes""]","[""Elliot Tebele""]",285,5.231171059950616,-1.12436368737196,0,0,hard_exclude,edition_Game_family_corroborated,families Game: What Do You Meme? + shared designer 1 year diff 3 weight diff 0.05 vs base 226610:What Do You Meme? + title 'What Do You Meme?: Family Edition',medium
920,Ultimate Outburst,1999.0,1.3571,2.0,99.0,"[""Game: Outburst""]","[""Brian Hersch""]",288,6.237249031759959,0.4737838010980164,0,0,hard_exclude,edition_Game_family_corroborated,families Game: Outburst + shared designer 1 year diff 5 weight diff 0.21 vs base 14525:Outburst Remix! + title 'Ultimate Outburst',medium
2001,Trivial Pursuit: Family Edition,1993.0,1.68,2.0,36.0,"[""Game: Trivial Pursuit"", ""Series: Trivial Pursuit \u2013 Editions R\u00e9gionales (France)""]","[""(Uncredited)""]",995,5.648574418171626,-0.3798804495413046,0,0,hard_exclude,edition_Game_family_corroborated,families Game: Trivial Pursuit + shared designer 1 year diff 2 weight diff 0.09 vs base 4789:Trivial Pursuit: Genus III + title 'Trivial Pursuit: Family Edition',medium
31552,Wings of War: Deluxe Set,2007.0,2.0118,2.0,4.0,"[""Components: Miniatures"", ""Components: Rulers"", ""Game: Wings of Glory"", ""Occupation: Aviator""]","[""Pier Giorgio Paglia"", ""Andrea Angiolino""]",1174,7.496263975189978,0.373587316415584,0,0,hard_exclude,edition_Game_family_corroborated,families Game: Wings of Glory + shared designer 2 year diff 0 weight diff 0.05 vs base 22532:Wings of War: The Dawn of Worl + title 'Wings of War: Deluxe Set',medium
37198,Risk (Revised Edition),2008.0,2.1593,3.0,5.0,"[""Digital Implementations: Steam"", ""Game: Risk (Official)""]","[""Rob Daviau""]",3281,5.988583068317021,-1.3464179789677069,0,0,hard_exclude,edition_Game_family_corroborated,families Game: Risk (Official) + shared designer 1 year diff 0 weight diff 0.12 vs base 40251:Risk: Balance of Power + title 'Risk (Revised Edition)',medium
147240,Catan: Family Edition,2012.0,2.25,3.0,4.0,"[""Game: Catan"", ""Versions & Editions: Junior Versions of Grown-Up Games""]","[""Klaus Teuber""]",379,6.503590008268895,-0.240518586268327,0,0,hard_exclude,edition_Game_family_corroborated,families Game: Catan + shared designer 1 year diff 0 weight diff 0.10 vs base 117985:Star Trek: Catan + title 'Catan: Family Edition',medium
186567,Baseball Highlights: 2045 – Super Deluxe Edition,2015.0,2.125,1.0,4.0,"[""Game: Baseball Highlights: 2045"", ""Sports: Baseball""]","[""Mike Fitzgerald""]",513,8.15557440517576,1.3020836401238365,0,0,hard_exclude,edition_Game_family_corroborated,families Game: Baseball Highlights: 2045 + shared designer 1 year diff 0 weight diff 0.07 vs base 151022:Baseball Highlights: 2045 + title 'Baseball Highlights: 2045 – Super Deluxe Edition',medium
319966,The King Is Dead: Second Edition,2020.0,2.1621,2.0,4.0,"[""Category: Combinatorial"", ""Components: Map (Continental / National scale)"", ""Country: England"", ""Country: Scotland"", ""Country: Wales"", ""Crowdfunding: Spieleschmiede"", ""Game:  The King Is Dead"", ""Misc: Watch It Played How To Videos""]","[""Peer Sylvester""]",7452,8.044341546581286,-0.0478391364255141,0,0,hard_exclude,edition_Game_family_corroborated,families Game:  The King Is Dead + shared designer 1 year diff 5 weight diff 0.29 vs base 172996:The King Is Dead + title 'The King Is Dead: Second Edition',medium
322985,Shadows of Brimstone: Swamps of Death (Revised Edition),2020.0,3.6667,1.0,4.0,"[""Category: Dungeon Crawler"", ""Game: Shadows of Brimstone"", ""History: American Old West (Wild West)"", ""Mechanism: Campaign Games"", ""Players: Games with Solitaire Rules"", ""Theme: Mining"", ""Theme: Wetlands / Swamps / Bogs / Fens / Marshland""]","[""Jason C. Hill""]",137,8.609584343208867,1.0785396611035551,0,0,hard_exclude,edition_Game_family_corroborated,families Game: Shadows of Brimstone + shared designer 1 year diff 0 weight diff 0.11 vs base 322984:Shadows of Brimstone: City of  + title 'Shadows of Brimstone: Swamps of Death (Revised Edition)',medium
13782,Trivial Pursuit: SNL DVD Edition,2003.0,2.125,2.0,6.0,"[""Components: DVDs"", ""Game: Trivial Pursuit""]","[""(Uncredited)""]",144,4.504012424309817,-1.280404208222418,0,0,hard_exclude,edition_Game_family_corroborated,families Game: Trivial Pursuit + shared designer 1 year diff 0 weight diff 0.24 vs base 7336:Trivial Pursuit: The Lord of t + title 'Trivial Pursuit: SNL DVD Edition',medium
14361,Trivial Pursuit: Disney – The Animated Picture Edition,1999.0,1.5,2.0,32.0,"[""Brands: Disney"", ""Game: Trivial Pursuit"", ""Trivia: Disney""]","[""(Uncredited)""]",137,5.443677039785861,0.064416491532695,0,0,hard_exclude,edition_Game_family_corroborated,families Game: Trivial Pursuit + shared designer 1 year diff 0 weight diff 0.01 vs base 3048:Trivial Pursuit: Millennium Ed + title 'Trivial Pursuit: Disney – The Animated Picture Edition',medium
32743,Black Stories: Mystery Edition,2007.0,1.125,2.0,15.0,"[""Game: Black Stories"", ""Misc: No Table Needed""]","[""Holger B\u00f6sch""]",346,5.549395262593895,-0.0690822071913084,0,0,hard_exclude,edition_Game_family_corroborated,families Game: Black Stories + shared designer 1 year diff 1 weight diff 0.04 vs base 41311:Black Stories 4 + title 'Black Stories: Mystery Edition',medium
150049,Risk: Mass Effect – Galaxy at War Edition,2013.0,2.1111,2.0,5.0,"[""Game: Risk (Official)"", ""Versions & Editions: Versions with IP after the original release""]","[""Andrew Wolf""]",106,6.600353851365721,-0.1462208698016809,0,0,hard_exclude,edition_Game_family_corroborated,families Game: Risk (Official) + shared designer 1 year diff 0 weight diff 0.33 vs base 148036:Risk: Plants vs. Zombies + title 'Risk: Mass Effect – Galaxy at War Edition',medium
212445,Blood Bowl (2016 Edition),2016.0,3.5625,2.0,2.0,"[""Components: Miniatures"", ""Components: Polyhedral (not D6) dice"", ""Game: Blood Bowl"", ""Mechanism: Campaign Games"", ""Players: Two-Player Only Games"", ""Series: Specialist Games (Games Workshop)"", ""Setting: Warhammer Fantasy Board Games"", ""Theme: Fantasy Sports""]","[""James M. Hewitt"", ""Andy Hoare"", ""Jervis Johnson""]",2611,8.164399432451187,0.0893741202584159,0,0,hard_exclude,edition_Game_family_corroborated,families Game: Blood Bowl + shared designer 1 year diff 5 weight diff 0.23 vs base 352026:Dungeon Bowl: The Game of Subt + title 'Blood Bowl (2016 Edition)',medium
232832,Century: Golem Edition,2017.0,1.7089,2.0,5.0,"[""Components: Gems/Crystals"", ""Digital Implementations: Board Game Arena"", ""Game: Century (Plan B Games)""]","[""Emerson Matsuuchi""]",12733,7.844003700978381,0.4594987633158025,0,0,hard_exclude,edition_Game_family_corroborated,families Game: Century (Plan B Games) + shared designer 1 year diff 0 weight diff 0.09 vs base 209685:Century: Spice Road + title 'Century: Golem Edition',medium
238656,Tiny Epic Defenders (Second Edition),2018.0,2.05,1.0,4.0,"[""Category: Tower Defense"", ""Crowdfunding: Kickstarter"", ""Digital Implementations: Board Game Arena"", ""Game: Tiny Epic Defenders"", ""Series: Tiny Epic (Gamelyn Games/Tycoon Games)"", ""Setting: Aughmoore""]","[""Scott Almes""]",1805,7.128772183420534,-0.1278773498220635,0,0,hard_exclude,edition_Game_family_corroborated,families Game: Tiny Epic Defenders + shared designer 1 year diff 3 weight diff 0.23 vs base 155708:Tiny Epic Defenders + title 'Tiny Epic Defenders (Second Edition)',medium
286344,Conflict of Heroes: Storms of Steel – Kursk 1943 (Third Edition),2019.0,2.9565,2.0,4.0,"[""Cities: Kursk (Russia)"", ""Components: Game Trayz Inside"", ""History: World War II (Eastern Front)"", ""Series: Conflict of Heroes (Academy Games)""]","[""Gunter Eickert"", ""Uwe Eickert""]",369,8.508850892850594,0.6328613975157378,1,0,hard_exclude,version_edition_variant,"is version target of [181] + title 'Conflict of Heroes: Storms of Steel – Kursk 1943 (Third Edition)' contains edition pattern + families ['Cities: Kursk (Russia)', 'Components: Game Trayz Inside']",medium
287938,Kitchen Rush (Revised Edition),2019.0,2.1233,2.0,4.0,"[""Components: Sand Timers"", ""Game: Kitchen Rush"", ""Misc: LongPack Games"", ""Theme: Restaurant/Caf\u00e9""]","[""Vangelis Bagiartakis"", ""D\u00e1vid Turczi""]",1928,7.729352449817236,0.2272811429199404,0,0,hard_exclude,edition_Game_family_corroborated,families Game: Kitchen Rush + shared designer 2 year diff 2 weight diff 0.07 vs base 223953:Kitchen Rush + title 'Kitchen Rush (Revised Edition)',medium
367396,Avalon: Big Box,2022.0,2.1765,5.0,10.0,"[""Game: The Resistance"", ""Game: Werewolf / Mafia"", ""Theme: King Arthur / The Knights of the Round Table / Camelot""]","[""Don Eskridge""]",398,8.346901925748652,0.9368294168363764,0,0,hard_exclude,edition_Game_family_corroborated,families Game: The Resistance + shared designer 1 year diff 1 weight diff 0.18 vs base 317030:Quest: Avalon Big Box Edition + title 'Avalon: Big Box',medium
406322,Saboteur: 20 Jahre-Edition,2024.0,1.875,2.0,12.0,"[""Creatures: Dwarves & Gnomes"", ""Game: Saboteur"", ""Series: Amigo Anniversary Rubber-Band Games"", ""Theme: Mining""]","[""Fr\u00e9deric Moyersoen""]",239,7.819608705673618,0.4761296665631622,0,0,hard_exclude,edition_Game_family_corroborated,families Game: Saboteur + shared designer 1 year diff 2 weight diff 0.12 vs base 365702:Saboteur: The Dark Cave + title 'Saboteur: 20 Jahre-Edition',medium
11057,The Great Battles of Alexander: Deluxe Edition,1995.0,3.5726,1.0,4.0,"[""Ancient: Greece"", ""Game: The Great Battles of Alexander"", ""History: Wars of Alexander the Great"", ""Players: Two-Player Only Games"", ""Players: Wargames with Rules Supporting Only Two Players"", ""Series: Great Battles of History (GMT Games)"", ""War Battlespace: Land Warfare"", ""War Level of Command: Tactical""]","[""Mark Herman"", ""Richard H. Berg""]",714,7.991412751515143,0.554988423625919,0,0,hard_exclude,edition_Game_family_corroborated,families Game: The Great Battles of Alexander + shared designer 1 year diff 4 weight diff 0.18 vs base 5233:The Great Battles of Alexander + title 'The Great Battles of Alexander: Deluxe Edition',medium
40347,Monopoly: Here and Now – The World Edition,2008.0,1.6538,2.0,6.0,"[""Game: Monopoly (Official)""]","[""(Uncredited)""]",335,4.9592545781069735,-1.2799775341999613,0,0,hard_exclude,edition_Game_family_corroborated,families Game: Monopoly (Official) + shared designer 1 year diff 0 weight diff 0.23 vs base 38577:Monopoly: Clone Wars + title 'Monopoly: Here and Now – The World Edition',medium
67148,Ultimate Werewolf: Compact Edition,2010.0,1.4444,5.0,34.0,"[""Game: Werewolf / Mafia"", ""Versions & Editions: Travel Versions of Non-Travel Games""]","[""Ted Alspach""]",221,6.919868279139539,0.7460974685267967,0,0,hard_exclude,edition_Game_family_corroborated,families Game: Werewolf / Mafia + shared designer 1 year diff 2 weight diff 0.05 vs base 38159:Ultimate Werewolf: Ultimate Ed + title 'Ultimate Werewolf: Compact Edition',medium
195137,Catacombs (Third Edition),2015.0,2.3968,2.0,5.0,"[""Category: Dungeon Crawler"", ""Crowdfunding: Kickstarter"", ""Digital Implementations: TableTop Simulator Mod (TTS)"", ""Game: Catacombs"", ""Mechanism: Finger Flicking Games"", ""Misc: LongPack Games"", ""Players: One versus Many"", ""Theme: Wizards""]","[""Aron West"", ""Marc Kelsey"", ""Ryan Amos""]",3029,7.762738673002373,0.3248881512212662,0,0,hard_exclude,edition_Game_family_corroborated,families Game: Catacombs + shared designer 3 year diff 5 weight diff 0.44 vs base 57390:Catacombs + title 'Catacombs (Third Edition)',medium
249703,Gentes: Deluxified Edition,2018.0,3.2241,1.0,4.0,"[""Crowdfunding: Kickstarter"", ""Game: Gentes""]","[""Stefan Risthaus""]",1811,8.108377401086694,0.3214897198263422,0,0,hard_exclude,edition_Game_family_corroborated,families Game: Gentes + shared designer 1 year diff 1 weight diff 0.06 vs base 217780:Gentes + title 'Gentes: Deluxified Edition',medium
308762,Mystic Vale: Essential Edition,2020.0,2.3636,2.0,4.0,"[""Game: Mystic Vale"", ""Series: Card Crafting System (AEG)"", ""Theme: Wizards"", ""Versions & Editions: Big Box Versions of Individual Games""]","[""John D. Clair""]",611,8.127349296347505,0.7276874729818967,0,0,hard_exclude,edition_Game_family_corroborated,families Game: Mystic Vale + shared designer 1 year diff 4 weight diff 0.10 vs base 194607:Mystic Vale + title 'Mystic Vale: Essential Edition',medium
33801,UNO: The Simpsons – Special Edition Card Game,2003.0,1.1818,2.0,10.0,"[""Game: UNO"", ""TV Shows: The Simpsons"", ""Versions & Editions: Versions with IP after the original release""]","[""(Uncredited)""]",151,5.7757098914894645,0.2992285347857155,0,0,hard_exclude,edition_Game_family_corroborated,families Game: UNO + shared designer 1 year diff 3 weight diff 0.02 vs base 1333:Boom-O + title 'UNO: The Simpsons – Special Edition Card Game',medium
38821,Settlers of Catan: Gallery Edition,2008.0,2.2857,3.0,4.0,"[""Game: Catan""]","[""Klaus Teuber""]",686,6.554471145003488,-0.2548821293548862,0,0,hard_exclude,edition_Game_family_corroborated,families Game: Catan + shared designer 1 year diff 0 weight diff 0.06 vs base 38749:Catan Geographies: Germany + title 'Settlers of Catan: Gallery Edition',medium
54745,Scene It? The Simpsons Deluxe Edition,2009.0,1.3571,2.0,12.0,"[""Components: DVDs"", ""Game: Scene It?"", ""TV Shows: The Simpsons""]","[""(Uncredited)""]",166,5.571069636248229,-0.1024758960754219,0,0,hard_exclude,edition_Game_family_corroborated,families Game: Scene It? + shared designer 1 year diff 0 weight diff 0.24 vs base 38355:Scene It? Star Trek + title 'Scene It? The Simpsons Deluxe Edition',medium
96345,Black Stories: Funny Death Edition,2011.0,1.0,2.0,15.0,"[""Game: Black Stories"", ""Misc: No Table Needed""]","[""Corinna Harder"", ""Holger B\u00f6sch"", ""Jens Schumacher""]",541,6.135338717674917,0.2285344231334791,0,0,hard_exclude,edition_Game_family_corroborated,families Game: Black Stories + shared designer 2 year diff 0 weight diff 0.00 vs base 111327:Black Stories: Christmas Editi + title 'Black Stories: Funny Death Edition',medium
172737,High Frontier (Third Edition),2017.0,4.675,1.0,5.0,"[""Components: Map (Interplanetary or Interstellar scale)"", ""Crowdfunding: Kickstarter"", ""Game: High Frontier"", ""Space: Colonization / Extraterrestrial Colonisation"", ""Space: Earth's Solar System"", ""Space: Pluto""]","[""Phil Eklund""]",666,8.621809071697076,0.4852517975095534,0,0,hard_exclude,edition_Game_family_corroborated,families Game: High Frontier + shared designer 1 year diff 3 weight diff 0.14 vs base 281655:High Frontier 4 All + title 'High Frontier (Third Edition)',medium
251678,Railroad Ink: Blazing Red Edition,2018.0,1.4677,1.0,6.0,"[""Components: 7 x 7 Grids"", ""Components: Dice with Icons"", ""Components: Dry Erase Markers / Dry Erase Surfaces"", ""Digital Implementations: Board Game Arena"", ""Digital Implementations: Tabletopia"", ""Game: Railroad Ink"", ""Mechanism: Roll-and-Write"", ""Players: Games with expansions that change player count"", ""Players: Games with Solitaire Rules""]","[""Hjalmar Hach"", ""Lorenzo Silva""]",7300,7.418833090086372,0.2109714211814521,0,0,hard_exclude,edition_Game_family_corroborated,families Game: Railroad Ink + shared designer 2 year diff 0 weight diff 0.00 vs base 245654:Railroad Ink: Deep Blue Editio + title 'Railroad Ink: Blazing Red Edition',medium
328326,Fleet: The Dice Game (Second Edition),2020.0,2.2273,1.0,4.0,"[""Animals: Fish / Fishes"", ""Components: Dice with Icons"", ""Digital Implementations: Apple App Store"", ""Digital Implementations: Google Play"", ""Game: Fleet"", ""Mechanism: Dice Drafting"", ""Mechanism: Roll-and-Write"", ""Series: Bookshelf (Gryphon Games)"", ""Versions & Editions: Dice Versions of Non-Dice Games"", ""Versions & Editions: Roll- or Flip-and-Write Versions of Non-Writing Games""]","[""Ben Pinchback"", ""Matt Riddle""]",1337,8.118441718531383,0.6505861910721382,0,0,hard_exclude,edition_Game_family_corroborated,families Game: Fleet + shared designer 2 year diff 2 weight diff 0.28 vs base 245961:Fleet: The Dice Game + title 'Fleet: The Dice Game (Second Edition)',medium
382315,Century: Big Box,2023.0,2.0,2.0,4.0,"[""Game: Century (Plan B Games)"", ""Versions & Editions: Big Box Versions of Individual Games""]","[""Emerson Matsuuchi""]",133,7.9857747278145075,0.7791062911419528,0,0,hard_exclude,edition_Game_family_corroborated,families Game: Century (Plan B Games) + shared designer 1 year diff 3 weight diff 0.14 vs base 312318:Century: Golem Edition – An En + title 'Century: Big Box',medium
8104,Monopoly: European Edition,1991.0,1.375,2.0,12.0,"[""Country: Belgium"", ""Country: Denmark"", ""Country: France"", ""Country: Germany"", ""Country: Greece"", ""Country: Ireland"", ""Country: Italy"", ""Country: Luxembourg"", ""Country: Netherlands"", ""Country: Portugal"", ""Country: Spain"", ""Country: United Kingdom"", ""Game: Monopoly (Official)""]","[""(Uncredited)""]",177,4.984401999427436,-0.6871209515585308,0,0,hard_exclude,edition_Game_family_corroborated,families Game: Monopoly (Official) + shared designer 1 year diff 1 weight diff 0.18 vs base 5339:Monopoly Junior + title 'Monopoly: European Edition',medium
22484,Ingenious: Travel Edition,2006.0,1.8545,2.0,2.0,"[""Game: Ingenious"", ""Players: Two-Player Only Games"", ""Series: Two-player games (Kosmos)"", ""Versions & Editions: Travel Versions of Non-Travel Games"", ""Versions & Editions: Two-Player Versions of More-Player Games""]","[""Reiner Knizia""]",2023,7.414387921783651,0.6237905262499028,0,0,hard_exclude,edition_Game_family_corroborated,families Game: Ingenious + shared designer 1 year diff 2 weight diff 0.05 vs base 9674:Ingenious + title 'Ingenious: Travel Edition',medium
26696,Monopoly: Star Wars Limited Collector's Edition,1997.0,1.6322,2.0,8.0,"[""Game: Monopoly (Official)"", ""Movies: Star Wars"", ""Series: Monopoly-Like""]","[""(Uncredited)""]",1136,5.168510795103838,-0.7363595348713616,0,0,hard_exclude,edition_Game_family_corroborated,families Game: Monopoly (Official) + shared designer 1 year diff 0 weight diff 0.09 vs base 1298:Monopoly: Star Wars + title 'Monopoly: Star Wars Limited Collector's Edition',medium
65262,Connect 4 (Revised Edition),2008.0,1.3182,2.0,2.0,"[""Category: n in a row"", ""Components: 3-Dimensional (3D)"", ""Components: 6 x 7 Grids"", ""Game: Connect 4"", ""Players: Two-Player Only Games""]","[""(Uncredited)""]",783,5.325839045241581,-1.0208761931253303,0,0,hard_exclude,edition_Game_family_corroborated,families Game: Connect 4 + shared designer 1 year diff 1 weight diff 0.02 vs base 42685:Connect 4x4 + title 'Connect 4 (Revised Edition)',medium
92852,Say Anything Family Edition,2011.0,1.2857,3.0,6.0,"[""Components: Dry Erase Markers / Dry Erase Surfaces"", ""Game: Say Anything"", ""Versions & Editions: Junior Versions of Grown-Up Games""]","[""Dominic Crapuchettes""]",370,6.80258209497615,0.7470297298060524,0,0,hard_exclude,edition_Game_family_corroborated,families Game: Say Anything + shared designer 1 year diff 3 weight diff 0.19 vs base 33604:Say Anything + title 'Say Anything Family Edition',medium
131014,Carcassonne: Winter Edition,2012.0,1.7778,2.0,5.0,"[""Game: Carcassonne"", ""Holidays: Christmas""]","[""Klaus-J\u00fcrgen Wrede""]",1944,7.657258570533817,0.9289605943629704,0,0,hard_exclude,edition_Game_family_corroborated,families Game: Carcassonne + shared designer 1 year diff 1 weight diff 0.10 vs base 147303:Carcassonne: South Seas + title 'Carcassonne: Winter Edition',medium
147949,One Night Ultimate Werewolf,2014.0,1.382,3.0,10.0,"[""Creatures: Werewolves"", ""Crowdfunding: Kickstarter"", ""Digital Implementations: TableTop Simulator Mod (TTS)"", ""Game: Werewolf / Mafia"", ""Misc: Made by Panda"", ""Series: One Night (B\u00e9zier Games)""]","[""Ted Alspach"", ""Akihisa Okui""]",28048,7.25350036734585,0.0142592291192986,0,0,hard_exclude,edition_Game_family_corroborated,families Game: Werewolf / Mafia + shared designer 2 year diff 1 weight diff 0.02 vs base 163166:One Night Ultimate Werewolf: D + title 'One Night Ultimate Werewolf',medium
163166,One Night Ultimate Werewolf: Daybreak,2015.0,1.4065,3.0,10.0,"[""Creatures: Werewolves"", ""Crowdfunding: Kickstarter"", ""Game: Werewolf / Mafia"", ""Series: One Night (B\u00e9zier Games)""]","[""Ted Alspach"", ""Akihisa Okui""]",6028,7.516421256106441,0.5217959500551084,0,0,hard_exclude,edition_Game_family_corroborated,families Game: Werewolf / Mafia + shared designer 2 year diff 1 weight diff 0.02 vs base 147949:One Night Ultimate Werewolf + title 'One Night Ultimate Werewolf: Daybreak',medium
174458,Baseball Highlights: 2045 – Deluxe Edition,2015.0,2.28,1.0,4.0,"[""Game: Baseball Highlights: 2045"", ""Sports: Baseball""]","[""Mike Fitzgerald""]",545,8.15720858888965,1.2402009131494545,0,0,hard_exclude,edition_Game_family_corroborated,families Game: Baseball Highlights: 2045 + shared designer 1 year diff 0 weight diff 0.08 vs base 151022:Baseball Highlights: 2045 + title 'Baseball Highlights: 2045 – Deluxe Edition',medium
185104,Monopoly: Game of Thrones Collector's Edition,2015.0,1.2222,2.0,6.0,[],[],520,5.385527961605595,-0.7580204267348716,1,0,hard_exclude,version_edition_variant,is version target of [68448] + title 'Monopoly: Game of Thrones Collector's Edition' contains edition pattern + families [],medium
278304,Fief: France Edition,2023.0,3.9286,3.0,6.0,"[""Country: France"", ""Crowdfunding: Kickstarter"", ""Series: Fief""]","[""Philippe Mouchebeuf""]",149,8.002686588059872,-0.0429394243951737,1,0,hard_exclude,version_edition_variant,"is version target of [336] + title 'Fief: France Edition' contains edition pattern + families ['Country: France', 'Crowdfunding: Kickstarter']",medium
322984,Shadows of Brimstone: City of the Ancients (Revised Edition),2020.0,3.5556,1.0,4.0,"[""Category: Dungeon Crawler"", ""Game: Shadows of Brimstone"", ""Mechanism: Campaign Games"", ""Players: Games with Solitaire Rules""]","[""Jason C. Hill""]",182,8.575585667395497,1.095121670674324,0,0,hard_exclude,edition_Game_family_corroborated,families Game: Shadows of Brimstone + shared designer 1 year diff 0 weight diff 0.11 vs base 322985:Shadows of Brimstone: Swamps o + title 'Shadows of Brimstone: City of the Ancients (Revised Edition)',medium
331979,Quartermaster General WW2: 2nd Edition,2020.0,2.619,2.0,6.0,"[""Components: Map (Global Scale)"", ""Components: Wooden pieces & boards"", ""Digital Implementations: Tabletopia"", ""Game: Quartermaster General"", ""Region: The World"", ""War Level of Command: Strategic""]","[""Ian Brody""]",498,8.204055095213215,0.436287248049501,0,0,hard_exclude,edition_Game_family_corroborated,families Game: Quartermaster General + shared designer 1 year diff 2 weight diff 0.19 vs base 247704:Quartermaster General: The Col + title 'Quartermaster General WW2: 2nd Edition',medium
331992,Steampunk Rally Fusion: Atomic Edition,2021.0,2.8571,2.0,8.0,"[""Crowdfunding: Kickstarter"", ""Game: Steampunk Rally"", ""Theme: Mad Science / Mad Scientist"", ""Theme: Steampunk""]","[""Orin Bishop""]",378,7.97787945372352,0.5665127124372669,0,0,hard_exclude,edition_Game_family_corroborated,families Game: Steampunk Rally + shared designer 1 year diff 0 weight diff 0.05 vs base 298229:Steampunk Rally Fusion + title 'Steampunk Rally Fusion: Atomic Edition',medium
415550,Talisman: The Magical Quest Game – 5th Edition,2024.0,2.1111,2.0,6.0,"[""Category: DIZED Tutorial"", ""Game: Talisman"", ""Players: Games with expansions that add solo play"", ""Theme: Wizards""]","[""Robert Harris"", ""Doug Hopkins""]",254,7.444139267641345,0.1685861584169128,0,0,hard_exclude,edition_Game_family_corroborated,families Game: Talisman + shared designer 1 year diff 5 weight diff 0.00 vs base 274690:Talisman: Batman – Super-Villa + title 'Talisman: The Magical Quest Game – 5th Edition',medium
24376,Trivial Pursuit: Totally 80s Edition,2005.0,1.5625,2.0,4.0,"[""Decades: The 1980's"", ""Game: Trivial Pursuit""]","[""(Uncredited)""]",306,5.141127822331309,-1.085655520188035,0,0,hard_exclude,edition_Game_family_corroborated,families Game: Trivial Pursuit + shared designer 1 year diff 0 weight diff 0.02 vs base 28018:Trivial Pursuit: Disney Editio + title 'Trivial Pursuit: Totally 80s Edition',medium
32688,Scene It? Movie Second Edition,2007.0,1.6429,2.0,12.0,"[""Components: DVDs"", ""Game: Scene It?""]","[""(Uncredited)""]",267,5.743083418165891,-0.1464977907318241,0,0,hard_exclude,edition_Game_family_corroborated,families Game: Scene It? + shared designer 1 year diff 1 weight diff 0.11 vs base 38340:Scene It? Seinfeld + title 'Scene It? Movie Second Edition',medium
144566,Circus Train (Second Edition),2013.0,2.4545,1.0,5.0,"[""Country: Canada"", ""Country: USA"", ""Players: Games with Solitaire Rules"", ""Theme: Circus""]","[""Tom Decker""]",324,7.484107438414439,0.7319898115519852,1,0,hard_exclude,version_edition_variant,"is version target of [4040] + title 'Circus Train (Second Edition)' contains edition pattern + families ['Country: Canada', 'Country: USA']",medium
224035,Zombie Dice Horde Edition,2017.0,1.1364,2.0,8.0,"[""Components: Coloured Dice"", ""Components: Dice with Icons"", ""Components: Polyhedral (not D6) dice"", ""Components: Scoring pad"", ""Containers: Drawstring Bag"", ""Creatures: Zombies"", ""Game: Zombie Dice"", ""Mechanism: Roll-and-Write""]","[""Steve Jackson (I)""]",788,6.842032356200996,0.3318966974011408,0,0,hard_exclude,edition_Game_family_corroborated,families Game: Zombie Dice + shared designer 1 year diff 1 weight diff 0.09 vs base 204175:Batman: The Animated Series Di + title 'Zombie Dice Horde Edition',medium
283619,Century: Golem Edition – Eastern Mountains,2019.0,2.1905,2.0,4.0,"[""Components: Gems/Crystals"", ""Game: Century (Plan B Games)""]","[""Emerson Matsuuchi""]",1819,7.575926233852879,0.215827692958431,0,0,hard_exclude,edition_Game_family_corroborated,families Game: Century (Plan B Games) + shared designer 1 year diff 0 weight diff 0.08 vs base 270970:Century: A New World + title 'Century: Golem Edition – Eastern Mountains',medium
317030,Quest: Avalon Big Box Edition,2021.0,2.0,4.0,10.0,"[""Crowdfunding: Kickstarter"", ""Game: The Resistance"", ""Theme: King Arthur / The Knights of the Round Table / Camelot"", ""Versions & Editions: Big Box Versions of Individual Games""]","[""Don Eskridge""]",322,8.283888142620466,1.078706432911451,0,0,hard_exclude,edition_Game_family_corroborated,families Game: The Resistance + shared designer 1 year diff 0 weight diff 0.12 vs base 316287:Quest + title 'Quest: Avalon Big Box Edition',medium
11385,Stratego: Lord of the Rings Trilogy Edition,2004.0,2.0476,2.0,2.0,"[""Authors: J.R.R. Tolkien"", ""Game: Stratego"", ""Players: Two-Player Only Games""]","[""(Uncredited)""]",466,6.272423042542077,-0.2705468896049394,0,0,hard_exclude,edition_Game_family_corroborated,families Game: Stratego + shared designer 1 year diff 1 weight diff 0.17 vs base 20848:Stratego: The Chronicles of Na + title 'Stratego: Lord of the Rings Trilogy Edition',medium
21809,Apples to Apples: Bible Edition,2006.0,1.2727,4.0,10.0,"[""Game: Apples to Apples"", ""Mechanism: Judging Games"", ""Religious: The Bible""]","[""Susan Anderson"", ""Mark Alan Osterhaus"", ""Matthew Kirby"", ""Rob Anderson""]",171,5.538623809504645,-0.4343591608548829,0,0,hard_exclude,edition_Game_family_corroborated,families Game: Apples to Apples + shared designer 2 year diff 4 weight diff 0.14 vs base 10681:Apples to Apples Junior + title 'Apples to Apples: Bible Edition',medium
158976,Ascension: Year One Collector's Edition,2015.0,2.2857,1.0,6.0,"[""Game: Ascension Deck Building"", ""Players: Games with Solitaire Rules""]","[""Justin Gary""]",433,7.972375996145021,1.2247712822861925,0,0,hard_exclude,edition_Game_family_corroborated,families Game: Ascension Deck Building + shared designer 1 year diff 0 weight diff 0.04 vs base 172155:Ascension: Dawn of Champions + title 'Ascension: Year One Collector's Edition',medium
220775,Codenames: Disney – Family Edition,2017.0,1.2222,2.0,8.0,"[""Brands: Disney"", ""Game: Codenames""]","[""Vlaada Chv\u00e1til""]",3188,6.769261668121144,0.1525280598099225,0,0,hard_exclude,edition_Game_family_corroborated,families Game: Codenames + shared designer 1 year diff 0 weight diff 0.01 vs base 220774:Codenames: Marvel + title 'Codenames: Disney – Family Edition',medium
231327,The Grizzled: Armistice Edition,2018.0,2.3462,1.0,4.0,"[""Admin: Better Description Needed!"", ""Digital Implementations: Apple App Store"", ""Digital Implementations: Google Play"", ""Digital Implementations: Steam"", ""Game: The Grizzled"", ""Mechanism: Campaign Games""]","[""Fabien Riffaud"", ""Juan Rodriguez""]",899,7.872058005515128,0.5530077721356319,0,0,hard_exclude,edition_Game_family_corroborated,families Game: The Grizzled + shared designer 2 year diff 3 weight diff 0.10 vs base 335541:We Care: A Grizzled Game + title 'The Grizzled: Armistice Edition',medium
241203,Ascension: Year Four Collector's Edition,2017.0,2.0,1.0,4.0,"[""Game: Ascension Deck Building"", ""Players: Games with Solitaire Rules""]","[""Justin Gary""]",122,8.176847733597981,1.5329709087252308,0,0,hard_exclude,edition_Game_family_corroborated,families Game: Ascension Deck Building + shared designer 1 year diff 0 weight diff 0.12 vs base 215616:Ascension: Gift of the Element + title 'Ascension: Year Four Collector's Edition',medium
260605,Camel Up (Second Edition),2018.0,1.5114,3.0,8.0,"[""Animals: Camels"", ""Components: Drop Tower"", ""Components: Meeples (Animal) / Animeeples"", ""Country: Egypt"", ""Game: Camel Up"", ""Misc: LongPack Games"", ""Theme: Deserts""]","[""Steffen Bogen""]",14249,7.805081986036596,0.3737154899511417,0,0,hard_exclude,edition_Game_family_corroborated,families Game: Camel Up + shared designer 1 year diff 2 weight diff 0.22 vs base 192947:Camel Up Cards + title 'Camel Up (Second Edition)',medium
293141,King of Tokyo: Dark Edition,2020.0,1.6294,2.0,6.0,"[""Cities: Tokyo (Japan)"", ""Components: Dice with Icons"", ""Country: Japan"", ""Digital Implementations: Board Game Arena"", ""Game: King of Tokyo""]","[""Richard Garfield""]",5420,7.833856833940148,0.7298955523819721,0,0,hard_exclude,edition_Game_family_corroborated,families Game: King of Tokyo + shared designer 1 year diff 1 weight diff 0.20 vs base 336755:King of Tokyo: Monster Box + title 'King of Tokyo: Dark Edition',medium
299122,Machina Arcana (Second Edition): Premium Edition,2020.0,3.8333,1.0,4.0,"[""Category: Dungeon Crawler"", ""Crowdfunding: Kickstarter"", ""Game: Compact Combat"", ""Players: Games with Solitaire Rules"", ""Theme: Cthulhu Mythos"", ""Theme: Steampunk""]","[""Juraj Bilich""]",157,7.895387811689012,0.3989967333083069,0,0,hard_exclude,edition_Game_family_corroborated,families Game: Compact Combat + shared designer 1 year diff 1 weight diff 0.19 vs base 299121:Machina Arcana (Second/Third E + title 'Machina Arcana (Second Edition): Premium Edition',medium
309081,NATO: The Cold War Goes Hot – Designer Signature Edition,2021.0,3.9167,1.0,4.0,"[""Continents: Europe"", ""Country: Belgium"", ""Country: Czech Republic"", ""Country: Denmark"", ""Country: France"", ""Country: Germany"", ""Country: Hungary"", ""Country: Luxembourg"", ""Country: Netherlands"", ""Country: Poland"", ""Crowdfunding: Kickstarter"", ""History: Cold War"", ""Political: NATO"", ""Series: Designer Signature Edition (Compass Games)"", ""Theme: Alternate History""]","[""Bruce S. Maxwell""]",121,8.306028879665169,0.0162414034398121,1,0,hard_exclude,version_edition_variant,"is version target of [221] + title 'NATO: The Cold War Goes Hot – Designer Signature Edition' contains edition pattern + families ['Continents: Europe', 'Country: Belgium']",medium
4492,Trivial Pursuit: 20th Anniversary Edition,2002.0,1.7765,2.0,6.0,"[""Decades: The 1980's"", ""Decades: The 1990's"", ""Game: Trivial Pursuit""]","[""(Uncredited)""]",1432,5.275495574030021,-1.3217041406821544,0,0,hard_exclude,edition_Game_family_corroborated,families Game: Trivial Pursuit + shared designer 1 year diff 1 weight diff 0.11 vs base 7336:Trivial Pursuit: The Lord of t + title 'Trivial Pursuit: 20th Anniversary Edition',medium
6363,Monopoly: World Cup France '98 Edition,1998.0,2.1111,2.0,8.0,"[""Country: France"", ""Game: Monopoly (Official)"", ""Sports: Football / Soccer"", ""Theme: FIFA World Cup""]","[""(Uncredited)""]",113,5.256103511837358,-0.8685587782834556,0,0,hard_exclude,edition_Game_family_corroborated,families Game: Monopoly (Official) + shared designer 1 year diff 0 weight diff 0.22 vs base 8598:Monopoly: Star Trek The Next G + title 'Monopoly: World Cup France '98 Edition',medium
15268,Trivial Pursuit: Book Lover's Edition,2004.0,2.5,2.0,4.0,"[""Game: Trivial Pursuit"", ""Theme: Books / Libraries""]","[""(Uncredited)""]",103,4.731452368915765,-1.783018539171076,0,0,hard_exclude,edition_Game_family_corroborated,families Game: Trivial Pursuit + shared designer 1 year diff 1 weight diff 0.38 vs base 13782:Trivial Pursuit: SNL DVD Editi + title 'Trivial Pursuit: Book Lover's Edition',medium
41291,Ubongo Extreme: Fun-Size Edition,2009.0,1.5,1.0,4.0,"[""Game: Ubongo""]","[""Grzegorz Rejchtman""]",400,6.494575822192238,0.2002478036262909,0,0,hard_exclude,edition_Game_family_corroborated,families Game: Ubongo + shared designer 1 year diff 0 weight diff 0.40 vs base 46396:Ubongo 3D + title 'Ubongo Extreme: Fun-Size Edition',medium
42306,Wings of War: WW2 Deluxe set,2009.0,2.3462,2.0,4.0,"[""Components: Miniatures"", ""Game: Wings of Glory"", ""Occupation: Aviator""]","[""Pier Giorgio Paglia"", ""Andrea Angiolino""]",360,7.382015599566118,0.2724636137867806,0,0,hard_exclude,edition_Game_family_corroborated,families Game: Wings of Glory + shared designer 2 year diff 0 weight diff 0.35 vs base 36482:Wings of War: Fire from the Sk + title 'Wings of War: WW2 Deluxe set',medium
160669,Town Center (Fourth Edition),2014.0,3.2778,1.0,4.0,"[""Components: 3-Dimensional (3D)"", ""Crowdfunding: Kickstarter"", ""Digital Implementations: Tabletopia"", ""Game: Town Center"", ""Series: Small City Trilogy (Alban Viard)"", ""Theme: City"", ""Theme: Construction""]","[""Alban Viard""]",562,7.244806288032936,-0.2006084750841763,0,0,hard_exclude,edition_Game_family_corroborated,families Game: Town Center + shared designer 1 year diff 2 weight diff 0.38 vs base 124545:Town Center + title 'Town Center (Fourth Edition)',medium
252197,One Week Ultimate Werewolf,2018.0,2.0,3.0,7.0,"[""Game: Werewolf / Mafia"", ""Series: One Night (B\u00e9zier Games)""]","[""Ted Alspach"", ""Akihisa Okui""]",377,6.040234098121914,-0.8447561726302393,0,0,hard_exclude,edition_Game_family_corroborated,families Game: Werewolf / Mafia + shared designer 2 year diff 1 weight diff 0.10 vs base 204431:One Night Ultimate Alien + title 'One Week Ultimate Werewolf',medium
252328,Star Wars: X-Wing (Second Edition),2018.0,3.1143,2.0,2.0,"[""Components: Dice with Icons"", ""Components: Polyhedral (not D6) dice"", ""Game: Star Wars X-Wing Miniatures Game"", ""Movies: Star Wars"", ""Players: Two-Player Only Games"", ""Series: FlightPath (Fantasy Flight Game)""]","[""Frank Brooks"", ""Max Brooke"", ""Jay Little""]",2952,8.200491228725724,0.2513492146365408,0,0,hard_exclude,edition_Game_family_corroborated,families Game: Star Wars X-Wing Miniatures Game + shared designer 1 year diff 3 weight diff 0.27 vs base 183562:Star Wars: X-Wing Miniatures G + title 'Star Wars: X-Wing (Second Edition)',medium
311920,Ultimate Werewolf: Extreme,2021.0,2.4,3.0,25.0,"[""Components: Game Trayz Inside"", ""Creatures: Chupacabras"", ""Creatures: Vampires"", ""Creatures: Werewolves"", ""Crowdfunding: Kickstarter"", ""Game: Werewolf / Mafia""]","[""Ted Alspach"", ""Aaron Newman""]",139,7.923722669585063,0.7937044910286861,0,0,hard_exclude,edition_Game_family_corroborated,families Game: Werewolf / Mafia + shared designer 1 year diff 3 weight diff 0.10 vs base 206715:Ultimate Werewolf Legacy + title 'Ultimate Werewolf: Extreme',medium
2929,Monopoly: The .com Edition,2000.0,1.3333,2.0,8.0,"[""Game: Monopoly (Official)"", ""Theme: Computer / Information Technology Industry""]","[""(Uncredited)""]",155,4.830128949185305,-0.9538067863294746,0,0,hard_exclude,edition_Game_family_corroborated,families Game: Monopoly (Official) + shared designer 1 year diff 0 weight diff 0.37 vs base 26205:Monopoly: Euro + title 'Monopoly: The .com Edition',medium
8041,Monopoly: The Lord of the Rings Trilogy Edition,2003.0,1.5714,2.0,6.0,"[""Authors: J.R.R. Tolkien"", ""Game: Monopoly (Official)""]","[""Rob Daviau""]",908,5.304312975206487,-0.6266391891330416,0,0,hard_exclude,edition_Game_family_corroborated,families Game: Monopoly (Official) + shared designer 1 year diff 4 weight diff 0.43 vs base 29676:Monopoly: Tropical Tycoon DVD  + title 'Monopoly: The Lord of the Rings Trilogy Edition',medium
8107,Risk: The Lord of the Rings Trilogy Edition,2003.0,2.3619,2.0,4.0,"[""Authors: J.R.R. Tolkien"", ""Components: Miniatures"", ""Game: Risk (Official)"", ""Versions & Editions: Versions with IP after the original release""]","[""Barry Yearsley"", ""Stephen Baker""]",3713,6.53472199237275,-0.322516514730724,0,0,hard_exclude,edition_Game_family_corroborated,families Game: Risk (Official) + shared designer 2 year diff 1 weight diff 0.09 vs base 4324:Risk: The Lord of the Rings + title 'Risk: The Lord of the Rings Trilogy Edition',medium
15548,Trivial Pursuit: DVD – The Lord Of The Rings Trilogy Edition,2004.0,1.5714,2.0,4.0,"[""Authors: J.R.R. Tolkien"", ""Components: DVDs"", ""Game: Trivial Pursuit""]","[""(Uncredited)""]",265,5.860129976056858,-0.0188170617763043,0,0,hard_exclude,edition_Game_family_corroborated,families Game: Trivial Pursuit + shared designer 1 year diff 0 weight diff 0.17 vs base 13945:Trivial Pursuit: 90's Time Cap + title 'Trivial Pursuit: DVD – The Lord Of The Rings Trilogy Edition',medium
127646,Black Stories: Mittelalter Edition,2012.0,1.75,2.0,15.0,"[""Game: Black Stories"", ""Misc: No Table Needed""]","[""Corinna Harder"", ""Jens Schumacher""]",149,5.936786061066739,-0.0248002519413894,0,0,hard_exclude,edition_Game_family_corroborated,families Game: Black Stories + shared designer 2 year diff 1 weight diff 0.42 vs base 147681:Black Stories: Shit Happens Ed + title 'Black Stories: Mittelalter Edition',medium
152242,Ultimate Werewolf: Deluxe Edition,2014.0,1.5106,5.0,75.0,"[""Crowdfunding: Kickstarter"", ""Game: Werewolf / Mafia""]","[""Ted Alspach""]",1970,7.090587562469449,0.5029466214895342,0,0,hard_exclude,edition_Game_family_corroborated,families Game: Werewolf / Mafia + shared designer 1 year diff 0 weight diff 0.13 vs base 147949:One Night Ultimate Werewolf + title 'Ultimate Werewolf: Deluxe Edition',medium
205418,Agricola: Family Edition,2016.0,2.3978,1.0,4.0,"[""Components: Meeples (Animal) / Animeeples"", ""Game: Agricola"", ""Occupation: Farmer"", ""Series: Harvest (Uwe Rosenberg)"", ""Versions & Editions: Junior Versions of Grown-Up Games""]","[""Uwe Rosenberg""]",3033,7.273471841366956,-0.1590555655904095,0,0,hard_exclude,edition_Game_family_corroborated,families Game: Agricola + shared designer 1 year diff 2 weight diff 0.06 vs base 255262:Agricola: All Creatures Big an + title 'Agricola: Family Edition',medium
245654,Railroad Ink: Deep Blue Edition,2018.0,1.4689,1.0,6.0,"[""Components: 7 x 7 Grids"", ""Components: Dice with Icons"", ""Components: Dry Erase Markers / Dry Erase Surfaces"", ""Digital Implementations: Board Game Arena"", ""Digital Implementations: Google Play"", ""Digital Implementations: Steam"", ""Digital Implementations: Tabletopia"", ""Game: Railroad Ink"", ""Mechanism: Roll-and-Write"", ""Players: Games with expansions that change player count"", ""Players: Games with Solitaire Rules"", ""Theme: Under the Sea""]","[""Hjalmar Hach"", ""Lorenzo Silva""]",13571,7.492248976247908,0.1248445315284394,0,0,hard_exclude,edition_Game_family_corroborated,families Game: Railroad Ink + shared designer 2 year diff 0 weight diff 0.00 vs base 251678:Railroad Ink: Blazing Red Edit + title 'Railroad Ink: Deep Blue Edition',medium
261588,Ascension: Year Five Collector's Edition,2019.0,2.0,1.0,4.0,"[""Game: Ascension Deck Building"", ""Players: Games with Solitaire Rules""]","[""Justin Gary""]",107,8.341164274398478,1.5355914031322495,0,0,hard_exclude,edition_Game_family_corroborated,families Game: Ascension Deck Building + shared designer 1 year diff 0 weight diff 0.00 vs base 271064:Ascension: Skulls & Sails + title 'Ascension: Year Five Collector's Edition',medium
282391,Stockpile: Epic Edition,2019.0,2.2143,2.0,5.0,"[""Crowdfunding: Kickstarter"", ""Digital Implementations: Apple App Store"", ""Game: Stockpile"", ""Theme: Stock Market""]","[""Brett Sobol"", ""Seth Van Orden""]",981,8.271465602702026,1.080463170405313,0,0,hard_exclude,edition_Game_family_corroborated,families Game: Stockpile + shared designer 2 year diff 4 weight diff 0.09 vs base 161614:Stockpile + title 'Stockpile: Epic Edition',medium
295604,Rangers of Shadow Deep: Standard Edition,2020.0,2.25,1.0,4.0,"[""Components: Miniature agnostic"", ""Game: Rangers of Shadow Deep"", ""Players: Games with Solitaire Rules"", ""Players: Wargames with Solitaire Rules""]","[""Joseph McCullough""]",101,8.62188545250424,1.2061441744710848,0,0,hard_exclude,edition_Game_family_corroborated,families Game: Rangers of Shadow Deep + shared designer 1 year diff 2 weight diff 0.03 vs base 264476:Rangers of Shadow Deep + title 'Rangers of Shadow Deep: Standard Edition',medium
1297,Trivial Pursuit: Star Wars Classic Trilogy Collector's Edition,1997.0,1.5784,2.0,4.0,"[""Game: Trivial Pursuit"", ""Movies: Star Wars"", ""Trivia: Movies""]","[""(Uncredited)""]",1542,5.647165385393554,-0.3706363400857961,0,0,hard_exclude,edition_Game_family_corroborated,families Game: Trivial Pursuit + shared designer 1 year diff 1 weight diff 0.21 vs base 1299:Trivial Pursuit: Genus IV + title 'Trivial Pursuit: Star Wars Classic Trilogy Collector's Edition',medium
23964,The Game of Life (40th Anniversary Edition),1999.0,1.2745,2.0,6.0,"[""Game: Game of Life""]","[""Reuben Klamer""]",586,4.612097279130592,-1.4313603564746975,0,0,hard_exclude,edition_Game_family_corroborated,families Game: Game of Life + shared designer 1 year diff 3 weight diff 0.09 vs base 3320:The Game of Life: A Jedi's Pat + title 'The Game of Life (40th Anniversary Edition)',medium
24070,Afrika: 2nd Edition,2006.0,2.6667,1.0,2.0,"[""Continents: Africa"", ""Country: Egypt"", ""Country: Libya"", ""Digital Implementations: VASSAL"", ""History: World War II (Africa)"", ""Players: Two-Player Only Games"", ""Players: Wargames with Rules Supporting Only Two Players"", ""Series: Standard Combat Series (The Gamers & MMP)"", ""War Battlespace: Land Warfare"", ""War Level of Command: Operational""]","[""Dean Essig""]",420,7.825931790296384,0.5973200624320372,1,0,hard_exclude,version_edition_variant,"is version target of [278] + title 'Afrika: 2nd Edition' contains edition pattern + families ['Continents: Africa', 'Country: Egypt']",medium
37931,Jenga: Donkey Kong Collector's Edition,2008.0,1.2,1.0,4.0,"[""Animals: Apes / Monkeys"", ""Game: Jenga (Official)"", ""Theme: Arcade Video Games"", ""Video Game Theme: Donkey Kong"", ""Video Game Theme: Nintendo""]","[""(Uncredited)""]",356,5.83864334681508,-0.3948731943286434,0,0,hard_exclude,edition_Game_family_corroborated,families Game: Jenga (Official) + shared designer 1 year diff 1 weight diff 0.00 vs base 43890:Jenga Max + title 'Jenga: Donkey Kong Collector's Edition',medium
156455,Viticulture: Complete Collector's Edition,2014.0,3.32,1.0,6.0,"[""Crowdfunding: Kickstarter"", ""Food & Drink: Wine"", ""Game: Viticulture""]","[""Alan Stone"", ""Morten Monrad Pedersen"", ""Jamey Stegmaier""]",806,8.61001314486082,1.2661336944120318,0,0,hard_exclude,edition_Game_family_corroborated,families Game: Viticulture + shared designer 2 year diff 1 weight diff 0.37 vs base 128621:Viticulture + title 'Viticulture: Complete Collector's Edition',medium
254195,Trivial Pursuit: World of Harry Potter – Ultimate Edition,2018.0,1.0,2.0,8.0,"[""Books: Harry Potter"", ""Game: Trivial Pursuit""]","[""(Uncredited)""]",283,6.221445924589426,0.1424064269753904,0,0,hard_exclude,edition_Game_family_corroborated,families Game: Trivial Pursuit + shared designer 1 year diff 0 weight diff 0.20 vs base 256214:Trivial Pursuit: Friends + title 'Trivial Pursuit: World of Harry Potter – Ultimate Edition',medium
254617,Monopoly: Cheaters Edition,2018.0,1.3333,2.0,6.0,"[""Game: Monopoly (Official)""]","[""Joe Bradford"", ""Ed Gartin""]",477,4.822266580079958,-1.7318745516310834,0,0,hard_exclude,edition_Game_family_corroborated,families Game: Monopoly (Official) + shared designer 2 year diff 1 weight diff 0.14 vs base 230408:Monopoly Gamer + title 'Monopoly: Cheaters Edition',medium
287821,Good Cop Bad Cop (Third Edition),2019.0,1.3333,4.0,8.0,"[""Digital Implementations: Tabletopia"", ""Game: Good Cop Bad Cop"", ""Theme: Police""]","[""Clayton Skancke"", ""Brian Henk""]",154,7.119633220105125,0.4331930591829804,0,0,hard_exclude,edition_Game_family_corroborated,families Game: Good Cop Bad Cop + shared designer 2 year diff 5 weight diff 0.07 vs base 153064:Good Cop Bad Cop + title 'Good Cop Bad Cop (Third Edition)',medium
330021,Caverna: Cave vs Cave – The Big Box,2022.0,2.5789,1.0,2.0,"[""Game: Caverna (Uwe Rosenberg)"", ""Players: Games with Solitaire Rules"", ""Series: Fur Zwei Spieler (Lookout Games)"", ""Series: Harvest (Uwe Rosenberg)"", ""Theme: Mining"", ""Versions & Editions: Big Box Versions of Individual Games"", ""Versions & Editions: Two-Player Versions of More-Player Games""]","[""Uwe Rosenberg""]",313,7.620257465460871,0.1561776305856144,0,0,hard_exclude,edition_Game_family_corroborated,families Game: Caverna (Uwe Rosenberg) + shared designer 1 year diff 5 weight diff 0.02 vs base 220520:Caverna: Cave vs Cave + title 'Caverna: Cave vs Cave – The Big Box',medium
11628,Trivial Pursuit: Young Players Edition Master Game,1984.0,1.8333,2.0,6.0,"[""Game: Trivial Pursuit""]","[""(Uncredited)""]",224,5.400538447494961,-0.5901024820946539,0,0,hard_exclude,edition_Game_family_corroborated,families Game: Trivial Pursuit + shared designer 1 year diff 5 weight diff 0.07 vs base 2957:Trivial Pursuit: The 1980's + title 'Trivial Pursuit: Young Players Edition Master Game',medium
27266,Silent Death: The Next Millennium Deluxe Edition,1995.0,2.8696,2.0,8.0,"[""Game: Silent Death"", ""Players: Wargames with Rules Supporting Only Two Players""]","[""Kevin Barrett""]",194,7.654605691481128,0.9103902808998754,0,0,hard_exclude,edition_Game_family_corroborated,families Game: Silent Death + shared designer 1 year diff 5 weight diff 0.14 vs base 3895:Silent Death + title 'Silent Death: The Next Millennium Deluxe Edition',medium
40432,Stratego (Revised Edition),2008.0,1.9474,2.0,2.0,"[""Game: Stratego"", ""Players: Two-Player Only Games""]","[""(Uncredited)""]",855,6.185767770720035,-0.6224361277637405,0,0,hard_exclude,edition_Game_family_corroborated,families Game: Stratego + shared designer 1 year diff 3 weight diff 0.07 vs base 20848:Stratego: The Chronicles of Na + title 'Stratego (Revised Edition)',medium
40550,Star Trek Customizable Card Game (Second Edition),2002.0,3.2,2.0,2.0,"[""Collectible: Collectible Card Games"", ""Players: Two-Player Only Games"", ""TV Shows: Star Trek (various)""]","[""Evan Lorentz"", ""Brad Defruiter""]",240,6.9529154477349175,0.415001687569025,1,0,hard_exclude,version_edition_variant,"is version target of [789] + title 'Star Trek Customizable Card Game (Second Edition)' contains edition pattern + families ['Collectible: Collectible Card Games', 'Players: Two-Player Only Games']",medium
40638,Risk: Halo Wars Collector's Edition,2009.0,2.2222,3.0,5.0,"[""Components: Miniatures"", ""Game: Risk (Official)"", ""Versions & Editions: Versions with IP after the original release""]","[""Rob Daviau""]",259,6.119663287355136,-0.7255316172872401,0,0,hard_exclude,edition_Game_family_corroborated,families Game: Risk (Official) + shared designer 1 year diff 1 weight diff 0.06 vs base 40251:Risk: Balance of Power + title 'Risk: Halo Wars Collector's Edition',medium
73655,Expedition Sumatra,2010.0,2.4286,2.0,4.0,"[""Country: Indonesia""]","[""Britta St\u00f6ckmann"", ""Jens Jahnke""]",144,6.577191525221476,0.0185792571254772,1,0,hard_exclude,version_edition_variant,is version target of [235] + title 'Expedition Sumatra' contains edition pattern + families ['Country: Indonesia'],medium
206715,Ultimate Werewolf Legacy,2018.0,2.5,8.0,16.0,"[""Game: Werewolf / Mafia"", ""Mechanism: Legacy"", ""Versions & Editions: Legacy Versions of Non-Legacy Games""]","[""Ted Alspach"", ""Rob Daviau""]",283,7.374110292537184,-0.0077911925503375,0,0,hard_exclude,edition_Game_family_corroborated,families Game: Werewolf / Mafia + shared designer 1 year diff 0 weight diff 0.50 vs base 252197:One Week Ultimate Werewolf + title 'Ultimate Werewolf Legacy',medium
219622,Walk The Plank: Limited Edition,2017.0,1.6667,3.0,5.0,"[""Crowdfunding: Kickstarter"", ""Series: Get Bit Trilogy (Mayday Games)""]","[""Jared Tinney"", ""Shane Steely""]",102,6.626220186295557,0.2399238178120306,1,0,hard_exclude,version_edition_variant,"is version target of [2511] + title 'Walk The Plank: Limited Edition' contains edition pattern + families ['Crowdfunding: Kickstarter', 'Series: Get Bit Trilogy (Mayday Games)']",medium
220141,Munchkin Shakespeare Deluxe,2017.0,2.0,3.0,6.0,"[""Authors: William Shakespeare"", ""Game: Munchkin""]","[""Steve Jackson (I)""]",196,6.695894060941154,0.1347861853347298,0,0,hard_exclude,edition_Game_family_corroborated,families Game: Munchkin + shared designer 1 year diff 1 weight diff 0.00 vs base 246689:Munchkin Teenage Mutant Ninja  + title 'Munchkin Shakespeare Deluxe',medium
248702,Trivial Pursuit: Classic Edition,2016.0,1.2778,2.0,6.0,"[""Game: Trivial Pursuit"", ""Series: World's Smallest (Super Impulse)"", ""Versions & Editions: Travel Versions of Non-Travel Games""]","[""(Uncredited)""]",780,6.074743193732309,-0.5404050558283631,0,0,hard_exclude,edition_Game_family_corroborated,families Game: Trivial Pursuit + shared designer 1 year diff 0 weight diff 0.28 vs base 207911:Trivial Pursuit: 2000s + title 'Trivial Pursuit: Classic Edition',medium
255262,Agricola: All Creatures Big and Small – The Big Box,2018.0,2.3333,2.0,2.0,"[""Components: AI Generated Illustrations"", ""Components: Meeples (Animal) / Animeeples"", ""Game: Agricola"", ""Players: Two-Player Only Games"", ""Series: Fur Zwei Spieler (Lookout Games)"", ""Series: Harvest (Uwe Rosenberg)"", ""Versions & Editions: Big Box Versions of Individual Games"", ""Versions & Editions: Two-Player Versions of More-Player Games""]","[""Uwe Rosenberg""]",1833,7.915192563453687,0.4750744204934278,0,0,hard_exclude,edition_Game_family_corroborated,families Game: Agricola + shared designer 1 year diff 2 weight diff 0.06 vs base 205418:Agricola: Family Edition + title 'Agricola: All Creatures Big and Small – The Big Box',medium
255293,One Night Ultimate Super Villains,2019.0,1.5,3.0,10.0,"[""Game: Werewolf / Mafia"", ""Series: One Night (B\u00e9zier Games)"", ""Theme: Superheroes""]","[""Ted Alspach"", ""Akihisa Okui""]",286,6.83634370170724,0.1472667610742339,0,0,hard_exclude,edition_Game_family_corroborated,families Game: Werewolf / Mafia + shared designer 2 year diff 1 weight diff 0.50 vs base 252197:One Week Ultimate Werewolf + title 'One Night Ultimate Super Villains',medium
306882,Railroad Ink Challenge: Shining Yellow Edition,2021.0,2.0,1.0,4.0,"[""Components: 7 x 7 Grids"", ""Components: Dice with Icons"", ""Components: Dry Erase Markers / Dry Erase Surfaces"", ""Crowdfunding: Kickstarter"", ""Digital Implementations: Tabletopia"", ""Game: Railroad Ink"", ""Mechanism: Roll-and-Write"", ""Players: Games with expansions that change player count"", ""Players: Games with Solitaire Rules"", ""Theme: Cacti and Succulents"", ""Theme: Deserts""]","[""Hjalmar Hach"", ""Lorenzo Silva""]",1713,7.758946073881055,0.3060826582468889,0,0,hard_exclude,edition_Game_family_corroborated,families Game: Railroad Ink + shared designer 2 year diff 0 weight diff 0.11 vs base 306881:Railroad Ink Challenge: Lush G + title 'Railroad Ink Challenge: Shining Yellow Edition',medium
345972,Cat in the Box: Deluxe Edition,2022.0,2.0455,2.0,5.0,"[""Animals: Cats"", ""Digital Implementations: Board Game Arena"", ""Game: Cat in the Box"", ""Misc: Watch It Played How To Videos""]","[""Muneyuki Yokouchi (\u6a2a\u5185\u5b97\u5e78)""]",9914,7.9145873099402575,-0.0397447704214872,0,0,hard_exclude,edition_Game_family_corroborated,families Game: Cat in the Box + shared designer 1 year diff 2 weight diff 0.15 vs base 396587:Colossal Cat in the Box + title 'Cat in the Box: Deluxe Edition',medium
30216,The Great War in Europe: Deluxe Edition,2007.0,3.62,2.0,4.0,"[""Continents: Europe""]","[""Ted Raicer""]",252,7.29534689899082,-0.2786280222251438,1,0,hard_exclude,version_edition_variant,is version target of [1515] + title 'The Great War in Europe: Deluxe Edition' contains edition pattern + families ['Continents: Europe'],medium
111327,Black Stories: Christmas Edition,2011.0,1.0,2.0,15.0,"[""Game: Black Stories"", ""Holidays: Christmas"", ""Misc: No Table Needed""]","[""Corinna Harder"", ""Jens Schumacher""]",103,5.900837955313589,0.2707657627722071,0,0,hard_exclude,edition_Game_family_corroborated,families Game: Black Stories + shared designer 2 year diff 0 weight diff 0.00 vs base 96345:Black Stories: Funny Death Edi + title 'Black Stories: Christmas Edition',medium
172994,Catan: Traveler – Compact Edition,2015.0,2.2,2.0,4.0,"[""Game: Catan"", ""Versions & Editions: Travel Versions of Non-Travel Games""]","[""Klaus Teuber""]",466,7.150021040931871,0.3317651795686531,0,0,hard_exclude,edition_Game_family_corroborated,families Game: Catan + shared designer 1 year diff 1 weight diff 0.27 vs base 161527:Catan: Ancient Egypt + title 'Catan: Traveler – Compact Edition',medium
191790,"Empires in America: The French and Indian War, 1754-1763 (Second Edition)",2016.0,2.8571,1.0,1.0,"[""Category: Tower Defense"", ""History: French and Indian War"", ""Players: Games with Solitaire Rules"", ""Players: Solitaire Only Games"", ""Players: Solitaire Only Wargames"", ""Players: Wargames with Solitaire Rules"", ""Series: States of Siege"", ""Theme: Colonial"", ""Theme: Native Americans / First Peoples""]","[""Joseph Miranda""]",180,7.683848812429899,0.2689340915018512,1,0,hard_exclude,version_edition_variant,"is version target of [9209] + title 'Empires in America: The French and Indian War, 1754-1763 (Second Edition)' contains edition pattern + families ['Category: Tower Defense', 'History: French and Indian War']",medium
272739,Clinic: Deluxe Edition,2019.0,4.0132,1.0,4.0,"[""Crowdfunding: Kickstarter"", ""Digital Implementations: TableTop Simulator Mod (TTS)"", ""Digital Implementations: Tabletopia"", ""Game: Clinic"", ""Medical: Hospitals / Clinics"", ""Players: Games with Solitaire Rules""]","[""Alban Viard""]",2795,8.054680957452307,-0.2480535735552571,0,0,hard_exclude,edition_Game_family_corroborated,families Game: Clinic + shared designer 1 year diff 5 weight diff 0.07 vs base 156840:Clinic + title 'Clinic: Deluxe Edition',medium
312318,Century: Golem Edition – An Endless World,2020.0,2.14,2.0,4.0,"[""Components: Gems/Crystals"", ""Game: Century (Plan B Games)"", ""Mechanism: Tableau Building""]","[""Emerson Matsuuchi""]",1583,7.763674688326302,0.3337445438994093,0,0,hard_exclude,edition_Game_family_corroborated,families Game: Century (Plan B Games) + shared designer 1 year diff 1 weight diff 0.03 vs base 270970:Century: A New World + title 'Century: Golem Edition – An Endless World',medium
356226,Exploding Kittens: 2-Player Edition,2022.0,1.2857,2.0,2.0,"[""Animals: Cats"", ""Game: Exploding Kittens""]","[""Elan Lee"", ""Matthew Inman""]",207,6.270367207467971,-0.5906130756709365,0,0,hard_exclude,edition_Game_family_corroborated,families Game: Exploding Kittens + shared designer 2 year diff 0 weight diff 0.09 vs base 362202:Zombie Kittens + title 'Exploding Kittens: 2-Player Edition',medium
358515,Smash Up: Disney Edition,2022.0,2.4,2.0,4.0,"[""Brands: Disney"", ""Game: Smash Up""]","[""Sean Fletcher"", ""Paul Peterson""]",245,7.370540759596535,0.2051189058415907,0,0,hard_exclude,edition_Game_family_corroborated,families Game: Smash Up + shared designer 2 year diff 1 weight diff 0.13 vs base 306697:Smash Up: Marvel + title 'Smash Up: Disney Edition',medium
381308,Dixit: Disney Edition,2023.0,1.0938,3.0,6.0,"[""Brands: Disney"", ""Game: Dixit"", ""Mechanism: Image Interpretation"", ""Misc: Watch It Played How To Videos"", ""Versions & Editions: Versions with IP after the original release""]","[""Jean-Louis Roubira""]",1182,7.525619120296671,0.1997741087748572,0,0,hard_exclude,edition_Game_family_corroborated,families Game: Dixit + shared designer 1 year diff 2 weight diff 0.07 vs base 329845:Stella: Dixit Universe + title 'Dixit: Disney Edition',medium
173,Formula Dé,1997.0,1.9534,2.0,10.0,"[""Cities: Monte Carlo (Monaco)"", ""Components: Polyhedral (not D6) dice"", ""Game: Formula D\u00e9 / Formula D"", ""Misc: Dice Tower Hall of Fame"", ""Sports: Auto Racing"", ""Sports: Formula 1""]","[""Eric Randall"", ""Laurent Lavaur""]",7719,7.249838628836167,0.3294784991785588,0,0,hard_exclude,reimplementation_remake,"is_reimplementation True via game_links reimplements 64897:Formule Dé + families ['Cities: Monte Carlo (Monaco)', 'Components: Polyhedral (not D6) dice']",high
181,Risk,1959.0,2.06,2.0,6.0,"[""Components: Map (Global Scale)"", ""Components: Miniatures"", ""Game: Risk (Official)"", ""Misc: Dice Tower Hall of Fame"", ""Misc: Watch It Played How To Videos"", ""Region: The World"", ""Series: Nostalgia (Hasbro)"", ""War Battlespace: Land Warfare""]","[""Albert Lamorisse"", ""Michael I. Levin""]",34214,5.661554580428261,-1.6600518674970406,0,0,hard_exclude,reimplementation_remake,"is_reimplementation True via game_links reimplements 9294:La Conquête du Monde + families ['Components: Map (Global Scale)', 'Components: Miniatures']",high
183,Stonehenge,1994.0,1.8667,2.0,2.0,"[""Category: Combinatorial"", ""Components: Wooden pieces & boards"", ""Country: England"", ""Players: Two-Player Only Games"", ""Series: The Games Collection (Pin International)""]","[""Reiner Knizia""]",148,6.712116897949399,0.546982519563648,0,0,hard_exclude,reimplementation_remake,"is_reimplementation True via game_links reimplements 95491:Linea + families ['Category: Combinatorial', 'Components: Wooden pieces & boards']",high
1477,Days of Decision II,1994.0,3.6875,2.0,7.0,"[""Series: World in Flames (ADG)""]","[""Harry Rowland""]",122,6.695445285479994,-0.6538094100633947,0,0,hard_exclude,reimplementation_remake,is_reimplementation True via game_links reimplements 8666:Days of Decision: Global Political Conflict – 1936-1939 + families ['Series: World in Flames (ADG)'],high
1919,D-Day (3rd Edition),1977.0,2.4912,2.0,2.0,"[""Country: Belgium"", ""Country: France"", ""Country: Germany"", ""Country: Netherlands"", ""Digital Implementations: VASSAL"", ""Players: Two-Player Only Games"", ""Players: Wargames with Rules Supporting Only Two Players"", ""Region: Normandy (France)"", ""War Battlespace: Aerial warfare"", ""War Battlespace: Amphibious Warfare"", ""War Battlespace: Land Warfare"", ""War Battlespace: Naval warfare"", ""War Level of Command: Operational""]","[""Charles S. Roberts"", ""James Stahler""]",398,6.148753158994543,-0.6683883618067892,0,0,hard_exclude,reimplementation_remake,"is_reimplementation True via game_links reimplements 12168:D-Day + families ['Country: Belgium', 'Country: France']",high
2099,Online: Internet Card Game,2000.0,1.2857,2.0,6.0,"[""Game: Mille Bornes"", ""Theme: Computer / Information Technology Industry""]","[""(Uncredited)""]",106,5.171455355113159,-0.7253852556759997,0,0,hard_exclude,reimplementation_remake,"is_reimplementation True via game_links reimplements 590:Mille Bornes + families ['Game: Mille Bornes', 'Theme: Computer / Information Technology Industry']",high
2130,Young Jedi: Collectible Card Game,1999.0,1.6364,2.0,2.0,"[""Admin: Game System Entries"", ""Collectible: Collectible Card Games"", ""Movies: Star Wars"", ""Players: Two-Player Only Games""]","[""Chuck Kallenbach""]",356,5.10986374029525,-0.7118797223545137,0,0,hard_exclude,game_system_container,families Admin: Game System Entries; game_links contained_in target 0.0>0 via [],high
2651,Power Grid,2004.0,3.2452,2.0,6.0,"[""Components: Map (Continental / National scale)"", ""Components: Wooden pieces & boards"", ""Country: Germany"", ""Country: USA"", ""Decades: The 2000's"", ""Digital Implementations: Apple App Store"", ""Digital Implementations: BrettspielWelt"", ""Digital Implementations: Google Play"", ""Digital Implementations: Steam"", ""Game: Power Grid"", ""Mechanism: Tableau Building"", ""Misc: BGG Hall of Fame"", ""Misc: Dice Tower Hall of Fame"", ""Occupation: Engineer"", ""Theme: Electricity Generation""]","[""Friedemann Friese""]",64071,8.052950672192082,0.1059942852177169,0,0,hard_exclude,reimplementation_remake,"is_reimplementation True via game_links reimplements 12166:Funkenschlag + families ['Components: Map (Continental / National scale)', 'Components: Wooden pieces & boards']",high
2728,The Generals,1980.0,1.8421,2.0,2.0,"[""Components: 8 x 9 Grids"", ""Game: Stratego"", ""Players: Two-Player Only Games""]","[""James R. Becker"", ""Fredric M. Kuriloff"", ""Sofronio H. Pasola, Jr."", ""Julius Cooper""]",185,6.675588542649103,0.6632425494593788,0,0,hard_exclude,reimplementation_remake,"is_reimplementation True via game_links reimplements 315883:Game of the Generals + families ['Components: 8 x 9 Grids', 'Game: Stratego']",high
2760,Knights of the Dinner Table: Orcs at the Gates,1998.0,1.5385,2.0,5.0,"[""Creatures: Orcs""]","[""Jim Dietz""]",120,5.530713356150566,-0.3856711432092199,0,0,hard_exclude,reimplementation_remake,is_reimplementation True via game_links reimplements 752:Maul of America + families ['Creatures: Orcs'],high
2771,Maginor,2001.0,1.8444,2.0,4.0,[],"[""Reiner Knizia""]",361,5.776095949338071,-0.4705535729472707,0,0,hard_exclude,reimplementation_remake,is_reimplementation True via game_links reimplements 1255:Vegas + families [],high
2876,Mage Knight Dungeons,2002.0,2.4848,2.0,4.0,"[""Admin: Game System Entries"", ""Collectible: Collectible Miniatures Games"", ""Components: 3-Dimensional (3D)"", ""Components: Clix"", ""Setting: Mage Knight""]","[""Michael Mulvihill"", ""Kevin Barrett"", ""Jordan Weisman""]",671,6.746888730936349,0.1163725096460117,0,0,hard_exclude,game_system_container,families Admin: Game System Entries; game_links contained_in target 0.0>0 via [],high
2902,Twilight Imperium: Armada,2001.0,2.6667,2.0,6.0,"[""Collectible: Collectible Token Games"", ""Game: Twilight Imperium""]","[""Christian T. Petersen"", ""Darrell Hardy""]",115,6.866626333876384,0.2208036026588242,0,0,hard_exclude,reimplementation_remake,"is_reimplementation True via game_links reimplements 397:Diskwars + families ['Collectible: Collectible Token Games', 'Game: Twilight Imperium']",high
2904,John Prados' Third Reich,2001.0,4.0,2.0,5.0,"[""Continents: Europe"", ""Series: Chitpull (Avalanche Press)"", ""Series: Third Reich (Avalon Hill and others)"", ""War Level of Command: Strategic""]","[""John Prados"", ""Brian L. Knipple""]",272,6.635688384598887,-1.0216356976041228,0,0,hard_exclude,reimplementation_remake,"is_reimplementation True via game_links reimplements 1563:Rise and Decline of the Third Reich + families ['Continents: Europe', 'Series: Chitpull (Avalanche Press)']",high
2975,Origins of World War II,1971.0,2.0312,2.0,5.0,"[""Continents: Europe"", ""Country: France"", ""Country: Germany"", ""Country: Italy"", ""Country: Russia"", ""Country: Soviet Union"", ""Country: USA"", ""Interwar period (Nov. 1918 - Aug. 1939)"", ""Series: Origins (Jim Dunnigan)"", ""Series: Spiele-Bar (Schmidt-Spiele)"", ""War Level of Command: Grand Strategy""]","[""Jim Dunnigan""]",454,6.323011241434613,-0.1436078345418261,0,0,hard_exclude,reimplementation_remake,"is_reimplementation True via game_links reimplements 17967:Origins of World War I + families ['Continents: Europe', 'Country: France']",high
22766,Die Siedler von Catan: Das Kartenspiel – 10th Anniversary Special Edition Tin Box,2006.0,2.55,2.0,2.0,"[""Containers: Tin/Metal Box"", ""Game: Catan"", ""Game: Catan Card Game"", ""Players: Two-Player Only Games""]","[""Klaus Teuber""]",395,7.634883303726444,0.9557087849722086,0,1,hard_exclude,edition_contained_variant,contained_in via families Game: Catan + shared designer 1 year diff 10 weight diff 0.11 link contained_in 278,high
89952,Carcassonne: 10 Year Special Edition,2011.0,2.0194,2.0,5.0,"[""Cities: Carcassonne (France)"", ""Containers: Unique Shape"", ""Game: Carcassonne""]","[""Klaus-J\u00fcrgen Wrede""]",1698,7.720648580902868,0.8656509741784042,0,1,hard_exclude,edition_contained_variant,contained_in via families Game: Carcassonne + shared designer 1 year diff 11 weight diff 0.14 link contained_in 822,high
146021,Eldritch Horror,2013.0,3.315,1.0,8.0,"[""Components: Map (Global Scale)"", ""Components: Standees"", ""Game: Eldritch Horror"", ""Players: Games with Solitaire Rules"", ""Series: Arkham Horror Files (Fantasy Flight Games)"", ""Theme: Cthulhu Mythos""]","[""Corey Konieczka"", ""Nikki Valens""]",34489,7.881478871512471,-0.1982009301074132,0,0,hard_exclude,reimplementation_remake,"is_reimplementation True via game_links reimplements 15987:Arkham Horror + families ['Components: Map (Global Scale)', 'Components: Standees']",high
182028,Through the Ages: A New Story of Civilization,2015.0,4.441,2.0,4.0,"[""Digital Implementations: Apple App Store"", ""Digital Implementations: Board Game Arena"", ""Digital Implementations: Google Play"", ""Digital Implementations: Steam"", ""Game: Through the Ages"", ""Historical Figures: Various"", ""Mechanism: Tableau Building"", ""Misc: BGG Hall of Fame"", ""Theme: Colonial""]","[""Vlaada Chv\u00e1til""]",31305,8.61703178355162,-0.1621605399226613,0,0,hard_exclude,reimplementation_remake,"is_reimplementation True via game_links reimplements 25613:Through the Ages: A Story of Civilization + families ['Digital Implementations: Apple App Store', 'Digital Implementations: Board Game Arena']",high
222291,Ivion: The Herocrafting Card Game,2018.0,2.625,2.0,4.0,"[""Admin: Game System Entries"", ""Category: Two-Player Fighting Games"", ""Components: Game Trayz Inside"", ""Components: Miniatures"", ""Crowdfunding: Kickstarter"", ""Digital Implementations: TableTop Simulator Mod (TTS)""]","[""Aaron Shaw"", ""Aislyn Hall""]",106,8.162602101902847,1.0900793154844737,0,0,hard_exclude,game_system_container,families Admin: Game System Entries; game_links contained_in target 0.0>0 via [],high
277659,Final Girl,2021.0,2.7578,1.0,1.0,"[""Components: Game Box Used In Play"", ""Containers: Video Tape Boxes"", ""Creatures: Krampus"", ""Crowdfunding: Kickstarter"", ""Game: Final Girl"", ""Misc: LongPack Games"", ""Misc: Watch It Played How To Videos"", ""Movies: Horror Movies"", ""Players: Solitaire Only Games"", ""Theme: Survival""]","[""Evan Derrick"", ""A. J. Porfirio""]",7260,8.343204845838814,0.2324250007451969,0,0,hard_exclude,reimplementation_remake,"is_reimplementation True via game_links reimplements 134253:Hostage Negotiator + families ['Components: Game Box Used In Play', 'Containers: Video Tape Boxes']",high
365717,Clank!: Catacombs,2022.0,2.4892,2.0,4.0,"[""Animals: Apes / Monkeys"", ""Animals: Cats"", ""Category: Dungeon Crawler"", ""Creatures: Dragons"", ""Creatures: Goblins"", ""Creatures: Monsters"", ""Digital Implementations: Dire Wolf Game Room"", ""Game: Clank!"", ""Misc: LongPack Games"", ""Misc: Watch It Played How To Videos"", ""Players: Games with expansions that add solo play"", ""Players: Games with expansions that change player count""]","[""Paul Dennen""]",8014,8.582546168901787,0.5784576564383439,0,0,hard_exclude,reimplementation_remake,"is_reimplementation True via game_links reimplements 201808:Clank!: A Deck-Building Adventure + families ['Animals: Apes / Monkeys', 'Animals: Cats']",high
410201,Wyrmspan,2024.0,2.8306,1.0,5.0,"[""Category: DIZED Tutorial"", ""Creatures: Dragons"", ""Digital Implementations: Tabletopia"", ""Game: Wingspan"", ""Mechanism: Tableau Building"", ""Misc: Made by Panda"", ""Organizations: Automa Factory"", ""Players: Games with Solitaire Rules""]","[""Connie Vogelmann""]",8208,8.251416521679955,-0.2489798533474552,0,0,hard_exclude,reimplementation_remake,"is_reimplementation True via game_links reimplements 266192:Wingspan + families ['Category: DIZED Tutorial', 'Creatures: Dragons']",high
412865,Foundations of Metropolis,2024.0,2.0,2.0,4.0,"[""Components: Polyominoes"", ""Series: Dice Tower Essentials"", ""Theme: City"", ""Theme: Construction""]","[""Emerson Matsuuchi""]",866,8.139402111860745,0.4889424846562686,0,0,hard_exclude,reimplementation_remake,"is_reimplementation True via game_links reimplements 284189:Foundations of Rome + families ['Components: Polyominoes', 'Series: Dice Tower Essentials']",high
17,Button Men,1999.0,1.52,2.0,2.0,"[""Admin: Better Description Needed!"", ""Category: Two-Player Fighting Games"", ""Components: Polyhedral (not D6) dice"", ""Creatures: Vampires"", ""Digital Implementations: TableTop Simulator Mod (TTS)"", ""Players: Two-Player Only Games""]","[""James Ernest""]",810,6.551266462135327,0.2048888885115634,0,0,hard_exclude,reimplementation_remake,"is_reimplementation True via game_links reimplements 14867:Dogfight + families ['Admin: Better Description Needed!', 'Category: Two-Player Fighting Games']",high
36,Federation & Empire,1986.0,4.3594,2.0,8.0,"[""Components: Map (Interplanetary or Interstellar scale)"", ""Game: Federation & Empire"", ""Setting: Star Fleet Universe"", ""TV Shows: Star Trek (various)"", ""War Battlespace: Space Warfare"", ""War Level of Command: Strategic""]","[""Stephen V. Cole""]",407,6.611928363508733,-0.9306053890807372,0,0,hard_exclude,reimplementation_remake,"is_reimplementation True via game_links reimplements 1594:Federation Space + families ['Components: Map (Interplanetary or Interstellar scale)', 'Game: Federation & Empire']",high
97,Conquest of the Empire,1984.0,2.5176,2.0,6.0,"[""Ancient: Rome"", ""Components: Map (Continental / National scale)"", ""Components: Miniatures"", ""Digital Implementations: TableTop Simulator Mod (TTS)"", ""Digital Implementations: VASSAL"", ""History: Roman Empire"", ""Region: Mediterranean Sea"", ""Series: Gamemaster (Milton Bradley)""]","[""Larry Harris, Jr.""]",1021,6.465368346918858,-0.5581144186258591,0,0,hard_exclude,reimplementation_remake,"is_reimplementation True via game_links reimplements 1478:VI Caesars + families ['Ancient: Rome', 'Components: Map (Continental / National scale)']",high
105,Colossal Arena,1997.0,2.0215,2.0,5.0,"[""Creatures: Monsters"", ""Series: Betting Trilogy (Reiner Knizia)"", ""Series: Fantasy Flight Silver Line""]","[""Reiner Knizia""]",7275,7.120545796314228,0.1665126967028998,0,0,hard_exclude,reimplementation_remake,"is_reimplementation True via game_links reimplements 1367:Grand National Derby + families ['Creatures: Monsters', 'Series: Betting Trilogy (Reiner Knizia)']",high
372,Schotten Totten,1999.0,1.6692,2.0,2.0,"[""Card Games: Lane Battler"", ""Country: Scotland"", ""Digital Implementations: Board Game Arena"", ""Game: Schotten-Totten"", ""Players: Two-Player Only Games"", ""Series: Mini Games (IELLO)""]","[""Reiner Knizia""]",12185,7.629136427904309,0.5228964332416259,0,0,hard_exclude,reimplementation_remake,"is_reimplementation True via game_links reimplements 322864:The Fifth Column + families ['Card Games: Lane Battler', 'Country: Scotland']",high
394,Kahuna,1998.0,2.052,2.0,2.0,"[""Digital Implementations: Apple App Store"", ""Digital Implementations: Board Game Arena"", ""Digital Implementations: Yucata"", ""Islands: Fictional"", ""Players: Two-Player Only Games"", ""Region: Oceania"", ""Series: Two-player games (Kosmos)"", ""Theme: Tropical Islands""]","[""G\u00fcnter Cornett""]",9887,6.919518895314867,-0.1930319937851345,0,0,hard_exclude,reimplementation_remake,"is_reimplementation True via game_links reimplements 309:Arabana-Ikibiti + families ['Digital Implementations: Apple App Store', 'Digital Implementations: Board Game Arena']",high
420,Rail Baron,1977.0,2.2632,3.0,6.0,[],"[""R. S. Erickson"", ""Thomas F. Erickson, Jr.""]",1584,6.803882965882958,0.2695076368989868,0,0,hard_exclude,reimplementation_remake,is_reimplementation True via game_links reimplements 24225:Boxcars + families [],high
1324,Café International: Das Kartenspiel,2001.0,1.3176,2.0,5.0,"[""Game: Caf\u00e9 International"", ""Versions & Editions: Card Versions of Non-Card Games""]","[""Roland Siegers"", ""Rudi Hoffmann""]",986,6.011319234605142,-0.2196777244582177,0,0,hard_exclude,reimplementation_remake,"is_reimplementation True via game_links reimplements 214:Café International + families ['Game: Café International', 'Versions & Editions: Card Versions of Non-Card Games']",high
1334,Entdecker: Exploring New Horizons,2001.0,2.4344,2.0,4.0,"[""Components: 8 x 12 Grids"", ""Components: Map (Regional scale)"", ""History: Age of Discovery"", ""Theme: Tropical Islands""]","[""Klaus Teuber""]",1986,6.868535048659206,0.0109872118411367,0,0,hard_exclude,reimplementation_remake,"is_reimplementation True via game_links reimplements 200:Entdecker + families ['Components: 8 x 12 Grids', 'Components: Map (Regional scale)']",high
1370,The Classic Dungeon,1992.0,1.4286,1.0,6.0,"[""Admin: Better Description Needed!"", ""Category: Dungeon Crawler""]","[""David R. Megarry"", ""Jeff Grubb"", ""Steve Winter""]",400,6.125946967072987,0.084797657029056,0,0,hard_exclude,reimplementation_remake,"is_reimplementation True via game_links reimplements 1339:Dungeon! + families ['Admin: Better Description Needed!', 'Category: Dungeon Crawler']",high
1375,Guadalcanal,1992.0,2.6,2.0,2.0,"[""Country: Solomon Islands"", ""History: World War II (Pacific)"", ""Islands: Guadalcanal"", ""Players: Two-Player Only Games"", ""Series: American History (Avalon Hill)""]","[""S. Craig Taylor""]",168,6.768938603777059,-0.1149479991756461,0,0,hard_exclude,reimplementation_remake,"is_reimplementation True via game_links reimplements 1373:Midway + families ['Country: Solomon Islands', 'History: World War II (Pacific)']",high
1463,Girl Genius: The Works,2001.0,1.9355,2.0,4.0,"[""Theme: Mad Science / Mad Scientist"", ""Theme: Steampunk""]","[""Phil Foglio"", ""James Ernest""]",680,6.185205460798076,-0.4117769747636588,0,0,hard_exclude,reimplementation_remake,"is_reimplementation True via game_links reimplements 1627:XXXenophile + families ['Theme: Mad Science / Mad Scientist', 'Theme: Steampunk']",high
2537,Draco & Co,2001.0,1.4706,3.0,6.0,"[""Series: Blue Games (Descartes)""]","[""Bruno Faidutti"", ""Michael Schacht""]",385,5.824274994028252,-0.2476807867029302,0,0,hard_exclude,reimplementation_remake,is_reimplementation True via game_links reimplements 775:Die Tafelrunde + families ['Series: Blue Games (Descartes)'],high
3972,Catan: Portable Edition,2002.0,2.25,3.0,4.0,"[""Game: Catan"", ""Versions & Editions: Travel Versions of Non-Travel Games""]","[""Klaus Teuber""]",1499,6.913576777251896,0.0183722343357821,0,0,hard_exclude,reimplementation_remake,"is_reimplementation True via game_links reimplements 13:Catan + families ['Game: Catan', 'Versions & Editions: Travel Versions of Non-Travel Games']",high
4095,Star Munchkin,2002.0,1.7439,3.0,6.0,"[""Game: Munchkin""]","[""Steve Jackson (I)""]",4884,6.090369908847699,-0.47553974006789,0,0,hard_exclude,reimplementation_remake,is_reimplementation True via game_links reimplements 1927:Munchkin + families ['Game: Munchkin'],high
4258,Totaler Krieg! World War II in Europe,1999.0,4.0141,1.0,3.0,"[""Continents: Europe"", ""Series: Krieg (Decision Games)"", ""War Level of Command: Strategic""]","[""Alan Emrich"", ""Steve Kosakowski""]",334,7.842073513940137,0.1073695061269939,0,0,hard_exclude,reimplementation_remake,"is_reimplementation True via game_links reimplements 10829:Krieg! World War II in Europe + families ['Continents: Europe', 'Series: Krieg (Decision Games)']",high
4384,Im Schatten des Sonnenkönigs,2002.0,1.6,2.0,6.0,[],"[""Alan R. Moon"", ""Aaron Weissblum""]",112,5.549890649782265,-0.51699706016527,0,0,hard_exclude,reimplementation_remake,is_reimplementation True via game_links reimplements 610:Knights of the Rainbow + families [],high
38026,Clue: Harry Potter Edition,2008.0,1.5714,3.0,5.0,"[""Books: Harry Potter"", ""Game: Cluedo / Clue (Parker Brothers, et al)""]","[""Rob Daviau""]",1526,6.177974228708455,0.0067305507077106,1,0,hard_exclude,version_edition_variant,"is version target of [869] + title 'Clue: Harry Potter Edition' contains edition pattern + families ['Books: Harry Potter', 'Game: Cluedo / Clue (Parker Brothers, et al)']",high
39463,Cosmic Encounter,2008.0,2.5825,3.0,5.0,"[""Creatures: Aliens / Extraterrestrials"", ""Digital Implementations: TableTop Simulator Mod (TTS)"", ""Digital Implementations: VASSAL"", ""Game: Cosmic Encounter"", ""Players: Games with expansions that change player count""]","[""Kevin Wilson"", ""Jack Kittredge"", ""Bill Norton"", ""Bill Eberle"", ""Peter Olotka""]",32624,7.792593049362169,0.0081708109040912,0,0,hard_exclude,reimplementation_remake,"is_reimplementation True via game_links reimplements 15:Cosmic Encounter + families ['Creatures: Aliens / Extraterrestrials', 'Digital Implementations: TableTop Simulator Mod (TTS)']",high
102794,Caverna: The Cave Farmers,2013.0,3.7773,1.0,7.0,"[""Animals: Cattle / Cows"", ""Animals: Dogs"", ""Animals: Donkeys"", ""Animals: Sheep"", ""Animals: Wild boar"", ""Components: Gems/Crystals"", ""Components: Meeples (Animal) / Animeeples"", ""Components: Wooden pieces & boards"", ""Digital Implementations: Apple App Store"", ""Digital Implementations: Board Game Arena"", ""Digital Implementations: Google Play"", ""Digital Implementations: Steam"", ""Game: Caverna (Uwe Rosenberg)"", ""Players: Games with Solitaire Rules"", ""Series: Harvest (Uwe Rosenberg)"", ""Theme: Mining""]","[""Uwe Rosenberg""]",34610,8.240171459641177,-0.0701949855110299,0,0,hard_exclude,reimplementation_remake,"is_reimplementation True via game_links reimplements 31260:Agricola + families ['Animals: Cattle / Cows', 'Animals: Dogs']",high
161617,Dungeon Lords: Happy Anniversary,2014.0,3.9643,2.0,4.0,"[""Crowdfunding: Kickstarter"", ""Game: Dungeon Lords"", ""Theme: Construction""]","[""Vlaada Chv\u00e1til""]",1051,8.425364276680536,0.8427845360892956,0,1,hard_exclude,edition_contained_variant,contained_in via families Game: Dungeon Lords + shared designer 1 year diff 5 weight diff 0.39 link contained_in 45315,high
164153,Star Wars: Imperial Assault,2014.0,3.3017,2.0,5.0,"[""Category: Dungeon Crawler"", ""Components: Dice with Icons"", ""Components: Miniatures"", ""Creatures: Aliens / Extraterrestrials"", ""Game: Star Wars Imperial Assault"", ""Mechanism: Campaign Games"", ""Movies: Star Wars"", ""Players: Games with Solitaire Rules"", ""Players: One versus Many""]","[""Justin Kemppainen"", ""Jonathan Ying"", ""Corey Konieczka""]",23512,8.114004275085886,0.1945774656441479,1,0,hard_exclude,reimplementation_remake,"is_reimplementation True via game_links reimplements 17226:Descent: Journeys in the Dark + families ['Category: Dungeon Crawler', 'Components: Dice with Icons']",high
176189,Zombicide: Black Plague,2015.0,2.4741,1.0,6.0,"[""Category: Dungeon Crawler"", ""Components: Miniatures"", ""Creatures: Zombies"", ""Crowdfunding: Kickstarter"", ""Game: Zombicide"", ""Misc: Watch It Played How To Videos"", ""Players: Games with Solitaire Rules"", ""Theme: Post-Apocalyptic""]","[""Jean-Baptiste Lullien"", ""Nicolas Raoult"", ""Rapha\u00ebl Guiton""]",15419,7.706477417522983,0.0950426433012285,1,0,hard_exclude,reimplementation_remake,"is_reimplementation True via game_links reimplements 113924:Zombicide + families ['Category: Dungeon Crawler', 'Components: Miniatures']",high
213788,Ascension: Year Three Collector's Edition,2016.0,2.5,1.0,6.0,"[""Game: Ascension Deck Building"", ""Players: Games with Solitaire Rules""]","[""Justin Gary""]",218,8.068199869579036,1.166978536255133,1,0,hard_exclude,version_edition_variant,"is version target of [31260] + title 'Ascension: Year Three Collector's Edition' contains edition pattern + families ['Game: Ascension Deck Building', 'Players: Games with Solitaire Rules']",high
209418,Dominion (Second Edition),2016.0,2.1742,2.0,4.0,"[""Game: Dominion"", ""Mechanism: Pure Deckbuilding"", ""Misc: Mensa Select""]","[""Donald X. Vaccarino""]",10598,8.1266579001284,0.4644320038667207,0,0,hard_exclude,reimplementation_remake,"is_reimplementation True via game_links reimplements 36218:Dominion + families ['Game: Dominion', 'Mechanism: Pure Deckbuilding']",high
224483,Exceed Fighting System,2016.0,2.6522,2.0,2.0,"[""Admin: Game System Entries"", ""Category: Two-Player Fighting Games"", ""Digital Implementations: TableTop Simulator Mod (TTS)"", ""Digital Implementations: Tabletopia"", ""Game: Exceed Fighting System"", ""Players: Two-Player Only Games""]","[""D. Brad Talton, Jr.""]",586,8.434270347579723,1.0793166119654618,0,0,hard_exclude,game_system_container,families Admin: Game System Entries; game_links contained_in target 0.0>0 via [],high
224517,Brass: Birmingham,2018.0,3.859,2.0,4.0,"[""Cities: Birmingham (England)"", ""Components: Map (Regional scale)"", ""Components: Multi-Use Cards"", ""Country: England"", ""Country: United Kingdom"", ""Crowdfunding: Kickstarter"", ""Crowdfunding: Spieleschmiede"", ""Digital Implementations: Steam"", ""Digital Implementations: Tabletopia"", ""Digital Implementations: VASSAL"", ""Food & Drink: Beer"", ""Game: Brass"", ""History: Industrial Revolution"", ""Misc: LongPack Games"", ""Misc: Watch It Played How To Videos"", ""Occupation: Engineer"", ""Organizations: The Game Artisans of Canada"", ""Theme: Canals""]","[""Martin Wallace"", ""Gavan Brown"", ""Matt Tolman""]",46501,8.894795874230748,0.169929968552255,0,0,hard_exclude,reimplementation_remake,"is_reimplementation True via game_links reimplements 28720:Brass: Lancashire + families ['Cities: Birmingham (England)', 'Components: Map (Regional scale)']",high
254640,Just One,2018.0,1.033,3.0,7.0,"[""Components: Dry Erase Markers / Dry Erase Surfaces"", ""Digital Implementations: Board Game Arena"", ""Mechanism: Give a Clue / Get a Clue"", ""Misc: LongPack Games"", ""Word Games: Guess the Word""]","[""Ludovic Roudy"", ""Bruno Sautter""]",29898,7.900573889844915,0.3496691208002724,0,0,hard_exclude,reimplementation_remake,"is_reimplementation True via game_links reimplements 241611:We Are the Word + families ['Components: Dry Erase Markers / Dry Erase Surfaces', 'Digital Implementations: Board Game Arena']",high
284378,Kanban EV,2020.0,4.2927,1.0,4.0,"[""Crowdfunding: Kickstarter"", ""Digital Implementations: Tabletopia"", ""Game: Kanban"", ""Misc: Made by Panda"", ""Theme: Automotive Industry""]","[""Vital Lacerda""]",8345,8.820811298347227,0.0361869482356507,0,0,hard_exclude,reimplementation_remake,"is_reimplementation True via game_links reimplements 109276:Kanban: Driver's Edition + families ['Crowdfunding: Kickstarter', 'Digital Implementations: Tabletopia']",high
367966,Endeavor: Deep Sea,2024.0,2.9284,1.0,4.0,"[""Animals: Coral / Jellyfish / Anemones"", ""Animals: Dolphins"", ""Animals: Sharks"", ""Animals: Turtles"", ""Animals: Whales"", ""Crowdfunding: Gamefound"", ""Crowdfunding: Kickstarter"", ""Game: Endeavor"", ""Game: Endeavor Deep Sea"", ""Occupation: Engineer"", ""Occupation: Researcher / Scientist"", ""Players: Games with expansions that change player count"", ""Players: Games with Solitaire Rules"", ""Theme: Biology"", ""Theme: Ecology"", ""Theme: Environmental Protection / Degradation / Pollution"", ""Theme: Science"", ""Theme: Submarines"", ""Theme: Under the Sea""]","[""Jarratt Gray"", ""Carl de Visser""]",2713,8.627909207249,0.1493749538862108,0,0,hard_exclude,reimplementation_remake,"is_reimplementation True via game_links reimplements 33160:Endeavor + families ['Animals: Coral / Jellyfish / Anemones', 'Animals: Dolphins']",high
156,Wildlife Adventure,1985.0,1.8814,2.0,6.0,"[""Theme: Endangered / Extinct species"", ""Theme: Safaris""]","[""Ursula Kramer"", ""Wolfgang Kramer""]",618,7.166886633458335,0.8859459961141063,0,0,hard_exclude,reimplementation_remake,"is_reimplementation True via game_links reimplements 7289:Bike About + families ['Theme: Endangered / Extinct species', 'Theme: Safaris']",high
459,Ausgebremst,1993.0,1.6333,3.0,6.0,"[""Admin: Better Description Needed!"", ""Sports: Auto Racing""]","[""Wolfgang Riedesser""]",253,7.293944343781467,1.2094801424584176,0,0,hard_exclude,reimplementation_remake,"is_reimplementation True via game_links reimplements 494:Ave Caesar + families ['Admin: Better Description Needed!', 'Sports: Auto Racing']",high
460,Railway Rivals,1979.0,2.325,2.0,6.0,"[""Game: Railway Rivals""]","[""David G. Watts""]",397,7.022939242787428,0.7281584891719595,0,0,hard_exclude,reimplementation_remake,is_reimplementation True via game_links reimplements 48159:Railway Rivals + families ['Game: Railway Rivals'],high
463,Magic: The Gathering,1993.0,3.286,2.0,6.0,"[""Game: Magic The Gathering"", ""Admin: Game System Entries"", ""Category: Two-Player Fighting Games"", ""Collectible: Collectible Card Games"", ""Components: Customizable"", ""Misc: BGG Hall of Fame"", ""Misc: Dice Tower Hall of Fame"", ""Misc: Mensa Select"", ""Setting: Dominaria (Magic: The Gathering)""]","[""Richard Garfield""]",38877,7.797016474977692,0.091689219423463,0,0,hard_exclude,game_system_container,families Admin: Game System Entries; game_links contained_in target 0.0>0 via [],high
1496,Imperium Romanum II,1985.0,3.7867,1.0,6.0,"[""Ancient: Greece"", ""Ancient: Rome"", ""Components: Map (Continental / National scale)"", ""History: Byzantium"", ""Region: Mediterranean Sea""]","[""Albert A. Nofi""]",606,6.89885767901691,-0.5909055103708898,0,0,hard_exclude,reimplementation_remake,"is_reimplementation True via game_links reimplements 8740:Imperium Romanum: The Clash of Legions + families ['Ancient: Greece', 'Ancient: Rome']",high
1544,Beyond Balderdash,1993.0,1.4692,2.0,6.0,"[""Game: Balderdash"", ""Series: MiniGames (Drumond Park)"", ""Traditional Games: Dictionary""]","[""Laura Robinson"", ""Paul Toyne""]",3229,7.055030663748809,0.491316227965731,0,0,hard_exclude,reimplementation_remake,"is_reimplementation True via game_links reimplements 163:Balderdash + families ['Game: Balderdash', 'Series: MiniGames (Drumond Park)']",high
1634,Warhammer Quest,1995.0,2.686,1.0,4.0,"[""Category: Dungeon Crawler"", ""Mechanism: Campaign Games"", ""Players: Games with Solitaire Rules"", ""Setting: Warhammer Fantasy Board Games""]","[""Andy Jones""]",2362,7.594514876413053,0.6224089043906567,0,0,hard_exclude,reimplementation_remake,"is_reimplementation True via game_links reimplements 1758:Advanced Heroquest + families ['Category: Dungeon Crawler', 'Mechanism: Campaign Games']",high
1720,Dragon Pass,1980.0,3.4355,2.0,3.0,"[""Animals: Bats"", ""Animals: Dinosaurs"", ""Animals: Dogs"", ""Animals: Horses"", ""Animals: Insects"", ""Animals: Lizards"", ""Creatures: Dragons"", ""Creatures: Monsters"", ""Creatures: Zombies"", ""Digital Implementations: VASSAL"", ""Setting: Glorantha"", ""Theme: Weather"", ""Theme: Witches""]","[""Robert Corbett"", ""Greg Stafford""]",443,7.160013279539529,0.0588258324662707,0,0,hard_exclude,reimplementation_remake,"is_reimplementation True via game_links reimplements 10884:White Bear & Red Moon + families ['Animals: Bats', 'Animals: Dinosaurs']",high
1721,Business Strategy,1973.0,2.5882,2.0,4.0,[],"[""(Uncredited)""]",140,6.365630285023996,0.1875076514709652,0,0,hard_exclude,reimplementation_remake,is_reimplementation True via game_links reimplements 7006:Management + families [],high
3321,Die Pyramiden des Jaguar,2002.0,1.7353,2.0,2.0,"[""Constructions: Pyramids"", ""Players: Two-Player Only Games"", ""Series: Two-player games (Kosmos)""]","[""G\u00fcnter Burkhardt""]",957,6.415588461488296,-0.0852126935368566,0,0,hard_exclude,reimplementation_remake,"is_reimplementation True via game_links reimplements 489:Pacal + families ['Constructions: Pyramids', 'Players: Two-Player Only Games']",high
3513,Electronic Stratego,1982.0,1.6,2.0,2.0,"[""Components: 8 x 10 Grids"", ""Game: Stratego"", ""Players: Two-Player Only Games"", ""Versions & Editions: Electronic Versions of Non-Electronic Games""]","[""(Uncredited)""]",103,6.390676885938452,0.0192849513711586,0,0,hard_exclude,reimplementation_remake,"is_reimplementation True via game_links reimplements 1917:Stratego + families ['Components: 8 x 10 Grids', 'Game: Stratego']",high
3528,Priceless,1996.0,2.4,2.0,4.0,[],"[""Tom Kremer"", ""Phil Orbanes Sr.""]",106,6.193233907236396,-0.0994869102640603,0,0,hard_exclude,reimplementation_remake,is_reimplementation True via game_links reimplements 507:Cartel + families [],high
3553,Close Action: The Age of Fighting Sail Vol. 1,1997.0,3.5063,2.0,30.0,"[""Digital Implementations: VASSAL"", ""History: Age of Kings"", ""History: French Revolutionary Wars"", ""History: Napoleonic Wars"", ""History: War of 1812"", ""Players: Wargames with Rules Supporting Only Two Players"", ""Series: Close Action (Clash of Arms Games)""]","[""Mark A. Campbell""]",369,8.098228262238123,0.9087760717501272,0,0,hard_exclude,reimplementation_remake,"is_reimplementation True via game_links reimplements 54620:Close Action: Naval Warfare in the Age of Napoleon, 1793-1815 + families ['Digital Implementations: VASSAL', 'History: Age of Kings']",high
3646,Luftwaffe: The Game of Aerial Combat Over Germany 1943-45,1970.0,2.646,2.0,2.0,"[""Admin: Better Description Needed!"", ""Country: Germany"", ""Country: United Kingdom"", ""Country: USA"", ""Occupation: Aviator"", ""Players: Two-Player Only Games"", ""Players: Wargames with Rules Supporting Only Two Players"", ""War Battlespace: Aerial warfare"", ""War Level of Command: Strategic"", ""War Level of Command: Tactical""]","[""Lou Zocchi""]",931,5.819446336909668,-1.1986762786670893,0,0,hard_exclude,reimplementation_remake,"is_reimplementation True via game_links reimplements 19269:Twelve O'Clock High + families ['Admin: Better Description Needed!', 'Country: Germany']",high
3655,The Settlers of Canaan,2002.0,2.3171,2.0,4.0,"[""Country: Israel"", ""Country: Syria"", ""Game: Catan"", ""Religious: The Bible""]","[""Klaus Teuber""]",1234,6.74270062862208,-0.1111347789186627,0,0,hard_exclude,reimplementation_remake,"is_reimplementation True via game_links reimplements 13:Catan + families ['Country: Israel', 'Country: Syria']",high
103343,A Game of Thrones: The Board Game (Second Edition),2011.0,3.7363,3.0,6.0,"[""Books: A Song of Ice and Fire"", ""Components: Map (Continental / National scale)"", ""Components: Player Screens"", ""Digital Implementations: Google Play"", ""Digital Implementations: Steam"", ""Digital Implementations: VASSAL"", ""Game: A Game of Thrones \u2013 The Board Game""]","[""Christian T. Petersen""]",33088,7.742701629833031,-0.9465677192537738,0,0,hard_exclude,reimplementation_remake,"is_reimplementation True via game_links reimplements 6472:A Game of Thrones + families ['Books: A Song of Ice and Fire', 'Components: Map (Continental / National scale)']",high
175155,Forbidden Stars,2015.0,3.8404,2.0,4.0,"[""Components: Miniatures"", ""Mechanism: 4X"", ""Setting: Warhammer 40,000 Board Games"", ""War Battlespace: Space Warfare""]","[""James Kniffen"", ""Corey Konieczka"", ""Samuel Bailey""]",9161,8.350384356480335,-0.2751993719404559,0,0,hard_exclude,reimplementation_remake,"is_reimplementation True via game_links reimplements 22827:StarCraft: The Board Game + families ['Components: Miniatures', 'Mechanism: 4X']",high
220308,Gaia Project,2017.0,4.4033,1.0,4.0,"[""Category: Combinatorial"", ""Components: Control Boards"", ""Components: Map (Interplanetary or Interstellar scale)"", ""Digital Implementations: Apple App Store"", ""Digital Implementations: Board Game Arena"", ""Digital Implementations: Google Play"", ""Digital Implementations: Steam"", ""Digital Implementations: TableTop Simulator Mod (TTS)"", ""Mechanism: Tableau Building"", ""Misc: Made by Panda"", ""Organizations: Automa Factory"", ""Players: Games with Solitaire Rules"", ""Series: Terra Mystica"", ""Space: Colonization / Extraterrestrial Colonisation""]","[""Helge Ostertag"", ""Jens Dr\u00f6gem\u00fcller""]",27457,8.73886099565873,0.0285987521573609,0,0,hard_exclude,reimplementation_remake,"is_reimplementation True via game_links reimplements 120677:Terra Mystica + families ['Category: Combinatorial', 'Components: Control Boards']",high
298572,Cosmic Encounter Duel,2020.0,2.381,2.0,2.0,"[""Creatures: Aliens / Extraterrestrials"", ""Game: Cosmic Encounter"", ""Players: Two-Player Only Games"", ""Versions & Editions: Two-Player Versions of More-Player Games""]","[""Frank Brooks"", ""Peter Olotka"", ""Bill Eberle"", ""Greg Olotka""]",985,6.90709616549755,-0.5958934608976341,0,0,hard_exclude,reimplementation_remake,"is_reimplementation True via game_links reimplements 15:Cosmic Encounter + families ['Creatures: Aliens / Extraterrestrials', 'Game: Cosmic Encounter']",high
10,Elfenland,1998.0,2.1483,2.0,6.0,"[""Animals: Wild boar"", ""Creatures: Dragons"", ""Creatures: Fairies / Elves / Pixies"", ""Creatures: Trolls"", ""Creatures: Unicorns"", ""Digital Implementations: Board Game Arena"", ""Game: Elfenroads""]","[""Alan R. Moon""]",8988,6.997701291538556,0.0033291722714778,0,0,hard_exclude,reimplementation_remake,"is_reimplementation True via game_links reimplements 711:Elfenroads + families ['Animals: Wild boar', 'Creatures: Dragons']",high
250,Colonial Diplomacy,1994.0,2.8,2.0,7.0,"[""Admin: Better Description Needed!"", ""Continents: Asia"", ""Game: Diplomacy"", ""Theme: Colonial""]","[""Peter Hawes""]",384,7.035513829974118,0.0320479048863848,0,0,hard_exclude,reimplementation_remake,"is_reimplementation True via game_links reimplements 483:Diplomacy + families ['Admin: Better Description Needed!', 'Continents: Asia']",high
1163,"Ciao, Ciao...",1997.0,1.093,2.0,4.0,"[""Components: Game Box Used In Play""]","[""Alex Randolph""]",687,6.356629693336348,0.2617524512866058,0,0,hard_exclude,reimplementation_remake,is_reimplementation True via game_links reimplements 10658:Ali Baba + families ['Components: Game Box Used In Play'],high
1883,Cataphract,1999.0,3.3953,1.0,2.0,"[""Ancient: Greece"", ""Ancient: Rome"", ""Cities: Istanbul (Turkey)"", ""Digital Implementations: VASSAL"", ""History: Byzantium"", ""Players: Two-Player Only Games"", ""Players: Wargames with Rules Supporting Only Two Players"", ""Series: Great Battles of History (GMT Games)""]","[""Mark Herman"", ""Richard H. Berg""]",329,7.762127690526863,0.4309629311467136,0,0,hard_exclude,reimplementation_remake,"is_reimplementation True via game_links reimplements 9192:Justinian + families ['Ancient: Greece', 'Ancient: Rome']",high
2265,Ultimate Stratego,1997.0,2.1,2.0,4.0,"[""Components: 10 x 10 Grids"", ""Game: Stratego""]","[""(Uncredited)""]",382,6.133081431554253,-0.3645100382146609,0,0,hard_exclude,reimplementation_remake,"is_reimplementation True via game_links reimplements 1917:Stratego + families ['Components: 10 x 10 Grids', 'Game: Stratego']",high
3128,Clippers,2002.0,2.6139,2.0,5.0,"[""Game: Santa Fe""]","[""Alan R. Moon""]",969,7.1206054475236575,0.3515926367276405,0,0,hard_exclude,reimplementation_remake,is_reimplementation True via game_links reimplements 308:Santa Fe + families ['Game: Santa Fe'],high
3309,Air Cav,1985.0,2.7,2.0,2.0,"[""Country: USA"", ""Players: Two-Player Only Games"", ""Players: Wargames with Rules Supporting Only Two Players"", ""Theme: Helicopters""]","[""Eric Goldberg"", ""Tony Merridy"", ""Joseph M. Balkoski"", ""Greg Costikyan""]",190,6.0256676509748965,-0.7291497506517173,0,0,hard_exclude,reimplementation_remake,"is_reimplementation True via game_links reimplements 8313:Air Cobra: Modern Tactical Airmobile Warfare + families ['Country: USA', 'Players: Two-Player Only Games']",high
5900,Aliens Predator,1997.0,2.2857,2.0,3.0,"[""Admin: Game System Entries"", ""Collectible: Collectible Card Games"", ""Creatures: Aliens / Extraterrestrials"", ""Movies: Alien / Aliens"", ""Movies: Predator""]","[""Paul Brown"", ""David Hewitt"", ""Ran Ackels"", ""John Myler""]",195,6.12180821876437,0.1847646006798893,0,0,hard_exclude,game_system_container,families Admin: Game System Entries; game_links contained_in target 0.0>0 via [],high
28018,Trivial Pursuit: Disney Edition,2005.0,1.5385,2.0,6.0,"[""Brands: Disney"", ""Game: Trivial Pursuit"", ""Trivia: Disney""]","[""(Uncredited)""]",317,5.250858918874338,-0.5356901858733503,1,0,hard_exclude,version_edition_variant,"is version target of [240] + title 'Trivial Pursuit: Disney Edition' contains edition pattern + families ['Brands: Disney', 'Game: Trivial Pursuit']",high
256960,Pax Pamir: Second Edition,2019.0,3.8427,1.0,5.0,"[""Components: Cloth Boards"", ""Components: Wooden pieces & boards"", ""Country: Afghanistan"", ""Country: India"", ""Country: United Kingdom"", ""Crowdfunding: Kickstarter"", ""Digital Implementations: Board Game Arena"", ""Digital Implementations: Rally the Troops"", ""Game: Pax Pamir"", ""History: Anglo-Afghan Wars"", ""Mechanism: Artificial Player"", ""Mechanism: Tableau Building"", ""Misc: Made by Panda"", ""Players: Games with Solitaire Rules"", ""Series: Pax"", ""Theme: Colonial""]","[""Cole Wehrle""]",14933,8.595709630177963,-0.0238036708071138,0,0,hard_exclude,reimplementation_remake,"is_reimplementation True via game_links reimplements 155255:Pax Pamir + families ['Components: Cloth Boards', 'Components: Wooden pieces & boards']",high
311020,Marvel Battleworld,2020.0,1.5714,1.0,4.0,"[""Admin: Game System Entries"", ""Comic Books: Marvel Universe"", ""Theme: Superheroes""]","[""Aaron Donogh"", ""Prospero Hall"", ""Dexter Stevens""]",112,6.103453468167476,-0.3016208438828114,0,0,hard_exclude,game_system_container,families Admin: Game System Entries; game_links contained_in target 0.0>0 via [],high
319031,Project L: Kickstarter Edition,2020.0,1.625,1.0,5.0,"[""Components: Polyominoes"", ""Crowdfunding: Kickstarter"", ""Game: Project L""]","[""Adam \u0160pan\u011bl"", ""Michal Mike\u0161"", ""Jan Soukal""]",522,8.183652861272897,1.053515094302366,0,1,hard_exclude,edition_contained_variant,contained_in via families Game: Project L + shared designer 3 year diff 0 weight diff 0.07 link contained_in 260180,high
325941,Nemo's War: The Ultimate Edition,2022.0,3.2414,1.0,4.0,"[""Authors: Jules Verne"", ""Books: 20,000 Leagues Under the Sea"", ""Crowdfunding: Kickstarter"", ""Game: Nemo's War"", ""Players: Games with Solitaire Rules"", ""Players: Wargames with Solitaire Rules"", ""Theme: Submarines""]","[""Alan Emrich"", ""Chris Taylor (I)""]",359,8.496448186292062,0.4707155588320244,0,1,hard_exclude,edition_contained_variant,contained_in via families Game: Nemo's War + shared designer 2 year diff 5 weight diff 0.05 link contained_in 187617,high
337627,Voidfall,2023.0,4.6222,1.0,4.0,"[""Components: Game Trayz Inside"", ""Components: Hexagonal Tiles"", ""Components: Map (Interplanetary or Interstellar scale)"", ""Components: Miniatures"", ""Crowdfunding: Kickstarter"", ""Digital Implementations: TableTop Simulator Mod (TTS)"", ""Mechanism: 4X"", ""Misc: Made by Panda""]","[""D\u00e1vid Turczi"", ""Nigel Buckle""]",4477,8.916791689295087,-0.1503147515006624,0,0,hard_exclude,reimplementation_remake,"is_reimplementation True via game_links reimplements 33759:Omega Centauri + families ['Components: Game Trayz Inside', 'Components: Hexagonal Tiles']",high
356033,Libertalia: Winds of Galecrest,2022.0,2.1878,1.0,6.0,"[""Category: DIZED Tutorial"", ""Digital Implementations: TableTop Simulator Mod (TTS)"", ""Digital Implementations: Tabletopia"", ""Misc: Made by Panda"", ""Misc: Watch It Played How To Videos"", ""Organizations: Automa Factory"", ""Players: Games with Solitaire Rules"", ""Theme: Airships / Blimps / Dirigibles / Zeppelins"", ""Theme: Anthropomorphic Animals"", ""Theme: Pirates""]","[""Paolo Mori""]",6857,7.808974092678385,-0.1369808795573384,0,0,hard_exclude,reimplementation_remake,"is_reimplementation True via game_links reimplements 125618:Libertalia + families ['Category: DIZED Tutorial', 'Digital Implementations: TableTop Simulator Mod (TTS)']",high
484,Stratego Legends,1999.0,2.2642,2.0,8.0,"[""Collectible: Collectible Token Games"", ""Game: Stratego""]","[""Craig Van Ness""]",734,5.925411520209704,-0.7585137330636451,0,0,hard_exclude,reimplementation_remake,"is_reimplementation True via game_links reimplements 1917:Stratego + families ['Collectible: Collectible Token Games', 'Game: Stratego']",high
902,Meuterer,2000.0,2.3137,3.0,4.0,"[""Digital Implementations: BrettspielWelt"", ""Theme: Colonial"", ""Theme: Pirates""]","[""Marcel-Andr\u00e9 Casasola Merkle""]",3340,7.269629536609755,0.1902015386688686,0,0,hard_exclude,reimplementation_remake,"is_reimplementation True via game_links reimplements 72:Verräter + families ['Digital Implementations: BrettspielWelt', 'Theme: Colonial']",high
1974,Das GROSSE und das kleine A,1996.0,1.3,3.0,9.0,"[""Card Games: Climbing""]","[""Wolfgang Kramer""]",101,6.969752717932541,1.1105849381241226,0,0,hard_exclude,reimplementation_remake,is_reimplementation True via game_links reimplements 11104:Who's the Ass? + families ['Card Games: Climbing'],high
2119,221B Baker St.: Sherlock Holmes & the Time Machine,1996.0,2.0,2.0,6.0,"[""Books: Mystery Novels"", ""Books: Sherlock Holmes"", ""Country: USA"", ""Game: 221B Baker Street"", ""Theme: Police"", ""Theme: Time Travel""]","[""Jay Moriarty"", ""Antler Productions""]",247,5.831707628051825,-0.4553890013721666,0,0,hard_exclude,reimplementation_remake,"is_reimplementation True via game_links reimplements 1275:221B Baker Street: The Master Detective Game + families ['Books: Mystery Novels', 'Books: Sherlock Holmes']",high
2162,"Warhammer 40,000 (Third Edition)",1998.0,3.4906,2.0,6.0,"[""Game: Warhammer 40,000 (Third Edition)"", ""Players: Wargames with Rules Supporting Only Two Players"", ""Setting: Warhammer 40,000 Wargames"", ""War Level of Command: Tactical""]","[""Gavin Thorpe"", ""Rick Priestley"", ""Andy Chambers"", ""Jervis Johnson""]",2196,6.67876758818964,-0.929437019521906,0,0,hard_exclude,reimplementation_remake,"is_reimplementation True via game_links reimplements 316655:Warhammer 40,000 (Second Edition) + families ['Game: Warhammer 40,000 (Third Edition)', 'Players: Wargames with Rules Supporting Only Two Players']",high
2165,Pokémon Trading Card Game,1996.0,2.0471,2.0,2.0,"[""Admin: Game System Entries"", ""Collectible: Collectible Card Games"", ""Misc: Dice Tower Hall of Fame"", ""Players: Two-Player Only Games"", ""Theme: Anime / Manga"", ""Video Game Theme: Pok\u00e9mon""]","[""Takumi Akabane"", ""Tsunekaz Ishihara""]",4801,6.588159777295215,-0.2211105024270887,0,0,hard_exclude,game_system_container,families Admin: Game System Entries; game_links contained_in target 0.0>0 via [],high
2818,UNO Attack!,1999.0,1.2062,2.0,10.0,"[""Game: UNO""]","[""Damon Saddler""]",1722,5.479913552710258,-0.8086189476234811,0,0,hard_exclude,reimplementation_remake,is_reimplementation True via game_links reimplements 2223:UNO + families ['Game: UNO'],high
4770,Star Trek: The Next Generation Collectible Dice Game,1996.0,2.1429,2.0,2.0,"[""Admin: Game System Entries"", ""Collectible: Collectible Dice Games"", ""Components: Polyhedral (not D6) dice"", ""Players: Two-Player Only Games"", ""TV Shows: Star Trek (various)""]","[""Dan Verssen""]",119,5.311132988976161,-0.4788577698861624,0,0,hard_exclude,game_system_container,families Admin: Game System Entries; game_links contained_in target 0.0>0 via [],high
22551,Risk: Star Wars – Original Trilogy Edition,2006.0,2.1143,2.0,5.0,"[""Game: Risk (Official)"", ""Movies: Star Wars"", ""Versions & Editions: Versions with IP after the original release""]","[""Dan Sanfilippo"", ""Rob Daviau""]",1094,6.868939645046101,0.1559570111381152,1,0,hard_exclude,version_edition_variant,"is version target of [14996] + title 'Risk: Star Wars – Original Trilogy Edition' contains edition pattern + families ['Game: Risk (Official)', 'Movies: Star Wars']",high
170216,Blood Rage,2015.0,2.8825,2.0,4.0,"[""Animals: Wild boar"", ""Category: DIZED Tutorial"", ""Components: Control Boards"", ""Components: Dynamic Event Boards"", ""Components: Map (Continental / National scale)"", ""Components: Miniatures"", ""Creatures: Monsters"", ""Crowdfunding: Kickstarter"", ""Digital Implementations: Board Game Arena"", ""Digital Implementations: Steam"", ""Digital Implementations: TableTop Simulator Mod (TTS)"", ""Game: Blood Rage"", ""Misc: Watch It Played How To Videos"", ""Mythology: Norse"", ""Players: Games with expansions that change player count"", ""Theme: Vikings""]","[""Eric M. Lang""]",46613,8.173520743931148,0.0173176245229083,0,0,hard_exclude,reimplementation_remake,"is_reimplementation True via game_links reimplements 23985:Midgard + families ['Animals: Wild boar', 'Category: DIZED Tutorial']",high
173346,7 Wonders Duel,2015.0,2.2276,2.0,2.0,"[""Ancient: Babylon"", ""Ancient: Egypt"", ""Ancient: Greece"", ""Ancient: Rome"", ""Constructions: Lighthouses"", ""Constructions: Pyramids"", ""Digital Implementations: Apple App Store"", ""Digital Implementations: Board Game Arena"", ""Digital Implementations: Google Play"", ""Game: 7 Wonders"", ""Game: 7 Wonders Duel"", ""Mechanism: Tableau Building"", ""Misc: Watch It Played How To Videos"", ""Players: Games with expansions that add solo play"", ""Players: Two-Player Only Games"", ""Versions & Editions: Two-Player Versions of More-Player Games""]","[""Bruno Cathala"", ""Antoine Bauza""]",93303,8.255521464636324,0.4571904310529771,0,0,hard_exclude,reimplementation_remake,"is_reimplementation True via game_links reimplements 68448:7 Wonders + families ['Ancient: Babylon', 'Ancient: Egypt']",high
187617,Nemo's War (Second Edition),2017.0,3.295,1.0,4.0,"[""Authors: Jules Verne"", ""Books: 20,000 Leagues Under the Sea"", ""Components: Gems/Crystals"", ""Country: USA"", ""Crowdfunding: Kickstarter"", ""Digital Implementations: Tabletopia"", ""Game: Nemo's War"", ""Misc: LongPack Games"", ""Players: Games with Solitaire Rules"", ""Players: Wargames with Solitaire Rules"", ""Theme: Submarines"", ""Theme: Under the Sea""]","[""Alan Emrich"", ""Chris Taylor (I)""]",5396,8.066820181057208,-0.1953665130267001,0,0,hard_exclude,reimplementation_remake,"is_reimplementation True via game_links reimplements 39232:Nemo's War + families ['Authors: Jules Verne', 'Books: 20,000 Leagues Under the Sea']",high
205059,Mansions of Madness: Second Edition,2016.0,2.6925,1.0,5.0,"[""Category: Dungeon Crawler"", ""Components: Dice with Icons"", ""Components: Digital Hybrid \u2013 App/Website Required"", ""Components: Miniatures"", ""Components: Polyhedral (not D6) dice"", ""Game: Mansions of Madness (Second Edition)"", ""Players: Games with Solitaire Rules"", ""Series: Arkham Horror Files (Fantasy Flight Games)"", ""Series: Mansions of Madness"", ""Theme: Cthulhu Mythos"", ""Theme: Mad Science / Mad Scientist"", ""Theme: Spooky Old Houses""]","[""Nikki Valens""]",34990,8.089368136693933,0.1774951683280523,0,0,hard_exclude,reimplementation_remake,"is_reimplementation True via game_links reimplements 83330:Mansions of Madness + families ['Category: Dungeon Crawler', 'Components: Dice with Icons']",high
256297,Transformers Trading Card Game,2018.0,2.125,2.0,2.0,"[""Admin: Game System Entries"", ""Collectible: Collectible Card Games"", ""Players: Two-Player Only Games"", ""Theme: Robots"", ""Toys: Transformers""]",[],316,7.259220624207209,0.2816492783215709,0,0,hard_exclude,game_system_container,families Admin: Game System Entries; game_links contained_in target 0.0>0 via [],high
265188,Glen More II: Chronicles,2019.0,3.0059,2.0,4.0,"[""Animals: Cattle / Cows"", ""Animals: Sheep"", ""Components: Meeples (Animal) / Animeeples"", ""Country: Scotland"", ""Crowdfunding: Kickstarter"", ""Digital Implementations: Tabletopia"", ""Game: Glen More"", ""Mechanism: Tableau Building"", ""Misc: LongPack Games"", ""Organizations: Automa Factory"", ""Players: Games with expansions that add solo play"", ""Versions & Editions: Sequels""]","[""Matthias Cramer""]",8591,8.281882117756101,0.2447375118215511,0,0,hard_exclude,reimplementation_remake,"is_reimplementation True via game_links reimplements 66362:Glen More + families ['Animals: Cattle / Cows', 'Animals: Sheep']",high
282033,Wing Leader: Victories 1940-1942 (Second Edition),2019.0,3.6667,2.0,2.0,"[""Components: 20 x 26 Grids"", ""Decades: The 1940's"", ""Game: Wing Leader (GMT)"", ""Players: Two-Player Only Games""]","[""Lee Brimmicombe-Wood""]",125,8.262229028071802,0.1498536602377029,1,0,hard_exclude,version_edition_variant,"is version target of [2651] + title 'Wing Leader: Victories 1940-1942 (Second Edition)' contains edition pattern + families ['Components: 20 x 26 Grids', ""Decades: The 1940's""]",high
313473,L.A.M.A. Party Edition,2020.0,1.04,2.0,6.0,"[""Animals: Llamas / Alpacas"", ""Game: L.L.A.M.A.""]","[""Reiner Knizia""]",977,7.2456119964215056,0.4531551166562835,1,0,hard_exclude,version_edition_variant,"is version target of [3955] + title 'L.A.M.A. Party Edition' contains edition pattern + families ['Animals: Llamas / Alpacas', 'Game: L.L.A.M.A.']",high
314040,Pandemic Legacy: Season 0,2020.0,3.1872,2.0,4.0,"[""Components: Map (Global Scale)"", ""Decades: The 1960's"", ""Digital Implementations: Tabletopia"", ""Game: Pandemic"", ""History: Cold War"", ""Mechanism: Campaign Games"", ""Mechanism: Legacy"", ""Medical: Diseases"", ""Misc: Limited Replayability"", ""Misc: Made by Panda"", ""Misc: Watch It Played How To Videos"", ""Occupation: Medic / Doctor / Nurses"", ""Occupation: Researcher / Scientist"", ""Theme: Alternate History"", ""Theme: Retro"", ""Versions & Editions: Legacy Versions of Non-Legacy Games""]","[""Matt Leacock"", ""Rob Daviau""]",8078,8.718473727463966,0.1906731766856158,0,0,hard_exclude,reimplementation_remake,"is_reimplementation True via game_links reimplements 30549:Pandemic + families ['Components: Map (Global Scale)', ""Decades: The 1960's""]",high
332686,John Company: Second Edition,2022.0,4.451,1.0,6.0,"[""Country: India"", ""Crowdfunding: Kickstarter"", ""Digital Implementations: TableTop Simulator Mod (TTS)"", ""History: Anglo-Indian Wars"", ""Misc: GettingGames Tutorial Videos"", ""Theme: Business/Management"", ""Theme: Colonial""]","[""Cole Wehrle""]",4029,8.759186847363011,-0.1039475539825591,0,0,hard_exclude,reimplementation_remake,"is_reimplementation True via game_links reimplements 211716:John Company + families ['Country: India', 'Crowdfunding: Kickstarter']",high
28,Illuminati,1987.0,2.6538,2.0,6.0,"[""Game: Illuminati""]","[""Steve Jackson (I)""]",5017,6.648420458754305,-0.2640826681590074,0,0,hard_exclude,reimplementation_remake,is_reimplementation True via game_links reimplements 859:Illuminati + families ['Game: Illuminati'],high
88,Torres,1999.0,2.8464,2.0,4.0,"[""Components: 3-Dimensional (3D)"", ""Components: 8 x 8 Grids"", ""Digital Implementations: Boiteajeux"", ""Digital Implementations: Yucata"", ""Misc: LongPack Games"", ""Series: The Mask Trilogy (Kramer / Kiesling)""]","[""Wolfgang Kramer"", ""Michael Kiesling""]",9708,7.427010216706726,-0.0046419667310262,0,0,hard_exclude,reimplementation_remake,"is_reimplementation True via game_links reimplements 4432:Burgenland + families ['Components: 3-Dimensional (3D)', 'Components: 8 x 8 Grids']",high
101,Detroit-Cleveland Grand Prix,1996.0,1.713,2.0,6.0,"[""Cities: Cleveland (Ohio, USA)"", ""Cities: Detroit (Michigan, USA)"", ""Series: Auto Racing card system (Wolfgang Kramer)"", ""Sports: Auto Racing""]","[""Wolfgang Kramer""]",1132,7.171129757353775,0.6845798991143042,0,0,hard_exclude,reimplementation_remake,"is_reimplementation True via game_links reimplements 5389:Niki Lauda's Formel 1 + families ['Cities: Cleveland (Ohio, USA)', 'Cities: Detroit (Michigan, USA)']",high
353,Inkognito: The Card Game,1997.0,1.6538,3.0,5.0,"[""Admin: Better Description Needed!"", ""Cities: Venice (Veneto, Italy)"", ""Country: Italy"", ""Series: Fantasy Flight Silver Line"", ""Versions & Editions: Card Versions of Non-Card Games""]","[""Leo Colovini"", ""Alex Randolph""]",555,5.748932528411374,-0.6086813812498635,0,0,hard_exclude,reimplementation_remake,"is_reimplementation True via game_links reimplements 466:Inkognito + families ['Admin: Better Description Needed!', 'Cities: Venice (Veneto, Italy)']",high
400,Shanghai,1997.0,1.7273,3.0,6.0,"[""Cities: Shanghai (China)"", ""Components: 7 x 7 Grids""]","[""Sid Sackson""]",148,5.750741126798154,-0.360445560648662,0,0,hard_exclude,reimplementation_remake,"is_reimplementation True via game_links reimplements 512:Holiday! + families ['Cities: Shanghai (China)', 'Components: 7 x 7 Grids']",high
413,Die Erben von Hoax,1999.0,2.1538,3.0,8.0,[],"[""Edward Horn, Jr."", ""Peter Olotka"", ""Jack Kittredge"", ""Bill Eberle"", ""Volker Hesselmann""]",145,6.47042663616762,0.1268556126907416,0,0,hard_exclude,reimplementation_remake,is_reimplementation True via game_links reimplements 139:Hoax + families [],high
718,Galaxy: The Dark Ages,2000.0,2.4154,2.0,5.0,"[""Series: Betting Trilogy (Reiner Knizia)""]","[""Reiner Knizia"", ""Don Greenwood""]",594,6.707757683165581,0.0674141120534548,0,0,hard_exclude,reimplementation_remake,is_reimplementation True via game_links reimplements 105:Colossal Arena + families ['Series: Betting Trilogy (Reiner Knizia)'],high
753,Panzerkrieg: von Manstein & HeeresGruppe Süd,1978.0,3.0682,2.0,2.0,"[""Country: Germany"", ""Country: Soviet Union"", ""Players: Two-Player Only Games""]","[""John Prados""]",276,6.697845691096746,-0.4280095915410866,0,0,hard_exclude,reimplementation_remake,"is_reimplementation True via game_links reimplements 9991:Von Manstein: Battles for the Ukraine 1941-1944 + families ['Country: Germany', 'Country: Soviet Union']",high
760,Battle Line,2000.0,1.8882,2.0,2.0,"[""Ancient: Greece"", ""Card Games: Lane Battler"", ""Digital Implementations: VASSAL"", ""Game: Schotten-Totten"", ""Players: Two-Player Only Games"", ""Series: Lunchtime Games (GMT)"", ""War Battlespace: Land Warfare""]","[""Reiner Knizia""]",17480,7.739345897031651,0.5571758630469468,0,0,hard_exclude,reimplementation_remake,"is_reimplementation True via game_links reimplements 372:Schotten Totten + families ['Ancient: Greece', 'Card Games: Lane Battler']",high
1278,Dutch InterCity,1999.0,2.4545,2.0,6.0,"[""Country: Netherlands"", ""Series: Cube Rails"", ""Series: Winsome Train Games (Rio Grande Games)""]","[""Han Heidema""]",209,7.911830022362588,1.397586563402836,0,0,hard_exclude,reimplementation_remake,"is_reimplementation True via game_links reimplements 33223:Santa Claus Takes the Intercity + families ['Country: Netherlands', 'Series: Cube Rails']",high
1299,Trivial Pursuit: Genus IV,1996.0,1.7838,2.0,6.0,"[""Game: Trivial Pursuit""]","[""(Uncredited)""]",1040,5.665944810721148,-0.8911167240782438,0,0,hard_exclude,reimplementation_remake,is_reimplementation True via game_links reimplements 94941:Trivial Pursuit: Genus Editie + families ['Game: Trivial Pursuit'],high
1382,Winner's Circle,2001.0,1.6061,2.0,6.0,"[""Misc: LongPack Games"", ""Series: Alea Small Box"", ""Series: Book Box (DiceTree)"", ""Sports: Horse Racing""]","[""Reiner Knizia""]",5701,7.391724594955532,0.5806028762693209,0,0,hard_exclude,reimplementation_remake,"is_reimplementation True via game_links reimplements 383:Turf Horse Racing + families ['Misc: LongPack Games', 'Series: Alea Small Box']",high
1419,Pylos,1993.0,1.9194,2.0,2.0,"[""Category: Combinatorial"", ""Components: 3-Dimensional (3D)"", ""Components: 4 x 4 Grids"", ""Components: Marbles"", ""Components: Wooden pieces & boards"", ""Digital Implementations: Board Game Arena"", ""Misc: Mensa Select"", ""Players: Two-Player Only Games"", ""Series: Basic (Gigamic)"", ""Series: Classic (Gigamic)""]","[""David G. Royffe""]",2133,6.575080841251648,-0.0462692050909492,0,0,hard_exclude,reimplementation_remake,"is_reimplementation True via game_links reimplements 21047:Strat-O-Sphere + families ['Category: Combinatorial', 'Components: 3-Dimensional (3D)']",high
2574,Classic Warlord,2012.0,2.2619,2.0,7.0,"[""Theme: Nuclear Option""]","[""Mike Hayes""]",155,7.238418501256698,0.2617876330522684,0,0,hard_exclude,reimplementation_remake,is_reimplementation True via game_links reimplements 201278:The Warlord + families ['Theme: Nuclear Option'],high
4023,Frag Deadlands,2001.0,1.9444,2.0,6.0,"[""Setting: The Weird West (Pinnacle Entertainment)"", ""Versions & Editions: Board Game Versions of Role-Playing Games""]","[""Philip Reed"", ""Steve Jackson (I)""]",247,5.533670591860843,-0.8190383947109003,0,0,hard_exclude,reimplementation_remake,"is_reimplementation True via game_links reimplements 2025:Frag + families ['Setting: The Weird West (Pinnacle Entertainment)', 'Versions & Editions: Board Game Versions of Role-Playing Games']",high
4122,Electronic Battleship,1977.0,1.2432,2.0,2.0,"[""Players: Two-Player Only Games"", ""Traditional Games: Battleship"", ""Versions & Editions: Electronic Versions of Non-Electronic Games""]","[""Robert Doyle""]",608,5.1948680148690975,-0.8924373330687203,0,0,hard_exclude,reimplementation_remake,"is_reimplementation True via game_links reimplements 2425:Battleship + families ['Players: Two-Player Only Games', 'Traditional Games: Battleship']",high
4394,The Settlers of the Stone Age,2002.0,2.5163,3.0,4.0,"[""Game: Catan"", ""Series: Catan Histories""]","[""Klaus Teuber""]",2363,6.880570674064435,-0.0915939428484229,0,0,hard_exclude,reimplementation_remake,"is_reimplementation True via game_links reimplements 13:Catan + families ['Game: Catan', 'Series: Catan Histories']",high
115746,War of the Ring: Second Edition,2011.0,4.2289,2.0,4.0,"[""Authors: J.R.R. Tolkien"", ""Category: DIZED Tutorial"", ""Components: Map (Continental / National scale)"", ""Components: Miniatures"", ""Creatures: Dwarves & Gnomes"", ""Creatures: Monsters"", ""Series: War of the Ring (Nexus/Ares Games)"", ""Theme: Medieval Fantasy"", ""Theme: Wizards""]","[""Marco Maggi"", ""Roberto Di Meglio"", ""Francesco Nepitello""]",21101,8.790731746716908,0.0865698985347496,0,0,hard_exclude,reimplementation_remake,"is_reimplementation True via game_links reimplements 9609:War of the Ring + families ['Authors: J.R.R. Tolkien', 'Category: DIZED Tutorial']",high
161936,Pandemic Legacy: Season 1,2015.0,2.8283,2.0,4.0,"[""Components: Map (Global Scale)"", ""Components: Multi-Use Cards"", ""Game: Pandemic"", ""Mechanism: Campaign Games"", ""Mechanism: Legacy"", ""Medical: Diseases"", ""Misc: Limited Replayability"", ""Misc: Made by Panda"", ""Occupation: Dispatcher"", ""Occupation: Medic / Doctor / Nurses"", ""Occupation: Researcher / Scientist"", ""Region: The World"", ""Theme: Science"", ""Versions & Editions: Legacy Versions of Non-Legacy Games""]","[""Matt Leacock"", ""Rob Daviau""]",51131,8.739320408937298,0.4174416658476652,0,0,hard_exclude,reimplementation_remake,"is_reimplementation True via game_links reimplements 30549:Pandemic + families ['Components: Map (Global Scale)', 'Components: Multi-Use Cards']",high
175640,Vinhos: Deluxe Edition,2016.0,3.993,1.0,4.0,"[""Country: Portugal"", ""Crowdfunding: Giochistarter"", ""Crowdfunding: Kickstarter"", ""Crowdfunding: Spieleschmiede"", ""Food & Drink: Wine"", ""Game: Vinhos"", ""Misc: Made by Panda"", ""Players: Games with Solitaire Rules"", ""Rivers: Douro""]","[""Vital Lacerda""]",7171,8.531057785443254,0.2333666336618094,0,0,hard_exclude,reimplementation_remake,"is_reimplementation True via game_links reimplements 42052:Vinhos + families ['Country: Portugal', 'Crowdfunding: Giochistarter']",high
200680,Agricola (Revised Edition),2016.0,3.4483,1.0,4.0,"[""Animals: Cattle / Cows"", ""Animals: Pigs"", ""Animals: Sheep"", ""Components: Meeples (Animal) / Animeeples"", ""Components: Wooden pieces & boards"", ""Digital Implementations: Board Game Arena"", ""Game: Agricola"", ""Mechanism: Tableau Building"", ""Occupation: Farmer"", ""Players: Games with expansions that change player count"", ""Players: Games with Solitaire Rules"", ""Series: Harvest (Uwe Rosenberg)"", ""Theme: Food / Cooking""]","[""Uwe Rosenberg""]",18331,8.264847369209003,0.0539128452712152,0,0,hard_exclude,reimplementation_remake,"is_reimplementation True via game_links reimplements 31260:Agricola + families ['Animals: Cattle / Cows', 'Animals: Pigs']",high
209010,Mechs vs. Minions,2016.0,2.449,2.0,4.0,"[""Components: Game Trayz Inside"", ""Components: Miniatures"", ""Components: Official Music Soundtrack"", ""Components: Sand Timers"", ""Components: Standees"", ""Mechanism: Campaign Games"", ""Misc: Made by Panda"", ""Misc: Watch It Played How To Videos"", ""Theme: Robots"", ""Theme: Teaching Programming""]","[""Stone Librande"", ""Rick Ernst"", ""Nathan Tiras"", ""Prashant Saraswat"", ""Chris Cantrell""]",17135,8.241837307703411,0.311671230763908,1,0,hard_exclude,reimplementation_remake,"is_reimplementation True via game_links reimplements 130518:Weapons of Zombie Destruction + families ['Components: Game Trayz Inside', 'Components: Miniatures']",high
283948,Marco Polo II: In the Service of the Khan,2019.0,3.3776,2.0,4.0,"[""Animals: Camels"", ""Cities: Baghdad (Iraq)"", ""Cities: Beijing (China)"", ""Components: Coloured Dice"", ""Components: Map (Continental / National scale)"", ""Country: China"", ""Digital Implementations: Board Game Arena"", ""Game: The Voyages of Marco Polo"", ""Region: Middle East"", ""Theme: Silk Road"", ""Versions & Editions: Sequels""]","[""Simone Luciani"", ""Daniele Tascini""]",7598,8.401504052070024,0.1971592871383212,0,0,hard_exclude,reimplementation_remake,"is_reimplementation True via game_links reimplements 171623:The Voyages of Marco Polo + families ['Animals: Camels', 'Cities: Baghdad (Iraq)']",high
331259,Sleeping Gods: Kickstarter Edition,2021.0,3.0,1.0,4.0,"[""Components: Book as Board"", ""Crowdfunding: Kickstarter"", ""Game: Sleeping Gods"", ""Mechanism: Campaign Games"", ""Misc: Watch It Played How To Videos"", ""Setting: The Wandering World""]","[""Ryan Laukat""]",315,8.676128674113004,1.0313889708712978,0,1,hard_exclude,edition_contained_variant,contained_in via families Game: Sleeping Gods + shared designer 1 year diff 0 weight diff 0.26 link contained_in 255984,high
58,Kings & Things,1986.0,2.6442,2.0,4.0,"[""Admin: Better Description Needed!"", ""Animals: Birds"", ""Animals: Camels"", ""Animals: Dinosaurs"", ""Animals: Elephants"", ""Animals: Insects"", ""Animals: Penguins"", ""Animals: Raccoons"", ""Animals: Snakes"", ""Animals: Spiders"", ""Animals: Squirrels / Chipmunks"", ""Animals: Tigers"", ""Animals: Wolves"", ""Creatures: Dragons"", ""Creatures: Goblins"", ""Creatures: Monsters"", ""Creatures: Vampires"", ""Theme: Deserts"", ""Theme: Hot Air Balloons""]","[""Robert J. Kuntz"", ""Doug Kaufman"", ""Tom Wham""]",1664,6.806611873845015,-0.0943050369187394,0,0,hard_exclude,reimplementation_remake,"is_reimplementation True via game_links reimplements 2252:King of the Tabletop + families ['Admin: Better Description Needed!', 'Animals: Birds']",high
67,Conquest,1974.0,2.4444,2.0,4.0,"[""Category: Combinatorial"", ""Digital Implementations: VASSAL"", ""Game: Conquest (Donald Benge)""]","[""Donald Benge""]",378,6.603314807730707,-0.1065719637068456,0,0,hard_exclude,reimplementation_remake,"is_reimplementation True via game_links reimplements 20467:Conquest + families ['Category: Combinatorial', 'Digital Implementations: VASSAL']",high
436,Canyon,1997.0,1.5676,3.0,6.0,"[""Theme: Native Americans / First Peoples""]","[""Frederick A. Herschler""]",811,6.674150575546602,0.3817500655071724,0,0,hard_exclude,reimplementation_remake,is_reimplementation True via game_links reimplements 5628:Bid & Bluff + families ['Theme: Native Americans / First Peoples'],high
1814,Dilbert: Corporate Shuffle,1997.0,1.3065,4.0,6.0,"[""Card Games: Climbing"", ""Card Games: Shedding / Stops"", ""Comic Strips: Dilbert""]","[""Richard Garfield""]",635,6.281643265397374,0.2889614996770682,0,0,hard_exclude,reimplementation_remake,"is_reimplementation True via game_links reimplements 929:The Great Dalmuti + families ['Card Games: Climbing', 'Card Games: Shedding / Stops']",high
1829,Risk 2210 A.D.,2001.0,2.7171,2.0,5.0,"[""Components: Polyhedral (not D6) dice"", ""Game: Risk (Official)"", ""Region: The World"", ""Space: Mars""]","[""Craig Van Ness"", ""Rob Daviau""]",6709,6.731755133010409,-0.7994166950854042,0,0,hard_exclude,reimplementation_remake,"is_reimplementation True via game_links reimplements 181:Risk + families ['Components: Polyhedral (not D6) dice', 'Game: Risk (Official)']",high
3339,Diceland: Deep White Sea,2002.0,1.92,2.0,5.0,"[""Category: Two-Player Fighting Games"", ""Components: Polyhedral (not D6) dice"", ""Game: Diceland""]","[""Toivo Rovainen"", ""James Ernest""]",267,6.635890750390297,0.305287080753267,0,0,hard_exclude,reimplementation_remake,"is_reimplementation True via game_links reimplements 14867:Dogfight + families ['Category: Two-Player Fighting Games', 'Components: Polyhedral (not D6) dice']",high
3385,Stratego: Star Wars,2002.0,1.6897,2.0,2.0,"[""Game: Stratego"", ""Movies: Star Wars"", ""Players: Two-Player Only Games""]","[""(Uncredited)""]",476,6.121428097612109,0.1167652670885468,0,0,hard_exclude,reimplementation_remake,"is_reimplementation True via game_links reimplements 1917:Stratego + families ['Game: Stratego', 'Movies: Star Wars']",high
3711,Flight Leader,1986.0,3.5422,2.0,8.0,"[""Decades: The 1950's"", ""Decades: The 1960's"", ""Decades: The 1970's"", ""Decades: The 1980's"", ""History: Cold War"", ""History: Falklands War"", ""History: Indo-Pakistani Wars"", ""History: Six-Day War"", ""History: Yom Kippur War"", ""Occupation: Aviator""]","[""Gary C. Morgan""]",650,6.367742428012997,-0.9942550558030324,0,0,hard_exclude,reimplementation_remake,"is_reimplementation True via game_links reimplements 8380:Check Six! + families [""Decades: The 1950's"", ""Decades: The 1960's""]",high
3874,Ultimate Mastermind,1972.0,2.2623,2.0,2.0,"[""Game: Mastermind"", ""Players: Two-Player Only Games""]","[""Mordecai Meirowitz""]",761,6.102464694666736,-0.2965131774910521,0,0,hard_exclude,reimplementation_remake,"is_reimplementation True via game_links reimplements 2392:Mastermind + families ['Game: Mastermind', 'Players: Two-Player Only Games']",high
59576,Weiß Schwarz,2007.0,2.625,2.0,2.0,"[""Admin: Game System Entries"", ""Collectible: Collectible Card Games"", ""Players: Two-Player Only Games"", ""Theme: Anime / Manga""]","[""Satoshi Nakamura"", ""Kiyoshi Sasanuma""]",140,7.243629039763869,0.9133155316370996,0,0,hard_exclude,game_system_container,families Admin: Game System Entries; game_links contained_in target 0.0>0 via [],high
249381,The Estates,2018.0,2.3077,2.0,5.0,"[""Components: 3-Dimensional (3D)"", ""Crowdfunding: Kickstarter"", ""Series: Simply Complex line (Capstone Games)"", ""Theme: City"", ""Theme: Construction""]","[""Klaus Zoch""]",4020,8.012692159120972,0.4459589436044222,0,0,hard_exclude,reimplementation_remake,"is_reimplementation True via game_links reimplements 32944:Neue Heimat + families ['Components: 3-Dimensional (3D)', 'Crowdfunding: Kickstarter']",high
336849,Kemet: Blood and Sand – Kickstarter Edition,2021.0,3.0,2.0,5.0,"[""Ancient: Egypt"", ""Components: Map (Continental / National scale)"", ""Components: Miniatures"", ""Creatures: Monsters"", ""Crowdfunding: Kickstarter"", ""Game: Kemet"", ""Mythology: Egyptian"", ""Rivers: Nile"", ""Theme: Deserts""]","[""Jacques Bariot"", ""Guillaume Montiage""]",269,8.510012963754527,0.5071217218306234,0,1,hard_exclude,edition_contained_variant,contained_in via families Game: Kemet + shared designer 2 year diff 0 weight diff 0.20 link contained_in 297562,high
358661,Andromeda's Edge,2024.0,3.75,2.0,4.0,"[""Components: Game Trayz Inside"", ""Crowdfunding: Gamefound"", ""Game:  Andromeda's Edge"", ""Misc: LongPack Games"", ""Players: Games with expansions that add solo play"", ""Players: Games with expansions that change player count""]","[""Luke Laurie"", ""Maximus Laurie""]",2651,8.742510988932194,-0.0175938098185017,0,0,hard_exclude,reimplementation_remake,"is_reimplementation True via game_links reimplements 271055:Dwellings of Eldervale + families ['Components: Game Trayz Inside', 'Crowdfunding: Gamefound']",high
359609,Arkham Horror: The Card Game (Revised Edition),2021.0,3.7443,1.0,4.0,"[""Collectible: Living Card Game (Fantasy Flight Games)"", ""Game: Arkham Horror \u2013 The Card Game"", ""Mechanism: Campaign Games"", ""Misc: Watch It Played How To Videos"", ""Players: Games with expansions that change player count"", ""Players: Games with Solitaire Rules"", ""Series: Arkham Horror Files (Fantasy Flight Games)"", ""Theme: Cthulhu Mythos"", ""Versions & Editions: Card Versions of Non-Card Games""]","[""Nate French"", ""MJ Newman""]",3235,8.853143167791815,0.547753278833623,0,0,hard_exclude,reimplementation_remake,"is_reimplementation True via game_links reimplements 205637:Arkham Horror: The Card Game + families ['Collectible: Living Card Game (Fantasy Flight Games)', 'Game: Arkham Horror – The Card Game']",high
369646,Disney Lorcana,2023.0,2.125,2.0,6.0,"[""Admin: Game System Entries"", ""Brands: Disney"", ""Collectible: Collectible Card Games"", ""Series: Disney Lorcana (Ravensburger)""]","[""Ryan Miller"", ""David Iezzi"", ""Tim Schilder"", ""Steve Warner""]",2494,7.544644698204656,0.2059695039955125,0,0,hard_exclude,game_system_container,families Admin: Game System Entries; game_links contained_in target 0.0>0 via [],high
387866,Star Wars: Unlimited,2024.0,2.3333,2.0,4.0,"[""Admin: Better Description Needed!"", ""Admin: Game System Entries"", ""Card Games: Lane Battler"", ""Collectible: Collectible Card Games"", ""Game: Star Wars: Unlimited (Fantasy Flight)"", ""Misc: Watch It Played How To Videos"", ""Movies: Star Wars""]","[""Jim Cartwright"", ""Daniel Schaefer"", ""Tyler Parrott"", ""Jeremy Zwirn""]",2151,8.355707862049519,0.8027393945961876,0,0,hard_exclude,game_system_container,families Admin: Game System Entries; game_links contained_in target 0.0>0 via [],high
2,Dragonmaster,1981.0,1.9643,3.0,4.0,"[""Card Games: Compendium"", ""Components: Gems/Crystals"", ""Creatures: Dragons"", ""Theme: Art style \u2013 Art Nouveau""]","[""G. W. \""Jerry\"" D'Arcey""]",589,6.878955030954789,0.5692391094262694,0,0,hard_exclude,reimplementation_remake,"is_reimplementation True via game_links reimplements 2174:Coup d'État + families ['Card Games: Compendium', 'Components: Gems/Crystals']",high
223,Expeditions: Around the World,1996.0,1.9774,2.0,6.0,"[""Components: Map (Global Scale)"", ""Digital Implementations: Board Game Arena"", ""Digital Implementations: Game Park"", ""Theme: Archaeology / Paleontology""]","[""Wolfgang Kramer""]",1680,7.175528809573168,0.7047905107099943,0,0,hard_exclude,reimplementation_remake,"is_reimplementation True via game_links reimplements 156:Wildlife Adventure + families ['Components: Map (Global Scale)', 'Digital Implementations: Board Game Arena']",high
606,Pico 2,1997.0,1.1515,2.0,2.0,"[""Animals: Hedgehogs / Porcupines"", ""Players: Two-Player Only Games""]","[""Frank Nestel"", ""Doris Matth\u00e4us""]",285,6.389061421736911,0.4418997255553636,0,0,hard_exclude,reimplementation_remake,"is_reimplementation True via game_links reimplements 2051:Pico + families ['Animals: Hedgehogs / Porcupines', 'Players: Two-Player Only Games']",high
624,Quoridor,1997.0,1.8211,2.0,4.0,"[""Category: Combinatorial"", ""Components: 9 x 9 Grids"", ""Components: Wooden pieces & boards"", ""Digital Implementations: Board Game Arena"", ""Game: Blockade"", ""Misc: Mensa Select"", ""Misc: Watch It Played How To Videos"", ""Series: Classic (Gigamic)""]","[""Mirko Marchesi""]",8669,6.890823998481356,0.0225658552411198,0,0,hard_exclude,reimplementation_remake,"is_reimplementation True via game_links reimplements 7581:Pinko Pallino + families ['Category: Combinatorial', 'Components: 9 x 9 Grids']",high
631,Daytona 500,1990.0,1.7788,2.0,4.0,"[""Components: Miniatures"", ""Series: Auto Racing card system (Wolfgang Kramer)"", ""Sports: Auto Racing""]","[""Wolfgang Kramer""]",1007,7.501685223900743,1.018926866175084,0,0,hard_exclude,reimplementation_remake,"is_reimplementation True via game_links reimplements 5389:Niki Lauda's Formel 1 + families ['Components: Miniatures', 'Series: Auto Racing card system (Wolfgang Kramer)']",high
687,Cabale,1999.0,2.45,2.0,4.0,"[""Category: Combinatorial"", ""Components: HexHex5 Grids"", ""Components: Wooden pieces & boards"", ""Series: Goldsieber Royal""]","[""Roland Siegers""]",162,6.678489603589803,0.1932462670808519,0,0,hard_exclude,reimplementation_remake,"is_reimplementation True via game_links reimplements 2473:Winkeladvokat + families ['Category: Combinatorial', 'Components: HexHex5 Grids']",high
1126,Car Wars: The Card Game,1991.0,1.411,2.0,6.0,"[""Game: Car Wars"", ""Versions & Editions: Card Versions of Non-Card Games""]","[""Creede Lambard"", ""Sharleen Lambard""]",779,5.674302842035983,-0.4147807660418383,0,0,hard_exclude,reimplementation_remake,"is_reimplementation True via game_links reimplements 2795:Car Wars + families ['Game: Car Wars', 'Versions & Editions: Card Versions of Non-Card Games']",high
2301,The New Dungeon!,1989.0,1.6923,1.0,6.0,"[""Category: Dungeon Crawler""]","[""David R. Megarry"", ""Jeff Grubb"", ""Steve Winter""]",458,6.20205084201538,0.3786267551801039,0,0,hard_exclude,reimplementation_remake,is_reimplementation True via game_links reimplements 1339:Dungeon! + families ['Category: Dungeon Crawler'],high
2318,Scrabble Junior,1958.0,1.3556,2.0,4.0,"[""Category: Crossword Games"", ""Components: 13 x 13 Grids"", ""Components: 15 x 15 Grids"", ""Game: Scrabble"", ""Series: Pinkalicious (Fundex)"", ""Versions & Editions: Junior Versions of Grown-Up Games""]","[""Len A. Ranko Associates""]",691,4.825395295605844,-0.9171494327006472,0,0,hard_exclude,reimplementation_remake,"is_reimplementation True via game_links reimplements 320:Scrabble + families ['Category: Crossword Games', 'Components: 13 x 13 Grids']",high
2371,Extra!,2011.0,1.42,1.0,6.0,"[""Components: Drop Tower"", ""Mechanism: Roll-and-Write"", ""Players: Games with Solitaire Rules"", ""Series: Roll & Play (Schmidt Spiele)""]","[""Sid Sackson""]",418,6.846231590725945,0.6352804953791855,0,0,hard_exclude,reimplementation_remake,"is_reimplementation True via game_links reimplements 217547:Can't Stop Express + families ['Components: Drop Tower', 'Mechanism: Roll-and-Write']",high
3248,Citadel of Blood,1980.0,2.3462,1.0,6.0,"[""Animals: Wolves"", ""Category: Dungeon Crawler"", ""Creatures: Monsters"", ""Creatures: Vampires"", ""Digital Implementations: VASSAL"", ""Magazine: Ares"", ""Players: Games with Solitaire Rules""]","[""Eric Lee Smith""]",268,6.71841972984328,0.1993241969275843,0,0,hard_exclude,reimplementation_remake,"is_reimplementation True via game_links reimplements 3625:DeathMaze: Heroic Adventure in the Corridors of Doom + families ['Animals: Wolves', 'Category: Dungeon Crawler']",high
38159,Ultimate Werewolf: Ultimate Edition,2008.0,1.494,5.0,68.0,"[""Creatures: Werewolves"", ""Game: Werewolf / Mafia""]","[""Ted Alspach""]",4038,7.201704050598956,0.610458562357973,1,0,hard_exclude,version_edition_variant,"is version target of [3972] + title 'Ultimate Werewolf: Ultimate Edition' contains edition pattern + families ['Creatures: Werewolves', 'Game: Werewolf / Mafia']",high
65087,Beyblade,1999.0,1.0833,2.0,2.0,"[""Admin: Game System Entries"", ""Category: Fighting Top Games"", ""Players: Two-Player Only Games""]","[""(Uncredited)""]",100,6.19139351728575,0.2770076494112103,0,0,hard_exclude,game_system_container,families Admin: Game System Entries; game_links contained_in target 0.0>0 via [],high
96765,CardFight!! Vanguard,2011.0,2.6667,2.0,2.0,"[""Admin: Game System Entries"", ""Collectible: Collectible Card Games"", ""Players: Two-Player Only Games""]","[""Satoshi Nakamura""]",171,6.484708818335633,-0.2897999602976338,0,0,hard_exclude,game_system_container,families Admin: Game System Entries; game_links contained_in target 0.0>0 via [],high
298231,Skyrise,2024.0,2.25,2.0,4.0,"[""Components: Miniatures"", ""Crowdfunding: Kickstarter"", ""Misc: Watch It Played How To Videos"", ""Theme: Art style \u2013 Art Deco"", ""Theme: Floating islands in the sky""]","[""Adam Wyse"", ""S\u00e9bastien Pauchon"", ""Gavan Brown""]",2252,8.153008017282096,0.2079377871480456,0,0,hard_exclude,reimplementation_remake,"is_reimplementation True via game_links reimplements 25568:Metropolys + families ['Components: Miniatures', 'Crowdfunding: Kickstarter']",high
364073,Splendor Duel,2022.0,2.0326,2.0,2.0,"[""Category: DIZED Tutorial"", ""Digital Implementations: Board Game Arena"", ""Digital Implementations: TableTop Simulator Mod (TTS)"", ""Game: Splendor"", ""Misc: Watch It Played How To Videos"", ""Players: Two-Player Only Games"", ""Series: Two-player games (Space Cowboys)"", ""Theme: Jewelry"", ""Theme: Jewels"", ""Versions & Editions: Two-Player Versions of More-Player Games""]","[""Marc Andr\u00e9"", ""Bruno Cathala""]",13580,8.18803748648472,0.0613738282593221,0,0,hard_exclude,reimplementation_remake,"is_reimplementation True via game_links reimplements 148228:Splendor + families ['Category: DIZED Tutorial', 'Digital Implementations: Board Game Arena']",high
381248,Nemesis: Retaliation,2025.0,3.7597,1.0,5.0,"[""Components: Dice with Icons"", ""Components: Miniatures"", ""Components: Polyhedral (not D6) dice"", ""Components: Standees"", ""Creatures: Aliens / Extraterrestrials"", ""Crowdfunding: Gamefound"", ""Digital Implementations: Board Game Arena"", ""Game: Nemesis"", ""Players: Games with Solitaire Rules"", ""Theme: Robots"", ""Theme: Survival""]","[""Adam Kwapi\u0144ski""]",114,8.53831984735267,0.3393353382060127,0,0,hard_exclude,reimplementation_remake,"is_reimplementation True via game_links reimplements 167355:Nemesis + families ['Components: Dice with Icons', 'Components: Miniatures']",high
421006,The Lord of the Rings: Duel for Middle-earth,2024.0,2.0716,2.0,2.0,"[""Authors: J.R.R. Tolkien"", ""Game: 7 Wonders Duel"", ""Mechanism: Tableau Building"", ""Misc: LongPack Games"", ""Players: Two-Player Only Games"", ""Theme: Medieval Fantasy"", ""Theme: Wizards"", ""Versions & Editions: Versions with IP after the original release""]","[""Bruno Cathala"", ""Antoine Bauza""]",6710,8.683400621594574,0.4830781678205103,0,0,hard_exclude,reimplementation_remake,"is_reimplementation True via game_links reimplements 173346:7 Wonders Duel + families ['Authors: J.R.R. Tolkien', 'Game: 7 Wonders Duel']",high
182,Hungry,1995.0,1.4301,2.0,4.0,"[""Creatures: Zombies"", ""Magazine: Spielbox""]","[""Reiner Knizia""]",724,6.768136233056542,0.5880233977677838,0,0,hard_exclude,reimplementation_remake,"is_reimplementation True via game_links reimplements 322787:Confrontation + families ['Creatures: Zombies', 'Magazine: Spielbox']",high
492,Aladdin's Dragons,2000.0,2.3613,3.0,5.0,"[""Creatures: Dragons"", ""Folk Tales & Fairy Tales: Aladdin"", ""Mythology: Arabian"", ""Region: Middle East""]","[""Richard Breese""]",3223,7.280595359805617,0.2047394442354795,0,0,hard_exclude,reimplementation_remake,"is_reimplementation True via game_links reimplements 294:Keydom + families ['Creatures: Dragons', 'Folk Tales & Fairy Tales: Aladdin']",high
1014,Fief 2,1989.0,2.9091,3.0,6.0,"[""Components: Map (Continental / National scale)"", ""Series: Fief""]","[""Duccio Vitale"", ""Philippe Mouchebeuf""]",153,7.126776273614099,0.3224752619854785,0,0,hard_exclude,reimplementation_remake,"is_reimplementation True via game_links reimplements 6909:Fief + families ['Components: Map (Continental / National scale)', 'Series: Fief']",high
2106,Imperium: 3rd Millennium,2001.0,3.0,2.0,2.0,"[""Players: Two-Player Only Games""]","[""Marc W. Miller""]",154,5.5468653267825845,-1.448856960416072,0,0,hard_exclude,reimplementation_remake,is_reimplementation True via game_links reimplements 3661:Imperium: Empires in Conflict – Worlds in the Balance + families ['Players: Two-Player Only Games'],high
2161,Tyranid Attack,1992.0,2.6,2.0,2.0,"[""Players: Two-Player Only Games"", ""Setting: Warhammer 40,000 Board Games""]","[""Jervis Johnson""]",105,6.057751502563177,-0.189960256189237,0,0,hard_exclude,reimplementation_remake,"is_reimplementation True via game_links reimplements 8630:Advanced Space Crusade + families ['Players: Two-Player Only Games', 'Setting: Warhammer 40,000 Board Games']",high
2698,FrachtExpress,2001.0,2.25,3.0,4.0,"[""Game: HellRail""]","[""James Kyle""]",158,6.731985725422491,0.3339590394030844,0,0,hard_exclude,reimplementation_remake,is_reimplementation True via game_links reimplements 197:HellRail: Second Perdition + families ['Game: HellRail'],high
2781,My Word!,2001.0,1.3182,2.0,6.0,"[""Containers: Tin/Metal Box""]","[""Reiner Knizia""]",432,5.924462464950317,-0.1427955681260293,0,0,hard_exclude,reimplementation_remake,is_reimplementation True via game_links reimplements 3999:Diabolo + families ['Containers: Tin/Metal Box'],high
2842,TransAmerica,2001.0,1.3467,2.0,6.0,"[""Components: Map (Continental / National scale)"", ""Country: USA"", ""Digital Implementations: BrettspielWelt"", ""Game: Transamerica"", ""Misc: Dice Tower Hall of Fame"", ""Misc: Mensa Select"", ""Series: Games Collection (Immortal Eyes)""]","[""Franz-Benno Delonge""]",8203,7.046787492289466,0.3047861845092861,0,0,hard_exclude,reimplementation_remake,"is_reimplementation True via game_links reimplements 34508:Iron Road + families ['Components: Map (Continental / National scale)', 'Country: USA']",high
2891,Starfire,1979.0,2.697,2.0,3.0,"[""Game: Starfire"", ""Series: Pocket Games (Task Force Games)""]","[""Stephen V. Cole""]",288,7.022685982695882,0.2446013817954737,0,0,hard_exclude,reimplementation_remake,"is_reimplementation True via game_links reimplements 114062:Starfire + families ['Game: Starfire', 'Series: Pocket Games (Task Force Games)']",high
3004,UNO Dice,1987.0,1.125,2.0,6.0,"[""Game: UNO""]","[""Merle Robbins""]",104,4.9843098973706415,-0.671126419254465,0,0,hard_exclude,reimplementation_remake,is_reimplementation True via game_links reimplements 2223:UNO + families ['Game: UNO'],high
3015,Claim,1983.0,2.2941,2.0,4.0,"[""Category: Combinatorial""]","[""Alex Randolph""]",190,6.64792670227488,0.4069449354675001,0,0,hard_exclude,reimplementation_remake,is_reimplementation True via game_links reimplements 12061:Turnier + families ['Category: Combinatorial'],high
198928,Iberia,2016.0,2.5939,2.0,5.0,"[""Components: Map (Continental / National scale)"", ""Components: Multi-Use Cards"", ""Components: Wooden pieces & boards"", ""Country: Andorra"", ""Country: Portugal"", ""Country: Spain"", ""Game: Pandemic"", ""Medical: Diseases"", ""Misc: Made by Panda"", ""Occupation: Medic / Doctor / Nurses"", ""Occupation: Researcher / Scientist"", ""Region: Andalusia (Spain)"", ""Theme: Science""]","[""Matt Leacock"", ""Jes\u00fas Torres Castro""]",10926,8.149926527115646,0.2163026922731763,0,0,hard_exclude,reimplementation_remake,"is_reimplementation True via game_links reimplements 30549:Pandemic + families ['Components: Map (Continental / National scale)', 'Components: Multi-Use Cards']",high
233078,Twilight Imperium: Fourth Edition,2017.0,4.36,3.0,6.0,"[""Components: Hexagonal Tiles"", ""Components: Map (Interplanetary or Interstellar scale)"", ""Components: Miniatures"", ""Digital Implementations: Board Game Arena"", ""Game: Twilight Imperium"", ""Mechanism: 4X"", ""Misc: Made by Panda""]","[""Dane Beltrami"", ""Christian T. Petersen"", ""Corey Konieczka""]",22863,8.8589283650014,0.0062110379479207,0,0,hard_exclude,reimplementation_remake,"is_reimplementation True via game_links reimplements 12493:Twilight Imperium: Third Edition + families ['Components: Hexagonal Tiles', 'Components: Map (Interplanetary or Interstellar scale)']",high
236305,Combo Fighter,2019.0,1.5,1.0,4.0,"[""Admin: Game System Entries"", ""Category: Two-Player Fighting Games"", ""Crowdfunding: Kickstarter"", ""Game: Combo Fighter""]","[""Asger Johansen""]",670,7.17967775577403,0.1544970913037193,0,0,hard_exclude,game_system_container,families Admin: Game System Entries; game_links contained_in target 0.0>0 via [],high
246900,Eclipse: Second Dawn for the Galaxy,2020.0,3.6682,2.0,6.0,"[""Components: Control Boards"", ""Components: Game Trayz Inside"", ""Components: Map (Interplanetary or Interstellar scale)"", ""Components: Miniatures"", ""Crowdfunding: Kickstarter"", ""Digital Implementations: Steam"", ""Game: Eclipse (Lautapelit.fi)"", ""Mechanism: 4X"", ""Misc: Made by Panda"", ""Players: Games with expansions that change player count""]","[""Touko Tahkokallio""]",14078,8.777501210049346,-0.0295288804343982,0,0,hard_exclude,reimplementation_remake,"is_reimplementation True via game_links reimplements 72125:Eclipse: New Dawn for the Galaxy + families ['Components: Control Boards', 'Components: Game Trayz Inside']",high
255668,Trickerion: Collector's Edition,2019.0,4.4858,1.0,4.0,"[""Components: Game Trayz Inside"", ""Crowdfunding: Kickstarter"", ""Crowdfunding: Spieleschmiede"", ""Game: Trickerion"", ""Misc: Made by Panda""]","[""Richard \u00c1mann"", ""Viktor P\u00e9ter""]",2580,9.048734242243349,0.4162517055386523,0,1,hard_exclude,edition_contained_variant,contained_in via families Game: Trickerion + shared designer 2 year diff 4 weight diff 0.22 link contained_in 163068,high
352515,Trio,2021.0,1.0763,3.0,6.0,"[""Digital Implementations: Board Game Arena"", ""Misc: LongPack Games""]","[""\u5bae\u91ce \u83ef\u4e5f (Kaya Miyano)""]",6036,7.695807012096467,0.2339812247932551,0,0,hard_exclude,reimplementation_remake,"is_reimplementation True via game_links reimplements 417920:Slotters: Phantom Seven + families ['Digital Implementations: Board Game Arena', 'Misc: LongPack Games']",high
94,Union Pacific,1999.0,2.5458,2.0,6.0,"[""Country: USA""]","[""Alan R. Moon""]",4320,7.603161586488047,0.5681976327650737,0,0,hard_exclude,reimplementation_remake,is_reimplementation True via game_links reimplements 43:Airlines + families ['Country: USA'],high
321,The Mole in the Hole,1995.0,1.2766,2.0,4.0,"[""Animals: Moles"", ""Components: 3-Dimensional (3D)""]","[""Virginia Charves"", ""Bertram Kaes""]",1112,6.585207372247833,0.3276062641749888,0,0,hard_exclude,reimplementation_remake,"is_reimplementation True via game_links reimplements 2962:Inner Circle + families ['Animals: Moles', 'Components: 3-Dimensional (3D)']",high
397,Diskwars,1999.0,2.3958,2.0,8.0,"[""Admin: Game System Entries"", ""Collectible: Collectible Token Games"", ""Setting: The Realms of Terrinoth""]","[""Christian T. Petersen"", ""Darrell Hardy"", ""Tom Jolly"", ""Tod Gelle""]",523,6.136968638194911,-0.836258664194033,0,0,hard_exclude,game_system_container,families Admin: Game System Entries; game_links contained_in target 0.0>0 via [],high
398,Wildlife Safari,1994.0,1.2747,2.0,5.0,"[""Animals: Elephants"", ""Animals: Lions"", ""Animals: Rhinoceroses"", ""Animals: Zebras"", ""Continents: Africa"", ""Country: Botswana"", ""Series: Bookshelf (Gryphon Games)"", ""Theme: Safaris""]","[""Reiner Knizia""]",3463,7.15435061236493,0.6891284975142868,0,0,hard_exclude,reimplementation_remake,"is_reimplementation True via game_links reimplements 95345:Irish Wolf + families ['Animals: Elephants', 'Animals: Lions']",high
534,N.Y. Chase,1999.0,1.9811,3.0,6.0,"[""Characters: Mister X"", ""Cities: New York (New York, USA)"", ""Country: USA"", ""Mechanism: Hidden Movement"", ""Players: One versus Many""]","[""Projekt Team III""]",623,6.53366839542657,0.019741658970382,0,0,hard_exclude,reimplementation_remake,"is_reimplementation True via game_links reimplements 438:Scotland Yard + families ['Characters: Mister X', 'Cities: New York (New York, USA)']",high
539,Dampfross,1979.0,2.175,2.0,6.0,"[""Components: Map (Continental / National scale)"", ""Game: Railway Rivals""]","[""David G. Watts""]",867,6.605160742319737,0.2079644143004548,0,0,hard_exclude,reimplementation_remake,"is_reimplementation True via game_links reimplements 460:Railway Rivals + families ['Components: Map (Continental / National scale)', 'Game: Railway Rivals']",high
712,Blood Bowl (Third Edition),1994.0,2.9896,2.0,2.0,"[""Components: Polyhedral (not D6) dice"", ""Digital Implementations: Steam"", ""Game: Blood Bowl"", ""Players: Two-Player Only Games"", ""Series: Specialist Games (Games Workshop)"", ""Setting: Warhammer Fantasy Board Games"", ""Theme: Fantasy Sports""]","[""Jervis Johnson""]",5430,7.800170454007821,0.284955414713588,0,0,hard_exclude,reimplementation_remake,"is_reimplementation True via game_links reimplements 2288:Blood Bowl (Second Edition) + families ['Components: Polyhedral (not D6) dice', 'Digital Implementations: Steam']",high
769,Star Trek Red Alert!,2000.0,2.3333,2.0,8.0,"[""Admin: Game System Entries"", ""Collectible: Collectible Token Games"", ""TV Shows: Star Trek (various)""]","[""Matthew Colville"", ""Christian T. Petersen"", ""Darrell Hardy"", ""Christian Moore""]",106,6.559610849513243,0.5942941827893033,0,0,hard_exclude,game_system_container,families Admin: Game System Entries; game_links contained_in target 0.0>0 via [],high
1038,Tantrix,1991.0,2.2209,1.0,6.0,"[""Components: Hexagonal Tiles"", ""Containers: Drawstring Bag"", ""Containers: Unique Shape"", ""Containers: Zippered Pouch"", ""Misc: LongPack Games"", ""Players: Games with Solitaire Rules"", ""Versions & Editions: More-Player Versions of Two-Player Games""]","[""Mike McManaway""]",2179,6.551540537595976,-0.1325030682131061,0,0,hard_exclude,reimplementation_remake,"is_reimplementation True via game_links reimplements 21611:The Mind Game + families ['Components: Hexagonal Tiles', 'Containers: Drawstring Bag']",high
1310,Auf Achse: Das Kartenspiel,1995.0,1.7273,2.0,5.0,"[""TV Shows: Auf Achse"", ""Versions & Editions: Card Versions of Non-Card Games""]","[""Wolfgang Kramer""]",107,6.214243130808478,0.5226866349481254,0,0,hard_exclude,reimplementation_remake,"is_reimplementation True via game_links reimplements 110:Auf Achse + families ['TV Shows: Auf Achse', 'Versions & Editions: Card Versions of Non-Card Games']",high
1333,Boom-O,2000.0,1.16,2.0,6.0,"[""Digital Implementations: VASSAL"", ""Game: UNO""]","[""(Uncredited)""]",689,5.42127601760124,-0.6880188409137897,0,0,hard_exclude,reimplementation_remake,"is_reimplementation True via game_links reimplements 1961:5 Alive + families ['Digital Implementations: VASSAL', 'Game: UNO']",high
1421,Lost Worlds,1983.0,1.6905,2.0,2.0,"[""Admin: Game System Entries"", ""Category: Two-Player Fighting Games"", ""Misc: No Table Needed"", ""Players: Two-Player Only Games"", ""Series: Lost Worlds (Nova Game Designs)"", ""Series: Picture Book Games (Nova Game Designs)"", ""Theme: Medieval Fantasy""]","[""Michael Stackpole"", ""Paul S. Weintraub"", ""Mary Leonardi"", ""C. Lacefield"", ""Alfred Leonardi""]",439,6.850177785626989,0.8805144883402329,0,0,hard_exclude,game_system_container,families Admin: Game System Entries; game_links contained_in target 0.0>0 via [],high
1431,War at Sea (Second Edition),1976.0,1.9562,2.0,2.0,"[""Country: France"", ""Country: Germany"", ""Country: United Kingdom"", ""Game: War at Sea"", ""Players: Two-Player Only Games"", ""Players: Wargames with Rules Supporting Only Two Players"", ""Series: War at Sea Like Games"", ""War Battlespace: Naval warfare"", ""War Level of Command: Strategic""]","[""John Edwards""]",1027,6.777137418395248,-0.1354368385312971,0,0,hard_exclude,reimplementation_remake,"is_reimplementation True via game_links reimplements 32234:The War At Sea + families ['Country: France', 'Country: Germany']",high
1436,Billionaire,1973.0,1.3636,2.0,4.0,"[""Admin: Better Description Needed!"", ""Mechanism: Circuit-Based Trading Games""]","[""Marvin Glass""]",304,5.32532280783997,-0.4108955785057828,0,0,hard_exclude,reimplementation_remake,"is_reimplementation True via game_links reimplements 865:Landslide + families ['Admin: Better Description Needed!', 'Mechanism: Circuit-Based Trading Games']",high
2570,Atlantic Star,2001.0,2.1416,2.0,6.0,"[""Theme: Art style \u2013 Art Deco""]","[""Dirk Henn""]",1780,7.269713891734438,0.483366009327578,0,0,hard_exclude,reimplementation_remake,is_reimplementation True via game_links reimplements 73:Show Manager + families ['Theme: Art style – Art Deco'],high
4014,Dawn Patrol: Role Playing Game of WW I Air Combat,1982.0,2.3846,2.0,52.0,"[""Country: Austria-Hungary"", ""Country: Belgium"", ""Country: France"", ""Country: Germany"", ""Country: Italy"", ""Country: United Kingdom"", ""Digital Implementations: VASSAL""]","[""Mike Carr""]",328,6.930375067570324,0.4870433832120717,0,0,hard_exclude,reimplementation_remake,"is_reimplementation True via game_links reimplements 6638:Fight in the Skies + families ['Country: Austria-Hungary', 'Country: Belgium']",high
4052,Star Wars: Trading Card Game,2002.0,2.0,2.0,2.0,"[""Admin: Better Description Needed!"", ""Admin: Game System Entries"", ""Collectible: Collectible Card Games"", ""Movies: Star Wars"", ""Players: Two-Player Only Games""]","[""Richard Garfield""]",494,6.063265775030551,0.0263203637618829,0,0,hard_exclude,game_system_container,families Admin: Game System Entries; game_links contained_in target 0.0>0 via [],high
4388,"Rome: Imperium, Circus Maximus, Hannibal vs Rome",2001.0,1.7097,2.0,5.0,"[""Ancient: Carthage"", ""Ancient: Rome"", ""Cities: Rome (Lazio, Italy)"", ""History: Punic Wars"", ""Sports: Chariot Racing""]","[""Reiner Knizia""]",468,6.749674984308605,0.4928220261340996,0,0,hard_exclude,reimplementation_remake,"is_reimplementation True via game_links reimplements 280:Neue Spiele im alten Rom + families ['Ancient: Carthage', 'Ancient: Rome']",high
14996,Ticket to Ride: Europe,2005.0,1.9146,2.0,5.0,"[""Components: Map (Continental / National scale)"", ""Continents: Europe"", ""Country: Belgium"", ""Country: France"", ""Country: Germany"", ""Country: Netherlands"", ""Country: Russia"", ""Country: Spain"", ""Country: United Kingdom"", ""Digital Implementations: Board Game Arena"", ""Game: Ticket to Ride (Official)"", ""Players: Games with expansions that change player count"", ""Theme: Trains""]","[""Alan R. Moon""]",74921,7.656641734624346,0.2937988368466779,0,0,hard_exclude,reimplementation_remake,"is_reimplementation True via game_links reimplements 9209:Ticket to Ride + families ['Components: Map (Continental / National scale)', 'Continents: Europe']",high
128780,Pax Porfiriana,2012.0,3.6436,1.0,6.0,"[""Components: Multi-Use Cards"", ""Country: Mexico"", ""Digital Implementations: Yucata"", ""Historical Figures: Pancho Villa"", ""History: Mexican Revolution"", ""Mechanism: Tableau Building"", ""Organizations: Gamesmiths"", ""Players: Games with Solitaire Rules"", ""Series: Pax""]","[""Phil Eklund"", ""Matt Eklund"", ""Jim Gutt""]",3744,8.22395127840964,0.3983409669417117,0,0,hard_exclude,reimplementation_remake,"is_reimplementation True via game_links reimplements 284:Lords of the Sierra Madre (Second Edition) + families ['Components: Multi-Use Cards', 'Country: Mexico']",high
128882,The Resistance: Avalon,2012.0,1.7397,5.0,10.0,"[""Crowdfunding: Kickstarter"", ""Game: The Resistance"", ""Game: Werewolf / Mafia"", ""Series: Postcard Box Games (Indie Boards and Cards)"", ""Theme: King Arthur / The Knights of the Round Table / Camelot""]","[""Don Eskridge""]",33371,7.752478017366471,0.1931990237756249,0,0,hard_exclude,reimplementation_remake,"is_reimplementation True via game_links reimplements 41114:The Resistance + families ['Crowdfunding: Kickstarter', 'Game: The Resistance']",high
149746,My Little Pony: Collectible Card Game,2013.0,2.7222,2.0,2.0,"[""Admin: Game System Entries"", ""Animals: Horses"", ""Collectible: Collectible Card Games"", ""Creatures: Unicorns"", ""Players: Two-Player Only Games"", ""Toys: My Little Pony""]","[""Darrell Hardy"", ""Amanda Craig""]",280,6.168554129777436,-0.4239727318683437,0,0,hard_exclude,game_system_container,families Admin: Game System Entries; game_links contained_in target 0.0>0 via [],high
268201,Dice Throne,2018.0,2.1529,2.0,6.0,"[""Admin: Game System Entries"", ""Digital Implementations: TableTop Simulator Mod (TTS)"", ""Digital Implementations: Tabletopia"", ""Game: Dice Throne""]","[""Nate Chatellier"", ""Aaron Hein"", ""Manny Trembley""]",2465,7.8958296618837664,0.639904479965633,0,0,hard_exclude,game_system_container,families Admin: Game System Entries; game_links contained_in target 0.0>0 via [],high
274637,"Unmatched: Battle of Legends, Volume One",2019.0,1.9563,2.0,4.0,"[""Books: Alice in Wonderland"", ""Category: Two-Player Fighting Games"", ""Components: Miniatures"", ""Components: Multi-Use Cards"", ""Digital Implementations: Google Play"", ""Game: Unmatched"", ""Misc: Made by Panda"", ""Misc: Watch It Played How To Videos"", ""Mythology: Arabian"", ""Mythology: Greek"", ""Theme: King Arthur / The Knights of the Round Table / Camelot""]","[""Justin D. Jacobson"", ""Rob Daviau""]",9405,7.934288520505939,0.2812007349338774,0,0,hard_exclude,reimplementation_remake,"is_reimplementation True via game_links reimplements 3284:Star Wars: Epic Duels + families ['Books: Alice in Wonderland', 'Category: Two-Player Fighting Games']",high
324856,The Crew: Mission Deep Sea,2021.0,2.0506,2.0,5.0,"[""Digital Implementations: Board Game Arena"", ""Digital Implementations: Tabletopia"", ""Game: The Crew"", ""Mechanism: Artificial Player"", ""Misc: LongPack Games"", ""Theme: Under the Sea""]","[""Thomas Sing""]",19985,8.459943082578489,0.4443881261388291,0,0,hard_exclude,reimplementation_remake,"is_reimplementation True via game_links reimplements 284083:The Crew: The Quest for Planet Nine + families ['Digital Implementations: Board Game Arena', 'Digital Implementations: Tabletopia']",high
342070,Thunder Road: Vendetta,2023.0,1.9578,2.0,4.0,"[""Crowdfunding: Kickstarter"", ""Digital Implementations: TableTop Simulator Mod (TTS)"", ""Digital Implementations: Tabletopia"", ""Misc: Made by Panda"", ""Misc: Watch It Played How To Videos"", ""Sports: Auto Racing"", ""Theme: Post-Apocalyptic""]","[""Brett Myers"", ""Dave Chalker"", ""Noah Cohen"", ""Jim Keifer"", ""Rob Daviau"", ""Justin D. Jacobson"", ""Brian Neff""]",4462,8.290248174702066,0.3327405309347302,0,0,hard_exclude,reimplementation_remake,"is_reimplementation True via game_links reimplements 804:Thunder Road + families ['Crowdfunding: Kickstarter', 'Digital Implementations: TableTop Simulator Mod (TTS)']",high
48,Krieg und Frieden,1999.0,2.4638,3.0,4.0,[],"[""Gerard Mulder""]",740,6.444897851974664,-0.2925001743483015,0,0,hard_exclude,reimplementation_remake,is_reimplementation True via game_links reimplements 529:Charlemagne + families [],high
283,Advanced Third Reich,1992.0,4.5118,1.0,6.0,"[""Components: Map (Continental / National scale)"", ""Continents: Europe"", ""Series: Third Reich (Avalon Hill and others)"", ""War Level of Command: Strategic""]","[""Bruce Harper""]",718,7.120576705434755,-0.9018855956898416,0,0,hard_exclude,reimplementation_remake,"is_reimplementation True via game_links reimplements 1563:Rise and Decline of the Third Reich + families ['Components: Map (Continental / National scale)', 'Continents: Europe']",high
443,Code 777,1985.0,2.3193,2.0,5.0,"[""Game: What's That on My Head?"", ""Mechanism: Deduction \u2013 Blind Man's Bluff"", ""Misc: LongPack Games"", ""Series: Book Box (DiceTree)""]","[""Alex Randolph"", ""Robert Abbott""]",2137,7.133353883841833,0.4468045852766735,0,0,hard_exclude,reimplementation_remake,"is_reimplementation True via game_links reimplements 616:What's That on My Head? + families [""Game: What's That on My Head?"", ""Mechanism: Deduction – Blind Man's Bluff""]",high
1561,Clue Master Detective,1988.0,1.8404,3.0,10.0,"[""Game: Cluedo / Clue (Parker Brothers, et al)""]","[""(Uncredited)""]",1479,6.68351783264578,0.2394740438600155,0,0,hard_exclude,reimplementation_remake,"is_reimplementation True via game_links reimplements 1294:Clue + families ['Game: Cluedo / Clue (Parker Brothers, et al)']",high
1574,Tactics II,1958.0,2.0093,2.0,2.0,"[""Players: Two-Player Only Games"", ""Players: Wargames with Rules Supporting Only Two Players""]","[""Charles S. Roberts""]",819,5.577352521302688,-0.9334620599504202,0,0,hard_exclude,reimplementation_remake,"is_reimplementation True via game_links reimplements 31766:Tactics + families ['Players: Two-Player Only Games', 'Players: Wargames with Rules Supporting Only Two Players']",high
1666,Battle Hymn,1986.0,3.2982,1.0,1.0,"[""Country: USA"", ""Digital Implementations: VASSAL"", ""History: World War II (Pacific)"", ""Players: Games with Solitaire Rules"", ""Players: Solitaire Only Games"", ""Players: Solitaire Only Wargames"", ""Players: Wargames with Solitaire Rules"", ""Series: Ambush! solitaire wargame system (Victory Games)""]","[""Eric Lee Smith"", ""Joseph Reiser""]",435,7.695343599994401,0.4119095104390586,0,0,hard_exclude,reimplementation_remake,"is_reimplementation True via game_links reimplements 1608:Ambush! + families ['Country: USA', 'Digital Implementations: VASSAL']",high
1710,The Siege of Jerusalem (Third Edition),1989.0,3.8706,2.0,2.0,"[""Ancient: Rome"", ""Cities: Jerusalem"", ""Components: Map (City Scale)"", ""History: Roman Empire"", ""Players: Games with Solitaire Rules"", ""Players: Wargames with Solitaire Rules"", ""Theme: Siege""]","[""Fred Schachter"", ""Steve Weiss""]",580,7.485096152221759,-0.1529673789478547,0,0,hard_exclude,reimplementation_remake,"is_reimplementation True via game_links reimplements 33521:The Siege of Jerusalem, 70 A.D. + families ['Ancient: Rome', 'Cities: Jerusalem']",high
1770,Aliens,1989.0,2.2254,1.0,9.0,"[""Components: Polyhedral (not D6) dice"", ""Creatures: Aliens / Extraterrestrials"", ""Digital Implementations: VASSAL"", ""Mechanism: Campaign Games"", ""Movies: Alien / Aliens"", ""Movies: Horror Movies"", ""Players: Games with Solitaire Rules""]","[""Barry Nakazono"", ""David McKenzie""]",713,7.414531079579258,1.408997339455671,0,0,hard_exclude,reimplementation_remake,"is_reimplementation True via game_links reimplements 376857:Alien Siege + families ['Components: Polyhedral (not D6) dice', 'Creatures: Aliens / Extraterrestrials']",high
3370,Connections,1991.0,1.7143,2.0,2.0,"[""Category: Combinatorial"", ""Components: 5 x 6 Grids"", ""Digital Implementations: Abstract Play"", ""Mechanism: Connection"", ""Players: Two-Player Only Games""]","[""Tom McNamara""]",188,5.934805539476864,-0.1186556183193978,0,0,hard_exclude,reimplementation_remake,"is_reimplementation True via game_links reimplements 11052:BRIDG-IT + families ['Category: Combinatorial', 'Components: 5 x 6 Grids']",high
3487,BattleTech TCG,1996.0,2.4744,2.0,2.0,"[""Admin: Game System Entries"", ""Collectible: Collectible Card Games"", ""Game: BattleTech"", ""Players: Two-Player Only Games"", ""Theme: Mech Warfare""]","[""Richard Garfield""]",767,6.74975378669715,0.1502601979787829,0,0,hard_exclude,game_system_container,families Admin: Game System Entries; game_links contained_in target 0.0>0 via [],high
3664,Grand Mastermind,1974.0,2.8333,2.0,2.0,"[""Game: Mastermind"", ""Players: Two-Player Only Games""]","[""(Uncredited)""]",144,5.936677445062276,-0.4854856276868311,0,0,hard_exclude,reimplementation_remake,"is_reimplementation True via game_links reimplements 2392:Mastermind + families ['Game: Mastermind', 'Players: Two-Player Only Games']",high
3712,Tac Air,1987.0,3.25,2.0,4.0,"[""Theme: Helicopters""]","[""Gary C. Morgan""]",347,6.408490573351254,-0.7013751923581699,0,0,hard_exclude,reimplementation_remake,is_reimplementation True via game_links reimplements 8387:FEBA + families ['Theme: Helicopters'],high
3839,UNO Dominos,1986.0,1.4444,2.0,6.0,"[""Game: UNO""]","[""(Uncredited)""]",112,4.933850930072734,-0.8734291155162603,0,0,hard_exclude,reimplementation_remake,is_reimplementation True via game_links reimplements 2223:UNO + families ['Game: UNO'],high
15987,Arkham Horror,2005.0,3.586,1.0,8.0,"[""Components: Map (City Scale)"", ""Components: Standees"", ""Digital Implementations: VASSAL"", ""Game: Arkham Horror"", ""Game: Arkham Horror (Second Edition)"", ""Misc: Dice Tower Hall of Fame"", ""Players: Games with Solitaire Rules"", ""Series: Arkham Horror Files (Fantasy Flight Games)"", ""Theme: Cthulhu Mythos""]","[""Kevin Wilson"", ""Richard Launius""]",36619,7.335258968524686,-0.6999770176788065,0,0,hard_exclude,reimplementation_remake,"is_reimplementation True via game_links reimplements 34:Arkham Horror + families ['Components: Map (City Scale)', 'Components: Standees']",high
27627,Talisman: Revised 4th Edition,2007.0,2.1712,2.0,6.0,"[""Components: Miniatures"", ""Digital Implementations: Apple App Store"", ""Digital Implementations: Google Play"", ""Digital Implementations: Steam"", ""Game: Talisman"", ""Misc: LongPack Games"", ""Theme: Wizards""]","[""Robert Harris"", ""John Goodenough""]",14505,6.556692076805946,-0.6049853104653637,1,0,hard_exclude,version_edition_variant,"is version target of [1770] + title 'Talisman: Revised 4th Edition' contains edition pattern + families ['Components: Miniatures', 'Digital Implementations: Apple App Store']",high
40354,Maria,2009.0,3.5831,2.0,3.0,"[""Components: Map (Continental / National scale)"", ""Country: Austria"", ""Country: France"", ""Country: Netherlands"", ""Country: Prussia"", ""Digital Implementations: Rally the Troops"", ""History: Age of Kings"", ""History: War of the Austrian Succession"", ""Region: Bavaria (Germany)"", ""Series: Friedrich/Maria (Histogame)"", ""War Level of Command: Strategic""]","[""Richard Siv\u00e9l""]",3693,8.545846399320451,0.3490909849007675,0,0,hard_exclude,reimplementation_remake,"is_reimplementation True via game_links reimplements 12891:Friedrich: Anniversary Edition + families ['Components: Map (Continental / National scale)', 'Country: Austria']",high
43022,Yomi,2011.0,2.3622,2.0,2.0,"[""Admin: Game System Entries"", ""Category: Two-Player Fighting Games"", ""Crowdfunding: Kickstarter"", ""Players: Two-Player Only Games"", ""Series: Fantasy Strike (Sirlin)""]","[""David Sirlin""]",2918,7.302491876538111,-0.0295252086693285,0,0,hard_exclude,game_system_container,families Admin: Game System Entries; game_links contained_in target 0.0>0 via [],high
58281,Summoner Wars,2009.0,2.3333,2.0,4.0,"[""Admin: Game System Entries"", ""Category: Two-Player Fighting Games"", ""Components: Multi-Use Cards"", ""Game: Summoner Wars"", ""Theme: Wizards""]","[""Colby Dauch""]",6565,7.580923764867393,0.2753246173273354,0,0,hard_exclude,game_system_container,families Admin: Game System Entries; game_links contained_in target 0.0>0 via [],high
66603,Killer Bunnies and the Ultimate Odyssey,2010.0,1.1667,2.0,6.0,"[""Admin: Game System Entries"", ""Animals: Rabbits / Hares"", ""Game: Killer Bunnies"", ""Theme: Anthropomorphic Animals""]","[""Jeffrey Neil Bellinger""]",107,5.264950827817267,-0.5303581968900763,0,0,hard_exclude,game_system_container,families Admin: Game System Entries; game_links contained_in target 0.0>0 via [],high
132531,Roll for the Galaxy,2014.0,2.7845,2.0,5.0,"[""Components: Coloured Dice"", ""Components: Dice Cup / Dice Tower / Dice Tray"", ""Components: Dice with Icons"", ""Components: Player Screens"", ""Crowdfunding: Wspieram"", ""Digital Implementations: Apple App Store"", ""Digital Implementations: Board Game Arena"", ""Digital Implementations: Google Play"", ""Digital Implementations: Steam"", ""Game: Race for the Galaxy"", ""Mechanism: Tableau Building"", ""Versions & Editions: Dice Versions of Non-Dice Games""]","[""Thomas Lehmann"", ""Wei-Hwa Huang""]",31967,7.931932908408268,0.1352727764056576,0,0,hard_exclude,reimplementation_remake,"is_reimplementation True via game_links reimplements 28143:Race for the Galaxy + families ['Components: Coloured Dice', 'Components: Dice Cup / Dice Tower / Dice Tray']",high
270971,Era: Medieval Age,2019.0,2.2589,1.0,4.0,"[""Components: 3-Dimensional (3D)"", ""Components: Coloured Dice"", ""Components: Dice with Icons"", ""Components: Polyominoes"", ""Players: Games with Solitaire Rules"", ""Series: Roll Through the Ages (Matt Leacock)"", ""Theme: City""]","[""Matt Leacock""]",4079,7.540906501293254,-0.029879388623371,0,0,hard_exclude,reimplementation_remake,"is_reimplementation True via game_links reimplements 37380:Roll Through the Ages: The Bronze Age + families ['Components: 3-Dimensional (3D)', 'Components: Coloured Dice']",high
284775,Funkoverse Strategy Game,2019.0,2.1795,2.0,4.0,"[""Admin: Game System Entries"", ""Books: A Song of Ice and Fire"", ""Books: Alice in Wonderland"", ""Books: Harry Potter"", ""Brands: Disney"", ""Comic Books: DC Universe"", ""Comic Books: Marvel Universe"", ""Components: Dice with Icons"", ""Folk Tales & Fairy Tales: Peter Pan"", ""Misc: Watch It Played How To Videos"", ""Movies: Back to the Future"", ""Movies: Jaws"", ""Movies: Jurassic Park"", ""Movies: The Nightmare Before Christmas"", ""Movies: Universal Studios Monsters"", ""Series: Funkoverse Strategy Game"", ""Theme: Superheroes"", ""TV Shows: Bugs Bunny"", ""TV Shows: Rick and Morty"", ""TV Shows: The Golden Girls""]","[""Chris Rowlands"", ""Ket Ng"", ""Prospero Hall""]",1121,7.231691008397655,-0.2253389703273676,0,0,hard_exclude,game_system_container,families Admin: Game System Entries; game_links contained_in target 0.0>0 via [],high
306881,Railroad Ink Challenge: Lush Green Edition,2021.0,2.1081,1.0,4.0,"[""Components: 7 x 7 Grids"", ""Components: Dice with Icons"", ""Components: Dry Erase Markers / Dry Erase Surfaces"", ""Crowdfunding: Kickstarter"", ""Digital Implementations: Tabletopia"", ""Game: Railroad Ink"", ""Mechanism: Roll-and-Write"", ""Players: Games with expansions that change player count"", ""Players: Games with Solitaire Rules"", ""Theme: Trees and Forests""]","[""Hjalmar Hach"", ""Lorenzo Silva""]",3334,7.898171908420636,0.2326218520918086,1,0,hard_exclude,version_edition_variant,"is version target of [2452] + title 'Railroad Ink Challenge: Lush Green Edition' contains edition pattern + families ['Components: 7 x 7 Grids', 'Components: Dice with Icons']",high
308119,Pax Renaissance: 2nd Edition,2021.0,4.6435,1.0,4.0,"[""Components: Map (Continental / National scale)"", ""Crowdfunding: Kickstarter"", ""Digital Implementations: Board Game Arena"", ""Digital Implementations: TableTop Simulator Mod (TTS)"", ""History: Byzantium"", ""Mechanism: Tableau Building"", ""Misc: LongPack Games"", ""Religious: Christianity"", ""Religious: Islam"", ""Series: Pax""]","[""Matt Eklund"", ""Phil Eklund""]",2592,9.001428879396856,0.0806728379678549,0,0,hard_exclude,reimplementation_remake,"is_reimplementation True via game_links reimplements 198953:Pax Renaissance + families ['Components: Map (Continental / National scale)', 'Crowdfunding: Kickstarter']",high
328871,Terraforming Mars: Ares Expedition,2021.0,2.9271,1.0,4.0,"[""Category: DIZED Tutorial"", ""Crowdfunding: Kickstarter"", ""Game: Terraforming Mars Ares Expedition"", ""Mechanism: Tableau Building"", ""Misc: Watch It Played How To Videos"", ""Series: Terraforming Mars"", ""Setting: Future Timeline (Fryxgames)"", ""Space: Mars"", ""Theme: Science"", ""Versions & Editions: Card Versions of Non-Card Games""]","[""Sydney Engelstein"", ""Jacob Fryxelius"", ""Nick Little (I)""]",18276,7.965087425289828,-0.3834672399436281,0,0,hard_exclude,reimplementation_remake,"is_reimplementation True via game_links reimplements 167791:Terraforming Mars + families ['Category: DIZED Tutorial', 'Crowdfunding: Kickstarter']",high
371688,HUANG,2024.0,3.0233,2.0,4.0,"[""Animals: Goats"", ""Animals: Rabbits / Hares"", ""Animals: Rats"", ""Animals: Tigers"", ""Components: Map (Regional scale)"", ""Country: China"", ""Crowdfunding: Gamefound"", ""Digital Implementations: TableTop Simulator Mod (TTS)"", ""Digital Implementations: Tabletopia"", ""Game: Tigris & Euphrates"", ""History: Warring States Period of China"", ""Rivers: Yangtze"", ""Rivers: Yellow"", ""Theme: Anthropomorphic Animals""]","[""Reiner Knizia""]",655,8.513909922899844,0.3857106947386093,0,0,hard_exclude,reimplementation_remake,"is_reimplementation True via game_links reimplements 42:Tigris & Euphrates + families ['Animals: Goats', 'Animals: Rabbits / Hares']",high
229,King of the Elves,1999.0,2.0238,2.0,6.0,"[""Creatures: Fairies / Elves / Pixies"", ""Game: Elfenroads""]","[""Alan R. Moon""]",1317,6.51625826823352,-0.1018082371625608,0,0,hard_exclude,reimplementation_remake,"is_reimplementation True via game_links reimplements 10:Elfenland + families ['Creatures: Fairies / Elves / Pixies', 'Game: Elfenroads']",high
590,Mille Bornes,1954.0,1.2504,2.0,6.0,"[""Game: Mille Bornes"", ""Brands: Disney"", ""Comic Books: Asterix"", ""Comic Books: Tintin"", ""Containers: Tin/Metal Box"", ""Movies: Cars"", ""Movies: Pixar"", ""Theme: Retro""]","[""Edmond Dujardin""]",8370,5.786723483051425,-0.5009568727674107,0,0,hard_exclude,reimplementation_remake,"is_reimplementation True via game_links reimplements 2253:Touring + families ['Game: Mille Bornes', 'Brands: Disney']",high
594,Sleuth,1971.0,2.4651,3.0,7.0,"[""Series: 3M Gamettes"", ""Series: Bookshelf (Gryphon Games)"", ""Series: Sid Sackson Signature"", ""Theme: Jewels""]","[""Sid Sackson""]",3017,7.316422686323174,0.533090688166137,0,0,hard_exclude,reimplementation_remake,"is_reimplementation True via game_links reimplements 11572:The Case of the Elusive Assassin + families ['Series: 3M Gamettes', 'Series: Bookshelf (Gryphon Games)']",high
1218,Junior Labyrinth,1995.0,1.1522,2.0,4.0,"[""Game: Labyrinth (Ravensburger)"", ""Movies: Cars"", ""Movies: Finding Nemo"", ""Movies: Frozen"", ""Movies: Pixar"", ""TV Shows: Bluey"", ""TV Shows: Gabby\u2019s Dollhouse"", ""TV Shows: Thomas the Tank Engine"", ""Versions & Editions: Junior Versions of Grown-Up Games""]","[""Max J. Kobbert""]",863,5.873671340368436,-0.0415956699218824,0,0,hard_exclude,reimplementation_remake,"is_reimplementation True via game_links reimplements 1219:Labyrinth + families ['Game: Labyrinth (Ravensburger)', 'Movies: Cars']",high
1897,The Starfarers of Catan,1999.0,2.5837,3.0,4.0,"[""Admin: Better Description Needed!"", ""Game: Catan"", ""Space: Colonization / Extraterrestrial Colonisation""]","[""Klaus Teuber""]",5240,7.068993820891328,-0.0973806177273646,0,0,hard_exclude,reimplementation_remake,"is_reimplementation True via game_links reimplements 13:Catan + families ['Admin: Better Description Needed!', 'Game: Catan']",high
2238,PanzerBlitz,1970.0,3.0541,2.0,2.0,"[""Country: Germany"", ""Country: Russia"", ""Country: Soviet Union"", ""History: World War II (Eastern Front)"", ""Players: Two-Player Only Games"", ""Players: Wargames with Rules Supporting Only Two Players"", ""Series: PanzerBlitz (Avalon Hill)"", ""War Battlespace: Land Warfare"", ""War Level of Command: Tactical""]","[""Jim Dunnigan""]",1760,6.699981453024314,-0.6233154115185027,0,0,hard_exclude,reimplementation_remake,"is_reimplementation True via game_links reimplements 162734:Tactical Game 3 (Russia 1944) + families ['Country: Germany', 'Country: Russia']",high
2339,HellRail: Third Perdition,2001.0,2.1875,3.0,4.0,"[""Game: HellRail"", ""Theme: Hell""]","[""William V. Niebling"", ""James Kyle""]",547,6.171857140734224,-0.5010847575251764,0,0,hard_exclude,reimplementation_remake,"is_reimplementation True via game_links reimplements 197:HellRail: Second Perdition + families ['Game: HellRail', 'Theme: Hell']",high
2343,Electronic Talking Mystery Mansion,1995.0,1.4,2.0,4.0,"[""Versions & Editions: Electronic Versions of Non-Electronic Games""]","[""Larry Harris, Jr.""]",189,6.203171024418764,0.3517441770674976,0,0,hard_exclude,reimplementation_remake,is_reimplementation True via game_links reimplements 2342:Mystery Mansion + families ['Versions & Editions: Electronic Versions of Non-Electronic Games'],high
3226,Bowl Bound,1978.0,1.8788,1.0,4.0,"[""Digital Implementations: VASSAL"", ""Series: Sports Illustrated Games (Avalon Hill)"", ""Series: Sports Illustrated Line (Time, Inc)"", ""Sports: American Football / Gridiron""]","[""David S. Neft"", ""Dr. Thomas Nicely""]",221,7.1724335043704,1.1363976548098966,0,0,hard_exclude,reimplementation_remake,"is_reimplementation True via game_links reimplements 1498:Paydirt + families ['Digital Implementations: VASSAL', 'Series: Sports Illustrated Games (Avalon Hill)']",high
18985,Battleground,2005.0,2.8222,2.0,2.0,"[""Admin: Game System Entries"", ""Ancient: Rome"", ""Digital Implementations: VASSAL"", ""Game: Battleground Fantasy Warfare (Your Move Games)"", ""Game: Battleground Historical Warfare (Your Move Games)"", ""Players: Two-Player Only Games"", ""Players: Wargames with Rules Supporting Only Two Players""]","[""Scott Garner"", ""Brook Villa"", ""Marcus Giegerich"", ""Robert Dougherty"", ""Darwin Kastle"", ""Chad Ellis""]",874,7.099235206874544,-0.1795249829056944,0,0,hard_exclude,game_system_container,families Admin: Game System Entries; game_links contained_in target 0.0>0 via [],high
124742,Android: Netrunner,2012.0,3.4164,2.0,2.0,"[""Category: Two-Player Fighting Games"", ""Collectible: Living Card Game (Fantasy Flight Games)"", ""Components: Customizable"", ""Digital Implementations: VASSAL"", ""Game: Android \u2013 Netrunner (LCG)"", ""Players: Two-Player Only Games"", ""Setting: Android"", ""Theme: Cyberpunk"", ""Theme: Hackers""]","[""Lukas Litzsinger"", ""Richard Garfield""]",28863,8.119865543287641,-0.1285744152269021,0,0,hard_exclude,reimplementation_remake,"is_reimplementation True via game_links reimplements 1301:Netrunner + families ['Category: Two-Player Fighting Games', 'Collectible: Living Card Game (Fantasy Flight Games)']",high
256916,Concordia Venus,2018.0,3.0087,2.0,6.0,"[""Ancient: Rome"", ""Components: Map (Continental / National scale)"", ""Game: Concordia"", ""Mythology: Roman"", ""Players: Games with expansions that add solo play"", ""Players: Games with expansions that change player count""]","[""Mac Gerdts""]",6433,8.688896301411905,0.7272918024580353,0,0,hard_exclude,reimplementation_remake,"is_reimplementation True via game_links reimplements 124361:Concordia + families ['Ancient: Rome', 'Components: Map (Continental / National scale)']",high
266507,Clank! Legacy: Acquisitions Incorporated,2019.0,2.7412,2.0,4.0,"[""Category: Dungeon Crawler"", ""Components: Miniatures"", ""Creatures: Dragons"", ""Creatures: Goblins"", ""Game: Clank!"", ""Mechanism: Campaign Games"", ""Mechanism: Legacy"", ""Players: Games with expansions that change player count"", ""Versions & Editions: Legacy Versions of Non-Legacy Games""]","[""Paul Dennen"", ""Andy Clautice""]",9745,8.831527220528356,0.7747341847141112,0,0,hard_exclude,reimplementation_remake,"is_reimplementation True via game_links reimplements 201808:Clank!: A Deck-Building Adventure + families ['Category: Dungeon Crawler', 'Components: Miniatures']",high
380607,Great Western Trail: New Zealand,2023.0,3.9911,1.0,4.0,"[""Animals: Sheep"", ""Components: Control Boards"", ""Country: New Zealand"", ""Game: Great Western Trail"", ""Occupation: Farmer"", ""Players: Games with Solitaire Rules"", ""Theme: Colonial""]","[""Alexander Pfister""]",4455,9.011664391387765,0.1641910049758355,0,0,hard_exclude,reimplementation_remake,"is_reimplementation True via game_links reimplements 341169:Great Western Trail: Second Edition + families ['Animals: Sheep', 'Components: Control Boards']",high
383179,Age of Innovation,2023.0,4.262,1.0,5.0,"[""Category: Combinatorial"", ""Components: Control Boards"", ""Digital Implementations: Board Game Arena"", ""Series: Terra Mystica""]","[""Helge Ostertag""]",5564,9.072533850378504,0.1418124010810899,0,0,hard_exclude,reimplementation_remake,"is_reimplementation True via game_links reimplements 120677:Terra Mystica + families ['Category: Combinatorial', 'Components: Control Boards']",high
189,Die Siedler von Nürnberg,1999.0,2.7792,3.0,4.0,"[""Animals: Sheep"", ""Cities: Nuremberg (Bavaria, Germany)"", ""Game: Catan""]","[""Klaus Teuber""]",934,7.29852236932218,0.417531650198514,0,0,hard_exclude,reimplementation_remake,"is_reimplementation True via game_links reimplements 13:Catan + families ['Animals: Sheep', 'Cities: Nuremberg (Bavaria, Germany)']",high
198,Buried Treasure,1992.0,1.5714,2.0,4.0,"[""Theme: Pirates""]","[""Sid Sackson""]",249,6.33062417312195,0.239615924680657,0,0,hard_exclude,reimplementation_remake,is_reimplementation True via game_links reimplements 18013:High Spirits with Calvin and the Colonel + families ['Theme: Pirates'],high
426,The Battle of the Bulge,1981.0,2.8846,2.0,2.0,"[""Country: Belgium"", ""History: World War II (Battle of the Bulge)"", ""Players: Two-Player Only Games"", ""Players: Wargames with Rules Supporting Only Two Players"", ""War Battlespace: Land Warfare"", ""War Level of Command: Operational""]","[""Mick Uhl"", ""Bruno Sinigaglio""]",408,6.828643980583692,-0.1920476775343722,0,0,hard_exclude,reimplementation_remake,"is_reimplementation True via game_links reimplements 16444:The Battle of the Bulge + families ['Country: Belgium', 'History: World War II (Battle of the Bulge)']",high
867,Morisi,2000.0,2.0769,2.0,4.0,"[""Admin: Better Description Needed!"", ""Containers: Tubes""]","[""Corn\u00e9 van Moorsel""]",245,6.945264625648777,0.5268494876828473,0,0,hard_exclude,reimplementation_remake,"is_reimplementation True via game_links reimplements 226:Isi + families ['Admin: Better Description Needed!', 'Containers: Tubes']",high
883,Ivanhoe,2000.0,1.6111,2.0,5.0,"[""Theme: Chivalry / Jousting / Tournaments (Medieval Europe)"", ""Theme: Robots""]","[""Andy Lewis"", ""Reiner Knizia""]",2019,6.9037405065840405,0.3200845438130004,0,0,hard_exclude,reimplementation_remake,"is_reimplementation True via game_links reimplements 292:Attacke + families ['Theme: Chivalry / Jousting / Tournaments (Medieval Europe)', 'Theme: Robots']",high
932,Top Race,1996.0,1.75,2.0,6.0,"[""Series: Auto Racing card system (Wolfgang Kramer)"", ""Sports: Auto Racing""]","[""Wolfgang Kramer""]",1324,7.169034699343039,0.7335488390650449,0,0,hard_exclude,reimplementation_remake,"is_reimplementation True via game_links reimplements 2017:Tempo + families ['Series: Auto Racing card system (Wolfgang Kramer)', 'Sports: Auto Racing']",high
1924,Maloney's Inheritance,1988.0,2.0,3.0,6.0,"[""Interwar period (Nov. 1918 - Aug. 1939)""]","[""Sid Sackson""]",217,6.266158391666485,0.0654110249034864,0,0,hard_exclude,reimplementation_remake,is_reimplementation True via game_links reimplements 512:Holiday! + families ['Interwar period (Nov. 1918 - Aug. 1939)'],high
2143,UNO Hearts,1994.0,2.0,2.0,8.0,"[""Game: UNO"", ""Traditional Card Games: Hearts""]","[""Jim Keifer""]",154,5.733871486634066,-0.3661250477495192,0,0,hard_exclude,reimplementation_remake,"is_reimplementation True via game_links reimplements 2223:UNO + families ['Game: UNO', 'Traditional Card Games: Hearts']",high
2738,The Gnumies,2001.0,1.1667,2.0,5.0,[],"[""David Parlett""]",222,5.682804642632875,-0.2369890259598568,0,0,hard_exclude,reimplementation_remake,is_reimplementation True via game_links reimplements 430:Asterix: Das Kartenspiel + families [],high
2821,UNO Stacko,1994.0,1.1277,2.0,10.0,"[""Components: 3-Dimensional (3D)"", ""Game: UNO"", ""Mechanism: Tower Stacking""]","[""Jim Keifer""]",725,5.553902058477516,-0.5607290875414348,0,0,hard_exclude,reimplementation_remake,"is_reimplementation True via game_links reimplements 2223:UNO + families ['Components: 3-Dimensional (3D)', 'Game: UNO']",high
2921,The Game of Life,1960.0,1.1709,2.0,6.0,"[""Characters: Minions"", ""Components: 3-Dimensional (3D)"", ""Components: Innovative Spinner"", ""Containers: Tin/Metal Box"", ""Digital Implementations: Steam"", ""Game: Game of Life"", ""Misc: Dice Tower Hall of Fame"", ""Movies: Star Wars"", ""Theme: My Best Life"", ""TV Shows: SpongeBob SquarePants""]","[""Reuben Klamer"", ""Bill Markham""]",12829,4.394028020556637,-1.9297096292699711,0,0,hard_exclude,reimplementation_remake,"is_reimplementation True via game_links reimplements 40244:The Checkered Game of Life + families ['Characters: Minions', 'Components: 3-Dimensional (3D)']",high
17419,CATAN 3D Collector's Edition,2005.0,2.6446,3.0,4.0,"[""Components: 3-Dimensional (3D)"", ""Game: Catan"", ""Islands: Fictional""]","[""Klaus Teuber""]",1029,8.10460574629893,1.050891204162058,0,1,hard_exclude,edition_contained_variant,contained_in via families Game: Catan + shared designer 1 year diff 10 weight diff 0.36 link contained_in 13,high
123955,Thunderbolt Apache Leader,2012.0,3.2463,1.0,1.0,"[""Players: Games with Solitaire Rules"", ""Players: Solitaire Only Games"", ""Players: Solitaire Only Wargames"", ""Players: Wargames with Solitaire Rules"", ""Series: Leader (DVG)"", ""Theme: Helicopters""]","[""Dan Verssen""]",1335,8.174763285811423,0.2597329194828219,0,0,hard_exclude,reimplementation_remake,"is_reimplementation True via game_links reimplements 2154:Thunderbolt/Apache Leader + families ['Players: Games with Solitaire Rules', 'Players: Solitaire Only Games']",high
177478,IKI,2015.0,3.0613,2.0,4.0,"[""Country: Japan"", ""Crowdfunding: Kickstarter"", ""Crowdfunding: Spieleschmiede"", ""History: Edo Period"", ""Misc: LongPack Games"", ""Occupation: Merchant""]","[""Koota Yamada""]",5789,8.02813651411537,0.1678089546852792,0,0,hard_exclude,reimplementation_remake,"is_reimplementation True via game_links reimplements 164878:Edo Craftsman Story + families ['Country: Japan', 'Crowdfunding: Kickstarter']",high
202204,Munchkin Collectible Card Game,2018.0,2.6667,2.0,2.0,"[""Admin: Game System Entries"", ""Game: Munchkin"", ""Game: Munchkin Collectible Card Game"", ""Players: Two-Player Only Games""]","[""Kevin Wilson"", ""Eric M. Lang""]",168,6.269429073742653,-0.9969677711586452,0,0,hard_exclude,game_system_container,families Admin: Game System Entries; game_links contained_in target 0.0>0 via [],high
205359,Star Wars: Destiny,2016.0,2.4455,2.0,2.0,"[""Admin: Game System Entries"", ""Category: Two-Player Fighting Games"", ""Collectible: Collectible Card Games"", ""Collectible: Collectible Dice Games"", ""Game: Star Wars Destiny"", ""Movies: Star Wars"", ""Players: Two-Player Only Games""]","[""Corey Konieczka"", ""Lukas Litzsinger""]",5287,7.613596774006153,0.3647152133537474,0,0,hard_exclude,game_system_container,families Admin: Game System Entries; game_links contained_in target 0.0>0 via [],high
221107,Pandemic Legacy: Season 2,2017.0,3.2457,2.0,4.0,"[""Components: Map (Global Scale)"", ""Game: Pandemic"", ""Mechanism: Campaign Games"", ""Mechanism: Legacy"", ""Medical: Diseases"", ""Misc: Limited Replayability"", ""Misc: Made by Panda"", ""Occupation: Medic / Doctor / Nurses"", ""Occupation: Researcher / Scientist"", ""Theme: Post-Apocalyptic"", ""Versions & Editions: Legacy Versions of Non-Legacy Games"", ""Versions & Editions: Sequels""]","[""Matt Leacock"", ""Rob Daviau""]",16750,8.32533214845262,-0.0184598987858848,0,0,hard_exclude,reimplementation_remake,"is_reimplementation True via game_links reimplements 30549:Pandemic + families ['Components: Map (Global Scale)', 'Game: Pandemic']",high
233371,Clank! In! Space!: A Deck-Building Adventure,2017.0,2.5719,2.0,4.0,"[""Digital Implementations: Dire Wolf Game Room"", ""Game: Clank!"", ""Players: Games with expansions that add solo play""]","[""Evan Lorentz"", ""Darrell Hardy"", ""Paul Dennen"", ""Andy Clautice""]",14742,8.105798384097197,0.2569538417449202,0,0,hard_exclude,reimplementation_remake,"is_reimplementation True via game_links reimplements 201808:Clank!: A Deck-Building Adventure + families ['Digital Implementations: Dire Wolf Game Room', 'Game: Clank!']",high
295564,Unmatched Game System,2019.0,1.9333,2.0,4.0,"[""Admin: Game System Entries"", ""Category: Two-Player Fighting Games"", ""Components: Miniatures"", ""Components: Multi-Use Cards"", ""Digital Implementations: Steam"", ""Digital Implementations: TableTop Simulator Mod (TTS)"", ""Game: Unmatched""]","[""Justin D. Jacobson"", ""Rob Daviau""]",2193,8.525293184273332,1.2221853666573512,0,0,hard_exclude,game_system_container,families Admin: Game System Entries; game_links contained_in target 0.0>0 via [],high
295574,Dice Masters,2014.0,2.7857,2.0,2.0,"[""Admin: Game System Entries"", ""Components: Coloured Dice"", ""Components: Dice with Icons"", ""Components: Polyhedral (not D6) dice"", ""Digital Implementations: VASSAL"", ""Game: Dice Masters"", ""Players: Two-Player Only Games""]","[""Eric M. Lang"", ""Mike Elliott""]",233,8.088119173400067,1.0553450431312186,0,0,hard_exclude,game_system_container,families Admin: Game System Entries; game_links contained_in target 0.0>0 via [],high
354570,Undaunted: Stalingrad,2022.0,2.6949,2.0,2.0,"[""Cities: Volgograd (Russia)"", ""Country: Germany"", ""Country: Russia"", ""Country: Soviet Union"", ""History: World War II (Eastern Front)"", ""Mechanism: Campaign Games"", ""Players: Two-Player Only Games"", ""Players: Wargames with Rules Supporting Only Two Players"", ""Series: Undaunted (Osprey Games)"", ""War Level of Command: Tactical""]","[""David Thompson (I)"", ""Trevor Benjamin""]",1475,8.866696976627043,0.4368017790041207,0,0,hard_exclude,reimplementation_remake,"is_reimplementation True via game_links reimplements 268864:Undaunted: Normandy + families ['Cities: Volgograd (Russia)', 'Country: Germany']",high
413246,Bomb Busters,2024.0,2.0,2.0,5.0,"[""Digital Implementations: TableTop Simulator Mod (TTS)"", ""Mechanism: Deduction \u2013 Blind Man's Bluff""]","[""Hisashi Hayashi""]",1645,8.357051892686865,0.4161233797925607,0,0,hard_exclude,reimplementation_remake,"is_reimplementation True via game_links reimplements 323609:Bomb Squad + families ['Digital Implementations: TableTop Simulator Mod (TTS)', ""Mechanism: Deduction – Blind Man's Bluff""]",high
286751,Zombicide: 2nd Edition,2021.0,2.377,1.0,6.0,"[""Category: Dungeon Crawler"", ""Components: Miniatures"", ""Creatures: Zombies"", ""Digital Implementations: Board Game Arena"", ""Game: Zombicide""]","[""Jean-Baptiste Lullien"", ""Nicolas Raoult"", ""Rapha\u00ebl Guiton""]",3873,8.025870288471431,0.1499926804241127,0,0,hard_exclude,reimplementation_remake,"is_reimplementation True via game_links reimplements 113924:Zombicide + families ['Category: Dungeon Crawler', 'Components: Miniatures']",high
41,Can't Stop,1980.0,1.1422,2.0,4.0,"[""Containers: Triangular Boxes"", ""Digital Implementations: Apple App Store"", ""Digital Implementations: Board Game Arena"", ""Digital Implementations: BrettspielWelt"", ""Misc: Dice Tower Hall of Fame"", ""Players: Games with expansions that change player count"", ""Series: 31 Minutos (Fractal Juegos)"", ""Series: L.BOARD (Playte)"", ""Sports: Mountain Climbing""]","[""Sid Sackson""]",19425,7.287707384886672,0.7427670962240134,0,0,hard_exclude,reimplementation_remake,"is_reimplementation True via game_links reimplements 43144:The Great Races + families ['Containers: Triangular Boxes', 'Digital Implementations: Apple App Store']",high
317,The Mob,1993.0,1.8462,3.0,6.0,"[""Historical Figures: Al Capone"", ""History: Prohibition in the USA"", ""Interwar period (Nov. 1918 - Aug. 1939)""]","[""Anthony Watts"", ""Mark Caines""]",225,6.813343009950772,0.6249012624948831,0,0,hard_exclude,reimplementation_remake,"is_reimplementation True via game_links reimplements 32208:Mafioso + families ['Historical Figures: Al Capone', 'History: Prohibition in the USA']",high
2484,Explore Europe,1954.0,1.3659,2.0,6.0,"[""Continents: Europe"", ""Series: Journey Through (Ravensburger)""]","[""O. Fairgagnetr"", ""Johann Wilhelm St\u00fcndt"", ""Hervert Vladimir Fuka"", ""Francesco Ricciardi""]",425,5.301107847166443,-0.2409788394163294,0,0,hard_exclude,reimplementation_remake,"is_reimplementation True via game_links reimplements 6787:Deutschlandreise + families ['Continents: Europe', 'Series: Journey Through (Ravensburger)']",high
2492,Doctor Faust,1990.0,1.6,2.0,2.0,"[""Containers: Tubes"", ""Creatures: Demons"", ""Players: Two-Player Only Games"", ""Theme: Mad Science / Mad Scientist""]","[""Reinhold Wittig""]",123,5.68150563245456,-0.2319350211536681,0,0,hard_exclude,reimplementation_remake,"is_reimplementation True via game_links reimplements 17042:Rufus + families ['Containers: Tubes', 'Creatures: Demons']",high
2541,Cosmic Cows,2001.0,1.058,2.0,2.0,"[""Animals: Cattle / Cows"", ""Players: Two-Player Only Games"", ""Series: Kniffel (Schmidt Spiele)""]","[""Maureen Hiron""]",656,6.032690744544063,-0.0046174779154304,0,0,hard_exclude,reimplementation_remake,"is_reimplementation True via game_links reimplements 2730:Quadwrangle + families ['Animals: Cattle / Cows', 'Players: Two-Player Only Games']",high
2569,Pick Picknic,2001.0,1.1956,2.0,6.0,"[""Animals: Chickens / Roosters"", ""Animals: Ducks"", ""Animals: Foxes"", ""Animals: Turkeys"", ""Series: The Chicken Family of Zoch"", ""Theme: Food / Cooking""]","[""Stefan Dorra""]",2788,6.884848507633793,0.4837847459024971,0,0,hard_exclude,reimplementation_remake,"is_reimplementation True via game_links reimplements 841:Razzia + families ['Animals: Chickens / Roosters', 'Animals: Ducks']",high
2578,Phase 10 Dice,1993.0,1.1781,1.0,8.0,"[""Components: Color Dice"", ""Game: Phase 10"", ""Series: W\u00fcrfelspiele (Ravensburger)"", ""Versions & Editions: Dice Versions of Non-Dice Games"", ""Versions & Editions: Roll- or Flip-and-Write Versions of Non-Writing Games""]","[""Garrett J. Donner"", ""Michael S. Steer""]",1122,5.3803438573932745,-0.7153967819934781,0,0,hard_exclude,reimplementation_remake,"is_reimplementation True via game_links reimplements 1258:Phase 10 + families ['Components: Color Dice', 'Game: Phase 10']",high
4324,Risk: The Lord of the Rings,2002.0,2.2695,2.0,4.0,"[""Authors: J.R.R. Tolkien"", ""Game: Risk (Official)"", ""Versions & Editions: Versions with IP after the original release""]","[""Jean-Ren\u00e9 Vernes"", ""Stephen Baker"", ""Barry Yearsley""]",4707,5.98921322239079,-0.8630576090000801,0,0,hard_exclude,reimplementation_remake,"is_reimplementation True via game_links reimplements 181:Risk + families ['Authors: J.R.R. Tolkien', 'Game: Risk (Official)']",high
4330,Kanaloa,2002.0,2.2188,2.0,4.0,"[""Digital Implementations: Yucata"", ""Islands: Fictional"", ""Series: Tilsit Collection"", ""Theme: Tropical Islands"", ""Versions & Editions: More-Player Versions of Two-Player Games""]","[""G\u00fcnter Cornett""]",291,6.584391124086065,0.0291282811820954,0,0,hard_exclude,reimplementation_remake,"is_reimplementation True via game_links reimplements 309:Arabana-Ikibiti + families ['Digital Implementations: Yucata', 'Islands: Fictional']",high
4368,In their Quiet Fields II,1995.0,3.1818,2.0,2.0,"[""Cities: Sharpsburg (MD, USA)"", ""Players: Two-Player Only Games"", ""Series: Civil War, Brigade (The Gamers)"", ""States: Maryland""]","[""Dean Essig""]",199,7.479800717548805,0.3802326640542137,0,0,hard_exclude,reimplementation_remake,"is_reimplementation True via game_links reimplements 59031:In their Quiet fields + families ['Cities: Sharpsburg (MD, USA)', 'Players: Two-Player Only Games']",high
4390,Carcassonne: Hunters and Gatherers,2002.0,1.9221,2.0,5.0,"[""Animals: Mammoths"", ""Animals: Prehistoric Non-Dinosaurs"", ""Digital Implementations: Board Game Arena"", ""Digital Implementations: BrettspielWelt"", ""Digital Implementations: Tabletopia"", ""Digital Implementations: VASSAL"", ""Digital Implementations: Yucata"", ""Game: Carcassonne"", ""Misc: Watch It Played How To Videos"", ""Theme: Nature""]","[""Bernd Brunnhofer"", ""Klaus-J\u00fcrgen Wrede""]",12915,7.388193633840104,0.3131326923334141,0,0,hard_exclude,reimplementation_remake,"is_reimplementation True via game_links reimplements 822:Carcassonne + families ['Animals: Mammoths', 'Animals: Prehistoric Non-Dinosaurs']",high
183394,Viticulture Essential Edition,2015.0,2.902,1.0,6.0,"[""Components: Control Boards"", ""Components: Meeples (Animal) / Animeeples"", ""Components: Wooden pieces & boards"", ""Country: Italy"", ""Digital Implementations: Apple App Store"", ""Digital Implementations: Board Game Arena"", ""Digital Implementations: BoardSpace"", ""Digital Implementations: Steam"", ""Digital Implementations: Tabletopia"", ""Food & Drink: Wine"", ""Game: Viticulture"", ""Misc: Made by Panda"", ""Organizations: Automa Factory"", ""Players: Games with Solitaire Rules"", ""Series: Uwe Rosenberg Collection (Feuerland Spiele)""]","[""Alan Stone"", ""Jamey Stegmaier""]",49546,8.240850804372714,0.2397410956258667,0,0,hard_exclude,reimplementation_remake,"is_reimplementation True via game_links reimplements 128621:Viticulture + families ['Components: Control Boards', 'Components: Meeples (Animal) / Animeeples']",high
194655,Santorini,2016.0,1.7177,2.0,4.0,"[""Ancient: Greece"", ""Category: Combinatorial"", ""Components: 3-Dimensional (3D)"", ""Components: 5 x 5 Grids"", ""Country: Greece"", ""Crowdfunding: Kickstarter"", ""Digital Implementations: Ai Ai"", ""Digital Implementations: Board Game Arena"", ""Digital Implementations: Google Play"", ""Digital Implementations: Tabletopia"", ""Game: Santorini"", ""Islands: Santorini (Greece)"", ""Mythology: Greek"", ""Organizations: The Game Artisans of Canada"", ""Players: Games with expansions that add solo play"", ""Theme: Chibis"", ""Theme: Construction""]","[""Gord!""]",38946,7.575643807358353,-0.1271656491754358,0,0,hard_exclude,reimplementation_remake,"is_reimplementation True via game_links reimplements 9963:Santorini + families ['Ancient: Greece', 'Category: Combinatorial']",high
310100,Nemesis: Lockdown,2022.0,3.9175,1.0,5.0,"[""Category: Dungeon Crawler"", ""Components: Dice with Icons"", ""Components: Miniatures"", ""Components: Polyhedral (not D6) dice"", ""Creatures: Aliens / Extraterrestrials"", ""Crowdfunding: Kickstarter"", ""Digital Implementations: Steam"", ""Game: Nemesis"", ""Misc: Eastar Game Manufacturing"", ""Players: Games with Solitaire Rules"", ""Space: Mars"", ""Theme: Survival""]","[""Adam Kwapi\u0144ski""]",6139,8.53742847971557,-0.0758949263533192,0,0,hard_exclude,reimplementation_remake,"is_reimplementation True via game_links reimplements 167355:Nemesis + families ['Category: Dungeon Crawler', 'Components: Dice with Icons']",high
368061,Zoo Vadis,2023.0,2.0935,3.0,7.0,"[""Components: Player Screens"", ""Misc: Made by Panda"", ""Series: Crown Jewel Selection (Bitewing Games)"", ""Theme: Anthropomorphic Animals"", ""Theme: Zoos, Aquaria, Safari Parks""]","[""Reiner Knizia""]",2852,8.031715930294725,0.0778861093468776,0,0,hard_exclude,reimplementation_remake,"is_reimplementation True via game_links reimplements 122:Quo Vadis? + families ['Components: Player Screens', 'Misc: Made by Panda']",high
406767,Hegemony: Lead Your Class to Victory – Extended Edition,2023.0,4.3,1.0,4.0,"[""Crowdfunding: Kickstarter"", ""Game: Hegemony"", ""Versions & Editions: Big Box Versions of Individual Games""]","[""Vangelis Bagiartakis"", ""Varnavas Timotheou""]",202,9.098426694159064,0.7034164570926276,0,1,hard_exclude,edition_contained_variant,contained_in via families Game: Hegemony + shared designer 2 year diff 0 weight diff 0.04 link contained_in 321608,high
127,Princess Ryan's Star Marines,1997.0,2.4231,1.0,6.0,[],"[""Mark McLaughlin""]",218,5.721350564567424,-0.7653395331670376,0,0,hard_exclude,reimplementation_remake,is_reimplementation True via game_links reimplements 24814:Princess Ryan's Space Marines: Squad Combat in the 23rd Century + families [],high
153,Take 5!,1998.0,1.4659,2.0,6.0,"[""Animals: Cattle / Cows"", ""Game: 6 nimmt!"", ""Misc: Lowest Score Wins""]","[""Wolfgang Kramer""]",2516,6.867973811542772,0.3030558623502912,0,0,hard_exclude,reimplementation_remake,"is_reimplementation True via game_links reimplements 432:Take 5 + families ['Animals: Cattle / Cows', 'Game: 6 nimmt!']",high
284,Lords of the Sierra Madre (Second Edition),1995.0,3.6,2.0,8.0,"[""Country: Mexico""]","[""Phil Eklund""]",158,6.964435340660355,-0.1981857971184517,0,0,hard_exclude,reimplementation_remake,is_reimplementation True via game_links reimplements 69186:Lords of the Sierra Madre + families ['Country: Mexico'],high
437,Master Labyrinth,1991.0,1.7667,2.0,4.0,"[""Components: 7 x 7 Grids"", ""Game: Labyrinth (Ravensburger)"", ""Misc: Mensa Select"", ""Theme: Wizards""]","[""Max J. Kobbert""]",2769,6.4869271185844655,-0.0496050429489338,0,0,hard_exclude,reimplementation_remake,"is_reimplementation True via game_links reimplements 1219:Labyrinth + families ['Components: 7 x 7 Grids', 'Game: Labyrinth (Ravensburger)']",high
462,Esels-Rennen,1989.0,1.1667,2.0,6.0,"[""Animals: Donkeys""]","[""Frank Nestel"", ""Doris Matth\u00e4us""]",124,5.8937572717549145,0.1949357863808352,0,0,hard_exclude,reimplementation_remake,is_reimplementation True via game_links reimplements 13575:Bunny Zick-Zack + families ['Animals: Donkeys'],high
1713,Maharaja,1994.0,2.6731,3.0,5.0,"[""Ancient: Greece"", ""Components: Map (Continental / National scale)"", ""Country: France"", ""Country: Great Britain"", ""Country: India"", ""Country: Portugal"", ""Country: United Kingdom"", ""History: Anglo-Indian Wars"", ""History: Early Muslim conquests"", ""History: Wars of Alexander the Great"", ""Series: Britannia Game System""]","[""Craig Sandercock"", ""Rex A. Martin""]",483,6.546857927001253,-0.3613129204040897,0,0,hard_exclude,reimplementation_remake,"is_reimplementation True via game_links reimplements 240:Britannia + families ['Ancient: Greece', 'Components: Map (Continental / National scale)']",high
1722,Caesar's Legions,1975.0,2.75,2.0,2.0,"[""Ancient: Rome"", ""Country: Germany"", ""Digital Implementations: VASSAL"", ""History: Roman Empire"", ""Players: Two-Player Only Games"", ""Players: Wargames with Rules Supporting Only Two Players"", ""War Battlespace: Land Warfare"", ""War Level of Command: Operational""]","[""Loren K. Wiseman"", ""Don Greenwood""]",281,6.493132953964135,-0.3417778456548745,0,0,hard_exclude,reimplementation_remake,"is_reimplementation True via game_links reimplements 18066:Eagles + families ['Ancient: Rome', 'Country: Germany']",high
3337,Double Down,1993.0,1.0541,2.0,8.0,"[""Characters: Lauras Stern""]","[""Thomas Pauli""]",776,5.8959510386266105,-0.0582475459309259,0,0,hard_exclude,reimplementation_remake,is_reimplementation True via game_links reimplements 7803:ONO 99 + families ['Characters: Lauras Stern'],high
3348,Santa Fe Rails,2001.0,2.5,2.0,5.0,"[""Admin: Better Description Needed!"", ""Cities: Santa Fe (New Mexico, USA)"", ""Game: Santa Fe""]","[""Alan R. Moon""]",875,7.281038227284828,0.5222997303252868,0,0,hard_exclude,reimplementation_remake,"is_reimplementation True via game_links reimplements 308:Santa Fe + families ['Admin: Better Description Needed!', 'Cities: Santa Fe (New Mexico, USA)']",high
3404,The Legend of Landlock,1995.0,1.2439,2.0,4.0,"[""Components: 6 x 6 Grids"", ""Misc: Mensa Select"", ""Theme: Wetlands / Swamps / Bogs / Fens / Marshland""]","[""Edith Schlichting""]",427,5.89464974265818,-0.0855747558646644,0,0,hard_exclude,reimplementation_remake,"is_reimplementation True via game_links reimplements 128214:Wege + families ['Components: 6 x 6 Grids', 'Misc: Mensa Select']",high
3476,Shadowrun: DMZ Downtown Militarized Zone,1990.0,2.5,2.0,2.0,"[""Admin: Better Description Needed!"", ""Players: Two-Player Only Games"", ""Setting: Shadowrun"", ""Theme: Cyberpunk"", ""Versions & Editions: Board Game Versions of Role-Playing Games""]","[""Tom Dowd"", ""Sam Lewis"", ""Jordan Weisman""]",118,5.312198219426765,-1.308576254576966,0,0,hard_exclude,reimplementation_remake,"is_reimplementation True via game_links reimplements 7943:BattleTech: Battletroops + families ['Admin: Better Description Needed!', 'Players: Two-Player Only Games']",high
3510,Battle of the Sexes,1997.0,1.075,2.0,8.0,"[""Game: Battle of the Sexes"", ""TV Shows: The Simpsons""]","[""(Uncredited)""]",1139,3.63787220656651,-2.5400017126347936,0,0,hard_exclude,reimplementation_remake,"is_reimplementation True via game_links reimplements 10462:Battle of the Sexes + families ['Game: Battle of the Sexes', 'TV Shows: The Simpsons']",high
3725,Qwitch,2002.0,1.087,2.0,8.0,"[""Containers: Tin/Metal Box""]","[""Maureen Hiron""]",281,5.792424492104934,-0.0651391004794783,0,0,hard_exclude,reimplementation_remake,is_reimplementation True via game_links reimplements 168165:Switch: The Game of Ups and Downs + families ['Containers: Tin/Metal Box'],high
329591,Ultimate Railroads,2021.0,3.2555,1.0,4.0,"[""Country: Russia"", ""Digital Implementations: Board Game Arena"", ""Game: Russian Railroads"", ""Mechanism: Tableau Building"", ""Versions & Editions: Big Box Versions of Individual Games""]","[""Leonhard \""Lonny\"" Orgler"", ""Helmut Ohley""]",3023,8.816785714435994,0.5633111234054216,0,1,hard_exclude,edition_contained_variant,contained_in via families Game: Russian Railroads + shared designer 2 year diff 8 weight diff 0.14 link contained_in 144733,high
344992,Evolution: New World,2023.0,2.2857,2.0,4.0,"[""Digital Implementations: Tabletopia"", ""Players: Games with expansions that add solo play"", ""Players: Games with expansions that change player count"", ""Series: Evolution (Rightgames)"", ""Theme: Evolution"", ""Theme: Nature""]","[""Sergey Machin"", ""Dmitry Knorre""]",390,7.295681558750418,-0.3321788146896471,0,0,hard_exclude,reimplementation_remake,"is_reimplementation True via game_links reimplements 71021:Evolution: The Origin of Species + families ['Digital Implementations: Tabletopia', 'Players: Games with expansions that add solo play']",high
390092,Ticket to Ride Legacy: Legends of the West,2023.0,2.5616,2.0,5.0,"[""Components: Map (Continental / National scale)"", ""Continents: North America"", ""Country: USA"", ""Game: Ticket to Ride (Official)"", ""Mechanism: Campaign Games"", ""Mechanism: Legacy"", ""Misc: Made by Panda"", ""Misc: Watch It Played How To Videos"", ""Theme: Trains"", ""Versions & Editions: Legacy Versions of Non-Legacy Games""]","[""Alan R. Moon"", ""Matt Leacock"", ""Rob Daviau""]",3977,8.955636912917727,0.6383565990059523,0,0,hard_exclude,reimplementation_remake,"is_reimplementation True via game_links reimplements 9209:Ticket to Ride + families ['Components: Map (Continental / National scale)', 'Continents: North America']",high
622,Change!,1999.0,1.2105,2.0,8.0,[],"[""Brian Snoddy"", ""James Ernest""]",162,5.58029618476237,-0.2271986785023108,0,0,hard_exclude,reimplementation_remake,is_reimplementation True via game_links reimplements 2284:Fight! + families [],high
643,Deadlands: Doomtown Range Wars,2000.0,2.2,2.0,8.0,"[""Collectible: Collectible Token Games"", ""Setting: The Weird West (Pinnacle Entertainment)"", ""Versions & Editions: Board Game Versions of Role-Playing Games""]","[""Christian T. Petersen"", ""Tom Jolly""]",143,6.570302095537114,0.3395867236375203,0,0,hard_exclude,reimplementation_remake,"is_reimplementation True via game_links reimplements 397:Diskwars + families ['Collectible: Collectible Token Games', 'Setting: The Weird West (Pinnacle Entertainment)']",high
1094,Assassin,1993.0,1.4783,3.0,6.0,"[""Continents: Europe""]","[""Chris Bayliss"", ""Rex A. Martin""]",265,3.937805494025876,-2.110755404833383,0,0,hard_exclude,reimplementation_remake,is_reimplementation True via game_links reimplements 5458:EuroHit + families ['Continents: Europe'],high
1217,The Secret Labyrinth,1998.0,1.4118,2.0,4.0,"[""Game: Labyrinth (Ravensburger)""]","[""Max J. Kobbert""]",278,5.004566467729699,-0.9342607060951842,0,0,hard_exclude,reimplementation_remake,is_reimplementation True via game_links reimplements 1219:Labyrinth + families ['Game: Labyrinth (Ravensburger)'],high
2290,Good & Bad Ghosts,1980.0,1.3191,2.0,2.0,"[""Books: Dr. Jekyll and Mr. Hyde"", ""Components: 6 x 6 Grids"", ""Creatures: Ghosts"", ""Digital Implementations: BrettspielWelt"", ""Players: Two-Player Only Games"", ""Theme: Mad Science / Mad Scientist""]","[""Alex Randolph""]",1618,6.699793974259731,0.5673668072252189,0,0,hard_exclude,reimplementation_remake,"is_reimplementation True via game_links reimplements 1735:Evade + families ['Books: Dr. Jekyll and Mr. Hyde', 'Components: 6 x 6 Grids']",high
2298,"Kasserine: Rommel's Battle for Tunisia, 1943",2001.0,3.3636,1.0,2.0,"[""Country: Tunisia"", ""History: World War II (Africa)"", ""Theme: Deserts""]","[""Vance von Borries""]",159,7.406418390085918,0.093030631205071,0,0,hard_exclude,reimplementation_remake,"is_reimplementation True via game_links reimplements 3523:Decision At Kasserine: Rommel's Last Chance + families ['Country: Tunisia', 'History: World War II (Africa)']",high
2426,Hit the Beach,1965.0,1.125,2.0,4.0,"[""Components: Miniatures"", ""Series: American Heritage (Milton Bradley)"", ""Theme: Tropical Islands""]","[""(Uncredited)""]",163,5.47968032219489,-0.413352268991022,0,0,hard_exclude,reimplementation_remake,"is_reimplementation True via game_links reimplements 2322:Malefiz + families ['Components: Miniatures', 'Series: American Heritage (Milton Bradley)']",high
3091,The Great Game of Britain,1973.0,1.45,2.0,5.0,"[""Country: England"", ""Country: Scotland"", ""Country: Wales""]","[""(Uncredited)""]",187,5.728504288343221,0.0527763527708424,0,0,hard_exclude,reimplementation_remake,"is_reimplementation True via game_links reimplements 2866:The London Game + families ['Country: England', 'Country: Scotland']",high
172996,The King Is Dead,2015.0,2.4478,2.0,4.0,"[""Category: Combinatorial"", ""Components: Map (Continental / National scale)"", ""Country: England"", ""Country: Scotland"", ""Country: Wales"", ""Game:  The King Is Dead""]","[""Peer Sylvester""]",1885,7.631496704210249,0.0215001367341551,0,0,hard_exclude,reimplementation_remake,"is_reimplementation True via game_links reimplements 29937:König von Siam + families ['Category: Combinatorial', 'Components: Map (Continental / National scale)']",high
294484,Unmatched: Cobble & Fog,2020.0,1.9662,2.0,4.0,"[""Books: Dr. Jekyll and Mr. Hyde"", ""Books: Dracula"", ""Books: Sherlock Holmes"", ""Books: The Invisible Man"", ""Category: Two-Player Fighting Games"", ""Components: Miniatures"", ""Components: Multi-Use Cards"", ""Game: Unmatched"", ""Misc: Made by Panda"", ""Misc: Watch It Played How To Videos""]","[""Justin D. Jacobson"", ""Chris Leder"", ""Kevin Rodgers"", ""Rob Daviau""]",8097,8.14592748305316,0.5181399849399853,0,0,hard_exclude,reimplementation_remake,"is_reimplementation True via game_links reimplements 3284:Star Wars: Epic Duels + families ['Books: Dr. Jekyll and Mr. Hyde', 'Books: Dracula']",high
297562,Kemet: Blood and Sand,2021.0,3.1965,2.0,5.0,"[""Ancient: Egypt"", ""Components: Miniatures"", ""Creatures: Monsters"", ""Crowdfunding: Kickstarter"", ""Game: Kemet"", ""Mythology: Egyptian"", ""Theme: Deserts""]","[""Jacques Bariot"", ""Guillaume Montiage""]",5098,8.325747591259757,-0.4436184361256892,0,0,hard_exclude,reimplementation_remake,"is_reimplementation True via game_links reimplements 127023:Kemet + families ['Ancient: Egypt', 'Components: Miniatures']",high
338697,CATAN: 3D Edition,2021.0,1.8333,3.0,4.0,"[""Animals: Sheep"", ""Components: Hexagonal Tiles"", ""Game: Catan"", ""Islands: Fictional""]","[""Klaus Teuber""]",341,8.028776451197873,0.9277529891143068,0,1,hard_exclude,edition_contained_variant,contained_in via families Game: Catan + shared designer 1 year diff 26 weight diff 0.45 link contained_in 13,high
364011,Great Western Trail: Argentina,2022.0,3.9031,1.0,4.0,"[""Animals: Cattle / Cows"", ""Components: Control Boards"", ""Country: Argentina"", ""Game: Great Western Trail"", ""Mechanism: Tableau Building"", ""Players: Games with Solitaire Rules""]","[""Alexander Pfister""]",4311,8.752482457768947,0.0489494671628794,0,0,hard_exclude,reimplementation_remake,"is_reimplementation True via game_links reimplements 341169:Great Western Trail: Second Edition + families ['Animals: Cattle / Cows', 'Components: Control Boards']",high
