game_id,title,year,n_obs,users_rated,weight,weight_missing,raw_mean,adj_mean,se_adj,expected_quality,underratedness,underratedness_cv,lower_bound_resid,lower_bound_adj,model_spec,volume_band,volume_band_6,year_band,volume_decile,is_reimplementation,bayes_rating,rank_current,rank_underratedness
120269,Red White & Blue Racin': Stock Car Action Game,2012.0,131,185.0,1.9231,0.0,8.449618320610687,8.447093894085006,0.10427131437869634,6.467001705611052,1.9800921884739537,1.9804512012472895,1.775720412291709,8.24272211790276,Q3b,100-199,100-199,2010s,D2,False,5.67067,7033.0,1
4385,A Gamut of Games,1969.0,434,445.0,2.3235,0.0,7.760449447004609,8.074748244439382,0.05728694081760737,6.149236380145478,1.9255118642939042,1.928262041973639,1.8132294602913936,7.962465840436872,Q3b,200-499,200-499,1960s,D6,False,5.8584,,2
24996,Start Player: A Kinda Collectible Card Game,2006.0,181,192.0,1.0,0.0,6.516879005524861,7.033259283419802,0.0887076773975098,5.160185832988017,1.8730734504317859,1.8865383166020457,1.6992064027326665,6.859392235720684,Q3b,100-199,100-199,2000s,D3,False,5.57383,11130.0,3
33434,Funkenschlag: EnBW,2007.0,198,202.0,3.1667,0.0,8.215252525252525,8.694110770076955,0.08481406929266344,6.8580588279626795,1.8360519421142758,1.8604102871305486,1.6698163663006556,8.527875194263334,Q3b,100-199,100-199,2000s,D4,False,5.71548,6060.0,4
4657,Replay Baseball,1973.0,103,135.0,2.5,0.0,7.887475728155338,7.978247154421985,0.11759311193156399,6.1920226368763025,1.7862245175456826,1.810203879346811,1.5557420181598172,7.74776465503612,Q3b,100-199,100-199,1970s,D1,False,5.60927,9064.0,5
331953,Unlock!: Timeless Adventures – Verloren im Zeitstrudel!,2019.0,132,160.0,1.6667,0.0,7.911969696969698,8.391370545565449,0.1038755963880404,6.633333472910508,1.7580370726549415,1.755581043933029,1.5544409037343823,8.18777437664489,Q3b,100-199,100-199,2010s,D2,False,5.6479,7624.0,6
1803,Zopp,1997.0,158,160.0,1.1765,0.0,7.247468354430379,7.667323849066769,0.09494496798099698,5.914172584760545,1.753151264306224,1.7549093578001909,1.56705912706347,7.481231711824014,Q3b,100-199,100-199,1990s,D3,False,5.61311,8853.0,7
8939,Der wahre Walter,1989.0,170,182.0,1.2,0.0,7.1,7.43537945925651,0.09153264982559603,5.689849969327755,1.7455294899287557,1.7206077673787403,1.5661254962705875,7.255975465598342,Q3b,100-199,100-199,1980s,D3,False,5.61844,8628.0,8
341489,Carrooka,2021.0,195,285.0,1.1,0.0,8.248666666666669,8.554627332404891,0.08546399503693193,6.809685164844579,1.7449421675603123,1.7337110812839054,1.5774327372879258,8.387117902132504,Q3b,100-199,100-199,2020s,D3,False,5.76103,5331.0,9
186279,Finska Mini,2011.0,468,566.0,1.1538,0.0,7.431509957264955,7.816398671008494,0.05516677157973178,6.079112187083064,1.7372864839254296,1.7614632157241301,1.6291596116291553,7.708271798712219,Q3b,200-499,200-499,2010s,D6,False,5.88004,4068.0,10
97683,Age of Rail: South Africa,2011.0,277,605.0,3.0,0.0,7.73563176895307,8.731969342439568,0.07170684446121928,7.007083316683367,1.7248860257562004,1.7285962842285496,1.5843406106122107,8.591423927295578,Q3b,200-499,200-499,2010s,D5,False,5.95663,3481.0,11
249768,My First Adventure: Finding the Dragon,2018.0,100,128.0,1.0,0.0,7.54,7.792468060399719,0.1193439741795195,6.072220132981405,1.7202479274183142,1.725274397163136,1.486333738026456,7.558553871007861,Q3b,100-199,100-199,2010s,D1,False,5.59185,9943.0,12
351600,Mortum: Medieval Detective – The Shelter,2022.0,131,176.0,1.4,0.0,8.056870229007634,8.491014256539268,0.10427131437869634,6.808145635194434,1.6828686213448343,1.6591578647209388,1.4784968451625895,8.286642480357022,Q3b,100-199,100-199,2020s,D2,False,5.667,7116.0,13
2470,The Extraordinary Adventures of Baron Munchausen,1998.0,379,402.0,1.4643,0.0,7.234035540897097,7.54142635668983,0.061302881803420736,5.891126440306444,1.6502999163833865,1.6725632764997416,1.530146268048682,7.421272708355126,Q3b,200-499,200-499,1990s,D6,False,5.74465,5572.0,14
188530,My Favourite Things,2015.0,375,1039.0,1.2857,0.0,7.307279999999999,7.903825141235959,0.061628963262331596,6.263954298362531,1.639870842873428,1.6303615341788582,1.5190780748792583,7.783032373241789,Q3b,200-499,200-499,2010s,D6,False,6.01892,3091.0,15
541,Das Motorsportspiel,1995.0,381,399.0,2.0,0.0,7.44408128608924,7.884625607694253,0.06114177014035077,6.247902613561161,1.636722994133092,1.6674765019873652,1.5168851246580046,7.764787738219165,Q3b,200-499,200-499,1990s,D6,False,5.77509,5127.0,16
6688,Ninety-Nine,1974.0,554,616.0,2.0789,0.0,7.179743754512634,7.886113311979459,0.050704395976017176,6.291731316143828,1.5943819958356311,1.5686015650460359,1.4950013797226374,7.7867326958664655,Q3b,500-999,500-999,1970s,D7,False,5.85297,4287.0,17
23421,1832: The South,2006.0,125,131.0,3.8889,0.0,7.775600000000001,8.772476207947946,0.1067444955881541,7.188441143456522,1.5840350644914238,1.5633390269551501,1.3748158531386419,8.563256996595165,Q3b,100-199,100-199,2000s,D2,False,5.61942,8590.0,18
383010,Clank! Legacy 2: Acquisitions Incorporated – Darkest Magic,2024.0,234,1126.0,2.75,0.0,9.083376068376069,9.383173286917032,0.0780175965603953,7.802512074818933,1.5806612120980983,1.5903437739335242,1.4277467228397236,9.230258797658657,Q3b,200-499,200-499,2020s,D4,False,6.44143,1484.0,19
14188,Bughouse Chess,1960.0,362,377.0,2.7805,0.0,7.313624226519336,7.9287325922212455,0.06272580023108781,6.356665981196656,1.5720666110245896,1.603457891816288,1.4491240425716574,7.8057900237683135,Q3b,200-499,200-499,1960s,D6,False,5.74435,5581.0,20
7935,1844: Schweiz,2003.0,212,221.0,4.0952,0.0,8.128872641509435,8.943775536007132,0.0819657779858829,7.37401619370514,1.5697593423019924,1.5667151670450101,1.409106417449662,8.783122611154802,Q3b,200-499,200-499,2000s,D4,False,5.72066,5973.0,21
4485,Hotel Life,1989.0,139,143.0,2.5,0.0,7.242086330935251,7.704084067024758,0.10122623772308073,6.1359265818281195,1.5681574851966387,1.5753297951012462,1.3697540592594004,7.50568064108752,Q3b,100-199,100-199,1980s,D2,False,5.59841,9587.0,22
156372,Heart of Crown: Fairy Garden,2013.0,304,350.0,2.5714,0.0,8.01233552631579,8.435737541032188,0.06844846354855959,6.872203131881069,1.563534409151119,1.5636196589540123,1.4293754205959421,8.301578552477011,Q3b,200-499,200-499,2010s,D5,False,5.79089,4946.0,23
260234,Middle-Earth Strategy Battle Game: Rules Manual,2018.0,144,165.0,3.1,0.0,8.656666666666666,8.842478847140908,0.09945331181626625,7.292661939132836,1.5498169080080721,1.554393819107732,1.3548884168481903,8.647550355981027,Q3b,100-199,100-199,2010s,D2,False,5.6871,6655.0,24
62814,Tumblin-Dice Medium,2008.0,215,233.0,1.0,0.0,7.27392711627907,7.61403753309305,0.08139191484034264,6.075344315730943,1.5386932173621073,1.5464977137754943,1.3791650642750357,7.4545093800059785,Q3b,200-499,200-499,2000s,D4,False,5.66323,7196.0,25
2981,Breaking Away,1991.0,460,472.0,2.2712,0.0,7.3081355,7.882878139721112,0.055644414878454895,6.3577770838764245,1.5251010558446874,1.540109468522858,1.4160380026829158,7.77381508655934,Q3b,200-499,200-499,1990s,D6,False,5.80255,4795.0,26
161880,The Quiet Year,2013.0,406,501.0,1.3846,0.0,7.565788177339901,7.928581363307283,0.05922941989022403,6.404234401014966,1.5243469622923174,1.515317784332841,1.4082572993074782,7.812491700322444,Q3b,200-499,200-499,2010s,D6,False,5.839,4429.0,27
207951,Tintas,2016.0,312,363.0,1.4167,0.0,7.604102564102566,8.107522688894388,0.06756522056350776,6.583715365538463,1.5238073233559248,1.5287535044768727,1.3913794910514496,7.975094856589913,Q3b,200-499,200-499,2010s,D5,False,5.77845,5082.0,28
1757,Yacht Race,1960.0,120,131.0,2.0,0.0,7.006666666666666,7.314869180309838,0.10894564460072821,5.791858119819755,1.5230110604900826,1.4878510830015053,1.3094775970726553,7.101335716892411,Q3b,100-199,100-199,1960s,D1,False,5.57434,11089.0,29
220975,History Maker Golf,2017.0,130,179.0,2.3,0.0,8.374615384615385,8.411238474481728,0.10467158961011862,6.888621932717619,1.5226165417641084,1.4960606270570995,1.317460226128276,8.206082158845895,Q3b,100-199,100-199,2010s,D2,False,5.66784,7092.0,30
58782,Bluffer,1993.0,145,168.0,1.1667,0.0,7.060758620689655,7.211881191933844,0.09910977603390549,5.689560035292018,1.5223211566418255,1.5396584459251423,1.3280659956153709,7.0176260309073895,Q3b,100-199,100-199,1990s,D2,False,5.59387,9852.0,31
153016,Telestrations: 12 Player Party Pack,2011.0,3140,3505.0,1.0577,0.0,7.72212268152866,7.962493213410589,0.02129784547950444,6.441610313336028,1.520882900074561,1.5455972709849188,1.4791391229347322,7.920749436270761,Q3b,2.5k-5k,2k-5k,2010s,D9,False,6.80178,757.0,32
261588,Ascension: Year Five Collector's Edition,2019.0,107,117.0,2.0,0.0,8.301869158878505,8.341164274398478,0.115374174587065,6.8221246049751265,1.5190396694233517,1.5250531843570334,1.2929062872327042,8.11503089220783,Q3b,100-199,100-199,2010s,D1,False,5.61617,,33
241203,Ascension: Year Four Collector's Edition,2017.0,122,131.0,2.0,0.0,8.062841557377048,8.176847733597981,0.10804895738021865,6.65987794803099,1.5169697855669906,1.521983399335217,1.305193829101762,7.965071777132753,Q3b,100-199,100-199,2010s,D1,False,5.62202,,34
159333,Fendo,2014.0,121,154.0,2.0,0.0,7.837438016528925,8.166506203111037,0.10849452198138136,6.65440785086075,1.5120983522502875,1.521199388450352,1.29944908916678,7.95385694002753,Q3b,100-199,100-199,2010s,D1,False,5.63992,7872.0,35
2794,Spinball,2001.0,171,183.0,1.1875,0.0,6.954525438596492,7.511348565739415,0.09126461806474613,6.004235851394245,1.50711271434517,1.5132106699198795,1.3282340629382676,7.3324699143325125,Q3b,100-199,100-199,2000s,D3,False,5.60272,9362.0,36
56995,The Twelve Doctors: Doctor Who Card Game,2009.0,139,152.0,2.375,0.0,7.548201438848921,7.732817228271512,0.10122623772308073,6.237201643406042,1.4956155848654697,1.4944507855723304,1.2972121589282315,7.5344138023342735,Q3b,100-199,100-199,2000s,D2,False,5.61285,8864.0,37
275626,Dominion: Einsteiger-Bigbox,2019.0,114,150.0,2.0,0.0,8.153947368421052,8.35750685195751,0.11177587291431,6.864179715790799,1.4933271361667106,1.5094906217077275,1.274246425254663,8.138426141045462,Q3b,100-199,100-199,2010s,D1,False,5.63985,,38
68199,Catchup,2010.0,135,154.0,2.1,0.0,7.50925925925926,8.018880163988579,0.10271493877055267,6.531587090957354,1.4872930730312248,1.478645247030224,1.2859717930409416,7.817558883998295,Q3b,100-199,100-199,2010s,D2,False,5.6189,8611.0,39
13089,Wie ich die Welt sehe...,2004.0,366,380.0,1.1304,0.0,6.79275956284153,7.227553783333522,0.062382094629127645,5.741243155260696,1.4863106280728262,1.5050263994324782,1.364041722599736,7.105284877860432,Q3b,200-499,200-499,2000s,D6,False,5.68115,6787.0,40
172844,Charms,2014.0,254,347.0,2.0909,0.0,7.361023622047243,8.135458120859894,0.07488306940719801,6.650281618866398,1.4851765019934966,1.4715719829318683,1.3384056859553886,7.988687304821786,Q3b,200-499,200-499,2010s,D4,False,5.72959,5832.0,41
165748,Psycho Raiders,2014.0,197,222.0,2.8182,0.0,7.899492385786802,8.273367651575443,0.08502906094124024,6.7892100584290915,1.4841575931463513,1.4690354893360293,1.3175006337015205,8.106710692130612,Q3b,100-199,100-199,2010s,D4,False,5.69165,6545.0,42
141067,History Maker Baseball,2013.0,207,268.0,2.2,0.0,8.184299516908213,8.227778046143344,0.08294979615761722,6.745426754711271,1.4823512914320727,1.4733851496968864,1.319769690963143,8.065196445674415,Q3b,200-499,200-499,2010s,D4,False,5.72677,5867.0,43
401168,nana: Christmas Edition,2022.0,100,205.0,1.0,0.0,7.5729,8.160131243453613,0.1193439741795195,6.682690265526878,1.4774409779267348,1.4738266723833569,1.2435267885348766,7.9262170540617545,Q3b,100-199,100-199,2020s,D1,False,5.65562,7394.0,44
76728,Freeze,2010.0,104,106.0,1.1111,0.0,7.041346153846154,7.454884039408617,0.11702639484059296,5.980487449677012,1.4743965897316045,1.4804209645167212,1.2450248558440422,7.225512305521055,Q3b,100-199,100-199,2010s,D1,False,5.56768,11650.0,45
1770,Aliens,1989.0,713,785.0,2.2254,0.0,7.217324137447407,7.414531079579258,0.04469466957584476,5.948684305251163,1.465846774328095,1.4732375317600281,1.3782452219594392,7.326929527210602,Q3b,500-999,500-999,1980s,D7,True,5.89504,3944.0,46
237009,Urbino,2017.0,207,256.0,2.1111,0.0,7.95536231884058,8.44228573901027,0.08294979615761722,6.9769438515647675,1.4653418874455024,1.460180981319029,1.3027602869765726,8.27970413854134,Q3b,200-499,200-499,2010s,D4,False,5.73937,5646.0,47
4642,Sports Illustrated Baseball,1972.0,177,222.0,1.963,0.0,7.101694915254237,7.35102716713283,0.089704424158108,5.891422972018148,1.4596041951146823,1.4262274953727285,1.2837835237647905,7.1752064957829385,Q3b,100-199,100-199,1970s,D3,False,5.6227,8461.0,48
301480,Binho Classic,2019.0,112,237.0,1.0,0.0,7.887946428571429,8.022526904294581,0.11276945576897227,6.563977376587216,1.4585495277073655,1.463098423086965,1.2375213944001797,7.801498770987396,Q3b,100-199,100-199,2010s,D1,False,5.69607,6445.0,49
265754,Exceed: Street Fighter – M. Bison Box,2019.0,134,145.0,2.3333,0.0,8.178606940298506,8.573574810096195,0.103097491077084,7.115865093037531,1.4577097170586644,1.4593077748621024,1.2556386345475796,8.371503727585111,Q3b,100-199,100-199,2010s,D2,False,5.64843,7612.0,50
12071,Second Season Pro Football Game,1999.0,132,183.0,2.7857,0.0,8.06151515151515,8.079682206743014,0.1038755963880404,6.6233457929358135,1.4563364138072004,1.462817041973624,1.2527402448866412,7.876086037822454,Q3b,100-199,100-199,1990s,D2,False,5.64573,7688.0,51
5217,Eleusis,1956.0,216,239.0,2.875,0.0,7.2837499999999995,7.787940551780393,0.0812032890599204,6.333519934573022,1.4544206172073704,1.5054939157136413,1.2952621706499263,7.628782105222949,Q3b,200-499,200-499,1950s,D4,False,5.66169,7241.0,52
7487,Flutter,1950.0,103,116.0,1.6667,0.0,6.597087378640777,6.888036120347632,0.11759311193156399,5.440759756424734,1.4472763639228976,1.5052309722178894,1.2167938645370322,6.6575536209617665,Q3b,100-199,100-199,1950s,D1,False,5.55207,13125.0,53
1447,1841: Railways in Northern Italy,1994.0,343,375.0,4.3913,0.0,7.872419825072885,8.790623187104979,0.0644396890108413,7.343899083375746,1.4467241037292329,1.4804337553782005,1.320422313267984,8.66432139664373,Q3b,200-499,200-499,1990s,D5,False,5.82505,4571.0,54
34450,Bluff,1973.0,160,168.0,1.0,0.0,6.555625000000001,6.844253694025092,0.0943496958559016,5.400051934765726,1.4442017592593661,1.4805550623604304,1.259276355381799,6.659328290147525,Q3b,100-199,100-199,1970s,D3,False,5.56131,12177.0,55
2919,Search for the Emperor's Treasure,1981.0,193,209.0,1.7619,0.0,6.907564766839378,7.092217458121407,0.08590567237136365,5.651564203631352,1.440653254490055,1.4192994434790638,1.2722781366421823,6.923842340273534,Q3b,100-199,100-199,1980s,D3,False,5.60843,9104.0,56
2251,Strat-O-Matic Baseball,1962.0,1071,1279.0,2.3909,0.0,7.677430971055091,7.9171055146130795,0.036467480586579726,6.4843168767841135,1.432788637828966,1.3875054338734776,1.3613123758792698,7.845629252663383,Q3b,1k-2.5k,1k-2k,1960s,D8,False,6.21955,2183.0,57
3097,1849: The Game of Sicilian Railways,1998.0,942,1057.0,4.1628,0.0,8.091200636942673,8.922906481864528,0.03888436798461337,7.497343925503637,1.425562556360891,1.4244473917815874,1.3493491951110488,8.846693120614686,Q3b,500-999,500-999,1990s,D8,False,6.30708,1865.0,58
9539,Beat the 8 Ball,1975.0,196,323.0,1.0,0.0,6.495708724489797,6.943384894648628,0.08524569584251393,5.533506361306863,1.4098785333417654,1.3753817024580686,1.2427969694904382,6.776303330797301,Q3b,100-199,100-199,1970s,D4,False,5.6166,8696.0,59
7290,Dynasty League Baseball Powered by Pursue the Pennant,1985.0,222,273.0,2.5357,0.0,7.670020495495498,7.837850753987609,0.08009843092389068,6.431260389979764,1.4065903640078448,1.4227457107804105,1.249597439397019,7.680857829376783,Q3b,200-499,200-499,1980s,D4,False,5.69008,6585.0,60
197786,Say my Name,2015.0,146,247.0,1.1667,0.0,7.418027397260275,7.45098351025139,0.09876977580017929,6.047148270157766,1.403835240093624,1.3836725868032147,1.2102464795252725,7.257394749683039,Q3b,100-199,100-199,2010s,D2,False,5.6725,6990.0,61
275972,Star Trek: Alliance – Dominion War Campaign,2021.0,193,295.0,3.0588,0.0,8.475958549222797,8.586067013741074,0.08590567237136365,7.198753890352325,1.3873131233887488,1.4073874973960443,1.218938005540876,8.417691895893201,Q3b,100-199,100-199,2020s,D3,False,5.74604,5547.0,62
165332,Puerto Rico,2007.0,117,186.0,3.0769,0.0,7.714529914529914,8.190242020504654,0.11033354315946356,6.811222523605299,1.379019496899355,1.3634718717856398,1.1627657523068065,7.973988275912105,Q3b,100-199,100-199,2000s,D1,False,5.65477,,63
1278,Dutch InterCity,1999.0,209,275.0,2.4545,0.0,6.933253588516746,7.911830022362588,0.08255195311523299,6.533543980015583,1.3782860423470051,1.3933556149116377,1.2164842142411485,7.750028194256732,Q3b,200-499,200-499,1990s,D4,True,5.65594,7383.0,64
19056,Square on Sale,2002.0,178,242.0,2.5,0.0,7.196629213483146,7.902040237077352,0.08945209053825372,6.535254078136726,1.3667861589406263,1.3719722969226629,1.191460061485649,7.726714139622374,Q3b,100-199,100-199,2000s,D3,False,5.66588,7143.0,65
5243,Montage,1973.0,209,216.0,2.5385,0.0,7.2000287081339716,7.713078492508855,0.08255195311523299,6.34938978344146,1.3636887090673957,1.374902659145401,1.201886880961539,7.551276664402999,Q3b,200-499,200-499,1970s,D4,False,5.64276,7776.0,66
20646,1824: Austria-Hungary,2005.0,154,159.0,3.7778,0.0,7.654999999999999,8.510497294707323,0.09617011501190885,7.146885106163429,1.3636121885438932,1.3892318660608964,1.175118763120552,8.32200386928398,Q3b,100-199,100-199,2000s,D2,False,5.63781,7933.0,67
252657,luz,2014.0,228,283.0,2.0,0.0,7.298245614035087,8.076977195037024,0.07903747771075434,6.716138237450229,1.360838957586795,1.3712716916932255,1.2059255012737164,7.922063738723946,Q3b,200-499,200-499,2010s,D4,False,5.6868,6664.0,68
25537,Trötofant,2005.0,148,153.0,1.0,0.0,6.8235135135135145,7.236564136271514,0.09810014248054857,5.877664581716282,1.358899554555232,1.3443469286118885,1.1666232752933567,7.044287857009638,Q3b,100-199,100-199,2000s,D2,False,5.58058,10632.0,69
895,APBA Pro Baseball,1951.0,290,340.0,1.8889,0.0,6.991379310344827,7.172029020260959,0.07008119471545454,5.815388282545991,1.3566407377149687,1.3707833438579478,1.219281596072678,7.0346698786186685,Q3b,200-499,200-499,1950s,D5,False,5.67134,7016.0,70
1271,Volltreffer,1999.0,175,215.0,1.8333,0.0,6.806285714285714,7.473967103884184,0.09021556461517782,6.120808118337802,1.353158985546382,1.3482250702962029,1.1763364789006334,7.297144597238435,Q3b,100-199,100-199,1990s,D3,False,5.60793,9120.0,71
183836,Ferox,2015.0,121,131.0,2.1429,0.0,7.590578512396695,7.9571186157301685,0.10849452198138136,6.606255674542151,1.3508629411880175,1.3581955942047887,1.13821367810451,7.744469352646661,Q3b,100-199,100-199,2010s,D1,False,5.60869,9092.0,72
238094,Mutabo,2017.0,520,608.0,1.0435,0.0,7.465762807692308,7.7504606865742325,0.05233579480505931,6.400577973961397,1.3498827126128354,1.3199552180119802,1.247304554794919,7.647882528756316,Q3b,500-999,500-999,2010s,D7,False,5.89068,3978.0,73
165595,JamSumo,2014.0,350,381.0,1.1667,0.0,7.283297142857141,7.736932225470537,0.06379203750796537,6.389524531632745,1.3474076938377921,1.3448488090219266,1.22237530032218,7.611899831954925,Q3b,200-499,200-499,2010s,D6,False,5.74389,5586.0,74
41763,Le Passe-Trappe Grande,2008.0,151,153.0,1.0,0.0,7.019072847682119,7.370013794155383,0.09712074881117622,6.025676122177352,1.3443376719780318,1.3357421908817972,1.1539810043081264,7.179657126485478,Q3b,100-199,100-199,2000s,D2,False,5.59166,9950.0,75
345976,System Gateway (fan expansion for Android: Netrunner),2021.0,660,1025.0,3.5,0.0,9.091181818181818,9.452369137041867,0.04645457894539799,8.10882051649728,1.3435486205445866,1.3558893962742182,1.2524976458116066,9.361318162308887,Q3b,500-999,500-999,2020s,D7,False,6.48384,1373.0,76
116046,18NY,2011.0,153,171.0,3.6,0.0,7.599556862745097,8.530525523951502,0.09648388457316583,7.194137134522695,1.3363883894288069,1.3329589320814605,1.147279975665402,8.341417110188097,Q3b,100-199,100-199,2010s,D2,False,5.6454,7698.0,77
185381,"Exceed: Red Horizon – Alice, Zoey, Gabrek, and Ulrik",2016.0,121,127.0,2.0,0.0,7.665702479338843,8.0777546311927,0.10849452198138136,6.7415760375038225,1.336178593688878,1.3399816078123,1.1235293306053704,7.865105368109193,Q3b,100-199,100-199,2010s,D1,False,5.60059,9454.0,78
17924,Anno Domini: Frauen,1999.0,140,150.0,1.4615,0.0,6.814285714285714,7.127663660143534,0.10086406755403113,5.7946075339172864,1.3330561262262473,1.3265481425618502,1.1353625538203462,6.929970087737633,Q3b,100-199,100-199,1990s,D2,False,5.57717,10855.0,79
11038,Fiasco,2003.0,187,207.0,1.2,0.0,6.8693048128342244,7.170711203392085,0.0872729573032229,5.839692138312319,1.331019065079766,1.3518902667742667,1.159964068765449,6.999656207077768,Q3b,100-199,100-199,2000s,D3,False,5.59873,9569.0,80
156546,Monikers,2015.0,6607,7906.0,1.09,0.0,7.766881639170579,8.082132790312498,0.014682443640215266,6.751977261859736,1.330155528452762,1.3202672910528719,1.30137793891794,8.053355200777675,Q3b,5k-10k,5k+,2010s,D10,False,7.20318,303.0,81
21358,Savage Worlds,2003.0,173,190.0,2.9474,0.0,8.01456647398844,8.245398882021961,0.09073554335706392,6.917697290659014,1.3277015913629473,1.2852991388995711,1.149859926383102,8.067557217042117,Q3b,100-199,100-199,2000s,D3,False,5.67272,6983.0,82
223952,Boast or Nothing,2017.0,364,481.0,1.4167,0.0,7.195164835164835,7.909245967666622,0.06255323924326121,6.58418117845428,1.325064789212342,1.3293120285418238,1.2024604402955499,7.7866416187498295,Q3b,200-499,200-499,2010s,D6,False,5.78047,5066.0,83
174400,BattleCON: Wanderers of Indines,2020.0,131,147.0,3.0,0.0,8.301297709923666,8.823743295541332,0.10427131437869634,7.499694650487054,1.3240486450542779,1.3502279584895778,1.119676868872033,8.619371519359087,Q3b,100-199,100-199,2020s,D2,False,5.65585,7387.0,84
160436,Lost Legacy: Binbo Tantei to Inbo no Shiro,2014.0,116,118.0,1.375,0.0,7.140431034482758,7.607473968178757,0.1108080982232961,6.2857894084650106,1.3216845597137468,1.317492640810407,1.1045006871960865,7.390290095661097,Q3b,100-199,100-199,2010s,D1,False,5.57536,11006.0,85
2667,What Were You Thinking?,1998.0,257,267.0,1.2,0.0,6.888269416342413,7.250689190051127,0.07444472572266543,5.929371412165404,1.3213177778857235,1.3473937565523526,1.1754061154692992,7.104777527634703,Q3b,200-499,200-499,1990s,D5,False,5.64192,7808.0,86
398162,MicroMacro: Crime City – Showdown,2023.0,452,813.0,1.0,0.0,7.926246548672566,8.274026909309363,0.0561346835132536,6.954412857089668,1.3196140522196949,1.3072787348858022,1.2095900725337179,8.164002929623386,Q3b,200-499,200-499,2020s,D6,False,6.08779,2737.0,87
18085,Anno Domini: Kirche & Staat,1998.0,150,157.0,1.6429,0.0,6.828666666666666,7.184181407933961,0.09744394687190448,5.865403524461422,1.3187778834725385,1.3135808008681966,1.1277877476036058,6.993191272065028,Q3b,100-199,100-199,1990s,D2,False,5.58145,10581.0,88
246742,Château Aventure,2018.0,243,262.0,1.0,0.0,7.160288065843622,7.317896320067774,0.07655919513189481,6.007407789427791,1.310488530639983,1.3289630335880727,1.160432508181469,7.167840297609261,Q3b,200-499,200-499,2010s,D4,False,5.66411,7180.0,89
63170,1817,2010.0,764,890.0,4.8,0.0,8.55757722513089,9.360258130891463,0.04317713450548739,8.051722340505878,1.3085357903855854,1.3039240248682251,1.2239086067548302,9.275630947260709,Q3b,500-999,500-999,2010s,D7,False,6.32982,1783.0,90
12157,Unanimo,1990.0,951,1108.0,1.1515,0.0,7.070204174553103,7.3182105743154136,0.03869993515994565,6.010342100386621,1.3078684739287922,1.3212035068692725,1.2320166010152989,7.24235870140192,Q3b,500-999,500-999,1990s,D8,False,5.99469,3236.0,91
14940,Figure It,1975.0,245,291.0,1.3,0.0,6.531836734693877,7.040732049695469,0.07624606827725293,5.733885155347743,1.3068468943477267,1.291395937058315,1.157404600524311,6.891289755872053,Q3b,200-499,200-499,1970s,D4,False,5.61228,8889.0,92
244258,The Red Dragon Inn 7: The Tavern Crew,2018.0,310,381.0,1.6,0.0,7.904307193548387,7.8556047162760585,0.06778282248133423,6.549582873260917,1.3060218430151416,1.3061541208555791,1.1731675109517266,7.7227503842126435,Q3b,200-499,200-499,2010s,D5,False,5.77688,5107.0,93
297234,Taskmaster: The Board Game,2018.0,121,172.0,1.0,0.0,7.055785123966942,7.155730924202578,0.10849452198138136,5.851365952811056,1.3043649713915215,1.3396767346466234,1.091715708308014,6.94308166111907,Q3b,100-199,100-199,2010s,D1,False,5.58816,10132.0,94
2252,King of the Tabletop,1983.0,196,207.0,1.8889,0.0,6.822055918367346,7.043321046245822,0.08524569584251393,5.739837991549592,1.3034830546962297,1.3693495073033155,1.1364014908449025,6.876239482394495,Q3b,100-199,100-199,1980s,D4,False,5.60214,9387.0,95
4079,What's My Word?,1972.0,375,386.0,2.1143,0.0,7.125493333333333,7.512861846020476,0.061628963262331596,6.2094392895141155,1.3034225565063604,1.3096126162582422,1.1826297885121906,7.392069078026306,Q3b,200-499,200-499,1970s,D6,False,5.73104,5800.0,96
1784,Dark Cults,1983.0,140,147.0,1.4545,0.0,6.8253571428571425,7.009853512275977,0.10086406755403113,5.708159806440351,1.3016937058356257,1.302830542594788,1.1040001334297247,6.812159939870076,Q3b,100-199,100-199,1980s,D2,False,5.57601,10961.0,97
185380,"Exceed: Red Horizon – Satoshi, Mei Lien, Morathi, and Baelkhor",2016.0,118,126.0,2.2857,0.0,7.787033898305085,8.16846568283193,0.10986503342877853,6.876681082701811,1.2917846001301196,1.2866888567067516,1.0764491346097138,7.953130217311525,Q3b,100-199,100-199,2010s,D1,False,5.60559,9218.0,98
186567,Baseball Highlights: 2045 – Super Deluxe Edition,2015.0,513,531.0,2.125,0.0,7.844977251461988,8.15557440517576,0.05269165180716956,6.868480486693844,1.287093918481915,1.2790318176679492,1.1838182809398627,8.052298767633706,Q3b,500-999,500-999,2010s,D7,False,5.93004,,99
340216,Heredity: The Book of Swan,2023.0,176,725.0,2.55,0.0,8.389772727272726,8.627492692999917,0.08995890530530207,7.344300836436457,1.2831918565634606,1.2760067903030876,1.1068724021650684,8.451173238601525,Q3b,100-199,100-199,2020s,D3,False,6.03069,3043.0,100
515,6-Tage Rennen,1986.0,251,257.0,1.76,0.0,6.870490079681274,7.340580323668053,0.07532924854556144,6.057620269739109,1.282960053928944,1.2929023032200604,1.1353147267796437,7.192934996518753,Q3b,200-499,200-499,1980s,D4,False,5.62972,8191.0,101
147883,Lost Legacy: Hyakunen Senso to Ryu no Miko,2013.0,129,134.0,1.1429,0.0,7.113565891472868,7.466495051850857,0.10507651023085979,6.1835585853840165,1.2829364664668406,1.2847270404174838,1.0769865064143553,7.260545091798372,Q3b,100-199,100-199,2010s,D2,False,5.58302,10490.0,102
194923,Techno Bowl: Arcade Football Unplugged,2017.0,261,321.0,2.8095,0.0,8.363354099616858,8.569860666363287,0.07387206548219741,7.294252231282449,1.2756084350808372,1.2797786573550702,1.1308191867357302,8.42507141801818,Q3b,200-499,200-499,2010s,D5,False,5.79558,4893.0,103
295604,Rangers of Shadow Deep: Standard Edition,2020.0,101,138.0,2.25,0.0,8.595819603960395,8.62188545250424,0.11875169273608258,7.3505768081074585,1.2713086443967807,1.2660131005319233,1.0385553266340588,8.389132134741518,Q3b,100-199,100-199,2020s,D1,False,5.64272,7777.0,104
216798,Telestrations: 6 Player Family Pack,2014.0,509,641.0,1.0,0.0,7.306417819253438,7.474846140242147,0.05289828652871686,6.206381477006145,1.268464663236002,1.2765357533786235,1.164784021639717,7.371165498645862,Q3b,500-999,500-999,2010s,D7,False,5.87213,4143.0,105
70918,Hanabi & Ikebana,2010.0,639,645.0,1.7627,0.0,7.402003129890455,7.888394684409236,0.04721174652407152,6.624080615350691,1.2643140690585453,1.2688948226797434,1.171779045871365,7.795859661222056,Q3b,500-999,500-999,2010s,D7,False,5.90943,,106
99358,Stonewall Jackson's Way II: Battles of Bull Run,2013.0,324,354.0,3.6667,0.0,8.663969135802468,9.102288001734976,0.06630220787751083,7.8402409421301655,1.2620470596048108,1.2613330854397091,1.1320947321648895,8.972335674295055,Q3b,200-499,200-499,2010s,D5,False,5.8832,4039.0,107
4688,Angola,1988.0,540,599.0,3.18,0.0,7.996296296296296,8.532192604514535,0.051357469385276334,7.2705609728480685,1.2616316316664662,1.2449120364781177,1.1609709916713247,8.431531964519394,Q3b,500-999,500-999,1980s,D7,False,5.98832,3270.0,108
224141,DreadBall (Second Edition),2018.0,135,170.0,2.6667,0.0,8.338259259259258,8.375095139399932,0.10271493877055267,7.116534134921711,1.2585610044782207,1.273186069317246,1.0572397244879375,8.173773859409648,Q3b,100-199,100-199,2010s,D2,False,5.67045,7037.0,109
4550,1000 Blank White Cards,1996.0,524,561.0,1.3797,0.0,6.648678034351145,7.03463546788347,0.05213565718934817,5.785772446299834,1.2488630215836363,1.2487842518003376,1.1466771334925139,6.9324495797923475,Q3b,500-999,500-999,1990s,D7,False,5.70789,6195.0,110
359929,Hachi Train,2021.0,104,138.0,1.5,0.0,7.305288461538462,8.08936433351446,0.11702639484059296,6.8433166636249965,1.2460476698894638,1.2371125820571933,1.0166759360019015,7.8599925996268984,Q3b,100-199,100-199,2020s,D1,False,5.60958,9048.0,111
146035,Eggs of Ostrich,2012.0,303,319.0,1.1818,0.0,6.785247524752476,7.4746350234650265,0.06856132176790099,6.230499824969481,1.2441351984955453,1.2453270777597805,1.1097550078304594,7.340254832799941,Q3b,200-499,200-499,2010s,D5,False,5.66122,7255.0,112
91666,Crossboule,2008.0,201,210.0,1.1176,0.0,7.096517412935325,7.4177538988133875,0.08417874896666583,6.173646909868225,1.2441069889451626,1.2404645462887753,1.0791166409704975,7.252763550838723,Q3b,200-499,200-499,2000s,D4,False,5.62936,8207.0,113
9300,Clay-O-Rama,1987.0,134,141.0,1.25,0.0,6.5335820895522385,6.876116236410165,0.103097491077084,5.635639510152918,1.2404767262572465,1.2373371077432216,1.0384056437461617,6.674045153899081,Q3b,100-199,100-199,1980s,D2,False,5.56232,12083.0,114
3365,Gumshoe,1985.0,146,162.0,3.0909,0.0,7.614726027397261,7.799363660363855,0.09876977580017929,6.563710611893001,1.235653048470854,1.2237536454776583,1.0420642879025026,7.605774899795503,Q3b,100-199,100-199,1980s,D2,False,5.61743,8669.0,115
209136,Q.E.,2017.0,318,342.0,1.8333,0.0,7.277893081761005,7.994942579540181,0.06692477747855446,6.761070200902376,1.2338723786378054,1.2397794852598185,1.1026998147798386,7.863770015682214,Q3b,200-499,200-499,2010s,D5,False,5.73166,5790.0,116
340722,Smart10: Family,2021.0,147,217.0,1.0,0.0,7.352471632653061,7.683915234633063,0.09843325088386476,6.4504168048923685,1.2334984297406946,1.2115816538219244,1.0405692580083197,7.490986062900688,Q3b,100-199,100-199,2020s,D2,False,5.65926,7299.0,117
369509,Of What's Left,2023.0,117,155.0,2.0,0.0,7.957692307692308,8.542877580824095,0.11033354315946356,7.315827178871334,1.227050401952761,1.2366207784419858,1.0107966573602125,8.326623836231546,Q3b,100-199,100-199,2020s,D1,False,5.6446,7723.0,118
23657,Ahoy Treasures!,2006.0,112,122.0,1.1,0.0,6.569821428571429,7.004118609226851,0.11276945576897227,5.778769657684379,1.2253489515424727,1.2266216537760988,1.004320818235287,6.783090475919666,Q3b,100-199,100-199,2000s,D1,False,5.55481,12833.0,119
319604,Ricochet: A la poursuite du Comte courant,2020.0,223,254.0,1.3636,0.0,7.5279969955156965,7.7387095494797675,0.0799186362394187,6.51499799631782,1.2237115531619471,1.2149792284271497,1.0670710261326866,7.582069022450507,Q3b,200-499,200-499,2020s,D4,False,5.6855,6693.0,120
3003,Crash Tackle Rugby Board Game,2001.0,149,172.0,2.4688,0.0,7.501140939597316,7.745019856594135,0.09777039316946254,6.521479721938004,1.2235401346561314,1.2366350792317462,1.031910164043985,7.553389885981988,Q3b,100-199,100-199,2000s,D2,False,5.62647,8323.0,121
174458,Baseball Highlights: 2045 – Deluxe Edition,2015.0,545,565.0,2.28,0.0,7.87351376146789,8.15720858888965,0.05112134183850362,6.93375519983835,1.2234533890513006,1.2297395788064556,1.1232555590478335,8.057010758886184,Q3b,500-999,500-999,2010s,D7,False,5.96253,,122
18057,Anno Domini: Natur,1998.0,257,277.0,1.1667,0.0,6.678599221789883,6.9848387618617425,0.07444472572266543,5.763451682257058,1.2213870796046846,1.2178718636915642,1.0754754171882603,6.838927099445319,Q3b,200-499,200-499,1990s,D5,False,5.62055,8540.0,123
295564,Unmatched Game System,2019.0,2193,3056.0,1.9333,0.0,8.188648317373458,8.525293184273332,0.025484797085478215,7.307674389057981,1.2176187952153512,1.2197152897042542,1.1676685929278139,8.475342981985795,Q3b,1k-2.5k,2k-5k,2010s,D9,False,6.95795,555.0,124
21182,1850: The MidWest,2005.0,115,121.0,3.5625,0.0,7.387391304347827,8.243295145840605,0.11128882975690979,7.0262510736829515,1.2170440721576536,1.2390129840949218,0.9989179658341105,8.025169039517062,Q3b,100-199,100-199,2000s,D1,False,5.59054,10003.0,125
3262,The Powerpuff Girls: Villains at Large Game,2000.0,169,171.0,1.2941,0.0,6.449289940828401,6.702487300531185,0.09180305706116884,5.486263403827493,1.216223896703692,1.1893491804333642,1.036289904863801,6.522553308691294,Q3b,100-199,100-199,2000s,D3,False,5.56199,12117.0,126
394735,Exit: The Game – Advent Calendar: The Missing Hollywood Star,2023.0,339,685.0,1.75,0.0,7.71679755162242,8.058571903052831,0.06481874927450283,6.844780247329066,1.2137916557237656,1.2391486467474238,1.08674690714574,7.931527154474805,Q3b,200-499,200-499,2020s,D5,False,6.00417,3170.0,127
20295,WeyKick,2001.0,524,539.0,1.0256,0.0,6.951660305343512,7.415809172018867,0.05213565718934817,6.2033727038679505,1.2124364681509165,1.2045482640331509,1.1102505800597942,7.313623283927744,Q3b,500-999,500-999,2000s,D7,False,5.77099,5181.0,128
184145,Flash Duel: Revised Second Edition,2015.0,156,174.0,1.6667,0.0,7.0762820512820515,7.573229835952584,0.09555165126564223,6.3617179133371256,1.2115119226154585,1.2381504803083798,1.0242306861347996,7.385948599471925,Q3b,100-199,100-199,2010s,D3,False,5.60517,9242.0,129
459,Ausgebremst,1993.0,253,259.0,1.6333,0.0,6.8622134387351785,7.293944343781467,0.07503091371580374,6.084685353244142,1.2092589905373252,1.2374078438001153,1.0621983996543498,7.146883752898492,Q3b,200-499,200-499,1990s,D4,True,5.63342,8073.0,130
261321,Ascension: Deliverance,2018.0,219,252.0,2.0,0.0,7.856940639269407,8.067083502131386,0.08064518423984444,6.859621333375518,1.2074621687558675,1.2078785822230813,1.0493976076457725,7.909018941021291,Q3b,200-499,200-499,2010s,D4,False,5.70929,6173.0,131
29278,18Rhl: Rhineland,2007.0,102,114.0,3.6667,0.0,7.294313725490196,8.338798424903786,0.1181681428029229,7.132912415531889,1.2058860093718966,1.2101868422124964,0.9742764494781677,8.107188865010057,Q3b,100-199,100-199,2000s,D1,False,5.58429,10395.0,132
60056,Igel Ärgern + Tante Tarantel,2009.0,113,117.0,1.3333,0.0,6.864601769911504,7.232502864620677,0.1122693670265072,6.027079078048564,1.205423786572113,1.190372295218709,0.9853758272001588,7.012454905248722,Q3b,100-199,100-199,2000s,D1,False,5.56502,,133
386906,Bohnanza: Dahlias,2023.0,140,268.0,1.25,0.0,7.717671428571428,8.049672248703017,0.10086406755403113,6.84513118070319,1.204541067999827,1.23676435504062,1.006847495593926,7.851978676297115,Q3b,100-199,100-199,2020s,D2,False,5.71077,6146.0,134
32129,Taktika,2007.0,193,201.0,1.4706,0.0,6.992227979274611,7.378662031763505,0.08590567237136365,6.174161363463897,1.204500668299608,1.1929106916276195,1.0361255504517353,7.210286913915632,Q3b,100-199,100-199,2000s,D3,False,5.61445,8790.0,135
158976,Ascension: Year One Collector's Edition,2015.0,433,460.0,2.2857,0.0,7.824965357967668,7.972375996145021,0.05735305386998055,6.768223571474854,1.2041524246701671,1.2213402334370285,1.0917404390850052,7.859964010559859,Q3b,200-499,200-499,2010s,D6,False,5.85804,,136
39336,Mégawatts,2008.0,441,463.0,3.0333,0.0,7.794202562358276,8.14642804889953,0.05683046389500929,6.94248872738099,1.2039393215185399,1.2225759089355268,1.0925516122843217,8.035040339665311,Q3b,200-499,200-499,2000s,D6,False,5.87412,4116.0,137
12608,Chess960,1996.0,158,201.0,3.3214,0.0,7.517025316455698,8.110360596352983,0.09494496798099698,6.908554650522323,1.2018059458306602,1.2111913813807504,1.0157138085879063,7.924268459110229,Q3b,100-199,100-199,1990s,D3,False,5.6507,7551.0,138
90942,Mixtour,2012.0,159,175.0,2.0,0.0,7.4846540880503145,7.7790354639485635,0.09464592796897318,6.5779370816235545,1.201098382325009,1.2103091910429846,1.0155923635058215,7.593529445129376,Q3b,100-199,100-199,2010s,D3,False,5.63707,7957.0,139
135508,The Mushroom Eaters,2013.0,183,194.0,2.375,0.0,7.170819672131148,7.747835638972792,0.08822160427375413,6.547118044957713,1.200717594015079,1.2035336498813356,1.0278032496385208,7.574921294596234,Q3b,100-199,100-199,2010s,D3,False,5.62307,8444.0,140
35865,"Treasure, Ready, Go!",2008.0,138,146.0,1.0,0.0,6.904420289855072,7.149496363527845,0.10159233742701944,5.949127005653846,1.2003693578739991,1.1741442165702107,1.001248376517041,6.950375382170887,Q3b,100-199,100-199,2000s,D2,False,5.57665,10898.0,141
156455,Viticulture: Complete Collector's Edition,2014.0,806,836.0,3.32,0.0,8.304480980148886,8.61001314486082,0.04203712198089862,7.41084479314471,1.1991683517161107,1.2080161922354797,1.1167755926335494,8.52762038577826,Q3b,500-999,500-999,2010s,D8,False,6.22122,,142
130705,Super Big Boggle,2012.0,215,241.0,1.3333,0.0,7.117209302325581,7.415616113629037,0.08139191484034264,6.219808101946695,1.1958080116823417,1.1929533565553019,1.0362798585952702,7.256087960541965,Q3b,200-499,200-499,2010s,D4,False,5.64497,7713.0,143
295694,Catchy!,2019.0,106,154.0,1.0,0.0,6.8599056603773585,7.666937425644299,0.11591711487809765,6.472900437124146,1.1940369885201534,1.1879089084039727,0.966839443359082,7.439739880483228,Q3b,100-199,100-199,2010s,D1,False,5.57838,10775.0,144
177877,SiXeS,2016.0,321,399.0,1.0,0.0,7.09332398753894,7.512032725616253,0.06661131075537287,6.318248013704643,1.1937847119116096,1.1903112756242393,1.0632265428310788,7.381474556535722,Q3b,200-499,200-499,2010s,D5,False,5.72494,5898.0,145
84464,Animal Upon Animal: Balancing Bridge,2010.0,452,467.0,1.1071,0.0,7.000508849557522,7.375871541248458,0.0561346835132536,6.183833218221656,1.192038323026802,1.1684268796560922,1.082014343340825,7.265847561562481,Q3b,200-499,200-499,2010s,D6,False,5.74584,5552.0,146
255678,Word Slam Midnight,2018.0,138,165.0,1.0,0.0,6.894565217391304,7.312542039510208,0.10159233742701944,6.121034809873747,1.1915072296364615,1.2150209115508828,0.9923862482795034,7.11342105815325,Q3b,100-199,100-199,2010s,D2,False,5.58367,10449.0,147
233996,The Primary,2018.0,108,127.0,2.0,0.0,7.760648148148149,7.967963081890026,0.11483879269784221,6.777284363761195,1.1906787181288303,1.2051119179856569,0.9655946844410596,7.742879048202255,Q3b,100-199,100-199,2010s,D1,False,5.59939,9533.0,148
248878,FlickFleet,2019.0,214,295.0,1.7,0.0,7.794116822429905,8.1419606295357,0.08158186122431431,6.9517611444283105,1.1901994851073887,1.1896327244209246,1.0302990371077327,7.982060181536043,Q3b,200-499,200-499,2010s,D4,False,5.71783,6013.0,149
208754,Wings of Glory: Tripods & Triplanes,2018.0,102,124.0,2.0,0.0,8.045,7.9742112099662315,0.1181681428029229,6.785260521361728,1.1889506886045034,1.1985896058889036,0.9573411287107745,7.742601650072503,Q3b,100-199,100-199,2010s,D1,False,5.59577,9737.0,150
4881,Personal Preference,1987.0,193,216.0,1.0,0.0,6.426683937823833,6.680145999803875,0.08590567237136365,5.491510961752027,1.1886350380518476,1.1884885874166606,1.0202599202039748,6.511770881956002,Q3b,100-199,100-199,1980s,D3,False,5.57275,11218.0,151
77361,Photo Party,2010.0,136,141.0,1.0,0.0,6.668774485294118,6.932751248501448,0.1023366135853585,5.745293071893418,1.1874581766080308,1.1922191732762037,0.9868784139807281,6.7321714858741455,Q3b,100-199,100-199,2010s,D2,False,5.56298,12021.0,152
1353,Time's Up!,1999.0,5962,6292.0,1.2012,0.0,7.272918748742027,7.639137369332766,0.015456263392024607,6.453304676627923,1.1858326927048433,1.2063385426196271,1.155538416456475,7.608843093084397,Q3b,5k-10k,5k+,1990s,D10,False,6.7776,795.0,153
64897,Formule Dé,1991.0,299,333.0,2.1667,0.0,7.255016722408027,7.435662082945293,0.06901840230820955,6.252840414106812,1.1828216688384812,1.1803629533150035,1.0475456003143904,7.3003860144212025,Q3b,200-499,200-499,1990s,D5,False,5.70482,6266.0,154
100169,Hero of Weehawken: The Aaron Burr Conspiracy 1805-1807,2011.0,165,176.0,2.1579,0.0,7.4812966060606065,7.796908998662534,0.09290915789079598,6.615828722770587,1.1810802758919472,1.1866014102865439,0.998978326425987,7.614807049196574,Q3b,100-199,100-199,2010s,D3,False,5.6365,7978.0,155
324157,Hidden Games Crime Scene: Green Poison,2020.0,253,349.0,2.25,0.0,8.09296442687747,8.432093468244132,0.07503091371580374,7.2514221174156575,1.180671350828474,1.1829201859974283,1.0336107599454987,8.285032877361155,Q3b,200-499,200-499,2020s,D4,False,5.80367,4780.0,156
30505,Apples to Apples: British Isles Edition,2007.0,111,116.0,1.0,0.0,6.518018018018018,6.8706190123560145,0.11327628733737072,5.69052002411067,1.1800989882453443,1.177581354757292,0.9580774650640977,6.648597489174768,Q3b,100-199,100-199,2000s,D1,False,5.547,13811.0,157
377969,Marvel United: Multiverse,2024.0,405,850.0,1.9565,0.0,8.523429629629627,8.598492892011315,0.05930249754897451,7.422305930426276,1.1761869615850387,1.1878892417158013,1.0599540663890485,8.482259996815324,Q3b,200-499,200-499,2020s,D6,False,6.21446,2203.0,158
17923,Anno Domini: Flopps,2001.0,429,446.0,1.3929,0.0,6.794918414918415,7.0933351870426185,0.05761981369945871,5.917907600557209,1.1754275864854096,1.1826913895517288,1.0624927516344704,6.98040035219168,Q3b,200-499,200-499,2000s,D6,False,5.70126,6335.0,159
252432,Zoo Break,2019.0,178,211.0,2.25,0.0,7.694247191011236,7.970369187843468,0.08945209053825372,6.795470089892753,1.174899097950715,1.1947613968813382,0.9995730004957377,7.79504309038849,Q3b,100-199,100-199,2010s,D3,False,5.66481,7166.0,160
507,Cartel,1973.0,176,182.0,2.25,0.0,6.9678652840909105,7.243758119211225,0.08995890530530207,6.073053574782509,1.1707045444287152,1.1880423027842317,0.9943850900303232,7.0674386648128324,Q3b,100-199,100-199,1970s,D3,False,5.60058,9456.0,161
324711,Schadenfreude,2020.0,821,1488.0,1.7647,0.0,7.666997563946406,8.334325814342495,0.041651334175591526,7.163990827376619,1.1703349869658766,1.174931799544968,1.0886983719817172,8.252689199358336,Q3b,500-999,500-999,2020s,D8,False,6.33541,1768.0,162
373835,Unlock! Kids: Stories from the Past,2022.0,252,401.0,1.5,0.0,7.781653452380953,8.076560191133414,0.07517963717931485,6.906283661604224,1.1702765295291897,1.172687169991537,1.0229244406577327,7.929208102261956,Q3b,200-499,200-499,2020s,D4,False,5.8178,4639.0,163
380707,Vindication: Archive of the Ancients,2023.0,188,286.0,3.0,0.0,8.665159574468086,8.89431653362219,0.0870405388951028,7.724586791929477,1.1697297416927128,1.175101172841563,0.9991302854583113,8.72371707738779,Q3b,100-199,100-199,2020s,D3,False,5.82104,,164
332230,Unlock!: Heroic Adventures – Insert Coin,2018.0,229,283.0,1.75,0.0,7.552736550218341,7.9861799801884565,0.07886471799005844,6.81762123799578,1.1685587421926762,1.1421075457273488,1.0139838949321616,7.831605132927942,Q3b,200-499,200-499,2010s,D4,False,5.71509,6067.0,165
176601,Dead of Winter: Tabletop Edition,2015.0,104,118.0,2.8571,0.0,7.88092951923077,8.07363665020583,0.11702639484059296,6.906795828573676,1.166840821632153,1.184954017071341,0.9374690877445908,7.844264916318267,Q3b,100-199,100-199,2010s,D1,False,5.5982,,166
40561,Curling Table Game,2008.0,191,214.0,1.0909,0.0,6.674869109947643,7.14445630760507,0.08635426901097477,5.977944657138686,1.1665116504663846,1.1903753243022042,0.9972572832048741,6.97520194034356,Q3b,100-199,100-199,2000s,D3,False,5.58999,10027.0,167
199723,"UltraQuest: Gold, Ruhm! und Ehre!",2016.0,533,623.0,2.6129,0.0,8.0773608630394,8.339510883737358,0.05169361349313691,7.1754248178712565,1.1640860658661012,1.1580856440679899,1.0627665834195528,8.238191401290809,Q3b,500-999,500-999,2010s,D7,False,5.99046,3258.0,168
315048,Survive: Escape from Atlantis!,2010.0,384,483.0,1.6667,0.0,7.389010416666667,7.551906702794063,0.06090246679494031,6.390101237458344,1.1618054653357186,1.171821192744333,1.0424366304176356,7.43253786787598,Q3b,200-499,200-499,2010s,D6,False,5.79794,,169
119866,Wings of Glory: WW1 Rules and Accessories Pack,2012.0,591,692.0,2.0,0.0,7.88404399323181,7.987410740646013,0.04909155122336614,6.826228029941024,1.1611827107049884,1.1862810585788814,1.0649632703071907,7.891191300248215,Q3b,500-999,500-999,2010s,D7,False,5.97443,3366.0,170
5242,The Game of Y,1953.0,118,136.0,3.027,0.0,7.091949152542373,7.471951866619659,0.10986503342877853,6.311416658308257,1.1605352083114022,1.1580738535894755,0.9451997427909963,7.2566164010992535,Q3b,100-199,100-199,1950s,D1,False,5.58315,10480.0,171
3119,Haste Worte?,1997.0,411,447.0,1.381,0.0,6.774244914841851,7.187407179179131,0.058868041166609486,6.02778720846452,1.159619970714611,1.1300387041399498,1.0442386100280565,7.072025818492577,Q3b,200-499,200-499,1990s,D6,False,5.69495,6466.0,172
185378,"Exceed: Red Horizon – Kaden, Eva, Miska, and Lily",2016.0,128,135.0,2.3333,0.0,7.684765625,8.057383356321903,0.10548616679511308,6.899190708713096,1.1581926476088071,1.1752835201981853,0.9514397606903855,7.850630469403482,Q3b,100-199,100-199,2010s,D2,False,5.60697,9157.0,173
32424,1848: Australia,2007.0,577,652.0,3.8182,0.0,7.872547660311959,8.654277629694453,0.049683546532099006,7.498730581610374,1.1555470480840793,1.1536893654294609,1.0581672968811653,8.55689787849154,Q3b,500-999,500-999,2000s,D7,False,6.01064,3136.0,174
32944,Neue Heimat,2007.0,793,815.0,2.6406,0.0,7.268598991172763,8.019695871968176,0.0423802878542377,6.8652840031849625,1.154411868783214,1.1420355637047592,1.0713465045889081,7.93663050777387,Q3b,500-999,500-999,2000s,D8,False,5.96762,3409.0,175
264476,Rangers of Shadow Deep,2018.0,486,638.0,2.2778,0.0,8.374869691358024,8.502137496477564,0.05413552603994694,7.349547135237403,1.1525903612401613,1.1890193968052571,1.0464847302018654,8.396031865439268,Q3b,200-499,200-499,2010s,D6,False,5.97846,3338.0,176
147190,Yggdrasil (Second Edition with Asgard Expansion),2013.0,250,261.0,2.3889,0.0,7.6742,7.941970165184061,0.07547975668472127,6.790283908742081,1.1516862564419794,1.1593654799685735,1.0037459333399257,7.794029842082007,Q3b,200-499,200-499,2010s,D4,False,5.70174,,177
17995,Anno Domini: Sport,2000.0,137,149.0,1.3636,0.0,6.637956204379562,6.915678228584722,0.10196243824262387,5.7641235770433195,1.1515546515414021,1.1650541438716298,0.9517082725858593,6.715831849629179,Q3b,100-199,100-199,2000s,D2,False,5.56205,12108.0,178
7104,Ace of Aces: Powerhouse Series,1981.0,485,558.0,1.8077,0.0,7.248403340206184,7.492525007492348,0.054191307122277405,6.341262140565124,1.1512628669272233,1.1435250471507965,1.0450479049675596,7.386310045532684,Q3b,200-499,200-499,1980s,D6,False,5.82435,4578.0,179
17925,Anno Domini: Im Namen des Gesetzes,2003.0,132,138.0,1.4286,0.0,6.755871212121212,6.998963236739103,0.1038755963880404,5.847767482241123,1.15119575449798,1.155143524290537,0.9475995855774209,6.795367067818543,Q3b,100-199,100-199,2000s,D2,False,5.5677,11646.0,180
355200,Marvel Zombies: X-Men Resistance,2023.0,589,952.0,2.5294,0.0,8.450948488964345,8.532018679537533,0.04917482787563096,7.381057989743589,1.1509606897939442,1.1577344463929053,1.0545780271577074,8.435636016901297,Q3b,500-999,500-999,2020s,D7,False,6.26029,2026.0,181
25314,Bowling Solitaire,1969.0,365,401.0,1.5429,0.0,6.660835616438357,7.0096045391404225,0.06246749110254928,5.860995147709719,1.1486093914307034,1.1528992646513778,1.0261731088697068,6.887168256579426,Q3b,200-499,200-499,1960s,D6,False,5.66816,7087.0,182
167604,Rollet,2014.0,104,117.0,1.0,0.0,6.903846153846155,7.394942205190514,0.11702639484059296,6.2464701619560845,1.1484720432344293,1.1478627006320767,0.919100309346867,7.165570471302952,Q3b,100-199,100-199,2010s,D1,False,5.56607,11765.0,183
313,Big Boss,1994.0,917,1190.0,2.3696,0.0,7.226329476553982,7.675939556188903,0.039410852389123424,6.528350466629764,1.1475890895591387,1.1390906448341767,1.070343818876457,7.5986942855062205,Q3b,500-999,500-999,1990s,D8,False,6.04451,2974.0,184
32149,Word Blur,2007.0,149,158.0,1.2353,0.0,6.767114093959732,7.0961400641121095,0.09777039316946254,5.9491030182300975,1.147037045882012,1.1515585574373652,0.9554070752698655,6.904510093499963,Q3b,100-199,100-199,2000s,D2,False,5.57682,10882.0,185
187590,Pralaya,2015.0,155,185.0,1.3333,0.0,6.934451612903225,7.306492180748004,0.0958593868490308,6.159979959111034,1.1465122216369696,1.1171278546340648,0.9586278234128693,7.118607782523903,Q3b,100-199,100-199,2010s,D3,False,5.59625,9710.0,186
225482,Seas of Strife,2015.0,1743,2632.0,1.3091,0.0,7.308291072862875,7.877373449368684,0.028585895535698087,6.7332479229008335,1.1441255264678505,1.150029816517363,1.0880971712178822,7.8213450941187155,Q3b,1k-2.5k,1k-2k,2010s,D9,False,6.47804,1386.0,187
143680,Nightfall: Eastern Skies,2013.0,113,121.0,2.6667,0.0,7.6415929203539825,8.036883002448286,0.1122693670265072,6.894158655302542,1.1427243471457444,1.1254971348456975,0.9226763877737904,7.816835043076332,Q3b,100-199,100-199,2010s,D1,False,5.59961,9516.0,188
213788,Ascension: Year Three Collector's Edition,2016.0,218,232.0,2.5,0.0,7.933750321100916,8.068199869579036,0.08082993862686555,6.925820960431359,1.142378909147677,1.1356869492074786,0.9839522294390206,7.909773189870379,Q3b,200-499,200-499,2010s,D4,False,5.69431,,189
23540,Shikoku 1889,2004.0,2196,2733.0,3.8205,0.0,7.976111111111108,8.708669073783875,0.025467383487896292,7.5681355872415565,1.140533486542319,1.1347867483479792,1.0906174149060421,8.658753002147598,Q3b,1k-2.5k,2k-5k,2000s,D9,False,6.83193,719.0,190
7823,1837: Rail Building in the Austro-Hungarian Empire,1994.0,103,128.0,4.1667,0.0,7.44368932038835,8.288622016967615,0.11759311193156399,7.148162481154161,1.140459535813454,1.1282200913060354,0.9099770364275885,8.058139517581749,Q3b,100-199,100-199,1990s,D1,False,5.60095,9439.0,191
59335,Wherewolf,2009.0,164,185.0,2.0625,0.0,7.3374999999999995,7.505710001170089,0.09319198703176114,6.3658943484573545,1.139815652712734,1.1694206509766492,0.9571593581304823,7.323053706587837,Q3b,100-199,100-199,2000s,D3,False,5.62454,8397.0,192
1942,Foppen,1995.0,429,435.0,1.6286,0.0,6.610023310023309,7.2353645589857924,0.05761981369945871,6.097222376202955,1.138142182782837,1.1678926179410878,1.025207347931898,7.122429724134854,Q3b,200-499,200-499,1990s,D6,False,5.67272,6984.0,193
377704,Tales of the Arthurian Knights,2024.0,164,740.0,2.05,0.0,8.067919512195123,8.360316616574263,0.09319198703176114,7.223012404376613,1.13730421219765,1.1355737760637865,0.9546479176153981,8.177660321992011,Q3b,100-199,100-199,2020s,D3,False,6.04666,2964.0,194
5516,Symbioz,1995.0,107,115.0,2.625,0.0,6.935981308411215,7.5164167164840245,0.115374174587065,6.380804742164225,1.1356119743197999,1.1200636984213999,0.9094785921291525,7.2902833342933775,Q3b,100-199,100-199,1990s,D1,False,5.56431,11916.0,195
7771,En Garde!,1975.0,122,129.0,2.2308,0.0,6.745081967213115,7.05932216555945,0.10804895738021865,5.9239036376647665,1.1354185278946831,1.1245817828385531,0.9236425714294546,6.847546209094221,Q3b,100-199,100-199,1970s,D1,False,5.56048,12256.0,196
106113,Manoeuvre: Distant Lands,2017.0,124,132.0,2.0,0.0,7.860483870967743,8.204750188949733,0.10717405263794114,7.069786204909294,1.1349639840404393,1.1475463908526269,0.9249028408700747,7.994689045779368,Q3b,100-199,100-199,2010s,D2,False,5.62353,8434.0,197
265755,Exceed: Street Fighter – Chun-Li Box,2019.0,127,132.0,3.0,0.0,8.200349921259843,8.565142783813933,0.10590065234778524,7.431141724586354,1.1340010592275789,1.1289902708276198,0.9264357806259198,8.357577505212273,Q3b,100-199,100-199,2010s,D2,False,5.63812,7921.0,198
249552,Ascension: Delirium,2018.0,280,309.0,2.0,0.0,7.709714321428572,7.9930499409443625,0.07132166614551344,6.859621333375518,1.1334286075688444,1.1296602871409958,0.9936381419236381,7.853259475299156,Q3b,200-499,200-499,2010s,D5,False,5.74248,5607.0,199
151,Piratenbillard,1989.0,441,461.0,1.2333,0.0,6.546145124716553,7.077685673791166,0.05683046389500929,5.945493484578719,1.1321921892124465,1.1532309089526667,1.0208044799782283,6.966297964556947,Q3b,200-499,200-499,1980s,D6,False,5.66914,7066.0,200
13223,The Best of Chronology,1997.0,280,318.0,1.1875,0.0,6.628035714285714,6.985619477424805,0.07132166614551344,5.857153351377642,1.1284661260471633,1.1443746961345944,0.988675660401957,6.845829011779599,Q3b,200-499,200-499,1990s,D5,False,5.62885,8225.0,201
153498,Kamisado Max,2014.0,155,167.0,1.6667,0.0,7.319245161290322,7.6015884541196,0.0958593868490308,6.474501873070528,1.1270865810490722,1.1271314111865962,0.9392021828249719,7.4137040558955,Q3b,100-199,100-199,2010s,D3,False,5.6174,8671.0,202
3226,Bowl Bound,1978.0,221,248.0,1.8788,0.0,6.901809954751131,7.1724335043704,0.08027944455796115,6.046541167472904,1.125892336897496,1.1719843798756715,0.9685446255638921,7.015085793036796,Q3b,200-499,200-499,1970s,D4,True,5.62851,8239.0,203
215565,Roads to Gettysburg II: Lee Strikes North,2018.0,256,283.0,3.5909,0.0,8.847265625000002,9.231490674317204,0.07458998386219969,8.10657024292598,1.1249204313912244,1.1186523156482124,0.9787240630213131,9.085294305947292,Q3b,200-499,200-499,2010s,D5,False,5.82379,4587.0,204
138704,Northern Pacific,2013.0,1083,1238.0,1.4516,0.0,7.05713758079409,7.806710588238965,0.036264881904581756,6.683286906689489,1.1234236815494762,1.123416984693713,1.0523445130164961,7.735631419705984,Q3b,1k-2.5k,1k-2k,2010s,D8,False,6.04072,2992.0,205
379908,Marvel United: Spider-Geddon,2023.0,440,807.0,1.8235,0.0,8.341863636363636,8.473507589416219,0.056895007316031886,7.3509136420634285,1.1225939473527902,1.1111662571738687,1.0110797330133676,8.361993375076796,Q3b,200-499,200-499,2020s,D6,False,6.13891,2498.0,206
111081,Animal Upon Animal: Crest Climbers,2011.0,363,381.0,1.0714,0.0,6.910027548209367,7.3178880739619,0.0626393414715503,6.19547261742292,1.1224154565389792,1.1045649332466638,0.9996423472547407,7.195114964677661,Q3b,200-499,200-499,2010s,D6,False,5.69354,6504.0,207
174298,Napoleon's Last Gamble: Battles of the Hundred Days,2016.0,151,188.0,2.8125,0.0,8.329139072847681,8.524707498575438,0.09712074881117622,7.402805497221777,1.1219020013536607,1.1224522411859859,0.9315453336837554,8.334350830905533,Q3b,100-199,100-199,2010s,D2,False,5.67304,6978.0,208
100473,String Railway: Transport,2011.0,138,141.0,1.8333,0.0,6.805434782608695,7.420433437147748,0.10159233742701944,6.299243422861691,1.1211900142860571,1.1262830699666697,0.922069032929099,7.22131245579079,Q3b,100-199,100-199,2010s,D2,False,5.57324,11171.0,209
294693,Nokosu Dice,2016.0,1222,2263.0,2.0698,0.0,7.587088379705398,8.257636144590894,0.03414010817690469,7.138496318729022,1.1191398258618719,1.1243729252144607,1.0522252138351387,8.19072153256416,Q3b,1k-2.5k,1k-2k,2010s,D8,False,6.53832,1241.0,210
295503,The Champion of the Wild (Second Edition),2019.0,157,182.0,1.2,0.0,7.2330573248407655,7.484851097695819,0.09524686053291706,6.36725045622476,1.1176006414710598,1.1294062155305733,0.9309167948265423,7.298167251051302,Q3b,100-199,100-199,2010s,D3,False,5.60698,9156.0,211
1313,1826: Railroading in France and Belgium from 1826,2000.0,158,165.0,3.875,0.0,7.3955696202531644,8.223435412452895,0.09494496798099698,7.107493609444202,1.1159418030086936,1.098769669847277,0.9298496657659395,8.03734327521014,Q3b,100-199,100-199,2000s,D3,False,5.62226,8480.0,212
384,TurfMaster,1998.0,1030,1078.0,1.94,0.0,7.209556407766991,7.683046583267463,0.037186207085086444,6.567131629895416,1.1159149533720472,1.1271075053260153,1.0430299874852778,7.610161617380693,Q3b,1k-2.5k,1k-2k,1990s,D8,False,6.02915,3051.0,213
38429,Cornerstone,2008.0,231,241.0,1.6786,0.0,7.11948051948052,7.581854742456799,0.07852257009464976,6.466722934150662,1.1151318083061375,1.1271056481159407,0.9612275709206239,7.427950505071285,Q3b,200-499,200-499,2000s,D4,False,5.64077,7838.0,214
909,Saturn,1997.0,210,224.0,1.25,0.0,6.713095238095238,7.179241109070336,0.08235516629632961,6.06422092028631,1.115020188784026,1.1186249076834098,0.9536040628432201,7.01782498312953,Q3b,200-499,200-499,1990s,D4,False,5.60879,9084.0,215
3925,Elefant Hunt,1984.0,109,113.0,1.0,0.0,6.178899082568807,6.3841418114779644,0.11431079545189816,5.269364729564053,1.1147770819139113,1.1004602466424176,0.8907279228281909,6.160092652392244,Q3b,100-199,100-199,1980s,D1,False,5.53299,16161.0,216
12750,1860: Railways on the Isle of Wight,2004.0,982,1060.0,4.1277,0.0,7.889718258655804,8.702273638789405,0.03808419252473232,7.588454185677241,1.1138194531121641,1.1025295588703088,1.0391744357636887,8.62762862144093,Q3b,500-999,500-999,2000s,D8,False,6.22395,2163.0,217
4292,The Sword and the Flame,1979.0,116,128.0,2.3889,0.0,7.411637931034483,7.6092559823801285,0.1108080982232961,6.496003142591755,1.1132528397883732,1.0901487481055128,0.8960689672707128,7.392072109862468,Q3b,100-199,100-199,1970s,D1,False,5.58538,10331.0,218
3590,Campaign Trail: The Game of Presidential Elections,1983.0,110,113.0,1.75,0.0,6.539363636363635,6.988248736836424,0.11379001463206377,5.875709096610695,1.1125396402257293,1.1346375460828506,0.8895112115468843,6.76522030815758,Q3b,100-199,100-199,1980s,D1,False,5.54333,14339.0,219
212956,Room 25 Ultimate,2016.0,873,1022.0,2.1429,0.0,7.306599725085913,7.595697657822653,0.040391815504993586,6.483198234378598,1.1124994234440546,1.1466740943777527,1.033331465054267,7.516529699432866,Q3b,500-999,500-999,2010s,D8,False,6.00485,,220
1974,Das GROSSE und das kleine A,1996.0,101,106.0,1.3,0.0,6.554554455445545,6.969752717932541,0.11875169273608258,5.857917941121993,1.1118347768105474,1.1200024906706778,0.8790814590478255,6.736999400169819,Q3b,100-199,100-199,1990s,D1,True,5.54477,14119.0,221
83283,Volo,2010.0,101,122.0,2.7143,0.0,7.48910891089109,7.967566568208754,0.11875169273608258,6.855902279700382,1.111664288508372,1.1057691629562978,0.8789109707456502,7.734813250446033,Q3b,100-199,100-199,2010s,D1,False,5.59786,9614.0,222
359065,Blitz Bowl: Ultimate Edition,2022.0,249,316.0,2.2727,0.0,8.220107108433735,8.579050702178197,0.07563117059152864,7.467613607927543,1.111437094250654,1.1205613032883566,0.9631999998912578,8.4308136078188,Q3b,200-499,200-499,2020s,D4,False,5.79782,4862.0,223
41090,Magnate,2008.0,210,224.0,2.1739,0.0,7.216233333333332,7.683532630210059,0.08235516629632961,6.572761822014561,1.1107708081954977,1.126952717091199,0.9493546822546917,7.522116504269253,Q3b,200-499,200-499,2000s,D4,False,5.65052,7557.0,224
390406,The Morrison Game Factory,2024.0,146,523.0,2.2222,0.0,8.161301369863013,8.593847282891009,0.09876977580017929,7.4833904099058675,1.1104568729851412,1.102489883659599,0.9168681124167898,8.400258522322657,Q3b,100-199,100-199,2020s,D2,False,5.96654,3413.0,225
4241,Soldiers: Tactical Combat in 1914-15,1972.0,114,128.0,2.0769,0.0,7.196052631578947,7.403795504468701,0.11177587291431,6.297218473046938,1.1065770314217636,1.1163104226437204,0.8874963205097159,7.184714793556654,Q3b,100-199,100-199,1970s,D1,False,5.58415,10407.0,226
29140,Tumblin-Dice Jr.,2006.0,265,266.0,1.0,0.0,6.745060377358491,7.11425040865106,0.07331242056203599,6.007863720983792,1.1063866876672677,1.1473370344275473,0.9626943433656772,6.970558064349469,Q3b,200-499,200-499,2000s,D5,False,5.62839,8248.0,227
364766,MicroMacro: Crime City – All In,2022.0,1234,1715.0,1.0732,0.0,7.845953541329013,8.135560036297067,0.033973705359168424,7.030198990100921,1.1053610461961458,1.1196249033664927,1.0387725836921757,8.068971573793096,Q3b,1k-2.5k,1k-2k,2020s,D8,False,6.44658,1466.0,228
17997,Anno Domini: Sex & Crime,1998.0,454,473.0,1.3929,0.0,6.660440528634361,6.973911681648043,0.05601090236259157,5.87041969494094,1.1034919867071027,1.0982375660807184,0.9937106180764232,6.864130313017363,Q3b,200-499,200-499,1990s,D6,False,5.69171,6543.0,229
322984,Shadows of Brimstone: City of the Ancients (Revised Edition),2020.0,182,267.0,3.5556,0.0,8.383791208791209,8.575585667395497,0.08846363930818893,7.47348606632568,1.102099601069817,1.104173476197463,0.9287108680257666,8.402196934351448,Q3b,100-199,100-199,2020s,D3,False,5.74572,5557.0,230
139131,Hoplomachus: Rise of Rome,2013.0,389,403.0,2.9474,0.0,7.956898046272491,8.212705736298304,0.06050979689307838,7.110786750669551,1.1019189856287532,1.1107205688334254,0.9833197837183196,8.09410653438787,Q3b,200-499,200-499,2010s,D6,False,5.83825,4437.0,231
146207,Dead Man's Hand,2013.0,136,151.0,2.1429,0.0,7.804338235294117,7.9825298601065695,0.1023366135853585,6.880783537796145,1.101746322310425,1.1304282498214269,0.9011665596831222,7.781950097479267,Q3b,100-199,100-199,2010s,D2,False,5.62428,8405.0,232
5155,Dorada,1988.0,153,166.0,1.0,0.0,6.1496732026143786,6.662896136522411,0.09648388457316583,5.56351397798651,1.0993821585359012,1.1124354552608686,0.9102737447724961,6.473787722759006,Q3b,100-199,100-199,1980s,D2,False,5.54706,13803.0,233
256885,The Fantasy Trip: Legacy Edition,2019.0,148,405.0,2.8333,0.0,8.787162162162161,8.534328343536563,0.09810014248054857,7.434951116694236,1.0993772268423267,1.1368871437139063,0.9071009475804516,8.342052064274688,Q3b,100-199,100-199,2010s,D2,False,5.68253,,234
233194,Banned Words,2017.0,319,361.0,1.2,0.0,7.0305893416927905,7.368858681824073,0.06681979737082182,6.269948795401023,1.0989098864230504,1.1198120329559833,0.9679430835762397,7.237891878977262,Q3b,200-499,200-499,2010s,D5,False,5.69619,6442.0,235
173270,Ogre / G.E.V.,1990.0,103,122.0,2.0,0.0,7.413592233009708,7.444375570992515,0.11759311193156399,6.345574470308732,1.098801100683783,1.1125694338793117,0.8683186012979176,7.213893071606649,Q3b,100-199,100-199,1990s,D1,False,5.58985,,236
224830,Chimera & More,2017.0,136,161.0,2.4,0.0,7.400441176470589,8.05503327505175,0.1023366135853585,6.956550038104567,1.0984832369471835,1.097972503518573,0.8979034743198808,7.854453512424447,Q3b,100-199,100-199,2010s,D2,False,5.61616,8717.0,237
94373,Dien Bien Phu: The Final Gamble,2014.0,256,322.0,3.037,0.0,8.405078125,8.682484796881457,0.07458998386219969,7.584335050973653,1.0981497459078042,1.1186611514888494,0.9519533775378929,8.536288428511545,Q3b,200-499,200-499,2010s,D5,False,5.79578,4891.0,238
5107,Pyramid: Home Game,1974.0,132,141.0,1.2222,0.0,6.147734848484849,6.361853639485614,0.1038755963880404,5.26438937071228,1.0974642687733338,1.1031300043722707,0.8938680998527746,6.158257470565054,Q3b,100-199,100-199,1970s,D2,False,5.53689,15392.0,239
212370,Omen: Edge of the Aegean,2016.0,183,194.0,2.0,0.0,7.360928961748634,7.772215473079981,0.08822160427375413,6.675467049077383,1.0967484240025973,1.1114887195736474,0.9238340796260393,7.599301128703423,Q3b,100-199,100-199,2010s,D3,False,5.63867,7904.0,240
16747,Tumblin' Dice,2004.0,4786,5252.0,1.0492,0.0,7.237977588800669,7.619640926524079,0.01725099497664168,6.523885277231324,1.0957556492927552,1.0828927735766314,1.0619436991385374,7.585828976369862,Q3b,2.5k-5k,2k-5k,2000s,D10,False,6.70927,906.0,241
18485,18MEX,2005.0,647,707.0,3.8421,0.0,7.657378160741887,8.568871388950305,0.04691895767522434,7.474096778795182,1.0947746101551221,1.1110990425928335,1.0028134531116824,8.476910231906865,Q3b,500-999,500-999,2000s,D7,False,6.00125,3184.0,242
113,"Plotters, Inc.",1999.0,353,403.0,1.8462,0.0,6.760339943342774,7.369978379655524,0.06352038813683634,6.275481898455077,1.094496481200447,1.1110905321112279,0.9699965204522477,7.245478418907324,Q3b,200-499,200-499,1990s,D6,False,5.68778,6635.0,243
144574,Last Chance for Victory: The Battle of Gettysburg,2014.0,165,189.0,4.1071,0.0,8.784551515151515,8.990150177064573,0.09290915789079598,7.896060515249889,1.0940896618146834,1.0939991169046142,0.9119877123487232,8.808048227598613,Q3b,100-199,100-199,2010s,D3,False,5.69893,6380.0,244
9963,Santorini,2004.0,380,396.0,2.3478,0.0,7.185306526315791,7.687820440284095,0.0612221669799983,6.594569826716514,1.093250613567581,1.0961401697729558,0.9732551662867843,7.567824993003298,Q3b,200-499,200-499,2000s,D6,False,5.72937,5836.0,245
361923,Curse of the Dark,2022.0,128,240.0,2.25,0.0,8.00546875,8.255860213505064,0.10548616679511308,7.163371424991832,1.0924887885132328,1.0825825252843488,0.8857359015948112,8.049107326586643,Q3b,100-199,100-199,2020s,D2,False,5.69019,6581.0,246
5306,Harry's Grand Slam Baseball Game,1962.0,416,428.0,1.1194,0.0,6.32876201923077,6.665675524440571,0.05851319742029648,5.573492553397134,1.092182971043437,1.1019381082643118,0.9774971040996558,6.55098965749679,Q3b,200-499,200-499,1960s,D6,False,5.62587,8347.0,247
321044,Dungeon Fighter in the Catacombs of Gloomy Ghosts,2022.0,113,165.0,1.75,0.0,7.755929203539823,8.025192627253691,0.1122693670265072,6.933143559271086,1.0920490679826056,1.157252815448789,0.8720011086106515,7.805144667881737,Q3b,100-199,100-199,2020s,D1,False,5.64324,7763.0,248
21569,Adigma,2001.0,129,165.0,1.5556,0.0,7.430224806201551,7.108547668768143,0.10507651023085979,6.01666834968567,1.091879319082473,1.082845196407062,0.8859293590299877,6.902597708715658,Q3b,100-199,100-199,2000s,D2,False,5.60127,9432.0,249
84088,Fauna Junior,2010.0,135,144.0,1.4286,0.0,6.8084444444444445,7.1754479905088635,0.10271493877055267,6.08485412283995,1.0905938676689138,1.089574448878845,0.8892725876786305,6.97412671051858,Q3b,100-199,100-199,2010s,D2,False,5.57182,11298.0,250
219650,Arydia: The Paths We Dare Tread,2025.0,637,2581.0,3.307,0.0,9.20381354788069,9.388250917291272,0.04728580421119867,8.298768294432707,1.089482622858565,1.0704804162008124,0.9968024466046156,9.295570741037322,Q3b,500-999,500-999,2020s,D7,False,7.09257,403.0,251
34098,Guelphs and Ghibellines,2009.0,114,129.0,2.5833,0.0,7.834210526315789,8.129029668387597,0.11177587291431,7.039894115077203,1.0891355533103937,1.1055083056217585,0.8700548423983461,7.9099489574755495,Q3b,100-199,100-199,2000s,D1,False,5.61194,8917.0,252
473,Olé!,1996.0,262,269.0,1.4286,0.0,6.580343511450381,7.0656198828939845,0.07373095348041055,5.976497905618485,1.0891219772754992,1.102334024107507,0.9446093084538946,6.9211072140723795,Q3b,200-499,200-499,1990s,D5,False,5.61487,8777.0,253
22348,Duplik,2005.0,2293,2518.0,1.2087,0.0,6.95105887483646,7.254496584658732,0.02492289389100693,6.166037015340892,1.0884595693178394,1.093973108031335,1.0396106972914658,7.205647712632358,Q3b,1k-2.5k,2k-5k,2000s,D9,False,6.23214,2129.0,254
8815,Academia,1989.0,117,133.0,1.3636,0.0,6.859999999999999,6.737001303332364,0.11033354315946356,5.649478411944427,1.0875228913879367,1.0712371631949926,0.8712691467953881,6.520747558739815,Q3b,100-199,100-199,1980s,D1,False,5.5564,12654.0,255
308,Santa Fe,1992.0,241,246.0,2.2,0.0,6.955836804979253,7.448039123789988,0.07687621178874714,6.360551504567146,1.0874876192228413,1.0942202798487752,0.936810244116897,7.297361748684043,Q3b,200-499,200-499,1990s,D4,False,5.63672,7969.0,256
223327,Someone Has Died,2016.0,179,208.0,1.0,0.0,6.958697653631284,7.1234193366865535,0.08920187441025379,6.037475927270773,1.0859434094157807,1.1150992067127463,0.9111077355716832,6.948583662842456,Q3b,100-199,100-199,2010s,D3,False,5.60651,9178.0,257
322985,Shadows of Brimstone: Swamps of Death (Revised Edition),2020.0,137,194.0,3.6667,0.0,8.463649635036496,8.609584343208867,0.10196243824262387,7.5260242900621055,1.083560053146762,1.0634979875280344,0.8837136741912192,8.409737964253324,Q3b,100-199,100-199,2020s,D2,False,5.69614,6443.0,258
251830,Alhambra: Mega Box,2019.0,221,241.0,2.5,0.0,8.007262443438913,8.256667811970221,0.08027944455796115,7.174325552396292,1.0823422595739292,1.079388781270815,0.9249945482403252,8.099320100636618,Q3b,200-499,200-499,2010s,D4,False,5.72573,,259
134824,Qwirkle Trio,2012.0,123,129.0,1.25,0.0,7.085528455284552,7.263137635573957,0.10760883759820682,6.1810874694099365,1.082050166164021,1.0802309073505976,0.8711368444715356,7.052224313881472,Q3b,100-199,100-199,2010s,D1,False,5.57917,,260
173776,Battle for Biternia,2018.0,126,176.0,2.8571,0.0,7.742460317460318,8.315857592624537,0.10632006251327562,7.234542026281174,1.0813155663433633,1.0910860506692757,0.8729282438173431,8.107470270098517,Q3b,100-199,100-199,2010s,D2,False,5.63991,7874.0,261
180845,Wibbell++,2017.0,177,194.0,1.2,0.0,7.0960903954802275,7.379601982997008,0.089704424158108,6.29906503811484,1.0805369448821684,1.085932276855881,0.9047162735322768,7.203781311647116,Q3b,100-199,100-199,2010s,D3,False,5.61015,,262
3730,Statis Pro Baseball,1971.0,470,546.0,2.1481,0.0,7.03094370212766,7.229671268453754,0.055049270335400094,6.1494928785754155,1.0801783898783386,1.085620147293766,0.9722818200209544,7.1217746985963695,Q3b,200-499,200-499,1970s,D6,False,5.77399,5138.0,263
272538,1828,2018.0,194,209.0,4.2143,0.0,7.89020618556701,8.958374841770517,0.0856839799440507,7.880151649461338,1.0782231923091796,1.0735407538105566,0.9102825916188402,8.790434241080177,Q3b,100-199,100-199,2010s,D3,False,5.69592,6449.0,264
199182,Commands & Colors Tricorne: The American Revolution,2017.0,302,355.0,2.4583,0.0,8.211233145695365,8.498585846053697,0.06867474007829803,7.4211222671521035,1.0774635789015932,1.0762672837736513,0.942861088348129,8.363983355500233,Q3b,200-499,200-499,2010s,D5,False,5.82064,4610.0,265
153625,Han,2014.0,354,392.0,2.1579,0.0,7.099807909604519,7.729112032176084,0.06343060662463253,6.652864589084235,1.076247443091849,1.0736084755820299,0.9519234541075692,7.604788043191804,Q3b,200-499,200-499,2010s,D6,False,5.73836,5664.0,266
224483,Exceed Fighting System,2016.0,586,705.0,2.6522,0.0,7.9196075085324225,8.434270347579723,0.04930054131777425,7.361794325774305,1.072476021805418,1.1020018881913263,0.9758469608225804,8.337641286596885,Q3b,500-999,500-999,2010s,D7,False,6.01722,3101.0,267
309917,Hidden Games Crime Scene: The Midnight Crown,2020.0,341,426.0,2.0,0.0,7.904975571847506,8.200197969827395,0.06462838542942728,7.128047563159843,1.0721504066675518,1.0748396807674094,0.9454787712258743,8.073526334385717,Q3b,200-499,200-499,2020s,D5,False,5.84705,4359.0,268
38877,No Retreat!: The Russian Front 1941-1944,2008.0,189,198.0,2.575,0.0,7.779894179894179,8.1229458153777,0.08680996752611164,7.052305334625767,1.0706404807519325,1.0796790397874148,0.9004929444007537,7.952798279026521,Q3b,100-199,100-199,2000s,D3,False,5.6664,7133.0,269
317030,Quest: Avalon Big Box Edition,2021.0,322,380.0,2.0,0.0,7.900776397515527,8.283888142620466,0.06650779661240168,7.213263225803217,1.0706249168172484,1.1194266131599822,0.9402696354569411,8.153532861260159,Q3b,200-499,200-499,2020s,D5,False,5.80793,,270
83040,Leader 1: Hell of the North,2011.0,480,502.0,2.7111,0.0,7.633251458333336,7.913656690269035,0.054472822300364106,6.84311258965155,1.070544100617485,1.0783501383247094,0.9637773689087713,7.806889958560322,Q3b,200-499,200-499,2010s,D6,False,5.86507,4189.0,271
424975,Wilmot's Warehouse,2024.0,477,1672.0,1.1724,0.0,7.672364779874213,8.153891057671837,0.0546438519905886,7.084671856958799,1.0692192007130377,1.075341100038047,0.962117250811484,8.046789107770284,Q3b,200-499,200-499,2020s,D6,False,6.31035,1852.0,272
178940,Push It,2015.0,501,532.0,1.0625,0.0,7.123473053892216,7.567982381240202,0.05331895547145713,6.498909103237228,1.069073278002974,1.048890497662767,0.964568125278918,7.463477228516146,Q3b,500-999,500-999,2010s,D6,False,5.80385,4778.0,273
222291,Ivion: The Herocrafting Card Game,2018.0,106,143.0,2.625,0.0,7.703962264150944,8.162602101902847,0.11591711487809765,7.094170117093729,1.0684319848091182,1.0639801908830187,0.8412344396480468,7.9354045567417755,Q3b,100-199,100-199,2010s,D1,False,5.59979,9505.0,274
338980,Mega Empires: The East,2021.0,170,248.0,2.9286,0.0,8.42641176470588,8.874480262307921,0.09153264982559603,7.811132585747664,1.063347676560257,1.1090957337131755,0.8839436829020888,8.695076268649753,Q3b,100-199,100-199,2020s,D3,False,5.76187,5319.0,275
104,Extrablatt,1991.0,271,273.0,2.9,0.0,6.968116420664207,7.673941023344246,0.07249630140193415,6.611837461303091,1.0621035620411545,1.0512852871198186,0.9200108112933636,7.531848272596455,Q3b,200-499,200-499,1990s,D5,False,5.6547,7421.0,276
224149,Deadball,2017.0,172,235.0,2.2174,0.0,7.8838372093023255,7.871282045940592,0.09099892720094005,6.810090777546483,1.0611912683941087,1.0561017501886178,0.8828333710802663,7.692924148626749,Q3b,100-199,100-199,2010s,D3,False,5.66821,7086.0,277
55756,Anno Domini: Europa,2009.0,134,160.0,1.2222,0.0,6.709701492537314,7.063782021732215,0.103097491077084,6.002650127727183,1.0611318940050323,1.0659879581561365,0.8590608114939476,6.861710939221131,Q3b,100-199,100-199,2000s,D2,False,5.57342,11155.0,278
102151,Colorado Midland,2011.0,149,233.0,2.5333,0.0,6.730201342281879,7.728605550899646,0.09777039316946254,6.667851415385691,1.060754135513955,1.0660730897095245,0.8691241649018083,7.536975580287499,Q3b,100-199,100-199,2010s,D2,False,5.63182,8128.0,279
18481,Racetrack,1973.0,172,185.0,1.4688,0.0,6.31860465116279,6.712473977925461,0.09099892720094005,5.651825834915485,1.060648143009976,1.0438626204779826,0.8822902456961335,6.534116080611618,Q3b,100-199,100-199,1970s,D3,False,5.56111,12191.0,280
43845,18Ardennes,2010.0,101,110.0,3.7778,0.0,7.520792079207921,8.341879097464066,0.11875169273608258,7.281245029091581,1.0606340683724849,1.0573537811479152,0.827880750609763,8.109125779701344,Q3b,100-199,100-199,2010s,D1,False,5.59119,9971.0,281
637,The Stock Car Championship Racing Card Game,1995.0,221,232.0,2.1364,0.0,6.805765746606336,7.295791596196042,0.08027944455796115,6.238134014904787,1.057657581291255,1.0472854362870265,0.900309869957651,7.138443884862438,Q3b,200-499,200-499,1990s,D4,False,5.61714,8679.0,282
359211,The Old Prince 1871,2022.0,215,298.0,4.1333,0.0,8.304,9.401329632157992,0.08139191484034264,8.344203710135677,1.0571259220223155,1.0569973159112784,0.8975977689352439,9.24180147907092,Q3b,200-499,200-499,2020s,D4,False,5.8237,4590.0,283
15999,1825 Unit 3,2004.0,177,187.0,3.6667,0.0,7.523728813559321,8.192198155358234,0.089704424158108,7.135683853806171,1.0565143015520633,1.0501210409780946,0.8806936302021716,8.016377484008343,Q3b,100-199,100-199,2000s,D3,False,5.64911,7590.0,284
232956,Omen: Fires in the East,2019.0,103,106.0,2.0,0.0,7.486990291262137,7.9163589211370935,0.11759311193156399,6.860261157067315,1.0560977640697784,1.0597144751229317,0.825615264683913,7.685876421751228,Q3b,100-199,100-199,2010s,D1,False,5.58558,10312.0,285
284777,Unmatched: Jurassic Park – InGen vs Raptors,2020.0,2488,2934.0,2.0556,0.0,8.10012633038585,8.235595866848483,0.023926286998282635,7.179815478212612,1.0557803886358705,1.0839102104227099,1.0088848661192367,8.18870034433185,Q3b,1k-2.5k,2k-5k,2020s,D9,False,6.85627,679.0,286
327778,ito,2019.0,979,4008.0,1.0123,0.0,7.228884412665987,7.710958899393944,0.038142499564525235,6.657085581587417,1.0538733178065272,1.056123625932246,0.9791140186600577,7.636199600247474,Q3b,500-999,500-999,2010s,D8,False,6.62891,1051.0,287
331259,Sleeping Gods: Kickstarter Edition,2021.0,315,351.0,3.0,0.0,8.451301587301586,8.676128674113004,0.06724271170268742,7.6235790643941215,1.0525496097188825,1.036041712268938,0.9207538947816152,8.544332959175737,Q3b,200-499,200-499,2020s,D5,False,5.86726,,288
204801,Kneipenquiz: Das Original,2016.0,1026,1191.0,1.3889,0.0,7.35151104288499,7.699227660514548,0.037258624304770005,6.647423365809649,1.0518042947048993,1.057766525787681,0.9787773910675501,7.626200756877199,Q3b,1k-2.5k,1k-2k,2010s,D8,False,6.11249,2622.0,289
38986,18NEB,2010.0,190,211.0,3.9545,0.0,7.454578947368422,8.398009941750434,0.08658121886098387,7.346580387246586,1.051429554503848,1.0335355420264953,0.8817303655363196,8.228310752782905,Q3b,100-199,100-199,2010s,D3,False,5.65793,7335.0,290
7483,Schatz der Drachen,2003.0,320,403.0,1.1739,0.0,6.714593749999999,6.960077311020969,0.06671530974259632,5.908796775356583,1.051280535664386,1.0483298371574232,0.9205185285688972,6.829315303925481,Q3b,200-499,200-499,2000s,D5,False,5.6599,7285.0,291
250396,Terminator Genisys: Rise of the Resistance,2018.0,605,701.0,2.5588,0.0,7.959404958677684,8.027841502955507,0.04852022526734277,6.977425854193745,1.0504156487617617,1.0517808883025754,0.9553160072377699,7.9327418614315155,Q3b,500-999,500-999,2010s,D7,False,6.00963,3139.0,292
254189,Snow White and the Seven Dwarfs: A Gemstone Mining Game,2018.0,299,330.0,1.1667,0.0,6.923296555183945,7.015229719961249,0.06901840230820955,5.964867552477514,1.0503621674837351,1.0561233714856222,0.9150860989596444,6.879953651437159,Q3b,200-499,200-499,2010s,D5,False,5.6589,7309.0,293
119637,Zug um Zug: Deutschland,2012.0,910,1032.0,1.9091,0.0,7.504701472527471,7.773935741652534,0.03956214220602658,6.724164100934109,1.0497716407184248,1.0611522456041316,0.9722298419946127,7.696393942928721,Q3b,500-999,500-999,2010s,D8,False,6.08149,2773.0,294
29017,Dschungelschatz,2006.0,252,274.0,1.1579,0.0,6.725357142857144,7.02192434334772,0.07517963717931485,5.972566034885794,1.049358308461926,1.004111704953603,0.9020062195904689,6.874572254476263,Q3b,200-499,200-499,2000s,D4,False,5.62156,8498.0,295
299317,Aeon's End: Outcasts,2020.0,1087,1304.0,3.0,0.0,8.516619135234592,8.807349215333737,0.036198095693381636,7.758275871945951,1.0490733433877857,1.0537176019375991,0.9781250758287576,8.736400947774708,Q3b,1k-2.5k,1k-2k,2020s,D8,False,6.51769,1302.0,296
5065,Fubi,2001.0,106,110.0,1.0667,0.0,6.649056603773585,6.995284910040592,0.11591711487809765,5.947110582021068,1.048174328019524,1.0533591415588752,0.8209767828584525,6.768087364879521,Q3b,100-199,100-199,2000s,D1,False,5.54784,13700.0,297
216710,Wings of Glory: WW2 Battle of Britain Starter Set,2017.0,184,229.0,2.125,0.0,7.9778260869565205,7.9870729536657095,0.08798154504163945,6.940224414468612,1.0468485391970974,1.0668570213349842,0.8744047109154841,7.814629125384096,Q3b,100-199,100-199,2010s,D3,False,5.67698,6884.0,298
13920,"Chickamauga: The Last Victory, 20 September 1863",1975.0,111,121.0,2.0625,0.0,6.962162162162162,7.381072380470831,0.11327628733737072,6.335586825781334,1.0454855546894972,1.0471983738776576,0.8234640315082506,7.159050857289585,Q3b,100-199,100-199,1970s,D1,False,5.57135,11338.0,299
125943,Corporate America,2013.0,482,524.0,2.1562,0.0,7.115331950207469,7.561106249489165,0.05435969066775631,6.516004845331095,1.0451014041580704,1.0424268548123168,0.9385564104492681,7.454561255780362,Q3b,200-499,200-499,2010s,D6,False,5.7768,5109.0,300
308970,A Touch of Evil: 10 Year Anniversary Edition,2020.0,222,252.0,2.5,0.0,8.19509009009009,8.20161764201502,0.08009843092389068,7.156918642196544,1.0446989998184755,1.0318300002633194,0.8877060752076498,8.044624717404194,Q3b,200-499,200-499,2020s,D4,False,5.73351,5749.0,301
23827,Millionen von Schwalben,2006.0,133,134.0,2.3462,0.0,7.221052631578948,7.546311479834395,0.10348434981369051,6.502649819303427,1.0436616605309679,1.0494381256003562,0.8408323348961345,7.343482154199561,Q3b,100-199,100-199,2000s,D2,False,5.59494,9790.0,302
593,Favoriten,1989.0,184,189.0,1.3333,0.0,6.392989130434782,6.818892668097669,0.08798154504163945,5.775241942185403,1.0436507259122658,1.0607799841637702,0.8712068976306525,6.646448839816055,Q3b,100-199,100-199,1980s,D3,False,5.56514,11848.0,303
939,Star Wars: The Queen's Gambit,2000.0,2222,2327.0,2.475,0.0,7.569900135013501,7.919630953349073,0.025317945959774144,6.877167704640543,1.04246324870853,1.0403336983432494,0.9928400746273726,7.870007779267916,Q3b,1k-2.5k,2k-5k,2000s,D9,False,6.50477,1326.0,304
424774,Dorfromantik: Sakura,2024.0,370,1908.0,1.9362,0.0,8.199864864864866,8.443661175381106,0.06204397780511476,7.401862753608082,1.0417984217730236,1.028367945964142,0.9201922252749987,8.32205497888308,Q3b,200-499,200-499,2020s,D6,False,6.57001,1171.0,305
32928,Mü and Lots More,2007.0,852,884.0,2.4394,0.0,7.370451877934272,7.883644317423068,0.040886571846877606,6.843244428965971,1.040399888457097,1.041774445466526,0.9602622076372169,7.8035066366031876,Q3b,500-999,500-999,2000s,D8,False,6.00483,,306
18833,Lord of the Rings: The Confrontation,2005.0,6420,6778.0,2.1934,0.0,7.477392390965732,7.8464568844907605,0.014894741891937659,6.806166751607186,1.040290132883574,1.0500186212191194,1.0110964387753762,7.817263190382563,Q3b,5k-10k,5k+,2000s,D10,False,6.95602,556.0,307
454,Tante Tarantel,1991.0,139,144.0,1.2667,0.0,6.1665467625899275,6.720187154931739,0.10122623772308073,5.680255349666545,1.0399318052651934,1.0342986872753537,0.8415283793279551,6.5217837289945,Q3b,100-199,100-199,1990s,D2,False,5.5399,14887.0,308
3095,Star Trek: The Adventure Game,1985.0,309,331.0,2.2121,0.0,6.903236245954692,7.13957865114661,0.06789241482853425,6.100342729187627,1.0392359219589826,1.0408286707943448,0.9061667888950555,7.006509518082683,Q3b,200-499,200-499,1980s,D5,False,5.6705,7035.0,309
711,Elfenroads,1992.0,306,318.0,2.5,0.0,6.977974346405229,7.489469884842335,0.06822440905690567,6.450529754360886,1.038940130481449,1.021948683618226,0.9052202887299139,7.3557500430908,Q3b,200-499,200-499,1990s,D5,False,5.66612,7137.0,310
282391,Stockpile: Epic Edition,2019.0,981,1117.0,2.2143,0.0,7.924386391437307,8.271465602702026,0.03810359848396606,7.2325255091757,1.0389400935263264,1.0501774136223307,0.964257040497753,8.196782549673452,Q3b,500-999,500-999,2010s,D8,False,6.27073,,311
147887,Allegiance: A Realm Divided,2015.0,301,352.0,2.95,0.0,7.792790697674418,8.1694374404753,0.06878872312781667,7.13061116772386,1.0388262727514395,1.036295834542079,0.9040003754209188,8.034611543144779,Q3b,200-499,200-499,2010s,D5,False,5.75635,5402.0,312
26118,Pirates on the High Seas,2006.0,163,162.0,1.2667,0.0,6.7079754601227,6.980625121491343,0.09347741491920161,5.942342806955486,1.0382823145358575,1.0316079309512673,0.8550665812942224,6.797409388249708,Q3b,100-199,100-199,2000s,D3,False,5.57283,11212.0,313
175307,Love Letter: Adventure Time,2015.0,1829,1969.0,1.098,0.0,7.217208310552215,7.36441033003725,0.027905746396670098,6.326346332477861,1.038063997559389,1.014315058566913,0.9833687346219157,7.309715067099777,Q3b,1k-2.5k,1k-2k,2010s,D9,False,6.24298,2076.0,314
13503,Dicke Dämonen,2004.0,164,182.0,1.875,0.0,6.620609756097562,7.216689482346211,0.09319198703176114,6.179050693965825,1.0376387883803853,1.0337547118669717,0.8549824937981334,7.034033187763959,Q3b,100-199,100-199,2000s,D3,False,5.58393,10423.0,315
39245,Neu,1988.0,106,113.0,1.0,0.0,5.966981132075472,6.57917223178763,0.11591711487809765,5.542305186207621,1.036867045580009,1.047110244280005,0.8096695004189377,6.3519746866265585,Q3b,100-199,100-199,1980s,D1,False,5.5203,19530.0,316
17419,CATAN 3D Collector's Edition,2005.0,1029,1088.0,2.6446,0.0,7.8418739261418855,8.10460574629893,0.03720427179690499,7.069113384556815,1.035492361742115,1.0528875114382572,0.9625719890201813,8.031685373576996,Q3b,1k-2.5k,1k-2k,2000s,D8,False,6.20279,,317
18579,The Nightmare Before Christmas TCG,2005.0,109,116.0,2.0,0.0,6.653211009174313,6.878789630003707,0.11431079545189816,5.843638388881224,1.0351512411224828,1.0408529816714527,0.8111020820367624,6.654740470917987,Q3b,100-199,100-199,2000s,D1,False,5.54941,13488.0,318
319031,Project L: Kickstarter Edition,2020.0,522,592.0,1.625,0.0,7.874932950191569,8.183652861272897,0.05223543844271846,7.14865524530517,1.0349976159677272,1.0267638572036368,0.9326161566199991,8.081271401925168,Q3b,500-999,500-999,2020s,D7,False,5.96967,,319
295574,Dice Masters,2014.0,233,295.0,2.7857,0.0,7.901377682403434,8.088119173400067,0.07818483704504625,7.054990441599061,1.0331287318010052,1.0438414311920798,0.8798864511927145,7.934876892791776,Q3b,200-499,200-499,2010s,D4,False,5.74444,5577.0,320
7338,Epaminondas,1975.0,147,162.0,2.8571,0.0,7.071428571428571,7.486026925847709,0.09843325088386476,6.4546751563149165,1.031351769532792,1.0476148605771751,0.8384225978004172,7.293097754115333,Q3b,100-199,100-199,1970s,D2,False,5.59603,9721.0,321
60245,Mummy's Treasure,2009.0,175,183.0,1.1176,0.0,6.5445714285714285,6.879759664906691,0.09021556461517782,5.850209356189913,1.0295503087167788,1.031783619571737,0.8527278020710303,6.7029371582609425,Q3b,100-199,100-199,2000s,D3,False,5.57407,11106.0,322
267304,Mega Empires: The West,2019.0,366,472.0,3.2222,0.0,8.123688524590165,8.65455353802916,0.062382094629127645,7.626096208559254,1.0284573294699069,1.014947543470626,0.9061884239968166,8.53228463255607,Q3b,200-499,200-499,2010s,D6,False,5.90621,3844.0,323
342492,A game about WEE WHIMSICAL CREATURES and trying to identify them after someone makes noises.,2021.0,127,144.0,1.0,0.0,7.265275590551181,7.593953939297365,0.10590065234778524,6.566303054782763,1.0276508845146024,1.024079913925358,0.8200856059129433,7.386388660695706,Q3b,100-199,100-199,2020s,D2,False,5.60066,9451.0,324
371433,Terrorscape,2023.0,1384,3573.0,2.2708,0.0,8.141797810693639,8.441678293544387,0.03207985900121295,7.417513413893836,1.0241648796505505,1.0486942302221873,0.9612883560081731,8.37880176990201,Q3b,1k-2.5k,1k-2k,2020s,D9,False,6.92378,601.0,325
232981,Tanto Cuore: Winter Romance,2018.0,144,163.0,2.0,0.0,7.577083333333334,7.84887258884988,0.09945331181626625,6.8287614879440035,1.0201111009058765,1.0101876739631033,0.8251826097459947,7.653944097689998,Q3b,100-199,100-199,2010s,D2,False,5.61988,8573.0,326
47046,Gambit 7,2008.0,640,659.0,1.0571,0.0,6.732386453125,7.121299446594245,0.0471748479279508,6.101796280537018,1.019503166057227,1.0260002296846338,0.9270404641184433,7.028836744655461,Q3b,500-999,500-999,2000s,D7,False,5.76343,5293.0,327
159633,Start Player Express,2014.0,107,108.0,1.1429,0.0,6.420093457943926,6.8218400951199545,0.115374174587065,5.802504634386514,1.0193354607334406,1.0155434950123023,0.7932020785427932,6.595706712929307,Q3b,100-199,100-199,2010s,D1,False,5.542,14543.0,328
279056,Pompiers!,2019.0,111,165.0,1.75,0.0,7.023423423423423,7.798858631811304,0.11327628733737072,6.780803510438654,1.01805512137265,1.0183828873626792,0.7960335981914035,7.576837108630057,Q3b,100-199,100-199,2010s,D1,False,5.60448,9274.0,329
631,Daytona 500,1990.0,1007,1039.0,1.7788,0.0,7.112437696127111,7.501685223900743,0.03760847821780572,6.4840610794988685,1.017624144401875,1.0113541099655645,0.9439115270949758,7.427972606593844,Q3b,1k-2.5k,1k-2k,1990s,D8,True,5.97564,3355.0,330
756,Black Vienna,1987.0,474,488.0,2.62,0.0,6.999322890295358,7.533283679784169,0.05481650282202901,6.518089757683091,1.0151939221010782,0.9852974932565033,0.9077535765699013,7.425843334252993,Q3b,200-499,200-499,1980s,D6,False,5.7564,5401.0,331
373600,Cthulhu: Death May Die – Fear of the Unknown,2024.0,502,1787.0,2.7083,0.0,8.749356573705176,8.926113203607716,0.05326582246825337,7.9127354332262065,1.01337777038151,1.0336370797658851,0.9089767583437333,8.82171219156994,Q3b,500-999,500-999,2020s,D6,False,6.78149,786.0,332
324344,Twinkle Starship,2020.0,264,331.0,1.7778,0.0,7.154166666666667,7.955937487615062,0.0734511386057802,6.9435011326484855,1.0124363549665762,1.0173299918127494,0.8684721232992471,7.811973255947732,Q3b,200-499,200-499,2020s,D5,False,5.70534,6256.0,333
16000,1825 Unit 2,2000.0,212,222.0,3.5333,0.0,7.405896226415094,8.104562281084577,0.0819657779858829,7.092569828564471,1.011992452520106,1.0101138772508769,0.8513395276677755,7.943909356232247,Q3b,200-499,200-499,2000s,D4,False,5.66656,7126.0,334
184866,Wings for the Baron (Second Edition),2015.0,298,315.0,2.4211,0.0,7.410234899328859,7.95039283189382,0.06913410800940187,6.93858015385149,1.0118126780423307,1.0096077072706109,0.876309826343903,7.814889980195392,Q3b,200-499,200-499,2010s,D5,False,5.71469,6074.0,335
33767,Yavalath,2007.0,256,305.0,2.1667,0.0,7.0353515625,7.589164746620361,0.07458998386219969,6.57901142791869,1.0101533187016711,1.0265479672856097,0.8639569503317598,7.44296837825045,Q3b,200-499,200-499,2000s,D5,False,5.66211,7230.0,336
368846,Dice Cards,2023.0,118,165.0,1.4,0.0,7.446016949152542,7.642541188206667,0.10986503342877853,6.632388941909895,1.010152246296772,1.0045186680175489,0.7948167807763661,7.427205722686261,Q3b,100-199,100-199,2020s,D1,False,5.62631,8332.0,337
273655,Shadows of Brimstone: Gates of Valhalla,2023.0,120,191.0,3.0,0.0,8.449166666666667,8.623782232073932,0.10894564460072821,7.613631388027493,1.0101508440464393,1.0378252639557157,0.796617380629012,8.410248768656505,Q3b,100-199,100-199,2020s,D1,False,5.67034,7042.0,338
3597,Strat-O-Matic Hockey,1978.0,312,371.0,2.2917,0.0,7.182418557692308,7.3018601941828365,0.06756522056350776,6.292520344587974,1.0093398495948627,1.0164686129886658,0.8769120172903875,7.1694323618783615,Q3b,200-499,200-499,1970s,D5,False,5.70726,6211.0,339
63778,Word on the Street Junior,2010.0,201,210.0,1.125,0.0,6.8145721393034835,7.0139821599208325,0.08417874896666583,6.007637465355197,1.0063446945656356,1.0128827861015761,0.8413543465909705,6.848991811946168,Q3b,200-499,200-499,2010s,D4,False,5.6056,9217.0,340
29638,Hop Hop Hooray!,2007.0,188,197.0,1.0769,0.0,6.525585106382978,6.974801814516442,0.0870405388951028,5.969567448620847,1.0052343658955953,0.986283401398869,0.8346349096611938,6.804202358282041,Q3b,100-199,100-199,2000s,D3,False,5.57749,10830.0,341
3152,Star Wars: Starfighter Battle Book,1989.0,130,139.0,1.6471,0.0,6.504615384615385,6.775321154381011,0.10467158961011862,5.770453201997029,1.0048679523839823,1.0439567405377286,0.7997116367481498,6.570164838745178,Q3b,100-199,100-199,1980s,D2,False,5.55664,12633.0,342
121288,Dixit: Journey,2012.0,4550,4737.0,1.2556,0.0,7.375493626373626,7.579115857586545,0.017692727861637784,6.574306128320293,1.0048097292662517,1.027350558747533,0.9701319826574416,7.544438110977735,Q3b,2.5k-5k,2k-5k,2010s,D10,False,6.70959,905.0,343
274075,The Quest Kids,2021.0,305,439.0,1.0556,0.0,7.431245901639343,7.5061439005341395,0.06833616082559017,6.502381793719669,1.0037621068144702,0.9884755521586648,0.8698232315963135,7.372205025315983,Q3b,200-499,200-499,2020s,D5,False,5.73559,5708.0,344
336755,King of Tokyo: Monster Box,2021.0,1226,1760.0,1.4286,0.0,7.699083743882542,7.808109211106896,0.0340843691876049,6.804921830389516,1.0031873807173808,1.008323934388872,0.9363820171096752,7.741303847499191,Q3b,1k-2.5k,1k-2k,2020s,D8,False,6.37728,,345
408381,War Story: Occupied France,2024.0,183,554.0,2.0588,0.0,8.066120218579234,8.461611204652554,0.08822160427375413,7.458573737241738,1.0030374674108158,0.9975382410017719,0.8301231230342577,8.288696860275996,Q3b,100-199,100-199,2020s,D3,False,5.94757,3539.0,346
321047,Dungeon Fighter in the Castle of Frightening Frosts,2022.0,110,153.0,1.5,0.0,7.550363636363636,7.815985928050635,0.11379001463206377,6.814920733581561,1.0010651944690743,0.9565118438553171,0.7780367657902293,7.59295749937179,Q3b,100-199,100-199,2020s,D1,False,5.6229,8450.0,347
355997,Thunder Road: Vendetta – Maximum Chrome,2023.0,1069,2687.0,2.2787,0.0,8.682577792329278,8.909782794046846,0.036501578285086815,7.909695965967526,1.0000868280793203,0.9986828843947686,0.9285437346405501,8.838239700608076,Q3b,1k-2.5k,1k-2k,2020s,D8,False,7.13234,,348
308368,Digimon Card Game,2020.0,175,218.0,2.3333,0.0,7.533314285714285,7.64455187342677,0.09021556461517782,6.644642106463188,0.9999097669635821,1.0463912602371304,0.8230872603178336,7.467729366781021,Q3b,100-199,100-199,2020s,D3,False,5.64954,7581.0,349
181807,Dragon Rampant: Fantasy Wargaming Rules,2015.0,138,180.0,1.8333,0.0,7.684420289855074,7.803775105765958,0.10159233742701944,6.8048175129752195,0.9989575927907381,1.0045360346727588,0.79983661143378,7.604654124409,Q3b,100-199,100-199,2010s,D2,False,5.63268,8100.0,350
76322,Double Bananagrams,2009.0,191,227.0,1.125,0.0,6.88071554973822,6.887775201149204,0.08635426901097477,5.890511315713107,0.9972638854360971,1.0113838430404813,0.8280095181745866,6.718520833887694,Q3b,100-199,100-199,2000s,D3,False,5.62585,8350.0,351
270871,Agemonia,2024.0,650,1462.0,3.3152,0.0,8.82453846153846,9.13215688043694,0.04681055793623718,8.135122467013629,0.9970344134233109,0.9769524779154803,0.905285719868286,9.040408186881915,Q3b,500-999,500-999,2020s,D7,False,6.55229,1206.0,352
264638,5x5 City,2018.0,137,143.0,1.5556,0.0,6.940778613138686,7.535339413212562,0.10196243824262387,6.539547538899081,0.9957918743134817,0.9814128408426717,0.7959454953579389,7.33549303425702,Q3b,100-199,100-199,2010s,D2,False,5.58329,10473.0,353
218933,Warhammer Quest: Shadows Over Hammerhal,2017.0,229,267.0,2.0,0.0,7.674628820960699,7.7210007882460285,0.07886471799005844,6.725330804567502,0.9956699836785265,1.0185740028938781,0.841095136418012,7.566425940985514,Q3b,200-499,200-499,2010s,D4,False,5.66249,7218.0,354
346248,18Korea,2021.0,104,149.0,3.5455,0.0,8.07403846153846,8.792906306388788,0.11702639484059296,7.798614053442801,0.9942922529459874,1.0008872656480143,0.7649205190584252,8.563534572501226,Q3b,100-199,100-199,2020s,D1,False,5.64325,7762.0,355
332606,Hidden Games Tatort: Ein Drahtseilakt,2021.0,149,205.0,2.0,0.0,7.7538255033557055,8.102740207134847,0.09777039316946254,7.108635593356166,0.9941046137786813,1.0119622446855745,0.8024746431665347,7.9111102365227,Q3b,100-199,100-199,2020s,D2,False,5.67165,7007.0,356
366,Viva Pamplona!,1992.0,443,467.0,1.3774,0.0,6.349593679458239,6.893870189966407,0.05670203330396558,5.900067187182614,0.9938030027837925,0.9912197719416902,0.88266701750802,6.782734204690634,Q3b,200-499,200-499,1990s,D6,False,5.64572,7689.0,357
788,Tales of the Arabian Nights,1985.0,815,840.0,2.4198,0.0,7.0304932515337395,7.412004041647991,0.04180437082405756,6.418386718301479,0.9936173233465126,1.0119781486781072,0.9116807565313598,7.3300674748328385,Q3b,500-999,500-999,1980s,D8,False,5.89233,3966.0,358
220499,Mask of Moai,2017.0,109,116.0,1.0,0.0,6.882976513761468,7.277851882771545,0.11431079545189816,6.28452054103475,0.9933313417367948,1.004796270452207,0.7692821826510744,7.053802723685824,Q3b,100-199,100-199,2010s,D1,False,5.56204,12112.0,359
248375,SAGA Rulebook (2nd Edition),2018.0,136,178.0,2.6364,0.0,8.092647058823529,8.395735795938235,0.1023366135853585,7.403108171797397,0.9926276241408374,1.0338428896611234,0.7920478615135347,8.195156033310932,Q3b,100-199,100-199,2010s,D2,False,5.66065,7269.0,360
373105,Legendary Encounters: The Matrix,2023.0,245,508.0,2.85,0.0,8.207401346938774,8.41383020541206,0.07624606827725293,7.422246111817774,0.9915840935942857,1.018283747321787,0.84214179977087,8.264387911588644,Q3b,200-499,200-499,2020s,D4,False,5.96081,3452.0,361
374400,Unlock!: Extraordinary Adventures,2022.0,463,762.0,2.1111,0.0,7.552474838012959,8.005167219596279,0.05546384842653068,7.015136551909773,0.990030667686506,1.009359936672972,0.881321524770506,7.896458076680279,Q3b,200-499,200-499,2020s,D6,False,6.0031,3177.0,362
1160,Boom Town,1990.0,167,170.0,1.8421,0.0,6.542514970059879,6.96850032463103,0.09235113988306634,5.9787149847177705,0.9897853399132597,1.0034920745193006,0.8087771057424497,6.78749209046022,Q3b,100-199,100-199,1990s,D3,False,5.57017,11422.0,363
231962,Krazy Wordz,2016.0,753,931.0,1.16,0.0,7.204386892430278,7.545649480030701,0.04349136192563212,6.556971136417838,0.9886783436128628,0.9825840602553733,0.9034352742386238,7.460406410656462,Q3b,500-999,500-999,2010s,D7,False,5.96137,3448.0,364
189190,9 Lives,2015.0,852,1158.0,1.5217,0.0,7.095199530516432,7.69336308968328,0.040886571846877606,6.705961291903144,0.9874017977801364,0.995974921048373,0.9072641169602562,7.6132254088634,Q3b,500-999,500-999,2010s,D8,False,6.01767,3098.0,365
12355,Brigade Fire and Fury: Wargaming the Civil War with Miniatures,1990.0,174,196.0,3.0833,0.0,7.611264367816092,7.863286095732696,0.09047443333842489,6.875991345832331,0.9872947499003653,1.0169883807937596,0.8099648605570524,7.685956206389383,Q3b,100-199,100-199,1990s,D3,False,5.65671,7370.0,366
149910,Six Making,2013.0,246,290.0,1.7895,0.0,7.308048780487805,7.607342004502621,0.07609093878129396,6.620874606263385,0.9864673982392365,0.9851636555494547,0.8373291582279003,7.4582037644912855,Q3b,200-499,200-499,2010s,D4,False,5.68095,6792.0,367
259435,Middle-earth Strategy Battle Game: The Lord of the Rings – Battle of Pelennor Fields,2018.0,116,140.0,3.6,0.0,8.394827586206896,8.568697868859607,0.1108080982232961,7.582737057104389,0.9859608117552181,0.9948576326034537,0.7687769392375577,8.351513996341946,Q3b,100-199,100-199,2010s,D1,False,5.64271,,368
4637,Max,1986.0,482,522.0,1.1132,0.0,6.4281120331950214,6.585138221492493,0.05435969066775631,5.60061138331157,0.9845268381809236,0.9980018896440184,0.8779818444721212,6.478593227783691,Q3b,200-499,200-499,1980s,D6,False,5.65674,7368.0,369
36424,"Gulf, Mobile & Ohio",2008.0,525,588.0,2.8261,0.0,7.1188,8.011867937577522,0.05208598051566699,7.027520089565888,0.9843478480116339,0.9981653861026221,0.8822593262009266,7.909779415766814,Q3b,500-999,500-999,2000s,D7,False,5.82912,4518.0,370
336811,Catharsis,2022.0,105,200.0,2.625,0.0,8.126666666666667,8.306869751294075,0.11646779310776094,7.32298064597539,0.9838891053186849,0.9780195989882099,0.7556122308274735,8.078592876802864,Q3b,100-199,100-199,2020s,D1,False,5.60883,9082.0,371
2157,Riddle of the Ring,1982.0,157,172.0,2.0588,0.0,6.7370063694267515,6.867652215346254,0.09524686053291706,5.88440640910825,0.9832458062380045,1.0019337839124116,0.7965619595934871,6.680968368701737,Q3b,100-199,100-199,1980s,D3,False,5.57611,10948.0,372
153703,Darkest Night: Necromancer Bundle,2013.0,117,122.0,2.8,0.0,7.531623931623932,7.649267383745693,0.11033354315946356,6.666110766126872,0.9831566176188211,0.978051899194126,0.7669028730262726,7.4330136391531445,Q3b,100-199,100-199,2010s,D1,False,5.59205,,373
245206,The X-Files: Circle of Truth,2018.0,139,153.0,1.1667,0.0,6.6719424460431656,6.853878947722897,0.10122623772308073,5.871030343945609,0.9828486037772883,0.9511892205931112,0.7844451778400501,6.655475521785659,Q3b,100-199,100-199,2010s,D2,False,5.56983,11451.0,374
415776,Kingdom Legacy: Feudal Kingdom,2024.0,565,3285.0,2.2547,0.0,8.402823008849555,8.711745326785875,0.0502083872924287,7.7291428382766885,0.9826024885091869,1.0561501946190344,0.8841940494160266,8.613336887692714,Q3b,500-999,500-999,2020s,D7,False,6.9208,605.0,375
75360,Texas & Pacific,2010.0,223,257.0,2.7895,0.0,6.913946188340807,7.842798267900666,0.0799186362394187,6.860197543746393,0.9826007241542731,0.9798888743227563,0.8259601971250125,7.686157740871406,Q3b,200-499,200-499,2010s,D4,False,5.63977,7875.0,376
344415,Trek 12: Amazonia,2021.0,383,511.0,1.4615,0.0,7.36786770234987,7.594951215151561,0.06098192210178053,6.612573002741714,0.9823782124098468,0.9526750935062829,0.862853645090357,7.47542664783207,Q3b,200-499,200-499,2020s,D6,False,5.81533,4672.0,377
38318,Start Player,2008.0,935,960.0,1.0,0.0,6.333810695187166,6.692326699584066,0.03902965302548863,5.711146317809723,0.981180381774343,0.9924506315697039,0.9046822618443853,6.615828579654108,Q3b,500-999,500-999,2000s,D8,False,5.74455,5574.0,378
10550,Big Boggle,1979.0,1617,1738.0,1.5,0.0,6.867778039579467,7.1229979134607655,0.0296787418251544,6.141892812423476,0.9811051010372891,1.020000364072616,0.9229347670599864,7.064827579483463,Q3b,1k-2.5k,1k-2k,1970s,D9,False,6.04974,2946.0,379
270633,Aeon's End: The New Age,2019.0,2859,3492.0,2.9136,0.0,8.483091640433715,8.76622729807018,0.022319960319074142,7.78521943813181,0.9810078599383711,0.9991285650249555,0.9372607377129858,8.722480175844796,Q3b,2.5k-5k,2k-5k,2010s,D9,False,7.20384,302.0,380
208428,"No Thank You, Evil!",2016.0,326,379.0,1.7,0.0,7.320511257668713,7.480172448992694,0.06609851397715599,6.499204405737441,0.9809680432552534,0.9634081863769817,0.8514149558600277,7.350619361597468,Q3b,200-499,200-499,2010s,D5,False,5.73126,5797.0,381
66126,Mystery Rummy: Escape from Alcatraz,2009.0,418,430.0,1.381,0.0,6.899263157894737,7.210768195924282,0.05837304584797518,6.230180505750116,0.9805876901741657,0.9685087075960483,0.8661765203121343,7.09635702606225,Q3b,200-499,200-499,2000s,D6,False,5.7183,6002.0,382
200247,Austerlitz 1805: Rising Eagles,2016.0,255,309.0,3.0909,0.0,8.398274509803919,8.599361732565319,0.07473609562585398,7.619195440287363,0.9801662922779553,0.9920150785310646,0.8336835448512815,8.452878985138645,Q3b,200-499,200-499,2010s,D4,False,5.77748,5099.0,383
371140,Ticket to Ride: Northern Lights,2022.0,223,593.0,1.6154,0.0,7.75336322869955,8.097440438231734,0.0799186362394187,7.117390485333377,0.9800499528983568,0.9761302661826257,0.8234094258690962,7.940799911202474,Q3b,200-499,200-499,2020s,D4,False,5.93248,3644.0,384
1498,Paydirt,1970.0,466,513.0,2.2453,0.0,6.890671201716738,7.158375637645885,0.055285028460517395,6.179267188295565,0.9791084493503197,1.0106434476744246,0.8707497935677057,7.050016981863271,Q3b,200-499,200-499,1970s,D6,False,5.73069,5808.0,385
215616,Ascension: Gift of the Elements,2017.0,483,519.0,2.125,0.0,7.518733623188407,7.8385452571969765,0.05430338853906257,6.861471212842353,0.9770740443546231,0.9776356400310959,0.8706394028180604,7.732110615660414,Q3b,200-499,200-499,2010s,D6,False,5.84861,4341.0,386
186945,O.P. Arena,2019.0,155,172.0,1.5,0.0,6.972903225806451,7.370736864339589,0.0958593868490308,6.393745907090265,0.976990957249324,0.981519361173957,0.7891065590252238,7.182852466115489,Q3b,100-199,100-199,2010s,D3,False,5.59084,9990.0,387
415945,Unmatched: Slings and Arrows,2024.0,440,1235.0,2.4167,0.0,8.607022727272728,8.6899613146951,0.056895007316031886,7.715518590937879,0.9744427237572211,0.9495870583243846,0.8629285094177985,8.578447100355678,Q3b,200-499,200-499,2020s,D6,False,6.42256,1531.0,388
266722,Rumble Nation,2017.0,1228,3426.0,1.8256,0.0,7.424094372964171,7.966968553280943,0.03405660187612208,6.993119300717293,0.9738492525636504,0.9668357204654976,0.9070983128864512,7.900217613603744,Q3b,1k-2.5k,1k-2k,2010s,D8,False,6.63857,1037.0,389
31790,"Crusade and Revolution: The Spanish Civil War, 1936-1939",2013.0,543,632.0,3.3286,0.0,8.49830570902394,8.81321505612216,0.05121540142463876,7.839785483114207,0.9734295730079534,0.9677718993092927,0.8730473862156615,8.71283286932987,Q3b,500-999,500-999,2010s,D7,False,6.09197,2711.0,390
5772,What's It to Ya?,2003.0,268,284.0,1.1951,0.0,6.578358208955223,6.94151879236593,0.07290093506392567,5.9681514331099255,0.9733673592560041,0.9502961481855472,0.8304815265307098,6.798632959640635,Q3b,200-499,200-499,2000s,D5,False,5.6067,9174.0,391
257601,The Duke: Lord's Legacy,2018.0,391,441.0,2.0833,0.0,7.70755925831202,7.994661690379034,0.06035484197317231,7.0213974342871595,0.9732642560918743,0.9942231523175513,0.8549687658244566,7.876366200111616,Q3b,200-499,200-499,2010s,D6,False,5.83821,4439.0,392
139042,Días de Radio,2014.0,127,148.0,1.375,0.0,6.850377952755906,6.961501998924278,0.10590065234778524,5.988299894352938,0.9732021045713397,0.9769845564395387,0.7656368259696806,6.753936720322619,Q3b,100-199,100-199,2010s,D2,False,5.57856,10759.0,393
101865,Saga,2011.0,328,376.0,2.3667,0.0,7.773079268292683,8.046061591445465,0.0658966859824071,7.073588296585335,0.97247329486013,0.9365643405352841,0.8433157903346121,7.916904086919947,Q3b,200-499,200-499,2010s,D5,False,5.78415,5020.0,394
215455,ReCURRRing,2016.0,132,160.0,1.3333,0.0,6.643939393939394,7.327609784916685,0.1038755963880404,6.355545415922641,0.9720643689940438,0.9533680368899446,0.7684682000734846,7.124013615996126,Q3b,100-199,100-199,2010s,D2,False,5.5699,11448.0,395
2553,Bali,1954.0,186,197.0,1.75,0.0,6.410215053763441,6.6002094547192,0.08750724754304706,5.628242492178822,0.9719669625403773,0.9718023436666394,0.8004527573560051,6.428695249534828,Q3b,100-199,100-199,1950s,D3,False,5.56848,11568.0,396
26148,Affentennis,2006.0,207,211.0,1.5714,0.0,7.069275362318841,7.408527876111742,0.08294979615761722,6.437743304180103,0.970784571931639,0.9637442524343891,0.8082029714627093,7.245946275642812,Q3b,200-499,200-499,2000s,D4,False,5.63056,8167.0,397
36788,Anno Domini: Wort Schrift Buch,2007.0,103,114.0,1.5,0.0,6.770873786407766,7.096241963767166,0.11759311193156399,6.12570752104558,0.9705344427215854,0.959360364342122,0.74005194333572,6.8657594643813,Q3b,100-199,100-199,2000s,D1,False,5.55667,12628.0,398
303669,Magic Rabbit,2020.0,361,443.0,1.1333,0.0,7.066872880886428,7.390621287028846,0.06281261798922079,6.42155650144613,0.9690647855827166,0.9875978206075047,0.8459520543238438,7.2675085557699735,Q3b,200-499,200-499,2020s,D6,False,5.72797,5853.0,399
198671,The Lion Guard: Protect the Pride Lands,2016.0,137,146.0,1.4286,0.0,6.862043795620438,6.927420375612336,0.10196243824262387,5.958363260244038,0.9690571153682974,0.9890762388265273,0.7692107364127546,6.727573996656793,Q3b,100-199,100-199,2010s,D2,False,5.57669,10894.0,400
369410,ChronoCops: Einstein's Relativity Crisis,2022.0,116,169.0,1.0833,0.0,7.149137931034482,7.494544328041213,0.1108080982232961,6.528015375628195,0.9665289524130181,0.9918166032449864,0.7493450798953577,7.277360455523553,Q3b,100-199,100-199,2020s,D1,False,5.60299,9351.0,401
104640,Robin Hood,2011.0,193,213.0,1.5,0.0,6.975248704663212,7.055946160971673,0.08590567237136365,6.089800964581499,0.9661451963901735,0.9854654936295448,0.7977700785423008,6.8875710431238,Q3b,100-199,100-199,2010s,D3,False,5.61436,8795.0,402
424809,Joyride: Turbo,2024.0,153,377.0,2.625,0.0,8.271509803921568,8.665376560976457,0.09648388457316583,7.699697239921141,0.9656793210553154,0.9705544471994525,0.7765709072919104,8.476268147213052,Q3b,100-199,100-199,2020s,D2,False,5.83578,,403
369258,Isle of Skye: Big Box,2022.0,353,591.0,2.125,0.0,7.908739376770538,8.223449131645932,0.06352038813683634,7.2579609919202355,0.9654881397256965,0.9756281177185251,0.8409881789774972,8.098949170897733,Q3b,200-499,200-499,2020s,D6,False,5.97378,,404
166859,Web of Spies,2014.0,184,220.0,1.9375,0.0,7.1663043478260855,7.500385318603385,0.08798154504163945,6.534944948242581,0.9654403703608043,0.9686537429082653,0.792996542079191,7.327941490321772,Q3b,100-199,100-199,2010s,D3,False,5.62519,8379.0,405
15386,Eye to Eye,2004.0,163,167.0,1.0476,0.0,6.437546012269938,6.791902804867707,0.09347741491920161,5.826615552636325,0.9652872522313825,0.9657473589270857,0.7820715189897474,6.608687071626072,Q3b,100-199,100-199,2000s,D3,False,5.56204,12110.0,406
23604,The World Cup Game,2006.0,741,772.0,1.9806,0.0,7.061778407557356,7.527375316005767,0.04384210439530261,6.562115667856357,0.9652596481494093,0.9608449722165187,0.8793291235346162,7.441444791390974,Q3b,500-999,500-999,2000s,D7,False,5.87569,4107.0,407
4205,On to Richmond!,1998.0,225,237.0,3.3333,0.0,7.962370355555555,8.29678950818097,0.079562649453013,7.3316087906493,0.9651807175316698,0.9868936217519302,0.8092379246037643,8.140846715253064,Q3b,200-499,200-499,1990s,D4,False,5.7146,6077.0,408
171110,Cosmic Run,2015.0,451,475.0,1.5238,0.0,7.061543237250553,7.310010101348194,0.056196882627639624,6.344908607344049,0.9651014940041449,0.9438748266561614,0.8549556040539712,7.199864211398021,Q3b,200-499,200-499,2010s,D6,False,5.75207,5471.0,409
262341,TTMC: Tu te mets combien?,2016.0,930,1175.0,1.1429,0.0,7.055395688172045,7.275767688610445,0.039134430806030934,6.31103784390038,0.9647298447100656,0.9817739972662665,0.888026360330245,7.199064204230624,Q3b,500-999,500-999,2010s,D8,False,5.98806,3277.0,410
219774,Vikings Gone Wild Ultimate Set,2017.0,128,138.0,2.6,0.0,7.6207734375000005,7.725844594493842,0.10548616679511308,6.761570214940445,0.9642743795533972,0.9672835213290005,0.7575214926349756,7.51909170757542,Q3b,100-199,100-199,2010s,D2,False,5.60308,,411
27976,Heroscape Master Set: Swarm of the Marro,2007.0,2332,2449.0,2.265,0.0,7.615465981989709,7.7404189269080295,0.02471361192988601,6.776383185848486,0.9640357410595435,0.9967750533368438,0.9155970616769669,7.691980247525453,Q3b,1k-2.5k,2k-5k,2000s,D9,False,6.53734,1244.0,412
245389,Word Slam Family,2018.0,267,294.0,1.3333,0.0,7.000905131086142,7.365810097728296,0.07303732608132156,6.401888477252063,0.9639216204762331,0.9746997966217759,0.8207684613568429,7.222656938608906,Q3b,200-499,200-499,2010s,D5,False,5.65767,7343.0,413
155258,Guess the Mess!,2014.0,160,173.0,1.0,0.0,6.805499999999999,7.089623821299294,0.0943496958559016,6.125929818080815,0.9636940032184791,0.9900800340641824,0.7787685993409119,6.904698417421727,Q3b,100-199,100-199,2010s,D3,False,5.58345,10466.0,414
147707,Mush! Mush!: Snow Tails 2,2013.0,405,411.0,1.9286,0.0,6.874246913580247,7.355562773613481,0.05930249754897451,6.392853264760671,0.9627095088528099,0.9716568988229701,0.8464766136568199,7.23932987841749,Q3b,200-499,200-499,2010s,D6,False,5.70695,6216.0,415
367432,On to Richmond II: The Union Strikes South,2023.0,102,136.0,3.7692,0.0,9.16078431372549,9.49558070485074,0.1181681428029229,8.532965841444263,0.9626148634064773,0.987979932729802,0.7310053035127484,9.263971144957011,Q3b,100-199,100-199,2020s,D1,False,5.67956,6828.0,416
3977,Strong Stuff!,2002.0,185,190.0,1.0,0.0,6.413827027027027,6.78263375991678,0.08774343487556857,5.820310161452367,0.9623235984644127,0.958111046981446,0.7903464661082984,6.610656627560665,Q3b,100-199,100-199,2000s,D3,False,5.56826,11592.0,417
252526,Pictomania (Second Edition),2018.0,2397,2774.0,1.4386,0.0,7.57381376303713,7.963980904151993,0.024376226623575557,7.0020518683370625,0.9619290358149302,0.9743974626206198,0.9141516316327221,7.916203499969785,Q3b,1k-2.5k,2k-5k,2010s,D9,False,6.60244,1101.0,418
8066,CrossFire: Rules and Organizations for Company Level WW II Gaming,1996.0,146,168.0,2.5652,0.0,7.626369863013697,7.778584870265895,0.09876977580017929,6.816862041611926,0.9617228286539694,0.9584080041476915,0.768134068085618,7.584996109697544,Q3b,100-199,100-199,1990s,D2,False,5.61629,8710.0,419
552,Bus,1999.0,4136,5558.0,3.0429,0.0,7.650199840425538,8.283094723330892,0.018557105244414288,7.321776632927152,0.9613180904037399,0.9853263798501555,0.9249461641246879,8.24672279705184,Q3b,2.5k-5k,2k-5k,1990s,D10,False,7.04848,452.0,420
257145,Teenage Mutant Ninja Turtles Adventures: City Fall,2020.0,220,270.0,3.1429,0.0,8.346681818181818,8.318215717138065,0.08046169097764876,7.357199783070067,0.9610159340679978,0.984820303583108,0.8033110197518063,8.160510802821873,Q3b,200-499,200-499,2020s,D4,False,5.73978,5634.0,421
144506,Mysteries?,2013.0,181,202.0,1.5714,0.0,7.045856353591161,7.297977890625412,0.0887076773975098,6.338021924030157,0.9599559665952553,0.9821148438832141,0.7860889188961361,7.124110842926293,Q3b,100-199,100-199,2010s,D3,False,5.61786,8659.0,422
180543,"Exceed: Red Horizon – Reese, Heidi, Nehtali, and Vincent",2016.0,218,234.0,2.2667,0.0,7.62151376146789,7.949869745219902,0.08082993862686555,6.990935144118449,0.9589346011014532,0.9560264550718909,0.8005079213927968,7.791443065511245,Q3b,200-499,200-499,2010s,D4,False,5.67188,7002.0,423
8829,Nobody Is Perfect,1992.0,1155,1291.0,1.5303,0.0,6.818199134199133,7.137557509335692,0.035116360899925786,6.1794661262468455,0.9580913830888464,0.9655653582840253,0.889263315724992,7.068729441971837,Q3b,1k-2.5k,1k-2k,1990s,D8,False,5.94532,3555.0,424
304847,Hidden Games Crime Scene: The New Haven Case,2019.0,664,851.0,2.4333,0.0,8.072431385542169,8.372371019768345,0.04631444414965853,7.415906660109631,0.9564643596587139,0.9532470619724318,0.8656880491253832,8.281594709235014,Q3b,500-999,500-999,2010s,D7,False,6.13628,2513.0,425
375769,Lords of Vegas,2024.0,191,565.0,2.5217,0.0,8.150785340314137,8.493834743090343,0.08635426901097477,7.538419657666713,0.9554150854236294,0.9532573445392156,0.7861607181621189,8.324580375828832,Q3b,100-199,100-199,2020s,D3,False,5.99061,,426
147884,Ore: The Mining Game,2013.0,116,121.0,2.2857,0.0,7.142672413793103,7.572801819867397,0.1108080982232961,6.618098723614432,0.954703096252965,0.963220007145658,0.7375192237353047,7.355617947349737,Q3b,100-199,100-199,2010s,D1,False,5.58101,10603.0,427
4453,Statis Pro Basketball,1972.0,297,333.0,2.1538,0.0,6.9326599326599325,7.128004478135117,0.06925039759202693,6.173374684348634,0.9546297937864834,0.9475727294445582,0.8188990145061106,6.992273698854745,Q3b,200-499,200-499,1970s,D5,False,5.67013,7048.0,428
5740,Strat-O-Matic Pro Football,1968.0,388,459.0,2.814,0.0,7.138697860824742,7.3952009449459215,0.06058772325749039,6.440932917084071,0.9542680278618505,0.987978684551976,0.8355160902771693,7.27644900736124,Q3b,200-499,200-499,1960s,D6,False,5.74724,5536.0,429
30958,Check Your 6!,2007.0,142,157.0,2.6957,0.0,7.8112676056338035,7.978316460401845,0.10015123835649417,7.0240949366130545,0.9542215237887905,0.9221225837346951,0.7579250966100619,7.782020033223117,Q3b,100-199,100-199,2000s,D2,False,5.63508,8025.0,430
187988,Pyramid Arcade,2016.0,813,924.0,2.3077,0.0,7.737108241082409,7.945993544520125,0.04185575912965893,6.991956131087482,0.9540374134326424,0.9345308071564578,0.8720001255385108,7.863956256625993,Q3b,500-999,500-999,2010s,D8,False,6.09439,,431
3383,Mahé,1974.0,929,1091.0,1.2182,0.0,6.3386221743810545,6.786996575484191,0.03915548780556701,5.833418253414836,0.9535783220693554,0.9414766902254739,0.8768335659704442,6.71025181938528,Q3b,500-999,500-999,1970s,D8,False,5.76415,5282.0,432
3406,Lines of Action,1969.0,557,612.0,2.6923,0.0,7.070912854578096,7.539860150196591,0.050567664771669366,6.58788815297217,0.9519719972244216,0.9664192545145083,0.8528593742719497,7.4407475272441195,Q3b,500-999,500-999,1960s,D7,False,5.81903,4624.0,433
151377,Thurn und Taxis Big Box,2008.0,100,109.0,2.2,0.0,7.0920000000000005,7.421156302716131,0.1193439741795195,6.47031623344483,0.950840069271301,0.9587112026025686,0.7169258798794429,7.187242113324273,Q3b,100-199,100-199,2000s,D1,False,5.56871,,434
136890,Hold the Line:  Frederick's War,2013.0,102,109.0,1.875,0.0,7.591176470588235,7.73118225929885,0.1181681428029229,6.780690402341708,0.9504918569571421,0.9691326449974413,0.7188822970634132,7.499572699405121,Q3b,100-199,100-199,2010s,D1,False,5.58132,10587.0,435
903,Hamster Roll,2000.0,2482,2736.0,1.0719,0.0,6.829476055600319,7.305461275486579,0.02395518930839496,6.356631977356097,0.948829298130482,0.9352486180548087,0.9018771270860279,7.258509104442124,Q3b,1k-2.5k,2k-5k,2000s,D9,False,6.22596,2153.0,436
22766,Die Siedler von Catan: Das Kartenspiel – 10th Anniversary Special Edition Tin Box,2006.0,395,425.0,2.55,0.0,7.493275189873417,7.634883303726444,0.06004847023834176,6.686142075819619,0.948741227906825,0.9696825239651146,0.8310462262396752,7.517188302059294,Q3b,200-499,200-499,2000s,D6,False,5.78499,,437
3517,Tornado Rex,1991.0,139,174.0,1.1333,0.0,6.671438848920864,6.700063868337588,0.10122623772308073,5.751633712417956,0.948430155919632,0.9665826828038826,0.7500267299823937,6.5016604424003495,Q3b,100-199,100-199,1990s,D2,False,5.56805,11608.0,438
131014,Carcassonne: Winter Edition,2012.0,1944,2132.0,1.7778,0.0,7.467723487654323,7.657258570533817,0.02706776301997347,6.708834274723689,0.9484242958101285,0.959340793341088,0.8953714802909806,7.604205755014669,Q3b,1k-2.5k,1k-2k,2010s,D9,False,6.40973,1569.0,439
327913,Unlock!: Timeless Adventures – Arsène Lupin und der große weiße Diamant,2019.0,138,165.0,2.0,1.0,7.420797101449277,7.835265364359108,0.10159233742701944,6.886976353265176,0.9482890110939319,0.9492670392868892,0.7491680297369738,7.63614438300215,Q3b,100-199,100-199,2010s,D2,False,5.62876,8227.0,440
2334,Square Mile,1962.0,114,120.0,2.1538,0.0,6.460964912280701,6.797880949464804,0.11177587291431,5.849734309255462,0.9481466402093419,0.9087201736109618,0.7290659292972943,6.578800238552756,Q3b,100-199,100-199,1960s,D1,False,5.54552,14013.0,441
128425,Asteriated Grail,2010.0,156,190.0,3.1724,0.0,7.343589743589743,7.8831851516459555,0.09555165126564223,6.9365265305179555,0.9466586211279999,0.9520930644436483,0.7593773846473412,7.695903915165297,Q3b,100-199,100-199,2010s,D3,False,5.62061,8536.0,442
69601,1880: China,2010.0,571,656.0,4.1667,0.0,7.909217162872153,8.68033244065463,0.04994389877689862,7.735572407046966,0.9447600336076629,0.9381949526621636,0.8468699920049416,8.582442399051908,Q3b,500-999,500-999,2010s,D7,False,6.01109,3131.0,443
83325,Lost Battles: Forty Battles & Campaigns of the Ancient World,2011.0,193,205.0,3.1333,0.0,7.8639896373057,8.212230891818116,0.08590567237136365,7.267741788760553,0.9444891030575633,0.9428890088804316,0.7761139852096905,8.043855773970243,Q3b,100-199,100-199,2010s,D3,False,5.66973,7056.0,444
326933,Unmatched: Redemption Row,2022.0,1188,1538.0,2.1111,0.0,8.203678737373737,8.31891225369407,0.034625198796013466,7.375001804331124,0.9439104493629458,0.9626974344611003,0.8760450597227594,8.251046864053883,Q3b,1k-2.5k,1k-2k,2020s,D8,False,6.48283,1377.0,445
297658,[kosmopoli:t],2020.0,664,858.0,1.3,0.0,7.667474909638553,7.885719140250272,0.04631444414965853,6.9421708472104555,0.9435482930398162,0.9591607411887546,0.8527719825064856,7.794942829716941,Q3b,500-999,500-999,2020s,D7,False,6.02301,3073.0,446
92644,Schnappt Hubi!,2011.0,496,580.0,1.2973,0.0,6.888629032258063,7.133207879855979,0.05358702631897057,6.190713044792824,0.9424948350631546,0.9502126911500852,0.8374642634779723,7.028177308270797,Q3b,200-499,200-499,2010s,D6,False,5.76453,5277.0,447
73543,Tadaaam!,2010.0,146,152.0,1.2308,0.0,6.448972602739726,6.809116799635409,0.09876977580017929,5.866677486324505,0.9424393133109037,0.9693700742303024,0.7488505527425523,6.615528039067057,Q3b,100-199,100-199,2010s,D2,False,5.55538,12770.0,448
836,New England Railways,2000.0,163,167.0,2.5882,0.0,6.6153374233128845,7.3877773154378135,0.09347741491920161,6.4463549688166495,0.941422346621164,0.9465633020758828,0.7582066133795289,7.204561582196178,Q3b,100-199,100-199,2000s,D3,False,5.57,11439.0,449
318359,Groundhog Day: The Game,2021.0,403,443.0,1.3,0.0,7.195248957816377,7.457968764340775,0.05944946802851897,6.517142617881468,0.9408261464593064,0.9578777420671045,0.8243051891234092,7.341447807004878,Q3b,200-499,200-499,2020s,D6,False,5.7634,5294.0,450
268274,Star Trek: Deep Space Nine Fluxx,2019.0,184,216.0,1.25,0.0,6.968734782608696,7.036105173004766,0.08798154504163945,6.095371453878961,0.940733719125805,0.9031699328042118,0.7682898908441916,6.863661344723153,Q3b,100-199,100-199,2010s,D3,False,5.61022,9013.0,451
261614,Unanimo Party,2018.0,407,502.0,1.0,0.0,7.098465749385751,7.3422389223297655,0.05915661172516077,6.401524462748025,0.9407144595817405,0.9380581000179857,0.8247675006004254,7.226291963348451,Q3b,200-499,200-499,2010s,D6,False,5.76618,5253.0,452
290829,Fresco: Mega Box,2020.0,111,148.0,2.6,0.0,8.023216216216216,8.225438641903068,0.11327628733737072,7.285140599627853,0.9402980422752147,0.9374035635879068,0.7182765190939682,8.00341711872182,Q3b,100-199,100-199,2020s,D1,False,5.63828,,453
217353,Assembly,2016.0,311,335.0,1.2308,0.0,7.083215434083602,7.2718011137274505,0.06767375914040472,6.3318273161610765,0.939973797566374,0.9216909433894038,0.8073332296511808,7.139160545812257,Q3b,200-499,200-499,2010s,D5,False,5.69446,6480.0,454
10973,Dice Games Properly Explained,1999.0,141,148.0,1.8,0.0,6.700141843971632,7.082270833670844,0.10050575712299538,6.142461813065417,0.939809020605427,0.9747308523175757,0.7428177366443561,6.8852795497097725,Q3b,100-199,100-199,1990s,D2,False,5.57002,,455
263938,Paupers' Ladder,2019.0,251,591.0,2.1818,0.0,7.673306772908366,7.9002018437381105,0.07532924854556144,6.960599055664099,0.9396027880740112,0.9741745334687186,0.7919574609247108,7.75255651658881,Q3b,200-499,200-499,2010s,D4,False,5.90401,3863.0,456
330097,The Red Dragon Inn 8: Pub Crawl,2022.0,123,176.0,2.0,0.0,7.950828455284553,7.919392636566072,0.10760883759820682,6.980365884858772,0.9390267517073001,0.9480503327154457,0.7281134300148148,7.708479314873586,Q3b,100-199,100-199,2020s,D1,False,5.63588,8002.0,457
278292,Anachrony: Infinity Box,2020.0,1489,1708.0,4.0,0.0,8.960231699126929,9.221992333350165,0.030928093311322357,8.283112220670798,0.9388801126793673,0.9546020868445062,0.8782610497891755,9.161373270459974,Q3b,1k-2.5k,1k-2k,2020s,D9,False,6.89085,,458
417426,Rogue Dungeon: 2nd Edition,2024.0,117,249.0,2.1176,0.0,8.206410256410257,8.223808433755826,0.11033354315946356,7.285896520336108,0.9379119134197182,0.9267833428068357,0.7216581688271697,8.007554689163277,Q3b,100-199,100-199,2020s,D1,False,5.70884,6179.0,459
853,...und tschüss!,1997.0,348,362.0,1.2903,0.0,6.372183908045976,6.930350698357983,0.06397508533761048,5.993445012709014,0.936905685648969,0.9345498753027046,0.8115145183872525,6.804959531096266,Q3b,200-499,200-499,1990s,D6,False,5.61968,8581.0,460
232900,Anachrony Leader Box,2017.0,165,173.0,4.0,0.0,8.119854545454546,8.476101095844752,0.09290915789079598,7.540146493300316,0.9359546025444363,0.923567446796719,0.7538526530784762,8.293999146378793,Q3b,100-199,100-199,2010s,D3,False,5.67422,,461
292811,American Bookshop,2019.0,537,674.0,1.4,0.0,7.158845437616387,7.859503837967489,0.05150072620297922,6.923619475726706,0.9358843622407829,0.9374451979802316,0.8349429388829436,7.75856241460965,Q3b,500-999,500-999,2010s,D7,False,5.86976,4160.0,462
180942,A Touch of Evil: Dark Gothic – Colonial Horror,2015.0,215,236.0,2.0,0.0,7.40674418604651,7.591385215335654,0.08139191484034264,6.656331093008625,0.9350541223270294,0.9306981083160473,0.7755259692399579,7.431857062248582,Q3b,200-499,200-499,2010s,D4,False,5.66387,7185.0,463
545,Kaleidos,1994.0,915,965.0,1.2308,0.0,6.688216732240438,6.964893305899927,0.039453900848040034,6.029958111105911,0.9349351947940159,0.9324447779507699,0.8576055491318574,6.887563660237769,Q3b,500-999,500-999,1990s,D8,False,5.83321,4484.0,464
2641,"Barbarian, Kingdom & Empire",1983.0,123,129.0,2.7647,0.0,7.034959349593496,7.504335064481186,0.10760883759820682,6.569840035808559,0.934495028672627,0.9060526301078404,0.7235817069801417,7.2934217427887,Q3b,100-199,100-199,1980s,D1,False,5.57783,10810.0,465
104736,Et Toque!,2011.0,111,111.0,1.5,0.0,6.948108108108108,7.1449801667995745,0.11327628733737072,6.211418375377546,0.9335617914220284,0.9370076540491441,0.7115402682407819,6.922958643618328,Q3b,100-199,100-199,2010s,D1,False,5.56263,12058.0,466
341008,Unlock!: Heroic Adventures – Sherlock Holmes: Der scharlachrote Faden,2018.0,181,228.0,1.8333,0.0,7.133314917127072,7.6557094137021835,0.0887076773975098,6.722403105326752,0.9333063083754318,0.9368956702209523,0.7594392606763126,7.481842366003065,Q3b,100-199,100-199,2010s,D3,False,5.64786,7627.0,467
9685,Bounce It-In Game,1984.0,135,140.0,1.1176,0.0,6.250444444444445,6.5817483919404705,0.10271493877055267,5.648859429768164,0.9328889621723064,0.9152864524757227,0.7315676821820232,6.380427111950187,Q3b,100-199,100-199,1980s,D2,False,5.54247,14475.0,468
188885,Grasse: Mestres Perfumistas,2018.0,101,116.0,2.4286,0.0,7.963544554455444,7.921281126850633,0.11875169273608258,6.988398233463789,0.9328828933868438,0.9399034165158762,0.7001295756241219,7.688527809087911,Q3b,100-199,100-199,2010s,D1,False,5.59723,9653.0,469
286428,"Wits & Wagers: It's Vegas, Baby!",2019.0,1026,1252.0,1.1176,0.0,7.409987982456139,7.676242203785407,0.037258624304770005,6.743671666138889,0.9325705376465176,0.9134245510980392,0.8595436340091684,7.603215300148057,Q3b,1k-2.5k,1k-2k,2010s,D8,False,6.1478,2460.0,470
29026,Ogre Miniatures,1992.0,118,155.0,2.1429,0.0,7.256779661016949,7.350935343280283,0.10986503342877853,6.418473943983907,0.9324613992963764,0.9323171373066392,0.7171259337759704,7.135599877759877,Q3b,100-199,100-199,1990s,D1,False,5.59623,9712.0,471
324320,Planet etuC,2020.0,280,324.0,1.4,0.0,6.864285714285714,7.681839148849474,0.07132166614551344,6.750295427674228,0.9315437211752462,0.9433291693247776,0.7917532555300398,7.542048683204268,Q3b,200-499,200-499,2020s,D5,False,5.66585,7147.0,472
163929,Coconuts Duo,2014.0,396,415.0,1.0,0.0,6.9389393939393935,7.242409228530454,0.05997260353686805,6.3110404796984305,0.9313687488320239,0.9518048949491886,0.8138224458997625,7.124862925598193,Q3b,200-499,200-499,2010s,D6,False,5.70667,6221.0,473
2721,Wembley,1952.0,124,140.0,1.25,0.0,6.1237903225806445,6.2644311787664835,0.10717405263794114,5.333482347485559,0.9309488312809249,0.9885295429112526,0.7208876881105603,6.0543700355961185,Q3b,100-199,100-199,1950s,D2,False,5.52944,16966.0,474
320698,Blitz Bowl: Season 2,2020.0,292,333.0,2.375,0.0,8.042636986301371,8.284951700506632,0.06984077824458174,7.354457224337182,0.93049447616945,0.9477974687156614,0.7936065508100698,8.148063775147252,Q3b,200-499,200-499,2020s,D5,False,5.79674,4874.0,475
124839,Hoplomachus: The Lost Cities,2012.0,555,582.0,2.5185,0.0,7.771864864864865,7.9772087609005435,0.050658695745031915,7.04754963898624,0.9296591219143036,0.9291059695132491,0.830368078254041,7.877917717240281,Q3b,500-999,500-999,2010s,D7,False,5.91602,3773.0,476
4884,"The Legend Begins: North Africa, 1940-42",1991.0,151,164.0,3.087,0.0,7.719205298013246,8.011400621980624,0.09712074881117622,7.081821480378264,0.9295791416023595,0.9235890490602277,0.7392224739324542,7.821043954310718,Q3b,100-199,100-199,1990s,D2,False,5.63661,7974.0,477
367396,Avalon: Big Box,2022.0,398,790.0,2.1765,0.0,8.047903668341707,8.346901925748652,0.05982172882354406,7.4179195249730245,0.9289824007756273,0.903273458619184,0.811731812281481,8.229651337254506,Q3b,200-499,200-499,2020s,D6,False,6.06373,2874.0,478
347218,Dickory,2021.0,160,272.0,1.9,0.0,7.125937500000001,7.999754134752189,0.0943496958559016,7.0708888836601975,0.9288652510919917,0.9248091974636665,0.7439398472144245,7.8148287308746225,Q3b,100-199,100-199,2020s,D3,False,5.66091,7260.0,479
406174,Kinfire Delve: Callous' Lab,2024.0,284,1570.0,2.2121,0.0,8.266802816901409,8.423013689410212,0.07081761978610727,7.49463359508866,0.9283800943215521,0.9349951783239145,0.7895775595407819,8.28421115462944,Q3b,200-499,200-499,2020s,D5,False,6.44429,1474.0,480
46213,Telestrations,2009.0,18877,20944.0,1.0692,0.0,7.363541269799226,7.648009141997896,0.008686283666429822,6.719939314231974,0.9280698277659223,0.9081002286499178,0.9110447117797198,7.630984026011694,Q3b,10k-25k,5k+,2000s,D10,False,7.14567,354.0,481
213631,"To Unlimited, and Beyond",2014.0,125,164.0,1.3333,0.0,6.470400000000001,7.173980126875156,0.1067444955881541,6.24609364006025,0.9278864868149057,0.9160609434195432,0.7186672754621237,6.9647609155223735,Q3b,100-199,100-199,2010s,D2,False,5.56551,11808.0,482
299180,Not That Movie!,2022.0,130,187.0,1.2,0.0,6.771823076923077,7.182967232849612,0.10467158961011862,6.255340255648203,0.9276269772014087,0.9500874916896054,0.7224706615655763,6.977810917213779,Q3b,100-199,100-199,2020s,D2,False,5.57652,10906.0,483
343322,Exit: The Game – Advent Calendar: The Hunt for the Golden Book,2021.0,830,980.0,1.8333,0.0,7.696414445783133,8.012458357635548,0.04142489818350157,7.085182353664749,0.9272760039707997,0.9015535511576456,0.8460832035311366,7.931265557195886,Q3b,500-999,500-999,2020s,D8,False,6.1376,2507.0,484
355199,Star Realms,2021.0,297,482.0,1.9091,0.0,7.837878787878788,8.00855638790681,0.06925039759202693,7.084811492064016,0.923744895842793,0.9355105649245132,0.7880141165624202,7.872825608626437,Q3b,200-499,200-499,2020s,D5,False,5.86625,,485
103814,Streams,2011.0,377,480.0,1.1667,0.0,6.478063660477454,6.824252526056589,0.0614652738278068,5.902220658443168,0.9220318676134207,0.9263779331663118,0.8015599309109194,6.703780589354087,Q3b,200-499,200-499,2010s,D6,False,5.63882,7901.0,486
75448,Tanto Cuore: Romantic Vacation,2010.0,459,492.0,2.4545,0.0,7.43178522875817,7.686309423650441,0.05570499673077806,6.764735553822087,0.9215738698283538,0.9343702688608762,0.8123920762360287,7.577127630058116,Q3b,200-499,200-499,2010s,D6,False,5.81673,4656.0,487
405460,CATsle Builders,2023.0,130,235.0,2.0,0.0,7.586153846153846,8.226736586299314,0.10467158961011862,7.305370850157738,0.9213657361415759,0.9144170170072385,0.7162094205057434,8.021580270663481,Q3b,100-199,100-199,2020s,D2,False,5.6618,7238.0,488
283474,Star Wars: Legion – Clone Wars Core Set,2019.0,238,286.0,3.0,0.0,8.261134453781514,8.37609630176314,0.0773592084466779,7.454822758737675,0.9212735430254639,0.9155378498396072,0.7696494944699752,8.22447225320765,Q3b,200-499,200-499,2010s,D4,False,5.75528,5419.0,489
14254,PitchCar Mini,2003.0,2344,2445.0,1.1429,0.0,6.97918101109215,7.307668317615127,0.024650270658887124,6.386628909660118,0.9210394079550088,0.9107150770034167,0.8727248774635901,7.2593537871237075,Q3b,1k-2.5k,2k-5k,2000s,D9,False,6.26071,2023.0,490
233261,Tidal Blades 2: Rise of the Unfolders,2024.0,291,953.0,2.9778,0.0,8.557548694158076,8.812265594604728,0.06996067666459725,7.891416178590568,0.9208494160141605,0.9048072898753361,0.7837264897515499,8.675142668342117,Q3b,200-499,200-499,2020s,D5,False,6.31372,1834.0,491
341512,In the Ashes,2022.0,305,470.0,2.2105,0.0,8.137278688524589,8.289868806340237,0.06833616082559017,7.369033340354591,0.9208354659856468,0.9408791432159216,0.7868965907674901,8.155929931122081,Q3b,200-499,200-499,2020s,D5,False,5.87435,4113.0,492
201557,Odyseja,2019.0,150,166.0,1.3333,0.0,7.139399999999999,7.278267953476631,0.09744394687190448,6.357498568653394,0.9207693848232363,0.9264677243744064,0.7297792489543036,7.087277817607697,Q3b,100-199,100-199,2010s,D2,False,5.59246,9914.0,493
1125,Big Shot,2001.0,943,1383.0,2.0,0.0,6.863036405090139,7.388088080180655,0.038863745141484364,6.468134760983148,0.9199533191975071,0.9167800065485174,0.8437803787201977,7.311915139703346,Q3b,500-999,500-999,2000s,D8,False,6.06877,2844.0,494
326934,Unmatched: Hell's Kitchen,2022.0,1133,1480.0,2.2308,0.0,8.232079726390111,8.351246146044652,0.03545565729156931,7.431606893271267,0.9196392527733845,0.8948299176816708,0.8501461644819087,8.281753057753177,Q3b,1k-2.5k,1k-2k,2020s,D8,False,6.4669,1414.0,495
84889,Cave Evil,2011.0,538,654.0,3.5085,0.0,7.753820315985129,8.138333952756502,0.05145284081261277,7.218875628179211,0.9194583245772918,0.9055521115518612,0.8186107565845708,8.037486384763781,Q3b,500-999,500-999,2010s,D7,False,5.95545,3487.0,496
191475,Wizard: Jubiläumsedition,2016.0,562,720.0,1.9474,0.0,7.62669699288256,7.857703726761505,0.05034221708279952,6.938613611020019,0.9190901157414864,0.906788790076325,0.8204193702591993,7.759032981279218,Q3b,500-999,500-999,2010s,D7,False,5.96634,3417.0,497
150,PitchCar,1995.0,11175,11831.0,1.1203,0.0,7.261905137360175,7.615857162300742,0.011289552563032948,6.6969767293720786,0.9188804329286633,0.9549852659754645,0.8967529099051187,7.593729639277197,Q3b,10k-25k,5k+,1990s,D10,False,6.97777,531.0,498
331952,Unlock!: Timeless Adventures – Die Noside-Show,2019.0,135,158.0,2.0,0.0,7.335185185185186,7.805731438260881,0.10271493877055267,6.886976353265176,0.9187550849957047,0.9197331131886619,0.7174338050054214,7.604410158270597,Q3b,100-199,100-199,2010s,D2,False,5.61676,8691.0,499
153480,Scharfe Schoten,2014.0,367,426.0,2.1176,0.0,6.968754768392372,7.678599050054305,0.062297047425807,6.760530837640019,0.918068212414286,0.9081208633071709,0.7959659994597044,7.556496837099723,Q3b,200-499,200-499,2010s,D6,False,5.73605,5701.0,500
7118,Ace of Aces: Handy Rotary Deluxe Edition,1986.0,339,365.0,1.8372,0.0,7.0719184660766965,7.3174032301006084,0.06481874927450283,6.399373724273769,0.9180295058268397,0.9352833630801216,0.7909847572488142,7.1903584815225825,Q3b,200-499,200-499,1980s,D5,False,5.69762,6415.0,501
8383,Thirty Years War,1976.0,108,112.0,2.0625,0.0,6.833333333333333,7.243519451030794,0.11483879269784221,6.325552108283823,0.9179673427469712,0.9547731387360319,0.6928833090592005,7.0184354173430235,Q3b,100-199,100-199,1970s,D1,False,5.55991,,502
363538,Heading Forward,2022.0,114,136.0,2.0,0.0,7.710087719298245,8.146163975743137,0.11177587291431,7.228679377870254,0.9174845978728836,0.9266576559136812,0.698403886960836,7.92708326483109,Q3b,100-199,100-199,2020s,D1,False,5.61487,8776.0,503
351113,KeyForge: Winds of Exchange,2023.0,152,184.0,2.625,0.0,8.21546052631579,8.548795547818573,0.09680074547397342,7.631709279655553,0.9170862681630201,0.900978306699594,0.7273568070340322,8.359066086689586,Q3b,100-199,100-199,2020s,D2,False,5.66037,7273.0,504
14634,Homeworlds,2001.0,456,785.0,3.3818,0.0,7.466820175438597,7.8989914561406644,0.055887936457155,6.982044107769731,0.9169473483709334,0.8893175694475888,0.8074069929149096,7.789451100684641,Q3b,200-499,200-499,2000s,D6,False,5.96102,3451.0,505
201308,Hive Mind,2016.0,677,749.0,1.0909,0.0,7.099480059084196,7.420237777198547,0.04586761531684457,6.50359823663956,0.9166395405589869,0.9273434463747376,0.8267390145379715,7.330337251177531,Q3b,500-999,500-999,2010s,D7,False,5.86882,4168.0,506
158889,Summoner Wars: Alliances Master Set,2014.0,1794,1858.0,2.7647,0.0,8.009349069119281,8.286580762765244,0.028176644752873684,7.371705853144505,0.9148749096207389,0.9181884473272035,0.8596486859051065,8.231354539049612,Q3b,1k-2.5k,1k-2k,2010s,D9,False,6.55716,1199.0,507
348973,Hidden Games Tatort: Winterkrimi – Eiskaltes Verbrechen,2021.0,115,161.0,2.1667,0.0,7.723304347826087,8.102204139578445,0.11128882975690979,7.187466573525942,0.9147375660525032,0.9315418350009121,0.6966114597289601,7.884078033254902,Q3b,100-199,100-199,2020s,D1,False,5.63366,8068.0,508
17991,TAC,2004.0,470,595.0,1.9714,0.0,6.989127659574468,7.347030481473256,0.055049270335400094,6.432506917028002,0.9145235644452541,0.9090030081431024,0.8066269945878699,7.2391339116158715,Q3b,200-499,200-499,2000s,D6,False,5.78181,5055.0,509
123609,Puzzle Strike Shadows,2012.0,639,670.0,3.0333,0.0,7.6944663536776225,8.118031888697127,0.04721174652407152,7.20381458737366,0.9142173013234665,0.9346465720222188,0.8216822781362862,8.025496865509947,Q3b,500-999,500-999,2010s,D7,False,5.97045,3390.0,510
160610,Thunderbirds,2015.0,1906,2093.0,2.4706,0.0,7.4714428856243424,7.678827776133872,0.02733625693044983,6.76474198040226,0.9140857957316122,0.9436625311314639,0.8605067321479305,7.62524871255019,Q3b,1k-2.5k,1k-2k,2010s,D9,False,6.38633,1641.0,511
34701,Thor,2002.0,347,368.0,1.3721,0.0,6.477002881844381,6.958411683809405,0.06406720213886775,6.044519743166804,0.9138919406426007,0.9185554321481844,0.7883202244504199,6.832839967617224,Q3b,200-499,200-499,2000s,D5,False,5.63696,7965.0,512
7662,Bar-Lev: The Yom-Kippur War of 1973,1974.0,115,122.0,3.0455,0.0,7.32,7.679248551361279,0.11128882975690979,6.765491733658884,0.9137568177023949,0.9354912654628658,0.6956307113788518,7.461122445037735,Q3b,100-199,100-199,1970s,D1,False,5.58584,10290.0,513
14525,Outburst Remix!,2004.0,147,156.0,1.1429,0.0,6.47095918367347,6.546549121780319,0.09843325088386476,5.63327467476598,0.9132744470143388,0.9244076280972484,0.7203452752819639,6.3536199500479436,Q3b,100-199,100-199,2000s,D2,False,5.55506,12804.0,514
288316,Rurik: Dawn of Kiev – Kickstarter Edition,2019.0,321,359.0,2.8,0.0,7.935581526479751,8.249973668031766,0.06661131075537287,7.3369963766109905,0.9129772914207752,0.920006799849121,0.7824191223402444,8.119415498951234,Q3b,200-499,200-499,2010s,D5,False,5.8064,,515
185123,Ascension: Dreamscape,2015.0,764,819.0,2.2778,0.0,7.612630890052357,7.895070482600537,0.04317713450548739,6.982450726957369,0.9126197556431679,0.9193359124456331,0.8279925720124126,7.810443298969782,Q3b,500-999,500-999,2010s,D7,False,6.01693,3102.0,516
195372,Krazy Wordz: Nicht 100% jugendfrei,2016.0,1080,1119.0,1.0968,0.0,7.273451277777779,7.590985157725267,0.036315214866909404,6.679822019290276,0.9111631384349916,0.8965810992690617,0.8399853172958492,7.519807336586125,Q3b,1k-2.5k,1k-2k,2010s,D8,False,6.05853,2898.0,517
374866,Robotrick,2020.0,547,933.0,1.9259,0.0,7.527330895795246,8.195177911801768,0.051027798591166566,7.284773845478362,0.9104040663234052,0.9041553845783437,0.8103895810847187,8.095163426563081,Q3b,500-999,500-999,2020s,D7,False,6.08494,2751.0,518
41239,Mamma Mia! Plus,2009.0,540,579.0,1.4167,0.0,6.9444444444444455,7.319508051712995,0.051357469385276334,6.409457715162587,0.910050336550408,0.913956070219677,0.8093896965552664,7.218847411717853,Q3b,500-999,500-999,2000s,D7,False,5.77706,5106.0,519
31853,Black Box +,2007.0,142,150.0,2.2778,0.0,7.2478873239436625,7.4876380709566455,0.10015123835649417,6.578328331933042,0.9093097390236036,0.8876010362385287,0.7130133118448749,7.291341643777917,Q3b,100-199,100-199,2000s,D2,False,5.60632,9188.0,520
211453,Ecogon,2015.0,123,175.0,2.1,0.0,7.457723577235772,7.5492459563005285,0.10760883759820682,6.640946627617483,0.9082993286830456,0.9080385596023488,0.6973860069905603,7.338332634608043,Q3b,100-199,100-199,2010s,D1,False,5.62123,8510.0,521
1796,Pampas Railroads,2001.0,240,248.0,3.3214,0.0,7.063541666666667,7.888392436136963,0.07703620407791449,6.981112934873959,0.9072795012630035,0.9009753228163664,0.7562885412702911,7.7374014761442504,Q3b,200-499,200-499,2000s,D4,False,5.64738,7647.0,522
309752,The Field of the Cloth of Gold,2020.0,459,528.0,1.6111,0.0,7.088169934640525,7.848384092973293,0.05570499673077806,6.941232794260783,0.9071512987125105,0.9100038488840498,0.7979695051201855,7.739202299380969,Q3b,200-499,200-499,2020s,D6,False,5.78745,4989.0,523
198522,Archer: Once You Go Blackmail...,2016.0,891,934.0,1.2632,0.0,7.089303782267115,7.2254395619336504,0.039981735691245364,6.319059034828573,0.9063805271050773,0.928700529835532,0.8280163251502364,7.1470753599788095,Q3b,500-999,500-999,2010s,D8,False,5.92181,3723.0,524
3057,Warp 6,2002.0,138,143.0,1.7895,0.0,6.496007246376811,7.066374399348616,0.10159233742701944,6.160462507426201,0.9059118919224147,0.9063748802460658,0.7067909105654566,6.867253417991658,Q3b,100-199,100-199,2000s,D2,False,5.55625,12673.0,525
202296,Wizardry to the Power of Three,2016.0,255,306.0,1.0,0.0,6.8226993333333334,7.061323226172894,0.07473609562585398,6.155451589155206,0.9058716370176887,0.9080264016919388,0.7593888895910149,6.91484047874622,Q3b,200-499,200-499,2010s,D4,False,5.64282,7773.0,526
170472,Prelude to Rebellion: Mobilization & Unrest in Lower Canada 1834-1837,2018.0,102,116.0,2.5833,0.0,7.9276470588235295,8.358057091683177,0.1181681428029229,7.45304755950448,0.9050095321786973,0.9075476101889368,0.6733999722849684,8.126447531789449,Q3b,100-199,100-199,2010s,D1,False,5.6071,9148.0,527
181329,Team Play,2015.0,759,870.0,1.35,0.0,6.958339920948616,7.493127550107509,0.04331911823136288,6.588632146962327,0.904495403145182,0.9086984211020024,0.8195899314117108,7.408222078374038,Q3b,500-999,500-999,2010s,D7,False,5.90213,3882.0,528
334137,Top Ten 18+,2021.0,398,579.0,1.0833,0.0,7.312989949748745,7.670333879403267,0.05982172882354406,6.766899730684589,0.9034341487186781,0.918348950700282,0.7861835602245317,7.553083290909121,Q3b,200-499,200-499,2020s,D6,False,5.82426,4582.0,529
951,Football Strategy,1959.0,426,451.0,1.5897,0.0,6.382582159624413,6.730002731965734,0.05782234442479627,5.826703057635703,0.9032996743300314,0.9292308679426791,0.7899678792574307,6.616670936893134,Q3b,200-499,200-499,1950s,D6,False,5.63295,8090.0,530
254708,Roll Player Adventures,2021.0,1947,2477.0,2.3421,0.0,8.125885577812015,8.39461804491672,0.027046901542485163,7.49138258356502,0.9032354613517004,0.931932639601035,0.8502235343284295,8.34160611789345,Q3b,1k-2.5k,1k-2k,2020s,D9,False,6.74954,839.0,531
365128,Paper Tales : Édition intégrale,2022.0,126,236.0,2.5,0.0,7.923015873015872,8.217037117555215,0.10632006251327562,7.313938291851311,0.9030988257039034,0.9040115806468396,0.6947115031778832,8.008649795029195,Q3b,100-199,100-199,2020s,D2,False,5.71248,,532
350,Hattrick,1995.0,322,331.0,1.5652,0.0,6.493028416149068,6.969972728617806,0.06650779661240168,6.067848272635807,0.9021244559819994,0.890374773309949,0.7717691746216921,6.839617447257499,Q3b,200-499,200-499,1990s,D5,False,5.62659,8319.0,533
3637,Triplanetary,1973.0,185,207.0,2.32,0.0,6.89654054054054,7.19404137979301,0.08774343487556857,6.292506732843524,0.9015346469494858,0.9242136470118201,0.7295575145933715,7.022064247436895,Q3b,100-199,100-199,1970s,D3,False,5.60769,9129.0,534
27266,Silent Death: The Next Millennium Deluxe Edition,1995.0,194,220.0,2.8696,0.0,7.471649484536083,7.6546056914811285,0.0856839799440507,6.75366282844533,0.9009428630357981,0.9102566603195754,0.7330022623454586,7.4866650907907895,Q3b,100-199,100-199,1990s,D3,False,5.65319,7476.0,535
361918,BattleTech: Alpha Strike Box Set,2022.0,113,189.0,2.2,0.0,8.34554575221239,8.445771801681971,0.1122693670265072,7.545316821433859,0.9004549802481119,0.9360869521661783,0.6804070208761578,8.225723842310018,Q3b,100-199,100-199,2020s,D1,False,5.6898,6591.0,536
393,Dinosaurs of the Lost World,1987.0,420,435.0,1.9388,0.0,6.597952380952382,6.883945342022197,0.05823389655388047,5.983630657919287,0.9003146841029102,0.9009535408066638,0.7861762468573045,6.769806904776591,Q3b,200-499,200-499,1980s,D6,False,5.67102,7023.0,537
464,Billabong,1992.0,947,1030.0,1.8667,0.0,6.824731436114045,7.2831669307705225,0.038781580683524976,6.383052830240176,0.9001141005303461,0.8958653571650972,0.8241022023906371,7.207155032630814,Q3b,500-999,500-999,1990s,D8,False,5.89728,3927.0,538
1421,Lost Worlds,1983.0,439,463.0,1.6905,0.0,6.519157175398634,6.850177785626989,0.056959771147262146,5.950092065587953,0.9000857200390362,0.8964626003860383,0.7884445685904024,6.738536634178355,Q3b,200-499,200-499,1980s,D6,False,5.6698,7054.0,539
163172,Waterloo 1815: Fallen Eagles,2015.0,195,213.0,3.0,0.0,8.186666666666667,8.34809555913361,0.08546399503693193,7.448099036255908,0.8999965228777018,0.9004112375500997,0.7324870926053153,8.180586128861222,Q3b,100-199,100-199,2010s,D3,False,5.67984,6820.0,540
134524,Lion Rampant: Medieval Wargaming Rules,2014.0,145,169.0,2.0909,0.0,7.718620689655173,7.882805234227336,0.09910977603390549,6.9831680225837385,0.8996372116435971,0.9440374072957773,0.7053820506171424,7.688550073200881,Q3b,100-199,100-199,2010s,D2,False,5.63171,8134.0,541
214747,Mega Man Pixel Tactics: Bass Orange,2017.0,138,149.0,2.5,0.0,7.376739130434783,7.592631750552735,0.10159233742701944,6.693503518726603,0.8991282318261327,0.8625309844934126,0.7000072504691746,7.393510769195777,Q3b,100-199,100-199,2010s,D2,False,5.60347,9327.0,542
212346,Shadows of Brimstone: Forbidden Fortress,2018.0,677,830.0,3.5556,0.0,8.393658301329394,8.519782242632955,0.04586761531684457,7.620748210843807,0.8990340317891476,0.9039645886673142,0.8091335057681323,8.42988171661194,Q3b,500-999,500-999,2010s,D7,False,6.14097,2491.0,543
2125,Amazons,1992.0,327,355.0,2.8235,0.0,7.120366972477062,7.597089169680857,0.06599736852543366,6.698410521500474,0.8986786481803835,0.891302112543177,0.7693238058705335,7.467734327371008,Q3b,200-499,200-499,1990s,D5,False,5.70552,6246.0,544
383,Turf Horse Racing,1995.0,115,120.0,1.8,0.0,6.4085217391304345,6.942912550461541,0.11128882975690979,6.044610764720234,0.8983017857413067,0.9104743084862026,0.6801756794177636,6.724786444137997,Q3b,100-199,100-199,1990s,D1,False,5.54681,13846.0,545
339349,Le Plateau,2021.0,146,203.0,2.6,0.0,7.477739726027397,8.335006976336958,0.09876977580017929,7.4374830392818065,0.8975239370551513,0.9029780174208923,0.7039351764867999,8.141418215768606,Q3b,100-199,100-199,2020s,D2,False,5.65201,7511.0,546
27817,Marne 1918: Friedensturm,2006.0,123,135.0,3.2273,0.0,7.904878048780487,8.225838398197409,0.10760883759820682,7.32865515318627,0.8971832450111386,0.8963609672447141,0.6862699233186532,8.014925076504923,Q3b,100-199,100-199,2000s,D1,False,5.61388,8813.0,547
295609,For the Queen,2019.0,260,380.0,1.0833,0.0,7.075038461538462,7.43881424710684,0.07401399081089025,6.541720651424601,0.8970935956822386,0.9281908195697364,0.7520261736928937,7.293746825117495,Q3b,200-499,200-499,2010s,D5,False,5.71375,6091.0,548
317434,Exit: The Game – Advent Calendar: The Mystery of the Ice Cave,2020.0,1023,1134.0,2.0,0.0,7.8373668914956,8.187789691245294,0.037313215724970726,7.2910245847881505,0.8967651064571438,0.8857665713228151,0.8236312036362012,8.114655788424352,Q3b,1k-2.5k,1k-2k,2020s,D8,False,6.24837,2056.0,549
325679,Sherlock: La copia,2020.0,130,154.0,1.0,0.0,7.061153846153846,7.399331514277102,0.10467158961011862,6.502998868801473,0.8963326454756286,0.8933865462499329,0.6911763298397962,7.194175198641269,Q3b,100-199,100-199,2020s,D2,False,5.59321,9886.0,550
253607,1822CA,2018.0,153,199.0,4.3636,0.0,8.012418300653595,8.829294685212561,0.09648388457316583,7.934128613868555,0.8951660713440059,0.8991560267700311,0.7060576575806009,8.640186271449156,Q3b,100-199,100-199,2010s,D2,False,5.6898,6592.0,551
343844,Bullet★,2022.0,993,1471.0,2.08,0.0,7.969154078549848,8.382052189896728,0.037872665457000874,7.4868899639633675,0.89516222593336,0.8999501919477852,0.8209318016376383,8.307821765601005,Q3b,500-999,500-999,2020s,D8,False,6.40776,1575.0,552
67199,The Coming Storm: Quadrigame of the Fourth Coalition October 1806 - June 1807,2010.0,132,144.0,3.0741,0.0,7.967878787878788,8.216467481879732,0.1038755963880404,7.3218179165478645,0.8946495653318678,0.9066646544965486,0.6910533964113086,8.012871312959174,Q3b,100-199,100-199,2010s,D2,False,5.63079,8159.0,553
338697,CATAN: 3D Edition,2021.0,341,468.0,1.8333,0.0,7.864206568914955,8.028776451197873,0.06462838542942728,7.134595863362209,0.8941805878356632,0.8872769017361577,0.7675089523939858,7.902104815756195,Q3b,200-499,200-499,2020s,D5,False,5.86715,,554
223167,Secret Unknown Stuff: Escape from Dulce,2018.0,131,153.0,2.7778,0.0,7.596649694656489,7.730134281126223,0.10427131437869634,6.836895376478028,0.8932389046481957,0.9040833814599809,0.6888671284659509,7.5257625049439785,Q3b,100-199,100-199,2010s,D2,False,5.59948,9523.0,555
13077,Wizard's Garden,2004.0,138,142.0,1.6667,0.0,6.8759420289855075,7.094587725058148,0.10159233742701944,6.201936451756621,0.892651273301527,0.8969496075666319,0.6935302919445689,6.89546674370119,Q3b,100-199,100-199,2000s,D2,False,5.57222,11272.0,556
197071,Gambler × Gamble!,2016.0,142,165.0,1.3333,0.0,6.661971830985916,7.263139327463476,0.10015123835649417,6.370600514706222,0.8925388127572536,0.8904426889255195,0.6962423855785249,7.0668429002847475,Q3b,100-199,100-199,2010s,D2,False,5.56678,11722.0,557
297985,Battle Line: Medieval,2017.0,1829,2166.0,1.8393,0.0,7.637244510661562,8.006606602121385,0.027905746396670098,7.1150333085558675,0.8915732935655178,0.9021334476941067,0.8368780306280444,7.951911339183912,Q3b,1k-2.5k,1k-2k,2010s,D9,False,6.48507,1372.0,558
235362,Santa Cruz 1797,2017.0,178,202.0,2.1364,0.0,7.757865168539325,8.025626026878715,0.08945209053825372,7.1342885786054975,0.8913374482732177,0.8976694234736335,0.7160113508182404,7.850299929423738,Q3b,100-199,100-199,2010s,D3,False,5.66351,7193.0,559
13005,Dance of Ibexes,2004.0,776,886.0,1.4048,0.0,6.505035064432991,6.952042100068727,0.04284198997202535,6.060859341155979,0.8911827589127483,0.8901575167341242,0.8072124585675786,6.868071799723557,Q3b,500-999,500-999,2000s,D8,False,5.78255,5044.0,560
349955,The Quacks of Quedlinburg: MegaBox,2021.0,1166,1843.0,2.0488,0.0,8.261614253859348,8.40331177513882,0.034950325166470314,7.512563693336443,0.8907480818023767,0.9033237468745758,0.8222454444760949,8.334809137812538,Q3b,1k-2.5k,1k-2k,2020s,D8,False,6.64504,,561
59576,Weiß Schwarz,2007.0,140,173.0,2.625,0.0,6.98,7.243629039763869,0.10086406755403113,6.353202972550772,0.890426067213097,0.9248273216933143,0.692732494807196,7.0459354673579675,Q3b,100-199,100-199,2000s,D2,False,5.5819,10553.0,562
259393,Lunes,2018.0,180,241.0,1.4286,0.0,7.249188888888888,7.15432022063575,0.08895374632346176,6.264378965746834,0.8899412548889156,0.8849221059335868,0.7155919120949306,6.979970877841765,Q3b,100-199,100-199,2010s,D3,False,5.64051,7850.0,563
114438,"But Wait, There's More!",2011.0,578,590.0,1.0909,0.0,6.66810553633218,6.986163245291598,0.04964054908005322,6.096526026640991,0.8896372186506074,0.8971584378675335,0.7923417424537031,6.888867769094694,Q3b,500-999,500-999,2010s,D7,False,5.72406,5912.0,564
5991,Lion of Ethiopia,1990.0,135,142.0,2.25,0.0,7.278888888888888,7.448464692590354,0.10271493877055267,6.55899104287141,0.8894736497189442,0.8880453435753068,0.6881523697286609,7.247143412600071,Q3b,100-199,100-199,1990s,D2,False,5.59114,9976.0,565
84732,Kariba,2010.0,2094,2824.0,1.0562,0.0,7.000391012416427,7.234559966655427,0.026080274443363444,6.346111383665553,0.8884485829898736,0.8908998596007542,0.8373312450808813,7.183442628746435,Q3b,1k-2.5k,2k-5k,2010s,D9,False,6.29375,1914.0,566
354,Stick 'Em,1993.0,3781,4063.0,1.8969,0.0,7.040999357312875,7.5532691105032645,0.019408731728508835,6.6651516788215925,0.888117431681672,0.912503689626333,0.8500763174937946,7.515227996315387,Q3b,2.5k-5k,2k-5k,1990s,D10,False,6.47324,1393.0,567
7103,Ace of Aces: Flying Machines,1983.0,298,314.0,1.7222,0.0,6.950835805369128,7.206042513709977,0.06913410800940187,6.318401569177608,0.887640944532369,0.901933692570231,0.7521380928339413,7.070539662011549,Q3b,200-499,200-499,1980s,D5,False,5.66236,7224.0,568
281474,Lands of Galzyr,2022.0,1709,2317.0,1.71,0.0,7.93747590988882,8.190589190896944,0.028868848705278755,7.303188145150072,0.8874010457468717,0.9231736979793954,0.8308181022845254,8.134006247434597,Q3b,1k-2.5k,1k-2k,2020s,D9,False,6.63004,1049.0,569
204733,Really Bad Art,2016.0,155,170.0,1.0,0.0,6.919483870967742,7.124032400611313,0.0958593868490308,6.236975007711404,0.8870573928999086,0.8768982160419743,0.6991729946758083,6.936148002387212,Q3b,100-199,100-199,2010s,D3,False,5.58792,10150.0,570
180204,1857,2015.0,131,135.0,3.2,0.0,7.022137404580153,8.060150368964859,0.10427131437869634,7.173191868556609,0.8869585004082499,0.9035674021856188,0.6825867242260051,7.855778592782614,Q3b,100-199,100-199,2010s,D2,False,5.58583,10291.0,571
289247,Verdun 1916: Steel Inferno,2020.0,326,461.0,2.5714,0.0,8.228220858895705,8.6433834851727,0.06609851397715599,7.757673057328571,0.8857104278441295,0.8841307084484988,0.7561573404489037,8.513830397777475,Q3b,200-499,200-499,2020s,D5,False,5.90426,3860.0,572
265752,Exceed: Street Fighter – Ryu Box,2019.0,221,242.0,2.5714,0.0,7.806334841628959,8.254887536564429,0.08027944455796115,7.36930099879584,0.8855865377685888,0.8974206366297732,0.7282388264349848,8.097539825230825,Q3b,200-499,200-499,2010s,D4,False,5.70542,6252.0,573
89952,Carcassonne: 10 Year Special Edition,2011.0,1698,1826.0,2.0194,0.0,7.655149587750291,7.720648580902868,0.028962206978001875,6.835261388251796,0.8853871926510717,0.8691538849906539,0.828621266974188,7.663882655225984,Q3b,1k-2.5k,1k-2k,2010s,D9,False,6.40213,,574
21703,Mana,1988.0,157,185.0,2.0,0.0,6.668980891719745,6.968205624439047,0.09524686053291706,6.083156343556679,0.8850492808823684,0.8926668086025042,0.698365434237851,6.78152177779453,Q3b,100-199,100-199,1980s,D3,False,5.5844,10389.0,575
209849,King Frog,2016.0,126,132.0,1.0,0.0,6.664285714285715,6.979990168477132,0.10632006251327562,6.095509805839484,0.8844803626376478,0.8885251443988746,0.6760930401116276,6.7716028459511115,Q3b,100-199,100-199,2010s,D2,False,5.56024,12278.0,576
203411,Word Slam,2016.0,1121,1187.0,1.1,0.0,6.897391016949152,7.356586501587424,0.03564492371079037,6.47277466617888,0.8838118354085438,0.9029329306652603,0.8139477849353947,7.286722451114275,Q3b,1k-2.5k,1k-2k,2010s,D8,False,5.95933,3465.0,577
266507,Clank! Legacy: Acquisitions Incorporated,2019.0,9745,11489.0,2.7412,0.0,8.506677584402265,8.831527220528356,0.012089534365710721,7.947906524423535,0.8836206961048205,0.8986371789943064,0.8599252087480275,8.807831733171563,Q3b,5k-10k,5k+,2010s,D10,True,7.93062,28.0,578
351869,Adventure Games: Expedition Azcana,2022.0,101,161.0,1.3333,0.0,7.427722772277228,7.686901971034317,0.11875169273608258,6.803505617970687,0.8833963530636293,0.8981099082989381,0.6506430353009074,7.454148653271595,Q3b,100-199,100-199,2020s,D1,False,5.61805,8655.0,579
298562,Minigolf Designer,2020.0,493,586.0,2.2941,0.0,7.763369168356998,8.144384082263926,0.05374982272334899,7.261046845026577,0.8833372372373489,0.8887715223428287,0.777987584699585,8.039034429726161,Q3b,200-499,200-499,2020s,D6,False,5.93555,3626.0,580
156,Wildlife Adventure,1985.0,618,647.0,1.8814,0.0,6.7910987216828484,7.1668866334583345,0.04800718691638669,6.283886787351799,0.8829998461065358,0.8967010762688954,0.7889057597504179,7.072792547102217,Q3b,500-999,500-999,1980s,D7,True,5.76987,5199.0,581
248567,Star Trek: Galactic Enterprises,2018.0,159,176.0,1.6,0.0,6.6000000000000005,7.065826820107374,0.09464592796897318,6.182932645227563,0.8828941748798114,0.8416862804238869,0.6973881560606239,6.880320801288187,Q3b,100-199,100-199,2010s,D3,False,5.574,11114.0,582
332782,Cantaloop: Prequel,2020.0,125,143.0,1.6667,0.0,7.185200000000001,7.499520377930888,0.1067444955881541,6.6171476783837235,0.8823726995471644,0.8807547689764155,0.6731534881943824,7.2903011665781055,Q3b,100-199,100-199,2020s,D2,False,5.59874,9566.0,583
315976,Dungeon Fighter in the Chambers of Malevolent Magma,2022.0,107,149.0,2.0,0.0,7.671567009345794,7.976946063049983,0.115374174587065,7.094776565627388,0.8821694974225949,0.886807569276991,0.6560361152319475,7.750812680859336,Q3b,100-199,100-199,2020s,D1,False,5.62555,8364.0,584
8195,Viva Topo!,2002.0,1517,1630.0,1.082,0.0,6.808200395517467,7.037935273386911,0.030641336585991042,6.155799338716706,0.8821359346702051,0.8796030835100028,0.8220789149616626,6.977878253678369,Q3b,1k-2.5k,1k-2k,2000s,D9,False,5.99963,3199.0,585
332804,Cantaloop: Book 3 – Against All Odds,2023.0,106,156.0,2.0,0.0,7.708490566037736,8.031929872191578,0.11591711487809765,7.150237783054461,0.8816920891371165,0.9465970250844862,0.6544945439760451,7.804732327030506,Q3b,100-199,100-199,2020s,D1,False,5.62814,8253.0,586
402215,Silver & Gold Pyramids,2023.0,392,589.0,1.3529,0.0,7.489668367346937,7.836747204270409,0.06027780959720748,6.955056184330989,0.8816910199394208,0.8766423107266714,0.7635465131288941,7.7186026974598825,Q3b,200-499,200-499,2020s,D6,False,5.89333,3955.0,587
108687,Puerto Rico,2011.0,5629,6145.0,3.2239,0.0,8.297924267187778,8.612416966736454,0.015906875117897172,7.731341883026925,0.8810750837095291,0.8993127137870012,0.8498976084784506,8.581239491505375,Q3b,5k-10k,5k+,2010s,D10,False,7.47735,,588
11973,Können Schweine fliegen?,2004.0,119,130.0,1.1111,0.0,6.427731092436974,6.7142170153088925,0.10940244175973919,5.833251475745717,0.8809655395631752,0.8501580895075209,0.6665367537140865,6.499788229459804,Q3b,100-199,100-199,2000s,D1,False,5.54762,13728.0,589
15471,Kokkelimonke Jubileum,2000.0,130,135.0,1.4615,0.0,6.313076923076923,6.692191546514463,0.10467158961011862,5.811541629636565,0.8806499168778981,0.8677351773906263,0.6754936012420656,6.4870352308786305,Q3b,100-199,100-199,2000s,D2,False,5.5426,,590
3475,Shadowfist,1995.0,419,441.0,2.6222,0.0,7.02485983293556,7.462319461523266,0.05830334666389621,6.581680067375821,0.8806393941474449,0.8836605476990078,0.7663648346862083,7.348044902062029,Q3b,200-499,200-499,1990s,D6,False,5.72253,5945.0,591
3553,Close Action: The Age of Fighting Sail Vol. 1,1997.0,369,401.0,3.5063,0.0,7.759532872628727,8.098228262238123,0.06212799135450743,7.2188864005141085,0.879341861724015,0.8254667698731861,0.7575709986691804,7.976457399183289,Q3b,200-499,200-499,1990s,D6,True,5.79477,4905.0,592
165984,Anno Domini: Wissenschaft & Forschung,2014.0,121,136.0,1.2857,0.0,6.783057851239669,7.135529366668063,0.10849452198138136,6.256744106011894,0.8787852606561692,0.8780296933153497,0.6661359975726617,6.922880103584555,Q3b,100-199,100-199,2010s,D1,False,5.56839,11579.0,593
13507,WINK,1994.0,719,755.0,1.1111,0.0,6.560278748261475,6.859146665130266,0.04450779209015169,5.9805397470932675,0.8786069180369989,0.8908317959389187,0.7913716455403016,6.7719113926335694,Q3b,500-999,500-999,1990s,D7,False,5.74333,5600.0,594
226170,Advanced Guildhall Fantasy: The Gathering,2017.0,126,138.0,2.0,0.0,7.190793650793649,7.568109147392366,0.10632006251327562,6.689917900042211,0.8781912473501547,0.8702514457462156,0.6698039248241345,7.359721824866345,Q3b,100-199,100-199,2010s,D2,False,5.59093,9984.0,595
346597,"Worldspanner Factions, Set 1: Heroes",2024.0,144,229.0,3.125,0.0,8.680486111111112,8.912937375932223,0.09945331181626625,8.035416404170961,0.8775209717612622,0.9017854326856192,0.6825924806013803,8.718008884772342,Q3b,100-199,100-199,2020s,D2,False,5.71533,6063.0,596
224678,Baseball Highlights: 2045 – Spring Training,2017.0,176,215.0,2.3333,0.0,7.427386363636364,7.706666397485737,0.08995890530530207,6.829180722197778,0.877485675287959,0.8721356030338541,0.7011662208895669,7.530346943087345,Q3b,100-199,100-199,2010s,D3,False,5.67091,7026.0,597
6495,Iron Tide: Panzers in the Ardennes,2003.0,104,122.0,3.0294,0.0,7.734134615384615,8.051432964985917,0.11702639484059296,7.1740705189854195,0.8773624460004976,0.8732531828869217,0.6479907121129354,7.822061231098355,Q3b,100-199,100-199,2000s,D1,False,5.59496,9788.0,598
279886,Iron Forest,2024.0,101,193.0,1.8571,0.0,7.930693069306931,8.136316627055175,0.11875169273608258,7.259284671988775,0.8770319550663999,0.8965949965310802,0.644278637303678,7.903563309292453,Q3b,100-199,100-199,2020s,D1,False,5.67396,6959.0,599
374909,Dieson Crusoe,2022.0,185,395.0,2.1765,0.0,7.825405405405404,8.10345102791936,0.08774343487556857,7.226949468668765,0.8765015592505954,0.8959462899010919,0.704524426894481,7.931473895563246,Q3b,100-199,100-199,2020s,D3,False,5.80155,4814.0,600
285157,Legendary: A James Bond Deck Building Game,2019.0,674,816.0,2.4828,0.0,7.752310637982196,7.94157442227659,0.04596958124183024,7.065734810048644,0.8758396122279457,0.893711246548385,0.7857392329939584,7.851474043042603,Q3b,500-999,500-999,2010s,D7,False,6.0556,2913.0,601
17857,18Scan,2005.0,269,279.0,3.6538,0.0,7.306133828996282,8.079460778421193,0.07276530529982086,7.205989950399687,0.8734708280215067,0.8927789108959256,0.7308508296338578,7.9368407800335445,Q3b,200-499,200-499,2000s,D5,False,5.69147,6550.0,602
178754,Z War One: Damnation,2016.0,118,143.0,2.7143,0.0,7.496101694915254,7.749600050956229,0.10986503342877853,6.876703198318598,0.8728968526376306,0.8740271287214743,0.6575613871172247,7.534264585435823,Q3b,100-199,100-199,2010s,D1,False,5.59177,9947.0,603
155,Was sticht?,1993.0,683,710.0,2.377,0.0,6.975701888726207,7.534872568565166,0.04566570260364234,6.662661913510734,0.872210655054432,0.8846702614842838,0.782705877951293,7.445367791462027,Q3b,500-999,500-999,1990s,D7,False,5.83564,4464.0,604
282255,Inflation!,2019.0,245,342.0,1.6667,0.0,7.021224489795918,7.7402857580166256,0.07624606827725293,6.8686338703051355,0.87165188771149,0.8737117402486714,0.7222095938880744,7.59084346419321,Q3b,200-499,200-499,2010s,D4,False,5.69997,6361.0,605
270131,KLASK 4,2019.0,563,671.0,1.1429,0.0,7.43889621669627,7.8350046827659074,0.05029748831600917,6.96336974745531,0.8716349353105972,0.8735380197527345,0.7730518582112192,7.736421605666529,Q3b,500-999,500-999,2010s,D7,False,5.91623,3769.0,606
400203,Snails,2024.0,235,778.0,2.2308,0.0,7.816978723404255,8.247543740157889,0.07785142470706571,7.376572418461828,0.8709713216960608,0.9083512078066605,0.7183825292702121,8.09495494773204,Q3b,200-499,200-499,2020s,D4,False,5.94978,3522.0,607
296345,Sherlock Holmes Consulting Detective: The Baker Street Irregulars,2020.0,1404,1819.0,2.2703,0.0,8.174841381766383,8.414612841517592,0.031850550421880744,7.544394929229632,0.8702179122879592,0.8652004167398726,0.8077908334610729,8.352185762690706,Q3b,1k-2.5k,1k-2k,2020s,D9,False,6.61569,1079.0,608
245876,Miraris,2017.0,147,179.0,1.4444,0.0,6.825238095238095,7.265806607748568,0.09843325088386476,6.395924717210383,0.8698818905381858,0.8850199395537119,0.6769527188058109,7.072877436016193,Q3b,100-199,100-199,2010s,D2,False,5.5844,10388.0,609
378,Lancashire Railways,1998.0,120,120.0,3.1429,0.0,6.891666666666667,7.566311807781945,0.10894564460072821,6.6966897160109955,0.8696220917709496,0.8664658945803829,0.6560886283535223,7.352778344364518,Q3b,100-199,100-199,1990s,D1,False,5.56784,11630.0,610
35179,Globalissimo,2008.0,184,188.0,1.4444,0.0,6.593152173913041,6.949670036919589,0.08798154504163945,6.080125493390858,0.8695445435287317,0.8755231485242598,0.6971007152471184,6.777226208637976,Q3b,100-199,100-199,2000s,D3,False,5.58043,10641.0,611
6584,Grave Robbers II: Skippy's Revenge,2003.0,314,326.0,1.32,0.0,6.125117834394904,6.188378276882482,0.06734970096955499,5.319433729076959,0.8689445478055235,0.866263374593168,0.7369391339051958,6.056372862982155,Q3b,200-499,200-499,2000s,D5,False,5.57307,11191.0,612
21373,Federation Commander: Romulan Border,2006.0,246,269.0,3.5122,0.0,7.684642601626018,7.854659233404641,0.07609093878129396,6.985800581009007,0.8688586523956339,0.8497162239850891,0.7197204123842977,7.705520993393305,Q3b,200-499,200-499,2000s,D4,False,5.69936,6374.0,613
60126,Take it Higher!,2009.0,143,152.0,2.1538,0.0,6.796713286713287,7.231366438785653,0.09980044485011572,6.362906866710409,0.8684595720752437,0.8498219454545559,0.6728507001690169,7.035757566879425,Q3b,100-199,100-199,2000s,D2,False,5.57384,11128.0,614
159910,The King of Frontier,2013.0,240,251.0,2.0714,0.0,6.849875,7.474632858497435,0.07703620407791449,6.606774976001464,0.8678578824959704,0.8953886677048217,0.716866922503258,7.3236418985047225,Q3b,200-499,200-499,2010s,D4,False,5.63239,8109.0,615
13403,Three Battles of Manassas,2004.0,153,160.0,3.2857,0.0,7.823687843137255,8.127633401369366,0.09648388457316583,7.25991006030109,0.8677233410682756,0.8841934132217109,0.6786149273048706,7.938524987605961,Q3b,100-199,100-199,2000s,D2,False,5.62712,8294.0,616
363625,Fateforge: Chronicles of Kaan,2024.0,405,1347.0,2.7805,0.0,8.25641975308642,8.61334760478483,0.05930249754897451,7.746069989670881,0.8672776151139487,0.8705102070908346,0.7510447199179587,8.497114709588839,Q3b,200-499,200-499,2020s,D6,False,6.37797,1656.0,617
4226,"Victory at Midway: Turning Point of the Pacific War, June 1942",1992.0,188,196.0,2.2593,0.0,7.2042553191489365,7.521476269378612,0.0870405388951028,6.654455708087975,0.8670205612906363,0.8611971803508132,0.6964211050562348,7.35087681314421,Q3b,100-199,100-199,1990s,D3,False,5.62303,8445.0,618
21985,Giro Galoppo,2006.0,585,609.0,1.1918,0.0,6.650683760683761,7.018684321450855,0.0493426605405935,6.152211852983017,0.8664724684678378,0.8625569482908828,0.7697608538082745,6.9219727067912915,Q3b,500-999,500-999,2000s,D7,False,5.73407,5733.0,619
30804,Song of Blades and Heroes: Revised Edition,2007.0,365,412.0,2.2143,0.0,7.644739726027397,7.747689174134394,0.06246749110254928,6.882347585778252,0.8653415883561424,0.8841429298046135,0.7429053057951458,7.625252891573398,Q3b,200-499,200-499,2000s,D6,False,5.78747,4988.0,620
477,The Broadway Game,1981.0,116,126.0,2.3077,0.0,6.365948275862069,6.64049451104334,0.1108080982232961,5.775169191991521,0.8653253190518191,0.8028574856560171,0.6481414465341587,6.42331063852568,Q3b,100-199,100-199,1980s,D1,False,5.54084,14727.0,621
235113,30 Seconds: Everyday Life,2017.0,189,233.0,1.2,0.0,7.005943544973545,7.137128422161723,0.08680996752611164,6.272192614961229,0.864935807200494,0.8896573828861989,0.6947882708493152,6.966980885810544,Q3b,100-199,100-199,2010s,D3,False,5.62618,8341.0,622
40258,Buffalo Wings,2010.0,135,157.0,2.88,0.0,8.059777777777777,8.152688059816294,0.10271493877055267,7.287950942322161,0.8647371174941325,0.8611472240414919,0.6634158375038492,7.95136677982601,Q3b,100-199,100-199,2010s,D2,False,5.6254,8368.0,623
380619,Cyclades: Legendary Edition,2024.0,161,3147.0,2.8317,0.0,8.495838509316771,8.638196012262162,0.09405622797280985,7.773864126988382,0.8643318852737796,0.8542309053640214,0.6799816784470722,8.453845805435455,Q3b,100-199,100-199,2020s,D3,False,6.91227,609.0,624
5684,18EU,2001.0,420,436.0,4.2432,0.0,7.483920285714285,8.259132984001177,0.05823389655388047,7.394825813501104,0.8643071705000729,0.8555927693531213,0.7501687332544672,8.144994546755571,Q3b,200-499,200-499,2000s,D6,False,5.8072,4741.0,625
39534,Paper Safari,2008.0,548,699.0,1.1905,0.0,6.72215328467153,7.079828623543841,0.050981219121311934,6.2165093759315955,0.8633192476122451,0.8724363466398843,0.7633960581344738,6.979905434066069,Q3b,500-999,500-999,2000s,D7,False,5.75682,5392.0,626
252776,Muse: Awakenings,2018.0,348,373.0,1.125,0.0,6.8980459770114955,7.143906139582457,0.06397508533761048,6.281131594854685,0.8627745447277722,0.8522100798937711,0.7373833774660556,7.01851497232074,Q3b,200-499,200-499,2010s,D6,False,5.68326,6741.0,627
169611,Love Letter: The Hobbit – The Battle of the Five Armies,2015.0,1851,1949.0,1.2623,0.0,7.099577525661808,7.277767282831111,0.027739414267206983,6.4151142630874,0.8626530197437114,0.8378973013737765,0.8082837677799858,7.2233980308673855,Q3b,1k-2.5k,1k-2k,2010s,D9,False,6.20083,2239.0,628
188991,Alienation,2016.0,151,195.0,1.1429,0.0,7.014622516556292,7.027724001723339,0.09712074881117622,6.16571326651902,0.8620107352043185,0.8585059521207565,0.6716540675344131,6.837367334053433,Q3b,100-199,100-199,2010s,D2,False,5.58628,10262.0,629
145609,Stinker,2015.0,149,154.0,1.3333,0.0,6.870805369127517,7.139339487425404,0.09777039316946254,6.27784529872846,0.8614941886969438,0.8723254969446872,0.6698642180847972,6.947709516813257,Q3b,100-199,100-199,2010s,D2,False,5.57864,10753.0,630
260799,Trans Europa & Trans Amerika,2018.0,204,216.0,1.5,0.0,7.118406862745097,7.5202392634172925,0.0835574950961671,6.658874654494717,0.8613646089225755,0.8597333006539598,0.697591918534088,7.356466573028805,Q3b,200-499,200-499,2010s,D4,False,5.62921,8215.0,631
401493,FateFlip: Washed Ashore,2024.0,178,618.0,1.3,0.0,7.339606741573034,7.5393754352052476,0.08945209053825372,6.678060109228509,0.8613153259767383,0.8531750615773248,0.685989228521761,7.36404933775027,Q3b,100-199,100-199,2020s,D3,False,5.80214,4802.0,632
181325,Completto,2015.0,350,366.0,1.0,0.0,6.578857142857142,7.102297683174123,0.06379203750796537,6.243546031491313,0.8587516516828098,0.8603236536582992,0.7337192581671976,6.977265289658511,Q3b,200-499,200-499,2010s,D6,False,5.64491,7714.0,633
282435,1882: Assiniboia,2019.0,717,800.0,3.8788,0.0,8.017224546722455,8.9043265371814,0.044569823886233886,8.045867085268886,0.8584594519125144,0.8540310371077986,0.771102597095496,8.816969682364382,Q3b,500-999,500-999,2010s,D7,False,6.12261,2571.0,634
277538,1822MX,2019.0,265,327.0,4.2353,0.0,8.116603773584908,8.952602206291264,0.07331242056203599,8.094692614055441,0.8579095922358224,0.8594018199616293,0.7142172479342319,8.808909861989672,Q3b,200-499,200-499,2010s,D5,False,5.80341,4787.0,635
26233,Manimals,2006.0,111,113.0,1.125,0.0,6.32972972972973,6.71948521378927,0.11327628733737072,5.862334856750506,0.8571503570387646,0.8247521831337936,0.6351288338575181,6.497463690608024,Q3b,100-199,100-199,2000s,D1,False,5.53861,15076.0,636
347747,Mythic Mischief: Headmaster's Box,2022.0,157,198.0,2.0,1.0,7.949044585987261,8.074593038211697,0.09524686053291706,7.217638367714258,0.8569546704974389,0.863910795762548,0.6702708238529215,7.8879091915671795,Q3b,100-199,100-199,2020s,D3,False,5.67073,,637
364655,Kinfire Chronicles: Night's Fall,2023.0,570,1451.0,2.6809,0.0,8.286929824561405,8.622125181522138,0.04998769001615493,7.765380199216356,0.8567449823057824,0.8540070018869503,0.7587691098741187,8.524149309090475,Q3b,500-999,500-999,2020s,D7,False,6.46171,1430.0,638
174802,VENOM Assault,2016.0,297,319.0,2.1429,0.0,7.52087542087542,7.646819220882192,0.06925039759202693,6.790620968130259,0.8561982527519332,0.8629618117147366,0.7204674734715604,7.51108844160182,Q3b,200-499,200-499,2010s,D5,False,5.73027,5820.0,639
287691,Qwixx On Board,2019.0,146,163.0,1.0,0.0,6.877328767123288,7.249868988872272,0.09876977580017929,6.393696217188044,0.8561727716842285,0.8675964577977524,0.6625840111158771,7.056280228303921,Q3b,100-199,100-199,2010s,D2,False,5.59382,9854.0,640
322169,Picto Rush,2020.0,141,186.0,1.0,0.0,6.965248226950354,7.195812295926265,0.10050575712299538,6.3402544240257175,0.8555578719005474,0.883944727207707,0.6585665879394765,6.998821011965194,Q3b,100-199,100-199,2020s,D2,False,5.59428,9829.0,641
394691,The Six of VIII,2024.0,128,271.0,2.0,0.0,7.48828125,8.29111739644164,0.10548616679511308,7.436246587584295,0.8548708088573456,0.8578494221643496,0.6481179219389239,8.084364509523219,Q3b,100-199,100-199,2020s,D2,False,5.68192,6767.0,642
345266,Tales from the Red Dragon Inn,2023.0,519,936.0,2.6471,0.0,8.354894026974952,8.660438543475616,0.05238619038226782,7.806292712770226,0.8541458307053897,0.8875951437215761,0.7514688975561448,8.55776161032637,Q3b,500-999,500-999,2020s,D7,False,6.23779,2102.0,643
266448,Imperium: The Contention,2021.0,428,521.0,2.75,0.0,7.8566822429906535,8.294717502774501,0.0576870872935325,7.440866724716372,0.8538507780581295,0.8631225555545274,0.7407840869628057,8.181650811679178,Q3b,200-499,200-499,2020s,D6,False,5.87391,4119.0,644
144228,FUBA,2013.0,116,131.0,2.5556,0.0,7.285775862068966,7.691251037674278,0.1108080982232961,6.839782278616967,0.8514687590573109,0.8519699749736658,0.6342848865396505,7.474067165156618,Q3b,100-199,100-199,2010s,D1,False,5.58281,10501.0,645
309058,Dog Tag Trick,2020.0,175,216.0,1.8333,0.0,7.007142857142857,7.77296092011273,0.09021556461517782,6.9216776314236785,0.8512832886890518,0.8516821902965184,0.6744607820433033,7.596138413466981,Q3b,100-199,100-199,2020s,D3,False,5.61366,8826.0,646
291794,Dice Throne: Season One ReRolled,2020.0,2794,3248.0,2.0667,0.0,8.248095880458123,8.41650251131785,0.022578094943074268,7.565551457051377,0.8509510542664724,0.860063143262586,0.8066979881780468,8.372249445229425,Q3b,2.5k-5k,2k-5k,2020s,D9,False,7.01785,,647
82420,Summoner Wars: Guild Dwarves vs Cave Goblins,2009.0,2362,2427.0,2.2254,0.0,7.536779847586792,7.7930304566853685,0.024556165358439002,6.942258093270871,0.8507723634144977,0.8545195341806702,0.8026422793119572,7.744900372582828,Q3b,1k-2.5k,2k-5k,2000s,D9,False,6.50383,1327.0,648
280,Neue Spiele im alten Rom,1994.0,237,256.0,2.3125,0.0,6.799535864978903,7.296674804180571,0.07752224173277646,6.447048620813494,0.8496261833670777,0.8721829646131676,0.6976825895708358,7.14473121038433,Q3b,200-499,200-499,1990s,D4,False,5.62652,8320.0,649
180616,Ascension: Year Two Collector's Edition,2015.0,281,294.0,3.0,0.0,7.770059323843418,7.955360516004284,0.07119464615842558,7.106009829034962,0.8493506869693226,0.8358779628097368,0.7098091804988085,7.8158190095337705,Q3b,200-499,200-499,2010s,D5,False,5.72901,,650
198003,Dark Deeds,2016.0,131,178.0,1.4,0.0,7.074016946564885,7.235502477225897,0.10427131437869634,6.3875095866175045,0.8479928906083929,0.8570708066341339,0.6436211144261481,7.031130701043653,Q3b,100-199,100-199,2010s,D2,False,5.57405,11108.0,651
268252,Colorful,2019.0,251,289.0,1.0,0.0,6.955099601593625,7.383860589019119,0.07532924854556144,6.536370984816347,0.8474896042027718,0.8628363341833003,0.6998442770534713,7.236215261869819,Q3b,200-499,200-499,2010s,D4,False,5.65251,7499.0,652
214988,Railways of Nippon,2018.0,518,564.0,2.25,0.0,7.597031853281852,8.090449643821074,0.05243673182227438,7.243029094015039,0.847420549806035,0.8378792671729371,0.7446445554343772,7.987673649449416,Q3b,500-999,500-999,2010s,D7,False,5.89774,3923.0,653
393910,The Texas Chainsaw Massacre: Slaughterhouse,2023.0,204,342.0,2.5,0.0,7.946127450980392,8.04223242281266,0.0835574950961671,7.195194689737065,0.8470377330755952,0.8570184549563749,0.6832650426871076,7.878459732424172,Q3b,200-499,200-499,2020s,D4,False,5.75276,5452.0,654
157451,Mein erster Spieleschatz,2010.0,147,167.0,1.1818,0.0,6.550317482993198,6.721448865457645,0.09843325088386476,5.87485398000767,0.8465948854499752,0.8665990346996475,0.6536657137176003,6.528519693725269,Q3b,100-199,100-199,2010s,D2,False,5.56534,11830.0,655
399166,Kids Chronicles: The Old Oak Prophecy,2023.0,100,195.0,1.1429,0.0,7.2490000000000006,7.465694041559999,0.1193439741795195,6.6194135644906265,0.8462804770693726,0.8963046615685162,0.6123662876775144,7.231779852168141,Q3b,100-199,100-199,2020s,D1,False,5.6189,8612.0,656
21022,Was'n das?,2005.0,356,367.0,1.3,0.0,6.739550561797754,7.100873229198368,0.06325217981091222,6.254692889503486,0.8461803396948815,0.8461721835673961,0.7222060672654935,6.97689895676898,Q3b,200-499,200-499,2000s,D6,False,5.66299,7203.0,657
131904,Heart of Crown,2011.0,1063,1231.0,2.5,0.0,7.491403781749764,7.949436789133162,0.036604448131946826,7.10337457340991,0.8460622157232516,0.8475814774685926,0.7743174973846358,7.877692070794546,Q3b,1k-2.5k,1k-2k,2010s,D8,False,6.12429,2563.0,658
574,Devil Take the Hindmost,1991.0,317,323.0,1.5135,0.0,6.400820189274448,6.854290359435965,0.06703025394664705,6.00826348155362,0.8460268778823457,0.8349911986603589,0.7146475801469174,6.722911061700537,Q3b,200-499,200-499,1990s,D5,False,5.60499,9256.0,659
9132,18C2C: Manifest Destiny,2003.0,126,130.0,4.1818,0.0,7.400793650793651,8.14396272761363,0.10632006251327562,7.298425804656681,0.8455369229569492,0.8695648472642752,0.6371496004309289,7.93557540508761,Q3b,100-199,100-199,2000s,D2,False,5.59759,9631.0,660
186864,Tiefe Taschen,2016.0,607,651.0,1.5,0.0,7.150301482701811,7.636051537347169,0.04844022484150462,6.790649535025514,0.8454020023216549,0.8437756620765926,0.7504591616323057,7.54110869665782,Q3b,500-999,500-999,2010s,D7,False,5.85706,4253.0,661
307997,Insider Black,2020.0,365,476.0,1.1429,0.0,7.197333342465754,7.619979324629217,0.06246749110254928,6.77483596401574,0.8451433606134771,0.8411753106181408,0.7227070780524805,7.49754304206822,Q3b,200-499,200-499,2020s,D6,False,5.77804,5091.0,662
9855,Strat-O-Matic Pro Basketball,1973.0,165,200.0,2.65,0.0,6.958969696969697,7.138662551495427,0.09290915789079598,6.294789214701405,0.8438733367940223,0.8396807146269545,0.6617713873280622,6.956560602029467,Q3b,100-199,100-199,1970s,D3,False,5.60854,9100.0,663
10323,Saga,2003.0,148,155.0,1.7,0.0,6.556689189189188,6.922560770832183,0.09810014248054857,6.078687971067415,0.8438727997647675,0.8396437378378785,0.6515965205028923,6.730284491570307,Q3b,100-199,100-199,2000s,D2,False,5.56548,11811.0,664
92828,Dixit: Odyssey,2011.0,21146,23119.0,1.1601,0.0,7.370911461269267,7.588442463506621,0.008207036821277372,6.7446826975841745,0.8437597659224467,0.8373063922780135,0.8276739737527431,7.572356671336918,Q3b,10k-25k,5k+,2010s,D10,False,7.14121,357.0,665
182954,Rory's Story Cubes: Mythic,2015.0,119,123.0,1.0,0.0,6.684873949579832,6.822614747693066,0.10940244175973919,5.980024652627447,0.8425900950656189,0.8680850385989256,0.6281613092165301,6.6081859618439776,Q3b,100-199,100-199,2010s,D1,False,5.55465,12848.0,666
15173,Die Insel,2005.0,133,148.0,1.9091,0.0,6.651879699248121,6.915751071705349,0.10348434981369051,6.0740940771178895,0.8416569945874599,0.841522831284248,0.6388276689526265,6.712921746070516,Q3b,100-199,100-199,2000s,D2,False,5.57175,11307.0,667
380175,Halloween,2023.0,213,366.0,2.0,0.0,7.668865446009389,7.814617193949949,0.08177314369375521,6.973804137141597,0.8408130568083516,0.7976633205367927,0.6805376951685914,7.654341832310188,Q3b,200-499,200-499,2020s,D4,False,5.7487,5513.0,668
20,Full Metal Planète,1988.0,739,803.0,3.1385,0.0,7.429221529093372,7.716994678043291,0.043901390567614204,6.876483498231025,0.8405111798122666,0.868977716327465,0.7544644542997428,7.630947952530768,Q3b,500-999,500-999,1980s,D7,False,5.96524,3423.0,669
53723,Der HeidelBÄR,2009.0,107,108.0,1.125,0.0,6.350467289719626,6.825063143003744,0.115374174587065,5.985185884408555,0.8398772585951892,0.8459471098596723,0.6137438764045419,6.598929760813097,Q3b,100-199,100-199,2000s,D1,False,5.53722,15336.0,670
16,MarraCash,1996.0,1169,1295.0,2.1616,0.0,6.953020171086398,7.5291775747655665,0.0349054499177046,6.689449757073671,0.8397278176918954,0.8399716262700432,0.7713131358531944,7.460762892926866,Q3b,1k-2.5k,1k-2k,1990s,D8,False,6.03396,3022.0,671
5491,Time is Money,2003.0,157,159.0,1.125,0.0,6.227070063694267,6.634508300271148,0.09524686053291706,5.7949341277617314,0.8395741725094163,0.8320708688527416,0.6528903258648989,6.44782445362663,Q3b,100-199,100-199,2000s,D3,False,5.54379,14262.0,672
43262,Neuroshima Hex! Duel,2009.0,838,873.0,2.625,0.0,7.540071599045347,7.799905259887792,0.04122669179191108,6.961355040186644,0.8385502197011476,0.8488128064328695,0.7577459037890019,7.719100943975646,Q3b,500-999,500-999,2000s,D8,False,6.03827,,673
17030,Anno Domini: Lifestyle,1998.0,221,228.0,1.5,0.0,6.650090497737558,6.937679363016152,0.08027944455796115,6.099351589610341,0.838327773405811,0.8537912132102976,0.6809800620722071,6.780331651682548,Q3b,200-499,200-499,1990s,D4,False,5.60198,9396.0,674
408836,Aqua ROVE: Results-Oriented Versatile Explorer,2024.0,145,303.0,1.7,0.0,7.791724137931036,7.96313453405051,0.09910977603390549,7.125377761425296,0.8377567726252133,0.8394344423055076,0.6435016115987586,7.768879373024055,Q3b,100-199,100-199,2020s,D2,False,5.73656,5689.0,675
18794,SuperGang,1985.0,226,240.0,2.8667,0.0,7.143672566371682,7.401606458930451,0.07938643074396462,6.5639787905443505,0.8376276683861006,0.8597776191517843,0.6820302641279299,7.246009054672281,Q3b,200-499,200-499,1980s,D4,False,5.64566,7693.0,676
151310,The Hobbit: The Desolation of Smaug,2013.0,194,206.0,1.8235,0.0,6.551494845360825,6.770226688398988,0.0856839799440507,5.933095136044155,0.8371315523548324,0.8529752124329617,0.6691909516644929,6.602286087708649,Q3b,100-199,100-199,2010s,D3,False,5.57605,10956.0,677
319135,Nightmare Horror Adventures: Welcome to Crafton Mansion,2021.0,418,508.0,2.1111,0.0,7.73135566985646,8.078773504377258,0.05837304584797518,7.241708161614952,0.8370653427623065,0.8568637385274798,0.7226541729002751,7.964362334515227,Q3b,200-499,200-499,2020s,D6,False,5.88527,4027.0,678
68858,Tanto Cuore: Expanding the House,2010.0,538,586.0,2.12,0.0,7.433344721189591,7.625446490114959,0.05145284081261277,6.788708967605661,0.8367375225092974,0.8349180006621788,0.7358899545165765,7.524598922122237,Q3b,500-999,500-999,2010s,D7,False,5.85047,4320.0,679
96026,18OE: On the Rails of the Orient Express,2014.0,291,319.0,4.5185,0.0,7.998109965635738,8.69824481691057,0.06996067666459725,7.8635779505275085,0.8346668663830616,0.8564634496367596,0.6975439401204511,8.561121890647959,Q3b,200-499,200-499,2010s,D5,False,5.77181,5167.0,680
3416,Fallschirmjaeger: The Airborne Assault on Fortress Holland,2001.0,192,210.0,2.9615,0.0,7.697069010416667,8.001330913571861,0.08612909452338166,7.166830862893616,0.834500050678245,0.8540553857385405,0.6656870254124169,7.832517888306033,Q3b,100-199,100-199,2000s,D3,False,5.66103,7258.0,681
143096,Camp Grizzly,2015.0,756,909.0,1.9762,0.0,7.305725304232805,7.432942033522852,0.04340498376305582,6.598505381485801,0.8344366520370512,0.8556997519178884,0.7493628838614618,7.3478682653472625,Q3b,500-999,500-999,2010s,D7,False,5.94377,3565.0,682
404538,Kinfire Delve: Scorn's Stockade,2024.0,408,1677.0,2.125,0.0,8.063031862745095,8.28771414548349,0.05908407140146145,7.45344476261843,0.8342693828650596,0.8582524951249546,0.7184646029181951,8.171909365536624,Q3b,200-499,200-499,2020s,D6,False,6.46774,1409.0,683
4522,The Ladybug's Costume Party,2002.0,476,517.0,1.0435,0.0,6.48914705882353,6.682920155846345,0.054701220879869596,5.84882474629055,0.8340954095557951,0.8092358298875784,0.7268810166312507,6.5757057629218005,Q3b,200-499,200-499,2000s,D6,False,5.66517,7157.0,684
94902,Dungeons & Dragons Starter Set,2008.0,555,645.0,3.0,0.0,7.6463581801801785,7.820635694105706,0.050658695745031915,6.987755710437538,0.8328799836681675,0.8564809239923417,0.733588940007905,7.721344650445443,Q3b,500-999,500-999,2000s,D7,False,5.93094,3661.0,685
6351,Gulo Gulo,2003.0,2795,2865.0,1.0813,0.0,6.81276836493739,7.128751562639542,0.0225740555665426,6.29592601405535,0.832825548584192,0.8631570942595195,0.7885803996737685,7.084506413729119,Q3b,2.5k-5k,2k-5k,2000s,D9,False,6.21652,2197.0,686
4206,Roads to Gettysburg,1993.0,338,357.0,3.4074,0.0,7.770390621301775,8.134801591793423,0.06491456418160806,7.302295704016704,0.8325058877767191,0.8343560883316616,0.7052733419807673,8.00756904599747,Q3b,200-499,200-499,1990s,D5,False,5.78735,4991.0,687
72644,Perplexus,2001.0,440,463.0,1.5,0.0,6.921324795454547,7.132876670252986,0.056895007316031886,6.300985784775669,0.8318908854773168,0.8249143846164317,0.7203766711378943,7.021362455913564,Q3b,200-499,200-499,2000s,D6,False,5.72335,5929.0,688
74596,Flash Point,2010.0,157,166.0,2.1429,0.0,6.920700636942675,7.188600279632225,0.09524686053291706,6.3569886633332935,0.8316116162989315,0.8111755535936593,0.6449277696544141,7.0019164329877075,Q3b,100-199,100-199,2010s,D3,False,5.58675,10233.0,689
231942,Last Night on Earth: The Zombie Game – 10 Year Anniversary Edition,2017.0,269,308.0,2.7,0.0,7.932128252788104,7.964623853392851,0.07276530529982086,7.133112734341008,0.8315111190518429,0.8603490395376241,0.6888911206641941,7.822003855005202,Q3b,200-499,200-499,2010s,D5,False,5.75086,,690
354031,Smart10: Harry Potter,2021.0,177,255.0,1.0,0.0,7.079784350282485,7.379533276504104,0.089704424158108,6.54803982588235,0.8314934506217542,0.8359719964604002,0.6556727792718625,7.203712605154212,Q3b,100-199,100-199,2020s,D3,False,5.64248,7790.0,691
194723,Mask of Anubis,2016.0,335,345.0,1.0,0.0,6.699426865671642,7.161805790111563,0.06520457857049432,6.330775626744911,0.8310301633666519,0.840039503301627,0.703229189368483,7.034004816113394,Q3b,200-499,200-499,2010s,D5,False,5.66031,7276.0,692
288276,Tough Calls: Dystopia,2020.0,118,169.0,1.1667,0.0,7.169067796610169,7.334703056469392,0.10986503342877853,6.503711740432626,0.8309913160367657,0.8354154347256753,0.6156558505163597,7.119367590948986,Q3b,100-199,100-199,2020s,D1,False,5.59728,9645.0,693
234452,Guess Club,2017.0,256,299.0,1.625,0.0,6.9406510546875,7.462913105260032,0.07458998386219969,6.632121267227236,0.8307918380327965,0.8386389573016118,0.6845954696628852,7.316716736890121,Q3b,200-499,200-499,2010s,D5,False,5.65334,7470.0,694
1036,Speculation,1992.0,862,899.0,2.0185,0.0,6.667337587006958,7.186432725558642,0.04064871891624056,6.356180515459586,0.8302522100990561,0.8202705208130059,0.7505807210232246,7.106761236482811,Q3b,500-999,500-999,1990s,D8,False,5.81875,4628.0,695
144223,Blocky Mountains,2014.0,145,148.0,1.75,0.0,6.9206896551724135,7.273198467001437,0.09910977603390549,6.443032424028329,0.8301660429731079,0.8077572787915281,0.6359108819466532,7.078943305974983,Q3b,100-199,100-199,2010s,D2,False,5.58437,10391.0,696
152345,"La Patrie en Danger 1814: The Campaign in France, Part I",2014.0,103,121.0,3.125,0.0,8.034660194174757,8.238174608895157,0.11759311193156399,7.408529385490073,0.829645223405084,0.8276679025189644,0.5991627240192186,8.007692109509291,Q3b,100-199,100-199,2010s,D1,False,5.60466,9267.0,697
5369,Hordes of the Things,1991.0,253,280.0,2.4737,0.0,7.2872720553359684,7.5083972175308284,0.07503091371580374,6.679053181809005,0.8293440357218236,0.8515569720731522,0.6822834448388483,7.361336626647853,Q3b,200-499,200-499,1990s,D4,False,5.67456,6943.0,698
173634,The Red Dragon Inn 5: The Character Trove,2015.0,877,998.0,2.0714,0.0,7.545072485746863,7.542725905817354,0.040299596627821066,6.713639983134875,0.8290859226824789,0.8214075104841747,0.7500987132919497,7.463738696426825,Q3b,500-999,500-999,2010s,D8,False,6.02311,3070.0,699
2224,Circus Imperium,1988.0,295,320.0,2.1304,0.0,6.724312576271187,6.965517256281211,0.06948474816909572,6.13787861154551,0.8276386447357007,0.8155102332108077,0.6914485383242731,6.829327149869783,Q3b,200-499,200-499,1980s,D5,False,5.64204,7803.0,700
179661,KINMO,2015.0,143,174.0,1.1333,0.0,7.048391608391609,7.027533991444818,0.09980044485011572,6.20005523720646,0.8274787542383581,0.8360200531481041,0.6318698823321314,6.831925119538591,Q3b,100-199,100-199,2010s,D2,False,5.59676,9683.0,701
368899,Magic Keys,2022.0,196,442.0,1.0588,0.0,7.117984693877553,7.437412378222055,0.08524569584251393,6.61018521135879,0.8272271668632651,0.8373490188734962,0.6601456030119378,7.270330814370728,Q3b,100-199,100-199,2020s,D4,False,5.76574,5259.0,702
256874,Legendary Encounters: The X-Files Deck Building Game,2018.0,815,946.0,2.7647,0.0,7.646847300613498,7.852452424928615,0.04180437082405756,7.025295830165108,0.8271565947635073,0.8495145148007373,0.7452200279483545,7.770515858113463,Q3b,500-999,500-999,2010s,D8,False,6.08871,2731.0,703
111379,My Very First Games: Animal upon Animal,2011.0,179,203.0,1.0,0.0,6.516983240223463,6.804563611453015,0.08920187441025379,5.977507539316033,0.8270560721369824,0.8236497558902061,0.6522203982928849,6.6297279376089175,Q3b,100-199,100-199,2010s,D3,False,5.5763,10930.0,704
964,Kapitän Wackelpudding,1994.0,206,214.0,1.1429,0.0,6.258053398058252,6.7436497690660095,0.08315088686763761,5.917098209518709,0.8265515595473003,0.8442318266363502,0.6635758212867306,6.58067403080544,Q3b,200-499,200-499,1990s,D4,False,5.5681,11605.0,705
327,Loopin' Louie,1992.0,9546,10014.0,1.0509,0.0,6.727049811439349,7.054388167821967,0.012214896201778219,6.228279789344441,0.8261083784775263,0.8223463008993264,0.802167181922041,7.030446971266482,Q3b,5k-10k,5k+,1990s,D10,False,6.47466,1391.0,706
3893,Full Thrust,1992.0,437,475.0,2.5692,0.0,7.313168787185354,7.5459699611823385,0.05708996507973978,6.720648467731131,0.8253214934512076,0.8246361957573409,0.7134251618949177,7.434073629626049,Q3b,200-499,200-499,1990s,D6,False,5.79411,4913.0,707
386538,Astro Knights: Eternity,2024.0,316,524.0,2.75,0.0,8.342009493670885,8.648403452493088,0.0671362306989026,7.823894962349971,0.824508490143117,0.8261341235987736,0.692921477973268,8.51681644032324,Q3b,200-499,200-499,2020s,D5,False,5.96161,3447.0,708
155496,Holdfast: Russia 1941-42,2014.0,229,242.0,2.125,0.0,7.626524628820962,7.9958774587100665,0.07886471799005844,7.171628298632652,0.8242491600774144,0.8225092995532028,0.6696743128168999,7.841302611449552,Q3b,200-499,200-499,2010s,D4,False,5.68445,6714.0,709
164698,Fresh Fish,2014.0,985,1163.0,2.4,0.0,7.13133502538071,7.824971566951879,0.038026152065517085,7.001357599009815,0.8236139679420642,0.8087986122720414,0.7490827098936508,7.750440308903466,Q3b,500-999,500-999,2010s,D8,False,6.06561,2863.0,710
237828,Anno Domini 1666,2019.0,126,194.0,3.4667,0.0,8.272857142857143,8.37960157100523,0.10632006251327562,7.557453113606686,0.8221484573985443,0.8155483897279066,0.613761134872524,8.17121424847921,Q3b,100-199,100-199,2010s,D2,False,5.62705,8297.0,711
57141,"Codeword Cromwell: The German Invasion of England, 8 June 1940",2014.0,136,152.0,3.0,0.0,7.969485294117646,8.201727887811241,0.1023366135853585,7.3797638315243885,0.8219640562868529,0.8034361425833758,0.6213842936595502,8.001148125183938,Q3b,100-199,100-199,2010s,D2,False,5.64338,7755.0,712
146922,Chain of Command,2013.0,174,238.0,3.2857,0.0,8.162068965517241,8.37545809403745,0.09047443333842489,7.554030002765992,0.821428091271458,0.8405474451992792,0.6440982019281452,8.198128204694138,Q3b,100-199,100-199,2010s,D3,False,5.70563,6243.0,713
13883,Jenseits von Theben,2004.0,550,554.0,2.4242,0.0,7.111292745454546,7.553988042012132,0.05088844157559806,6.732679764486772,0.8213082775253602,0.8481620089697168,0.721566932037188,7.45424669652396,Q3b,500-999,500-999,2000s,D7,False,5.79432,4912.0,714
273657,El Camarero,2018.0,172,316.0,1.3,0.0,7.222906976744187,7.23609779432908,0.09099892720094005,6.415126718371646,0.8209710759574342,0.8313190445139877,0.6426131786435918,7.057739897015237,Q3b,100-199,100-199,2010s,D3,False,5.6767,6890.0,715
212662,The Red Dragon Inn 6: Villains,2017.0,411,501.0,2.4,0.0,7.729385523114356,7.672041526060949,0.058868041166609486,6.851391526291904,0.8206499997690448,0.8391910789978043,0.7052686390824903,7.556660165374394,Q3b,200-499,200-499,2010s,D6,False,5.80204,4804.0,716
210290,Legendary: Buffy The Vampire Slayer,2017.0,1092,1222.0,2.2083,0.0,7.471520146520145,7.640807820637732,0.03611512951577993,6.820810842939201,0.8199969776985307,0.8223621604844391,0.7492113238476021,7.570022166786803,Q3b,1k-2.5k,1k-2k,2010s,D8,False,6.14196,2484.0,717
184424,Mega Civilization,2015.0,1035,1153.0,3.7059,0.0,8.114338270531404,8.616270610757237,0.0370962765856366,7.796686652391845,0.8195839583653921,0.8453659478195128,0.7468752562575444,8.543561908649389,Q3b,1k-2.5k,1k-2k,2010s,D8,False,6.32138,1808.0,718
6112,Battle Dome,1994.0,143,156.0,1.0,0.0,6.335706293706294,6.552935869364368,0.09980044485011572,5.734630304888954,0.8183055644754136,0.8184263294204515,0.6226966925691868,6.357326997458141,Q3b,100-199,100-199,1990s,D2,False,5.54932,13503.0,719
204728,BattleCON: Trials of Indines,2016.0,354,399.0,3.6364,0.0,8.10118361581921,8.533508405085657,0.06343060662463253,7.715242379734786,0.8182660253508711,0.7829797461531172,0.6939420363665914,8.409184416101377,Q3b,200-499,200-499,2010s,D6,False,5.85145,4306.0,720
251433,Yokai Septet,2018.0,1036,1634.0,1.8919,0.0,7.350572905405405,7.980348006813072,0.037078368654790646,7.1622154863069305,0.8181325205061416,0.8150304955579575,0.745458917942752,7.907674404249683,Q3b,1k-2.5k,1k-2k,2010s,D8,False,6.28389,1948.0,721
286925,Detective Stories: Case 3 – Still Lake,2019.0,133,164.0,2.0,0.0,7.34812030075188,7.776859324966884,0.10348434981369051,6.959502409580731,0.8173569153861528,0.8271308001223563,0.6145275897513195,7.57402999933205,Q3b,100-199,100-199,2010s,D2,False,5.61215,8898.0,722
334379,Doodle Dash,2021.0,707,951.0,1.0,0.0,7.311617157001413,7.738347808065807,0.044883920963947124,6.9211159588123135,0.8172318492534938,0.7930437221055069,0.7292593641641574,7.650375322976471,Q3b,500-999,500-999,2020s,D7,False,6.01528,3112.0,723
200456,Ascension X: War of Shadows,2016.0,627,676.0,2.0,0.0,7.480443588516746,7.735191435141099,0.047661392353209125,6.918135402040274,0.8170560331008243,0.8164207303065947,0.7236397040885344,7.641775106128809,Q3b,500-999,500-999,2010s,D7,False,5.91353,3794.0,724
804,Thunder Road,1986.0,843,908.0,1.3571,0.0,6.605839074733094,6.824106283673117,0.041104248124427166,6.00710264845552,0.8170036352175964,0.8274874610496701,0.7364393088937192,6.7435419573492394,Q3b,500-999,500-999,1980s,D8,False,5.80412,4776.0,725
241590,Smart10,2017.0,3374,4416.0,1.1714,0.0,7.460224673977474,7.757835146620193,0.020546031836183122,6.94093946130285,0.816895685317343,0.8292027343889998,0.7766254629184242,7.717564924221274,Q3b,2.5k-5k,2k-5k,2010s,D10,False,6.73628,860.0,726
1380,Jockey,1973.0,361,377.0,1.4848,0.0,6.345235457063711,6.663252543821145,0.06281261798922079,5.84687272761383,0.8163798162073155,0.8236349879675862,0.6932670849484427,6.5401398125622725,Q3b,200-499,200-499,1970s,D6,False,5.61023,9011.0,727
245532,18GB: The Railways of Great Britain,2018.0,123,150.0,3.8333,0.0,7.582650406504064,8.474553701672075,0.10760883759820682,7.65889222834338,0.8156614733286958,0.8158103848257134,0.6047481516362104,8.26364037997959,Q3b,100-199,100-199,2010s,D1,False,5.61787,8657.0,728
54221,Push Fight,2008.0,155,179.0,2.5556,0.0,7.1825161290322574,7.55697028764889,0.0958593868490308,6.741771790028487,0.8151984976204032,0.8339083006436026,0.6273140993963029,7.36908588942479,Q3b,100-199,100-199,2000s,D3,False,5.61449,8789.0,729
173574,1836Jr,2006.0,187,201.0,4.2857,0.0,7.048930481283423,8.070800709858,0.0872729573032229,7.255634997120749,0.8151657127372509,0.7839026976967371,0.644110716422934,7.899745713543683,Q3b,100-199,100-199,2000s,D3,False,5.6196,8584.0,730
5677,A Bridge Too Far: Arnhem,1976.0,240,260.0,2.225,0.0,7.270905791666666,7.448368984492277,0.07703620407791449,6.633452512481479,0.8149164720107986,0.8351229573760355,0.6639255120180863,7.297378024499565,Q3b,200-499,200-499,1970s,D4,False,5.6626,7217.0,731
422332,Star Wars: The Deckbuilding Game – Clone Wars Edition,2024.0,584,1770.0,2.2903,0.0,8.066500650684931,8.335319398990773,0.049384887900089644,7.520458692392097,0.8148607065986759,0.8393020156670552,0.7180663263145002,8.238525018706598,Q3b,500-999,500-999,2020s,D7,False,6.52359,1282.0,732
319754,Peek-a-Mouse,2020.0,221,284.0,1.0,0.0,7.134825927601811,7.334319693687724,0.08027944455796115,6.520032318832014,0.8142873748557102,0.8279235356837917,0.6569396635221063,7.17697198235412,Q3b,200-499,200-499,2020s,D4,False,5.65295,7486.0,733
118215,Sausage Sizzle!,2012.0,386,1213.0,1.0488,0.0,6.517904430051813,6.899301061377523,0.060744483476181076,6.085214729739237,0.8140863316382863,0.8082502659461817,0.6950271440249713,6.780241873764208,Q3b,200-499,200-499,2010s,D6,False,5.84616,4373.0,734
