game_id,title,year,n_obs,adj_mean,resid_Q3bFam,resid_Q4Fam,se_adj,hiddenness_bucket,ref_penetration,hobby_well_known,spec_primary_share_ge10,spec_primary_share_ge20,tvd_volume_global,overlap_status_prop7c,sensitivity_class_prop7c,max_weight_prop7c,n_supported_ge10,has_broad_specialist,has_niche_drop,taxonomy,is_solo_first,is_duel,is_wargame_duel,is_euro_duel,is_coop,is_edition_title,is_volume_sequel,is_container,eligibility_flag,confidence,max_eco
12,Ra,1999.0,27540,8.040775564758325,0.6164359424539061,0.6015797802317415,0.007191484154628,exclude,0.098671482006965,1,,,0.0843872598544089,adequate_overlap,stable_under_exposure_adjustment,1349.229115248863,4,False,True,moderate_audience_selectivity,0,0,0,0,0,0,0,0,eligible,eligible,19
2641,"Barbarian, Kingdom & Empire",1983.0,123,7.504335064481186,0.9468170465015984,0.9763452887763008,0.1076088375982068,eligible,0.0004048612006821,0,0.926829268292683,0.8373983739837398,0.0748282300326151,insufficient_overlap,insufficient_overlap,2874.3148872154165,3,True,False,insufficient_evidence,0,0,0,0,0,0,0,0,eligible,eligible,0
4688,Angola,1988.0,540,8.532192604514535,1.2752277716112277,1.1921475751620498,0.0513574693852763,eligible,0.0018809923040543,0,0.9666666666666668,0.8981481481481481,0.1302838973816299,borderline_overlap,strongly_sensitive,1904.4520566746296,4,True,False,moderate_audience_selectivity,0,0,0,0,0,0,0,0,eligible,eligible,16
5243,Montage,1973.0,209,7.713078492508855,1.3732747534186602,1.3376136001988843,0.0825519531152329,eligible,0.0007452312366539,0,,,0.4473116446606396,borderline_overlap,moderately_sensitive,466.9799059378618,2,True,False,moderate_audience_selectivity,0,0,0,0,0,0,0,0,eligible,eligible,0
5369,Hordes of the Things,1991.0,253,7.5083972175308284,0.8266577665282631,0.8569867319695943,0.0750309137158037,eligible,0.0008240537712999,0,0.8972332015810277,0.7628458498023716,0.0747300098061902,insufficient_overlap,insufficient_overlap,10229.090345484505,7,True,False,moderate_audience_selectivity,0,0,0,0,0,0,0,0,eligible,eligible,3
5452,"DAK: The Campaign in North Africa, 1940-1942",1997.0,196,8.401652134454874,0.8087549269561176,0.7436472958498364,0.0852456958425139,eligible,0.0004980151052639,0,0.9897959183673468,0.8979591836734694,0.0432232845784488,borderline_overlap,moderately_sensitive,1460.661088329941,4,True,False,high_audience_selectivity,0,1,1,0,0,0,0,0,eligible,eligible,18
5686,Stargrunt II,1996.0,145,7.625455827965627,0.7747002568325208,0.8155705551233225,0.0991097760339054,eligible,0.0004442724680052,0,0.8413793103448276,0.7103448275862069,0.1474300234357391,insufficient_overlap,insufficient_overlap,3469.00609754914,3,True,False,insufficient_evidence,0,0,0,0,0,0,0,0,eligible,eligible,0
8045,Princes of the Renaissance,2003.0,2339,7.864250860940865,0.514287332381616,0.4880858727170674,0.0246766036122978,borderline,0.008362354357453,1,0.9581017528858486,0.8909790508764429,0.2513402134198611,borderline_overlap,strongly_sensitive,760.4140070642339,7,True,False,high_audience_selectivity,0,0,0,0,0,0,0,0,eligible,eligible,0
12355,Brigade Fire and Fury: Wargaming the Civil War with Miniatures,1990.0,174,7.863286095732696,1.008802042600716,0.950855061724325,0.0904744333384248,eligible,0.0005410092150708,0,0.942528735632184,0.8275862068965517,0.1083495636656241,borderline_overlap,moderately_sensitive,1381.58297395466,3,True,False,high_audience_selectivity,0,0,0,0,0,0,0,0,eligible,eligible,0
12608,Chess960,1996.0,158,8.110360596352983,1.2329992733718385,1.223780063061911,0.0949449679809969,eligible,0.0005517577425226,0,,,0.1459300981043225,adequate_overlap,moderately_sensitive,513.1601543488134,1,True,False,low_audience_selectivity,0,1,0,1,0,0,0,0,eligible,eligible,0
12897,La Bataille de Ligny,1991.0,217,7.976467959678571,0.4690931015991619,0.461949529048427,0.0810159686511251,eligible,0.0005625062699743,0,0.9815668202764976,0.912442396313364,0.1328446069866696,borderline_overlap,moderately_sensitive,1532.7736210817966,3,True,False,high_audience_selectivity,0,1,1,0,0,0,0,0,eligible,eligible,12
17133,Railways of the World,2005.0,12114,8.025144865549422,0.3681772947179453,0.1603221848250129,0.0108431810968845,exclude,0.0432520744657981,1,,,0.0607865240869081,adequate_overlap,stable_under_exposure_adjustment,1046.0640395491607,4,True,False,low_audience_selectivity,0,0,0,0,0,0,0,0,eligible,eligible,4
23604,The World Cup Game,2006.0,741,7.527375316005767,0.986540830154672,0.9525128233265648,0.0438421043953026,eligible,0.0026441377531278,0,,,0.2846445252732605,borderline_overlap,moderately_sensitive,1540.6331644893262,4,True,False,moderate_audience_selectivity,0,0,0,0,0,0,0,0,eligible,eligible,0
30645,Tammany Hall,2007.0,4375,7.773017390778109,0.4979046786747867,0.4619801530056397,0.0180431129230355,exclude,0.0156570216546999,1,,,0.1594540105248511,adequate_overlap,stable_under_exposure_adjustment,1097.0816348893352,4,True,False,low_audience_selectivity,0,0,0,0,0,0,0,0,eligible,eligible,0
30957,Tribune: Primus Inter Pares,2007.0,4660,7.681127930775768,0.34457318531941,0.4340919305566775,0.0174826610442467,exclude,0.016685297447583,1,,,0.218860264356856,adequate_overlap,stable_under_exposure_adjustment,884.7182543444069,4,False,True,moderate_audience_selectivity,0,0,0,0,0,0,0,0,eligible,eligible,0
31627,Ticket to Ride: Nordic Countries,2007.0,14132,7.858752074705099,0.6013225772974602,0.5032501468392807,0.0100391901796588,exclude,0.0505431589205612,1,,,0.0744729798920346,borderline_overlap,moderately_sensitive,1777.881053373556,4,False,True,low_audience_selectivity,0,0,0,0,0,0,0,0,borderline,borderline,21
31954,"A Victory Denied: Crisis at Smolensk, July-September, 1941",2009.0,415,7.618768712069449,0.3711639390100538,0.2774334186303369,0.0585836528310325,eligible,0.0013292345615317,0,0.9734939759036144,0.8746987951807229,0.0646322291931752,borderline_overlap,strongly_sensitive,3033.181672656606,4,False,True,moderate_audience_selectivity,0,1,1,0,0,0,0,0,eligible,eligible,16
41006,Ordo,2009.0,109,7.683836580063044,0.7993909167099531,0.8007879969741065,0.1143107954518981,eligible,0.0003475357209395,0,,,0.2214835448636005,insufficient_overlap,insufficient_overlap,719.0244324003781,2,False,True,insufficient_evidence,0,1,0,1,0,0,0,0,eligible,eligible,0
62230,Wild Blue Yonder,2017.0,303,8.031898303663032,0.5500321058185591,0.6831469098427476,0.0685613217679009,eligible,0.001028275792883,0,0.9273927392739274,0.8217821782178217,0.0721601263645176,borderline_overlap,strongly_sensitive,4657.398223190966,4,True,False,moderate_audience_selectivity,0,0,0,0,0,0,0,0,eligible,eligible,6
62972,The Barbarossa Campaign,2010.0,227,8.058188629726226,0.514652086637442,0.5509066231338142,0.0792113777619322,eligible,0.0007631454490734,0,0.9118942731277532,0.8325991189427313,0.1122927907045116,borderline_overlap,moderately_sensitive,2793.885594761769,4,True,False,moderate_audience_selectivity,1,1,1,0,0,0,0,0,eligible,eligible,0
63170,1817,2010.0,764,9.360258130891465,0.6523831175404489,0.6714702174206195,0.0431771345054873,eligible,0.002715794602806,0,0.5942408376963351,0.2971204188481675,0.1646920060371921,insufficient_overlap,insufficient_overlap,16298.596960519855,6,False,True,moderate_audience_selectivity,0,0,0,0,0,0,0,0,borderline,borderline,81
65901,Age of Industry,2010.0,3039,7.920078271521391,0.3334365820825189,0.1880213172968092,0.0216488656768091,exclude,0.0108775097811599,1,0.974662717999342,0.922671931556433,0.2616066359185426,borderline_overlap,moderately_sensitive,631.1956992052137,7,True,False,high_audience_selectivity,0,0,0,0,0,0,0,0,eligible,eligible,10
65936,"The Blitzkrieg Legend: The Battle for France, 1940",2012.0,233,8.35601293763169,0.3516127502772495,0.2833990835127817,0.0781848370450462,eligible,0.0006592430170399,0,0.9957081545064378,0.9399141630901288,0.0971674202814957,borderline_overlap,moderately_sensitive,1907.254301789871,3,True,False,high_audience_selectivity,0,1,1,0,0,0,0,0,eligible,eligible,18
92828,Dixit: Odyssey,2011.0,21146,7.588442463506621,0.8373867119867748,0.8077207842794669,0.0082070368212773,exclude,0.0754725769236281,1,0.5771304265582143,0.3258299441974842,0.1331037227850623,borderline_overlap,moderately_sensitive,3821.926571466925,7,False,True,low_audience_selectivity,0,0,0,0,0,0,0,0,borderline,borderline,6
94373,Dien Bien Phu: The Final Gamble,2014.0,256,8.682484796881457,1.1167650370003877,1.089317951886942,0.0745899838621996,eligible,0.0007523969216217,0,0.95703125,0.82421875,0.0973492044702219,borderline_overlap,moderately_sensitive,3865.24883093425,4,True,False,high_audience_selectivity,1,1,1,0,0,0,0,0,eligible,eligible,0
102151,Colorado Midland,2011.0,149,7.728605550899646,1.1047303622000673,0.9684979007224914,0.0977703931694625,eligible,0.000533843530103,0,1.0,0.9932885906040269,0.4366973470540937,insufficient_overlap,insufficient_overlap,113.66827745835197,2,True,False,insufficient_evidence,0,0,0,0,0,0,0,0,borderline,borderline,33
119506,Freedom: The Underground Railroad,2013.0,4514,7.936818867371294,0.3781872980007925,0.3157354801985352,0.0177631391727076,exclude,0.0161442882325121,1,0.885024368630926,0.7565352237483385,0.1541059758391115,borderline_overlap,strongly_sensitive,1202.1369579982434,8,True,False,moderate_audience_selectivity,0,0,0,0,1,0,0,0,eligible,eligible,0
119637,Zug um Zug: Deutschland,2012.0,910,7.773935741652534,1.0631685195206575,1.0118652419350118,0.0395621422060265,eligible,0.0032568038178769,0,,,0.0319806168416434,adequate_overlap,stable_under_exposure_adjustment,1527.854302599949,4,False,True,moderate_audience_selectivity,0,0,0,0,0,0,0,0,borderline,borderline,21
127493,Bolt Action,2012.0,637,7.936375748443059,0.414171476841128,0.3214437761893958,0.0472858042111986,eligible,0.0022034481276065,0,0.7660910518053375,0.5635792778649922,0.1770624599647274,insufficient_overlap,insufficient_overlap,10721.49308377948,7,True,False,moderate_audience_selectivity,0,0,0,0,0,0,0,0,eligible,eligible,1
128271,Ginkgopolis,2012.0,8277,7.996824305093476,0.5455619069970723,0.536105074457236,0.0131178910100638,exclude,0.0296444387118964,1,,,0.2364748496832763,adequate_overlap,stable_under_exposure_adjustment,990.3022180036234,4,True,False,moderate_audience_selectivity,0,0,0,0,0,0,0,0,eligible,eligible,0
131111,Codex: Card-Time Strategy – Deluxe Set,2016.0,1055,8.372303457816434,0.5416425908859139,0.5138370569831725,0.0367429706634035,eligible,0.0037619846081086,0,,,0.0869470369297258,adequate_overlap,moderately_sensitive,788.9350370939759,4,True,False,low_audience_selectivity,0,0,0,0,0,1,0,0,borderline,borderline,13
139131,Hoplomachus: Rise of Rome,2013.0,389,8.212705736298304,1.0451079008444015,0.8721581984806779,0.0605097968930783,eligible,0.0013829771987904,0,0.910025706940874,0.7737789203084833,0.0506546801373621,borderline_overlap,moderately_sensitive,1092.0836107470425,4,True,False,moderate_audience_selectivity,1,1,0,0,1,0,0,0,borderline,borderline,5
146207,Dead Man's Hand,2013.0,136,7.9825298601065695,1.1010127223992443,1.0306030039343446,0.1023366135853585,eligible,0.0004657695229086,0,0.75,0.5588235294117647,0.154207794591529,insufficient_overlap,insufficient_overlap,14962.888386284149,7,True,False,insufficient_evidence,0,0,0,0,0,0,0,0,eligible,eligible,0
146652,Legendary Encounters: An Alien Deck Building Game,2014.0,12921,7.993580322885686,0.6460300513325947,0.543713055358582,0.0104991087120332,exclude,0.0461326798228642,1,0.8179707452983516,0.6004953176998684,0.0647380666031907,adequate_overlap,stable_under_exposure_adjustment,1712.394136188961,7,True,False,low_audience_selectivity,0,0,0,0,1,0,0,0,borderline,borderline,12
151771,La Cosa Nostra,2014.0,1784,7.898957527390872,0.5283593892361171,0.5652319485069199,0.0282555048140369,borderline,0.0063667110939134,1,,,0.0569523956250528,adequate_overlap,stable_under_exposure_adjustment,1302.7966941134814,4,True,False,low_audience_selectivity,0,0,0,0,0,0,0,0,borderline,borderline,26
152765,Thunderstone Advance: Worlds Collide,2014.0,803,7.957738538132572,0.8223044573098264,0.726907953616621,0.0421155739097625,eligible,0.0028662739871304,0,,,0.0453073314583761,adequate_overlap,stable_under_exposure_adjustment,899.0411302022314,4,True,False,low_audience_selectivity,0,0,0,0,0,0,0,0,borderline,borderline,7
157917,The Lord of the Ice Garden,2014.0,1281,8.016784878023804,0.3287037401817567,0.3816458045476913,0.033344632167358,eligible,0.0045896212218926,0,,,0.0284182051076395,adequate_overlap,stable_under_exposure_adjustment,587.2258909891023,3,True,False,low_audience_selectivity,0,0,0,0,0,0,0,0,eligible,eligible,0
158237,1914: Glory's End / When Eagles Fight,2014.0,189,7.564993832109645,0.3294397884213911,0.1969171553230833,0.0868099675261116,eligible,0.0005696719549421,0,0.9523809523809524,0.8941798941798942,0.1110589548558137,borderline_overlap,strongly_sensitive,3749.8527297111264,4,True,False,high_audience_selectivity,0,1,1,0,0,0,1,0,eligible,eligible,0
165556,Nyakuza,2014.0,607,7.501128658328248,0.544199876255453,0.5111255189841462,0.0484402248415046,eligible,0.0021747853877352,0,,,0.3639553990868657,borderline_overlap,moderately_sensitive,1210.0725942504507,2,False,True,moderate_audience_selectivity,0,0,0,0,0,0,0,0,eligible,eligible,0
170472,Prelude to Rebellion: Mobilization & Unrest in Lower Canada 1834-1837,2018.0,102,8.358057091683177,0.9080519007462372,0.9941890019099536,0.1181681428029229,eligible,0.0003439528784556,0,0.9411764705882352,0.8529411764705882,0.2221296407769519,insufficient_overlap,insufficient_overlap,3828.023889323673,2,True,False,insufficient_evidence,0,1,1,0,0,0,0,0,eligible,eligible,0
170669,Old School Tactical: Volume 1 – Fighting on the Eastern Front 1941/42,2016.0,208,8.111176398462657,0.4238260031661838,0.3613466416271542,0.0827501573695976,eligible,0.0006234145922008,0,0.9326923076923076,0.7932692307692307,0.178972455729024,insufficient_overlap,insufficient_overlap,9853.746749968144,4,True,False,moderate_audience_selectivity,0,1,1,0,0,0,1,0,eligible,eligible,2
174298,Napoleon's Last Gamble: Battles of the Hundred Days,2016.0,151,8.524707498575438,1.141045044164354,0.997154330901866,0.0971207488111762,eligible,0.0004191925706178,0,0.9801324503311258,0.8874172185430463,0.0710141067882993,borderline_overlap,moderately_sensitive,3250.390142185893,3,True,False,high_audience_selectivity,0,0,0,0,0,0,0,0,eligible,eligible,7
173634,The Red Dragon Inn 5: The Character Trove,2015.0,877,7.542725905817354,0.8352017110623482,0.9324033748789128,0.040299596627821,eligible,0.0030525817962939,0,0.6978335233751425,0.4047890535917902,0.1560647384570678,adequate_overlap,moderately_sensitive,1296.0643562565608,7,True,False,moderate_audience_selectivity,0,0,0,0,0,0,1,0,borderline,borderline,11
176530,Xenon Profiteer,2015.0,1051,7.707905753841328,0.6555791217228881,0.4116872247627805,0.0368128242828566,eligible,0.0037584017656247,0,0.9257849666983824,0.8363463368220743,0.2857385286708345,borderline_overlap,strongly_sensitive,1412.7387001596333,7,True,False,high_audience_selectivity,0,0,0,0,0,0,0,0,borderline,borderline,26
177014,Giga-Robo!,2020.0,140,8.219250455160834,0.5087173734591808,0.6455348055627574,0.1008640675540311,eligible,0.0004980151052639,0,,,0.0624225751907202,insufficient_overlap,insufficient_overlap,540.9840032217039,3,True,False,insufficient_evidence,0,0,0,0,0,0,0,0,eligible,eligible,0
177354,Frostgrave,2015.0,758,8.102334103413853,0.596260672430482,0.604839024555007,0.0433476834294762,eligible,0.0026477205956117,0,0.6200527704485488,0.4129287598944591,0.1517790362644171,insufficient_overlap,insufficient_overlap,13434.302900122631,7,True,False,moderate_audience_selectivity,0,0,0,0,0,0,0,0,eligible,eligible,1
182631,Star Realms: Colony Wars,2015.0,8214,8.015769108961521,0.7285387978016082,0.6635452262472583,0.0131681009286357,exclude,0.0294079711079582,1,,,0.0950547932596283,borderline_overlap,moderately_sensitive,1803.0092376217565,4,True,False,moderate_audience_selectivity,0,1,0,1,0,0,0,0,borderline,borderline,5
182770,DC Comics Dice Masters: World's Finest,2016.0,401,7.524307461362925,0.5351573096802245,0.4425670820598348,0.059597536671386,eligible,0.0014259713085973,0,,,0.0815492525123217,adequate_overlap,stable_under_exposure_adjustment,897.8404345785362,4,True,False,moderate_audience_selectivity,0,1,0,1,0,0,0,0,borderline,borderline,18
185380,"Exceed: Red Horizon – Satoshi, Mei Lien, Morathi, and Baelkhor",2016.0,118,8.16846568283193,1.3040875259058833,1.3278292851841726,0.1098650334287785,eligible,0.000408444043166,0,,,0.1129571582246089,insufficient_overlap,insufficient_overlap,1166.618036258517,1,True,False,insufficient_evidence,0,1,0,1,0,0,0,0,borderline,borderline,8
185381,"Exceed: Red Horizon – Alice, Zoey, Gabrek, and Ulrik",2016.0,121,8.0777546311927,1.343447597707236,1.358887060754288,0.1084945219813813,eligible,0.0004263582555856,0,,,0.1416726645980506,insufficient_overlap,insufficient_overlap,1095.076084918548,2,True,False,insufficient_evidence,0,1,0,1,0,0,0,0,borderline,borderline,8
201856,Last Will,2016.0,236,7.518194204840359,0.7420525926801602,0.7964702330888151,0.077686310152776,eligible,0.0008455508262034,0,0.902542372881356,0.7669491525423728,0.1271979880605148,adequate_overlap,stable_under_exposure_adjustment,625.3986212088301,5,True,False,moderate_audience_selectivity,0,0,0,0,0,0,0,0,eligible,eligible,0
223040,Fantasy Realms,2017.0,16119,7.854150593951824,0.3258920986028206,0.3336534714315755,0.0094000778029846,exclude,0.0577088438883872,1,,,0.0768544980059509,borderline_overlap,moderately_sensitive,1931.0367496859967,4,True,False,moderate_audience_selectivity,0,0,0,0,0,0,0,0,eligible,eligible,0
228602,Valor & Villainy: Minions of Mordak,2020.0,666,7.622893285016461,0.4116194873417083,0.3421699987583011,0.0462448506555749,eligible,0.0023718417243504,0,,,0.0183555778910174,adequate_overlap,stable_under_exposure_adjustment,1361.5613576378385,4,True,False,low_audience_selectivity,0,0,0,0,0,0,0,0,eligible,eligible,0
228668,Dungeons & Dragons: Tomb of Annihilation Board Game,2017.0,716,7.556294265412315,0.4396362116927053,0.3761751148076451,0.0446009372051268,eligible,0.0024829098413517,0,0.8365921787709497,0.6354748603351955,0.1157020326825124,borderline_overlap,moderately_sensitive,1741.8251191460447,7,False,True,moderate_audience_selectivity,0,0,0,0,1,0,0,0,eligible,eligible,6
228867,Unlock!: Mystery Adventures,2017.0,3864,7.651382221368164,0.3443389149747711,0.3428567897938093,0.0191991471386894,exclude,0.0137760293506456,1,0.9200310559006212,0.7753623188405797,0.0675624803123868,borderline_overlap,moderately_sensitive,2016.187765690075,7,False,True,low_audience_selectivity,0,0,0,0,1,0,0,0,borderline,borderline,47
233502,Katarenga,2017.0,226,7.512694998077076,0.4747780389181395,0.5275402846817956,0.0793864307439646,eligible,0.0007846425039769,0,,,0.1974029359357234,adequate_overlap,stable_under_exposure_adjustment,1026.7215176202171,2,True,False,low_audience_selectivity,0,1,0,1,0,0,0,0,eligible,eligible,0
233867,Welcome To...,2018.0,31889,7.821970164902408,0.3557299447943167,0.2515946149277868,0.0066831321005877,exclude,0.1142532639695028,1,,,0.1013936534237146,borderline_overlap,moderately_sensitive,2047.1222771918704,4,True,False,moderate_audience_selectivity,0,0,0,0,0,0,0,0,eligible,eligible,6
234248,Voodoo Prince,2017.0,1073,7.707532272604833,0.737065682055194,0.7866918440292636,0.0364334782662848,eligible,0.0038443899852386,0,,,0.3584434393625558,adequate_overlap,stable_under_exposure_adjustment,1587.8837187030624,2,True,False,moderate_audience_selectivity,0,0,0,0,0,0,0,0,eligible,eligible,4
243430,Dealt!,2018.0,1815,7.511365131063757,0.5122808517056949,0.4981738972648593,0.0280131651192416,borderline,0.0064956934233343,1,,,0.2832704607413013,borderline_overlap,moderately_sensitive,2384.129694980097,4,True,False,moderate_audience_selectivity,0,0,0,0,0,0,0,0,eligible,eligible,0
262498,Puzzle Dungeon,2019.0,237,7.799537873504797,0.6713219723937671,0.8288389919496906,0.0775222417327764,eligible,0.0008419679837195,0,,,0.1072045672410718,borderline_overlap,moderately_sensitive,1758.1555038220342,4,False,True,moderate_audience_selectivity,1,1,0,0,0,0,0,0,eligible,eligible,0
264476,Rangers of Shadow Deep,2018.0,486,8.502137496477564,1.0705823053288146,1.08557362402588,0.0541355260399469,eligible,0.0016839359674391,0,0.565843621399177,0.3662551440329218,0.1736255676389461,insufficient_overlap,insufficient_overlap,18794.8413958452,8,True,False,moderate_audience_selectivity,0,0,0,0,1,0,0,0,eligible,eligible,2
264637,Yokohama Duel,2018.0,544,8.00677088192449,0.6439230793727635,0.7523654004587623,0.0511683067926792,eligible,0.0019490663112486,0,0.9705882352941176,0.9172794117647058,0.3342619937181283,borderline_overlap,moderately_sensitive,618.2217688579732,2,True,False,high_audience_selectivity,0,1,0,1,0,0,0,0,borderline,borderline,2
265755,Exceed: Street Fighter – Chun-Li Box,2019.0,127,8.565142783813933,1.160429125999892,1.1810922762010383,0.1059006523477852,eligible,0.0004550209954569,0,,,0.1206639639805058,insufficient_overlap,insufficient_overlap,356.88430830169074,2,True,False,insufficient_evidence,0,1,0,1,0,1,0,1,borderline,borderline,8
276925,Warhammer Age of Sigmar: Warcry Starter Set,2019.0,569,8.286980439595279,0.6179253353059675,0.6523857922947798,0.050031596647383,eligible,0.0019884775785717,0,0.5992970123022847,0.3550087873462214,0.1232375502522957,insufficient_overlap,insufficient_overlap,19256.63540377705,7,True,False,moderate_audience_selectivity,0,0,0,0,0,0,0,0,eligible,eligible,0
279056,Pompiers!,2019.0,111,7.798858631811304,1.026245093500365,1.020764961196439,0.1132762873373707,eligible,0.0003941126732304,0,,,0.4513294288002694,insufficient_overlap,insufficient_overlap,980.641223128096,2,True,False,insufficient_evidence,0,0,0,0,0,0,0,0,eligible,eligible,0
281526,The Isofarian Guard,2023.0,1009,8.779464167930257,0.5381173741745648,0.4225558386970576,0.0375711867081709,eligible,0.0035577625865256,0,0.865213082259663,0.6927651139742319,0.1443132468389037,adequate_overlap,stable_under_exposure_adjustment,1098.6784343751174,7,True,False,moderate_audience_selectivity,1,1,0,0,1,0,0,0,eligible,eligible,0
282255,Inflation!,2019.0,245,7.7402857580166256,0.8733593142834959,0.8675445982869832,0.0762460682772529,eligible,0.0008777964085586,0,,,0.4820336023615858,adequate_overlap,stable_under_exposure_adjustment,833.5928790417042,2,True,False,moderate_audience_selectivity,0,0,0,0,0,0,0,0,eligible,eligible,0
282418,Toy Story: Obstacles & Adventures,2019.0,587,7.5171186564967485,0.4104222073913544,0.3120807275102493,0.0492585297708874,eligible,0.0020959628530891,0,0.8909710391822828,0.7512776831345827,0.1086705463815668,borderline_overlap,moderately_sensitive,1204.3426050766625,7,True,False,moderate_audience_selectivity,0,0,0,0,1,0,0,0,eligible,eligible,0
291453,SCOUT,2019.0,19694,8.182653634123604,0.6901049870153955,0.6798638576158051,0.0085042012487751,exclude,0.0705604998781833,1,,,0.0554617695698304,borderline_overlap,moderately_sensitive,2784.3661181645803,4,True,False,moderate_audience_selectivity,0,0,0,0,0,0,0,0,eligible,eligible,0
302926,Silver Coin,2020.0,367,7.685376237476958,0.604758851012833,0.7231428598450078,0.062297047425807,eligible,0.0013113203491121,0,,,0.100395388492932,adequate_overlap,stable_under_exposure_adjustment,1083.72079757939,4,True,False,moderate_audience_selectivity,0,0,0,0,0,0,0,0,borderline,borderline,4
320858,Sakura Arms: Saine Box,2022.0,117,8.656027635699425,0.5917101544030476,0.6501548727599733,0.1103335431594635,eligible,0.000408444043166,0,,,0.1284033811687419,insufficient_overlap,insufficient_overlap,592.4617591694679,1,True,False,insufficient_evidence,0,1,0,1,0,1,0,1,borderline,borderline,4
320859,Sakura Arms: Yatsuha Box,2022.0,114,8.729824284983446,0.7464541111695162,0.799732052242879,0.11177587291431,eligible,0.0003976955157143,0,,,0.1469197590034433,insufficient_overlap,insufficient_overlap,437.113090151038,1,True,False,insufficient_evidence,0,1,0,1,0,1,0,1,borderline,borderline,4
320879,Dual Gauge,2020.0,271,7.92231589455092,0.4287920550209971,0.2424676659304037,0.0724963014019341,eligible,0.0009673674706565,0,,,0.3314198513261163,adequate_overlap,stable_under_exposure_adjustment,736.2520573938828,2,True,False,moderate_audience_selectivity,0,0,0,0,0,0,0,0,eligible,eligible,0
321044,Dungeon Fighter in the Catacombs of Gloomy Ghosts,2022.0,113,8.025192627253691,1.0285939022277688,1.0289044325794183,0.1122693670265072,eligible,0.0004012783581982,0,0.6991150442477876,0.4778761061946903,0.0964844642940728,insufficient_overlap,insufficient_overlap,1402.2013868679528,5,True,False,insufficient_evidence,0,0,0,0,1,0,0,0,borderline,borderline,5
322010,Enchanted Plumes,2021.0,564,7.617420047752287,0.5406305532592022,0.5687940679906198,0.0502528785614976,eligible,0.002017140318443,0,,,0.2073194613860466,borderline_overlap,stable_under_exposure_adjustment,1696.252228144811,4,True,False,moderate_audience_selectivity,0,0,0,0,0,0,0,0,eligible,eligible,0
322076,On the Underground: Paris / New York,2024.0,156,8.04015316409941,0.4480334852850944,0.3580461500933491,0.0955516512656422,eligible,0.0005589234274904,0,,,0.3544825819534225,adequate_overlap,stable_under_exposure_adjustment,979.84180825313,2,True,False,moderate_audience_selectivity,0,0,0,0,0,0,0,0,eligible,eligible,0
322283,Stargrave: Science Fiction Wargames in the Ravaged Galaxy,2021.0,160,8.195071400494696,0.5491161512528784,0.5284737408885611,0.0943496958559016,eligible,0.0005481749000386,0,0.725,0.44375,0.1087801480367163,insufficient_overlap,insufficient_overlap,8885.331398783477,6,True,False,moderate_audience_selectivity,0,0,0,0,0,0,0,0,eligible,eligible,1
322616,Comic Hunters,2020.0,1454,8.001564799025207,0.4827905295945935,0.5248040406858383,0.0312981229721403,eligible,0.0051843730742221,1,,,0.2021442050620882,adequate_overlap,stable_under_exposure_adjustment,1296.3812470783812,4,True,False,moderate_audience_selectivity,0,0,0,0,0,0,0,0,borderline,borderline,21
331946,Faux Diamonds,2021.0,110,7.667747524091192,0.7233799849209408,0.7178189842796989,0.1137900146320637,eligible,0.0003941126732304,0,,,0.4317553092261498,insufficient_overlap,insufficient_overlap,803.3167220184515,2,True,False,insufficient_evidence,0,0,0,0,0,0,0,0,borderline,borderline,26
332230,Unlock!: Heroic Adventures – Insert Coin,2018.0,229,7.986179980188456,1.126937395331721,1.1398400099047574,0.0788647179900584,eligible,0.0008168880863321,0,0.9868995633187772,0.8951965065502183,0.207102669289667,borderline_overlap,strongly_sensitive,1590.9546797838934,2,True,False,moderate_audience_selectivity,0,0,0,0,1,0,0,0,borderline,borderline,47
332606,Hidden Games Tatort: Ein Drahtseilakt,2021.0,149,8.102740207134847,0.9525784592908372,0.903180446886214,0.0977703931694625,eligible,0.0005230950026513,0,0.9395973154362416,0.8657718120805369,0.1002441260666908,insufficient_overlap,insufficient_overlap,1483.3849392191084,2,False,True,insufficient_evidence,0,0,0,0,1,0,0,0,eligible,eligible,6
339789,Welcome to the Moon,2021.0,7359,8.245869170740773,0.3784735537482575,0.2456825403389935,0.013912048863734,exclude,0.0263267265717929,1,,,0.0742458970392415,adequate_overlap,stable_under_exposure_adjustment,1540.4719440914844,4,True,False,moderate_audience_selectivity,0,0,0,0,0,0,0,0,eligible,eligible,6
340216,Heredity: The Book of Swan,2023.0,176,8.627492692999917,1.2455551384001249,1.144853577018866,0.089958905305302,eligible,0.0006269974346847,0,0.8352272727272727,0.6704545454545454,0.0789818079822536,borderline_overlap,moderately_sensitive,1392.845769466967,6,False,True,moderate_audience_selectivity,0,0,0,0,1,0,0,0,eligible,eligible,0
341008,Unlock!: Heroic Adventures – Sherlock Holmes: Der scharlachrote Faden,2018.0,181,7.655709413702183,0.8941475500122991,0.9139458559179392,0.0887076773975098,eligible,0.0006484944895882,0,0.9668508287292816,0.9116022099447514,0.2011676648263507,borderline_overlap,strongly_sensitive,1392.0108738535268,2,True,False,moderate_audience_selectivity,0,0,0,0,1,0,0,0,borderline,borderline,47
341362,Reapers,2021.0,100,7.584543534119239,0.6126611808518954,0.5704470811247715,0.1193439741795195,eligible,0.0003547014059073,0,,,0.456163319301788,insufficient_overlap,insufficient_overlap,1046.081997132503,1,True,False,insufficient_evidence,0,0,0,0,0,0,0,0,eligible,eligible,0
351648,Dragons Down,2024.0,193,8.621911868121755,0.5921986898615508,0.5151482879139166,0.0859056723713636,eligible,0.0006843229144273,0,0.7409326424870466,0.6062176165803109,0.065350337889911,adequate_overlap,stable_under_exposure_adjustment,998.773432022939,6,True,False,moderate_audience_selectivity,0,0,0,0,1,0,0,0,eligible,eligible,0
351666,Vidrasso,2021.0,112,7.7570813983950515,0.632824890040526,0.6458561723756109,0.1127694557689722,eligible,0.0004012783581982,0,,,0.4348397248105654,insufficient_overlap,insufficient_overlap,1033.95668778885,2,True,False,insufficient_evidence,0,1,0,1,0,0,0,0,eligible,eligible,3
352263,Through Ice & Snow,2024.0,320,7.910966188440206,0.3661888577768017,0.4051759332738207,0.0667153097425963,eligible,0.0011357610674004,0,,,0.121216455714118,adequate_overlap,moderately_sensitive,844.1620623552258,4,True,False,low_audience_selectivity,0,0,0,0,0,0,0,0,eligible,eligible,1
352687,"Escape Room: The Game – Puzzle Adventures: The Baron, The Witch & The Thief",2021.0,143,7.741378266575563,0.673992895260092,0.6632011351186655,0.0998004448501157,eligible,0.0004944322627799,0,0.93006993006993,0.8181818181818182,0.1546458139830368,insufficient_overlap,insufficient_overlap,1623.1237908887872,2,True,False,insufficient_evidence,1,1,0,0,1,0,0,0,borderline,borderline,9
354544,Unmatched: Houdini vs. The Genie,2022.0,1394,8.36619163238591,0.5929009381366104,0.5983316438122817,0.0319645878451321,eligible,0.0048834143055734,0,,,0.114312253053751,borderline_overlap,stable_under_exposure_adjustment,1273.315022945988,4,True,False,moderate_audience_selectivity,0,1,0,1,0,0,0,0,borderline,borderline,18
366023,Marvel Zombies: Heroes' Resistance,2022.0,804,7.877697100830761,0.601593879125276,0.5191154538036917,0.0420893744833329,eligible,0.002841194089743,0,0.8619402985074627,0.6554726368159204,0.1119353284943386,adequate_overlap,stable_under_exposure_adjustment,1210.395171050361,7,True,False,moderate_audience_selectivity,0,0,0,0,1,0,0,0,borderline,borderline,14
366577,Bestiary of Sigillum: Collector's Edition,2023.0,120,8.102168537819345,0.4510106472511506,0.3613436322390964,0.1089456446007282,eligible,0.0004299410980695,0,,,0.090019544189511,insufficient_overlap,insufficient_overlap,652.2269437438033,2,True,False,insufficient_evidence,0,0,0,0,0,1,0,0,borderline,borderline,0
366748,Northgard: Uncharted Lands – Warchief Collector Edition,2022.0,232,8.356568570121166,0.7960422240263547,0.7865573375137718,0.0783531576640776,eligible,0.0008240537712999,0,,,0.0808622456327843,adequate_overlap,stable_under_exposure_adjustment,918.5664744534236,4,True,False,moderate_audience_selectivity,0,0,0,0,0,1,0,0,borderline,borderline,0
367150,Dune: War for Arrakis,2024.0,2199,8.798618280367203,0.3619443956059651,0.3766156457030014,0.0254500055373992,borderline,0.0078643392521891,1,0.5738972260118236,0.3383356070941337,0.0694601192744083,insufficient_overlap,insufficient_overlap,10907.153130283132,7,True,False,moderate_audience_selectivity,0,0,0,0,0,0,0,0,borderline,borderline,0
410382,That Escalated Quickly,2024.0,230,7.54455810485969,0.6008926292059451,0.6061090147408192,0.0786930861914261,eligible,0.0008097224013643,0,0.9130434782608696,0.7652173913043478,0.2305695384751616,borderline_overlap,strongly_sensitive,2165.2571089820653,3,False,True,moderate_audience_selectivity,0,0,0,0,1,0,0,0,eligible,eligible,0
411003,Disney Villainous: Sugar and Spite,2024.0,192,7.63262362507438,0.5072866391986093,0.5557882250081523,0.0861290945233816,eligible,0.0006807400719434,0,,,0.0730210641010238,borderline_overlap,stable_under_exposure_adjustment,1428.4160884094645,4,True,False,moderate_audience_selectivity,0,1,0,1,0,0,0,0,borderline,borderline,13
415090,Rainbow,2024.0,280,7.528107843511279,0.4023063521569447,0.4560711559612702,0.0713216661455134,eligible,0.0010031958954956,0,,,0.3937682962391368,borderline_overlap,moderately_sensitive,1921.3717058439115,2,True,False,moderate_audience_selectivity,0,0,0,0,0,0,0,0,eligible,eligible,6
415108,"Crisps      Shed your cards as fast as you can, as new cards are drawn to help or hinder you.",2025.0,164,7.697294038292282,0.3327151261353025,0.3542733262982667,0.0931919870317611,eligible,0.0005875861673617,0,,,0.3788728258558616,adequate_overlap,moderately_sensitive,557.7273871460231,2,True,False,moderate_audience_selectivity,0,1,0,1,0,0,0,0,eligible,eligible,0
415945,Unmatched: Slings and Arrows,2024.0,440,8.6899613146951,0.9929539712282178,0.9595963483132656,0.0568950073160318,eligible,0.0015442051105665,0,,,0.0673303651851116,adequate_overlap,stable_under_exposure_adjustment,1202.362051994406,4,False,True,moderate_audience_selectivity,0,0,0,0,0,0,0,0,borderline,borderline,18
393892,Rolling Realms Redux,2024.0,262,8.12847002484797,0.3920155181466782,0.3559005661024184,0.0737309534804105,eligible,0.0009351218883013,0,,,0.1723526005588975,adequate_overlap,stable_under_exposure_adjustment,879.7099499494684,2,True,False,moderate_audience_selectivity,0,0,0,0,0,0,0,0,borderline,borderline,2
396335,BOG,2024.0,129,7.708504423329256,0.3332266590317214,0.3773435004936445,0.1050765102308597,eligible,0.0004621866804247,0,,,0.2121529757623362,insufficient_overlap,insufficient_overlap,1305.3267089391022,2,True,False,insufficient_evidence,0,1,0,1,0,0,0,0,eligible,eligible,18
397598,Dune: Imperium – Uprising,2023.0,8869,9.050338662689258,0.7813259791970921,0.6949895209723671,0.0126725253425014,exclude,0.0317762299898247,1,,,0.10371450903767,adequate_overlap,stable_under_exposure_adjustment,977.2434511750106,4,True,False,low_audience_selectivity,0,0,0,0,0,0,0,0,borderline,borderline,2
16,MarraCash,1996.0,1169,7.5291775747655665,0.8675041375435812,0.7851972359325474,0.0349054499177046,eligible,0.0041811771787265,0,0.9692044482463644,0.9221556886227544,0.3658170558627467,borderline_overlap,moderately_sensitive,417.80850172949,5,True,False,high_audience_selectivity,0,0,0,0,0,0,0,0,eligible,eligible,0
84,Rommel in the Desert,1982.0,1075,7.996806505595559,0.4002760800517846,0.3288505716027616,0.036399570880376,eligible,0.0036688307035269,0,0.958139534883721,0.8716279069767442,0.0640174656743527,borderline_overlap,strongly_sensitive,2768.81796498518,7,True,False,moderate_audience_selectivity,0,1,1,0,0,0,0,0,eligible,eligible,0
93,El Grande,1995.0,29933,8.126980516418769,0.534232221935854,0.5088411410361999,0.0068980346727973,exclude,0.1072452240709689,1,,,0.0705283962645775,adequate_overlap,stable_under_exposure_adjustment,1023.655411781843,4,False,True,moderate_audience_selectivity,0,0,0,0,0,0,0,0,eligible,eligible,2
299,De Bellis Antiquitatis: Quick Play Wargame Rules with Army Lists for Ancient and Medieval Battles,1990.0,666,7.509919633775355,0.3655225973476463,0.2955544256259275,0.0462448506555749,eligible,0.002181951072703,0,0.8993993993993994,0.7132132132132132,0.0994958823981498,borderline_overlap,strongly_sensitive,6288.906110853362,7,True,False,moderate_audience_selectivity,0,0,0,0,0,0,0,0,eligible,eligible,3
313,Big Boss,1994.0,917,7.675939556188903,1.174012659996558,1.110769970981714,0.0394108523891234,eligible,0.0032783008727804,0,0.9018538713195202,0.8037077426390403,0.2326178055084934,borderline_overlap,strongly_sensitive,1115.0308856036152,7,True,False,moderate_audience_selectivity,0,0,0,0,0,0,0,0,eligible,eligible,0
384,TurfMaster,1998.0,1030,7.683046583267463,1.1234980078369103,1.4217032609653648,0.0371862070850864,eligible,0.0036831620734626,0,,,0.3239000576815778,adequate_overlap,stable_under_exposure_adjustment,1304.501507162283,4,True,False,moderate_audience_selectivity,0,0,0,0,0,0,0,0,eligible,eligible,0
1301,Netrunner,1996.0,2392,7.784744772061744,0.7696201314240607,0.7642575236286806,0.0244016901493981,borderline,0.0085056680568095,1,,,0.0396832508497435,adequate_overlap,stable_under_exposure_adjustment,788.1367029664401,4,True,False,low_audience_selectivity,0,1,0,1,0,0,0,0,eligible,eligible,1
2470,The Extraordinary Adventures of Baron Munchausen,1998.0,379,7.54142635668983,1.675909551702483,1.6041756285978517,0.0613028818034207,eligible,0.0013435659314673,0,0.6965699208443272,0.4828496042216358,0.098880594342443,borderline_overlap,moderately_sensitive,1987.7283604623285,7,True,False,moderate_audience_selectivity,0,0,0,0,0,0,0,0,eligible,eligible,0
4079,What's My Word?,1972.0,375,7.512861846020476,1.321751082084489,1.3086007368962758,0.0616289632623315,eligible,0.0013364002464995,0,,,0.2524825819534225,borderline_overlap,moderately_sensitive,813.4320869448907,4,True,False,moderate_audience_selectivity,0,1,0,1,0,0,0,0,eligible,eligible,3
4206,Roads to Gettysburg,1993.0,338,8.134801591793423,0.8427035763177191,0.8168849508510085,0.064914564181608,eligible,0.001028275792883,0,0.9911242603550297,0.9437869822485208,0.0401317395961928,borderline_overlap,strongly_sensitive,1871.7201633483628,4,True,False,high_audience_selectivity,0,1,1,0,0,0,0,0,eligible,eligible,13
4292,The Sword and the Flame,1979.0,116,7.609255982380128,1.1102240126682157,1.0528458213505338,0.1108080982232961,eligible,0.0003475357209395,0,0.9655172413793104,0.8620689655172413,0.1461261982258176,insufficient_overlap,insufficient_overlap,2726.6615538648243,2,True,False,insufficient_evidence,0,0,0,0,0,0,0,0,eligible,eligible,1
4385,A Gamut of Games,1969.0,434,8.074748244439382,1.9529358035829425,1.9587624149546825,0.0572869408176073,eligible,0.0015298737406308,0,,,0.2081692178981229,adequate_overlap,stable_under_exposure_adjustment,638.8566649613615,4,True,False,moderate_audience_selectivity,0,0,0,0,0,0,0,0,eligible,eligible,5
6613,"Downtown: Air War Over Hanoi, 1965-1972",2004.0,411,8.138644046168002,0.3928620798644306,0.2451718487446061,0.0588680411666094,eligible,0.0012611605543373,0,0.9610705596107056,0.8564476885644768,0.0840818949322222,borderline_overlap,strongly_sensitive,3512.6988891987125,4,True,False,high_audience_selectivity,0,1,1,0,0,0,0,0,eligible,eligible,5
6927,Hornet Leader: Strike Fighter Operations,1991.0,307,7.574977762072288,0.6189237442003792,0.6899102698497996,0.0681132037522441,eligible,0.0009745331556243,0,0.9576547231270358,0.8957654723127035,0.0785931741881737,borderline_overlap,strongly_sensitive,4457.838083474705,5,True,False,high_audience_selectivity,1,1,1,0,1,0,0,0,borderline,borderline,16
7662,Bar-Lev: The Yom-Kippur War of 1973,1974.0,115,7.679248551361279,0.9252058036001864,0.8000422212364073,0.1112888297569097,eligible,0.0003224558235521,0,0.982608695652174,0.9304347826086956,0.0467957943792938,insufficient_overlap,insufficient_overlap,2162.5327275044447,2,True,False,insufficient_evidence,0,0,0,0,0,0,0,0,eligible,eligible,0
7858,Ardennes '44: The Battle of the Bulge,2003.0,801,8.321685514894092,0.5156593714396749,0.4515408632637818,0.0421681198739414,eligible,0.0024220015191252,0,0.9625468164794008,0.8689138576779026,0.1345935728530693,borderline_overlap,moderately_sensitive,2613.9273430301705,4,True,False,high_audience_selectivity,0,1,1,0,0,0,1,0,eligible,eligible,10
7935,1844: Schweiz,2003.0,212,8.943775536007132,0.8985481518022151,0.8978925718977369,0.0819657779858829,eligible,0.0007452312366539,0,0.7688679245283019,0.5424528301886793,0.279010883840215,insufficient_overlap,insufficient_overlap,6154.052643122286,4,True,False,moderate_audience_selectivity,0,0,0,0,0,0,1,0,borderline,borderline,81
9963,Santorini,2004.0,380,7.687820440284095,1.0900777802467472,1.0934937415729076,0.0612221669799983,eligible,0.0013435659314673,0,,,0.1886931082692119,borderline_overlap,moderately_sensitive,915.558309380897,4,True,False,low_audience_selectivity,0,0,0,0,0,0,0,0,borderline,borderline,3
10226,"Thunder at the Crossroads: The Battle of Gettysburg, July 1-3, 1863  (Second Edition)",1993.0,204,8.006943232984549,0.7201945603468083,0.5666058859603051,0.0835574950961671,eligible,0.0005302606876191,0,0.9852941176470588,0.946078431372549,0.114278282803246,borderline_overlap,moderately_sensitive,1318.5168223390028,2,True,False,high_audience_selectivity,0,1,1,0,0,1,0,0,borderline,borderline,8
10431,Epic Armageddon,2003.0,264,7.739873230407917,0.6511814152319486,0.7379931317454309,0.0734511386057802,eligible,0.0008670478811069,0,0.8181818181818182,0.6439393939393939,0.1109618938641612,borderline_overlap,strongly_sensitive,6909.478111713096,7,True,False,moderate_audience_selectivity,0,0,0,0,0,0,0,0,eligible,eligible,19
14080,The Mighty Endeavor,2005.0,444,7.657963389265802,0.3543697545937121,0.2663921555066117,0.0566381436686853,eligible,0.0013220688765639,0,0.9797297297297296,0.8806306306306306,0.0531750757042351,borderline_overlap,moderately_sensitive,3559.0859117433124,4,False,True,high_audience_selectivity,0,1,1,0,0,0,0,0,borderline,borderline,23
14083,Fire in the Sky: The Great Pacific War 1941-1945,1999.0,571,7.846739921885286,0.3714727145417917,0.2951495253665843,0.0499438987768986,eligible,0.0018953236739899,0,0.9702276707530648,0.8861646234676007,0.0171627596177346,borderline_overlap,strongly_sensitive,2180.9661541382666,4,True,False,high_audience_selectivity,1,1,1,0,0,0,0,0,eligible,eligible,16
17863,The Western Front: 1914 to 1918,2004.0,133,8.018629143082904,0.7159798570457099,0.5989750567238517,0.1034843498136905,eligible,0.0003797813032947,0,0.9849624060150376,0.924812030075188,0.0642866407026968,insufficient_overlap,insufficient_overlap,2017.3410838293,2,True,False,insufficient_evidence,0,1,1,0,0,0,0,0,eligible,eligible,1
25900,Kingdom of Heaven: The Crusader States 1097-1291,2012.0,335,8.025060034856406,0.4603503402190405,0.4436802624399583,0.0652045785704943,eligible,0.0011429267523682,0,0.9761194029850746,0.9194029850746268,0.075716292424802,borderline_overlap,strongly_sensitive,3970.62635058548,4,True,False,high_audience_selectivity,0,1,1,0,0,0,0,0,eligible,eligible,0
32424,1848: Australia,2007.0,577,8.654277629694453,0.4779287503704541,0.4737967649734891,0.049683546532099,eligible,0.002056551585766,0,0.6863084922010398,0.389948006932409,0.2699938471180672,insufficient_overlap,insufficient_overlap,44262.99992011431,5,False,True,moderate_audience_selectivity,0,0,0,0,0,0,1,0,borderline,borderline,81
35614,Where There Is Discord: War in the South Atlantic,2009.0,408,8.092738575263006,0.6647258131189808,0.6373367406798547,0.0590840714014614,eligible,0.0013328174040156,0,0.946078431372549,0.8308823529411765,0.0724083190029845,borderline_overlap,strongly_sensitive,4125.627957379812,4,True,False,high_audience_selectivity,1,1,1,0,0,0,0,0,eligible,eligible,0
37919,Ascending Empires,2011.0,2050,7.581653563485185,0.4279345143009454,0.451570984265178,0.0263586743929628,borderline,0.0073376614070539,1,,,0.1908240453680566,adequate_overlap,stable_under_exposure_adjustment,1706.9718006438973,4,True,False,low_audience_selectivity,0,0,0,0,0,0,0,0,eligible,eligible,0
56241,Coral Sea: Campaign Commander Series,2010.0,118,7.503063139899341,0.3345973822697257,0.5499985932534095,0.1098650334287785,eligible,0.0003905298307465,0,0.9830508474576272,0.9067796610169492,0.1826551557594995,insufficient_overlap,insufficient_overlap,3398.030533948759,2,True,False,insufficient_evidence,0,1,1,0,0,0,0,0,eligible,eligible,2
57141,"Codeword Cromwell: The German Invasion of England, 8 June 1940",2014.0,136,8.201727887811241,0.8391839301016457,0.9294307937387174,0.1023366135853585,eligible,0.0004442724680052,0,0.9558823529411764,0.8161764705882353,0.0668774887604966,insufficient_overlap,insufficient_overlap,2661.059748288584,2,True,False,insufficient_evidence,1,1,1,0,0,0,0,0,eligible,eligible,0
63758,Mr. Madison's War: The Incredible War of 1812,2012.0,273,7.690356752386639,0.356264854660842,0.4291923147892325,0.0722302590315598,eligible,0.0009100419909139,0,0.9816849816849816,0.9304029304029304,0.1209660984369389,borderline_overlap,strongly_sensitive,3180.765855841172,4,True,False,high_audience_selectivity,0,1,1,0,0,0,0,0,eligible,eligible,0
84465,Ottoman Sunset: The Great War in the Near East,2010.0,701,7.51292335843262,0.4438382990069209,0.3835356386578121,0.0450755969433,eligible,0.0023790074093182,0,0.8473609129814551,0.6904422253922967,0.0289195741541148,insufficient_overlap,insufficient_overlap,17121.27114996039,7,False,True,moderate_audience_selectivity,1,1,1,0,0,0,0,0,eligible,eligible,19
90942,Mixtour,2012.0,159,7.7790354639485635,1.2066513499574807,1.1838311649654418,0.0946459279689731,eligible,0.0005445920575547,0,,,0.2274074934499671,adequate_overlap,stable_under_exposure_adjustment,815.5286252756664,2,True,False,low_audience_selectivity,0,1,0,1,0,0,0,0,eligible,eligible,0
99392,Colonial: Europe's Empires Overseas,2011.0,963,7.62720953672161,0.3953191159446234,0.2942173179302649,0.0384580581956883,eligible,0.0034287802571047,0,0.936656282450675,0.8608515057113187,0.238958179045842,borderline_overlap,strongly_sensitive,779.0985768796814,7,True,False,moderate_audience_selectivity,0,0,0,0,0,0,0,0,eligible,eligible,0
114530,Newtown,2013.0,107,7.5161693899818065,0.3426985855701314,0.3161640881047969,0.115374174587065,eligible,0.0003152901385843,0,0.9813084112149532,0.9065420560747663,0.161725498729726,insufficient_overlap,insufficient_overlap,3359.430255148397,2,True,False,insufficient_evidence,0,1,1,0,0,0,0,0,eligible,eligible,9
122294,Ascension: Immortal Heroes,2012.0,1661,7.617165878976864,0.6713430371899873,0.5624355839635529,0.0292830075604569,eligible,0.0059331871533599,1,,,0.0602321304182027,adequate_overlap,stable_under_exposure_adjustment,1209.943533875071,4,False,True,low_audience_selectivity,1,1,0,0,0,0,0,0,borderline,borderline,24
125752,Race! Formula 90,2013.0,855,8.227258408829297,0.6770424880451635,0.5475931171468567,0.0408147779866655,eligible,0.003045416111326,0,,,0.1740732252282763,adequate_overlap,stable_under_exposure_adjustment,700.584205868347,4,True,False,low_audience_selectivity,0,0,0,0,0,0,0,0,eligible,eligible,0
126100,Mythos Tales,2016.0,2406,7.660636958039266,0.5923311147441677,0.5505506028660054,0.0243305924619507,borderline,0.0086059876463591,1,0.8711554447215295,0.7065669160432253,0.0330660144389874,borderline_overlap,moderately_sensitive,2010.3304829939025,7,True,False,moderate_audience_selectivity,0,0,0,0,1,0,0,0,eligible,eligible,0
128721,Crisis,2016.0,2061,7.939678475838292,0.4177440351294024,0.4656356185944243,0.0262882393300194,borderline,0.0073555756194734,1,0.9267345948568656,0.8413391557496361,0.2134102869509965,borderline_overlap,strongly_sensitive,971.855281038064,7,True,False,moderate_audience_selectivity,0,0,0,0,0,0,0,0,eligible,eligible,1
135508,The Mushroom Eaters,2013.0,183,7.747835638972792,1.229925833089376,1.1499401032933791,0.0882216042737541,eligible,0.000655660174556,0,,,0.2328978824998706,adequate_overlap,moderately_sensitive,668.4716527473076,2,True,False,moderate_audience_selectivity,0,0,0,0,0,0,0,0,eligible,eligible,0
135779,A Fake Artist Goes to New York,2011.0,9128,7.515186940383214,0.6509635207471982,0.6081066460942433,0.0124914450010344,exclude,0.0326396950284477,1,0.8234005258545136,0.5880806310254163,0.0783410531684338,borderline_overlap,moderately_sensitive,3533.34801483891,7,True,False,moderate_audience_selectivity,0,0,0,0,0,0,0,0,eligible,eligible,0
139976,Cthulhu Wars,2015.0,6072,8.185322828748763,0.423018760869823,0.5221314661917731,0.0153156211282092,exclude,0.0216475342878025,1,,,0.0400807514968969,adequate_overlap,stable_under_exposure_adjustment,1059.736216699728,4,True,False,low_audience_selectivity,0,0,0,0,0,0,0,0,eligible,eligible,2
144344,Rococo,2013.0,9168,8.03939805014328,0.3380668981181873,0.2392614720431112,0.0124641651147899,exclude,0.0328260028376112,1,0.9486256544502618,0.8618019197207679,0.1668735069097924,borderline_overlap,moderately_sensitive,750.0175137591228,7,False,True,moderate_audience_selectivity,0,0,0,0,0,0,0,0,eligible,eligible,1
144574,Last Chance for Victory: The Battle of Gettysburg,2014.0,165,8.990150177064573,1.1193488197150572,1.037612192280724,0.0929091578907959,eligible,0.0004335239405534,0,0.9636363636363636,0.8363636363636363,0.1591537816829411,borderline_overlap,moderately_sensitive,1800.5881161488628,3,True,False,high_audience_selectivity,0,1,1,0,0,0,0,0,eligible,eligible,2
145588,Citrus,2013.0,1708,7.562778920592711,0.4726773496590208,0.4760738731790646,0.0288772985367798,borderline,0.0061159121200395,1,0.9689695550351288,0.9127634660421544,0.3445294203609166,borderline_overlap,moderately_sensitive,872.8611541355709,7,True,False,high_audience_selectivity,0,0,0,0,0,0,0,0,eligible,eligible,0
149910,Six Making,2013.0,246,7.607342004502621,0.984122002987906,0.9569890529935988,0.0760909387812939,eligible,0.000863465038623,0,,,0.2061085982135851,adequate_overlap,moderately_sensitive,1332.444672074183,4,False,True,low_audience_selectivity,0,1,0,1,0,0,0,0,eligible,eligible,0
153113,Slaughterball,2016.0,104,7.579234827279877,0.7615553150158041,0.7318457947905204,0.1170263948405929,eligible,0.0003582842483913,0,,,0.1200466457856904,insufficient_overlap,insufficient_overlap,970.0459055416964,4,True,False,insufficient_evidence,0,0,0,0,0,0,0,0,eligible,eligible,0
153498,Kamisado Max,2014.0,155,7.6015884541196,1.1243801882776925,1.0977987636407605,0.0958593868490308,eligible,0.0005481749000386,0,,,0.1477868842394555,adequate_overlap,stable_under_exposure_adjustment,1097.0616733875977,2,True,False,low_audience_selectivity,0,1,0,1,0,1,0,0,borderline,borderline,0
156091,Sons of Anarchy: Men of Mayhem,2014.0,2923,7.538499505872163,0.457231496193855,0.5867339537956733,0.0220742566767968,exclude,0.0104404029981225,1,,,0.054056404065529,adequate_overlap,stable_under_exposure_adjustment,1195.799825503375,4,True,False,low_audience_selectivity,0,0,0,0,0,0,0,0,eligible,eligible,1
162009,The U.S. Civil War,2015.0,787,8.594448102461829,0.4460131846203428,0.2940816098969812,0.0425415323980616,eligible,0.0025617323759978,0,0.9415501905972046,0.8106734434561627,0.1096216111850781,borderline_overlap,strongly_sensitive,4090.83564786495,7,True,False,high_audience_selectivity,0,1,1,0,0,0,0,0,eligible,eligible,0
162388,BattleCON: Fate of Indines,2015.0,803,8.10583374267274,0.5312978756772555,0.5366946899335243,0.0421155739097625,eligible,0.0028626911446465,0,,,0.0349907989181039,adequate_overlap,stable_under_exposure_adjustment,693.4525216918759,4,True,False,moderate_audience_selectivity,0,1,0,1,0,0,0,0,borderline,borderline,5
162865,"I, Spy",2015.0,272,7.668368732852778,0.3288275832496952,0.3387136971793874,0.0723629134298743,eligible,0.0009673674706565,0,,,0.2441884643063637,adequate_overlap,stable_under_exposure_adjustment,662.7385700209865,2,True,False,moderate_audience_selectivity,0,0,0,0,0,0,0,0,borderline,borderline,0
172155,Ascension: Dawn of Champions,2015.0,737,7.54924970388701,0.6170130509921465,0.5124443214247654,0.0439609179042009,eligible,0.0026262235407082,0,,,0.0603848886019978,adequate_overlap,stable_under_exposure_adjustment,1261.6937751827309,4,True,False,low_audience_selectivity,0,0,0,0,0,0,0,0,borderline,borderline,24
176146,The Lamps are Going Out: World War I,2016.0,375,7.897041219448298,0.4441454054857834,0.5342104344480676,0.0616289632623315,eligible,0.0012432463419178,0,0.9626666666666668,0.9093333333333332,0.0429005893116491,borderline_overlap,strongly_sensitive,5767.874299083673,4,True,False,moderate_audience_selectivity,0,0,0,0,0,0,0,0,eligible,eligible,0
180942,A Touch of Evil: Dark Gothic – Colonial Horror,2015.0,215,7.591385215335654,0.954670041484322,0.8547474413162028,0.0813919148403426,eligible,0.0007631454490734,0,,,0.1021570005580737,adequate_overlap,stable_under_exposure_adjustment,1372.9513171696835,2,True,False,moderate_audience_selectivity,0,0,0,0,0,0,0,0,borderline,borderline,4
183284,Factory Funner,2016.0,1820,7.659569266861125,0.3783343399994896,0.2075878447376125,0.0279746590321479,borderline,0.006506441950786,1,,,0.2577792852501258,adequate_overlap,stable_under_exposure_adjustment,1332.8208433208329,4,True,False,moderate_audience_selectivity,0,0,0,0,0,0,0,0,borderline,borderline,0
183562,Star Wars: X-Wing Miniatures Game – The Force Awakens Core Set,2015.0,3085,7.888356793579077,0.3285803919991421,0.3452836893715778,0.0214868578980882,exclude,0.011038737692936,1,0.5056726094003241,0.2813614262560778,0.091789703297793,insufficient_overlap,insufficient_overlap,12256.870939600516,7,False,True,moderate_audience_selectivity,0,1,1,0,0,0,0,0,borderline,borderline,5
193238,Tunisia II,2016.0,219,8.677784566320554,0.3464066120162385,0.2935032576458614,0.0806451842398444,eligible,0.0006126660647491,0,0.9680365296803652,0.8767123287671232,0.1717731258091345,borderline_overlap,moderately_sensitive,1617.8933090937744,4,False,True,high_audience_selectivity,1,1,1,0,0,0,0,0,eligible,eligible,18
197065,Valley of the Kings: Last Rites,2016.0,755,7.762494425112055,0.6674227433332254,0.6011406750156079,0.0434337192734943,eligible,0.0026978803903865,0,,,0.2283236415560715,adequate_overlap,stable_under_exposure_adjustment,929.5564546443508,2,True,False,moderate_audience_selectivity,0,0,0,0,0,0,0,0,borderline,borderline,15
197333,Deadzone (Second Edition),2016.0,175,7.997902687747038,0.7717054010317543,0.8674802925457481,0.0902155646151778,eligible,0.0006055003797813,0,0.5942857142857143,0.4228571428571429,0.208710811613079,insufficient_overlap,insufficient_overlap,12760.256944778172,6,True,False,moderate_audience_selectivity,0,1,1,0,0,1,0,0,borderline,borderline,0
198287,Legends of Andor: The Last Hope,2016.0,975,7.922664408021986,0.4204543278013188,0.5794500599120331,0.0382206605062568,eligible,0.0034825228943634,0,0.8358974358974359,0.6574358974358975,0.0623978398403978,adequate_overlap,stable_under_exposure_adjustment,832.1045355352913,7,True,False,moderate_audience_selectivity,0,0,0,0,1,0,0,0,borderline,borderline,7
198707,Hostage Negotiator: Crime Wave,2017.0,891,7.539849145545836,0.4089518937968277,0.3954897294642387,0.0399817356912453,eligible,0.0031887298106826,0,,,0.0705660411312294,borderline_overlap,stable_under_exposure_adjustment,1453.7890695519525,4,True,False,moderate_audience_selectivity,1,1,0,0,0,0,0,0,borderline,borderline,2
209951,Thunder in the East,2018.0,154,8.527269056522512,0.3382252177983087,0.2853989632201497,0.0961701150119088,eligible,0.0004657695229086,0,0.9415584415584416,0.8441558441558441,0.1520874349897024,borderline_overlap,moderately_sensitive,1734.1856960436485,3,True,False,high_audience_selectivity,0,0,0,0,0,0,0,0,eligible,eligible,0
210113,Tank Chess,2016.0,166,7.536318287120873,0.5992844836947802,0.5237219963713811,0.092628888299317,eligible,0.0005840033248778,0,,,0.0966300830434405,adequate_overlap,moderately_sensitive,1592.7137057664809,4,True,False,moderate_audience_selectivity,0,1,0,1,0,0,0,0,eligible,eligible,0
210290,Legendary: Buffy The Vampire Slayer,2017.0,1092,7.640807820637732,0.7546203435899885,0.591012290684616,0.0361151295157799,eligible,0.0038838012525617,0,0.8553113553113553,0.7014652014652014,0.0418724380711921,borderline_overlap,moderately_sensitive,1649.3886798532126,7,True,False,moderate_audience_selectivity,0,0,0,0,1,0,0,0,borderline,borderline,12
211453,Ecogon,2015.0,123,7.549245956300528,0.847971170860359,0.9145577954246747,0.1076088375982068,eligible,0.0004335239405534,0,0.8455284552845529,0.7317073170731707,0.0633270671526726,insufficient_overlap,insufficient_overlap,1748.6608457556704,2,True,False,insufficient_evidence,0,0,0,0,1,0,0,0,eligible,eligible,0
212662,The Red Dragon Inn 6: Villains,2017.0,411,7.672041526060949,0.8423361673099494,0.9643227324048712,0.0588680411666094,eligible,0.0014331369935652,0,0.7055961070559611,0.4087591240875912,0.1814054959054582,adequate_overlap,stable_under_exposure_adjustment,1345.0029788883626,7,False,True,moderate_audience_selectivity,0,0,0,0,0,0,1,0,borderline,borderline,11
213788,Ascension: Year Three Collector's Edition,2016.0,218,8.068199869579036,1.166978536255133,1.0668589263007444,0.0808299386268655,eligible,0.0007738939765252,0,,,0.0733928998262835,adequate_overlap,stable_under_exposure_adjustment,975.5737054639744,4,True,False,moderate_audience_selectivity,0,0,0,0,0,1,0,0,borderline,medium,24
209324,The World of SMOG: Rise of Moloch,2018.0,912,7.776833270779109,0.5509544703574907,0.5095684859886571,0.0395187388553771,eligible,0.0032353067629734,0,,,0.0567016285728932,adequate_overlap,stable_under_exposure_adjustment,1162.1354900900285,4,True,False,low_audience_selectivity,0,0,0,0,0,0,0,0,eligible,eligible,0
225694,Decrypto,2018.0,23792,8.106573094793184,0.4751225572292465,0.4193516597481537,0.0077372213272935,exclude,0.0852429883772589,1,0.6657279757901816,0.4042114996637525,0.0928812404624361,borderline_overlap,moderately_sensitive,2789.8470256512333,7,True,False,low_audience_selectivity,0,0,0,0,0,0,0,0,eligible,eligible,0
227212,For Glory,2020.0,570,8.21297330582367,0.6365728059756499,0.4021676970521319,0.0499876900161549,eligible,0.0020314716883786,0,0.7456140350877193,0.5807017543859649,0.0350870697492058,borderline_overlap,moderately_sensitive,1172.0914284806895,7,True,False,moderate_audience_selectivity,0,1,0,1,0,0,0,0,eligible,eligible,0
223952,Boast or Nothing,2017.0,364,7.909245967666622,1.324457369566633,1.303772781775602,0.0625532392432612,eligible,0.0012898232942086,0,,,0.3847023621732027,adequate_overlap,stable_under_exposure_adjustment,1560.1072217235053,2,True,False,moderate_audience_selectivity,0,0,0,0,0,0,0,0,eligible,eligible,0
224141,DreadBall (Second Edition),2018.0,135,8.375095139399932,1.2837452382497112,1.2648878045884189,0.1027149387705526,eligible,0.0004729352078765,0,,,0.2473692698984293,insufficient_overlap,insufficient_overlap,1370.212907219913,3,True,False,insufficient_evidence,0,1,0,1,0,1,0,0,borderline,borderline,3
224149,Deadball,2017.0,172,7.871282045940592,1.0795528884209018,0.9629772075799456,0.09099892720094,eligible,0.0005804204823939,0,,,0.1862150924651821,borderline_overlap,stable_under_exposure_adjustment,1466.3055183365325,3,True,False,moderate_audience_selectivity,1,1,0,0,0,0,0,0,eligible,eligible,1
225482,Seas of Strife,2015.0,1743,7.877373449368684,1.1398716978598804,1.113977259853141,0.028585895535698,borderline,0.0062413116069765,1,,,0.3216369135655854,adequate_overlap,stable_under_exposure_adjustment,1519.2786608502267,4,True,False,moderate_audience_selectivity,0,0,0,0,0,0,0,0,eligible,eligible,0
238094,Mutabo,2017.0,520,7.750460686574232,1.264836832795309,1.24028503179958,0.0523357948050593,eligible,0.0018594952491508,0,0.7711538461538462,0.5211538461538462,0.1090666508387963,borderline_overlap,strongly_sensitive,3652.196382203343,8,True,False,high_audience_selectivity,0,0,0,0,1,0,0,0,eligible,eligible,0
253344,Cthulhu: Death May Die,2019.0,13262,8.402802162215716,0.4228959359336759,0.4395785788469606,0.0103632502144114,exclude,0.0472863551026842,1,0.8205398884029558,0.606922032875886,0.1267796711004155,borderline_overlap,moderately_sensitive,2025.194454102458,7,True,False,low_audience_selectivity,0,0,0,0,1,0,0,0,eligible,eligible,2
254239,Quatre Bras 1815: Last Eagles,2019.0,183,8.347388006185017,0.4311346870600818,0.2665193633516924,0.0882216042737541,eligible,0.0005266778451352,0,0.9398907103825136,0.8961748633879781,0.1633712331587464,borderline_overlap,moderately_sensitive,2618.7100324986263,3,True,False,high_audience_selectivity,0,0,0,0,0,0,1,0,eligible,eligible,4
267333,Goetia: Nine Kings of Solomon,2021.0,314,8.052888620830666,0.4757004447535919,0.6174398413370472,0.0673497009695549,eligible,0.0011250125399486,0,,,0.1426991424629766,adequate_overlap,stable_under_exposure_adjustment,952.346570398103,4,True,False,low_audience_selectivity,0,0,0,0,0,0,0,0,eligible,eligible,0
267609,Guards of Atlantis II,2022.0,924,8.913027205983314,0.5732105673295855,0.5794399852197696,0.0392612850473248,eligible,0.0033033807701678,0,0.6060606060606061,0.3235930735930736,0.1009488135062555,insufficient_overlap,insufficient_overlap,10907.42187766266,7,True,False,moderate_audience_selectivity,0,0,0,0,0,0,0,0,eligible,eligible,0
274429,The Queen of Hansa,2019.0,122,7.575797895885447,0.5933460073448202,0.6266054110384971,0.1080489573802186,eligible,0.0004371067830373,0,,,0.4537043029083454,insufficient_overlap,insufficient_overlap,1109.9519868909038,1,True,False,insufficient_evidence,0,0,0,0,0,0,0,0,eligible,eligible,0
283474,Star Wars: Legion – Clone Wars Core Set,2019.0,238,8.37609630176314,0.9301751178743008,0.9582550701902974,0.0773592084466779,eligible,0.0008491336686873,0,0.5504201680672269,0.315126050420168,0.1799713158147597,borderline_overlap,strongly_sensitive,7796.495459240371,6,True,False,moderate_audience_selectivity,0,1,1,0,0,0,0,0,borderline,borderline,2
289223,AquaSphere,2019.0,149,8.023067748252547,0.3763713745895174,0.5650032035444532,0.0977703931694625,eligible,0.000533843530103,0,,,0.1682409712151674,insufficient_overlap,insufficient_overlap,353.0824896124166,1,True,False,insufficient_evidence,0,0,0,0,0,0,0,0,eligible,eligible,0
289247,Verdun 1916: Steel Inferno,2020.0,326,8.6433834851727,0.8877545178872097,0.9071503471594315,0.0660985139771559,eligible,0.0011070983275291,0,0.9386503067484664,0.8159509202453987,0.0351183134003521,borderline_overlap,strongly_sensitive,4603.723436861204,4,True,False,moderate_audience_selectivity,0,1,1,0,0,0,1,0,eligible,eligible,0
289850,Dwar7s Spring,2020.0,120,7.661311161487327,0.4450513029017982,0.4659199534232412,0.1089456446007282,eligible,0.0004263582555856,0,,,0.0988927996318443,insufficient_overlap,insufficient_overlap,1017.0726839931782,3,True,False,insufficient_evidence,0,0,0,0,0,0,0,0,eligible,eligible,3
290357,Hanabi: Grands Feux,2019.0,520,7.815422935857852,0.5403842318009291,0.6023244660729246,0.0523357948050593,eligible,0.0018559124066669,0,0.7576923076923077,0.4788461538461538,0.1208770761667453,borderline_overlap,moderately_sensitive,1913.5707102593487,7,False,True,high_audience_selectivity,0,0,0,0,1,0,0,0,borderline,borderline,3
291155,Enemy Action: Kharkov,2022.0,192,8.986175461811172,0.4554923151014485,0.3912998710469964,0.0861290945233816,eligible,0.0006305802771686,0,0.9270833333333334,0.78125,0.1611512878035552,borderline_overlap,strongly_sensitive,3828.417661948836,3,True,False,moderate_audience_selectivity,1,1,1,0,0,0,0,0,borderline,borderline,0
309752,The Field of the Cloth of Gold,2020.0,459,7.848384092973293,0.9082541001537684,1.0362261958533656,0.055704996730778,eligible,0.0016409418576321,0,,,0.2755065470950347,borderline_overlap,moderately_sensitive,1947.941334670592,2,True,False,moderate_audience_selectivity,0,1,0,1,0,0,0,0,eligible,eligible,0
309917,Hidden Games Crime Scene: The Midnight Crown,2020.0,341,8.200197969827395,1.0272995430734555,0.9747281929722328,0.0646283854294272,eligible,0.0012002522321108,0,0.8944281524926686,0.7976539589442815,0.0537323653930117,borderline_overlap,moderately_sensitive,1509.0157929786426,7,False,True,moderate_audience_selectivity,0,0,0,0,1,0,0,0,borderline,borderline,6
317434,Exit: The Game – Advent Calendar: The Mystery of the Ice Cave,2020.0,1023,8.187789691245294,0.8887330248472178,0.8796120475412099,0.0373132157249707,eligible,0.0036330022786878,0,0.9501466275659824,0.855327468230694,0.1554115176705405,borderline_overlap,moderately_sensitive,1357.3493331388484,7,True,False,high_audience_selectivity,0,0,0,0,1,0,0,0,borderline,borderline,36
324150,Reign of Witches,2020.0,242,7.851684735945321,0.7168776635496616,0.6181405741813535,0.0767172122146277,eligible,0.0008562993536552,0,,,0.265639606746811,adequate_overlap,stable_under_exposure_adjustment,1523.5744834007985,2,True,False,high_audience_selectivity,0,1,0,1,0,0,0,0,eligible,eligible,2
324345,Cat in the box,2020.0,910,7.663204859980142,0.408494174145491,0.4062193646035963,0.0395621422060265,eligible,0.0032568038178769,0,,,0.1869001643710049,adequate_overlap,moderately_sensitive,1603.2556754097934,4,False,True,low_audience_selectivity,0,0,0,0,0,1,0,0,borderline,borderline,3
342062,Artisans of Splendent Vale,2022.0,356,8.07244028808164,0.3638756316149951,0.2278920398923585,0.0632521798109122,eligible,0.0012539948693695,0,0.8679775280898876,0.7162921348314607,0.0477692041262263,borderline_overlap,strongly_sensitive,776.954949311588,8,True,False,moderate_audience_selectivity,0,0,0,0,1,0,0,0,eligible,eligible,0
342075,Crossbows & Catapults: Fortress War,2024.0,181,7.675318534694919,0.5144517275380958,0.5061315427512119,0.0887076773975098,eligible,0.0006413288046204,0,,,0.0685709797434777,borderline_overlap,moderately_sensitive,2045.2356179088724,1,True,False,moderate_audience_selectivity,0,1,0,1,0,0,0,0,borderline,borderline,3
342492,A game about WEE WHIMSICAL CREATURES and trying to identify them after someone makes noises.,2021.0,127,7.593953939297365,1.0365725291068388,0.9883718022004392,0.1059006523477852,eligible,0.000451438152973,0,0.8346456692913385,0.6850393700787402,0.1871597473077532,insufficient_overlap,insufficient_overlap,3008.650931951169,1,True,False,insufficient_evidence,0,0,0,0,0,0,0,0,eligible,eligible,0
347137,Chronicles of Avel,2021.0,2256,7.687262217863344,0.3527118515746714,0.2078271891487784,0.0251264392807488,borderline,0.0080398985339008,1,0.7562056737588653,0.5722517730496454,0.0949855031529604,borderline_overlap,moderately_sensitive,2368.544439715886,7,True,False,moderate_audience_selectivity,0,0,0,0,1,0,0,0,eligible,eligible,2
347218,Dickory,2021.0,160,7.999754134752189,0.9377377388780096,0.9591182155779484,0.0943496958559016,eligible,0.000573254797426,0,,,0.4357325819534225,adequate_overlap,moderately_sensitive,492.159084543797,2,True,False,moderate_audience_selectivity,0,1,0,1,0,0,0,0,eligible,eligible,0
347747,Mythic Mischief: Headmaster's Box,2022.0,157,8.074593038211697,0.8762520013965833,0.8211986706023193,0.095246860532917,eligible,0.0005625062699743,0,,,0.0328804059269261,insufficient_overlap,insufficient_overlap,14988.151640456885,1,True,False,moderate_audience_selectivity,0,0,0,0,0,1,0,0,borderline,borderline,3
347811,Too Many Bones: Unbreakable,2023.0,849,9.131088034214466,0.7047559174928413,0.6553579968086076,0.0409587459045469,eligible,0.0030310847413904,0,0.92226148409894,0.7208480565371025,0.0810297855377435,adequate_overlap,stable_under_exposure_adjustment,692.1028156937181,7,True,False,moderate_audience_selectivity,0,0,0,0,1,0,0,0,borderline,borderline,3
348877,Lobotomy II: Manhunt,2022.0,281,8.231947473522569,0.5781211130819042,0.5784675005954067,0.0711946461584255,eligible,0.0009888645255599,0,0.8790035587188612,0.708185053380783,0.1306426875663073,adequate_overlap,stable_under_exposure_adjustment,902.606543864003,7,True,False,moderate_audience_selectivity,0,0,0,0,1,0,0,0,borderline,borderline,2
349523,Resident Evil: The Board Game,2023.0,326,8.120597017619167,0.4440855338344196,0.31916118655902,0.0660985139771559,eligible,0.0011357610674004,0,0.8098159509202454,0.5828220858895705,0.2574575250223691,borderline_overlap,moderately_sensitive,2013.6788382593395,6,True,False,high_audience_selectivity,0,0,0,0,1,0,0,0,eligible,eligible,0
350079,Puzzle Strike 2,2022.0,342,7.873512052775356,0.3520364157093576,0.3052830408203624,0.0645338303159822,eligible,0.0012181664445304,0,,,0.1980498334154108,adequate_overlap,moderately_sensitive,907.2441079471192,4,True,False,low_audience_selectivity,0,0,0,0,0,0,0,0,eligible,eligible,13
360366,Tainted Grail: Kings of Ruin,2024.0,518,8.919952127129138,0.7462611759727267,0.856900233453187,0.0524367318222743,eligible,0.0018236668243117,0,0.833976833976834,0.5945945945945946,0.2101779930802605,adequate_overlap,stable_under_exposure_adjustment,1067.462906716332,7,True,False,moderate_audience_selectivity,0,0,0,0,1,0,0,0,borderline,borderline,2
362366,Junk Drawer,2023.0,351,7.666202323285754,0.6752224212655005,0.6657172316863971,0.0637011008437614,eligible,0.0012575777118534,0,,,0.2711492486200892,borderline_overlap,moderately_sensitive,1970.8137204208167,4,True,False,moderate_audience_selectivity,0,0,0,0,0,0,0,0,eligible,eligible,0
368028,RUN,2023.0,253,7.849471146630513,0.3312370022407336,0.3322402767569805,0.0750309137158037,eligible,0.0009064591484299,0,,,0.1538896965779284,adequate_overlap,stable_under_exposure_adjustment,1074.5844947828994,2,True,False,moderate_audience_selectivity,0,1,0,1,0,0,0,0,eligible,eligible,0
368036,Unlock!: Short Adventures – The Flight of the Angel,2022.0,394,7.706768173462389,0.3654633229083606,0.4130377786194534,0.0601246255894751,eligible,0.001397308568726,0,0.9593908629441624,0.9060913705583756,0.1577820743392093,borderline_overlap,strongly_sensitive,1526.637431526828,2,False,True,moderate_audience_selectivity,0,0,0,0,1,0,0,0,borderline,borderline,47
398774,Reif für die Insel,2023.0,103,7.691181444804089,0.6379693242487487,0.5417844780892231,0.1175931119315639,eligible,0.000369032775843,0,0.9514563106796116,0.912621359223301,0.4103078246718691,insufficient_overlap,insufficient_overlap,518.4727610002254,2,True,False,insufficient_evidence,0,0,0,0,0,0,0,0,eligible,eligible,0
401168,nana: Christmas Edition,2022.0,100,8.160131243453613,1.4747877395327151,1.4816937487013409,0.1193439741795195,eligible,0.0003582842483913,0,,,0.2444825819534225,insufficient_overlap,insufficient_overlap,1788.2828568202044,1,True,False,insufficient_evidence,0,0,0,0,0,1,0,0,borderline,borderline,0
401177,Passo,2023.0,104,7.596594111197918,0.5590114826916004,0.6736954444667607,0.1170263948405929,eligible,0.0003654499333591,0,,,0.1525595050303456,insufficient_overlap,insufficient_overlap,1359.8179480845736,2,True,False,insufficient_evidence,0,1,0,1,0,0,0,0,eligible,eligible,0
406652,Compile: Main 1,2024.0,558,8.368811111703025,0.5539709823346879,0.5500022193534413,0.0505223329250214,eligible,0.0019920604210556,0,,,0.0666914065749,adequate_overlap,stable_under_exposure_adjustment,1266.5666764922237,4,True,False,low_audience_selectivity,0,1,0,1,0,0,0,0,eligible,eligible,1
407805,Caution Signs,2024.0,171,7.683736369409588,0.6776505915992379,0.6636709391119586,0.0912646180647461,eligible,0.0006019175372973,0,0.8596491228070176,0.7192982456140351,0.3262101932889452,borderline_overlap,strongly_sensitive,1872.1444223693725,7,True,False,moderate_audience_selectivity,0,0,0,0,0,0,0,0,eligible,eligible,0
66,Löwenherz,1997.0,2649,7.505292616135361,0.3582826764057207,0.3760407288288432,0.0231877984447489,exclude,0.0094479556300786,1,,,0.1914965494883413,adequate_overlap,stable_under_exposure_adjustment,812.7505181095144,4,True,False,low_audience_selectivity,0,0,0,0,0,0,0,0,eligible,eligible,0
155,Was sticht?,1993.0,683,7.534872568565166,0.8996284521697921,0.883116304790371,0.0456657026036423,eligible,0.0024434985740286,0,,,0.4068251881027637,adequate_overlap,stable_under_exposure_adjustment,511.3587029576215,2,True,False,moderate_audience_selectivity,0,0,0,0,0,0,0,0,eligible,eligible,0
1662,"Napoléon: The Waterloo Campaign, 1815",1974.0,1343,7.707277424884571,0.7543071147230309,0.7037103650244072,0.0325658553502835,eligible,0.004528712899666,0,0.9486224869694714,0.8548026805658973,0.0536740410621682,borderline_overlap,strongly_sensitive,5424.751558133051,7,True,False,moderate_audience_selectivity,0,0,0,0,0,0,0,0,eligible,eligible,0
1796,Pampas Railroads,2001.0,240,7.888392436136963,0.9647850458194148,0.9108996721869058,0.0770362040779144,eligible,0.0008562993536552,0,0.9875,0.9625,0.3669825819534225,borderline_overlap,strongly_sensitive,462.9722064131284,2,True,False,high_audience_selectivity,0,0,0,0,0,0,0,0,borderline,borderline,33
2653,Survive: Escape from Atlantis!,1982.0,26095,7.50180384062405,0.5141309531108442,0.4342767670681864,0.0073879142367348,exclude,0.0930786648895767,1,,,0.0818263443731509,borderline_overlap,stable_under_exposure_adjustment,1393.6271698300625,4,True,False,low_audience_selectivity,0,0,0,0,0,0,0,0,eligible,eligible,13
3828,Locomotive Werks,2002.0,570,7.569011550566273,0.6684131441053918,0.6222866934235647,0.0499876900161549,eligible,0.0020386373733465,0,0.9824561403508772,0.9649122807017544,0.3658860907253523,borderline_overlap,moderately_sensitive,465.1138344832792,2,True,False,high_audience_selectivity,0,0,0,0,0,0,0,0,eligible,eligible,19
6495,Iron Tide: Panzers in the Ardennes,2003.0,104,8.051432964985917,0.8856551026651864,0.7989584708891702,0.1170263948405929,eligible,0.0003296215085199,0,0.971153846153846,0.9230769230769232,0.0852518127226532,insufficient_overlap,insufficient_overlap,2395.535969534157,2,True,False,insufficient_evidence,0,0,0,0,0,0,0,0,eligible,eligible,6
11269,"Roads to Leningrad: Battles of Soltsy and Staraya Russa, 1941",2004.0,261,7.812591057723592,0.4708058684004417,0.5378572073521326,0.0738720654821974,eligible,0.0007918081889447,0,0.9846743295019156,0.9118773946360154,0.0773326752302693,borderline_overlap,moderately_sensitive,1934.516003742982,4,True,False,high_audience_selectivity,1,1,1,0,0,0,0,0,eligible,eligible,0
11437,La Bataille de Lützen,1999.0,154,7.843814271003993,0.4460470718069338,0.4350547691576167,0.0961701150119088,eligible,0.0003833641457786,0,0.974025974025974,0.9090909090909092,0.1292836518128112,borderline_overlap,moderately_sensitive,1617.7974924050245,3,True,False,high_audience_selectivity,0,0,0,0,0,0,0,0,eligible,eligible,12
12071,Second Season Pro Football Game,1999.0,132,8.079682206743014,1.487916539147852,1.3564948433952466,0.1038755963880404,eligible,0.0004191925706178,0,,,0.1937560077180558,insufficient_overlap,insufficient_overlap,1047.4366771816565,3,True,False,insufficient_evidence,1,1,0,0,0,0,0,0,eligible,eligible,0
12134,This Hallowed Ground,1998.0,124,8.261459988677476,0.77142502652665,0.7736983898373193,0.1071740526379411,eligible,0.0003367871934878,0,0.9758064516129032,0.9435483870967742,0.0817586612259575,insufficient_overlap,insufficient_overlap,1293.8890003937229,1,True,False,insufficient_evidence,0,0,0,0,0,0,0,0,eligible,eligible,3
12166,Funkenschlag,2001.0,897,7.979448127313571,0.8211949631766977,0.7026784683592222,0.0398477931516826,eligible,0.0032138097080699,0,0.8896321070234113,0.7837235228539576,0.1618961828452843,borderline_overlap,moderately_sensitive,512.8554173600846,7,True,False,moderate_audience_selectivity,0,0,0,0,0,0,0,0,eligible,eligible,8
12234,"DAK2: The Campaign in North Africa, 1940-1942",2004.0,282,8.613507545883223,0.6685262682932969,0.6255966213289952,0.0710683024099581,eligible,0.0007882253464608,0,0.9822695035460992,0.8617021276595744,0.0906950416537376,borderline_overlap,moderately_sensitive,1312.1574073238992,4,True,False,high_audience_selectivity,1,1,1,0,0,0,0,0,eligible,eligible,18
13016,"White Death: Velikiye Luki, The Stalingrad of the North",1979.0,125,7.736589706848453,0.7622796249079427,0.7977936872615645,0.1067444955881541,eligible,0.0003045416111326,0,0.976,0.92,0.0533528775228443,insufficient_overlap,insufficient_overlap,2039.9864233652413,2,True,False,insufficient_evidence,0,1,1,0,0,0,0,0,eligible,eligible,0
15999,1825 Unit 3,2004.0,177,8.192198155358234,0.3509713803905789,0.4001589427048619,0.089704424158108,eligible,0.0006305802771686,0,0.6271186440677966,0.4180790960451977,0.3163469887330835,insufficient_overlap,insufficient_overlap,20735.54558306201,4,False,True,moderate_audience_selectivity,0,1,0,1,0,0,0,0,borderline,borderline,81
21358,Savage Worlds,2003.0,173,8.245398882021961,1.3435450540545055,1.370881992882227,0.0907355433570639,eligible,0.0006055003797813,0,0.6647398843930635,0.5086705202312138,0.057995982717697,borderline_overlap,strongly_sensitive,8265.22613343412,7,True,False,moderate_audience_selectivity,0,0,0,0,0,0,0,0,eligible,eligible,0
25277,Richard III: The Wars of the Roses,2009.0,984,7.832827806466339,0.4782737544631512,0.6414581493252207,0.0380454693906469,eligible,0.0033929518322656,0,0.9471544715447154,0.8170731707317073,0.0831411185387883,borderline_overlap,strongly_sensitive,5731.162823838575,7,True,False,moderate_audience_selectivity,0,1,1,0,0,0,0,0,borderline,borderline,0
38986,18NEB,2010.0,190,8.398009941750434,0.3790835829596872,0.3882330957417679,0.0865812188609838,eligible,0.0006735743869756,0,0.7421052631578947,0.4842105263157895,0.3044825819534225,insufficient_overlap,insufficient_overlap,5587.359466007539,4,True,False,moderate_audience_selectivity,0,0,0,0,0,0,0,0,borderline,borderline,81
39019,Nothing Gained But Glory,2010.0,240,8.141866455253515,0.4062580716909565,0.3003015127518669,0.0770362040779144,eligible,0.0007273170242343,0,0.9625,0.8791666666666667,0.0630735369802098,borderline_overlap,strongly_sensitive,1824.332467551104,4,False,True,high_audience_selectivity,0,1,1,0,0,0,0,0,eligible,eligible,7
39328,Baltic Gap: Summer 1944,2009.0,262,8.340935471475946,0.37268113140885,0.309479017071455,0.0737309534804105,eligible,0.0007488140791378,0,0.9809160305343512,0.900763358778626,0.0674909040039232,borderline_overlap,strongly_sensitive,3359.4066763467977,4,True,False,high_audience_selectivity,0,1,1,0,0,0,0,0,eligible,eligible,18
39336,Mégawatts,2008.0,441,8.14642804889953,1.2620393286148968,1.130978454255665,0.0568304638950092,eligible,0.0015800335354056,0,0.8775510204081632,0.7392290249433107,0.0852082055361889,borderline_overlap,moderately_sensitive,511.72802879315344,7,False,True,moderate_audience_selectivity,0,0,0,0,0,0,0,0,eligible,eligible,8
43262,Neuroshima Hex! Duel,2009.0,838,7.799905259887792,0.849846317426115,0.7169298770624621,0.041226691791911,eligible,0.0029916734740673,0,,,0.0599157896120235,adequate_overlap,stable_under_exposure_adjustment,951.8722260784108,4,True,False,low_audience_selectivity,0,1,0,1,0,0,0,0,eligible,eligible,0
58421,Egizia,2009.0,5473,7.870552718410423,0.3508818271323601,0.3867181608583259,0.0161319835981255,exclude,0.0195981483870043,1,,,0.220963488220552,adequate_overlap,stable_under_exposure_adjustment,874.6005743234853,4,True,False,moderate_audience_selectivity,0,0,0,0,0,0,0,0,eligible,eligible,0
66362,Glen More,2010.0,9319,7.748271067580021,0.3507539594451874,0.3743516471133237,0.0123627714341752,exclude,0.0333598463677142,1,0.9533211717995492,0.865972743856637,0.1869485117742187,borderline_overlap,moderately_sensitive,1045.4744796321188,7,True,False,moderate_audience_selectivity,0,0,0,0,0,0,0,0,eligible,eligible,11
66589,Navegador,2010.0,9364,8.019705636396646,0.4779789582086895,0.5401818855604308,0.01233303015378,exclude,0.033535405649426,1,0.9640111063648014,0.8881888082016233,0.1621569494170058,borderline_overlap,moderately_sensitive,828.2654401568429,7,True,False,moderate_audience_selectivity,0,0,0,0,0,0,0,0,eligible,eligible,8
75449,Firenze,2010.0,3294,7.700950687176687,0.4840177301038517,0.4700518761483687,0.0207940315430425,exclude,0.0117947174570417,1,0.9611414693381908,0.8958712811171827,0.3075791211155355,borderline_overlap,moderately_sensitive,1091.2567693291558,7,True,False,high_audience_selectivity,0,0,0,0,0,0,0,0,eligible,eligible,0
78733,Key Market,2010.0,739,7.961771857403485,0.6296255741312384,0.9010593782603076,0.0439013905676142,eligible,0.0026477205956117,0,0.9918809201623816,0.9675236806495264,0.4123310257964536,borderline_overlap,moderately_sensitive,323.192400153801,1,True,False,high_audience_selectivity,0,0,0,0,0,0,0,0,eligible,eligible,10
123123,BattleCON: Devastation of Indines,2013.0,3237,8.143772204451041,0.5399686452382646,0.5526670057831051,0.0209763125839323,exclude,0.0115403356406838,1,,,0.0417369199326302,adequate_overlap,stable_under_exposure_adjustment,872.5871555997307,4,True,False,low_audience_selectivity,0,0,0,0,0,0,0,0,eligible,eligible,5
129165,Wings of Glory: WW1 Duel Pack,2013.0,249,7.923116268152656,0.739478301328635,0.6204908738467143,0.0756311705915286,eligible,0.0008527165111713,0,0.7028112449799196,0.5261044176706827,0.1442266937174444,insufficient_overlap,insufficient_overlap,15907.024705318016,7,True,False,moderate_audience_selectivity,0,1,1,0,0,0,0,0,borderline,borderline,12
141067,History Maker Baseball,2013.0,207,8.227778046143344,1.4972091288207867,1.3744098434110512,0.0829497961576172,eligible,0.000655660174556,0,,,0.1656457030882611,borderline_overlap,moderately_sensitive,1746.0607854524626,4,True,False,moderate_audience_selectivity,1,1,0,0,0,0,0,0,eligible,eligible,0
154086,Gold West,2015.0,3243,7.767881616876754,0.453105269444273,0.4069386640467849,0.020956899055864,exclude,0.0116084096478782,1,0.9648473635522664,0.90440949737897,0.3161692917899936,borderline_overlap,moderately_sensitive,1013.0893222961264,7,True,False,high_audience_selectivity,0,0,0,0,0,0,0,0,eligible,eligible,0
158816,Longstreet Attacks: The Second Day at Gettysburg,2018.0,186,8.628390773053367,0.81836750290379,0.8084826574052784,0.087507247543047,eligible,0.0005051807902317,0,0.967741935483871,0.8709677419354839,0.1178045136100068,borderline_overlap,moderately_sensitive,2328.031775409885,3,True,False,high_audience_selectivity,0,0,0,0,0,0,0,0,eligible,eligible,6
178591,Lunarchitects,2016.0,492,7.66981731128846,0.7853187917729922,0.7160156090611469,0.0538044187991034,eligible,0.0017627585020852,0,,,0.2264338014656176,adequate_overlap,stable_under_exposure_adjustment,906.0020152552294,2,True,False,low_audience_selectivity,0,0,0,0,0,0,0,0,eligible,eligible,0
178754,Z War One: Damnation,2016.0,118,7.749600050956229,0.8336972860824758,0.8293296482397725,0.1098650334287785,eligible,0.0004156097281339,0,0.8050847457627118,0.6016949152542372,0.1832768773196958,insufficient_overlap,insufficient_overlap,1406.9930891780546,6,True,False,insufficient_evidence,0,0,0,0,1,0,0,0,eligible,eligible,0
189190,9 Lives,2015.0,852,7.69336308968328,0.9831963950649144,0.9579784590313264,0.0408865718468776,eligible,0.0030489989538099,0,,,0.3439192016717324,adequate_overlap,stable_under_exposure_adjustment,1420.7099588190606,4,True,False,moderate_audience_selectivity,0,0,0,0,0,0,0,0,borderline,borderline,22
189932,Tyrants of the Underdark,2016.0,9452,8.313463990652801,0.6649808788195841,0.5558927055882297,0.0122754844181219,exclude,0.0338291987331069,1,,,0.0675442155650515,adequate_overlap,stable_under_exposure_adjustment,1423.0943518818185,4,True,False,moderate_audience_selectivity,0,0,0,0,0,0,0,0,eligible,eligible,2
196202,Rum & Bones: Second Tide,2017.0,1556,7.829080034014519,0.4975852405343834,0.4917989038114365,0.0302548984465391,eligible,0.0055498230075812,1,,,0.0578346210899595,adequate_overlap,stable_under_exposure_adjustment,1011.5784229654782,4,True,False,low_audience_selectivity,0,0,0,0,0,0,0,0,borderline,borderline,2
206150,1754: Conquest – The French and Indian War,2017.0,922,8.051588535428424,0.5544786058785061,0.6250053942461697,0.0393038447184087,eligible,0.0032496381329091,0,0.834056399132321,0.6605206073752712,0.0990595884610147,insufficient_overlap,insufficient_overlap,12490.297464709793,7,False,True,moderate_audience_selectivity,0,0,0,0,0,0,1,0,eligible,eligible,3
207230,"Thunder in the Ozarks: Battle for Pea Ridge, March 1862",2016.0,159,8.362664340117616,0.6524652129328832,0.6393827124437124,0.0946459279689731,eligible,0.0004191925706178,0,0.9748427672955976,0.8805031446540881,0.1062092419459485,borderline_overlap,strongly_sensitive,5695.7679281513165,3,True,False,high_audience_selectivity,1,1,1,0,0,0,0,0,eligible,eligible,6
220224,Maniacal,2019.0,113,7.6939230902337234,0.5480366837301203,0.5799463419920974,0.1122693670265072,eligible,0.0004048612006821,0,,,0.1531551483251039,insufficient_overlap,insufficient_overlap,900.6558738211434,2,True,False,insufficient_evidence,0,0,0,0,0,0,0,0,eligible,eligible,0
232139,Autumn For Barbarossa,2017.0,189,7.784313327400052,0.407467446995672,0.3137370321185377,0.0868099675261116,eligible,0.0005481749000386,0,0.9894179894179894,0.925925925925926,0.1058507010537687,borderline_overlap,strongly_sensitive,6605.309620855238,2,True,False,high_audience_selectivity,0,1,1,0,0,0,0,0,borderline,borderline,23
232267,"Red Typhoon: The Soviet Winter Counter-Offensive, 1942",2017.0,119,7.858395653549127,0.7214721367221131,0.708652025764648,0.1094024417597391,eligible,0.0003439528784556,0,0.9495798319327732,0.8823529411764706,0.1350132163659052,insufficient_overlap,insufficient_overlap,5488.406997507071,3,True,False,insufficient_evidence,1,1,1,0,0,0,0,0,eligible,eligible,1
241590,Smart10,2017.0,3374,7.757835146620193,0.820614389296578,0.7472870225596626,0.0205460318361831,exclude,0.0120490992733995,1,0.6704208654416123,0.4297569650266746,0.061732730084917,borderline_overlap,moderately_sensitive,3105.7024124143604,7,True,False,moderate_audience_selectivity,0,0,0,0,0,0,0,0,eligible,eligible,3
249552,Ascension: Delirium,2018.0,280,7.993049940944362,1.147317623218714,1.0540845217425838,0.0713216661455134,eligible,0.0010031958954956,0,,,0.0998606169583495,adequate_overlap,stable_under_exposure_adjustment,1326.002466783557,4,True,False,low_audience_selectivity,0,0,0,0,0,0,0,0,borderline,borderline,24
255570,Brotherhood & Unity,2020.0,595,8.536690983003801,0.4326064426870157,0.4162526318242623,0.0489262593358477,eligible,0.0020959628530891,0,0.9478991596638656,0.8352941176470589,0.0689014491059499,borderline_overlap,strongly_sensitive,6620.254415668221,4,True,False,moderate_audience_selectivity,0,0,0,0,0,0,0,0,eligible,eligible,0
259038,Bastille,2018.0,435,7.535121758793507,0.3859703150513338,0.521200358185328,0.0572210558724988,eligible,0.0015585364805021,0,,,0.3332182141373305,adequate_overlap,stable_under_exposure_adjustment,698.3275628963488,2,True,False,moderate_audience_selectivity,0,0,0,0,0,0,0,0,eligible,eligible,0
259435,Middle-earth Strategy Battle Game: The Lord of the Rings – Battle of Pelennor Fields,2018.0,116,8.568697868859607,1.0118752489142402,1.0418266250157142,0.1108080982232961,eligible,0.0004012783581982,0,0.6379310344827587,0.4741379310344827,0.1886322537995076,insufficient_overlap,insufficient_overlap,8420.326624909807,5,True,False,insufficient_evidence,0,1,1,0,0,0,0,0,eligible,eligible,0
260561,WARIGIN,2018.0,120,8.021273379673282,0.6807643213570529,0.6894771445540471,0.1089456446007282,eligible,0.0004227754131017,0,0.4333333333333333,0.2416666666666666,0.0988927996318443,insufficient_overlap,insufficient_overlap,16151.071199890552,6,False,True,insufficient_evidence,0,0,0,0,0,0,0,0,eligible,eligible,0
260799,Trans Europa & Trans Amerika,2018.0,204,7.5202392634172925,0.8682492466778973,0.8224301969287007,0.0835574950961671,eligible,0.0007308998667182,0,,,0.1934182212625723,adequate_overlap,stable_under_exposure_adjustment,1677.120656658964,2,True,False,low_audience_selectivity,0,0,0,0,0,0,0,0,eligible,eligible,3
270847,Set & Match,2017.0,1308,7.644645121468904,0.7372496364415033,0.6069672988781205,0.0329986842627168,eligible,0.0046756094415065,0,,,0.1357714950710625,borderline_overlap,moderately_sensitive,3036.0857990118493,4,True,False,moderate_audience_selectivity,0,0,0,0,0,0,0,0,eligible,eligible,0
271064,Ascension: Skulls & Sails,2019.0,417,7.5684919151370735,0.5625956723599845,0.4874117011832126,0.0584429955984737,eligible,0.0014940453157917,0,,,0.1178652598180516,adequate_overlap,stable_under_exposure_adjustment,1218.4531006790485,4,False,True,moderate_audience_selectivity,0,0,0,0,0,0,0,0,borderline,borderline,24
276337,Napoleon Returns 1815,2020.0,158,7.689043833203588,0.3621844712021236,0.3118471884890521,0.0949449679809969,eligible,0.0005410092150708,0,0.9493670886075948,0.8607594936708861,0.0924414980369147,borderline_overlap,strongly_sensitive,7485.20047964612,2,True,False,moderate_audience_selectivity,0,0,0,0,0,0,0,0,eligible,eligible,0
292811,American Bookshop,2019.0,537,7.859503837967489,0.937479836207416,0.9171318472697384,0.0515007262029792,eligible,0.0019204035713773,0,,,0.3810188948025845,borderline_overlap,moderately_sensitive,1814.5561888866507,2,True,False,moderate_audience_selectivity,0,0,0,0,0,0,0,0,eligible,eligible,0
298586,Demeter,2020.0,848,7.59105695962325,0.5075461247551711,0.4664627474632077,0.0409828889929414,eligible,0.0030275018989065,0,,,0.1409320455297781,adequate_overlap,stable_under_exposure_adjustment,1344.2665773463589,4,True,False,low_audience_selectivity,0,0,0,0,0,0,0,0,eligible,eligible,4
299104,Apex Theropod Deck Building Game: Collected Edition,2020.0,576,8.027282217119607,0.4282937895132424,0.3431730130413477,0.0497266559081331,eligible,0.0020458030583143,0,,,0.0595525028164762,adequate_overlap,stable_under_exposure_adjustment,1051.4663247072508,4,True,False,moderate_audience_selectivity,0,0,0,0,0,1,0,0,borderline,borderline,0
309058,Dog Tag Trick,2020.0,175,7.77296092011273,0.8573073523278101,0.8487976832773914,0.0902155646151778,eligible,0.0006269974346847,0,,,0.3987682962391368,adequate_overlap,stable_under_exposure_adjustment,870.2278554489318,2,True,False,moderate_audience_selectivity,0,0,0,0,0,0,0,0,eligible,eligible,0
316554,Dune: Imperium,2020.0,46940,8.691736482193742,0.5968293628066412,0.6028183633972048,0.0055084441845964,exclude,0.1681786261948779,1,,,0.1633060844291936,borderline_overlap,stable_under_exposure_adjustment,1233.0871240001293,4,True,False,low_audience_selectivity,0,0,0,0,0,0,0,0,eligible,eligible,2
315767,Cartographers Heroes,2021.0,4847,8.01296815509824,0.7412931119640138,0.6411558419976071,0.0171420984888562,exclude,0.0173481233071069,1,,,0.0586121541689988,borderline_overlap,stable_under_exposure_adjustment,1601.256943209432,4,True,False,moderate_audience_selectivity,0,0,0,0,0,0,0,0,borderline,borderline,2
315975,Dungeon Fighter in the Labyrinth of Sinister Storms,2022.0,158,7.871822846151918,0.716048511364324,0.7141344070320859,0.0949449679809969,eligible,0.0005589234274904,0,0.6455696202531646,0.4177215189873418,0.0700453563029406,borderline_overlap,moderately_sensitive,1143.8807179252965,5,True,False,moderate_audience_selectivity,0,0,0,0,1,0,0,0,borderline,borderline,5
316410,The Third World War: Designer Signature Edition,2022.0,120,8.787755641726445,0.5828476030753524,0.4662729699440913,0.1089456446007282,eligible,0.0003439528784556,0,0.9416666666666668,0.8083333333333333,0.1764973511270274,insufficient_overlap,insufficient_overlap,2355.0018677322028,3,True,False,insufficient_evidence,0,0,0,0,0,1,0,0,borderline,borderline,5
334590,For Northwood! A Solo Trick-Taking Game,2021.0,3530,8.114709738700897,0.4791631624842463,0.4070545955031299,0.0200869104370342,exclude,0.012604439858406,1,,,0.0556322320706939,borderline_overlap,stable_under_exposure_adjustment,1667.6763251152704,4,False,True,moderate_audience_selectivity,1,1,0,0,0,0,0,0,eligible,eligible,0
335678,Let's Make a Bus Route: The Dice Game,2021.0,251,7.813586192635576,0.5024234483903403,0.4928357042979083,0.0753292485455614,eligible,0.0008992934634621,0,,,0.2817734186068089,adequate_overlap,moderately_sensitive,520.250495678583,1,True,False,high_audience_selectivity,1,1,0,0,0,0,0,0,borderline,borderline,0
345266,Tales from the Red Dragon Inn,2023.0,519,8.660438543475616,0.8069957415113738,0.744695393582445,0.0523861903822678,eligible,0.0018308325092795,0,0.9132947976878611,0.7880539499036608,0.0605339696471556,borderline_overlap,moderately_sensitive,1232.901315335623,7,False,True,moderate_audience_selectivity,0,0,0,0,1,0,0,0,borderline,borderline,11
345888,Siege of Valeria,2022.0,359,7.846460476051118,0.4276578209757486,0.4348804095815408,0.0629873404908189,eligible,0.0012790747667569,0,,,0.1365160081372665,adequate_overlap,stable_under_exposure_adjustment,1143.5812163246442,2,False,True,moderate_audience_selectivity,1,1,0,0,0,0,0,0,eligible,eligible,0
345976,System Gateway (fan expansion for Android: Netrunner),2021.0,660,9.452369137041869,1.3670866539472597,1.4736530553399891,0.0464545789453979,eligible,0.0023646760393826,0,,,0.1303659028950623,adequate_overlap,stable_under_exposure_adjustment,692.8830740271782,4,True,False,moderate_audience_selectivity,0,1,0,1,0,0,0,1,borderline,borderline,2
358737,Leviathan Wilds,2024.0,744,8.273762747754583,0.3261876027580896,0.2743973192677984,0.0437536237715235,eligible,0.0026513034380956,0,0.918010752688172,0.7983870967741935,0.1125470980824548,borderline_overlap,moderately_sensitive,1512.6128012706686,7,True,False,moderate_audience_selectivity,0,0,0,0,1,0,0,0,eligible,eligible,0
358816,Rear Window,2022.0,1481,7.759508575313373,0.4938774690544099,0.4657637282462437,0.0310115138089267,eligible,0.0052846926637717,1,0.8730587440918298,0.7238352464550979,0.1466837973484259,borderline_overlap,moderately_sensitive,2109.401786596653,7,False,True,moderate_audience_selectivity,0,0,0,0,1,0,0,0,eligible,eligible,0
359124,The Animals of Baker Street,2022.0,569,7.835789602412898,0.4506862652240748,0.4294816589210271,0.050031596647383,eligible,0.0020350545308626,0,0.8840070298769771,0.7135325131810193,0.0785710521664629,borderline_overlap,moderately_sensitive,2195.195701456778,7,True,False,moderate_audience_selectivity,0,0,0,0,1,0,0,0,eligible,eligible,0
368789,AFU: Armed Forces of Ukraine,2022.0,162,8.083192459545696,0.3570055751915202,0.3714465947358505,0.093765481595656,eligible,0.0005804204823939,0,0.3950617283950617,0.191358024691358,0.1735457839485673,insufficient_overlap,insufficient_overlap,15842.640518822453,7,True,False,moderate_audience_selectivity,1,1,1,0,0,0,0,0,eligible,eligible,0
369509,Of What's Left,2023.0,117,8.542877580824095,1.2351108869791965,1.2482725329843127,0.1103335431594635,eligible,0.0004156097281339,0,,,0.3566193340901746,insufficient_overlap,insufficient_overlap,643.4899757353498,2,True,False,insufficient_evidence,0,0,0,0,0,0,0,0,borderline,borderline,0
370597,Fugitive (Second Edition),2023.0,470,7.817235179121694,0.4633422769861983,0.4672801435788702,0.0550492703354,eligible,0.0016767702824713,0,,,0.0643779375736774,borderline_overlap,stable_under_exposure_adjustment,1645.1183867832904,4,False,True,moderate_audience_selectivity,0,1,0,1,0,1,0,0,borderline,borderline,0
372197,Snakes of Wrath,2022.0,110,7.737679423200105,0.5673455708189339,0.5381483165798455,0.1137900146320637,eligible,0.0003941126732304,0,,,0.1769619662185345,insufficient_overlap,insufficient_overlap,1537.2626103137034,3,True,False,insufficient_evidence,0,1,0,1,0,0,0,0,eligible,eligible,0
373544,Tether,2024.0,141,7.535945263291769,0.3530259690043511,0.3685161351597159,0.1005057571229953,eligible,0.0005051807902317,0,,,0.2498726528754083,insufficient_overlap,insufficient_overlap,1165.0223055373583,2,True,False,insufficient_evidence,0,0,0,0,0,0,0,0,eligible,eligible,0
373835,Unlock! Kids: Stories from the Past,2022.0,252,8.076560191133414,1.2059661688062722,1.1186359363502358,0.0751796371793148,eligible,0.000902876305946,0,,,0.1736701407678733,borderline_overlap,stable_under_exposure_adjustment,1567.4923191031523,2,True,False,moderate_audience_selectivity,0,0,0,0,0,0,0,0,borderline,borderline,47
387144,R-ECO+,2023.0,160,7.86121190193292,0.6657084953648855,0.6493602828886491,0.0943496958559016,eligible,0.000573254797426,0,,,0.3357325819534225,borderline_overlap,moderately_sensitive,1951.72458849278,2,True,False,moderate_audience_selectivity,0,0,0,0,0,0,0,0,eligible,eligible,0
388329,Waypoints,2023.0,603,7.917286870276495,0.5679309963444741,0.4876602199599453,0.0486006233759504,eligible,0.0021532883328317,0,,,0.0628989086492172,adequate_overlap,stable_under_exposure_adjustment,1174.753512278148,4,True,False,moderate_audience_selectivity,0,0,0,0,0,0,0,0,eligible,eligible,0
388476,Spectral,2024.0,370,7.822667522018296,0.3511320423271176,0.3320295792609684,0.0620439778051147,eligible,0.0013256517190478,0,,,0.2855636630345035,adequate_overlap,stable_under_exposure_adjustment,1280.4774592796898,2,True,False,moderate_audience_selectivity,0,0,0,0,0,0,0,0,eligible,eligible,0
388570,Jokkmokk: The Winter Market,2023.0,276,7.501489744410001,0.5077059644666688,0.4938377377672145,0.0718366307112373,eligible,0.000985281683076,0,0.9094202898550724,0.8188405797101449,0.3073811326780602,borderline_overlap,moderately_sensitive,1073.4824977762084,5,True,False,high_audience_selectivity,0,0,0,0,0,0,0,0,eligible,eligible,0
389102,Bier Pioniere,2023.0,435,8.289582984071538,0.3446022280941356,0.3188775742008367,0.0572210558724988,eligible,0.0015549536380182,0,0.9540229885057472,0.8689655172413793,0.2366664899993996,borderline_overlap,strongly_sensitive,704.1881931095893,4,True,False,high_audience_selectivity,0,0,0,0,0,0,0,0,eligible,eligible,0
390903,Villagers of the Oak Dell,2023.0,118,7.605856445667211,0.6627421176916126,0.6173398540143253,0.1098650334287785,eligible,0.0004191925706178,0,,,0.0908529850049786,insufficient_overlap,insufficient_overlap,1562.7498579207524,2,True,False,insufficient_evidence,0,0,0,0,0,0,0,0,eligible,eligible,1
392842,Wonder Bowling,2023.0,305,7.564975358105642,0.5028942852257892,0.5812770797511888,0.0683361608255901,eligible,0.0010927669575934,0,,,0.3028432376911274,borderline_overlap,moderately_sensitive,2993.9573140892644,1,True,False,moderate_audience_selectivity,0,0,0,0,0,0,0,0,eligible,eligible,6
393307,Tower Up,2024.0,737,8.003287126111962,0.4083538980576211,0.3528453130910822,0.0439609179042009,eligible,0.002633389225676,0,,,0.2720538166888363,adequate_overlap,stable_under_exposure_adjustment,1431.091259088149,4,True,False,moderate_audience_selectivity,0,0,0,0,0,0,0,0,eligible,eligible,0
230,Merchant of Venus,1988.0,2724,7.572861809956566,0.722408035787125,0.9392691552718722,0.0228663551368663,exclude,0.0096127663843386,1,0.8671071953010279,0.7408223201174743,0.1184326553748615,borderline_overlap,moderately_sensitive,1094.9292009395558,7,True,False,moderate_audience_selectivity,0,0,0,0,0,0,0,0,eligible,eligible,0
620,We the People,1993.0,1124,7.748143834985115,0.4644523827501299,0.4459282309326227,0.0355973230792127,eligible,0.0038981326224973,0,0.9403914590747332,0.8380782918149466,0.087328842682803,borderline_overlap,strongly_sensitive,4619.950515409232,7,False,True,moderate_audience_selectivity,0,1,1,0,0,0,0,0,eligible,eligible,5
2251,Strat-O-Matic Baseball,1962.0,1071,7.917105514613079,1.440682335595782,1.3287759338052494,0.0364674805865797,eligible,0.0036365851211717,0,,,0.0758630058240967,adequate_overlap,stable_under_exposure_adjustment,1020.2893286978916,4,True,False,moderate_audience_selectivity,1,1,0,0,0,0,0,0,eligible,eligible,4
4485,Hotel Life,1989.0,139,7.704084067024758,1.608946986698229,1.5380271857250998,0.1012262377230807,eligible,0.000490849420296,0,0.8992805755395683,0.841726618705036,0.3025661969996297,insufficient_overlap,insufficient_overlap,572.0964346658673,2,True,False,insufficient_evidence,0,0,0,0,0,0,0,0,eligible,eligible,0
6431,Air & Armor,1986.0,152,7.836376387763832,0.6661401444368513,0.5574298545150187,0.0968007454739734,eligible,0.0003941126732304,0,0.9407894736842104,0.8421052631578947,0.131314343867421,borderline_overlap,moderately_sensitive,1966.6585915094208,3,True,False,high_audience_selectivity,0,1,1,0,0,0,0,0,eligible,eligible,1
15369,The Devil's Cauldron: The Battles for Arnhem and Nijmegen,2008.0,398,8.513942371205532,0.6986780447976901,0.7274862081058924,0.059821728823544,eligible,0.0011859208621752,0,0.9547738693467336,0.8618090452261307,0.0727330784457445,borderline_overlap,moderately_sensitive,1959.954785560707,4,True,False,moderate_audience_selectivity,0,0,0,0,0,0,0,0,eligible,eligible,5
18748,Unhappy King Charles!,2008.0,717,8.077601519772793,0.4354473060046651,0.5231341106763665,0.0445698238862338,eligible,0.0024649956289321,0,0.9748953974895398,0.9037656903765692,0.069861736853039,borderline_overlap,strongly_sensitive,2683.465136276075,4,True,False,moderate_audience_selectivity,0,1,1,0,0,0,0,0,eligible,eligible,0
22143,EastFront: The War in Russia 1941-45 – Second Edition,2006.0,588,8.477999142082737,0.7113696133910725,0.6339560211617883,0.0492166254419323,eligible,0.0019920604210556,0,0.9404761904761904,0.8418367346938775,0.0393516233166015,borderline_overlap,strongly_sensitive,2364.381912875475,4,True,False,moderate_audience_selectivity,0,1,1,0,0,1,0,0,borderline,borderline,2
24508,Taluva,2006.0,8769,7.546837009963239,0.3563113287939305,0.2388348398592992,0.0127445780345095,exclude,0.031349871734239,1,,,0.1418300560097573,adequate_overlap,stable_under_exposure_adjustment,1393.9173391616537,4,True,False,low_audience_selectivity,0,0,0,0,0,0,0,0,borderline,borderline,0
29199,Victoria Cross II: Battle of Isandlwana & Rorke's Drift,2011.0,146,7.504338904385589,0.7055413299456195,0.5581952703657382,0.0987697758001792,eligible,0.0004478553104891,0,0.958904109589041,0.8424657534246576,0.0615555802531693,insufficient_overlap,insufficient_overlap,4590.449545005473,4,True,False,insufficient_evidence,1,1,1,0,0,0,0,0,eligible,eligible,0
29285,Case Blue,2007.0,291,8.555157934355043,0.5948640645960168,0.590151783510164,0.0699606766645972,eligible,0.000820470928816,0,0.979381443298969,0.9037800687285223,0.0759297891805981,borderline_overlap,moderately_sensitive,1374.5690132958234,3,True,False,moderate_audience_selectivity,0,1,1,0,0,0,0,0,borderline,borderline,18
33434,Funkenschlag: EnBW,2007.0,198,8.694110770076955,1.8987326420154569,1.7734517118141753,0.0848140692926634,eligible,0.0007094028118147,0,0.9393939393939394,0.8636363636363636,0.2708097839482527,borderline_overlap,strongly_sensitive,616.1518274304599,2,True,False,high_audience_selectivity,0,0,0,0,0,0,0,0,borderline,borderline,8
33665,Battle Above the Clouds,2010.0,305,8.479529530827948,0.8038032303847089,0.7903755288130139,0.0683361608255901,eligible,0.0009136248333978,0,0.9770491803278688,0.9081967213114754,0.0774846311613315,borderline_overlap,strongly_sensitive,2049.3136641011456,4,True,False,high_audience_selectivity,1,1,1,0,0,0,0,0,eligible,eligible,13
36597,Serpents of the Seas,2010.0,170,7.881762407419728,0.6613476935513827,0.5381771979498957,0.091532649825596,eligible,0.0005481749000386,0,0.976470588235294,0.9058823529411764,0.0736194441659339,borderline_overlap,moderately_sensitive,2122.6219753343344,2,True,False,high_audience_selectivity,0,0,0,0,0,0,0,0,eligible,eligible,3
36932,Claustrophobia,2009.0,6936,7.746584721034853,0.5868139391231741,0.4987048940915395,0.0143299921870447,exclude,0.0247538587213551,1,,,0.0205386224217616,adequate_overlap,stable_under_exposure_adjustment,1280.2825230135657,4,True,False,low_audience_selectivity,0,1,0,1,0,0,0,0,eligible,eligible,0
54138,Imperial 2030,2009.0,6911,8.1472359842864,0.386032060352532,0.4670193968197598,0.0143558876004591,exclude,0.0247502758788712,1,0.9192591520764,0.7981478801909998,0.0945835610478182,borderline_overlap,moderately_sensitive,811.8730251234663,7,True,False,low_audience_selectivity,0,0,0,0,0,0,0,0,eligible,eligible,8
84834,Heights of Courage: The Battle for the Golan Heights,2013.0,189,7.666020812171393,0.6049182689535755,0.4561846079220331,0.0868099675261116,eligible,0.0005625062699743,0,0.984126984126984,0.9312169312169312,0.0817541620438311,borderline_overlap,moderately_sensitive,2431.504419427577,2,True,False,high_audience_selectivity,1,1,1,0,0,0,0,0,borderline,borderline,23
84838,Yomi (Second Edition),2014.0,559,7.800413628003603,0.6593627776191289,0.6409099300897951,0.0504771227746467,eligible,0.0019920604210556,0,,,0.0772400086126631,adequate_overlap,stable_under_exposure_adjustment,934.0604588569402,4,True,False,low_audience_selectivity,0,0,0,0,0,1,0,0,borderline,borderline,13
84889,Cave Evil,2011.0,538,8.138333952756502,0.9704709166676864,1.1674973734515568,0.0514528408126127,eligible,0.0019204035713773,0,,,0.0499159368476506,adequate_overlap,moderately_sensitive,748.9118741276217,4,True,False,low_audience_selectivity,0,0,0,0,0,0,0,0,eligible,eligible,0
85204,Kings of War,2012.0,244,7.845892387008329,0.6806574411381376,0.7293081187762063,0.0764021504636888,eligible,0.0008455508262034,0,0.6639344262295082,0.5163934426229508,0.1667978975751148,insufficient_overlap,insufficient_overlap,10348.488308388918,6,True,False,moderate_audience_selectivity,0,1,1,0,0,0,0,0,eligible,eligible,1
106113,Manoeuvre: Distant Lands,2017.0,124,8.204750188949733,1.1237162705325456,1.2740699256724888,0.1071740526379411,eligible,0.0004406896255213,0,0.9516129032258064,0.8548387096774194,0.2012567755018096,insufficient_overlap,insufficient_overlap,6094.751220209396,2,True,False,insufficient_evidence,0,1,1,0,0,0,0,0,borderline,borderline,0
136955,Hands in the Sea,2016.0,902,8.335593927724478,0.5078712591062029,0.3901538551614543,0.0397371967875484,eligible,0.0032138097080699,0,0.9079822616407982,0.7904656319290465,0.1831965509112939,insufficient_overlap,insufficient_overlap,5533.04875189046,7,True,False,moderate_audience_selectivity,0,1,1,0,0,0,0,0,eligible,eligible,0
137141,Batman Miniature Game: Rulebook,2012.0,115,7.662070697285697,0.648117153345658,0.6432550635287688,0.1112888297569097,eligible,0.0003905298307465,0,,,0.2628723022963088,insufficient_overlap,insufficient_overlap,651.0551879206604,2,True,False,insufficient_evidence,0,1,0,1,0,0,0,0,eligible,eligible,0
142961,Thunderstone Advance: Numenera,2013.0,1367,7.552914860877224,0.4053120933178222,0.2890337743039479,0.0322787150907893,eligible,0.0048834143055734,0,,,0.0431357763271446,adequate_overlap,stable_under_exposure_adjustment,1081.119822260653,4,False,True,low_audience_selectivity,0,0,0,0,0,0,0,0,borderline,borderline,7
155451,Guild Ball,2015.0,451,8.072521343069054,0.4781633895077348,0.4655356653851417,0.0561968826276396,eligible,0.0015979477478252,0,,,0.1017231651132374,adequate_overlap,moderately_sensitive,610.9595735717787,3,True,False,moderate_audience_selectivity,0,1,0,1,0,0,0,0,eligible,eligible,0
157026,Ascension: Realms Unraveled,2014.0,1154,7.752719945074359,0.7518846640529837,0.6404572436428406,0.0351315726662445,eligible,0.0041202688564999,0,,,0.0358734311330712,adequate_overlap,stable_under_exposure_adjustment,1214.6957790948186,4,True,False,low_audience_selectivity,0,0,0,0,0,0,0,0,borderline,borderline,24
164698,Fresh Fish,2014.0,985,7.824971566951879,0.8246201562537454,0.8175811224058727,0.038026152065517,eligible,0.0035255170041704,0,,,0.3527059322072296,adequate_overlap,stable_under_exposure_adjustment,988.8042948520268,2,False,True,moderate_audience_selectivity,0,0,0,0,0,0,0,0,eligible,eligible,0
169366,Waterloo 200,2015.0,126,7.970391230352002,0.7135322426972479,0.8795451088518274,0.1063200625132756,eligible,0.0004227754131017,0,0.9603174603174603,0.8492063492063492,0.1252175805955396,insufficient_overlap,insufficient_overlap,7279.343395319009,4,True,False,insufficient_evidence,0,0,0,0,0,0,0,0,eligible,eligible,0
179803,Arcadia Quest: Inferno,2017.0,2316,7.993907718401735,0.6520022415797166,0.5909590021999405,0.0247988315342612,borderline,0.0082441205554838,1,,,0.0772963472348331,adequate_overlap,stable_under_exposure_adjustment,1417.5154549837723,4,True,False,moderate_audience_selectivity,0,0,0,0,0,0,0,0,borderline,borderline,4
191597,Dale of Merchants 2,2016.0,2480,7.549460940131631,0.4455327838487193,0.4106004460367529,0.0239648467122577,borderline,0.0088639523052008,1,,,0.0651255939168748,adequate_overlap,stable_under_exposure_adjustment,1301.8399335553809,4,True,False,low_audience_selectivity,0,0,0,0,0,0,0,0,borderline,borderline,4
204493,Sakura Arms,2016.0,648,8.030154120545605,0.5630396551698222,0.6634981075215904,0.046882740797828,eligible,0.0023001848746721,0,,,0.0844208535583607,adequate_overlap,stable_under_exposure_adjustment,775.2293274876713,4,True,False,low_audience_selectivity,0,1,0,1,0,0,0,0,borderline,borderline,21
207729,The Edge: Dawnfall,2018.0,768,8.278303482769774,0.3870193195903137,0.3373309367731512,0.0430645472616908,eligible,0.0027265431302578,0,0.5078125,0.2864583333333333,0.1090590847132441,insufficient_overlap,insufficient_overlap,17841.915496530677,8,True,False,moderate_audience_selectivity,0,0,0,0,1,0,0,0,eligible,eligible,0
218074,Detective: City of Angels,2019.0,2952,8.249334673617556,0.5214356414222614,0.594044364115371,0.0219655619941357,exclude,0.0105550539576078,1,0.8878726287262872,0.7452574525745257,0.0872396336056588,borderline_overlap,moderately_sensitive,1822.641977281737,7,True,False,moderate_audience_selectivity,0,0,0,0,1,0,0,0,eligible,eligible,1
218417,Aeon's End: War Eternal,2017.0,5888,8.550321756045818,0.673556230355878,0.5971188909341212,0.0155530867795532,exclude,0.0210886108603121,1,0.8678668478260869,0.6657608695652174,0.0706193202204905,adequate_overlap,stable_under_exposure_adjustment,1297.418225093223,7,True,False,moderate_audience_selectivity,0,0,0,0,1,0,0,0,borderline,borderline,6
218421,Street Masters,2018.0,1386,8.207890569923743,0.390014155882346,0.2513908972115501,0.0320567050039696,eligible,0.0049299912578643,0,0.9242424242424242,0.7922077922077922,0.0543441694831429,borderline_overlap,moderately_sensitive,1039.5644107803644,7,True,False,moderate_audience_selectivity,0,0,0,0,1,0,0,0,eligible,eligible,0
228371,Iberian Railways,2017.0,163,7.522239090978676,0.5727207732244608,0.340101766496474,0.0934774149192016,eligible,0.0005840033248778,0,0.9938650306748468,0.9754601226993864,0.4265684715239746,borderline_overlap,moderately_sensitive,345.6030447851371,2,True,False,high_audience_selectivity,0,0,0,0,0,0,0,0,borderline,borderline,33
228399,Okko Chronicles: Cycle of Water – Quest into Darkness,2019.0,162,7.963728745579458,0.6337612628831524,0.6208723000071545,0.093765481595656,eligible,0.0005625062699743,0,,,0.1375504083870419,adequate_overlap,stable_under_exposure_adjustment,831.7384895773654,4,True,False,moderate_audience_selectivity,0,0,0,0,0,0,0,0,borderline,borderline,2
230650,Table Battles,2017.0,420,7.537354295262745,0.4273655925146364,0.3917490863474988,0.0582338965538804,eligible,0.0014438855210169,0,0.923809523809524,0.7904761904761904,0.1497206771915177,borderline_overlap,strongly_sensitive,8171.183306000853,7,True,False,moderate_audience_selectivity,0,1,1,0,0,0,0,0,eligible,eligible,2
230889,Aristeia!,2017.0,1033,8.27019837327286,0.6148117738613355,0.5832147262015184,0.0371321704272079,eligible,0.0036688307035269,0,,,0.0946076446928743,adequate_overlap,stable_under_exposure_adjustment,1062.9090593857782,4,True,False,moderate_audience_selectivity,0,1,0,1,0,0,0,0,eligible,eligible,1
249768,My First Adventure: Finding the Dragon,2018.0,100,7.792468060399719,1.63779194821939,1.54080144180893,0.1193439741795195,eligible,0.0003547014059073,0,0.91,0.77,0.166163319301788,insufficient_overlap,insufficient_overlap,1390.7836812751789,1,True,False,insufficient_evidence,0,0,0,0,1,0,0,0,eligible,eligible,1
250754,Trade on the Tigris,2018.0,464,7.653027550091775,0.3610759580596534,0.3762243701818706,0.055404049111648,eligible,0.0016588560700517,0,,,0.3824998233327329,adequate_overlap,stable_under_exposure_adjustment,649.7375786597031,2,True,False,moderate_audience_selectivity,0,0,0,0,0,0,0,0,eligible,eligible,0
251551,Dale of Merchants Collection,2019.0,1212,8.059204781078353,0.6187991824128183,0.6031195974122454,0.0342806608839504,eligible,0.0043316565630508,0,,,0.1152086545606832,adequate_overlap,stable_under_exposure_adjustment,1128.1749520323767,4,True,False,moderate_audience_selectivity,0,0,0,0,0,1,0,1,borderline,borderline,4
251723,Zombicide: Dark Side,2019.0,532,7.895844968057911,0.5494883366225238,0.5928478061677431,0.0517421749068452,eligible,0.0018559124066669,0,0.849624060150376,0.6447368421052632,0.1339739695078158,adequate_overlap,stable_under_exposure_adjustment,1470.295038800638,7,True,False,moderate_audience_selectivity,0,0,0,0,1,0,0,0,borderline,borderline,14
252432,Zoo Break,2019.0,178,7.970369187843468,1.1336096480730395,1.1104013043589207,0.0894520905382537,eligible,0.0006269974346847,0,0.848314606741573,0.702247191011236,0.1325724695938719,borderline_overlap,moderately_sensitive,1146.1448768592034,5,True,False,moderate_audience_selectivity,0,0,0,0,1,0,0,0,eligible,eligible,0
252657,luz,2014.0,228,8.076977195037024,1.3699529033851725,1.3624861238691857,0.0790374777107543,eligible,0.0008168880863321,0,,,0.4290439854621944,borderline_overlap,moderately_sensitive,1013.3058241293468,2,True,False,moderate_audience_selectivity,0,0,0,0,0,0,0,0,eligible,eligible,0
256788,Detective Club,2018.0,4339,7.663792281165163,0.669908844846665,0.613304697156984,0.0181178087420957,exclude,0.015488628057956,1,0.7960359529845586,0.5747868172389952,0.064950184340998,borderline_overlap,strongly_sensitive,4445.475335027451,7,True,False,low_audience_selectivity,0,0,0,0,0,0,0,0,eligible,eligible,0
256885,The Fantasy Trip: Legacy Edition,2019.0,148,8.534328343536563,1.122955440064333,1.0689749592524844,0.0981001424805485,eligible,0.0004299410980695,0,0.668918918918919,0.5337837837837838,0.2334793331090094,insufficient_overlap,insufficient_overlap,13178.302638750034,6,False,True,insufficient_evidence,0,0,0,0,0,1,0,0,borderline,borderline,3
256964,Dark Rituals: Malleus Maleficarum,2020.0,221,7.810063490091073,0.4358667565223637,0.4392651935727159,0.0802794445579611,eligible,0.0007559797641056,0,,,0.2100294929317603,adequate_overlap,stable_under_exposure_adjustment,1136.204620485065,3,True,False,moderate_audience_selectivity,0,0,0,0,0,0,0,0,eligible,eligible,0
266529,Metal Gear Solid: The Board Game,2024.0,111,8.407469562260806,0.4009781070657272,0.3521877661309869,0.1132762873373707,eligible,0.0003869469882626,0,0.90990990990991,0.7567567567567568,0.1020969499516964,insufficient_overlap,insufficient_overlap,937.4237201064748,2,True,False,insufficient_evidence,0,0,0,0,1,0,0,0,eligible,eligible,0
271321,CABO (Second Edition),2019.0,1743,7.553740945807379,0.617861668371904,0.6096841684013752,0.028585895535698,borderline,0.006219814552073,1,,,0.0640350776504965,borderline_overlap,moderately_sensitive,2226.7957041574427,4,True,False,moderate_audience_selectivity,0,0,0,0,0,1,0,0,borderline,borderline,0
271615,The Quest for El Dorado: The Golden Temples,2019.0,1744,8.000784795570118,0.7887430880819206,0.6840230031716903,0.0285776988629745,borderline,0.0062484772919443,1,,,0.1130834993846151,adequate_overlap,stable_under_exposure_adjustment,1422.0031802433095,4,False,True,low_audience_selectivity,0,0,0,0,0,0,0,0,borderline,borderline,2
273910,Stars of Akarios,2022.0,885,8.149223548137313,0.3292780709791607,0.1475650198568558,0.0401170380600007,eligible,0.0031457357008756,0,0.8700564971751412,0.7016949152542373,0.0885171070125947,adequate_overlap,stable_under_exposure_adjustment,1384.492054245778,7,True,False,moderate_audience_selectivity,0,0,0,0,1,0,0,0,eligible,eligible,0
274075,The Quest Kids,2021.0,305,7.5061439005341395,1.0241023837654255,0.9667731840663656,0.0683361608255901,eligible,0.0010891841151095,0,,,0.073534246397372,borderline_overlap,moderately_sensitive,2925.835506372633,3,True,False,moderate_audience_selectivity,0,0,0,0,0,0,0,0,eligible,eligible,0
281194,Flick of Faith,2019.0,2881,7.627339790329198,0.3593379429140553,0.3433751684410078,0.0222345767463174,exclude,0.0103042549837338,1,,,0.0566950640270358,borderline_overlap,moderately_sensitive,2268.41887459415,4,False,True,low_audience_selectivity,0,0,0,0,0,0,0,0,eligible,eligible,0
285533,Miyabi,2019.0,1743,7.769007775947321,0.34624522105881,0.393540183939816,0.028585895535698,borderline,0.0062341459220086,1,,,0.2327097764456772,adequate_overlap,stable_under_exposure_adjustment,1244.1751546616902,4,True,False,moderate_audience_selectivity,0,0,0,0,0,0,0,0,eligible,eligible,18
294112,"Western Front Ace: The Great War in the Air, 1916-1918",2023.0,132,8.483087164608758,0.4607855193400105,0.6786567570557018,0.1038755963880404,eligible,0.0003654499333591,0,0.8560606060606061,0.6136363636363636,0.3155073484096158,insufficient_overlap,insufficient_overlap,5925.8023540515405,3,True,False,insufficient_evidence,1,1,1,0,0,0,0,0,eligible,eligible,0
294612,Unlock!: Epic Adventures,2019.0,2503,8.075810006786284,0.6565769542974422,0.5954120326069212,0.0238544864352759,exclude,0.008939191997363,1,0.9456652017578904,0.8385936875749102,0.1146885377391268,borderline_overlap,moderately_sensitive,1459.2941398136209,7,False,True,moderate_audience_selectivity,0,0,0,0,1,0,0,0,borderline,borderline,47
296345,Sherlock Holmes Consulting Detective: The Baker Street Irregulars,2020.0,1404,8.414612841517592,0.826400248381848,0.830695977998726,0.0318505504218807,eligible,0.0050159794774782,1,0.7735042735042735,0.5555555555555556,0.1476541701833296,borderline_overlap,moderately_sensitive,1998.0067292550573,7,False,True,moderate_audience_selectivity,0,0,0,0,1,0,0,0,borderline,borderline,4
297985,Battle Line: Medieval,2017.0,1829,8.006606602121385,0.8838137898320007,0.8753938587103391,0.02790574639667,borderline,0.0065243561632056,1,,,0.0511875161941114,borderline_overlap,moderately_sensitive,2262.683126122545,4,True,False,moderate_audience_selectivity,0,1,0,1,0,0,0,0,borderline,borderline,6
298102,Roll Camera!: The Filmmaking Board Game,2021.0,2224,7.683492672528341,0.5458586894910793,0.4108622624740432,0.0253065594307701,borderline,0.0079252475744156,1,0.8776978417266187,0.7234712230215827,0.0865255707096342,borderline_overlap,moderately_sensitive,1964.4149147751243,7,True,False,moderate_audience_selectivity,0,0,0,0,1,0,0,0,eligible,eligible,1
304333,Zoollywood,2021.0,237,7.586973392644097,0.3602079622426917,0.3216251933676535,0.0775222417327764,eligible,0.0008491336686873,0,,,0.0794868978504532,adequate_overlap,stable_under_exposure_adjustment,1254.2137149735493,4,True,False,low_audience_selectivity,0,1,0,1,0,0,0,0,eligible,eligible,0
304531,Ascension Tactics: Miniatures Deckbuilding Game,2022.0,831,8.22842485310923,0.4625971365633035,0.2938152206431734,0.0413999659524235,eligible,0.0029486793642604,0,0.8844765342960289,0.740072202166065,0.1159145915803779,borderline_overlap,strongly_sensitive,1528.0448439797872,7,True,False,moderate_audience_selectivity,0,0,0,0,1,0,0,0,borderline,borderline,24
304847,Hidden Games Crime Scene: The New Haven Case,2019.0,664,8.372371019768345,0.91979303466419,0.8771292261793029,0.0463144441496585,eligible,0.0023503446694469,0,0.9006024096385542,0.7575301204819277,0.064706581941076,borderline_overlap,moderately_sensitive,1179.184895168248,7,False,True,moderate_audience_selectivity,0,0,0,0,1,0,0,0,eligible,eligible,6
319135,Nightmare Horror Adventures: Welcome to Crafton Mansion,2021.0,418,8.078773504377258,0.7906166339396279,0.7970129219741136,0.0583730458479751,eligible,0.0014940453157917,0,0.7607655502392344,0.5454545454545454,0.1140519599438531,borderline_overlap,strongly_sensitive,1857.4994644049928,8,False,True,moderate_audience_selectivity,0,0,0,0,1,0,0,0,eligible,eligible,0
325011,Citytrip Brugge,2022.0,116,7.672897088571911,0.6142591437630589,0.4699424187397341,0.1108080982232961,eligible,0.0004156097281339,0,,,0.1590667813594392,insufficient_overlap,insufficient_overlap,1622.140594810335,2,True,False,insufficient_evidence,0,0,0,0,0,0,0,0,eligible,eligible,0
326767,Infinity N4: Core Rules,2020.0,115,8.902920471278437,0.5493363448512181,0.5198510676333346,0.1112888297569097,eligible,0.0004048612006821,0,0.5652173913043478,0.2956521739130435,0.2303000267422296,insufficient_overlap,insufficient_overlap,3916.9653682751,4,True,False,insufficient_evidence,0,1,1,0,0,0,0,0,eligible,eligible,0
327778,ito,2019.0,979,7.710958899393944,0.9674554184650112,0.9596759339453342,0.0381424995645252,eligible,0.0035040199492669,0,0.8437180796731358,0.6986721144024515,0.1907951457940762,borderline_overlap,moderately_sensitive,3626.846218359051,7,True,False,moderate_audience_selectivity,0,0,0,0,1,0,0,0,eligible,eligible,0
327793,30 Monedas,2021.0,187,7.609877458439697,0.4787414894904662,0.4348955079413672,0.0872729573032229,eligible,0.0006699915444917,0,,,0.1113497736188734,adequate_overlap,stable_under_exposure_adjustment,770.610497115441,3,True,False,moderate_audience_selectivity,1,1,0,0,0,0,0,0,eligible,eligible,0
327913,Unlock!: Timeless Adventures – Arsène Lupin und der große weiße Diamant,2019.0,138,7.835265364359108,0.9123559931327012,0.938799729123776,0.1015923374270194,eligible,0.0004944322627799,0,0.9710144927536232,0.8840579710144928,0.2409459279974402,insufficient_overlap,insufficient_overlap,8949.591636120844,1,True,False,insufficient_evidence,0,0,0,0,1,0,0,0,borderline,borderline,47
356313,Exit: The Game – The Professor's Last Riddle,2022.0,396,8.13754937113608,0.6248772608038529,0.6207964922089673,0.059972603536868,eligible,0.0014080570961778,0,0.9646464646464646,0.8964646464646465,0.1541896212873538,borderline_overlap,moderately_sensitive,1181.7369182498703,4,True,False,moderate_audience_selectivity,0,0,0,0,1,0,0,0,borderline,borderline,36
358094,G.I. JOE Mission Critical,2022.0,124,7.519689471037617,0.4546749099706719,0.38087679608652,0.1071740526379411,eligible,0.0004442724680052,0,0.9516129032258064,0.7903225806451613,0.097887693484022,insufficient_overlap,insufficient_overlap,816.1835323123405,2,True,False,insufficient_evidence,0,0,0,0,1,0,0,0,eligible,eligible,0
363841,Snap Ships Tactics,2023.0,114,8.173530498053232,0.4990432797601229,0.5328172318916256,0.11177587291431,eligible,0.0004048612006821,0,0.6140350877192983,0.3859649122807017,0.0986199779186893,insufficient_overlap,insufficient_overlap,18494.451878379245,7,True,False,insufficient_evidence,0,0,0,0,1,0,0,0,eligible,eligible,0
374866,Robotrick,2020.0,547,8.195177911801768,0.9169728604320913,0.9211040041342252,0.0510277985911665,eligible,0.0019598148387004,0,,,0.3595100042568959,borderline_overlap,moderately_sensitive,1262.8818598544212,2,False,True,moderate_audience_selectivity,0,0,0,0,0,0,0,0,eligible,eligible,0
374982,Nebula,2023.0,146,7.966805945806031,0.5024541734640335,0.5018784402202483,0.0987697758001792,eligible,0.0005123464751995,0,,,0.0656515380087241,insufficient_overlap,insufficient_overlap,1303.651767635295,4,True,False,insufficient_evidence,0,0,0,0,0,0,0,0,eligible,eligible,0
380135,Dead Cells: The Rogue-Lite Board Game,2024.0,650,8.194956038607158,0.3402784244525101,0.1687448705377772,0.0468105579362371,eligible,0.002303767717156,0,0.8369230769230769,0.7,0.1133016960698411,borderline_overlap,strongly_sensitive,1094.3487380951444,8,True,False,moderate_audience_selectivity,0,0,0,0,1,0,0,0,eligible,eligible,0
380887,Deduckto,2023.0,224,7.519503471737821,0.5540712763027518,0.4947103278928946,0.0797400468849567,eligible,0.0008025567163965,0,,,0.1625182962391368,borderline_overlap,moderately_sensitive,2261.2077844795203,2,True,False,moderate_audience_selectivity,0,0,0,0,0,0,0,0,eligible,eligible,0
381246,S.T.A.L.K.E.R. The Board Game,2025.0,180,8.663847901499313,0.5655325914345255,0.4650864366087539,0.0889537463234617,eligible,0.000616248907233,0,0.7777777777777778,0.5611111111111111,0.2271235100257774,adequate_overlap,stable_under_exposure_adjustment,885.1993654366923,6,True,False,moderate_audience_selectivity,0,0,0,0,1,0,0,0,eligible,eligible,0
418812,Little Alchemists,2024.0,201,8.268613973783136,0.7024428124066304,0.6804494568338306,0.0841787489666658,eligible,0.0007165684967826,0,,,0.1643722745256686,adequate_overlap,stable_under_exposure_adjustment,1184.1553205263,2,True,False,low_audience_selectivity,0,0,0,0,0,0,0,0,eligible,eligible,0
419074,Fairy Ring,2024.0,464,7.716033388543293,0.365783784540346,0.3842176576188514,0.055404049111648,eligible,0.0016588560700517,0,,,0.3006032716085949,borderline_overlap,moderately_sensitive,1340.755766405971,4,True,False,moderate_audience_selectivity,0,0,0,0,0,0,0,0,eligible,eligible,0
419384,Suna Valo,2024.0,108,8.351413093113747,0.559288855865006,0.558494843933131,0.1148387926978422,eligible,0.0003869469882626,0,0.925925925925926,0.8333333333333334,0.3081862856571262,insufficient_overlap,insufficient_overlap,766.7801490435418,2,True,False,insufficient_evidence,0,1,0,1,0,0,0,0,eligible,eligible,0
421199,Link City,2024.0,323,7.649159293993435,0.5115628157355108,0.5273020290213246,0.0664047635581062,eligible,0.0011572581223039,0,0.8978328173374613,0.7739938080495357,0.2855971330370138,borderline_overlap,strongly_sensitive,1397.4433833592277,5,False,True,high_audience_selectivity,0,0,0,0,1,0,0,0,eligible,eligible,0
422345,Star Trek: Star Realms,2024.0,120,7.5671369577708,0.5736115431818982,0.4517805485623691,0.1089456446007282,eligible,0.0004263582555856,0,,,0.1828865186299503,insufficient_overlap,insufficient_overlap,1150.6671500171828,2,True,False,insufficient_evidence,0,0,0,0,0,0,0,0,borderline,borderline,5
424442,Beatz'n'Catz,2024.0,129,7.58657455049878,0.5881009691276677,0.5600843963857596,0.1050765102308597,eligible,0.0004586038379408,0,0.7596899224806202,0.6356589147286822,0.1471182408681512,insufficient_overlap,insufficient_overlap,4489.725236189544,4,True,False,insufficient_evidence,0,0,0,0,1,0,0,0,eligible,eligible,0
424774,Dorfromantik: Sakura,2024.0,370,8.443661175381106,0.9575298979588318,0.8712616900503694,0.0620439778051147,eligible,0.0013256517190478,0,0.7702702702702703,0.6405405405405405,0.0868663910363578,adequate_overlap,stable_under_exposure_adjustment,1574.8089858925207,7,True,False,moderate_audience_selectivity,0,0,0,0,1,0,0,0,borderline,medium,3
424809,Joyride: Turbo,2024.0,153,8.665376560976457,0.9962030335022368,0.9895973137909166,0.0964838845731658,eligible,0.0005481749000386,0,,,0.0753866833549329,adequate_overlap,moderately_sensitive,995.0173644781602,2,True,False,moderate_audience_selectivity,0,0,0,0,0,0,0,0,borderline,borderline,2
432527,Ethnos: 2nd Edition,2025.0,135,8.030799295589656,0.4581436495401192,0.4214645991015722,0.1027149387705526,eligible,0.0004836837353282,0,,,0.1098670230054917,insufficient_overlap,insufficient_overlap,1141.4222934136978,1,True,False,insufficient_evidence,0,0,0,0,0,1,0,0,borderline,borderline,2
47,Chinatown,1999.0,11597,7.829604436308877,0.6536553523941233,0.6432046711793351,0.0110822429636546,exclude,0.0414964816486808,1,0.8628093472449772,0.719065275502285,0.0753457410591716,borderline_overlap,moderately_sensitive,1450.5808877168038,7,True,False,low_audience_selectivity,0,0,0,0,0,0,0,0,eligible,eligible,19
215,Tichu,1991.0,15687,7.957452657786266,0.8210791180753425,0.7724979690317753,0.0095286318452326,exclude,0.0560893990856585,1,,,0.063397453665739,adequate_overlap,stable_under_exposure_adjustment,1196.3608456298484,4,True,False,low_audience_selectivity,0,0,0,0,0,0,0,0,eligible,eligible,9
875,Roads & Boats,1999.0,3437,8.272708159276412,0.5207463427047294,0.4702227665363381,0.0203568571827836,exclude,0.0122998982472734,1,0.963631073610707,0.8923479778876927,0.2061701001378857,borderline_overlap,moderately_sensitive,389.2217740272107,6,True,False,moderate_audience_selectivity,0,0,0,0,0,0,0,0,eligible,eligible,0
939,Star Wars: The Queen's Gambit,2000.0,2222,7.919630953349073,1.035833516043431,0.967529733841098,0.0253179459597741,borderline,0.0078535907247373,1,0.7821782178217822,0.594959495949595,0.1202341571109383,insufficient_overlap,insufficient_overlap,11505.301383537397,7,False,True,low_audience_selectivity,0,0,0,0,0,0,0,0,borderline,borderline,0
2125,Amazons,1992.0,327,7.597089169680857,0.9120155595680676,0.938192610934764,0.0659973685254336,eligible,0.0010927669575934,0,,,0.1633795693284322,adequate_overlap,stable_under_exposure_adjustment,628.1807244177768,4,True,False,low_audience_selectivity,0,1,0,1,0,0,0,0,eligible,eligible,0
2163,Space Hulk,1989.0,3652,7.689789326245721,0.4127915157222226,0.4829290116058207,0.0197485453406382,exclude,0.0125614457485991,1,0.6949616648411829,0.4791894852135816,0.0817167608724263,insufficient_overlap,insufficient_overlap,12230.832022606652,7,True,False,low_audience_selectivity,0,1,1,0,0,0,0,0,borderline,borderline,3
3003,Crash Tackle Rugby Board Game,2001.0,149,7.745019856594135,1.2457560545240849,1.1230892732838793,0.0977703931694625,eligible,0.0005159293176834,0,,,0.0768617354365073,insufficient_overlap,insufficient_overlap,966.4530293287212,2,False,True,insufficient_evidence,0,1,0,1,0,0,0,0,eligible,eligible,0
3041,Panzergruppe Guderian,1976.0,745,7.660579809948251,0.5662523379452242,0.4181098151035431,0.0437242490627598,eligible,0.0021138770655086,0,0.970469798657718,0.906040268456376,0.0666583576438929,borderline_overlap,moderately_sensitive,2115.6679800146107,4,True,False,high_audience_selectivity,0,1,1,0,0,0,0,0,eligible,eligible,8
4884,"The Legend Begins: North Africa, 1940-42",1991.0,151,8.011400621980624,0.9343925739793092,0.8397927537037919,0.0971207488111762,eligible,0.0004335239405534,0,0.9933774834437086,0.9403973509933776,0.088187874172382,borderline_overlap,moderately_sensitive,1454.427753770017,2,True,False,high_audience_selectivity,0,1,1,0,0,0,0,0,eligible,eligible,0
5217,Eleusis,1956.0,216,7.787940551780393,1.4813219062552925,1.518561539883185,0.0812032890599204,eligible,0.0007703111340413,0,,,0.2896677671386077,borderline_overlap,moderately_sensitive,449.4515509556878,2,True,False,moderate_audience_selectivity,0,0,0,0,0,0,0,0,eligible,eligible,0
17396,Manoeuvre,2008.0,2431,7.716776498413887,0.4862830883985154,0.6287396783247559,0.0242051632706268,borderline,0.0085773249064878,1,0.9016865487453722,0.7573015220074044,0.1170288592055821,insufficient_overlap,insufficient_overlap,18218.94244658633,7,True,False,low_audience_selectivity,0,1,1,0,0,0,0,0,eligible,eligible,0
21133,Infinity N3: Core Book,2005.0,791,8.192884116557703,0.4121770422565269,0.4737804637404252,0.0424338321432533,eligible,0.002758788712613,0,0.6118836915297092,0.3944374209860936,0.1666931449745167,borderline_overlap,strongly_sensitive,6408.585252627945,6,True,False,moderate_audience_selectivity,0,1,1,0,0,0,0,0,eligible,eligible,0
21182,1850: The MidWest,2005.0,115,8.243295145840605,0.5412205099686105,0.531630339526683,0.1112888297569097,eligible,0.0003976955157143,0,0.7913043478260869,0.5565217391304348,0.2583372323452663,insufficient_overlap,insufficient_overlap,12356.183761498169,5,True,False,insufficient_evidence,0,0,0,0,0,0,1,0,borderline,borderline,81
30804,Song of Blades and Heroes: Revised Edition,2007.0,365,7.747689174134394,0.8619078870336017,0.8471731615828064,0.0624674911025492,eligible,0.0012539948693695,0,0.7342465753424657,0.5260273972602739,0.1619789133743314,insufficient_overlap,insufficient_overlap,12179.626553673825,7,True,False,moderate_audience_selectivity,0,0,0,0,0,1,0,0,borderline,borderline,1
39939,"The Battle of Fontenoy: 11 May, 1745",2012.0,121,8.700524513881497,0.837889630087723,0.8533893626520577,0.1084945219813813,eligible,0.0003188729810682,0,0.9834710743801652,0.8842975206611571,0.1393190709391394,insufficient_overlap,insufficient_overlap,1524.345294425429,2,True,False,insufficient_evidence,1,1,1,0,0,0,0,0,eligible,eligible,5
62222,Commands & Colors: Napoleonics,2010.0,3180,8.350201773352433,0.6099684667018082,0.5435208280487025,0.0211634728732172,exclude,0.0110960631726786,1,0.8650943396226415,0.6871069182389937,0.0413792752249388,borderline_overlap,strongly_sensitive,7878.628519491728,7,True,False,low_audience_selectivity,0,1,1,0,0,0,0,0,borderline,borderline,13
65564,Hornet Leader: Carrier Air Operations,2010.0,903,7.995044225899419,0.5269409194149857,0.4736289894934868,0.0397151878150555,eligible,0.0030346675838743,0,0.8261351052048727,0.6146179401993356,0.1333619744037767,insufficient_overlap,insufficient_overlap,12339.027129452355,7,True,False,moderate_audience_selectivity,1,1,1,0,0,0,0,0,eligible,eligible,16
85424,La Bataille de la Moscowa (Third Edition),2011.0,162,8.527178301731162,0.7672455662674995,0.7469192155369662,0.093765481595656,eligible,0.0004120268856499,0,0.9567901234567902,0.8641975308641975,0.1347815055573968,borderline_overlap,moderately_sensitive,1548.4199878251306,4,True,False,high_audience_selectivity,0,0,0,0,0,1,0,0,borderline,borderline,12
94104,Omen: A Reign of War,2011.0,1792,7.707554761187177,0.6781402341572527,0.6431166529164223,0.028192363942243,borderline,0.0064061223612365,1,,,0.1357325819534225,adequate_overlap,stable_under_exposure_adjustment,1083.757590751674,4,True,False,low_audience_selectivity,0,1,0,1,0,0,0,0,eligible,eligible,4
113567,Mediterranean Empires,2015.0,160,7.605428370117214,0.3811274545055179,0.4352748419737091,0.0943496958559016,eligible,0.0005625062699743,0,0.825,0.725,0.0841421234207781,borderline_overlap,strongly_sensitive,3361.2611617278963,2,True,False,moderate_audience_selectivity,0,0,0,0,0,0,0,0,eligible,eligible,0
119866,Wings of Glory: WW1 Rules and Accessories Pack,2012.0,591,7.987410740646013,1.178039049939633,1.0082021482584675,0.0490915512233661,eligible,0.0020350545308626,0,0.7597292724196277,0.5228426395939086,0.0928877514245366,insufficient_overlap,insufficient_overlap,9468.634578338217,7,False,True,moderate_audience_selectivity,0,0,0,0,0,0,0,0,borderline,borderline,12
138704,Northern Pacific,2013.0,1083,7.806710588238965,1.1260073329429447,0.9939132819608724,0.0362648819045817,eligible,0.0038730527251099,0,,,0.2997734406791843,borderline_overlap,moderately_sensitive,1987.228149895775,4,True,False,moderate_audience_selectivity,0,0,0,0,0,0,0,0,borderline,borderline,33
147884,Ore: The Mining Game,2013.0,116,7.572801819867397,1.0006460821557592,1.0277056027105758,0.1108080982232961,eligible,0.0004120268856499,0,0.8620689655172413,0.7758620689655172,0.1940943537845466,insufficient_overlap,insufficient_overlap,1039.4684564478684,2,True,False,insufficient_evidence,0,0,0,0,0,0,0,0,eligible,eligible,0
160436,Lost Legacy: Binbo Tantei to Inbo no Shiro,2014.0,116,7.607473968178757,1.3296880195959222,1.3859632671331037,0.1108080982232961,eligible,0.0004120268856499,0,,,0.3320253882673053,insufficient_overlap,insufficient_overlap,1439.598561156159,2,True,False,insufficient_evidence,0,0,0,0,0,0,0,0,borderline,borderline,8
163399,Infinity: Operation Icestorm,2014.0,123,8.412421958205236,0.8140479727599264,0.861243363562954,0.1076088375982068,eligible,0.0004299410980695,0,0.5691056910569106,0.3902439024390244,0.1922653855262522,insufficient_overlap,insufficient_overlap,7094.701777250151,5,True,False,insufficient_evidence,0,1,1,0,0,0,0,0,eligible,eligible,0
165022,€uro Crisis,2015.0,108,7.671693386599592,0.601354155681963,0.3982598373569326,0.1148387926978422,eligible,0.0003869469882626,0,0.9722222222222222,0.8981481481481481,0.2804085078793484,insufficient_overlap,insufficient_overlap,683.438816173466,2,True,False,insufficient_evidence,0,0,0,0,0,0,0,0,eligible,eligible,0
165401,Wir sind das Volk!,2014.0,2615,8.329269682325428,0.3604504732158631,0.1227857271673986,0.0233380544760899,exclude,0.009351218883013,1,0.91434034416826,0.8179732313575526,0.1471212052803824,borderline_overlap,moderately_sensitive,794.7684664228921,7,True,False,moderate_audience_selectivity,0,1,0,1,0,0,0,0,eligible,eligible,0
166857,Antike II,2014.0,1703,7.987173538569879,0.588628430166187,0.6503935210197227,0.0289196592732627,borderline,0.0060872493801682,1,,,0.2175184010961118,adequate_overlap,stable_under_exposure_adjustment,1086.4885323928806,4,True,False,moderate_audience_selectivity,0,0,0,0,0,0,0,0,borderline,borderline,8
166859,Web of Spies,2014.0,184,7.500385318603385,0.9805015206820756,0.9107850255742348,0.0879815450416394,eligible,0.000655660174556,0,,,0.0405620353744219,adequate_overlap,moderately_sensitive,1217.309832523645,4,True,False,low_audience_selectivity,0,0,0,0,0,0,0,0,eligible,eligible,0
167270,Medina (Second Edition),2014.0,2143,7.677181487709225,0.4450890478296117,0.4363733621070569,0.0257803856872973,borderline,0.0076744486005417,1,,,0.2493729225973796,adequate_overlap,stable_under_exposure_adjustment,1101.8620374082052,4,True,False,moderate_audience_selectivity,0,0,0,0,0,1,0,0,borderline,borderline,0
170624,Crusaders: Thy Will Be Done,2018.0,4796,7.953238527732721,0.3948884039563554,0.2382982356895757,0.0172330008182277,exclude,0.0171653983404273,1,,,0.2569012641886184,adequate_overlap,stable_under_exposure_adjustment,1660.317351460563,4,True,False,moderate_audience_selectivity,0,0,0,0,0,0,0,0,eligible,eligible,0
174402,Tide of Iron: Next Wave,2014.0,196,8.124022510702481,0.4968781237063027,0.4529982964751227,0.0852456958425139,eligible,0.0006843229144273,0,0.7806122448979592,0.5867346938775511,0.2019243060942729,borderline_overlap,moderately_sensitive,4011.618219879616,7,True,False,moderate_audience_selectivity,0,0,0,0,0,0,0,0,borderline,borderline,2
173442,Empires: Age of Discovery,2015.0,2283,8.326312941596594,0.7415590646947141,0.8820449939768462,0.0249774178981805,borderline,0.0081760465482895,1,,,0.2050082061321347,adequate_overlap,stable_under_exposure_adjustment,809.0083610515936,4,True,False,moderate_audience_selectivity,0,0,0,0,0,0,0,0,borderline,borderline,3
176734,The Manhattan Project: Energy Empire,2016.0,6224,8.1585439113368,0.3888051703111976,0.3940790233139815,0.0151274492232695,exclude,0.022285280249939,1,0.935250642673522,0.834672236503856,0.1475194491287498,borderline_overlap,moderately_sensitive,1285.8996057962368,7,True,False,moderate_audience_selectivity,0,0,0,0,0,0,0,0,borderline,borderline,5
181807,Dragon Rampant: Fantasy Wargaming Rules,2015.0,138,7.803775105765958,0.9895882844180192,0.8978394811440733,0.1015923374270194,eligible,0.0004621866804247,0,0.782608695652174,0.6086956521739131,0.1353360704122508,insufficient_overlap,insufficient_overlap,6155.892570470848,6,True,False,insufficient_evidence,0,0,0,0,0,0,0,0,eligible,eligible,3
182082,Carcassonne: Over Hill and Dale,2015.0,802,7.500106864469364,0.66758389787441,0.7140310552728142,0.042141822322351,eligible,0.0028662739871304,0,,,0.1256795894347193,adequate_overlap,stable_under_exposure_adjustment,1326.2312892869274,4,True,False,low_audience_selectivity,0,0,0,0,0,0,0,0,borderline,borderline,21
184866,Wings for the Baron (Second Edition),2015.0,298,7.95039283189382,1.0308201339013523,0.9880439422561196,0.0691341080094018,eligible,0.0010497728477865,0,,,0.2252879510809393,borderline_overlap,moderately_sensitive,1705.4513699548784,2,False,True,low_audience_selectivity,0,0,0,0,0,1,0,0,borderline,borderline,0
186567,Baseball Highlights: 2045 – Super Deluxe Edition,2015.0,513,8.15557440517576,1.3020836401238365,1.246580468569814,0.0526916518071695,eligible,0.0018344153517634,0,,,0.1179057297403044,adequate_overlap,stable_under_exposure_adjustment,1308.2637499220623,4,True,False,moderate_audience_selectivity,0,0,0,0,0,1,0,0,borderline,borderline,5
187687,Pathfinder Adventure Card Game: Mummy's Mask – Base Set,2016.0,592,8.100260737578582,0.6935772168420016,0.6003533268116961,0.0490500712402742,eligible,0.0021138770655086,0,0.8716216216216216,0.7094594594594594,0.0493577114873877,borderline_overlap,moderately_sensitive,1124.8709607508592,7,False,True,moderate_audience_selectivity,0,0,0,0,1,0,0,0,borderline,borderline,4
188325,'65: Squad-Level Combat in the Jungles of Vietnam,2016.0,170,7.746159371864333,0.5472356129183895,0.4062629822452051,0.091532649825596,eligible,0.0005445920575547,0,0.9352941176470588,0.8470588235294118,0.0928138410565226,insufficient_overlap,insufficient_overlap,9546.498758042797,2,False,True,moderate_audience_selectivity,0,0,0,0,0,0,1,0,borderline,borderline,1
193949,Star Trek: Ascendancy,2016.0,3449,8.043530075904364,0.3745698230862899,0.4205187335513063,0.0203214128311445,exclude,0.0122998982472734,1,0.6448245868367642,0.4285300086981733,0.0280713894049652,insufficient_overlap,insufficient_overlap,11563.473195244012,7,True,False,low_audience_selectivity,0,0,0,0,0,0,0,0,eligible,eligible,1
205164,Old School Tactical: Volume 2 – West Front 1944/45,2017.0,179,8.433413664595449,0.779560314392775,0.8017358243429094,0.0892018744102537,eligible,0.0005266778451352,0,0.9273743016759776,0.8044692737430168,0.1743612505596073,insufficient_overlap,insufficient_overlap,12103.077617591816,4,True,False,moderate_audience_selectivity,0,0,0,0,0,0,1,0,eligible,eligible,2
215471,Photograph,2016.0,1709,7.9067501639077085,0.7709503799451563,0.8073256194687302,0.0288688487052787,borderline,0.0061230778050073,1,,,0.2463784274771205,adequate_overlap,stable_under_exposure_adjustment,1163.7885070278528,4,False,True,moderate_audience_selectivity,0,0,0,0,0,0,0,0,eligible,eligible,0
215616,Ascension: Gift of the Elements,2017.0,483,7.838545257196976,0.9952375951167838,0.8851687784142612,0.0543033885390625,eligible,0.0017233472347621,0,,,0.0765322713944163,adequate_overlap,stable_under_exposure_adjustment,1069.3833450461846,4,True,False,low_audience_selectivity,0,0,0,0,0,0,0,0,borderline,borderline,24
222407,Lignum (Second Edition),2017.0,954,8.273020592672355,0.3463350888050573,0.4285937800571329,0.0386390382926992,eligible,0.003418031729653,0,0.9853249475890984,0.9549266247379457,0.2805832108842401,borderline_overlap,moderately_sensitive,409.48636877810657,1,True,False,high_audience_selectivity,0,0,0,0,0,1,0,0,borderline,borderline,0
229414,Tulip Bubble,2015.0,1253,7.647886572355988,0.4479755613126563,0.4064510998194759,0.0337151394529068,eligible,0.0044857187898591,0,0.9273743016759776,0.8635275339185954,0.247738767109049,borderline_overlap,strongly_sensitive,1268.2692992236966,7,True,False,high_audience_selectivity,0,0,0,0,0,0,0,0,eligible,eligible,0
232974,Paco Ŝako,2017.0,254,7.933856566403806,0.5692324414406063,0.5711298309683848,0.074883069407198,eligible,0.0008957106209782,0,,,0.1871597473077532,adequate_overlap,stable_under_exposure_adjustment,831.1095766930626,4,True,False,moderate_audience_selectivity,0,1,0,1,0,0,0,0,eligible,eligible,0
232981,Tanto Cuore: Winter Romance,2018.0,144,7.84887258884988,1.0371345113641288,0.9583162230944168,0.0994533118162662,eligible,0.0005087636327156,0,,,0.0732768006718377,insufficient_overlap,insufficient_overlap,1229.5953453654497,3,True,False,insufficient_evidence,0,0,0,0,0,0,0,0,borderline,borderline,6
233398,Endeavor: Age of Sail,2018.0,9399,8.26129634250938,0.383401494529366,0.2606507434020795,0.0123100458652609,exclude,0.0336321423964916,1,,,0.121689829060549,adequate_overlap,stable_under_exposure_adjustment,1108.4177818875928,4,True,False,moderate_audience_selectivity,0,0,0,0,0,0,0,0,eligible,eligible,3
234167,Masters of Mutanite,2022.0,103,8.0005703946445,0.6733823415161595,0.5891367510302654,0.1175931119315639,eligible,0.000369032775843,0,,,0.1481333666292247,insufficient_overlap,insufficient_overlap,783.7758012717402,2,True,False,insufficient_evidence,0,0,0,0,0,0,0,0,eligible,eligible,0
234669,Legacy of Dragonholt,2017.0,3191,7.509390023600151,0.5946287835286164,0.4226035262391114,0.0211269640713742,exclude,0.0114041876262951,1,0.9103729238483234,0.7612033845189595,0.0362141978669747,borderline_overlap,moderately_sensitive,2934.9446907133147,7,False,True,low_audience_selectivity,0,0,0,0,1,0,0,0,eligible,eligible,5
246700,Hard City,2020.0,178,7.539447004128057,0.7249143118503838,0.6355932067504639,0.0894520905382537,eligible,0.0006341631196526,0,,,0.1325620576450651,adequate_overlap,stable_under_exposure_adjustment,1148.8862198554789,4,True,False,low_audience_selectivity,0,0,0,0,0,0,0,0,eligible,eligible,0
265430,Elekt,2019.0,381,7.890681431226995,0.5395356001819112,0.5275293987088139,0.0611417701403507,eligible,0.001357897301403,0,,,0.1781296342602481,borderline_overlap,stable_under_exposure_adjustment,1339.1746200915788,4,True,False,low_audience_selectivity,0,0,0,0,0,0,0,0,eligible,eligible,1
265752,Exceed: Street Fighter – Ryu Box,2019.0,221,8.254887536564429,0.902068248014233,0.9354553274446892,0.0802794445579611,eligible,0.0007882253464608,0,,,0.1047734163623065,adequate_overlap,stable_under_exposure_adjustment,1044.1042966402638,2,True,False,moderate_audience_selectivity,0,1,0,1,0,1,0,1,borderline,borderline,8
265754,Exceed: Street Fighter – M. Bison Box,2019.0,134,8.573574810096195,1.4723907917565595,1.4736799801188294,0.103097491077084,eligible,0.0004801008928443,0,,,0.1056560230372585,insufficient_overlap,insufficient_overlap,645.2026648920254,1,True,False,insufficient_evidence,0,1,0,1,0,1,0,1,borderline,borderline,8
266188,Seven Bridges,2020.0,327,7.596689244781426,0.4211573544283302,0.2857793493785587,0.0659973685254336,eligible,0.0011680066497556,0,,,0.2375101048892023,adequate_overlap,stable_under_exposure_adjustment,966.9692455794544,2,True,False,moderate_audience_selectivity,0,0,0,0,0,0,0,0,eligible,eligible,0
279886,Iron Forest,2024.0,101,8.136316627055175,0.8947965636926636,0.8564896287629953,0.1187516927360825,eligible,0.0003582842483913,0,,,0.2950597098195456,insufficient_overlap,insufficient_overlap,1382.8674604054625,2,True,False,insufficient_evidence,0,0,0,0,0,0,0,0,eligible,eligible,0
281657,Malifaux (Third Edition),2019.0,155,8.952998169522637,0.8235279383407708,0.8935772157847239,0.0958593868490308,eligible,0.0005374263725869,0,0.4774193548387097,0.2451612903225806,0.2148722567562549,borderline_overlap,strongly_sensitive,6299.950282919847,4,True,False,high_audience_selectivity,0,1,1,0,0,1,0,0,borderline,borderline,0
282524,Horrified,2019.0,17094,7.752577766389669,0.3572266277520288,0.2768718688239246,0.009128063361599,exclude,0.0612451094200094,1,0.7775827775827776,0.5611910611910612,0.0969916195207789,borderline_overlap,moderately_sensitive,2439.2477239970403,7,True,False,moderate_audience_selectivity,0,0,0,0,1,0,0,0,eligible,eligible,4
295694,Catchy!,2019.0,106,7.666937425644299,1.183816084007864,1.1579253522198345,0.1159171148780976,eligible,0.0003761984608108,0,,,0.4158033366704037,insufficient_overlap,insufficient_overlap,1474.070615654395,1,True,False,insufficient_evidence,0,1,0,1,0,0,0,0,eligible,eligible,0
301616,"Hood Strikes North: The Tennessee Campaign, Fall 1864",2021.0,162,8.875150816705961,0.7567664067689108,0.6454820948324844,0.093765481595656,eligible,0.0004944322627799,0,0.9753086419753086,0.8641975308641975,0.1177396402687997,borderline_overlap,moderately_sensitive,2765.6475698661297,3,True,False,high_audience_selectivity,1,1,1,0,0,0,0,0,eligible,eligible,13
302098,Chronicles of Crime: 1900,2021.0,1809,7.999954246391533,0.4911911784336995,0.4421820010854889,0.0280595829888886,borderline,0.0064455336285595,1,0.8546158098396904,0.6882255389718076,0.0389542005150979,borderline_overlap,moderately_sensitive,2428.440376548483,7,False,True,moderate_audience_selectivity,0,0,0,0,1,0,0,0,borderline,borderline,4
303553,Skulls of Sedlec,2020.0,2872,7.632502171519617,0.3779496476283377,0.3944599469121055,0.022269387794982,exclude,0.0102433466615073,1,,,0.0883778190411106,borderline_overlap,moderately_sensitive,2585.6489034395795,4,True,False,moderate_audience_selectivity,0,0,0,0,0,0,0,0,borderline,borderline,58
320855,Sakura Arms: Yurina Box,2022.0,184,8.573858062920516,0.762489535714403,0.8047888015474349,0.0879815450416394,eligible,0.0006484944895882,0,,,0.1164755237906477,adequate_overlap,stable_under_exposure_adjustment,536.735410066157,2,True,False,moderate_audience_selectivity,0,1,0,1,0,1,0,1,borderline,borderline,4
321047,Dungeon Fighter in the Castle of Frightening Frosts,2022.0,110,7.815985928050635,0.9332051269314174,0.9262507848371122,0.1137900146320637,eligible,0.0003869469882626,0,0.6727272727272727,0.4454545454545454,0.06647641924178,insufficient_overlap,insufficient_overlap,2785.453684629633,5,True,False,insufficient_evidence,0,0,0,0,1,0,0,0,borderline,borderline,5
322562,Dice Throne: Season One ReRolled – Monk v. Paladin,2021.0,873,7.890661763657519,0.5084649264951064,0.5250059169504624,0.0403918155049935,eligible,0.0030991587485847,0,,,0.0954453200648861,borderline_overlap,stable_under_exposure_adjustment,1479.732079880342,4,True,False,moderate_audience_selectivity,0,1,0,1,0,0,0,0,borderline,borderline,17
322985,Shadows of Brimstone: Swamps of Death (Revised Edition),2020.0,137,8.609584343208867,1.0785396611035551,1.1128109618332598,0.1019624382426238,eligible,0.0004801008928443,0,0.8832116788321168,0.7299270072992701,0.161940775710811,insufficient_overlap,insufficient_overlap,799.4482160286731,1,True,False,insufficient_evidence,0,0,0,0,1,1,0,0,borderline,borderline,6
323046,"Panzers Last Stand: Battles for Budapest, 1945",2021.0,109,9.15981394687202,0.7012829303099437,0.6507191303936999,0.1143107954518981,eligible,0.0002973759261647,0,0.9541284403669724,0.8073394495412844,0.2028568675878618,insufficient_overlap,insufficient_overlap,1685.5363855215646,1,True,False,insufficient_evidence,0,1,1,0,0,0,0,0,eligible,eligible,5
323255,Box One,2020.0,1106,8.010732847286532,0.4497783581433108,0.4302388623362212,0.0358858247878154,eligible,0.0039160468349169,0,,,0.0834049207558179,adequate_overlap,stable_under_exposure_adjustment,1704.377213919481,4,False,True,low_audience_selectivity,1,1,0,0,0,1,0,0,borderline,borderline,0
331952,Unlock!: Timeless Adventures – Die Noside-Show,2019.0,135,7.805731438260881,0.882822067034474,0.9092658030255488,0.1027149387705526,eligible,0.0004836837353282,0,1.0,0.9333333333333332,0.2637418412126818,insufficient_overlap,insufficient_overlap,480.10012301611823,1,True,False,insufficient_evidence,0,0,0,0,1,0,0,0,borderline,borderline,47
331953,Unlock!: Timeless Adventures – Verloren im Zeitstrudel!,2019.0,132,8.391370545565449,1.7111579430701551,1.7149396712573406,0.1038755963880404,eligible,0.0004729352078765,0,0.9772727272727272,0.9242424242424242,0.2711492486200891,insufficient_overlap,insufficient_overlap,574.7570610524879,2,True,False,insufficient_evidence,0,0,0,0,1,0,0,0,borderline,borderline,47
332070,ONUS! Traianus,2023.0,188,8.32279563919414,0.3290370633714872,0.3053190726067765,0.0870405388951028,eligible,0.0006341631196526,0,0.7287234042553191,0.5372340425531915,0.1609296565978814,borderline_overlap,strongly_sensitive,7406.903519480234,6,True,False,moderate_audience_selectivity,0,0,0,0,0,0,0,0,eligible,eligible,2
332804,Cantaloop: Book 3 – Against All Odds,2023.0,106,8.031929872191578,0.8645625028872903,0.7738580907201911,0.1159171148780976,eligible,0.0003797813032947,0,0.9905660377358492,0.9433962264150944,0.1963565738316648,insufficient_overlap,insufficient_overlap,535.1024988676702,2,True,False,insufficient_evidence,1,1,0,0,1,0,0,0,borderline,borderline,4
332943,Archduke,2020.0,146,7.518349803900084,0.7909610682333748,0.8278338293548257,0.0987697758001792,eligible,0.0005230950026513,0,0.6438356164383562,0.4315068493150685,0.1637638364269539,insufficient_overlap,insufficient_overlap,2364.732159673471,7,True,False,insufficient_evidence,0,0,0,0,0,0,0,0,eligible,eligible,0
339349,Le Plateau,2021.0,146,8.335006976336958,0.9251164414649012,0.9094490393183996,0.0987697758001792,eligible,0.0005230950026513,0,,,0.4058524449671211,insufficient_overlap,insufficient_overlap,688.554723356574,2,True,False,insufficient_evidence,0,0,0,0,0,0,0,0,eligible,eligible,3
339753,Évora,2022.0,187,7.794409156396048,0.4386965550958948,0.3919380119239815,0.0872729573032229,eligible,0.0006664087020078,0,,,0.1682529114926541,adequate_overlap,stable_under_exposure_adjustment,1067.8046272467782,4,True,False,low_audience_selectivity,0,0,0,0,0,0,0,0,eligible,eligible,0
340237,Wonder Book,2021.0,818,7.762462399104497,0.4054463393856808,0.2950895296555176,0.0417276420273664,eligible,0.0029128509394212,0,0.8594132029339854,0.69559902200489,0.0618673655644521,adequate_overlap,stable_under_exposure_adjustment,1628.7792026028833,7,True,False,moderate_audience_selectivity,0,0,0,0,1,0,0,0,eligible,eligible,0
341489,Carrooka,2021.0,195,8.554627332404891,1.7484965230713527,1.7303145183894395,0.0854639950369319,eligible,0.0006914885993952,0,,,0.1890979665688071,borderline_overlap,moderately_sensitive,2045.099562917252,3,True,False,low_audience_selectivity,0,0,0,0,0,0,0,0,eligible,eligible,0
351600,Mortum: Medieval Detective – The Shelter,2022.0,131,8.491014256539268,1.6443870952069464,1.5939133522733575,0.1042713143786963,eligible,0.0004657695229086,0,0.900763358778626,0.7099236641221374,0.1026714664106441,insufficient_overlap,insufficient_overlap,1610.3999034849508,1,True,False,insufficient_evidence,0,0,0,0,1,0,0,0,eligible,eligible,0
351817,Marvel Zombies: A Zombicide Game,2023.0,1950,8.072069877534398,0.5351596600045969,0.4618853788653183,0.0270260882254031,borderline,0.0069113031514682,1,0.84,0.6507692307692308,0.0785943411235005,adequate_overlap,stable_under_exposure_adjustment,1698.9210061938527,7,False,True,moderate_audience_selectivity,0,0,0,0,1,0,0,0,borderline,borderline,14
352606,Naturopolis,2023.0,568,7.997254491341834,0.5473432825100266,0.571313369501973,0.050075619178247,eligible,0.0020278888458947,0,0.8397887323943662,0.6954225352112676,0.096037679332595,adequate_overlap,moderately_sensitive,1687.5391986721925,7,False,True,high_audience_selectivity,0,0,0,0,1,0,0,0,borderline,borderline,58
352981,Oriflamme: Alliance,2022.0,151,7.666397615880697,0.3566883411655341,0.4368721750061946,0.0971207488111762,eligible,0.0005374263725869,0,,,0.0628082013776591,adequate_overlap,stable_under_exposure_adjustment,998.3361446008136,2,True,False,low_audience_selectivity,0,0,0,0,0,0,0,0,borderline,borderline,3
353311,Star Trek: Super-Skill Pinball,2022.0,291,7.559463672633045,0.6446448679858268,0.9000048110173591,0.0699606766645972,eligible,0.0010390243203347,0,,,0.2745856747369276,adequate_overlap,stable_under_exposure_adjustment,1049.2495809804464,2,True,False,high_audience_selectivity,0,0,0,0,0,0,0,0,borderline,borderline,4
410209,Hitster: Summer Party,2024.0,452,7.8111026200329,0.814264588203061,0.8106711322196016,0.0561346835132536,eligible,0.0016122791177608,0,0.7323008849557522,0.4800884955752212,0.0478814930203817,borderline_overlap,moderately_sensitive,1977.700024085424,6,True,False,moderate_audience_selectivity,0,0,0,0,0,0,0,0,borderline,borderline,5
411865,Magic Number Eleven,2024.0,105,8.063599372624815,0.5433020298841793,0.5723533082137813,0.1164677931077609,eligible,0.0003726156183269,0,,,0.2253508781162388,insufficient_overlap,insufficient_overlap,709.1215725899473,1,True,False,insufficient_evidence,0,1,0,1,0,0,0,0,eligible,eligible,1
395181,Farms Race,2024.0,149,7.723129167344239,0.5361186676287284,0.4440963154384709,0.0977703931694625,eligible,0.0005302606876191,0,0.5973154362416108,0.4563758389261745,0.1615008403762621,insufficient_overlap,insufficient_overlap,1280.330856991214,6,True,False,insufficient_evidence,0,0,0,0,0,0,0,0,eligible,eligible,0
396587,Colossal Cat in the Box,2024.0,236,8.158753179417486,0.5576115050417005,0.5735328231842374,0.077686310152776,eligible,0.0008455508262034,0,,,0.2146520734788462,adequate_overlap,stable_under_exposure_adjustment,1271.5840913316474,2,True,False,moderate_audience_selectivity,0,0,0,0,0,1,0,0,borderline,borderline,3
20,Full Metal Planète,1988.0,739,7.716994678043291,0.8697196910766634,0.8115341944383667,0.0439013905676142,eligible,0.0026154750132565,0,,,0.0726828525894171,adequate_overlap,stable_under_exposure_adjustment,659.3960278459582,4,True,False,low_audience_selectivity,0,0,0,0,0,0,0,0,eligible,eligible,0
354,Stick 'Em,1993.0,3781,7.553269110503264,0.8911110675331644,0.927848175491884,0.0194087317285088,exclude,0.013510899006836,1,,,0.2966275171557499,adequate_overlap,stable_under_exposure_adjustment,1105.8954252737817,4,False,True,moderate_audience_selectivity,0,0,0,0,0,0,0,0,borderline,borderline,26
1313,1826: Railroading in France and Belgium from 1826,2000.0,158,8.223435412452895,0.4214169630122679,0.4644748502150557,0.0949449679809969,eligible,0.0005481749000386,0,0.7974683544303798,0.5506329113924051,0.2120775186622833,insufficient_overlap,insufficient_overlap,2178.340849305297,4,False,True,low_audience_selectivity,0,0,0,0,0,0,1,0,borderline,borderline,81
4210,Stonewall's Last Battle: The Chancellorsville Campaign,1996.0,322,7.871358463874333,0.6902446435299989,0.6769565656388892,0.0665077966124016,eligible,0.0009422875732691,0,0.9875776397515528,0.9254658385093169,0.0498836905714939,borderline_overlap,strongly_sensitive,4317.797149402282,4,True,False,high_audience_selectivity,1,1,1,0,0,0,0,0,eligible,eligible,13
4212,Here Come the Rebels,1993.0,392,8.00821232538834,0.7409266173242983,0.7284415827555808,0.0602778095972074,eligible,0.0011680066497556,0,0.9744897959183674,0.8928571428571429,0.045771728854302,borderline_overlap,strongly_sensitive,1928.518074603795,4,True,False,high_audience_selectivity,0,1,1,0,0,0,0,0,eligible,eligible,13
4214,Stonewall in the Valley,1995.0,333,8.050253680724557,0.7343381527350825,0.716366537540507,0.0654000949870323,eligible,0.0009816988405921,0,0.993993993993994,0.924924924924925,0.0436221549716048,borderline_overlap,strongly_sensitive,1926.1462781653145,4,False,True,high_audience_selectivity,0,1,1,0,0,0,0,0,eligible,eligible,13
4226,"Victory at Midway: Turning Point of the Pacific War, June 1942",1992.0,188,7.521476269378612,0.8577180125547379,0.7613859872878947,0.0870405388951028,eligible,0.0005660891124582,0,0.9787234042553192,0.9414893617021276,0.0701410666535219,borderline_overlap,strongly_sensitive,3290.0650400963705,2,True,False,high_audience_selectivity,1,1,1,0,0,0,0,0,eligible,eligible,0
4291,"Armor: A Tactical Game of Armored Combat in Western Europe, 1944-1945",1980.0,105,7.603394713996106,0.3329738692203552,0.2113931880214892,0.1164677931077609,eligible,0.0003224558235521,0,0.9523809523809524,0.8952380952380953,0.0935573578897297,insufficient_overlap,insufficient_overlap,1787.0127950651158,1,True,False,insufficient_evidence,0,0,0,0,0,0,0,0,eligible,eligible,7
6930,Sweden Fights On,2003.0,235,8.076002169902988,0.5747430004805416,0.5690754807751439,0.0778514247070657,eligible,0.000738065551686,0,0.9914893617021276,0.9531914893617022,0.1107395259858727,borderline_overlap,strongly_sensitive,1736.4910182022247,2,True,False,high_audience_selectivity,0,1,1,0,0,0,0,0,eligible,eligible,7
7092,Battles for the Ardennes,1978.0,301,7.591655399823351,0.6511514752440117,0.5548784808899381,0.0687887231278166,eligible,0.0007774768190091,0,0.9833887043189368,0.9102990033222592,0.0799028001063781,borderline_overlap,strongly_sensitive,2458.948090194258,4,True,False,high_audience_selectivity,0,0,0,0,0,0,0,0,eligible,eligible,13
7138,"The Killing Ground: Campaign for Normandy, July-August 1944",2002.0,126,8.414391534433951,0.7564467827759458,0.6196573889230628,0.1063200625132756,eligible,0.0003654499333591,0,0.992063492063492,0.9365079365079364,0.098883000440369,insufficient_overlap,insufficient_overlap,1295.1421317381944,2,True,False,insufficient_evidence,0,0,0,0,0,0,0,0,eligible,eligible,6
7215,"To the Green Fields Beyond: The Battle of Cambrai, 1917",1978.0,151,7.578618438351262,0.4689740921616963,0.317394780235416,0.0971207488111762,eligible,0.0003797813032947,0,1.0,0.9536423841059604,0.0599141073814549,borderline_overlap,strongly_sensitive,986.4423688927468,2,True,False,high_audience_selectivity,0,1,1,0,0,0,0,0,eligible,eligible,0
7453,Hube's Pocket,1995.0,143,7.824676092645423,0.4242710978767841,0.3638920717512652,0.0998004448501157,eligible,0.0003618670908752,0,0.986013986013986,0.944055944055944,0.08974123593999,insufficient_overlap,insufficient_overlap,4257.373614729572,2,True,False,insufficient_evidence,0,1,1,0,0,1,0,0,borderline,borderline,18
10183,Napoleon at Leipzig,1979.0,271,7.693195654389192,0.8098765769362268,0.6814265758144602,0.0724963014019341,eligible,0.0007738939765252,0,0.988929889298893,0.9446494464944648,0.0721340617122938,borderline_overlap,strongly_sensitive,2074.897256069244,4,True,False,high_audience_selectivity,0,0,0,0,0,0,0,0,eligible,eligible,7
13532,Guderian's Blitzkrieg II,2001.0,305,8.431311358463237,0.5638459900689785,0.4811750680415549,0.0683361608255901,eligible,0.0008168880863321,0,0.9901639344262296,0.8786885245901639,0.079757183138117,borderline_overlap,strongly_sensitive,3180.637334409017,4,True,False,high_audience_selectivity,0,0,0,0,0,0,0,0,eligible,eligible,18
14188,Bughouse Chess,1960.0,362,7.928732592221245,1.5722549790279414,1.540566499582181,0.0627258002310878,eligible,0.0012826576092408,0,,,0.1486814769810468,adequate_overlap,stable_under_exposure_adjustment,537.9346498836067,4,True,False,low_audience_selectivity,0,0,0,0,0,0,0,0,eligible,eligible,0
18098,Napoleon's Triumph,2007.0,1764,8.454166066588618,0.519015158584871,0.6309515451821728,0.0284152319475046,borderline,0.0061409920174269,1,0.909297052154195,0.7675736961451247,0.024590429340704,borderline_overlap,strongly_sensitive,5184.809561576114,7,True,False,low_audience_selectivity,0,1,1,0,0,0,0,0,eligible,eligible,0
20266,"Bitter End: Attack to Budapest, 1945",2005.0,126,7.662833486824407,0.4571701716338454,0.3789842075741481,0.1063200625132756,eligible,0.000369032775843,0,0.992063492063492,0.9523809523809524,0.048092506592061,insufficient_overlap,insufficient_overlap,2270.5306717273847,2,True,False,insufficient_evidence,1,1,1,0,0,0,0,0,eligible,eligible,0
20437,Lords of Vegas,2010.0,7719,7.714378988425345,0.4732864672295811,0.4138270825508208,0.01358375923673,exclude,0.0276165498660016,1,0.8533488793885218,0.7044954009586734,0.0907069516056946,borderline_overlap,moderately_sensitive,1245.8634021196835,7,True,False,moderate_audience_selectivity,0,0,0,0,0,0,0,0,eligible,eligible,2
20646,1824: Austria-Hungary,2005.0,154,8.510497294707323,0.6879015273609301,0.6827644039096219,0.0961701150119088,eligible,0.0005481749000386,0,0.8051948051948052,0.5844155844155844,0.3382488157196562,insufficient_overlap,insufficient_overlap,6037.105321693733,4,False,True,moderate_audience_selectivity,0,0,0,0,0,0,1,0,borderline,borderline,81
23995,No Peace Without Spain!: The War of the Spanish Succession 1702-1713,2011.0,332,7.980556849209924,0.6886378909411306,0.6477466572508455,0.0654985150502183,eligible,0.0011214296974647,0,0.9879518072289156,0.9518072289156626,0.0663838527586937,borderline_overlap,strongly_sensitive,3748.650001263514,4,True,False,high_audience_selectivity,0,1,1,0,0,0,0,0,borderline,borderline,1
24181,Imperial,2006.0,8744,8.084993832287182,0.3672783027253299,0.4494260113756176,0.0127627840636684,exclude,0.0312997119394642,1,0.9198307410795974,0.79951967063129,0.0865018012321618,borderline_overlap,moderately_sensitive,859.2291999439166,7,True,False,low_audience_selectivity,0,0,0,0,0,0,0,0,eligible,eligible,8
25727,Lock 'n Load Tactical: Day of Heroes,2008.0,303,7.77161461229325,0.4937959745649731,0.562059463427584,0.0685613217679009,eligible,0.0009709503131404,0,0.9702970297029704,0.8613861386138614,0.072085074812254,borderline_overlap,strongly_sensitive,3130.046899349157,4,True,False,high_audience_selectivity,0,1,1,0,0,0,0,0,borderline,borderline,4
33003,The Caucasus Campaign,2009.0,436,7.976761812880752,0.5566676317496357,0.470935591583248,0.057155397725949,eligible,0.0013722286713386,0,0.9655963302752294,0.8990825688073395,0.0836509992486882,borderline_overlap,strongly_sensitive,4103.626787652818,4,True,False,high_audience_selectivity,0,1,1,0,0,0,0,0,eligible,eligible,10
35285,Prussian Rails,2008.0,988,7.663778655414595,0.6446446481550128,0.4102685828161645,0.0379683761617014,eligible,0.003539848374106,0,0.9848178137651822,0.951417004048583,0.3463854159615196,borderline_overlap,moderately_sensitive,471.7325629971555,2,True,False,high_audience_selectivity,0,0,0,0,0,0,0,0,borderline,borderline,33
37387,Steel Driver,2008.0,1953,7.51617559990684,0.3369435087999841,0.2377500611877012,0.0270053228837083,borderline,0.0069972913710821,1,,,0.3392496070430282,adequate_overlap,stable_under_exposure_adjustment,826.6490298731676,4,False,True,moderate_audience_selectivity,0,0,0,0,0,0,0,0,borderline,borderline,33
37836,"Julius Caesar: Caesar, Pompey, and the Roman Civil War",2010.0,1691,8.171563808652932,0.72029928221815,0.6288728418240375,0.0290220905004663,eligible,0.0058866102010691,1,0.9107037256061502,0.758722649319929,0.0485742268566396,insufficient_overlap,insufficient_overlap,13503.58456892236,7,False,True,low_audience_selectivity,0,1,1,0,0,0,0,0,eligible,eligible,2
43526,Germantown,2010.0,179,7.735016963138965,0.4767677954550562,0.4439613696285418,0.0892018744102537,eligible,0.0005660891124582,0,0.994413407821229,0.9497206703910616,0.116141542736482,borderline_overlap,strongly_sensitive,2389.707872550932,2,False,True,high_audience_selectivity,0,1,1,0,0,0,0,0,eligible,eligible,9
43845,18Ardennes,2010.0,101,8.341879097464066,0.3845456437046692,0.3821992020418951,0.1187516927360825,eligible,0.0003547014059073,0,0.8811881188118812,0.6435643564356436,0.3371558492801552,insufficient_overlap,insufficient_overlap,6968.47311396842,1,True,False,insufficient_evidence,0,0,0,0,0,0,0,0,borderline,borderline,81
57073,The Fires of Midway: The Carrier Battles of 1942,2010.0,298,7.541328491281425,0.3698223157836287,0.5080294468783508,0.0691341080094018,eligible,0.001028275792883,0,0.9697986577181208,0.8926174496644296,0.0901770119727311,borderline_overlap,strongly_sensitive,3243.720763020986,4,True,False,moderate_audience_selectivity,0,0,0,0,0,0,0,0,eligible,eligible,0
57998,Boże Igrzysko,2010.0,268,8.002885928807913,0.7328376222172288,0.734463578363048,0.0729009350639256,eligible,0.0009566189432047,0,,,0.0970099553600103,adequate_overlap,stable_under_exposure_adjustment,817.1093252430047,4,True,False,low_audience_selectivity,0,0,0,0,0,0,0,0,eligible,eligible,0
82420,Summoner Wars: Guild Dwarves vs Cave Goblins,2009.0,2362,7.793030456685368,0.8576082201108512,0.8670207212821452,0.024556165358439,borderline,0.0084375940496152,1,,,0.0701763300344351,adequate_overlap,stable_under_exposure_adjustment,1197.2080465962583,4,False,True,low_audience_selectivity,0,0,0,0,0,0,0,0,borderline,borderline,6
82421,Summoner Wars: Phoenix Elves vs Tundra Orcs,2009.0,2634,7.759804049919784,0.6311808012234339,0.6387371336101788,0.0232537291960826,exclude,0.0093977958353038,1,,,0.0641951434796642,adequate_overlap,stable_under_exposure_adjustment,1155.0988156877272,4,False,True,low_audience_selectivity,0,0,0,0,0,0,0,0,borderline,borderline,6
83283,Volo,2010.0,101,7.967566568208754,1.1295181423252778,1.133307435760189,0.1187516927360825,eligible,0.000326038666036,0,,,0.2715098539552534,insufficient_overlap,insufficient_overlap,792.8054271971698,2,True,False,insufficient_evidence,0,1,0,1,0,0,0,0,eligible,eligible,0
90419,Airlines Europe,2011.0,7418,7.669333930493225,0.3442879889585475,0.2278400892185059,0.0138566127952692,exclude,0.0265631941757312,1,0.9216770018873012,0.8050687516850903,0.1419589906889307,borderline_overlap,moderately_sensitive,1211.822192947565,7,True,False,moderate_audience_selectivity,0,0,0,0,0,0,0,0,eligible,eligible,0
99358,Stonewall Jackson's Way II: Battles of Bull Run,2013.0,324,9.102288001734976,1.2855239916711731,1.278249849560627,0.0663022078775108,eligible,0.0010318586353669,0,0.9722222222222222,0.904320987654321,0.0930482822441083,borderline_overlap,strongly_sensitive,2321.939716431624,4,True,False,high_audience_selectivity,0,1,1,0,0,0,0,0,eligible,eligible,13
113927,Nightfall: The Coldest War,2012.0,449,7.552690622705081,0.7338598775002341,0.6096859094382543,0.0563219036556348,eligible,0.0015943649053413,0,,,0.1122776821761396,adequate_overlap,stable_under_exposure_adjustment,777.9268197259277,4,True,False,low_audience_selectivity,0,0,0,0,0,0,0,0,borderline,borderline,4
125993,France '40,2013.0,390,8.062058530746109,0.5203859564509408,0.52914642229055,0.060432170437908,eligible,0.001193086547143,0,0.9743589743589745,0.9051282051282052,0.1010052812949504,borderline_overlap,strongly_sensitive,5582.037485350484,4,True,False,high_audience_selectivity,0,1,1,0,0,0,0,0,eligible,eligible,10
128425,Asteriated Grail,2010.0,156,7.8831851516459555,0.9734486027273396,0.9283886366089432,0.0955516512656422,eligible,0.0005553405850065,0,,,0.0909549758160023,adequate_overlap,stable_under_exposure_adjustment,984.7620911153356,2,True,False,low_audience_selectivity,0,0,0,0,0,0,0,0,eligible,eligible,0
144864,Ascension: Darkness Unleashed,2013.0,1025,7.626337715531724,0.5526939665726118,0.4502854879914242,0.0372767948127044,eligible,0.0036509164911073,0,,,0.0688728258558615,adequate_overlap,stable_under_exposure_adjustment,998.5324548758967,4,False,True,low_audience_selectivity,1,1,0,0,0,0,0,0,borderline,borderline,24
153625,Han,2014.0,354,7.729112032176084,1.0668685476018327,0.9036517108974076,0.0634306066246325,eligible,0.0012683262393052,0,,,0.3135221299760213,adequate_overlap,stable_under_exposure_adjustment,774.4639438758269,2,True,False,moderate_audience_selectivity,0,0,0,0,0,0,0,0,eligible,eligible,4
156129,Deception: Murder in Hong Kong,2014.0,23119,7.728200630861079,0.4107073755513424,0.3261070750764157,0.007849029717005,exclude,0.0826633417888415,1,0.7109736580301916,0.4345776201392793,0.0900986122326518,borderline_overlap,moderately_sensitive,2867.556694278569,7,True,False,moderate_audience_selectivity,0,0,0,0,0,0,0,0,borderline,borderline,60
162384,Imperial Stars II,2014.0,124,7.587657306127106,0.5965929398696463,0.4296347750138274,0.1071740526379411,eligible,0.0004299410980695,0,0.8629032258064516,0.7661290322580645,0.1393586558431802,insufficient_overlap,insufficient_overlap,8283.236345676025,4,True,False,insufficient_evidence,1,1,1,0,0,0,0,0,eligible,eligible,0
161882,Irish Gauge,2014.0,3497,7.815964900836607,0.5537113040813226,0.2981178713469647,0.0201814645640996,exclude,0.012522034481276,1,0.9439519588218472,0.8570203031169574,0.1809767197858503,borderline_overlap,moderately_sensitive,1632.063256363217,7,True,False,moderate_audience_selectivity,0,0,0,0,0,0,0,0,borderline,borderline,33
175973,The Hunters A.D. 2114,2019.0,419,8.16585641566127,0.4563839140222487,0.4956462474294838,0.0583033466638962,eligible,0.0014725482608882,0,0.8400954653937948,0.6897374701670644,0.1544672987148352,adequate_overlap,moderately_sensitive,791.8324606683173,7,True,False,moderate_audience_selectivity,0,0,0,0,1,0,0,0,eligible,eligible,0
184145,Flash Duel: Revised Second Edition,2015.0,156,7.573229835952584,1.214890774986828,1.1694321902101867,0.0955516512656422,eligible,0.0005553405850065,0,,,0.0958158146884771,adequate_overlap,stable_under_exposure_adjustment,1390.5371205138836,2,True,False,low_audience_selectivity,0,0,0,0,0,1,0,0,borderline,borderline,13
184424,Mega Civilization,2015.0,1035,8.616270610757237,0.8333819157869158,0.9436389466935092,0.0370962765856366,eligible,0.0037082419708499,0,0.8956521739130435,0.7855072463768116,0.1358835481369974,borderline_overlap,moderately_sensitive,785.7829418879904,7,True,False,moderate_audience_selectivity,0,0,0,0,0,0,0,0,borderline,medium,4
192858,"Mrs Thatcher's War: The Falklands, 1982",2017.0,235,7.905625703208866,0.3273075481236436,0.4076721042527573,0.0778514247070657,eligible,0.0007022371268469,0,0.9446808510638298,0.7872340425531915,0.1888135517880246,borderline_overlap,strongly_sensitive,6726.415862544191,4,True,False,high_audience_selectivity,1,1,1,0,0,0,0,0,eligible,eligible,7
200247,Austerlitz 1805: Rising Eagles,2016.0,255,8.599361732565319,1.0031337231319757,0.8035908126885953,0.0747360956258539,eligible,0.0007523969216217,0,0.9607843137254902,0.8549019607843137,0.1696071701564964,borderline_overlap,moderately_sensitive,3342.95945265026,3,True,False,high_audience_selectivity,0,0,0,0,0,0,1,0,eligible,eligible,4
200853,Habitats,2016.0,2370,7.771037177379957,0.6456191505225286,0.5961637863887708,0.0245146853197731,borderline,0.0084734224744543,1,,,0.2774783625441398,adequate_overlap,stable_under_exposure_adjustment,1191.8888469415654,4,True,False,moderate_audience_selectivity,0,0,0,0,0,0,0,0,borderline,borderline,0
210232,Dungeon Degenerates: Hand of Doom,2017.0,1260,8.195569319775844,0.3654302109383458,0.2901785508726036,0.0336213558513437,eligible,0.0044713874199234,0,0.8468253968253968,0.6761904761904762,0.0915491640783235,adequate_overlap,stable_under_exposure_adjustment,912.1928198032969,7,True,False,moderate_audience_selectivity,0,0,0,0,1,0,0,0,eligible,eligible,0
211734,Master of Respect,2016.0,417,7.630497641652315,0.7075450812255202,0.7062568193289813,0.0584429955984737,eligible,0.0014832967883399,0,,,0.3119166347112163,adequate_overlap,stable_under_exposure_adjustment,1143.697483258303,2,True,False,moderate_audience_selectivity,0,0,0,0,0,0,0,0,eligible,eligible,0
212346,Shadows of Brimstone: Forbidden Fortress,2018.0,677,8.519782242632955,0.885977267093347,0.9043339451326649,0.0458676153168445,eligible,0.0023825902518021,0,0.8921713441654358,0.6853766617429837,0.1545812484140918,adequate_overlap,stable_under_exposure_adjustment,1058.8831909886294,7,True,False,moderate_audience_selectivity,0,0,0,0,1,0,0,0,borderline,borderline,6
212581,Mega Man Pixel Tactics: Proto Man Red,2017.0,144,7.628952443488695,0.6270541670869152,0.6664237745150592,0.0994533118162662,eligible,0.0005015979477478,0,,,0.0845447194057459,insufficient_overlap,insufficient_overlap,797.3462431838914,2,False,True,insufficient_evidence,0,1,0,1,0,0,0,0,borderline,borderline,7
207951,Tintas,2016.0,312,8.107522688894388,1.5147093255764208,1.4808445938717387,0.0675652205635077,eligible,0.0010927669575934,0,,,0.2679441204149609,adequate_overlap,stable_under_exposure_adjustment,1248.8239469070108,2,True,False,moderate_audience_selectivity,0,1,0,1,0,0,0,0,eligible,eligible,0
209641,Warpgate,2019.0,459,7.843685493812472,0.5471668219924846,0.5892496370636922,0.055704996730778,eligible,0.0016409418576321,0,,,0.1715693004317389,adequate_overlap,moderately_sensitive,1014.283318940486,4,True,False,moderate_audience_selectivity,0,0,0,0,0,0,0,0,eligible,eligible,0
225818,Mini Rails,2017.0,1701,7.52883566089004,0.3976675456159597,0.1923455061825159,0.0289366558420372,borderline,0.0060872493801682,1,0.9735449735449736,0.9335684891240448,0.3516901069387253,borderline_overlap,moderately_sensitive,960.0909844983968,5,True,False,high_audience_selectivity,0,0,0,0,0,0,0,0,borderline,borderline,33
226213,Cursed Court,2017.0,828,7.571277053263758,0.7603905568753699,0.7204485120961337,0.0414748980788086,eligible,0.002963010734196,0,,,0.2325019056249201,borderline_overlap,moderately_sensitive,1879.702384771908,4,True,False,moderate_audience_selectivity,0,0,0,0,0,0,0,1,borderline,borderline,22
226802,Galilean Moons,2020.0,142,7.662987690683444,0.7281570466310683,0.8684498530858704,0.1001512383564941,eligible,0.0005087636327156,0,,,0.1960318777280704,insufficient_overlap,insufficient_overlap,628.3694578065201,2,False,True,insufficient_evidence,0,0,0,0,0,0,0,0,eligible,eligible,0
227127,Europe in Turmoil: Prelude to the Great War,2018.0,305,8.444792479011667,0.7397363411399791,0.6877725486104502,0.0683361608255901,eligible,0.0010641042177221,0,0.9704918032786886,0.8721311475409836,0.0634989753960454,borderline_overlap,strongly_sensitive,2746.2396289584563,4,True,False,moderate_audience_selectivity,0,1,1,0,0,0,0,0,eligible,eligible,4
225244,Ticket to Ride: Germany,2017.0,1783,7.834422687193688,0.7936608523429198,0.7122482841687878,0.0282634272885552,borderline,0.006384625306333,1,,,0.0171589103643266,borderline_overlap,moderately_sensitive,1891.1917341996573,4,False,True,low_audience_selectivity,0,0,0,0,0,0,0,0,borderline,borderline,21
232832,Century: Golem Edition,2017.0,12733,7.844003700978381,0.4594987633158025,0.3466363232391751,0.0105763332439832,exclude,0.0455773392378577,1,0.7433440665986021,0.5378936621377522,0.0805170956375793,borderline_overlap,moderately_sensitive,2240.2337837349296,7,True,False,moderate_audience_selectivity,0,0,0,0,0,1,0,0,borderline,borderline,7
237251,Biosphere,2017.0,410,7.904290396966979,0.3872475137593882,0.2362634722535945,0.0589397877394479,eligible,0.0014689654184043,0,,,0.3605801429290322,borderline_overlap,moderately_sensitive,548.0155545038615,2,True,False,moderate_audience_selectivity,0,0,0,0,0,0,0,0,eligible,eligible,0
238026,Greater East Asia Co-Prosperity Sphere: War in Asia and the Pacific,2017.0,102,7.960592582786884,0.5127288499364546,0.670073475074858,0.1181681428029229,eligible,0.0003367871934878,0,0.9705882352941176,0.931372549019608,0.1225496925886016,insufficient_overlap,insufficient_overlap,1704.385477038715,2,True,False,insufficient_evidence,0,1,1,0,0,0,0,0,eligible,eligible,0
244114,Yellow & Yangtze,2018.0,2816,8.366636967280952,0.520825909826149,0.4203560417617442,0.0224897263263255,exclude,0.0100821187497312,1,,,0.165434886438869,adequate_overlap,stable_under_exposure_adjustment,881.1047836537072,4,True,False,moderate_audience_selectivity,0,0,0,0,0,0,0,0,eligible,eligible,4
263918,Cartographers,2019.0,31295,7.84746225338961,0.3568134482615033,0.2715676660947608,0.0067462591156964,exclude,0.1121250555340585,1,,,0.1060175508063412,borderline_overlap,moderately_sensitive,2184.017356260973,4,True,False,moderate_audience_selectivity,0,0,0,0,0,0,0,0,eligible,eligible,2
266964,Dice Throne: Season Two – Seraph v. Vampire Lord,2018.0,1032,7.938836830548135,0.5753656265465352,0.6306582129317349,0.0371501564638293,eligible,0.0036580821760752,0,,,0.057339123472934,adequate_overlap,stable_under_exposure_adjustment,1665.9404335961344,4,False,True,moderate_audience_selectivity,0,1,0,1,0,0,0,0,borderline,borderline,17
267304,Mega Empires: The West,2019.0,366,8.65455353802916,1.045906982781709,1.1766389309609178,0.0623820946291276,eligible,0.0013077375066282,0,0.8907103825136612,0.7841530054644809,0.1180495318685759,borderline_overlap,moderately_sensitive,898.1131987548805,7,True,False,moderate_audience_selectivity,0,0,0,0,0,0,0,0,borderline,medium,4
268586,6 nimmt! 25 Jahre,2019.0,2513,7.516844827824821,0.4350012900871647,0.3678070381078022,0.0238069769548651,exclude,0.0089678547372343,1,,,0.1124095687438061,borderline_overlap,moderately_sensitive,2267.274036775505,4,True,False,moderate_audience_selectivity,0,0,0,0,0,0,0,0,borderline,borderline,12
286343,Conflict of Heroes: Awakening the Bear – Operation Barbarossa 1941 (Third Edition),2019.0,325,8.377959357867717,0.4821655437730925,0.4560449462289302,0.0662001258956781,eligible,0.0011214296974647,0,0.803076923076923,0.5846153846153846,0.0869525698548372,insufficient_overlap,insufficient_overlap,9142.150722332304,7,True,False,moderate_audience_selectivity,0,0,0,0,0,1,0,0,borderline,borderline,6
286344,Conflict of Heroes: Storms of Steel – Kursk 1943 (Third Edition),2019.0,369,8.508850892850594,0.6328613975157378,0.5443088669423606,0.0621279913545074,eligible,0.0012539948693695,0,0.8455284552845529,0.6775067750677507,0.0997522363130403,borderline_overlap,strongly_sensitive,6740.871762106223,7,True,False,moderate_audience_selectivity,0,0,0,0,0,1,0,0,borderline,borderline,6
286428,"Wits & Wagers: It's Vegas, Baby!",2019.0,1026,7.676242203785407,0.9407943759107537,0.8701301795599417,0.03725862430477,eligible,0.0036544993335912,0,0.8109161793372319,0.5594541910331384,0.0700270108283799,borderline_overlap,moderately_sensitive,2632.332592131252,7,False,True,high_audience_selectivity,0,0,0,0,0,0,0,0,borderline,borderline,4
287450,Nothing Personal (Revised Edition),2019.0,138,7.629914199227693,0.4631674371693055,0.5305450194027976,0.1015923374270194,eligible,0.0004944322627799,0,,,0.1421277066977751,insufficient_overlap,insufficient_overlap,946.869623604132,4,True,False,insufficient_evidence,0,0,0,0,0,1,0,0,borderline,borderline,0
290829,Fresco: Mega Box,2020.0,111,8.225438641903068,0.9698912330733354,0.9789967455502636,0.1132762873373707,eligible,0.0003976955157143,0,,,0.202305919403652,insufficient_overlap,insufficient_overlap,460.3660746167642,2,True,False,insufficient_evidence,0,0,0,0,0,1,0,0,borderline,borderline,3
299317,Aeon's End: Outcasts,2020.0,1087,8.807349215333737,0.9917402000468788,0.8801434705943123,0.0361980956933816,eligible,0.0038873840950456,0,0.9282428702851886,0.7580496780128795,0.047280608018317,adequate_overlap,stable_under_exposure_adjustment,1245.8499629184828,7,False,True,moderate_audience_selectivity,0,0,0,0,1,0,0,0,borderline,borderline,6
299371,The Emerald Flame,2021.0,297,8.559843583356756,0.6461624034136477,0.6629506140248047,0.0692503975920269,eligible,0.0010569385327543,0,0.8888888888888888,0.7609427609427609,0.0911102861151371,borderline_overlap,moderately_sensitive,663.4830155657335,6,True,False,moderate_audience_selectivity,0,0,0,0,1,0,0,0,eligible,eligible,0
299452,Dale of Merchants 3,2020.0,794,7.899841376187654,0.6064389546308977,0.5811526768835513,0.0423535916072709,eligible,0.0028340284047752,0,,,0.0981853527342789,adequate_overlap,stable_under_exposure_adjustment,1243.4990446154914,4,True,False,moderate_audience_selectivity,0,0,0,0,0,0,0,0,borderline,borderline,4
310442,Feierabend,2020.0,494,7.551776730486465,0.4638124950778097,0.4891546025919497,0.0536953925091615,eligible,0.001769924187053,0,0.9291497975708504,0.8643724696356275,0.323106063734799,borderline_overlap,strongly_sensitive,948.3418104317104,7,True,False,high_audience_selectivity,0,0,0,0,0,0,0,0,eligible,eligible,0
318472,Blood Bowl: Second Season Edition,2020.0,963,8.675588729682802,0.4888971971737099,0.4708460189845791,0.0384580581956883,eligible,0.0033893689897817,0,,,0.1315887229022052,adequate_overlap,stable_under_exposure_adjustment,870.5633717492406,4,False,True,moderate_audience_selectivity,0,1,0,1,0,1,0,0,borderline,borderline,19
318474,Who Goes There? 2nd Edition,2021.0,312,7.892272117852087,0.4975337681891396,0.4485044697159477,0.0675652205635077,eligible,0.0011178468549808,0,,,0.069595024884694,adequate_overlap,stable_under_exposure_adjustment,963.2707121626166,4,True,False,low_audience_selectivity,0,0,0,0,0,1,0,0,borderline,borderline,0
318546,CoraQuest,2021.0,1235,7.878865537215385,0.5251482325408245,0.441442855975267,0.0339599480371387,eligible,0.0043997305702452,0,0.8437246963562753,0.6526315789473685,0.0210558204053201,borderline_overlap,moderately_sensitive,2248.428939174757,7,True,False,moderate_audience_selectivity,0,0,0,0,1,0,0,0,eligible,eligible,1
318709,For Sale Autorama,2021.0,520,7.704089664157911,0.4907472047079384,0.45013211010491,0.0523357948050593,eligible,0.0018630780916347,0,0.9076923076923076,0.7961538461538461,0.217944120414961,borderline_overlap,moderately_sensitive,1405.4592457726196,5,False,True,moderate_audience_selectivity,0,0,0,0,0,0,0,0,borderline,borderline,26
323784,Ghost Letters,2020.0,264,7.687879960087717,0.6073171113904801,0.6238496561034959,0.0734511386057802,eligible,0.0009387047307852,0,0.6325757575757576,0.3674242424242424,0.1379416604708198,borderline_overlap,moderately_sensitive,1864.8605979575943,7,True,False,moderate_audience_selectivity,0,0,0,0,0,0,0,0,eligible,eligible,0
324320,Planet etuC,2020.0,280,7.681839148849474,0.9272236589424194,0.9041898637263204,0.0713216661455134,eligible,0.0009816988405921,0,,,0.425911153381994,adequate_overlap,stable_under_exposure_adjustment,1182.2236308398683,2,True,False,moderate_audience_selectivity,0,0,0,0,0,0,0,0,eligible,eligible,0
324344,Twinkle Starship,2020.0,264,7.955937487615062,1.0143973027816724,0.9956105419375252,0.0734511386057802,eligible,0.0009243733608495,0,,,0.4681189455897861,adequate_overlap,stable_under_exposure_adjustment,633.0925222610819,2,True,False,moderate_audience_selectivity,0,0,0,0,0,0,0,0,eligible,eligible,0
324711,Schadenfreude,2020.0,821,8.334325814342495,1.1756063451589345,1.228772058024937,0.0416513341755915,eligible,0.0029343479943247,0,,,0.3060660167889889,borderline_overlap,moderately_sensitive,1643.2288477994923,4,True,False,moderate_audience_selectivity,0,0,0,0,0,0,0,0,borderline,borderline,0
329873,Grove: 9 card solitaire game,2021.0,2256,7.782871890991841,0.4697494352641813,0.4937920423363033,0.0251264392807488,borderline,0.0080434813763847,1,,,0.0518251451740214,borderline_overlap,moderately_sensitive,2027.586094259536,4,True,False,moderate_audience_selectivity,1,1,0,0,0,0,0,0,eligible,eligible,2
341753,Tholos,2021.0,370,7.641488639937717,0.4419543654392148,0.4246096204279874,0.0620439778051147,eligible,0.001314903191596,0,,,0.1261042035750441,adequate_overlap,stable_under_exposure_adjustment,1415.4660422840334,4,True,False,low_audience_selectivity,0,1,0,1,0,0,0,0,eligible,eligible,0
342508,Snapshot: Wildlife Photographer,2021.0,123,7.564852797076833,0.502773427604918,0.5450655203977224,0.1076088375982068,eligible,0.0004371067830373,0,,,0.116677703904642,insufficient_overlap,insufficient_overlap,1229.9674521404052,2,True,False,insufficient_evidence,0,0,0,0,0,0,0,0,eligible,eligible,0
347112,Secret Identity,2022.0,925,7.691148303514825,0.603906932292948,0.5828380970020275,0.0392400569922194,eligible,0.0033141292976195,0,0.827027027027027,0.6518918918918919,0.1785366360074765,borderline_overlap,strongly_sensitive,2397.897039837744,7,True,False,moderate_audience_selectivity,0,0,0,0,0,0,0,0,eligible,eligible,0
347767,Ostia,2022.0,508,8.271735481803697,0.4265129959116915,0.4422082119138597,0.0529503261738926,eligible,0.0018165011393439,0,,,0.2501518732920051,adequate_overlap,stable_under_exposure_adjustment,1318.6604969319371,2,True,False,moderate_audience_selectivity,0,0,0,0,0,0,0,0,eligible,eligible,0
347900,Tin Helm,2021.0,546,7.609715624072068,0.598939385044547,0.5442154348602113,0.0510745059680768,eligible,0.0019024893589578,0,,,0.2155239984262658,borderline_overlap,moderately_sensitive,2362.1563822538883,3,True,False,moderate_audience_selectivity,1,1,0,0,0,0,0,0,eligible,eligible,0
349703,Race! Formula 90: 2nd Edition,2023.0,239,9.03671703784806,0.7899165785783566,0.6901362709191865,0.077197199455354,eligible,0.0008562993536552,0,,,0.1066747233540459,adequate_overlap,stable_under_exposure_adjustment,715.2543607457328,1,True,False,moderate_audience_selectivity,0,0,0,0,0,1,0,0,borderline,borderline,0
359929,Hachi Train,2021.0,104,8.08936433351446,1.2491251178699585,1.25007398753948,0.1170263948405929,eligible,0.0003726156183269,0,,,0.3737133511841918,insufficient_overlap,insufficient_overlap,449.6604231069824,2,True,False,insufficient_evidence,0,0,0,0,0,0,0,0,eligible,eligible,0
360152,Marvel Dice Throne: Black Widow v. Doctor Strange,2022.0,464,7.9678949915314226,0.4270365861971461,0.444260585132084,0.055404049111648,eligible,0.0016481075425999,0,,,0.1037901818620787,adequate_overlap,stable_under_exposure_adjustment,1198.2596477508769,4,True,False,moderate_audience_selectivity,0,1,0,1,0,0,0,0,borderline,borderline,17
360332,Masters of the Universe: Battleground,2022.0,158,8.107071534526003,0.5963465830692876,0.4738192797910798,0.0949449679809969,eligible,0.0005445920575547,0,0.4430379746835443,0.2848101265822785,0.185362426517729,insufficient_overlap,insufficient_overlap,12254.237255498738,6,True,False,moderate_audience_selectivity,0,1,1,0,0,0,0,0,eligible,eligible,0
360931,DC Deck-Building Game: Injustice,2023.0,149,7.879686349755547,0.423677633516597,0.3483088712077204,0.0977703931694625,eligible,0.0005266778451352,0,,,0.0966575081552558,insufficient_overlap,insufficient_overlap,1178.2488574404883,1,True,False,insufficient_evidence,0,0,0,0,0,0,0,0,borderline,borderline,19
367396,Avalon: Big Box,2022.0,398,8.346901925748652,0.9368294168363764,0.8624916011980961,0.059821728823544,eligible,0.0014223884661134,0,0.5804020100502513,0.3442211055276382,0.1791056429124329,borderline_overlap,moderately_sensitive,2330.4385917108693,7,True,False,moderate_audience_selectivity,0,0,0,0,0,1,0,0,borderline,borderline,60
367625,Set A Watch: Forsaken Isles,2024.0,121,8.161960359969784,0.4911861752842164,0.5244234683848106,0.1084945219813813,eligible,0.0004299410980695,0,0.9421487603305784,0.7768595041322314,0.1007811229222049,insufficient_overlap,insufficient_overlap,926.661605020003,2,True,False,insufficient_evidence,0,0,0,0,1,0,0,0,eligible,eligible,4
368046,La Bête,2022.0,232,7.671660273853918,0.4641810963561141,0.3545641072229735,0.0783531576640776,eligible,0.0008312194562678,0,,,0.0526182200021525,borderline_overlap,stable_under_exposure_adjustment,1499.1361918582634,4,False,True,low_audience_selectivity,0,0,0,0,0,0,0,0,eligible,eligible,0
398162,MicroMacro: Crime City – Showdown,2023.0,452,8.274026909309363,1.2516533529018383,1.1730381861334802,0.0561346835132536,eligible,0.0016122791177608,0,0.9314159292035398,0.7876106194690266,0.1243940863782012,borderline_overlap,moderately_sensitive,3191.4710132561654,3,False,True,moderate_audience_selectivity,0,0,0,0,1,0,0,0,borderline,borderline,4
398996,Panda Royale,2024.0,206,7.756662317104642,0.7527515339003079,0.715763834579648,0.0831508868676376,eligible,0.0007308998667182,0,,,0.1724437470019662,borderline_overlap,moderately_sensitive,2259.690939282403,2,True,False,low_audience_selectivity,0,0,0,0,0,0,0,0,eligible,eligible,0
400617,Mythic Mischief Vol. II,2024.0,112,8.134382487398797,0.500345583410283,0.4642935460090314,0.1127694557689722,eligible,0.0004012783581982,0,,,0.1752718893292578,insufficient_overlap,insufficient_overlap,1009.5651890511738,2,True,False,insufficient_evidence,0,0,0,0,0,0,1,0,borderline,borderline,3
401493,FateFlip: Washed Ashore,2024.0,178,7.539375435205247,0.9057313349869762,0.8304094845077117,0.0894520905382537,eligible,0.0006305802771686,0,,,0.0680606627466208,borderline_overlap,moderately_sensitive,1823.4312779482173,2,True,False,moderate_audience_selectivity,0,0,0,0,0,0,0,0,eligible,eligible,0
405460,CATsle Builders,2023.0,130,8.226736586299314,0.9362378838138524,1.0079630145795342,0.1046715896101186,eligible,0.0004621866804247,0,,,0.3600094731479419,insufficient_overlap,insufficient_overlap,1084.7528511517148,2,True,False,insufficient_evidence,0,0,0,0,0,0,0,0,eligible,eligible,0
406174,Kinfire Delve: Callous' Lab,2024.0,284,8.423013689410212,0.8709735841584791,0.8870426869402834,0.0708176197861072,eligible,0.0009960302105278,0,0.8943661971830986,0.7007042253521126,0.036460872568845,borderline_overlap,moderately_sensitive,1397.719308904212,7,False,True,moderate_audience_selectivity,1,1,0,0,1,0,0,0,borderline,borderline,0
406322,Saboteur: 20 Jahre-Edition,2024.0,239,7.819608705673618,0.4761296665631622,0.4151775566293576,0.077197199455354,eligible,0.0008455508262034,0,0.5146443514644351,0.2928870292887029,0.2072328992181256,adequate_overlap,stable_under_exposure_adjustment,1397.1714586871483,6,True,False,moderate_audience_selectivity,0,0,0,0,0,1,0,0,borderline,borderline,7
408836,Aqua ROVE: Results-Oriented Versatile Explorer,2024.0,145,7.96313453405051,0.853308639916242,0.8229135952401689,0.0991097760339054,eligible,0.0005087636327156,0,,,0.083332157669865,insufficient_overlap,insufficient_overlap,1529.3962265229036,3,True,False,insufficient_evidence,1,1,0,0,0,0,0,0,borderline,borderline,58
60,Vinci,1999.0,4030,7.528127562300138,0.3927453566223366,0.4309289329081665,0.0187995724655479,exclude,0.0143671983604912,1,,,0.1270632271147128,adequate_overlap,stable_under_exposure_adjustment,1060.0901344499946,4,True,False,low_audience_selectivity,0,0,0,0,0,0,0,0,eligible,eligible,0
150,PitchCar,1995.0,11175,7.615857162300742,0.9235447564859208,0.9364255861673988,0.0112895525630329,exclude,0.0399343623256947,1,0.705413870246085,0.4817897091722595,0.1202006802077866,borderline_overlap,moderately_sensitive,3130.8562103141467,7,True,False,moderate_audience_selectivity,0,0,0,0,0,0,0,0,eligible,eligible,2
154,Union vs. Central,1999.0,110,7.573011873872863,0.5439075598448824,0.5468110116362794,0.1137900146320637,eligible,0.0003941126732304,0,1.0,0.9636363636363636,0.4226644001352407,insufficient_overlap,insufficient_overlap,306.1712137018229,1,True,False,insufficient_evidence,0,1,0,1,0,0,0,0,eligible,eligible,0
1821,Grant Takes Command,2001.0,288,8.339677299821991,0.8260643875311171,0.6673274210013229,0.070324111196742,eligible,0.0008742135660747,0,0.9861111111111112,0.9375,0.0684298081793626,borderline_overlap,strongly_sensitive,1747.2366496282366,4,True,False,high_audience_selectivity,0,1,1,0,0,0,0,0,eligible,eligible,13
3406,Lines of Action,1969.0,557,7.539860150196591,0.95822543362602,0.9735700790174872,0.0505676647716693,eligible,0.001934734941313,0,,,0.2220768368905859,adequate_overlap,stable_under_exposure_adjustment,538.2913402372402,4,True,False,low_audience_selectivity,0,1,0,1,0,0,0,0,eligible,eligible,5
3412,Brandywine,2000.0,216,7.618778711325079,0.5626776043195978,0.5122469941214298,0.0812032890599204,eligible,0.0006592430170399,0,0.9814814814814816,0.949074074074074,0.1413464748460292,borderline_overlap,strongly_sensitive,2606.105123862992,2,True,False,high_audience_selectivity,0,1,1,0,0,0,0,0,eligible,eligible,9
3523,Decision At Kasserine: Rommel's Last Chance,1983.0,103,7.50775234395977,0.5779880970580935,0.4957437363676797,0.1175931119315639,eligible,0.0002758788712613,0,0.9902912621359224,0.9805825242718448,0.0819965509924098,insufficient_overlap,insufficient_overlap,2140.705165502568,2,True,False,insufficient_evidence,1,1,1,0,0,0,0,0,eligible,eligible,1
3605,The Third World War: Battle for Germany,1984.0,442,7.963252239986311,0.7187034757652313,0.6036444826692193,0.0567661396368238,eligible,0.0012038350745947,0,0.9728506787330315,0.8484162895927602,0.110848784007872,borderline_overlap,moderately_sensitive,1736.0134340269,4,True,False,high_audience_selectivity,0,1,1,0,0,0,0,0,eligible,eligible,5
11057,The Great Battles of Alexander: Deluxe Edition,1995.0,714,7.991412751515143,0.554988423625919,0.3574549203532084,0.0446633598209858,eligible,0.0022715221348008,0,0.9677871148459384,0.8935574229691877,0.042205980874366,borderline_overlap,strongly_sensitive,3487.9646948494305,4,True,False,high_audience_selectivity,0,0,0,0,0,1,0,0,borderline,borderline,18
11122,Proud Monster: The Barbarossa Campaign,1994.0,160,7.504905461299908,0.3941288804922385,0.3116865554568582,0.0943496958559016,eligible,0.0004657695229086,0,0.9875,0.9625,0.10409058981566,borderline_overlap,strongly_sensitive,1365.2345843980615,2,True,False,high_audience_selectivity,0,1,1,0,0,0,0,0,eligible,eligible,0
11170,Heroscape Master Set: Rise of the Valkyrie,2004.0,7868,7.539258609853374,0.5202979262797216,0.4639010879746132,0.0134545234581738,exclude,0.027519813118936,1,,,0.0798082162163792,borderline_overlap,stable_under_exposure_adjustment,1430.466592172333,4,True,False,moderate_audience_selectivity,0,0,0,0,0,0,0,0,eligible,eligible,5
11436,La Bataille d'Orthez,2000.0,116,7.831673449932202,0.4344238590414893,0.4406512699087841,0.1108080982232961,eligible,0.0002973759261647,0,0.9913793103448276,0.913793103448276,0.1076411716235558,insufficient_overlap,insufficient_overlap,1677.4080872883678,3,True,False,insufficient_evidence,1,1,1,0,0,0,0,0,eligible,eligible,12
15839,Bonaparte at Marengo,2003.0,872,7.851725287777261,0.3884585300242369,0.4814159574851038,0.0404149693134327,eligible,0.003045416111326,0,0.9197247706422018,0.8073394495412844,0.0838403801185601,borderline_overlap,strongly_sensitive,5204.07294351076,7,True,False,moderate_audience_selectivity,0,1,1,0,0,0,0,0,eligible,eligible,0
16747,Tumblin' Dice,2004.0,4786,7.619640926524079,1.0952726835645432,1.0723993197060455,0.0172509949766416,exclude,0.0171044900182008,1,0.8558295027162558,0.6686167989970748,0.2549213617277643,borderline_overlap,strongly_sensitive,2260.3145768139307,7,True,False,moderate_audience_selectivity,0,0,0,0,0,0,0,0,eligible,eligible,0
21551,SPQR (Deluxe Edition),2008.0,867,8.270033227834181,0.4271235923850511,0.3039198246399177,0.0405313385992384,eligible,0.0026907147054186,0,0.9596309111880046,0.8477508650519031,0.1002463684502683,borderline_overlap,moderately_sensitive,2801.8254931978686,4,True,False,high_audience_selectivity,0,0,0,0,0,1,0,0,borderline,borderline,18
21779,1914: Twilight in the East,2007.0,189,8.283356778744976,0.4723587285789961,0.361866439905091,0.0868099675261116,eligible,0.0004729352078765,0,0.9682539682539684,0.8835978835978836,0.1004769442738031,borderline_overlap,moderately_sensitive,1465.271959291922,3,True,False,high_audience_selectivity,0,0,0,0,0,0,1,0,eligible,eligible,3
42910,Peloponnes,2009.0,2936,7.601884738863157,0.489079526311782,0.4527195228267988,0.022025332341344,exclude,0.0105084770053169,1,,,0.3180384402640491,adequate_overlap,stable_under_exposure_adjustment,1328.297102164848,4,True,False,moderate_audience_selectivity,0,0,0,0,0,0,0,0,eligible,eligible,2
58624,Storm Over Dien Bien Phu,2014.0,212,7.879551152036691,0.575125554463658,0.6780414928685472,0.0819657779858829,eligible,0.0006879057569113,0,0.981132075471698,0.9481132075471698,0.1233505064817244,borderline_overlap,strongly_sensitive,2386.1830586522,2,True,False,high_audience_selectivity,1,1,1,0,0,0,0,0,eligible,eligible,16
59335,Wherewolf,2009.0,164,7.505710001170089,1.1707625591448316,1.2141817897898797,0.0931919870317611,eligible,0.0005875861673617,0,0.6524390243902439,0.3536585365853658,0.1394198570709677,borderline_overlap,moderately_sensitive,1959.4772545827427,6,False,True,moderate_audience_selectivity,0,0,0,0,0,0,0,0,borderline,borderline,60
61458,Kaigan,2009.0,459,7.597244757919161,0.6247535516761422,0.6052234058621648,0.055704996730778,eligible,0.001644524700116,0,,,0.4585130830427472,adequate_overlap,stable_under_exposure_adjustment,442.2770454742323,2,True,False,moderate_audience_selectivity,0,0,0,0,0,0,0,0,eligible,eligible,0
66855,The Dark Valley,2013.0,483,8.080628804303457,0.331748505969756,0.246565804550034,0.0543033885390625,eligible,0.0014546340484686,0,0.9627329192546584,0.8467908902691511,0.1098031323322917,borderline_overlap,moderately_sensitive,2566.775492426325,4,True,False,high_audience_selectivity,1,1,1,0,0,0,0,0,eligible,eligible,3
67199,The Coming Storm: Quadrigame of the Fourth Coalition October 1806 - June 1807,2010.0,132,8.216467481879732,0.9072368801538104,0.7827649574571804,0.1038755963880404,eligible,0.0003905298307465,0,0.9924242424242424,0.9166666666666666,0.0509184254063439,insufficient_overlap,insufficient_overlap,1751.3135685519742,2,True,False,insufficient_evidence,0,1,1,0,0,0,0,0,eligible,eligible,7
68076,Conflict of Heroes: Guadalcanal – The Pacific 1942,2016.0,489,8.164463255512826,0.5019574678072516,0.5855719205870074,0.0539692106667513,eligible,0.0016516903850839,0,0.885480572597137,0.7341513292433538,0.0637645087883615,borderline_overlap,strongly_sensitive,6972.76282043391,7,True,False,moderate_audience_selectivity,0,0,0,0,0,0,0,0,eligible,eligible,6
68199,Catchup,2010.0,135,8.018880163988579,1.4902210986250992,1.3946618382465117,0.1027149387705526,eligible,0.0004657695229086,0,,,0.2109318663098253,insufficient_overlap,insufficient_overlap,1378.1697650645406,3,True,False,insufficient_evidence,0,1,0,1,0,0,0,0,eligible,eligible,0
97683,Age of Rail: South Africa,2011.0,277,8.731969342439568,1.7767815451137476,1.722170107267203,0.0717068444612192,eligible,0.0009924473680439,0,0.9819494584837544,0.967509025270758,0.3806558671519784,borderline_overlap,strongly_sensitive,765.4926953523316,2,True,False,high_audience_selectivity,0,0,0,0,0,0,0,0,borderline,borderline,33
103670,Dust Warfare: Core Rulebook,2012.0,138,7.578254355872066,0.4350628796590881,0.4594000268543068,0.1015923374270194,eligible,0.0004801008928443,0,,,0.1095047857178757,insufficient_overlap,insufficient_overlap,717.5371832319639,3,True,False,insufficient_evidence,0,0,0,0,0,0,0,0,eligible,eligible,4
129122,Band of Brothers: Ghost Panzer,2013.0,420,8.209231881375956,0.7892254736252955,0.7689666532288406,0.0582338965538804,eligible,0.0014044742536939,0,0.9166666666666666,0.7880952380952381,0.0369680680954057,insufficient_overlap,insufficient_overlap,11225.667723986518,4,True,False,moderate_audience_selectivity,0,1,1,0,0,0,0,0,borderline,borderline,2
129156,"Celles: The Ardennes, December 23-27, 1944",2012.0,382,8.019109969489921,0.7651992905737846,0.6547888045040189,0.0610616892020676,eligible,0.0012253321294982,0,0.9319371727748692,0.7958115183246073,0.0773271167738868,borderline_overlap,strongly_sensitive,5576.0183753628935,7,True,False,moderate_audience_selectivity,0,1,1,0,0,0,0,0,eligible,eligible,0
147190,Yggdrasil (Second Edition with Asgard Expansion),2013.0,250,7.941970165184061,1.0960663468408525,1.0718412389236225,0.0754797566847212,eligible,0.0008921277784943,0,0.816,0.628,0.0409519332293753,borderline_overlap,moderately_sensitive,1371.5568561446405,7,True,False,moderate_audience_selectivity,0,0,0,0,1,1,0,0,borderline,borderline,0
154910,Darklight: Memento Mori,2018.0,428,8.117082901044968,0.4946316533604626,0.5111067902528301,0.0576870872935325,eligible,0.0014832967883399,0,0.8457943925233645,0.6635514018691588,0.185586646059007,adequate_overlap,moderately_sensitive,921.6686335831524,7,True,False,moderate_audience_selectivity,0,0,0,0,1,0,0,0,eligible,eligible,0
158889,Summoner Wars: Alliances Master Set,2014.0,1794,8.286580762765244,0.9333172085564811,0.9586305110713428,0.0281766447528736,borderline,0.0064061223612365,1,,,0.0354969729333792,adequate_overlap,stable_under_exposure_adjustment,1047.186196913868,4,True,False,moderate_audience_selectivity,0,0,0,0,0,0,0,0,borderline,borderline,6
159469,Ortus Regni,2014.0,602,8.03562590893062,0.5875158397221387,0.7024555463582267,0.048640972592843,eligible,0.0021532883328317,0,,,0.1858779307906318,adequate_overlap,stable_under_exposure_adjustment,698.1885938978696,4,True,False,low_audience_selectivity,0,1,0,1,0,0,0,0,eligible,eligible,0
163413,Murano,2014.0,2297,7.664776722626979,0.3931088792002191,0.351574955649613,0.0249011840490027,borderline,0.0082262063430643,1,0.978232477144101,0.9377448846321288,0.3654751809956515,borderline_overlap,strongly_sensitive,788.3153236651933,7,False,True,high_audience_selectivity,0,0,0,0,0,0,0,0,eligible,eligible,2
167650,"Last Battle: Ie Shima, 1945",2015.0,125,7.51767395484638,0.3973659546975412,0.4080567293513653,0.1067444955881541,eligible,0.0003905298307465,0,0.96,0.896,0.1148415869971337,insufficient_overlap,insufficient_overlap,3967.659162477136,2,True,False,insufficient_evidence,1,1,1,0,0,0,0,0,eligible,eligible,0
175223,Valley of the Kings: Afterlife,2015.0,1996,7.580595467537578,0.4367829898378295,0.3627033904668009,0.0267128501169536,borderline,0.0071441879129225,1,,,0.1450637442780718,adequate_overlap,stable_under_exposure_adjustment,1193.956792352013,4,True,False,low_audience_selectivity,0,0,0,0,0,0,0,0,borderline,borderline,15
178212,Treasure Mountain,2019.0,182,7.652446198801517,0.6358929720915736,0.7299402944891185,0.0884636393081889,eligible,0.0006484944895882,0,,,0.120966098436939,adequate_overlap,stable_under_exposure_adjustment,1387.7474814318514,2,True,False,low_audience_selectivity,0,0,0,0,0,0,0,0,eligible,eligible,0
178550,Spheres of Influence: Struggle for Global Supremacy,2016.0,392,7.964695200427984,0.7895907674687717,0.8187277250683049,0.0602778095972074,eligible,0.0013865600412743,0,0.5586734693877551,0.3239795918367347,0.0491189748783851,insufficient_overlap,insufficient_overlap,17391.44431796534,7,True,False,moderate_audience_selectivity,0,0,0,0,0,0,0,0,eligible,eligible,0
182982,Horse & Musket: Dawn of an Era,2017.0,124,8.070850873864464,0.7880755398136152,0.7121118584847093,0.1071740526379411,eligible,0.0003797813032947,0,0.9435483870967742,0.8387096774193549,0.1327161821233928,insufficient_overlap,insufficient_overlap,3824.145184611876,4,True,False,insufficient_evidence,1,1,1,0,0,0,0,0,eligible,eligible,1
188885,Grasse: Mestres Perfumistas,2018.0,101,7.921281126850633,0.9810925302974658,1.060291251873907,0.1187516927360825,eligible,0.0003618670908752,0,0.7821782178217822,0.6534653465346535,0.1183133948580809,insufficient_overlap,insufficient_overlap,881.8684093787209,5,False,True,insufficient_evidence,0,0,0,0,0,0,0,0,eligible,eligible,0
195372,Krazy Wordz: Nicht 100% jugendfrei,2016.0,1080,7.590985157725267,0.9080193260340916,0.8235688710659872,0.0363152148669094,eligible,0.0038658870401421,0,0.7944444444444444,0.5592592592592592,0.0941727862705188,borderline_overlap,moderately_sensitive,2810.744884408948,7,False,True,moderate_audience_selectivity,0,0,0,0,0,0,0,0,eligible,eligible,0
206490,An Infamous Traffic,2016.0,726,8.052590852494932,0.4681869425150342,0.2701245596219337,0.0442927031235929,eligible,0.0026011436433208,0,0.9724517906336088,0.9173553719008264,0.2532429125319348,borderline_overlap,moderately_sensitive,528.0239614751932,2,True,False,high_audience_selectivity,0,0,0,0,0,0,0,0,eligible,eligible,0
219650,Arydia: The Paths We Dare Tread,2025.0,637,9.388250917291272,1.06573100066249,1.054380880143098,0.0472858042111986,eligible,0.002264356449833,0,0.8885400313971743,0.7142857142857143,0.0765915023509126,adequate_overlap,moderately_sensitive,966.9391517976736,7,True,False,moderate_audience_selectivity,0,0,0,0,1,0,0,0,eligible,eligible,1
220517,The Shipwreck Arcana,2017.0,4026,7.829009691599111,0.3603231495929755,0.3912539025927177,0.0188089092292055,exclude,0.0143743640454591,1,0.8785394932935916,0.7220566318926974,0.1171502421620663,borderline_overlap,moderately_sensitive,2315.933432442406,7,True,False,low_audience_selectivity,0,0,0,0,1,0,0,0,eligible,eligible,1
220827,Planet Apocalypse,2020.0,706,8.161401031210083,0.429349247521861,0.3890236390597401,0.0449156971951585,eligible,0.0025079897387391,0,0.8994334277620396,0.7492917847025495,0.0465042003441885,borderline_overlap,moderately_sensitive,929.7710263633304,7,True,False,moderate_audience_selectivity,0,0,0,0,1,0,0,0,eligible,eligible,0
240271,Core Space,2019.0,770,8.39679021852471,0.5727272034851154,0.5739202867378896,0.0430085829141202,eligible,0.0026692176505152,0,0.5038961038961038,0.2935064935064935,0.2014380843403517,insufficient_overlap,insufficient_overlap,14854.720033735555,8,True,False,moderate_audience_selectivity,0,0,0,0,1,0,0,0,eligible,eligible,0
242227,"Nightfighter Ace: Air Defense Over Germany, 1943-44",2018.0,256,8.020507507385547,0.5251225722017647,0.5239528774091458,0.0745899838621996,eligible,0.0007344827092021,0,0.89453125,0.671875,0.2770367044702219,insufficient_overlap,insufficient_overlap,13762.475401501912,4,True,False,high_audience_selectivity,1,1,1,0,0,0,0,0,eligible,eligible,0
249106,SPQF,2018.0,179,7.632249794999522,0.3599971509541682,0.3118037916123537,0.0892018744102537,eligible,0.0006413288046204,0,,,0.2357674981545398,adequate_overlap,moderately_sensitive,466.06019828157054,2,True,False,moderate_audience_selectivity,0,0,0,0,0,0,0,0,eligible,eligible,0
254708,Roll Player Adventures,2021.0,1947,8.39461804491672,0.8574924529806935,0.7564776825734629,0.0270469015424851,borderline,0.0069542972612752,1,0.9209039548022598,0.7580893682588598,0.0320786813798037,borderline_overlap,moderately_sensitive,1596.8363907801354,7,True,False,moderate_audience_selectivity,0,0,0,0,1,0,0,0,eligible,eligible,0
255392,The Acts,2018.0,118,7.58842317432404,0.7700393237569241,0.803443737879558,0.1098650334287785,eligible,0.0004227754131017,0,,,0.0836243844378369,insufficient_overlap,insufficient_overlap,1635.5562211589615,3,True,False,insufficient_evidence,0,0,0,0,0,0,0,0,eligible,eligible,0
255516,Brave Little Belgium,2019.0,201,7.864816876399458,0.496473749253842,0.4593020426615064,0.0841787489666658,eligible,0.0007058199693308,0,0.9054726368159204,0.7910447761194029,0.055249415913123,borderline_overlap,strongly_sensitive,6416.810707517734,4,True,False,moderate_audience_selectivity,0,1,1,0,0,0,0,0,eligible,eligible,0
255659,Ground Floor (Second Edition),2018.0,417,7.969032960172703,0.3796103092741703,0.4521453572023777,0.0584429955984737,eligible,0.0014940453157917,0,0.9856115107913668,0.9520383693045564,0.347887857732799,borderline_overlap,strongly_sensitive,497.45730419426326,2,True,False,high_audience_selectivity,0,0,0,0,0,1,0,0,borderline,borderline,0
259121,Less Than 60 Miles,2019.0,101,8.648837329259095,0.6490068404590517,0.5443439129231074,0.1187516927360825,eligible,0.0002937930836808,0,0.9504950495049505,0.8217821782178217,0.2023445044723599,insufficient_overlap,insufficient_overlap,4523.080610245653,3,True,False,insufficient_evidence,0,0,0,0,0,0,0,0,eligible,eligible,1
260234,Middle-Earth Strategy Battle Game: Rules Manual,2018.0,144,8.842478847140908,1.5691686168455945,1.5431550210895215,0.0994533118162662,eligible,0.0005087636327156,0,0.6875,0.4930555555555556,0.1785123989146663,insufficient_overlap,insufficient_overlap,9031.403096003563,6,True,False,insufficient_evidence,0,0,0,0,0,0,0,0,eligible,eligible,0
261114,Men at Work,2018.0,3519,7.526198065821401,0.4145835297352604,0.4734306297286448,0.0201182806577241,exclude,0.0125901084884704,1,,,0.0809185473768937,borderline_overlap,moderately_sensitive,2798.97013670426,4,True,False,low_audience_selectivity,0,0,0,0,0,0,0,0,eligible,eligible,0
270633,Aeon's End: The New Age,2019.0,2859,8.76622729807018,0.9193048110496777,0.7994699871947155,0.0223199603190741,exclude,0.0102218496066038,1,0.887722980062959,0.6995452955578874,0.075125672681065,adequate_overlap,stable_under_exposure_adjustment,1173.727476672814,7,False,True,moderate_audience_selectivity,0,0,0,0,1,0,0,0,borderline,borderline,6
276169,For What Remains: Streets of Ruin,2020.0,135,8.036951564738006,0.5067202310018111,0.637906123465708,0.1027149387705526,eligible,0.0004657695229086,0,0.7703703703703704,0.5481481481481482,0.0873450337560936,insufficient_overlap,insufficient_overlap,11777.388698236098,5,True,False,insufficient_evidence,1,1,1,0,0,0,0,0,eligible,eligible,1
285036,Shadow Kingdoms of Valeria,2021.0,935,7.908011924234927,0.3979064506357002,0.4474593083349383,0.0390296530254886,eligible,0.003335626352523,0,,,0.2215948814186631,adequate_overlap,stable_under_exposure_adjustment,948.2885908119893,4,True,False,moderate_audience_selectivity,0,0,0,0,0,0,0,0,eligible,eligible,0
285115,Peak Oil: Profiteer,2022.0,160,7.587191160737319,0.358166196772693,0.4016799349674063,0.0943496958559016,eligible,0.000573254797426,0,0.84375,0.7,0.1107325819534225,borderline_overlap,moderately_sensitive,1097.5592330077206,2,True,False,moderate_audience_selectivity,0,0,0,0,0,0,0,0,eligible,eligible,0
291794,Dice Throne: Season One ReRolled,2020.0,2794,8.41650251131785,0.8580734391282121,0.8583236214170658,0.0225780949430742,exclude,0.0099316393654069,1,,,0.1134844903443584,borderline_overlap,stable_under_exposure_adjustment,1680.7130449636109,4,True,False,moderate_audience_selectivity,0,0,0,0,0,0,0,0,borderline,borderline,17
298562,Minigolf Designer,2020.0,493,8.144384082263926,0.9218467636792536,0.998274948228648,0.0537498227233489,eligible,0.0017555928171173,0,,,0.1927178760710695,adequate_overlap,stable_under_exposure_adjustment,1216.6378866027994,4,True,False,low_audience_selectivity,0,0,0,0,0,0,0,0,eligible,eligible,0
308368,Digimon Card Game,2020.0,175,7.64455187342677,1.0180566394044872,0.9884358240842815,0.0902155646151778,eligible,0.0006198317497169,0,,,0.124494433751002,borderline_overlap,stable_under_exposure_adjustment,1261.70724639742,3,True,False,low_audience_selectivity,0,1,0,1,0,0,0,0,eligible,eligible,0
308388,Egizia: Shifting Sands – Kickstarter Edition,2019.0,167,8.118981118295055,0.6725233441863399,0.734512705590392,0.0923511398830663,eligible,0.0005947518523295,0,,,0.3230454562049195,borderline_overlap,moderately_sensitive,719.7683433768112,2,True,False,moderate_audience_selectivity,0,0,0,0,0,1,0,0,borderline,borderline,0
308762,Mystic Vale: Essential Edition,2020.0,611,8.127349296347505,0.7276874729818967,0.6276256869548682,0.0482814040046632,eligible,0.0021783682302191,0,,,0.0955035412460345,adequate_overlap,stable_under_exposure_adjustment,1008.112400242064,4,True,False,moderate_audience_selectivity,0,0,0,0,0,1,0,0,borderline,borderline,5
315048,Survive: Escape from Atlantis!,2010.0,384,7.551906702794063,1.1705634074352682,1.0774414227457294,0.0609024667949403,eligible,0.0013722286713386,0,,,0.1637554544702218,borderline_overlap,moderately_sensitive,1797.7703360041626,4,True,False,moderate_audience_selectivity,0,0,0,0,0,0,0,0,borderline,borderline,5
315252,Murano: Complete Edition,2020.0,116,7.827608699495781,0.5134219337749863,0.4826782941621763,0.1108080982232961,eligible,0.0004156097281339,0,0.956896551724138,0.9310344827586208,0.3199998233327329,insufficient_overlap,insufficient_overlap,574.7402171470586,2,True,False,insufficient_evidence,0,0,0,0,0,1,0,0,borderline,borderline,2
315976,Dungeon Fighter in the Chambers of Malevolent Magma,2022.0,107,7.976946063049983,0.8211717282623887,0.8192576239301506,0.115374174587065,eligible,0.0003833641457786,0,0.7102803738317757,0.5046728971962616,0.0958060009818285,insufficient_overlap,insufficient_overlap,1223.8538240450212,5,True,False,insufficient_evidence,0,0,0,0,1,0,0,0,borderline,borderline,5
316343,Capital Lux 2: Pocket,2021.0,299,8.028935439312766,0.7679736904243928,0.742238736669508,0.0690184023082095,eligible,0.0010712699026899,0,,,0.1745858916836242,adequate_overlap,stable_under_exposure_adjustment,1327.9324956620012,2,True,False,moderate_audience_selectivity,0,0,0,0,0,1,1,0,borderline,borderline,0
329089,A Most Fearful Sacrifice: The Three Days of Gettysburg,2022.0,214,8.75106994714782,0.5085824646300097,0.3792267580296045,0.0815818612243143,eligible,0.0006269974346847,0,0.9345794392523364,0.8504672897196262,0.1432418994136317,borderline_overlap,moderately_sensitive,4130.871277842977,3,True,False,moderate_audience_selectivity,0,0,0,0,0,0,0,0,eligible,eligible,6
334137,Top Ten 18+,2021.0,398,7.670333879403267,0.8198240403862149,0.8039725653548038,0.059821728823544,eligible,0.0014223884661134,0,0.7939698492462312,0.6155778894472361,0.0370629776921349,borderline_overlap,strongly_sensitive,4933.279246703515,8,True,False,moderate_audience_selectivity,0,0,0,0,1,0,0,0,eligible,eligible,0
334216,Thunder Rolls,2022.0,140,7.555008206551561,0.3879341810270915,0.3667660577450959,0.1008640675540311,eligible,0.0004980151052639,0,,,0.1901968676677082,insufficient_overlap,insufficient_overlap,1247.1623088137678,2,True,False,insufficient_evidence,0,0,0,0,0,0,0,0,eligible,eligible,0
334537,Altay: Dawn of Civilization,2024.0,173,7.799223676090542,0.3685163623241587,0.3381722935883795,0.0907355433570639,eligible,0.000616248907233,0,,,0.3096848940921508,borderline_overlap,moderately_sensitive,1282.5781025015358,4,True,False,moderate_audience_selectivity,0,0,0,0,0,0,0,0,eligible,eligible,0
335212,Sentinels of the Multiverse: Definitive Edition,2022.0,1290,8.4381899833101,0.3486857609970517,0.3924900186324063,0.0332281100911502,eligible,0.0045932040643765,0,0.8449612403100775,0.6581395348837209,0.0660600537054922,borderline_overlap,moderately_sensitive,1196.0724862443592,7,True,False,moderate_audience_selectivity,0,0,0,0,1,1,0,0,borderline,borderline,5
335446,Maximum Apocalypse: Wasted Wilds,2023.0,183,8.183419413049869,0.6697507387431134,0.7664005509797338,0.0882216042737541,eligible,0.0006484944895882,0,0.9016393442622952,0.7759562841530054,0.0626891397146054,borderline_overlap,moderately_sensitive,1282.0621013295076,3,True,False,moderate_audience_selectivity,0,0,0,0,1,1,0,0,borderline,borderline,0
335764,"Unmatched: Battle of Legends, Volume Two",2021.0,2647,8.380901344042291,0.7797196548628982,0.7057874710361745,0.0231965568203,exclude,0.0093261389856256,1,,,0.1363561033506953,borderline_overlap,stable_under_exposure_adjustment,1600.696283933574,4,True,False,moderate_audience_selectivity,0,0,0,0,0,0,1,0,borderline,borderline,18
346597,"Worldspanner Factions, Set 1: Heroes",2024.0,144,8.912937375932223,0.9061304324987738,0.8570811717948263,0.0994533118162662,eligible,0.0005159293176834,0,0.7083333333333334,0.5138888888888888,0.0842511289614598,insufficient_overlap,insufficient_overlap,11531.02296691864,5,True,False,insufficient_evidence,0,0,0,0,0,0,1,0,borderline,borderline,3
359211,The Old Prince 1871,2022.0,215,9.401329632157992,0.385606445540656,0.4099138075251005,0.0813919148403426,eligible,0.0007703111340413,0,0.7023255813953488,0.4418604651162791,0.255645372651097,insufficient_overlap,insufficient_overlap,5469.006939986896,4,True,False,moderate_audience_selectivity,0,0,0,0,0,0,0,0,borderline,borderline,81
359315,Sorcery: Contested Realm,2022.0,143,8.5874483404266,0.639872021374229,0.6875749433892864,0.0998004448501157,eligible,0.0005087636327156,0,,,0.1227901453193047,insufficient_overlap,insufficient_overlap,742.5982140873363,3,True,False,insufficient_evidence,0,1,0,1,0,0,0,0,eligible,eligible,0
359613,Triomphe à Marengo,2023.0,198,8.762329824228049,0.621681203305755,0.7420790522447511,0.0848140692926634,eligible,0.0006950714418791,0,0.9191919191919192,0.7878787878787878,0.0660931296864568,borderline_overlap,strongly_sensitive,3807.091659834047,2,True,False,moderate_audience_selectivity,0,1,1,0,0,0,0,0,borderline,borderline,0
371140,Ticket to Ride: Northern Lights,2022.0,223,8.097440438231734,0.9905009583939464,0.898973551106673,0.0799186362394187,eligible,0.0007953910314286,0,,,0.1514547991224158,adequate_overlap,stable_under_exposure_adjustment,1601.2825846487217,4,True,False,low_audience_selectivity,0,0,0,0,0,0,0,0,borderline,borderline,21
371433,Terrorscape,2023.0,1384,8.441678293544387,1.0510579567296414,0.9744947762657504,0.0320798590012129,eligible,0.0049192427304126,0,,,0.0407555399516902,borderline_overlap,stable_under_exposure_adjustment,1587.169498136662,4,True,False,low_audience_selectivity,0,0,0,0,0,0,0,0,eligible,eligible,1
386538,Astro Knights: Eternity,2024.0,316,8.648403452493088,0.7680472374647085,0.6869415604008804,0.0671362306989026,eligible,0.0011285953824326,0,0.9082278481012658,0.7531645569620253,0.0646089455229863,borderline_overlap,moderately_sensitive,1367.4353369876226,4,True,False,moderate_audience_selectivity,0,0,0,0,1,0,0,0,eligible,eligible,0
386906,Bohnanza: Dahlias,2023.0,140,8.049672248703017,1.1933928098877953,1.2650768141108184,0.1008640675540311,eligible,0.0005015979477478,0,,,0.1750766335761879,insufficient_overlap,insufficient_overlap,2840.9580647288835,1,True,False,insufficient_evidence,0,0,0,0,0,0,0,0,borderline,borderline,13
390406,The Morrison Game Factory,2024.0,146,8.593847282891009,1.0849510163660607,1.0660536380356938,0.0987697758001792,eligible,0.0005195121601673,0,0.9452054794520548,0.8013698630136986,0.2003729929123266,insufficient_overlap,insufficient_overlap,1825.252081410782,1,True,False,insufficient_evidence,0,0,0,0,1,0,0,0,eligible,eligible,0
391795,Kinfire Delve: Vainglory's Grotto,2023.0,793,8.094351185562232,0.5040606566303723,0.5164370054871554,0.0423802878542377,eligible,0.0028125313498717,0,0.9079445145018916,0.7389659520807061,0.0302386724122748,borderline_overlap,moderately_sensitive,1866.820685135694,7,False,True,moderate_audience_selectivity,1,1,0,0,1,0,0,0,eligible,eligible,0
392513,Mindbug: Beyond Eternity,2023.0,510,8.386332913498592,0.7862617595177976,0.8381055708886382,0.0528464000164476,eligible,0.0018200839818278,0,,,0.0539222416082094,adequate_overlap,stable_under_exposure_adjustment,1493.2950818373815,4,True,False,moderate_audience_selectivity,0,1,0,1,0,0,0,0,borderline,borderline,3
220,High Society,1995.0,14540,7.57252370946446,0.7567471598285218,0.7358526112367381,0.0098973355080002,exclude,0.0520013758115138,1,,,0.1089607465525764,borderline_overlap,moderately_sensitive,1886.891615798696,4,True,False,moderate_audience_selectivity,0,0,0,0,0,0,0,0,borderline,borderline,26
234,Hannibal: Rome vs. Carthage,1996.0,4888,8.191402712786338,0.3676169334234611,0.3264929282248587,0.0170700540884523,exclude,0.0171904782378147,1,0.8557692307692307,0.6812602291325696,0.0253058107649235,insufficient_overlap,insufficient_overlap,10182.31622968692,7,False,True,low_audience_selectivity,0,1,1,0,0,0,0,0,eligible,eligible,5
552,Bus,1999.0,4136,8.283094723330892,0.9849297473113268,0.9769043327458178,0.0185571052444142,exclude,0.0147971394585608,1,,,0.2244052125143509,adequate_overlap,stable_under_exposure_adjustment,727.6168193720447,4,True,False,moderate_audience_selectivity,0,0,0,0,0,0,0,0,eligible,eligible,0
3263,Ukraine '43: The Soviet Summer Offensive Against Army Group South,2000.0,476,8.261351689446284,0.8005611334118559,0.7260094583891004,0.0547012208798695,eligible,0.0014044742536939,0,0.9894957983193278,0.9243697478991596,0.0939701595539463,borderline_overlap,moderately_sensitive,2122.491816748953,4,True,False,high_audience_selectivity,0,0,0,0,0,0,1,0,eligible,eligible,10
6253,"'Wacht am Rhein': The Battle of the Bulge, 16 Dec 44 – 2 Jan 45",1977.0,137,7.559213421627537,0.4198040421642615,0.3576379586495273,0.1019624382426238,eligible,0.0003367871934878,0,1.0,0.927007299270073,0.0906548509183565,insufficient_overlap,insufficient_overlap,1064.893511500354,3,True,False,insufficient_evidence,0,0,0,0,0,0,0,0,eligible,eligible,0
8730,Flying Colors,2003.0,887,7.827703154849988,0.4830597434821984,0.3525385771736316,0.0400717847595732,eligible,0.0028698568296143,0,0.9537767756482526,0.85456595264938,0.0730822433002415,borderline_overlap,strongly_sensitive,6090.228974308865,7,True,False,high_audience_selectivity,0,0,0,0,0,0,0,0,eligible,eligible,3
15274,La Bataille de la Moscowa,1975.0,129,7.842411861376383,0.6110794667818178,0.5112291056892451,0.1050765102308597,eligible,0.0003045416111326,0,0.9767441860465116,0.9302325581395348,0.0879359007492927,insufficient_overlap,insufficient_overlap,1296.9412819285396,2,False,True,insufficient_evidence,0,1,1,0,0,0,0,0,borderline,borderline,12
15364,Vegas Showdown,2005.0,6379,7.546355269094104,0.3806071173136205,0.2550043611009167,0.014942532007111,exclude,0.022783295355203,1,0.8858755290797931,0.7541934472487851,0.1249403339521683,borderline_overlap,moderately_sensitive,1174.9285504587608,7,True,False,low_audience_selectivity,0,0,0,0,0,0,0,0,eligible,eligible,0
18485,18MEX,2005.0,647,8.568871388950305,0.4157303467098536,0.3104089222842372,0.0469189576752243,eligible,0.002303767717156,0,0.7001545595054096,0.3740340030911901,0.2644516700523406,insufficient_overlap,insufficient_overlap,4104.769029394316,5,False,True,moderate_audience_selectivity,0,0,0,0,0,0,0,0,borderline,borderline,81
18746,Gustav Adolf the Great: With God and Victorious Arms,2006.0,263,8.081944982283245,0.4393642155336419,0.4402578957819951,0.0735906470669128,eligible,0.000820470928816,0,0.973384030418251,0.9163498098859316,0.1041776004584848,borderline_overlap,strongly_sensitive,3414.6248752417464,4,True,False,high_audience_selectivity,1,1,1,0,0,0,0,0,eligible,eligible,7
19056,Square on Sale,2002.0,178,7.902040237077352,1.360243438929566,1.3324093100527916,0.0894520905382537,eligible,0.0006377459621365,0,,,0.3853814583579169,adequate_overlap,stable_under_exposure_adjustment,600.854215222775,2,True,False,moderate_audience_selectivity,0,0,0,0,0,0,0,0,eligible,eligible,0
22161,WestFront II: The War in Europe 1943-45 – Second Edition,2006.0,184,8.142218568269248,0.7279524763920371,0.8678911846736153,0.0879815450416394,eligible,0.0005983346948134,0,0.9728260869565216,0.8695652173913043,0.0679648413280359,borderline_overlap,strongly_sensitive,2529.1350232727186,4,True,False,high_audience_selectivity,0,1,1,0,0,1,0,0,borderline,borderline,2
27739,Hearts and Minds: Vietnam 1965-1975,2010.0,407,7.974151497348006,0.6687107632210685,0.7663213020500352,0.0591566117251607,eligible,0.0014367198360491,0,0.995085995085995,0.9484029484029484,0.1392428563405889,borderline_overlap,strongly_sensitive,2636.698190813375,2,True,False,moderate_audience_selectivity,0,1,1,0,0,0,0,0,eligible,eligible,0
31443,"The Habit of Victory: From Warsaw to Eylau to Friedland, 1806-7",2007.0,101,7.872097709989428,0.5224105229546732,0.3869065509889333,0.1187516927360825,eligible,0.0003009587686486,0,1.0,0.9702970297029704,0.1213822338616135,insufficient_overlap,insufficient_overlap,502.9913761331127,2,True,False,insufficient_evidence,0,1,1,0,0,0,0,0,eligible,eligible,0
33767,Yavalath,2007.0,256,7.589164746620361,1.0126704569927911,0.8986429405096272,0.0745899838621996,eligible,0.0008849620935265,0,,,0.2372950819534225,borderline_overlap,moderately_sensitive,1039.9660160745618,4,True,False,moderate_audience_selectivity,0,0,0,0,0,0,0,0,eligible,eligible,0
34098,Guelphs and Ghibellines,2009.0,114,8.129029668387597,1.0843499367957516,0.9304614268957234,0.11177587291431,eligible,0.0003475357209395,0,0.9824561403508772,0.9210526315789472,0.1056841201648896,insufficient_overlap,insufficient_overlap,3612.972306811992,2,True,False,insufficient_evidence,0,1,1,0,0,0,0,0,eligible,eligible,1
36424,"Gulf, Mobile & Ohio",2008.0,525,8.011867937577522,1.0318872961418464,0.8688520640211514,0.0520859805156669,eligible,0.0018809923040543,0,0.9904761904761904,0.96,0.3378159152867558,borderline_overlap,strongly_sensitive,772.6512672647789,2,True,False,high_audience_selectivity,0,0,0,0,0,0,0,0,borderline,borderline,33
41490,Phantom Leader,2010.0,494,7.624147885684261,0.4538808983780544,0.4111929264786713,0.0536953925091615,eligible,0.0016696045975034,0,0.8987854251012146,0.7550607287449392,0.0473371110954585,borderline_overlap,strongly_sensitive,7441.168355419236,7,True,False,moderate_audience_selectivity,1,1,1,0,0,0,0,0,eligible,eligible,16
54043,Jaipur,2009.0,52305,7.695117185110973,0.5055021864599691,0.4779012535478557,0.0052182981924343,exclude,0.1874005761210714,1,0.7050568779275403,0.4877353981454927,0.1468605018817748,borderline_overlap,moderately_sensitive,2613.634477572467,7,True,False,moderate_audience_selectivity,0,1,0,1,0,0,0,0,eligible,eligible,6
68820,Enemy Action: Ardennes,2015.0,602,8.775585322665737,0.3626592304488802,0.3018056329056247,0.048640972592843,eligible,0.0019813118936039,0,0.9102990033222592,0.7873754152823921,0.135023103971883,borderline_overlap,moderately_sensitive,3731.675317455436,3,True,False,moderate_audience_selectivity,1,1,1,0,0,0,0,0,eligible,eligible,0
96007,The New Era,2011.0,1289,7.859750468119382,0.4558990288577709,0.511872913094618,0.0332409966962851,eligible,0.0045967869068604,0,0.8750969743987588,0.7424359968968193,0.1064220699285971,borderline_overlap,moderately_sensitive,680.587105225069,7,True,False,moderate_audience_selectivity,0,0,0,0,0,0,0,0,eligible,eligible,4
96749,Fading Glory,2012.0,593,7.808928933439755,0.4120476683027005,0.2798203700302304,0.0490086962255385,eligible,0.0019992261060234,0,0.9679595278246206,0.8583473861720068,0.0311267640782117,borderline_overlap,strongly_sensitive,6684.90076454494,4,True,False,high_audience_selectivity,0,1,1,0,0,0,0,0,eligible,eligible,4
111341,The Great Zimbabwe,2012.0,4984,8.500260041357206,0.6949405914866791,0.6348311302465834,0.0169048561299323,exclude,0.0178497212548547,1,0.9757223113964688,0.9109149277688604,0.1847723344543367,borderline_overlap,moderately_sensitive,543.8617824423532,7,True,False,moderate_audience_selectivity,0,0,0,0,0,0,0,0,eligible,eligible,0
120265,"Supply Lines of the American Revolution: The Northern Theater, 1775-1777",2017.0,190,8.002785292518737,0.5693818399726318,0.6499379649967025,0.0865812188609838,eligible,0.0006520773320721,0,0.9526315789473684,0.8368421052631579,0.2097457398481593,insufficient_overlap,insufficient_overlap,9093.572037730868,2,True,False,moderate_audience_selectivity,0,1,1,0,0,0,0,0,eligible,eligible,0
120269,Red White & Blue Racin': Stock Car Action Game,2012.0,131,8.447093894085006,1.9936540594520784,1.9806763685888156,0.1042713143786963,eligible,0.0004120268856499,0,,,0.2517206262259471,insufficient_overlap,insufficient_overlap,1612.562922569777,3,True,False,insufficient_evidence,1,1,0,0,0,0,0,0,eligible,eligible,0
121288,Dixit: Journey,2012.0,4550,7.579115857586545,0.9975725982556928,0.9366835001424496,0.0176927278616377,exclude,0.0162051965547386,1,0.7123076923076923,0.4698901098901099,0.0380748783645475,borderline_overlap,moderately_sensitive,2856.8269533942607,7,False,True,moderate_audience_selectivity,0,0,0,0,0,0,0,0,borderline,borderline,6
124839,Hoplomachus: The Lost Cities,2012.0,555,7.977208760900543,0.94196892316792,0.7220503983442157,0.0506586957450319,eligible,0.0019705633661521,0,,,0.0272579190300645,adequate_overlap,stable_under_exposure_adjustment,1259.7240938162215,4,True,False,low_audience_selectivity,0,0,0,0,0,0,0,0,borderline,borderline,5
136890,Hold the Line:  Frederick's War,2013.0,102,7.73118225929885,0.939937887629026,0.7931786477818177,0.1181681428029229,eligible,0.0003188729810682,0,0.9411764705882352,0.8333333333333334,0.1349299708646957,insufficient_overlap,insufficient_overlap,10495.494279622008,2,True,False,insufficient_evidence,1,1,1,0,0,0,0,0,borderline,borderline,5
148309,Gazala: The Cauldron,2013.0,101,7.60319971653166,0.3280283817539873,0.3195203088172826,0.1187516927360825,eligible,0.0003152901385843,0,0.9702970297029704,0.8811881188118812,0.0862557152196408,insufficient_overlap,insufficient_overlap,1804.31337222726,2,True,False,insufficient_evidence,0,1,1,0,0,0,0,0,eligible,eligible,0
155496,Holdfast: Russia 1941-42,2014.0,229,7.995877458710066,0.813514034411269,0.9115479532319464,0.0788647179900584,eligible,0.0007703111340413,0,0.9737991266375546,0.8602620087336245,0.1590677347918504,borderline_overlap,strongly_sensitive,4046.221684663097,2,True,False,moderate_audience_selectivity,1,1,1,0,0,0,0,0,eligible,eligible,4
156943,Saint Petersburg (Second Edition),2014.0,3430,7.953565139774272,0.5459583902991225,0.5277909392006039,0.0203776188987181,exclude,0.0122819840348538,1,0.9670553935860058,0.9055393586005832,0.257252261253714,borderline_overlap,moderately_sensitive,1062.1645274772848,7,True,False,high_audience_selectivity,0,0,0,0,0,1,0,0,borderline,borderline,2
160606,Day of Days: The Invasion of Normandy 1944,2015.0,180,7.735849770809612,0.3735422519223856,0.2655878683552348,0.0889537463234617,eligible,0.0004836837353282,0,0.9722222222222222,0.9055555555555556,0.1487886139275873,borderline_overlap,strongly_sensitive,4131.263120489604,3,False,True,high_audience_selectivity,0,0,0,0,0,0,0,0,borderline,borderline,23
160610,Thunderbirds,2015.0,1906,7.678827776133872,0.8659958786993975,0.9826263648641262,0.0273362569304498,borderline,0.0068038178769508,1,0.8368310598111228,0.670514165792235,0.0579996257026275,borderline_overlap,moderately_sensitive,1570.9220899200798,7,True,False,moderate_audience_selectivity,0,0,0,0,1,0,0,0,eligible,eligible,1
164338,The Golden Ages,2014.0,2406,7.785123728143311,0.4144024784403921,0.4309676410566787,0.0243305924619507,borderline,0.0086167361738108,1,,,0.3501184921778614,adequate_overlap,stable_under_exposure_adjustment,1067.588461066165,4,True,False,moderate_audience_selectivity,0,0,0,0,0,0,0,0,borderline,borderline,26
164702,Glorantha: The Gods War,2019.0,447,8.212250019038846,0.5716458698569831,0.6829182512244216,0.0564477628151647,eligible,0.0015907820628573,0,,,0.0772600775073211,adequate_overlap,moderately_sensitive,809.6535270647935,4,True,False,low_audience_selectivity,0,0,0,0,0,0,0,0,eligible,eligible,0
172737,High Frontier (Third Edition),2017.0,666,8.621809071697076,0.4852517975095534,0.4178476919771938,0.0462448506555749,eligible,0.0023682588818665,0,,,0.117996095466936,adequate_overlap,stable_under_exposure_adjustment,477.51499270744296,3,True,False,low_audience_selectivity,0,0,0,0,0,1,0,0,borderline,borderline,3
180543,"Exceed: Red Horizon – Reese, Heidi, Nehtali, and Vincent",2016.0,218,7.949869745219902,0.9685285881758174,0.989586231034024,0.0808299386268655,eligible,0.0007631454490734,0,,,0.1111490041547231,adequate_overlap,stable_under_exposure_adjustment,1129.081512870747,4,True,False,low_audience_selectivity,0,1,0,1,0,0,0,0,borderline,borderline,8
180616,Ascension: Year Two Collector's Edition,2015.0,281,7.955360516004284,0.8825552299592134,0.7958558700380918,0.0711946461584255,eligible,0.0009996130530117,0,,,0.0986142178154176,adequate_overlap,stable_under_exposure_adjustment,787.1270017968586,4,True,False,moderate_audience_selectivity,0,0,0,0,0,1,0,0,borderline,borderline,24
191475,Wizard: Jubiläumsedition,2016.0,562,7.857703726761505,0.9302893483260384,0.927425425917388,0.0503422170827995,eligible,0.0020028089485073,0,,,0.1092903743990475,borderline_overlap,stable_under_exposure_adjustment,1587.311073685133,4,True,False,moderate_audience_selectivity,0,0,0,0,0,1,0,0,borderline,borderline,6
199383,Calimala,2017.0,2440,7.7874221976385085,0.3436892955327009,0.3193043999355565,0.0241604813600146,borderline,0.0087349699757799,1,0.9745901639344262,0.9299180327868852,0.3221055327730946,borderline_overlap,strongly_sensitive,913.7340156765828,7,True,False,high_audience_selectivity,0,0,0,0,0,0,0,0,eligible,eligible,0
199478,Flamme Rouge,2016.0,18097,7.783967074987436,0.3280513541471554,0.208299814786053,0.0088715029776469,exclude,0.0647133009444372,1,,,0.0556859047195537,borderline_overlap,moderately_sensitive,2187.9418797203666,4,True,False,low_audience_selectivity,0,0,0,0,0,0,0,0,eligible,eligible,1
204728,BattleCON: Trials of Indines,2016.0,354,8.533508405085657,0.8629304605301513,0.8859392359426117,0.0634306066246325,eligible,0.0012539948693695,0,,,0.0429147672175209,adequate_overlap,stable_under_exposure_adjustment,578.7954919703565,3,True,False,moderate_audience_selectivity,0,0,0,0,0,0,0,0,borderline,borderline,5
217609,The Wars of Marcus Aurelius,2018.0,247,7.879563216646245,0.3898803071220875,0.3337390712420731,0.0759367523234029,eligible,0.0008240537712999,0,0.8947368421052632,0.7004048582995951,0.0756030172219549,insufficient_overlap,insufficient_overlap,11959.187668238654,7,True,False,moderate_audience_selectivity,1,1,1,0,0,0,0,0,eligible,eligible,0
218933,Warhammer Quest: Shadows Over Hammerhal,2017.0,229,7.7210007882460285,1.0280431541912716,0.9216674759561396,0.0788647179900584,eligible,0.0007738939765252,0,,,0.192909287080448,borderline_overlap,moderately_sensitive,1808.3139191139005,4,True,False,moderate_audience_selectivity,0,0,0,0,0,0,0,0,borderline,borderline,0
244608,Menara,2018.0,3922,7.763408679660248,0.4023704764730382,0.3937119353629867,0.019056656297318,exclude,0.0140304111670034,1,0.8827129015808262,0.7289648138704743,0.1185901281406908,borderline_overlap,moderately_sensitive,2758.770938255738,7,False,True,low_audience_selectivity,0,0,0,0,1,0,0,0,eligible,eligible,0
249750,"Brazen Chariots: Battles for Tobruk, 1941",2019.0,195,8.60446735967745,0.6295813961684473,0.6114499440452992,0.0854639950369319,eligible,0.0005481749000386,0,0.9794871794871794,0.882051282051282,0.1185943411235005,borderline_overlap,moderately_sensitive,1708.5834938362884,3,True,False,high_audience_selectivity,0,0,0,0,0,0,0,0,eligible,eligible,5
249751,Rostov '41: Race to the Don,2020.0,125,7.927468675865142,0.33350725879541,0.2419280612332537,0.1067444955881541,eligible,0.0003475357209395,0,0.968,0.872,0.0820901475327055,insufficient_overlap,insufficient_overlap,4799.25875068342,4,True,False,insufficient_evidence,1,1,1,0,0,0,1,0,borderline,borderline,23
250481,Meltwater: A Game of Tactical Starvation,2018.0,285,8.002938909539962,0.5834679895818287,0.5288063396677369,0.0706932691725484,eligible,0.0010175272654313,0,0.7719298245614035,0.5859649122807018,0.2009738100235979,borderline_overlap,strongly_sensitive,5671.390139578413,5,True,False,moderate_audience_selectivity,0,1,1,0,0,0,0,0,eligible,eligible,0
251661,Oathsworn: Into the Deepwood,2022.0,4767,9.071117168712876,0.4142302860753712,0.2637457035286985,0.017285339737895,exclude,0.0169575934763604,1,0.8468638556744283,0.6289070694357038,0.1565690033479227,borderline_overlap,moderately_sensitive,719.1949960854317,8,True,False,moderate_audience_selectivity,0,0,0,0,1,0,0,0,eligible,eligible,0
251722,Triad,2018.0,110,7.573395976408586,0.4049949751470079,0.4059731775508224,0.1137900146320637,eligible,0.0003941126732304,0,,,0.206163319301788,insufficient_overlap,insufficient_overlap,724.6958377870629,2,True,False,insufficient_evidence,0,1,0,1,0,0,0,0,eligible,eligible,0
252526,Pictomania (Second Edition),2018.0,2397,7.963980904151993,0.975789282552788,0.9782158233565807,0.0243762266235755,borderline,0.0085880734339395,1,0.8172715894868585,0.6065915727993325,0.1048191961347009,borderline_overlap,moderately_sensitive,2166.6205107324763,7,True,False,moderate_audience_selectivity,0,0,0,0,0,1,0,0,borderline,borderline,0
252688,Enchanters: Overlords,2018.0,546,7.598731135404294,0.7794634968276073,0.7848405840270329,0.0510745059680768,eligible,0.001934734941313,0,,,0.0737199934303242,adequate_overlap,stable_under_exposure_adjustment,1479.2228911355407,4,True,False,moderate_audience_selectivity,0,0,0,0,0,0,0,0,eligible,eligible,0
256839,VektoRace,2018.0,598,7.510517779771768,0.3550327149401004,0.2197924552864032,0.0488033802987962,eligible,0.0021282084354443,0,,,0.1044825819534225,adequate_overlap,moderately_sensitive,1230.7101119380536,4,False,True,low_audience_selectivity,0,0,0,0,0,0,0,0,eligible,eligible,0
257601,The Duke: Lord's Legacy,2018.0,391,7.994661690379034,0.9681749406591312,0.9663051531257354,0.0603548419731723,eligible,0.0013937257262421,0,,,0.0569670028269927,adequate_overlap,stable_under_exposure_adjustment,1206.7838244858756,4,True,False,moderate_audience_selectivity,0,1,0,1,0,0,0,0,eligible,eligible,3
257668,1906 San Francisco,2018.0,554,7.580296380359623,0.3476518534440194,0.3047659942613867,0.0507043959760171,eligible,0.0019705633661521,0,,,0.2163959393541445,adequate_overlap,stable_under_exposure_adjustment,977.1830875994848,4,True,False,low_audience_selectivity,0,0,0,0,0,0,0,0,eligible,eligible,9
266266,Murder Mystery Party Case Files: Death in Antarctica,2017.0,277,7.519966084140076,0.4708421547601382,0.4444785095446466,0.0717068444612192,eligible,0.000985281683076,0,0.7509025270758123,0.4945848375451263,0.1118255473348322,borderline_overlap,strongly_sensitive,1108.365839171582,5,True,False,moderate_audience_selectivity,0,0,0,0,1,0,0,0,borderline,borderline,4
271896,Star Wars: Outer Rim,2019.0,12888,7.945696188698892,0.4392816807170243,0.4576906148416837,0.0105125417150068,exclude,0.046057440130702,1,,,0.0884100313302522,borderline_overlap,stable_under_exposure_adjustment,1457.230692315321,4,True,False,moderate_audience_selectivity,0,0,0,0,0,0,0,0,eligible,eligible,0
274072,Omen: Heir to the Dunes,2020.0,117,7.645080018483627,0.7130608520181969,0.6727760418747053,0.1103335431594635,eligible,0.0004191925706178,0,,,0.2429619600596926,insufficient_overlap,insufficient_overlap,578.6226943625328,2,True,False,insufficient_evidence,1,1,0,0,0,0,0,0,borderline,borderline,4
294047,Superclub: The football manager board game,2020.0,409,7.652977438061344,0.4378824119883102,0.3816890700229951,0.0590117972809511,eligible,0.0014474683635008,0,,,0.1923503505582414,borderline_overlap,moderately_sensitive,1968.7302787339927,4,True,False,moderate_audience_selectivity,0,0,0,0,0,0,0,0,borderline,borderline,1
294986,Necromolds: Monster Battles,2021.0,229,7.988882925641231,0.7042384627245584,0.6518667953463,0.0788647179900584,eligible,0.0008133052438482,0,0.462882096069869,0.296943231441048,0.0558411653342012,insufficient_overlap,insufficient_overlap,18159.22250028788,7,True,False,moderate_audience_selectivity,0,0,0,0,0,0,0,0,eligible,eligible,0
295221,With a Smile & a Gun,2021.0,263,7.738661035311515,0.3573183686231393,0.3133459955081568,0.0735906470669128,eligible,0.0009387047307852,0,,,0.145922539826356,adequate_overlap,stable_under_exposure_adjustment,1089.3611353012284,2,True,False,moderate_audience_selectivity,1,1,0,0,0,0,0,0,eligible,eligible,0
298163,Dark Venture: Battle of the Ancients,2022.0,102,8.15293982374024,0.6480563591991899,0.5914059041486137,0.1181681428029229,eligible,0.0003511185634234,0,,,0.1308115356936363,insufficient_overlap,insufficient_overlap,1026.7696050266163,3,True,False,insufficient_evidence,0,0,0,0,0,0,0,0,eligible,eligible,0
325555,Cantaloop: Book 1 – Breaking into Prison,2020.0,1389,7.7474503580522205,0.3916760201474636,0.2918224944921634,0.03202206781935,eligible,0.0049658196827034,0,0.9416846652267818,0.827933765298776,0.1182088633843497,borderline_overlap,moderately_sensitive,1845.8473068398207,7,False,True,moderate_audience_selectivity,1,1,0,0,1,0,0,0,eligible,eligible,4
325635,Unmatched: Little Red Riding Hood vs. Beowulf,2020.0,3009,8.236318705565205,0.6174457304551186,0.60733045055653,0.021756518581711,exclude,0.0106338764922538,1,,,0.1190135961788473,borderline_overlap,stable_under_exposure_adjustment,1466.2107898735092,4,True,False,moderate_audience_selectivity,0,1,0,1,0,0,0,0,borderline,borderline,18
326933,Unmatched: Redemption Row,2022.0,1188,8.31891225369407,0.954334755864494,0.9241378023608178,0.0346251987960134,eligible,0.0041632629663069,0,,,0.0832278557570151,borderline_overlap,stable_under_exposure_adjustment,1267.423838996007,4,True,False,moderate_audience_selectivity,0,0,0,0,0,0,0,0,borderline,borderline,18
327721,Ambon: Burning Sun & Little Seagulls,2021.0,103,8.107062209502153,0.5439208743370383,0.4397931517403766,0.1175931119315639,eligible,0.0003296215085199,0,0.912621359223301,0.7669902912621359,0.1049362377298725,insufficient_overlap,insufficient_overlap,5272.396098334477,3,True,False,insufficient_evidence,0,1,1,0,0,0,0,0,eligible,eligible,0
328326,Fleet: The Dice Game (Second Edition),2020.0,1337,8.118441718531383,0.6505861910721382,0.6173190869663046,0.0326388457788301,eligible,0.0047866775585078,0,,,0.1077888144153428,adequate_overlap,stable_under_exposure_adjustment,1355.2699182891415,4,False,True,moderate_audience_selectivity,0,0,0,0,0,1,0,0,borderline,borderline,26
338434,Hoplomachus: Remastered,2023.0,616,8.289739528703056,0.3269070602098463,0.1353015712471794,0.0480850575059544,eligible,0.0021998652851226,0,0.9155844155844156,0.7532467532467533,0.0538111910430459,adequate_overlap,stable_under_exposure_adjustment,1199.1783700449407,7,True,False,moderate_audience_selectivity,0,0,0,0,1,0,0,0,borderline,borderline,5
343322,Exit: The Game – Advent Calendar: The Hunt for the Golden Book,2021.0,830,8.012458357635548,0.9350335310457432,0.9037994564990406,0.0414248981835015,eligible,0.0029450965217765,0,0.933734939759036,0.8397590361445784,0.1344561419153203,borderline_overlap,moderately_sensitive,2082.005466645632,7,False,True,moderate_audience_selectivity,0,0,0,0,1,0,0,0,borderline,borderline,36
344415,Trek 12: Amazonia,2021.0,383,7.594951215151561,1.0145735820482518,0.8780259099318091,0.0609819221017805,eligible,0.0013686458288547,0,,,0.1049530519750711,borderline_overlap,moderately_sensitive,2399.584011378196,4,True,False,moderate_audience_selectivity,0,0,0,0,0,0,1,0,eligible,eligible,0
355200,Marvel Zombies: X-Men Resistance,2023.0,589,8.532018679537533,1.1142548364036775,1.0151855546789434,0.0491748278756309,eligible,0.0020887971681213,0,0.8624787775891342,0.6638370118845501,0.1085904231399561,adequate_overlap,stable_under_exposure_adjustment,1299.167692093933,7,False,True,moderate_audience_selectivity,0,0,0,0,1,0,0,0,borderline,borderline,14
355997,Thunder Road: Vendetta – Maximum Chrome,2023.0,1069,8.909782794046846,1.0213673240491,1.4494619576164656,0.0365015782850868,eligible,0.0038157272453673,0,,,0.0489291565366897,borderline_overlap,stable_under_exposure_adjustment,1352.25988439625,4,True,False,moderate_audience_selectivity,0,0,0,0,0,1,0,0,borderline,borderline,0
356754,Tamashii: Chronicle of Ascend,2023.0,891,8.326192041938159,0.3816934701016734,0.0801340475544751,0.0399817356912453,eligible,0.0031779812832308,0,0.877665544332211,0.7160493827160493,0.0251033080055754,borderline_overlap,moderately_sensitive,1362.775914406091,7,True,False,moderate_audience_selectivity,0,0,0,0,1,0,0,0,eligible,eligible,1
356873,Lunar Rush,2023.0,266,7.95245872706087,0.3472966947113622,0.3430681009441727,0.0731744854999414,eligible,0.0009422875732691,0,0.868421052631579,0.7631578947368421,0.1796705518782345,borderline_overlap,moderately_sensitive,1093.4469545113473,7,True,False,moderate_audience_selectivity,0,0,0,0,0,0,0,0,eligible,eligible,0
358320,Sleeping Gods: Distant Skies,2023.0,1181,8.71483435420161,0.581917486840215,0.4137651141358152,0.0347276620897808,eligible,0.0042277541310173,0,0.842506350550381,0.628281117696867,0.1076258007730804,adequate_overlap,stable_under_exposure_adjustment,1374.5619173560317,7,False,True,moderate_audience_selectivity,0,0,0,0,1,0,0,0,borderline,borderline,4
363247,Azul: Master Chocolatier,2022.0,2444,8.105841236896858,0.5022330474321137,0.4946594386506877,0.0241407020023316,borderline,0.0087242214483282,1,,,0.0878251103542697,borderline_overlap,stable_under_exposure_adjustment,1735.832071236738,4,True,False,moderate_audience_selectivity,0,0,0,0,0,0,0,0,borderline,borderline,6
363278,Dodos Riding Dinos: Dodo Dash,2024.0,177,7.677744220482221,0.5060775004655964,0.7786211676229398,0.089704424158108,eligible,0.0006198317497169,0,,,0.0839551038535377,borderline_overlap,stable_under_exposure_adjustment,1637.693931725831,2,True,False,moderate_audience_selectivity,0,0,0,0,0,0,0,0,eligible,eligible,6
364766,MicroMacro: Crime City – All In,2022.0,1234,8.135560036297067,1.0332596710190742,0.904982459580676,0.0339737053591684,eligible,0.0043997305702452,0,0.905996758508914,0.7350081037277147,0.0731646225151914,borderline_overlap,moderately_sensitive,2661.6319147031986,7,False,True,moderate_audience_selectivity,0,0,0,0,1,0,0,0,borderline,borderline,4
365128,Paper Tales : Édition intégrale,2022.0,126,8.217037117555215,0.9327771938803764,0.9136650719421252,0.1063200625132756,eligible,0.000451438152973,0,,,0.1366871813092223,insufficient_overlap,insufficient_overlap,819.6357847187187,2,True,False,insufficient_evidence,0,0,0,0,0,0,0,0,eligible,eligible,0
377969,Marvel United: Multiverse,2024.0,405,8.598492892011315,1.105672169392216,1.1419167935019845,0.0593024975489745,eligible,0.0014331369935652,0,0.8567901234567902,0.6790123456790124,0.0526073085305435,borderline_overlap,moderately_sensitive,1740.6976292338688,7,True,False,moderate_audience_selectivity,0,0,0,0,1,0,0,0,borderline,medium,4
379363,Castellans,2024.0,163,8.117216505046647,0.3865896580942287,0.3929037176537502,0.0934774149192016,eligible,0.0005840033248778,0,,,0.2302494531190667,adequate_overlap,stable_under_exposure_adjustment,449.5533469067887,2,True,False,low_audience_selectivity,0,0,0,0,0,0,0,0,eligible,eligible,0
379583,Patterns,2023.0,360,8.17142598375204,0.7341078036151565,0.882563642935315,0.0628997972372677,eligible,0.0012862404517247,0,,,0.3517048041756447,adequate_overlap,stable_under_exposure_adjustment,876.2696073828855,2,True,False,high_audience_selectivity,0,1,0,1,0,0,0,0,eligible,eligible,17
381247,Dragon Eclipse,2025.0,147,8.301709017204152,0.420095367291923,0.2361872791566472,0.0984332508838647,eligible,0.0005230950026513,0,0.8503401360544217,0.6122448979591837,0.0893923929346755,insufficient_overlap,insufficient_overlap,1213.6890466870889,3,False,True,insufficient_evidence,1,1,0,0,1,0,0,0,eligible,eligible,0
382035,Cursed!?,2023.0,231,7.736148363657257,0.7719323284739019,0.6998461577063697,0.0785225700946497,eligible,0.0008025567163965,0,,,0.1694034523057197,borderline_overlap,moderately_sensitive,2624.409719676092,2,True,False,moderate_audience_selectivity,1,1,0,0,0,0,0,1,borderline,borderline,4
382315,Century: Big Box,2023.0,133,7.9857747278145075,0.7791062911419528,0.6938835794741882,0.1034843498136905,eligible,0.0004729352078765,0,0.7443609022556391,0.5864661654135338,0.0904691326556818,insufficient_overlap,insufficient_overlap,1282.294530783645,7,False,True,insufficient_evidence,0,0,0,0,0,1,0,0,borderline,borderline,7
383010,Clank! Legacy 2: Acquisitions Incorporated – Darkest Magic,2024.0,234,9.383173286917032,1.4894548605900528,1.3169222543556955,0.0780175965603953,eligible,0.0008383851412356,0,0.282051282051282,0.0128205128205128,0.1360458589764089,borderline_overlap,strongly_sensitive,446.3058382549317,5,True,False,moderate_audience_selectivity,0,0,0,0,0,0,1,0,borderline,borderline,5
383087,Magic Trick,2023.0,162,7.976594899834154,0.5950418582233272,0.6094984961012955,0.093765481595656,eligible,0.0005768376399099,0,,,0.5057171498546571,borderline_overlap,strongly_sensitive,1223.252519935285,1,True,False,moderate_audience_selectivity,0,0,0,0,0,0,0,0,eligible,eligible,0
383206,Freelancers: A Crossroads Game,2023.0,905,8.17319353059157,0.6273228421984509,0.5390745941600503,0.0396712793573907,eligible,0.0032388896054573,0,0.8784530386740331,0.7149171270718232,0.0652560626164059,borderline_overlap,moderately_sensitive,1868.0722090116235,7,True,False,moderate_audience_selectivity,0,0,0,0,1,0,0,0,eligible,eligible,7
383469,Unmatched: Sun's Origin,2024.0,559,8.473197279021397,0.6683191257664056,0.6554591449913225,0.0504771227746467,eligible,0.0019562319962165,0,,,0.077091657760352,borderline_overlap,stable_under_exposure_adjustment,1664.5623141100848,4,True,False,moderate_audience_selectivity,0,1,0,1,0,0,0,0,borderline,borderline,18
383579,BOOoop.,2023.0,646,7.775915615552638,0.3526640856309022,0.3290299475087845,0.0469552586150262,eligible,0.0022930191897043,0,,,0.0452387398205448,borderline_overlap,moderately_sensitive,1975.8786326048296,4,True,False,moderate_audience_selectivity,0,1,0,1,0,0,0,0,eligible,eligible,0
385325,Skytear Horde: Monoliths,2024.0,152,8.49608708138497,0.6097637056826191,0.6632468306793307,0.0968007454739734,eligible,0.000533843530103,0,0.9342105263157896,0.7236842105263158,0.1350471166525752,adequate_overlap,stable_under_exposure_adjustment,724.1755102880288,2,True,False,moderate_audience_selectivity,0,0,0,0,1,0,0,0,eligible,eligible,0
416284,Avatar: The Last Airbender – Aang's Destiny,2024.0,114,7.664084199100746,0.4537863751099689,0.325977536331596,0.11177587291431,eligible,0.000408444043166,0,0.7894736842105263,0.631578947368421,0.0864441114176001,insufficient_overlap,insufficient_overlap,1612.7162890443192,5,True,False,insufficient_evidence,0,0,0,0,1,0,0,0,borderline,borderline,0
417197,Rebirth,2024.0,1400,8.167788318854122,0.4868907066300121,0.3595655492054312,0.0318960187539826,eligible,0.0050016481075426,1,,,0.1551968676677082,borderline_overlap,moderately_sensitive,1779.4602411910291,4,True,False,low_audience_selectivity,0,0,0,0,0,0,0,0,eligible,eligible,0
417426,Rogue Dungeon: 2nd Edition,2024.0,117,8.223808433755826,0.8791059385250914,0.8280136379607512,0.1103335431594635,eligible,0.0004012783581982,0,0.8803418803418803,0.6239316239316239,0.2023520519817283,insufficient_overlap,insufficient_overlap,1316.3843836512042,2,True,False,insufficient_evidence,0,0,0,0,1,1,0,0,borderline,borderline,0
420077,The Mandalorian: Adventures,2024.0,848,7.814092896705444,0.4760146706803523,0.355404651948743,0.0409828889929414,eligible,0.0030239190564226,0,0.9080188679245284,0.7759433962264151,0.0573127706326677,borderline_overlap,moderately_sensitive,1916.6174667983832,7,True,False,moderate_audience_selectivity,0,0,0,0,1,0,0,0,eligible,eligible,0
422332,Star Wars: The Deckbuilding Game – Clone Wars Edition,2024.0,584,8.335319398990773,0.8308629540299215,0.6857215925530813,0.0493848879000896,eligible,0.0020887971681213,0,,,0.0460583957780194,borderline_overlap,stable_under_exposure_adjustment,1473.3564442776749,4,False,True,moderate_audience_selectivity,0,1,0,1,0,1,0,0,borderline,borderline,0
422374,Lone Wolves,2024.0,232,8.314499536646947,0.8064959989960752,0.8250529347947033,0.0783531576640776,eligible,0.0008276366137839,0,,,0.281206719884457,borderline_overlap,moderately_sensitive,1350.703434762975,2,False,True,moderate_audience_selectivity,0,1,0,1,0,0,0,0,eligible,eligible,0
422732,Agent Avenue,2024.0,596,8.174951991121562,0.7804796670817762,0.8289667648070491,0.0488851965847312,eligible,0.0021282084354443,0,,,0.1413953336312748,borderline_overlap,moderately_sensitive,2115.925308568245,4,True,False,low_audience_selectivity,0,0,0,0,0,0,0,0,eligible,eligible,0
423648,Naishi,2024.0,368,7.943902366510799,0.3511633765451831,0.3630627128483672,0.0622123471182129,eligible,0.001314903191596,0,,,0.2409459279974402,adequate_overlap,stable_under_exposure_adjustment,1462.2478792871443,4,True,False,moderate_audience_selectivity,0,1,0,1,0,0,0,0,eligible,eligible,0
424219,Zenith,2025.0,167,8.316275501448175,0.7759444379042737,0.798172764404292,0.0923511398830663,eligible,0.0005947518523295,0,,,0.2911932594215485,borderline_overlap,moderately_sensitive,1337.6597692744156,3,True,False,moderate_audience_selectivity,0,0,0,0,0,0,0,0,eligible,eligible,0
424280,Hitster Bingo,2024.0,457,7.692772596333297,0.6621807988461281,0.6556974539160105,0.0558267564317476,eligible,0.0016337761726643,0,0.7330415754923414,0.5229759299781181,0.0509005290488219,borderline_overlap,moderately_sensitive,2606.4479164238533,6,True,False,moderate_audience_selectivity,0,0,0,0,0,0,0,0,borderline,borderline,5
424395,Power Grid: Outpost,2024.0,139,8.20580046888069,0.5023984886734851,0.3663919753141478,0.1012262377230807,eligible,0.0004980151052639,0,0.9856115107913668,0.935251798561151,0.4246264668455088,insufficient_overlap,insufficient_overlap,236.24199091903955,2,True,False,insufficient_evidence,0,0,0,0,0,0,0,0,borderline,borderline,8
424995,Star Explorer,2024.0,146,8.051220842996651,0.8041137824484856,0.7852256934560273,0.0987697758001792,eligible,0.0005230950026513,0,,,0.1417797576579524,insufficient_overlap,insufficient_overlap,1636.9352765085075,2,True,False,insufficient_evidence,0,0,0,0,0,0,0,0,eligible,eligible,0
429293,The Fellowship of the Ring: Trick-Taking Game,2025.0,724,8.402917380280131,0.7422296248246045,0.695427129229321,0.0443538386987549,eligible,0.0025903951158691,0,0.8494475138121547,0.7223756906077348,0.1155323057103286,borderline_overlap,moderately_sensitive,2580.7979819425204,7,True,False,moderate_audience_selectivity,0,0,0,0,1,0,0,0,eligible,eligible,1
491,Web of Power,2000.0,3531,7.74461356964743,0.7933631258936833,0.6210623567753624,0.0200840658699397,exclude,0.0126151883858578,1,,,0.2026134230749178,adequate_overlap,stable_under_exposure_adjustment,1051.1356611295264,4,False,True,moderate_audience_selectivity,0,0,0,0,0,0,0,0,eligible,eligible,4
511,Silverton,1991.0,1060,7.55517647837622,0.5412090092198625,0.5269251794852536,0.0366562102810179,eligible,0.0037619846081086,0,0.9141509433962264,0.7952830188679245,0.1308976762930451,borderline_overlap,moderately_sensitive,851.2209095312702,7,True,False,moderate_audience_selectivity,0,0,0,0,0,0,0,0,eligible,eligible,0
528,ZÈRTZ,1999.0,4350,7.621322119459819,0.3794799313554762,0.4212671164426744,0.0180948866676849,exclude,0.0153703942559869,1,,,0.128390627930434,adequate_overlap,stable_under_exposure_adjustment,801.6063196880026,4,True,False,low_audience_selectivity,0,1,0,1,0,0,0,0,eligible,eligible,8
2794,Spinball,2001.0,171,7.511348565739415,1.5011729714274784,1.4829384101674643,0.0912646180647461,eligible,0.0006126660647491,0,,,0.4290439854621944,borderline_overlap,strongly_sensitive,1391.8436410203556,1,True,False,moderate_audience_selectivity,0,1,0,1,0,0,0,0,eligible,eligible,0
2981,Breaking Away,1991.0,460,7.882878139721112,1.5408317610311526,1.507063385146684,0.0556444148784548,eligible,0.0016409418576321,0,,,0.3544825819534225,adequate_overlap,moderately_sensitive,721.5552934070404,2,False,True,moderate_audience_selectivity,0,0,0,0,0,0,0,0,eligible,eligible,0
5357,Von Manstein's Backhand Blow,2002.0,242,7.580210587660527,0.3875337026856815,0.4325297627510434,0.0767172122146277,eligible,0.0007416483941699,0,0.9917355371900828,0.9421487603305784,0.0653246291280392,borderline_overlap,strongly_sensitive,1848.547518411889,4,True,False,high_audience_selectivity,1,1,1,0,0,0,0,0,eligible,eligible,1
5394,"Kolin: Frederick's First Defeat – June 18, 1757",1994.0,128,7.94762063059159,0.5593121605273623,0.5514039305472913,0.105486166795113,eligible,0.0003439528784556,0,0.9921875,0.953125,0.13945622622799,insufficient_overlap,insufficient_overlap,1479.369212760131,2,True,False,insufficient_evidence,1,1,1,0,0,0,0,0,eligible,eligible,5
5508,La Bataille de Mont Saint Jean,1993.0,164,8.094458176124782,0.6513729047202954,0.6599146565989393,0.0931919870317611,eligible,0.0004012783581982,0,0.9817073170731708,0.9329268292682928,0.1028344912173092,borderline_overlap,moderately_sensitive,1420.3920277437212,3,True,False,high_audience_selectivity,0,1,1,0,0,0,0,0,eligible,eligible,12
5511,Southern Front: Race for the Turkish Straits,1984.0,241,7.613753313529165,0.4437917211826958,0.3140460365239432,0.0768762117887471,eligible,0.0006377459621365,0,0.991701244813278,0.8838174273858921,0.0837933400620205,borderline_overlap,moderately_sensitive,1692.3869570363988,3,True,False,high_audience_selectivity,0,1,1,0,0,0,0,0,eligible,eligible,5
8125,Santiago,2003.0,5458,7.664316353529996,0.447891988381242,0.4397031974103402,0.0161541358266205,exclude,0.0195336572222938,1,,,0.19810662006262,adequate_overlap,stable_under_exposure_adjustment,1099.0653391750325,4,False,True,moderate_audience_selectivity,0,0,0,0,0,0,0,0,eligible,eligible,0
8316,Over the Reich,1993.0,161,7.76687694856241,0.4305313904692935,0.2611351362012799,0.0940562279728098,eligible,0.0004478553104891,0,0.9875776397515528,0.8819875776397516,0.1035919522080681,borderline_overlap,moderately_sensitive,1895.100635824073,3,True,False,high_audience_selectivity,0,0,0,0,0,0,0,0,eligible,eligible,4
12750,1860: Railways on the Isle of Wight,2004.0,982,8.702273638789405,0.442501243181832,0.4519874866802063,0.0380841925247323,eligible,0.0035040199492669,0,0.5539714867617108,0.2688391038696537,0.2307554943770478,insufficient_overlap,insufficient_overlap,32259.36012362583,7,False,True,moderate_audience_selectivity,0,0,0,0,0,0,1,0,borderline,borderline,81
12899,La Bataille de Preussisch-Eylau,1978.0,149,7.82225921804344,0.5849241986318336,0.4901250245584592,0.0977703931694625,eligible,0.0003726156183269,0,0.9932885906040269,0.9463087248322148,0.0956928997145686,insufficient_overlap,insufficient_overlap,1136.3436118367376,3,True,False,insufficient_evidence,0,1,1,0,0,0,0,0,eligible,eligible,12
23421,1832: The South,2006.0,125,8.772476207947946,0.914697232595028,0.913561316482931,0.1067444955881541,eligible,0.0004406896255213,0,0.84,0.656,0.2284825819534225,insufficient_overlap,insufficient_overlap,913.9735941897536,1,True,False,insufficient_evidence,0,0,0,0,0,0,1,0,borderline,borderline,81
23679,"Warriors of God: The Wars of England & France, 1135-1453",2008.0,1116,7.853159380462175,0.4206566664157218,0.5052308999252553,0.035724684212647,eligible,0.0038730527251099,0,0.9578853046594982,0.8646953405017921,0.0963531924831831,insufficient_overlap,insufficient_overlap,11138.92140960779,7,False,True,moderate_audience_selectivity,1,1,1,0,0,0,0,0,eligible,eligible,16
26736,Ukraine '44,2006.0,100,7.763388506253307,0.7735275890700972,0.6757747438362518,0.1193439741795195,eligible,0.0003009587686486,0,0.99,0.98,0.1407909192904737,insufficient_overlap,insufficient_overlap,2370.168649127743,2,True,False,insufficient_evidence,0,1,1,0,0,0,0,0,eligible,eligible,16
27101,Bomber Command: The Night Raids,2012.0,195,7.808447430736925,0.3995185945801909,0.3270708999122851,0.0854639950369319,eligible,0.0006055003797813,0,0.958974358974359,0.8512820512820513,0.0466946767470487,borderline_overlap,strongly_sensitive,3097.901486891554,4,True,False,high_audience_selectivity,0,1,1,0,0,0,0,0,eligible,eligible,0
30958,Check Your 6!,2007.0,142,7.978316460401845,0.9639768053931884,0.8883445735173963,0.1001512383564941,eligible,0.000451438152973,0,0.9154929577464788,0.7605633802816901,0.113827277201507,insufficient_overlap,insufficient_overlap,5236.395951978539,3,True,False,insufficient_evidence,0,0,0,0,0,0,0,0,eligible,eligible,1
31730,Wabash Cannonball,2007.0,8412,7.763342986704332,0.4069294557381173,0.1651617989667624,0.0130122040145486,exclude,0.0301173739197729,1,0.9467427484545888,0.8548502139800286,0.1629541567993929,borderline_overlap,moderately_sensitive,833.577500832695,7,False,True,moderate_audience_selectivity,0,0,0,0,0,0,0,0,borderline,borderline,33
31999,TZAAR,2007.0,3914,8.054175410944184,0.7753064235738982,0.7541702841168245,0.0190761217327271,exclude,0.0139014288375825,1,,,0.1382076713760081,adequate_overlap,stable_under_exposure_adjustment,958.4552480343516,4,True,False,low_audience_selectivity,0,1,0,1,0,0,0,0,eligible,eligible,8
62225,Infidel: The Supremacy of Cavalry in the Crusader Era – 11th-12th Century,2011.0,316,7.750379037879618,0.4343623910863883,0.4027111225978643,0.0671362306989026,eligible,0.0010354414778508,0,0.9746835443037974,0.9082278481012658,0.0562801467956008,borderline_overlap,strongly_sensitive,2616.8332072805274,4,True,False,moderate_audience_selectivity,1,1,1,0,0,0,0,0,eligible,eligible,7
62922,None But Heroes,2011.0,140,8.406517529881974,0.7989101626238977,0.7054123805997516,0.1008640675540311,eligible,0.0003869469882626,0,0.9785714285714284,0.8785714285714286,0.1526602751894346,insufficient_overlap,insufficient_overlap,1734.76683302681,3,True,False,insufficient_evidence,0,1,1,0,0,0,0,0,eligible,eligible,2
85572,"The Last Success: Quadrigame of the War Against Austria, April - July 1809",2011.0,133,7.963893826603349,0.5708502806531213,0.4452517238550184,0.1034843498136905,eligible,0.0003761984608108,0,0.9774436090225564,0.9097744360902256,0.1032080566627696,insufficient_overlap,insufficient_overlap,2627.9410383387267,2,True,False,insufficient_evidence,0,1,1,0,0,0,0,0,eligible,eligible,7
88253,Unconditional Surrender! Case Blue,2010.0,199,7.701726515557829,0.5287215689118723,0.3790571237393392,0.0846007002268615,eligible,0.0006735743869756,0,0.9396984924623116,0.864321608040201,0.0549608908191868,borderline_overlap,strongly_sensitive,6349.586528742969,2,True,False,high_audience_selectivity,0,1,1,0,0,0,0,0,eligible,eligible,0
94246,1812: The Invasion of Canada,2012.0,2393,7.737742540520401,0.4144537113175026,0.4659725403790169,0.0243965910603967,borderline,0.008484171001906,1,0.832010029251985,0.6502298370246552,0.1598524106203677,insufficient_overlap,insufficient_overlap,11816.26953366185,7,True,False,low_audience_selectivity,0,0,0,0,0,0,1,0,eligible,eligible,3
101682,Saints in Armor,2012.0,234,8.277426794697698,0.5221639513782019,0.3996196964178828,0.0780175965603953,eligible,0.000738065551686,0,0.9658119658119658,0.8675213675213675,0.1186092078657761,borderline_overlap,strongly_sensitive,1951.293798627025,4,True,False,high_audience_selectivity,0,1,1,0,0,0,0,0,eligible,eligible,7
131014,Carcassonne: Winter Edition,2012.0,1944,7.657258570533817,0.9289605943629704,0.8753886681110403,0.0270677630199734,borderline,0.0069292173638878,1,,,0.0374354174877894,borderline_overlap,moderately_sensitive,1764.8967121414214,4,False,True,moderate_audience_selectivity,0,0,0,0,0,1,0,0,borderline,borderline,21
130960,Triumph & Tragedy: European Balance of Power 1936-1945,2015.0,2315,8.638400605732409,0.5849066639992984,0.7975081995559794,0.0248041870750934,borderline,0.0082226235005804,1,0.9157667386609072,0.7654427645788336,0.0434735673701022,borderline_overlap,strongly_sensitive,4630.378148384622,8,True,False,low_audience_selectivity,0,0,0,0,0,0,0,0,eligible,eligible,0
137649,Level 7 [Omega Protocol],2013.0,2112,7.723600202138034,0.3860281264642422,0.3858990833830988,0.0259688990970101,borderline,0.0075454662711208,1,,,0.0361928625429327,adequate_overlap,stable_under_exposure_adjustment,866.7985114075444,4,True,False,low_audience_selectivity,0,0,0,0,0,0,0,0,eligible,eligible,0
147537,Malifaux (Second Edition),2013.0,399,8.221051469976173,0.6383883273568038,0.6795956462041257,0.0597467172218476,eligible,0.001397308568726,0,0.5839598997493735,0.3709273182957393,0.1377275164577689,borderline_overlap,strongly_sensitive,8289.785718403913,6,True,False,moderate_audience_selectivity,0,1,1,0,0,1,0,0,borderline,borderline,0
147887,Allegiance: A Realm Divided,2015.0,301,8.1694374404753,1.067428998211275,1.0575570664466696,0.0687887231278166,eligible,0.0010784355876578,0,,,0.0731688541282085,adequate_overlap,moderately_sensitive,842.9041793288801,4,True,False,low_audience_selectivity,0,0,0,0,0,0,0,0,eligible,eligible,0
152345,"La Patrie en Danger 1814: The Campaign in France, Part I",2014.0,103,8.238174608895157,0.8456901461974944,0.7297914102630116,0.1175931119315639,eligible,0.0002937930836808,0,0.9902912621359224,0.8932038834951457,0.0720210920062538,insufficient_overlap,insufficient_overlap,2753.67368336658,2,True,False,insufficient_evidence,0,0,0,0,0,0,1,0,eligible,eligible,7
160418,Wing Leader: Victories 1940-1942,2015.0,458,8.079513329976002,0.3409793255731799,0.3750033169513731,0.055765776887135,eligible,0.0014689654184043,0,0.9563318777292577,0.8493449781659389,0.1042892406625187,borderline_overlap,strongly_sensitive,3802.357081202883,4,True,False,high_audience_selectivity,0,1,1,0,0,0,0,0,eligible,eligible,3
163163,Grand Prix,2016.0,491,7.5371345733029695,0.6893647959806835,0.6609337240493289,0.0538591815805045,eligible,0.0017305129197299,0,,,0.1828939872487381,adequate_overlap,stable_under_exposure_adjustment,1361.534624200155,4,True,False,low_audience_selectivity,0,0,0,0,0,0,0,0,eligible,eligible,3
163166,One Night Ultimate Werewolf: Daybreak,2015.0,6028,7.516421256106441,0.5217959500551084,0.519981533808294,0.0153714159254803,exclude,0.0214791406910586,1,0.7664233576642335,0.4948573324485733,0.0725247173166504,borderline_overlap,moderately_sensitive,2396.157787206795,7,True,False,moderate_audience_selectivity,0,0,0,0,0,1,0,0,borderline,borderline,60
165722,KLASK,2014.0,10897,7.951441779511645,0.7130430763643574,0.6989879710826727,0.0114326529543246,exclude,0.0389347492726829,1,,,0.0659674830078102,borderline_overlap,moderately_sensitive,3026.021077705864,4,False,True,low_audience_selectivity,0,1,0,1,0,0,0,0,eligible,eligible,0
165748,Psycho Raiders,2014.0,197,8.273367651575443,1.5243620593184044,1.4052059761368945,0.0850290609412402,eligible,0.0007022371268469,0,,,0.0616762892235735,adequate_overlap,stable_under_exposure_adjustment,1053.3618878210364,4,True,False,moderate_audience_selectivity,0,0,0,0,0,0,0,0,eligible,eligible,0
165967,Great War Commander,2018.0,405,8.456986908583787,0.624718879785144,0.5130200698779301,0.0593024975489745,eligible,0.0013220688765639,0,0.9604938271604938,0.8444444444444444,0.0528578966547555,borderline_overlap,strongly_sensitive,7117.051443539076,4,True,False,high_audience_selectivity,0,0,0,0,0,0,0,0,eligible,eligible,1
166669,San Juan (Second Edition),2014.0,7504,7.826762899328306,0.5218632868869602,0.5273779441230939,0.0137769817516582,exclude,0.0268677357868638,1,0.8872601279317697,0.7425373134328358,0.107527123256207,borderline_overlap,moderately_sensitive,1592.50752002147,7,False,True,moderate_audience_selectivity,0,0,0,0,0,1,0,0,borderline,borderline,11
174458,Baseball Highlights: 2045 – Deluxe Edition,2015.0,545,8.15720858888965,1.2402009131494545,1.1908552336152205,0.0511213418385036,eligible,0.0019526491537326,0,,,0.1531064351644317,adequate_overlap,stable_under_exposure_adjustment,1234.6938632598246,4,True,False,low_audience_selectivity,0,0,0,0,0,1,0,0,borderline,borderline,5
174518,Ylandyss,2015.0,251,7.518761227929183,0.5941809241804688,0.5596744272039924,0.0753292485455614,eligible,0.0008921277784943,0,,,0.130378996296052,adequate_overlap,stable_under_exposure_adjustment,1450.035430119862,4,True,False,low_audience_selectivity,0,0,0,0,0,0,0,0,eligible,eligible,0
174570,Legendary Encounters: A Predator Deck Building Game,2015.0,2708,7.655448953566672,0.4887743862065301,0.4531921464182611,0.0229338076584222,exclude,0.0096450119666938,1,0.8737075332348597,0.6868537666174298,0.0253915833338764,borderline_overlap,moderately_sensitive,1439.4506234099892,7,False,True,moderate_audience_selectivity,0,0,0,0,1,0,0,0,borderline,borderline,12
174802,VENOM Assault,2016.0,297,7.646819220882192,0.7878996525848256,0.7302813084487036,0.0692503975920269,eligible,0.0010533556902704,0,0.915824915824916,0.7878787878787878,0.0477116739745223,borderline_overlap,moderately_sensitive,1723.8235197243953,4,True,False,moderate_audience_selectivity,0,0,0,0,1,0,0,0,eligible,eligible,0
174852,Pandánte (Second Edition),2015.0,187,7.504849515044286,0.8105194285250477,0.8135076962656704,0.0872729573032229,eligible,0.0006699915444917,0,,,0.1024148706918581,adequate_overlap,stable_under_exposure_adjustment,1269.6208106476124,4,True,False,low_audience_selectivity,0,0,0,0,0,1,0,0,borderline,borderline,0
173504,"The Greatest Day: Sword, Juno, and Gold Beaches",2015.0,228,8.686268517430548,0.572877219710854,0.5996992267431249,0.0790374777107543,eligible,0.000655660174556,0,0.9824561403508772,0.8552631578947368,0.1584100597333797,borderline_overlap,moderately_sensitive,1627.1255923739009,3,True,False,high_audience_selectivity,0,0,0,0,0,0,0,0,eligible,eligible,5
182352,Exodus Fleet,2017.0,341,7.571046299832086,0.4648763434306788,0.4113710768049712,0.0646283854294272,eligible,0.0012217492870143,0,0.93841642228739,0.8475073313782991,0.2789693854724842,borderline_overlap,strongly_sensitive,812.6428751425893,5,True,False,moderate_audience_selectivity,0,0,0,0,0,0,0,0,borderline,borderline,25
180901,Joraku,2015.0,1612,7.657264292579373,0.4779979029405004,0.59720927122354,0.0297247340142594,eligible,0.0057755420840678,1,,,0.2428200509360527,adequate_overlap,stable_under_exposure_adjustment,1001.8452157406356,4,True,False,moderate_audience_selectivity,0,0,0,0,0,0,0,0,eligible,eligible,0
184824,Gaslands: Post-Apocalyptic Vehicular Combat,2017.0,795,8.195797417198387,0.6793584269575152,0.7105575827500932,0.0423269457464345,eligible,0.002798199979936,0,0.670440251572327,0.4528301886792453,0.0303393405123474,insufficient_overlap,insufficient_overlap,12259.405390246024,7,True,False,moderate_audience_selectivity,0,0,0,0,0,0,0,0,eligible,eligible,3
185123,Ascension: Dreamscape,2015.0,764,7.895070482600537,0.9332685636481086,0.8255425978280604,0.0431771345054873,eligible,0.0027193774452899,0,,,0.0377286552518518,adequate_overlap,stable_under_exposure_adjustment,1094.7776344279137,4,True,False,low_audience_selectivity,0,0,0,0,0,0,0,0,borderline,borderline,24
185378,"Exceed: Red Horizon – Kaden, Eva, Miska, and Lily",2016.0,128,8.057383356321903,1.1713342666840187,1.1589587785575386,0.105486166795113,eligible,0.0004478553104891,0,,,0.095225819301788,insufficient_overlap,insufficient_overlap,1053.3495847043528,1,True,False,insufficient_evidence,0,1,0,1,0,0,0,0,borderline,borderline,8
186279,Finska Mini,2011.0,468,7.816398671008494,1.7598105780019138,1.8134418341504783,0.0551667715797317,eligible,0.0016731874399873,0,0.8952991452991453,0.7350427350427351,0.2861065135773541,borderline_overlap,strongly_sensitive,1781.75898357213,5,True,False,high_audience_selectivity,0,0,0,0,0,0,0,0,eligible,eligible,0
186751,Mythic Battles: Pantheon,2017.0,3017,8.409899380371275,0.5035976699623284,0.4994216658594421,0.021727654199407,exclude,0.0106482078621895,1,,,0.0624050547718011,adequate_overlap,stable_under_exposure_adjustment,1143.6456989702867,4,True,False,low_audience_selectivity,0,0,0,0,0,0,0,0,eligible,eligible,0
186864,Tiefe Taschen,2016.0,607,7.636051537347169,0.8418656280986321,0.768342755187887,0.0484402248415046,eligible,0.0021747853877352,0,0.8550247116968699,0.700164744645799,0.2601662722334884,borderline_overlap,strongly_sensitive,1804.90514460446,7,True,False,moderate_audience_selectivity,0,0,0,0,0,0,0,0,borderline,borderline,21
187926,Islebound: Kickstarter Edition,2016.0,178,7.710949379739339,0.5864202423062119,0.6005377519729889,0.0894520905382537,eligible,0.0006377459621365,0,,,0.2112241549871303,adequate_overlap,stable_under_exposure_adjustment,827.5629961411839,2,True,False,moderate_audience_selectivity,0,0,0,0,0,1,0,0,borderline,borderline,0
199723,"UltraQuest: Gold, Ruhm! und Ehre!",2016.0,533,8.339510883737358,1.210770015119225,1.159655488747111,0.0516936134931369,eligible,0.0019024893589578,0,,,0.1084474326395408,borderline_overlap,stable_under_exposure_adjustment,1090.4415854063784,4,True,False,moderate_audience_selectivity,0,0,0,0,0,0,0,0,eligible,eligible,0
215565,Roads to Gettysburg II: Lee Strikes North,2018.0,256,9.231490674317204,1.1498678537256417,1.0384853131147356,0.0745899838621996,eligible,0.0007953910314286,0,0.984375,0.90625,0.1142674180465774,borderline_overlap,moderately_sensitive,2170.2668307709187,4,True,False,high_audience_selectivity,0,1,1,0,0,0,0,0,eligible,eligible,13
217083,LYNGK,2017.0,1222,8.01639061844767,0.3996684388786882,0.3845269336970798,0.0341401081769046,eligible,0.0043352394055347,0,,,0.240325462477154,adequate_overlap,stable_under_exposure_adjustment,837.8089234429106,4,True,False,moderate_audience_selectivity,0,1,0,1,0,0,0,0,eligible,eligible,8
217372,The Quest for El Dorado,2017.0,27558,8.006850290879035,0.3658913154774694,0.1427362510407217,0.0071891351478188,exclude,0.0987359731716754,1,,,0.0702321426837974,borderline_overlap,moderately_sensitive,1868.8339070270065,4,True,False,low_audience_selectivity,0,0,0,0,0,0,0,0,eligible,eligible,2
219215,Werewords,2017.0,5494,7.509613573897655,0.4753715312298912,0.4541587507330753,0.0161011230227852,exclude,0.0196232282843917,1,0.8569348380050965,0.6487076811066618,0.0998190131307973,borderline_overlap,moderately_sensitive,2914.984228033703,7,False,True,low_audience_selectivity,0,0,0,0,0,0,0,0,borderline,borderline,60
230253,Star Realms: Frontiers,2018.0,5343,8.105905683702469,0.5868668883361732,0.6115347562610829,0.0163270569932565,exclude,0.0190893847542886,1,0.7029758562605278,0.485120718697361,0.1273160330568713,borderline_overlap,moderately_sensitive,2913.1674445073977,7,True,False,moderate_audience_selectivity,0,0,0,0,1,0,0,0,borderline,borderline,5
233261,Tidal Blades 2: Rise of the Unfolders,2024.0,291,8.812265594604728,0.8938214206008634,0.6028076792208399,0.0699606766645972,eligible,0.0010354414778508,0,0.9140893470790378,0.7525773195876289,0.0552717233322677,borderline_overlap,moderately_sensitive,959.2726833548448,4,True,False,moderate_audience_selectivity,0,0,0,0,1,0,1,0,eligible,eligible,0
234578,Waters of Nereus,2019.0,216,7.67787215579449,0.6007455996176558,0.6616125386993224,0.0812032890599204,eligible,0.0007738939765252,0,,,0.3035566560274966,adequate_overlap,stable_under_exposure_adjustment,877.0286794155118,1,True,False,moderate_audience_selectivity,0,0,0,0,0,0,0,0,eligible,eligible,0
235454,Ligny 1815: Last Eagles,2017.0,214,8.422102163640508,0.5762244008967805,0.4067826415341056,0.0815818612243143,eligible,0.0006269974346847,0,0.97196261682243,0.8785046728971962,0.1712183526260167,borderline_overlap,moderately_sensitive,2804.4372534856984,3,True,False,high_audience_selectivity,0,0,0,0,0,0,1,0,eligible,eligible,4
235544,Specter Ops: Broken Covenant,2018.0,506,7.812271803960232,0.6094405855988354,0.5354354769854579,0.0530548678870675,eligible,0.0018129182968599,0,,,0.130751393598774,adequate_overlap,stable_under_exposure_adjustment,1092.3939413721612,4,True,False,moderate_audience_selectivity,0,0,0,0,0,0,0,0,eligible,eligible,0
235802,Too Many Bones: Undertow,2018.0,3430,8.933753500957923,0.5920388572824997,0.5128001593551428,0.0203776188987181,exclude,0.0122425727675308,1,0.8956268221574344,0.7151603498542274,0.0838556104664025,adequate_overlap,stable_under_exposure_adjustment,610.3003148108645,7,True,False,moderate_audience_selectivity,1,1,0,0,1,0,0,0,borderline,borderline,3
235839,Master of Wills,2017.0,103,7.539874786248966,0.8114292414150501,0.9526367809494348,0.1175931119315639,eligible,0.0003654499333591,0,,,0.095943984834673,insufficient_overlap,insufficient_overlap,1388.9278836548226,2,True,False,insufficient_evidence,0,0,0,0,0,0,0,0,eligible,eligible,0
236239,"Battles of the American Revolution Tri-pack: Guilford, Saratoga, Brandywine",2017.0,333,8.219441320393491,0.472621089533277,0.3551184210214178,0.0654000949870323,eligible,0.001028275792883,0,0.975975975975976,0.8588588588588588,0.0919883748906423,borderline_overlap,moderately_sensitive,2639.53141692711,4,True,False,high_audience_selectivity,0,1,1,0,0,0,0,0,eligible,eligible,9
242705,Aeon Trespass: Odyssey,2022.0,1745,9.050429038968009,0.4910737857237386,0.4702151951232682,0.0285695092371113,borderline,0.006137409174943,1,0.8212034383954154,0.6022922636103152,0.2274418799716545,adequate_overlap,stable_under_exposure_adjustment,570.7631541738516,6,True,False,moderate_audience_selectivity,0,0,0,0,1,0,0,0,eligible,eligible,1
246873,"Königsberg: The Soviet Attack on East Prussia, 1945",2018.0,186,8.16374889514631,0.785622208755635,0.7927186120919476,0.087507247543047,eligible,0.0005696719549421,0,0.9623655913978496,0.8602150537634409,0.1267002137455022,borderline_overlap,moderately_sensitive,3950.296211259469,3,True,False,high_audience_selectivity,0,0,0,0,0,0,0,0,eligible,eligible,0
261720,Finca,2018.0,616,7.797944750269355,0.7615062772443277,0.7475956639485801,0.0480850575059544,eligible,0.0022070309700904,0,0.922077922077922,0.8344155844155844,0.2538332313040718,borderline_overlap,moderately_sensitive,1095.981451217212,7,True,False,high_audience_selectivity,0,0,0,0,0,0,0,0,borderline,borderline,2
264638,5x5 City,2018.0,137,7.535339413212562,0.9859679245043642,0.9671668946066836,0.1019624382426238,eligible,0.000490849420296,0,,,0.4047034652871895,insufficient_overlap,insufficient_overlap,1017.1908309143016,2,True,False,insufficient_evidence,0,0,0,0,0,0,0,0,borderline,borderline,0
266121,Unlock!: Heroic Adventures,2018.0,3868,7.960375483610042,0.4425496938494841,0.4525482918994683,0.0191892174006895,exclude,0.0137903607205812,1,0.9299379524301964,0.8029989658738366,0.0885147756228494,borderline_overlap,moderately_sensitive,1750.50495760533,7,False,True,low_audience_selectivity,0,0,0,0,1,0,0,0,borderline,borderline,47
266140,Unforgiven: The Lincoln Assassination Trial,2021.0,403,8.005869305356805,0.5529697686209634,0.4919887741970399,0.0594494680285189,eligible,0.0014438855210169,0,,,0.2967902742611149,adequate_overlap,stable_under_exposure_adjustment,971.0325264622196,2,True,False,moderate_audience_selectivity,0,1,0,1,0,0,0,0,eligible,eligible,1
266164,Babylonia,2019.0,3005,8.223889483250652,0.5602868285248039,0.3272394758646957,0.0217709939782437,exclude,0.0107628588216747,1,,,0.2281098698069998,adequate_overlap,stable_under_exposure_adjustment,1218.9673471859749,4,True,False,moderate_audience_selectivity,0,0,0,0,0,0,0,0,eligible,eligible,0
277085,Love Letter,2019.0,11521,7.727234300052077,0.3475670189502811,0.4873200329455809,0.0111187357168895,exclude,0.0410880376055147,1,,,0.1661970465510475,borderline_overlap,moderately_sensitive,3004.845964011482,4,True,False,moderate_audience_selectivity,0,0,0,0,0,0,0,0,borderline,borderline,11
277184,Across the United States,2019.0,109,7.651982075307472,0.5611291049100773,0.4737728705442352,0.1143107954518981,eligible,0.0003905298307465,0,,,0.5310880865405785,insufficient_overlap,insufficient_overlap,135.27279003561335,2,True,False,insufficient_evidence,0,0,0,0,0,0,0,0,borderline,borderline,33
279419,Eternal: Chronicles of the Throne,2019.0,380,7.568209749375052,0.5218956753177224,0.4930338509587759,0.0612221669799983,eligible,0.0013543144589191,0,,,0.1413246872165804,adequate_overlap,stable_under_exposure_adjustment,1322.9173396742433,4,False,True,low_audience_selectivity,0,0,0,0,0,0,0,0,eligible,eligible,0
280575,Yin Yang,2019.0,289,7.666508202336765,0.3364172700023049,0.3767466644305814,0.0702023377526585,eligible,0.001028275792883,0,,,0.3138251425070557,borderline_overlap,moderately_sensitive,812.5220377806401,2,True,False,moderate_audience_selectivity,0,0,0,0,0,0,0,0,eligible,eligible,0
281474,Lands of Galzyr,2022.0,1709,8.190589190896944,0.8269135551807789,0.6802010522378854,0.0288688487052787,borderline,0.0060979979076199,1,0.8619075482738443,0.6881217086015213,0.0352332520180482,borderline_overlap,moderately_sensitive,2496.399339622912,7,True,False,moderate_audience_selectivity,0,0,0,0,1,0,0,0,eligible,eligible,0
300765,Quiz Club,2021.0,151,7.664352457743781,0.5252347275866915,0.5383910273268837,0.0971207488111762,eligible,0.0005410092150708,0,0.8410596026490066,0.609271523178808,0.1761141647350761,borderline_overlap,strongly_sensitive,1056.7850530868625,2,True,False,moderate_audience_selectivity,0,0,0,0,1,0,0,0,eligible,eligible,0
301665,DC Deck-Building Game: Dark Nights – Metal,2020.0,339,7.824448533198508,0.5679393337693526,0.5098349736658623,0.0648187492745028,eligible,0.0011859208621752,0,,,0.0879662537273958,adequate_overlap,stable_under_exposure_adjustment,1072.99009635398,4,True,False,moderate_audience_selectivity,0,0,0,0,0,0,0,0,eligible,eligible,19
302723,Forgotten Waters,2020.0,6281,8.079403525138996,0.4886337452349991,0.457838538346218,0.0150586520736784,exclude,0.0224715880591025,1,,,0.0682879577089545,borderline_overlap,moderately_sensitive,1881.386470601264,4,True,False,moderate_audience_selectivity,0,0,0,0,0,0,0,0,eligible,eligible,7
303263,Pingyao: First Chinese Banks,2017.0,145,7.60909132068575,0.539031717535198,0.6199023765375857,0.0991097760339054,eligible,0.0005159293176834,0,0.9448275862068966,0.8827586206896552,0.2337495261983397,insufficient_overlap,insufficient_overlap,635.6531146749879,2,True,False,insufficient_evidence,0,0,0,0,0,0,0,0,eligible,eligible,0
312859,Townsfolk Tussle,2022.0,1452,7.925546007881839,0.521700468445986,0.3709514668829134,0.0313196707357751,eligible,0.0051700417042865,1,0.8801652892561983,0.6900826446280992,0.0285474244998648,borderline_overlap,moderately_sensitive,1360.9611424372656,7,True,False,moderate_audience_selectivity,0,0,0,0,1,0,0,0,eligible,eligible,0
313090,Luzon Rails,2021.0,151,7.724255497320661,0.3322044158229067,0.1076507148282237,0.0971207488111762,eligible,0.0005410092150708,0,0.9602649006622516,0.933774834437086,0.3329594031454755,borderline_overlap,moderately_sensitive,428.32884628547777,2,True,False,high_audience_selectivity,0,0,0,0,0,0,0,0,borderline,borderline,33
320527,Dice Throne: Season One ReRolled – Treant v. Ninja,2020.0,856,7.929461215876995,0.6456140340907313,0.701596764412499,0.0407909306121571,eligible,0.0030382504263582,0,,,0.0758442728237652,borderline_overlap,stable_under_exposure_adjustment,1422.4877352140657,4,True,False,moderate_audience_selectivity,0,1,0,1,0,0,0,0,borderline,borderline,17
320698,Blitz Bowl: Season 2,2020.0,292,8.284951700506632,0.9484032170126095,0.9153976738600952,0.0698407782445817,eligible,0.0010318586353669,0,,,0.0263646839835448,adequate_overlap,stable_under_exposure_adjustment,1136.8967654455976,4,True,False,moderate_audience_selectivity,0,1,0,1,0,0,0,0,borderline,borderline,19
322168,CastleScape,2023.0,142,7.694915786849774,0.4034002507743297,0.2468916595871677,0.1001512383564941,eligible,0.0005015979477478,0,,,0.118567088995676,insufficient_overlap,insufficient_overlap,1265.0236190688208,2,False,True,insufficient_evidence,0,0,0,0,0,0,0,0,eligible,eligible,0
322523,Warhammer Age of Sigmar: Warcry – Catacombs,2020.0,102,8.20160506223134,0.6346062981894054,0.6736922784831485,0.1181681428029229,eligible,0.0003582842483913,0,0.5490196078431373,0.3137254901960784,0.2046709668687638,insufficient_overlap,insufficient_overlap,12116.744999695333,6,True,False,insufficient_evidence,0,1,1,0,0,0,0,0,borderline,borderline,0
322543,Don't Get Got!: Shut Up & Sit Down Special Edition,2021.0,491,7.517417887278017,0.7684292385969469,0.708335266326352,0.0538591815805045,eligible,0.0017591756596013,0,0.7841140529531568,0.5173116089613035,0.0942916215699234,borderline_overlap,moderately_sensitive,2300.9951074106443,6,True,False,high_audience_selectivity,0,0,0,0,0,1,0,0,borderline,borderline,0
322984,Shadows of Brimstone: City of the Ancients (Revised Edition),2020.0,182,8.575585667395497,1.095121670674324,1.1261644620890472,0.0884636393081889,eligible,0.0006413288046204,0,0.8846153846153846,0.7087912087912088,0.1715679544702218,adequate_overlap,stable_under_exposure_adjustment,849.4102050569196,3,True,False,moderate_audience_selectivity,0,0,0,0,1,1,0,0,borderline,borderline,6
331979,Quartermaster General WW2: 2nd Edition,2020.0,498,8.204055095213215,0.436287248049501,0.5076866231158359,0.0534793135943464,eligible,0.0017770898720208,0,0.748995983935743,0.4819277108433735,0.1466512566522177,insufficient_overlap,insufficient_overlap,14791.029826594237,7,False,True,moderate_audience_selectivity,0,0,0,0,0,1,0,0,borderline,borderline,6
331992,Steampunk Rally Fusion: Atomic Edition,2021.0,378,7.97787945372352,0.5665127124372669,0.5578737126395117,0.0613839167122975,eligible,0.0013543144589191,0,,,0.0582532144563555,adequate_overlap,stable_under_exposure_adjustment,869.561169326158,4,True,False,moderate_audience_selectivity,0,0,0,0,0,1,0,0,borderline,borderline,3
338960,Slay the Spire: The Board Game,2024.0,4459,9.005989440796906,0.5905648333492763,0.4467949564752267,0.0178723540695032,exclude,0.0159149863135417,1,0.782686701054048,0.5947521865889213,0.0640529641331439,borderline_overlap,moderately_sensitive,1625.366495918148,7,True,False,low_audience_selectivity,0,0,0,0,1,0,0,0,eligible,eligible,0
340722,Smart10: Family,2021.0,147,7.683915234633063,1.2238543749408288,1.169940020856301,0.0984332508838647,eligible,0.0005266778451352,0,,,0.1515612972304583,insufficient_overlap,insufficient_overlap,1181.870676096882,1,True,False,insufficient_evidence,0,0,0,0,0,0,0,0,borderline,borderline,3
351113,KeyForge: Winds of Exchange,2023.0,152,8.548795547818573,0.9380604753373288,1.0141985551080008,0.0968007454739734,eligible,0.0005445920575547,0,,,0.0699454312107916,adequate_overlap,stable_under_exposure_adjustment,1043.2267865564647,4,True,False,moderate_audience_selectivity,0,1,0,1,0,0,0,0,borderline,borderline,6
354307,Crown of Ash,2024.0,197,7.910856533329437,0.3721602902606049,0.3334049469656959,0.0850290609412402,eligible,0.0007022371268469,0,,,0.0962631330098034,adequate_overlap,stable_under_exposure_adjustment,1426.085702334999,4,True,False,low_audience_selectivity,0,0,0,0,0,0,0,0,eligible,eligible,0
354806,London Necropolis Railway,2022.0,141,7.644759545209743,0.4328795341155462,0.4014821907724997,0.1005057571229953,eligible,0.0005051807902317,0,,,0.3562556315988125,insufficient_overlap,insufficient_overlap,807.8780274410365,2,True,False,insufficient_evidence,0,0,0,0,0,0,0,0,eligible,eligible,0
354859,The Fields of Normandy: A Solitaire Wargame,2022.0,137,7.783743781933133,0.3372460616665886,0.2884709520043689,0.1019624382426238,eligible,0.0004442724680052,0,0.6788321167883211,0.5182481751824818,0.2117139398716817,insufficient_overlap,insufficient_overlap,10426.19914115934,6,True,False,insufficient_evidence,1,1,1,0,0,0,0,0,eligible,eligible,2
366194,A Wayfarer's Tale,2022.0,120,7.641364537642482,0.7886914684857365,0.7027705276287426,0.1089456446007282,eligible,0.0004299410980695,0,,,0.0925337940911626,insufficient_overlap,insufficient_overlap,1420.10425880222,2,True,False,insufficient_evidence,0,0,0,0,0,0,0,0,eligible,eligible,0
366310,Dice Throne: Santa v. Krampus,2022.0,1102,8.09232202501498,0.5020343741488684,0.5515523591556146,0.0359508943331604,eligible,0.003912463992433,0,,,0.0626786955999437,borderline_overlap,stable_under_exposure_adjustment,1406.5514112106364,4,True,False,moderate_audience_selectivity,0,0,0,0,0,0,0,0,borderline,borderline,17
415036,Medical Mysteries: NYC Emergency Room,2024.0,189,7.8999896982970705,0.3716655483894202,0.3289805531705871,0.0868099675261116,eligible,0.0006699915444917,0,0.8571428571428571,0.7301587301587301,0.0812955944340632,borderline_overlap,strongly_sensitive,1885.761124193555,7,True,False,moderate_audience_selectivity,0,0,0,0,1,0,0,0,eligible,eligible,0
415776,Kingdom Legacy: Feudal Kingdom,2024.0,565,8.711745326785875,0.8756556327228378,0.6750914686247302,0.0502083872924287,eligible,0.0020207231609269,0,0.7309734513274336,0.5628318584070796,0.0302264527275183,borderline_overlap,moderately_sensitive,709.973065820196,7,True,False,moderate_audience_selectivity,1,1,0,0,0,0,0,0,eligible,eligible,0
393429,Critter Kitchen,2025.0,106,8.266197368010491,0.5962188367913583,0.6012817885806836,0.1159171148780976,eligible,0.000369032775843,0,,,0.0875720449148631,insufficient_overlap,insufficient_overlap,1233.2653926245696,1,True,False,insufficient_evidence,0,0,0,0,0,0,0,0,eligible,eligible,0
394691,The Six of VIII,2024.0,128,8.29111739644164,0.8701577592574967,0.8391065425995645,0.105486166795113,eligible,0.0004550209954569,0,,,0.4560450819534225,insufficient_overlap,insufficient_overlap,1016.9851081207576,2,True,False,insufficient_evidence,0,0,0,0,0,0,0,0,eligible,eligible,0
394735,Exit: The Game – Advent Calendar: The Missing Hollywood Star,2023.0,339,8.058571903052831,1.2052637988647916,1.122892036420618,0.0648187492745028,eligible,0.0012038350745947,0,0.9587020648967552,0.8613569321533924,0.1649545583546025,borderline_overlap,strongly_sensitive,1721.2231380716717,2,True,False,high_audience_selectivity,0,0,0,0,1,0,0,0,borderline,borderline,36
396251,Invincible: The Hero-Building Game,2024.0,363,8.304974252051462,0.4896336939193872,0.3586471385868073,0.0626393414715503,eligible,0.0012934061366926,0,0.9201101928374656,0.8402203856749312,0.1857497995842765,borderline_overlap,strongly_sensitive,1551.0565470913875,7,True,False,moderate_audience_selectivity,0,0,0,0,1,0,0,0,eligible,eligible,0
397385,Pirates of Maracaibo,2023.0,1907,8.416515952911581,0.4381913201545071,0.4008129544020775,0.0273290886447803,borderline,0.0068217320893704,1,,,0.2237799075957927,adequate_overlap,stable_under_exposure_adjustment,1173.6067343571422,4,True,False,low_audience_selectivity,0,0,0,0,0,0,0,0,borderline,borderline,2
104,Extrablatt,1991.0,271,7.673941023344246,1.0703807691287954,1.0125405157965437,0.0724963014019341,eligible,0.0009673674706565,0,,,0.4421209583371864,borderline_overlap,moderately_sensitive,558.6894927363863,2,True,False,moderate_audience_selectivity,0,0,0,0,0,0,0,0,eligible,eligible,0
1353,Time's Up!,1999.0,5962,7.639137369332766,1.176164206718977,1.0221152537346212,0.0154562633920246,exclude,0.0212749186694756,1,0.7566252935256625,0.5342167058034216,0.0733163125542665,borderline_overlap,moderately_sensitive,2571.2501330263663,7,False,True,low_audience_selectivity,0,0,0,0,0,0,0,0,eligible,eligible,1
1447,1841: Railways in Northern Italy,1994.0,343,8.790623187104979,0.7832451957497746,0.7940575751270922,0.0644396890108413,eligible,0.0012145836020465,0,0.7405247813411079,0.446064139941691,0.2342201912828685,insufficient_overlap,insufficient_overlap,20434.7927690024,4,False,True,moderate_audience_selectivity,0,0,0,0,0,0,1,0,borderline,borderline,81
2580,Persian Gulf: Battle for the Middle East,1986.0,216,7.625376564481495,0.3555992637367984,0.2416084962864788,0.0812032890599204,eligible,0.0005696719549421,0,0.9907407407407408,0.875,0.0958171850737533,borderline_overlap,moderately_sensitive,1543.3203440660056,4,True,False,high_audience_selectivity,0,1,1,0,0,0,0,0,eligible,eligible,5
4098,Age of Steam,2002.0,11551,8.358721507144777,0.4125762311937855,0.2609802854188014,0.0111042876633353,exclude,0.0413245052094529,1,0.9389663232620552,0.8280668340403429,0.1128775608908076,borderline_overlap,moderately_sensitive,607.7631824107256,7,False,True,moderate_audience_selectivity,0,0,0,0,0,0,0,0,eligible,eligible,1
4230,Napoleon's Last Battles,1976.0,637,7.502413310016134,0.7158972242955954,0.571266785993922,0.0472858042111986,eligible,0.0017985869269243,0,0.967032967032967,0.8916797488226059,0.073696381939827,insufficient_overlap,insufficient_overlap,9294.81405585976,7,True,False,high_audience_selectivity,0,0,0,0,0,0,0,0,eligible,eligible,13
6688,Ninety-Nine,1974.0,554,7.886113311979459,1.6035999915317074,1.6111055663889502,0.0507043959760171,eligible,0.001974146208636,0,,,0.3553851090292348,adequate_overlap,stable_under_exposure_adjustment,621.7226137437151,2,False,True,moderate_audience_selectivity,0,0,0,0,0,0,0,0,eligible,eligible,0
6830,Zendo,2001.0,3261,7.670660268796655,0.5296828253956258,0.4835048762110707,0.0208989802927257,exclude,0.0116012439629104,1,,,0.1684200244557224,adequate_overlap,stable_under_exposure_adjustment,923.3565264619768,4,True,False,low_audience_selectivity,0,0,0,0,0,0,0,0,eligible,eligible,0
7290,Dynasty League Baseball Powered by Pursue the Pennant,1985.0,222,7.837850753987609,1.4244718999451704,1.3098385551627052,0.0800984309238906,eligible,0.0007344827092021,0,,,0.0509039136720587,adequate_overlap,moderately_sensitive,1201.4741919779726,4,True,False,moderate_audience_selectivity,1,1,0,0,0,0,0,0,eligible,eligible,0
7823,1837: Rail Building in the Austro-Hungarian Empire,1994.0,103,8.288622016967615,0.4715053200712411,0.4766641295517226,0.1175931119315639,eligible,0.0003654499333591,0,0.8349514563106796,0.6116504854368932,0.2549680188466264,insufficient_overlap,insufficient_overlap,2842.6722786737696,1,True,False,insufficient_evidence,0,0,0,0,0,0,1,0,borderline,borderline,81
7854,YINSH,2003.0,9112,8.043699284881908,0.6438331605166514,0.6373208107190482,0.0125024072190291,exclude,0.0324283073218969,1,,,0.0653927321863463,adequate_overlap,stable_under_exposure_adjustment,972.3911106288568,4,True,False,low_audience_selectivity,0,1,0,1,0,0,0,0,eligible,eligible,8
10156,The Russian Campaign: 4th Edition,2003.0,265,7.938715146399343,0.6694207375754475,0.6892913549237027,0.0733124205620359,eligible,0.0008348022987517,0,0.969811320754717,0.8867924528301887,0.0722701995967786,borderline_overlap,strongly_sensitive,2876.984010751924,3,True,False,moderate_audience_selectivity,0,1,1,0,0,1,0,0,borderline,borderline,0
10174,Bitter Woods Deluxe Edition,2003.0,281,7.93876059097591,0.635838155019588,0.4990205003071377,0.0711946461584255,eligible,0.0008240537712999,0,0.9715302491103204,0.8932384341637011,0.0483538161329585,borderline_overlap,strongly_sensitive,5078.690373735467,4,True,False,high_audience_selectivity,0,0,0,0,0,1,0,0,borderline,borderline,0
13709,Clash of Giants II: 1st Ypres & Galicia 1914,2006.0,315,7.501732674329941,0.5206161541565519,0.4643719686067795,0.0672427117026874,eligible,0.001028275792883,0,0.9873015873015872,0.9428571428571428,0.0813292472189876,borderline_overlap,strongly_sensitive,3835.8742738174274,4,True,False,high_audience_selectivity,1,1,1,0,0,0,0,0,eligible,eligible,3
13883,Jenseits von Theben,2004.0,550,7.553988042012132,0.8422885512804976,0.7997956764679826,0.050888441575598,eligible,0.0019669805236682,0,,,0.2735734910443316,adequate_overlap,stable_under_exposure_adjustment,914.1529136982934,4,False,True,moderate_audience_selectivity,0,0,0,0,0,0,0,0,eligible,eligible,0
17651,Under the Lily Banners,2005.0,321,8.02267799485498,0.6275427228884212,0.5518309055429231,0.0666113107553728,eligible,0.0010031958954956,0,0.9875389408099688,0.9376947040498442,0.0817634437826567,borderline_overlap,strongly_sensitive,1674.533860784836,4,True,False,high_audience_selectivity,1,1,1,0,0,0,0,0,eligible,eligible,7
18115,Four Lost Battles,2005.0,135,7.764465804183956,0.6593226477111145,0.534281110263402,0.1027149387705526,eligible,0.0004120268856499,0,0.9851851851851852,0.9481481481481482,0.12226872622799,insufficient_overlap,insufficient_overlap,2250.559488493064,2,True,False,insufficient_evidence,1,1,1,0,0,0,0,0,eligible,eligible,7
20078,Monmouth,2007.0,278,7.646495167592445,0.5205542465999375,0.3813676579785348,0.0715777591279919,eligible,0.0008598821961391,0,0.9784172661870504,0.9316546762589928,0.0622449951700658,borderline_overlap,strongly_sensitive,3048.244422749341,4,True,False,high_audience_selectivity,0,1,1,0,0,0,0,0,eligible,eligible,9
23827,Millionen von Schwalben,2006.0,133,7.546311479834395,1.0658249660773658,1.0456889982822366,0.1034843498136905,eligible,0.0004729352078765,0,,,0.2210239353368811,insufficient_overlap,insufficient_overlap,693.2768470623142,1,False,True,insufficient_evidence,0,0,0,0,0,0,0,0,eligible,eligible,0
28720,Brass: Lancashire,2007.0,25190,8.59688959927666,0.342031870192411,0.2588813800602665,0.0075194558214924,exclude,0.0902518021697694,1,0.8978165938864628,0.745414847161572,0.0682556985006539,adequate_overlap,stable_under_exposure_adjustment,643.2411328507392,7,True,False,moderate_audience_selectivity,0,0,0,0,0,0,0,0,borderline,borderline,2
35035,World at War: Blood and Bridges,2008.0,348,7.709577468061311,0.5072582517990609,0.4834899215267709,0.0639750853376104,eligible,0.0011178468549808,0,0.971264367816092,0.8362068965517241,0.0853610579184977,borderline_overlap,moderately_sensitive,2609.7978091429613,4,True,False,moderate_audience_selectivity,0,1,1,0,0,0,0,0,borderline,borderline,3
35570,Tinners' Trail,2008.0,4113,7.70478234464021,0.3771081173758217,0.3156758929213277,0.0186089188105825,exclude,0.0147290654513664,1,0.9734986627765622,0.9158764891806468,0.248051752874891,borderline_overlap,moderately_sensitive,813.7387328970125,7,True,False,high_audience_selectivity,0,0,0,0,0,0,0,0,eligible,eligible,10
41090,Magnate,2008.0,210,7.683532630210059,1.1239583821871555,1.0950519031937338,0.0823551662963296,eligible,0.0007452312366539,0,0.8523809523809524,0.7238095238095238,0.1854349629058035,borderline_overlap,moderately_sensitive,1129.5229354192684,4,True,False,moderate_audience_selectivity,0,1,0,1,0,0,0,0,eligible,eligible,3
82222,Xia: Legends of a Drift System,2014.0,9900,8.138306734974083,0.4389281010489156,0.80328905390415,0.0119945207073736,exclude,0.0354020665835447,1,,,0.05789488512674,adequate_overlap,stable_under_exposure_adjustment,1061.3804779815805,4,True,False,low_audience_selectivity,0,0,0,0,0,0,0,0,eligible,eligible,1
83040,Leader 1: Hell of the North,2011.0,480,7.913656690269035,1.1010388915141354,1.034755512499209,0.0544728223003641,eligible,0.0017018501798586,0,,,0.1023992486200891,adequate_overlap,stable_under_exposure_adjustment,1000.2016294942472,4,True,False,low_audience_selectivity,0,0,0,0,0,0,1,0,borderline,borderline,4
109125,Wallenstein (Second Edition),2012.0,1371,8.083348004033729,0.6819104609237367,0.6933067608807058,0.0322315928538531,eligible,0.004901328517993,0,0.9161196207148068,0.8234865061998541,0.1945628153596953,borderline_overlap,moderately_sensitive,862.6460287723231,7,False,True,moderate_audience_selectivity,0,0,0,0,0,1,0,0,borderline,borderline,0
125943,Corporate America,2013.0,482,7.561106249489165,1.083470454919806,1.0521539006346758,0.0543596906677563,eligible,0.0017197643922782,0,0.8879668049792531,0.7780082987551867,0.1667232458538374,borderline_overlap,strongly_sensitive,1567.2130276714336,7,True,False,moderate_audience_selectivity,0,0,0,0,0,0,0,0,eligible,eligible,0
128671,Spartacus: A Game of Blood and Treachery,2012.0,8832,7.757213967271501,0.4491576962742973,0.3477651377275768,0.0126990421783774,exclude,0.0315612594407899,1,,,0.0561831789161426,adequate_overlap,stable_under_exposure_adjustment,1332.4920860289571,4,True,False,low_audience_selectivity,0,0,0,0,0,0,0,0,eligible,eligible,0
131904,Heart of Crown,2011.0,1063,7.949436789133162,0.8623000979867124,0.7661038291033249,0.0366044481319468,eligible,0.0037834816630121,0,,,0.0863285827087159,adequate_overlap,stable_under_exposure_adjustment,1171.7050687033714,4,True,False,low_audience_selectivity,0,0,0,0,0,0,0,0,eligible,eligible,2
134520,Phantom Leader: Deluxe Edition,2013.0,533,8.096561894643822,0.6439430941064384,0.7065839959271294,0.0516936134931369,eligible,0.0017197643922782,0,0.8236397748592871,0.6228893058161351,0.193143939460841,insufficient_overlap,insufficient_overlap,16396.45598415432,7,True,False,moderate_audience_selectivity,1,1,1,0,0,1,0,0,borderline,borderline,16
134524,Lion Rampant: Medieval Wargaming Rules,2014.0,145,7.882805234227336,0.8882592880134403,0.787860952940326,0.0991097760339054,eligible,0.0004765180503604,0,0.8344827586206897,0.6620689655172414,0.1541381077017499,insufficient_overlap,insufficient_overlap,9827.589669315985,3,False,True,insufficient_evidence,0,1,1,0,0,0,0,0,eligible,eligible,3
139952,Clockwork Wars,2015.0,701,8.014669817024513,0.3856782224492896,0.5616288729635581,0.0450755969433,eligible,0.002511572581223,0,0.7047075606276747,0.4921540656205421,0.1651102567037791,insufficient_overlap,insufficient_overlap,9842.43644105231,7,True,False,moderate_audience_selectivity,0,0,0,0,0,0,0,0,eligible,eligible,0
145371,Three Kingdoms Redux,2014.0,1632,8.439230758831215,0.5882958153183715,0.5149348583559501,0.0295420357007307,eligible,0.0058436160912621,1,0.9350490196078431,0.8541666666666666,0.2160021897965597,borderline_overlap,strongly_sensitive,737.6330517782269,6,True,False,moderate_audience_selectivity,0,0,0,0,0,0,0,0,eligible,eligible,0
146791,Shadows of Brimstone: City of the Ancients,2014.0,3582,7.998620251969343,0.3711929219628098,0.3723222994978838,0.0199405762745146,exclude,0.012686845235536,1,0.830820770519263,0.6359575656058069,0.1068518680744948,adequate_overlap,stable_under_exposure_adjustment,1542.565821401163,7,True,False,low_audience_selectivity,0,0,0,0,1,0,0,0,eligible,eligible,6
146922,Chain of Command,2013.0,174,8.37545809403745,0.8356430407718101,0.8444430938491134,0.0904744333384248,eligible,0.0005768376399099,0,0.8103448275862069,0.603448275862069,0.2232920924012564,borderline_overlap,strongly_sensitive,4567.304457386227,6,True,False,moderate_audience_selectivity,0,0,0,0,0,0,0,0,eligible,eligible,1
153016,Telestrations: 12 Player Party Pack,2011.0,3140,7.962493213410589,1.522468320014175,1.4669307208857738,0.0212978454795044,exclude,0.011203548447196,1,0.8143312101910828,0.5812101910828026,0.0398977159830741,borderline_overlap,moderately_sensitive,2805.943121621204,7,True,False,moderate_audience_selectivity,0,0,0,0,0,0,0,0,borderline,borderline,4
153703,Darkest Night: Necromancer Bundle,2013.0,117,7.649267383745693,0.9566735942151166,0.9396052513015968,0.1103335431594635,eligible,0.0004156097281339,0,0.8376068376068376,0.7008547008547008,0.1291342812795348,insufficient_overlap,insufficient_overlap,818.8906851302884,2,True,False,insufficient_evidence,0,0,0,0,1,0,0,0,borderline,borderline,6
153728,Fields of Despair: France 1914-1918,2017.0,416,8.203917575497034,0.5035953399353872,0.4786910339059496,0.0585131974202964,eligible,0.0014367198360491,0,0.9783653846153846,0.8822115384615384,0.0757858598012205,borderline_overlap,strongly_sensitive,2826.5266381525885,4,True,False,moderate_audience_selectivity,1,1,1,0,0,0,0,0,eligible,eligible,0
156175,Championship Formula Racing,2017.0,338,7.92592615353109,0.8334747101621138,0.7158530016586591,0.064914564181608,eligible,0.0011823380196913,0,,,0.1017560599279292,adequate_overlap,stable_under_exposure_adjustment,1380.9552691835936,4,True,False,low_audience_selectivity,0,0,0,0,0,0,0,0,eligible,eligible,0
156372,Heart of Crown: Fairy Garden,2013.0,304,8.435737541032188,1.5841251101401923,1.4957523247309863,0.0684484635485595,eligible,0.0010784355876578,0,,,0.1055277613957368,adequate_overlap,stable_under_exposure_adjustment,915.3242185094732,4,True,False,moderate_audience_selectivity,0,0,0,0,0,0,0,0,borderline,borderline,2
156373,Chimera,2014.0,846,7.58545874700252,0.6138689046490038,0.5792700344997401,0.041031303527239,eligible,0.0030275018989065,0,,,0.3184305724971578,adequate_overlap,stable_under_exposure_adjustment,1177.117003923819,4,True,False,moderate_audience_selectivity,0,0,0,0,0,0,0,0,eligible,eligible,9
158600,Hanamikoji,2013.0,19235,7.771460626531826,0.487866768048721,0.4447104811571973,0.0086050698608084,exclude,0.0687762443211946,1,,,0.0612674987073079,borderline_overlap,moderately_sensitive,2017.0396265189856,4,True,False,moderate_audience_selectivity,0,1,0,1,0,0,0,0,borderline,borderline,53
162286,Super Motherload,2015.0,4056,7.731557907780039,0.4850959527694867,0.4619190584326658,0.0187392205522893,exclude,0.0145212605872995,1,,,0.1407251855037183,adequate_overlap,stable_under_exposure_adjustment,1191.2203938374416,4,True,False,low_audience_selectivity,0,0,0,0,0,0,0,0,eligible,eligible,0
161921,Dolmen,2015.0,141,7.507000440527332,0.618431325870092,0.5897509052417016,0.1005057571229953,eligible,0.0005051807902317,0,,,0.3775322273434934,insufficient_overlap,insufficient_overlap,417.0383870955292,2,True,False,insufficient_evidence,0,0,0,0,0,0,0,0,eligible,eligible,1
171726,Project: ELITE,2016.0,1141,7.884551132988267,0.5180948992461287,0.4958270900599073,0.0353311418682009,eligible,0.004077274746693,0,0.901840490797546,0.7668711656441718,0.110179339183922,borderline_overlap,moderately_sensitive,1488.802537280398,7,True,False,moderate_audience_selectivity,0,0,0,0,1,0,0,0,borderline,borderline,2
175360,W1815,2015.0,711,7.763831442437395,0.7782359324339616,0.7420691497163716,0.0447574871326017,eligible,0.0024399157315447,0,0.9240506329113924,0.8410689170182841,0.099559937790272,insufficient_overlap,insufficient_overlap,14054.354700383448,7,True,False,moderate_audience_selectivity,0,1,1,0,0,0,0,0,eligible,eligible,0
175707,Apex Theropod Deck-Building Game: Exotic Predators Limited Edition,2014.0,133,7.556654252126711,0.7300467884856845,0.6290274064098442,0.1034843498136905,eligible,0.0004621866804247,0,,,0.0755851785041923,insufficient_overlap,insufficient_overlap,921.7182311744172,3,False,True,insufficient_evidence,0,0,0,0,0,1,0,0,borderline,borderline,0
183315,Tetrarchia,2015.0,683,7.683943240621804,0.3478790379334056,0.2878661395006761,0.0456657026036423,eligible,0.0023682588818665,0,0.595900439238653,0.3938506588579795,0.0514471398620972,insufficient_overlap,insufficient_overlap,19751.683237015583,8,True,False,moderate_audience_selectivity,0,0,0,0,1,0,0,0,eligible,eligible,0
192663,Fleet Commander: Genesis,2016.0,164,7.762737748990816,0.5130410036516286,0.5587606434189416,0.0931919870317611,eligible,0.0005768376399099,0,0.6097560975609756,0.3902439024390244,0.1014630748659846,borderline_overlap,strongly_sensitive,8622.002538822495,6,True,False,moderate_audience_selectivity,0,0,0,0,0,0,0,0,borderline,borderline,2
193042,Junk Art,2016.0,7771,7.691391581247917,0.5357342222551935,0.5345276586929177,0.0135382347802302,exclude,0.0278207718875847,1,0.7741603397246172,0.5381546776476644,0.1020447128456241,borderline_overlap,moderately_sensitive,3224.78186011374,7,True,False,moderate_audience_selectivity,0,0,0,0,0,0,0,0,eligible,eligible,0
193512,Kingdom Defenders,2018.0,453,7.879703571896924,0.5033692375770098,0.6929492695516064,0.0560726904700306,eligible,0.0016230276452126,0,,,0.0945488071189854,adequate_overlap,stable_under_exposure_adjustment,834.1225785950784,4,True,False,low_audience_selectivity,0,0,0,0,0,0,0,0,eligible,eligible,0
197072,High Treason: The Trial of Louis Riel,2016.0,559,7.742884563824832,0.4124972625020131,0.3464472454120884,0.0504771227746467,eligible,0.0019920604210556,0,,,0.2431230112915262,adequate_overlap,stable_under_exposure_adjustment,1432.28157427092,4,True,False,moderate_audience_selectivity,0,1,0,1,0,0,0,0,eligible,eligible,0
198630,Hold the Line: The American Revolution,2016.0,129,7.656593737522575,0.5328594186192639,0.4855152500319555,0.1050765102308597,eligible,0.0004335239405534,0,0.8992248062015504,0.8062015503875969,0.0709457519519131,insufficient_overlap,insufficient_overlap,14374.559119330708,2,True,False,insufficient_evidence,1,1,1,0,0,0,0,0,borderline,borderline,5
198740,Lovecraft Letter,2017.0,5033,7.534821299989631,0.5176193633651431,0.6346853476943339,0.0168223641821584,exclude,0.0179715378993077,1,,,0.038660540255409,borderline_overlap,moderately_sensitive,2564.7066761361834,4,True,False,low_audience_selectivity,0,0,0,0,0,0,0,0,borderline,borderline,21
199793,Dokmus,2016.0,1248,7.5126406997683395,0.3551651673113598,0.2944661275716784,0.0337826102817538,eligible,0.0044713874199234,0,,,0.3368543768252173,adequate_overlap,stable_under_exposure_adjustment,1292.524776334055,4,True,False,moderate_audience_selectivity,0,0,0,0,0,0,0,0,eligible,eligible,0
203800,Dust 1947,2016.0,101,7.654677090461042,0.4376866582224723,0.525304571097478,0.1187516927360825,eligible,0.0003439528784556,0,0.6435643564356436,0.4356435643564356,0.2161224099157664,insufficient_overlap,insufficient_overlap,12868.704912604477,6,True,False,insufficient_evidence,0,0,0,0,0,0,0,0,eligible,eligible,4
212370,Omen: Edge of the Aegean,2016.0,183,7.772215473079981,1.092582047783856,1.0740750528228409,0.0882216042737541,eligible,0.000655660174556,0,,,0.1644976193002699,adequate_overlap,stable_under_exposure_adjustment,981.7098276084848,2,True,False,moderate_audience_selectivity,0,1,0,1,0,0,0,0,borderline,borderline,4
212956,Room 25 Ultimate,2016.0,873,7.595697657822653,1.0508678343583249,1.0243214437419557,0.0403918155049935,eligible,0.0031134901185204,0,0.7949599083619702,0.6219931271477663,0.0405398639220482,borderline_overlap,moderately_sensitive,1766.3673148420526,7,True,False,moderate_audience_selectivity,0,0,0,0,1,1,0,0,borderline,borderline,0
214296,Tenkatoitsu,2016.0,220,8.643939013797509,0.8336000578072884,0.7062621084214538,0.0804616909776487,eligible,0.0007201513392665,0,0.9136363636363636,0.7863636363636364,0.0769619662185345,borderline_overlap,moderately_sensitive,2879.9630290997684,3,True,False,moderate_audience_selectivity,1,1,1,0,0,0,0,0,eligible,eligible,1
214988,Railways of Nippon,2018.0,518,8.090449643821074,0.869086764632204,0.7684498452786954,0.0524367318222743,eligible,0.0018559124066669,0,,,0.2550617325325731,adequate_overlap,stable_under_exposure_adjustment,1114.3322678335294,4,True,False,moderate_audience_selectivity,0,0,0,0,0,0,0,0,borderline,borderline,4
208754,Wings of Glory: Tripods & Triplanes,2018.0,102,7.974211209966231,1.2005992228773046,1.0917497950850574,0.1181681428029229,eligible,0.0003618670908752,0,0.7941176470588235,0.5980392156862745,0.130518965074038,insufficient_overlap,insufficient_overlap,5481.639368215522,2,False,True,insufficient_evidence,0,0,0,0,0,0,0,0,borderline,borderline,12
209136,Q.E.,2017.0,318,7.994942579540181,1.2638969472483377,1.184124440495447,0.0669247774785544,eligible,0.0011357610674004,0,0.9748427672955976,0.9433962264150944,0.4378159152867559,borderline_overlap,strongly_sensitive,1565.056715843647,2,True,False,high_audience_selectivity,0,0,0,0,0,0,0,0,eligible,eligible,0
223770,Startups,2017.0,5151,7.6635674351811325,0.4667859992288896,0.4590731760598814,0.016628563028295,exclude,0.0184014789973773,1,0.8324597165598913,0.6950106775383421,0.0952610715670897,borderline_overlap,moderately_sensitive,1951.77332821077,7,True,False,low_audience_selectivity,0,0,0,0,0,0,0,0,eligible,eligible,0
225836,España 20: La Guerra Peninsular,2017.0,113,7.684195483816511,0.4739206446528463,0.4500375477680904,0.1122693670265072,eligible,0.0003869469882626,0,0.8495575221238938,0.7168141592920354,0.1140458305764166,insufficient_overlap,insufficient_overlap,9904.194042326655,3,True,False,insufficient_evidence,1,1,1,0,0,0,1,0,eligible,eligible,4
225976,Emperor's Choice,2017.0,115,7.775552161456256,0.4775244391826376,0.5133578591060601,0.1112888297569097,eligible,0.0004120268856499,0,,,0.4670328845191793,insufficient_overlap,insufficient_overlap,200.7490791382088,2,True,False,insufficient_evidence,0,0,0,0,0,0,0,0,eligible,eligible,0
223931,Sherlock Holmes Consulting Detective: Carlton House & Queen's Park,2017.0,1401,8.009069367229523,0.6696721288777319,0.6783288544160389,0.0318846334176378,eligible,0.0050016481075426,1,0.7987152034261242,0.5681655960028551,0.1055436860904931,borderline_overlap,moderately_sensitive,2101.1246984720365,7,False,True,moderate_audience_selectivity,0,0,0,0,1,0,0,0,borderline,borderline,4
224678,Baseball Highlights: 2045 – Spring Training,2017.0,176,7.706666397485737,0.8941177607295838,0.8315573470935327,0.089958905305302,eligible,0.0006269974346847,0,,,0.1312454647450191,adequate_overlap,stable_under_exposure_adjustment,678.5584089933574,2,True,False,moderate_audience_selectivity,1,1,0,0,0,0,0,0,borderline,borderline,5
237009,Urbino,2017.0,207,8.44228573901027,1.4510307110602092,1.4295185874866707,0.0829497961576172,eligible,0.0007201513392665,0,,,0.2421637413737123,adequate_overlap,stable_under_exposure_adjustment,1062.7197821628915,2,False,True,moderate_audience_selectivity,0,1,0,1,0,0,0,0,eligible,eligible,0
237792,Rummikub Twist,2016.0,204,7.62447815110335,0.7923343023979754,0.8352086153480407,0.0835574950961671,eligible,0.0007201513392665,0,,,0.1409999363463738,borderline_overlap,stable_under_exposure_adjustment,1644.4227236278753,4,True,False,moderate_audience_selectivity,0,0,0,0,0,0,0,0,borderline,borderline,4
244258,The Red Dragon Inn 7: The Tavern Crew,2018.0,310,7.855604716276058,1.3138743835085709,1.4141990850659347,0.0677828224813342,eligible,0.0010820184301417,0,0.667741935483871,0.3612903225806451,0.2296324705992541,adequate_overlap,stable_under_exposure_adjustment,1626.46208679483,6,True,False,moderate_audience_selectivity,0,0,0,0,0,0,1,0,borderline,medium,11
244271,Dice Throne: Season Two – Battle Chest,2019.0,4629,8.22312019303742,0.7102567430033186,0.7115496993140873,0.0175411032725231,exclude,0.016477492583516,1,,,0.0868114340327516,borderline_overlap,stable_under_exposure_adjustment,1591.538224098314,4,True,False,moderate_audience_selectivity,0,0,0,0,0,0,0,0,borderline,borderline,17
247104,Blitz Bowl,2018.0,763,7.942293552230859,0.7048704180166832,0.6625974033677826,0.0432054195622422,eligible,0.0026907147054186,0,,,0.0579918585012967,borderline_overlap,moderately_sensitive,1817.8780720523584,4,True,False,moderate_audience_selectivity,0,1,0,1,0,0,0,0,eligible,eligible,19
253506,Versailles 1919,2020.0,952,8.053845311011463,0.3777301046732653,0.2556776217007659,0.0386796042233389,eligible,0.0033642890923943,0,,,0.1202388844744309,adequate_overlap,stable_under_exposure_adjustment,1138.6803673938512,4,True,False,low_audience_selectivity,0,0,0,0,0,0,0,0,eligible,eligible,3
258148,Power Rangers: Heroes of the Grid,2019.0,787,7.749970933603167,0.5297013406841806,0.4631994749472472,0.0425415323980616,eligible,0.0027767029250326,0,0.8132147395171537,0.6454891994917408,0.0649821424501134,borderline_overlap,moderately_sensitive,1304.0014223685516,7,True,False,moderate_audience_selectivity,0,0,0,0,1,0,0,0,eligible,eligible,1
262621,The Soo Line,2018.0,217,7.759402777597738,0.8490432935071395,0.6004571386257771,0.0810159686511251,eligible,0.0007774768190091,0,0.9815668202764976,0.9447004608294932,0.3325931810317635,borderline_overlap,strongly_sensitive,1382.309327553404,2,True,False,high_audience_selectivity,0,0,0,0,0,0,0,0,borderline,borderline,33
263192,Teenage Mutant Ninja Turtles Adventures: Change is Constant,2020.0,329,8.123381717246433,0.7380331678718139,0.611286252878859,0.0657964628278533,eligible,0.0011608409647878,0,0.8632218844984803,0.662613981762918,0.0976450776210455,adequate_overlap,stable_under_exposure_adjustment,929.1731093309754,7,True,False,moderate_audience_selectivity,0,0,0,0,1,0,0,0,eligible,eligible,3
263938,Paupers' Ladder,2019.0,251,7.9002018437381105,0.9733682283069554,0.9712337981206528,0.0753292485455614,eligible,0.0008957106209782,0,,,0.0851316650088603,adequate_overlap,moderately_sensitive,1591.6263709791588,4,False,True,moderate_audience_selectivity,0,0,0,0,0,0,0,0,eligible,eligible,0
266830,QE,2019.0,6703,7.838379566800632,0.4690699887650593,0.4057888188434839,0.0145769238875968,exclude,0.0240050446422173,1,0.9054154856034612,0.7732358645382664,0.1782008057863796,borderline_overlap,moderately_sensitive,2671.176362879608,7,True,False,moderate_audience_selectivity,0,0,0,0,0,0,0,0,eligible,eligible,0
266938,Smash Up: World Tour – International Incident,2019.0,360,7.6215664247901636,0.4082527313209461,0.4240870054452621,0.0628997972372677,eligible,0.001275491924273,0,,,0.0835167195546714,adequate_overlap,stable_under_exposure_adjustment,925.1661584385228,2,True,False,moderate_audience_selectivity,0,1,0,1,0,0,0,0,borderline,borderline,17
266965,Dice Throne: Season Two – Tactician v. Huntress,2018.0,1087,7.872558725769783,0.4395220066764045,0.4992548831005718,0.0361980956933816,eligible,0.0038479728277226,0,,,0.0517117658560808,adequate_overlap,stable_under_exposure_adjustment,1618.2196632749826,4,True,False,moderate_audience_selectivity,0,1,0,1,0,0,0,0,borderline,borderline,17
266966,Dice Throne: Season Two – Gunslinger v. Samurai,2018.0,1634,7.711248245079315,0.3613896647769588,0.4158133724176212,0.0295239505838225,eligible,0.0057970391389712,1,,,0.0614547053918653,borderline_overlap,stable_under_exposure_adjustment,1522.360307079611,4,True,False,moderate_audience_selectivity,0,1,0,1,0,0,0,0,borderline,borderline,17
266967,Dice Throne: Season Two – Cursed Pirate v. Artificer,2018.0,1128,7.981505250665476,0.4346506076653913,0.5016483565355152,0.035534151204979,eligible,0.0040056178970147,0,,,0.0673446157193912,adequate_overlap,stable_under_exposure_adjustment,972.4762597712398,4,True,False,moderate_audience_selectivity,0,1,0,1,0,0,0,1,borderline,borderline,17
267661,Crossing the Line: Aachen 1944,2019.0,198,8.306191861689015,0.4419285643489274,0.3612550768796367,0.0848140692926634,eligible,0.000573254797426,0,0.9444444444444444,0.8333333333333334,0.1665174494197168,borderline_overlap,moderately_sensitive,3023.1856126760945,3,True,False,high_audience_selectivity,1,1,1,0,0,0,0,0,eligible,eligible,2
274428,Gaslands: Refuelled,2019.0,738,8.42370162644672,0.7201169020268292,0.7482782795648628,0.0439311239882714,eligible,0.0026118921707726,0,0.6043360433604336,0.3929539295392953,0.0574251344865808,insufficient_overlap,insufficient_overlap,14271.71529805811,7,True,False,moderate_audience_selectivity,0,0,0,0,0,0,0,0,eligible,eligible,0
274638,Unmatched: Robin Hood vs. Bigfoot,2019.0,4374,8.06974176448516,0.5712810782916584,0.5574311922945245,0.0180451753466489,exclude,0.0155244564827951,1,,,0.0964776375253154,borderline_overlap,stable_under_exposure_adjustment,1705.4646008274146,4,True,False,moderate_audience_selectivity,0,1,0,1,0,0,0,0,borderline,borderline,18
283642,Cowboy Bebop: Space Serenade,2019.0,705,7.603579479906696,0.6886157605925858,0.6022662489290633,0.0449475410114202,eligible,0.0025044068962552,0,,,0.0400275514048939,adequate_overlap,stable_under_exposure_adjustment,1221.3489440820442,4,True,False,low_audience_selectivity,0,0,0,0,0,0,0,0,eligible,eligible,0
283864,Trails of Tucana,2019.0,4776,7.714691111136336,0.713042847134929,0.4368538531380537,0.0172690456198309,exclude,0.0171009071757169,1,,,0.1397804542399958,borderline_overlap,moderately_sensitive,2283.6693383713823,4,True,False,moderate_audience_selectivity,0,0,0,0,0,0,0,0,eligible,eligible,0
284108,Pictures,2019.0,3352,7.591191093547571,0.5081137430859917,0.4757329676275761,0.0206133458959555,exclude,0.0119989394786247,1,0.7822195704057279,0.587708830548926,0.1083608635763342,borderline_overlap,moderately_sensitive,3369.548518297683,7,False,True,low_audience_selectivity,0,0,0,0,0,0,0,0,eligible,eligible,1
286358,Commands & Colors Tricorne: Jacobite Rising,2020.0,100,8.379267246947594,0.8060869190842972,0.857124205726949,0.1193439741795195,eligible,0.0003367871934878,0,0.95,0.84,0.1373023410991999,insufficient_overlap,insufficient_overlap,3828.2336697513374,2,True,False,insufficient_evidence,0,1,1,0,0,0,0,0,borderline,borderline,13
286363,SPELL,2020.0,188,7.591679807063362,0.4158363992838234,0.509690879396067,0.0870405388951028,eligible,0.0006664087020078,0,,,0.0490837264979445,adequate_overlap,stable_under_exposure_adjustment,913.9373716192804,2,True,False,low_audience_selectivity,1,1,0,0,0,0,0,0,eligible,eligible,0
286431,Electropolis,2019.0,724,7.825128418522104,0.4505068666592846,0.4241738585909109,0.0443538386987549,eligible,0.0025832294309012,0,,,0.325477057091544,adequate_overlap,stable_under_exposure_adjustment,913.9523263508012,4,True,False,moderate_audience_selectivity,0,0,0,0,0,0,0,0,eligible,eligible,0
288378,Estoril 1942: Super Box,2019.0,201,7.7485710229825,0.4005139609472969,0.4108788250686146,0.0841787489666658,eligible,0.0007129856542986,0,,,0.0779055012119961,adequate_overlap,moderately_sensitive,870.8733300951524,3,False,True,moderate_audience_selectivity,0,0,0,0,0,1,1,0,borderline,borderline,0
299179,Chancellorsville 1863,2020.0,189,8.057866186107379,0.734822841463437,0.6818445105812714,0.0868099675261116,eligible,0.0006449116471043,0,0.9312169312169312,0.8306878306878307,0.0769759966863275,borderline_overlap,strongly_sensitive,5777.31103410442,4,True,False,moderate_audience_selectivity,1,1,1,0,0,0,0,0,eligible,eligible,0
299544,Exhibition: 20th Century,2021.0,175,7.509266390980361,0.606003162745413,0.6323475000398524,0.0902155646151778,eligible,0.0006234145922008,0,,,0.4690204621589309,borderline_overlap,moderately_sensitive,820.8916877571103,2,True,False,moderate_audience_selectivity,0,0,0,0,0,0,0,0,eligible,eligible,0
310448,Zombie Teenz Evolution,2020.0,2006,7.824416743314829,0.5344254796221906,0.5371607724856657,0.0266461845522864,borderline,0.0071477707554065,1,0.8509471585244267,0.67098703888335,0.050930223555897,borderline_overlap,strongly_sensitive,1288.6087951564934,8,True,False,moderate_audience_selectivity,0,0,0,0,1,0,0,0,eligible,eligible,5
317030,Quest: Avalon Big Box Edition,2021.0,322,8.283888142620466,1.078706432911451,0.9779570293974942,0.0665077966124016,eligible,0.0011536752798199,0,0.7981366459627329,0.5869565217391305,0.0924072008092812,borderline_overlap,moderately_sensitive,1505.2855795650055,5,True,False,moderate_audience_selectivity,0,0,0,0,0,1,0,0,borderline,borderline,5
318098,Silver Dagger,2020.0,300,7.53347240151887,0.4937384133220339,0.5530176226194063,0.0689032756187053,eligible,0.0010748527451739,0,,,0.1344825819534225,adequate_overlap,stable_under_exposure_adjustment,1060.6401678023742,2,True,False,moderate_audience_selectivity,0,0,0,0,0,0,0,0,borderline,borderline,4
324157,Hidden Games Crime Scene: Green Poison,2020.0,253,8.432093468244132,1.140850289534615,1.0944822715347406,0.0750309137158037,eligible,0.0008921277784943,0,0.9486166007905138,0.8458498023715415,0.0952304645021101,borderline_overlap,moderately_sensitive,1280.9641715494108,2,False,True,moderate_audience_selectivity,0,0,0,0,1,0,0,0,borderline,borderline,6
329839,So Clover!,2021.0,9292,7.974623611118608,0.4721260646064378,0.4616991738350409,0.012380719814575,exclude,0.0332523610931968,1,0.8087602238484718,0.5820060266896255,0.1219103063993433,borderline_overlap,strongly_sensitive,4726.595458906684,8,False,True,moderate_audience_selectivity,0,0,0,0,1,0,0,0,eligible,eligible,0
331212,Aeon's End: Legacy of Gravehold,2021.0,743,8.422006523091863,0.3502765992692218,0.2968825807302195,0.0437830577632625,eligible,0.0026548862805795,0,0.9448183041722744,0.8263795423956931,0.0637518883348882,borderline_overlap,strongly_sensitive,317.19230071381816,5,True,False,high_audience_selectivity,0,0,0,0,1,0,0,0,borderline,borderline,6
331582,HEXplore It: The Domain of Mirza Noctis,2022.0,305,8.515307831492972,0.5911637186759808,0.5136549283187044,0.0683361608255901,eligible,0.0010748527451739,0,0.9245901639344264,0.7475409836065574,0.1430584016531348,adequate_overlap,stable_under_exposure_adjustment,656.4407784819372,4,True,False,moderate_audience_selectivity,0,0,0,0,1,0,0,0,borderline,borderline,4
341512,In the Ashes,2022.0,305,8.289868806340237,0.9393289438895174,0.8361995792177268,0.0683361608255901,eligible,0.0010856012726256,0,,,0.1469777905357956,borderline_overlap,stable_under_exposure_adjustment,1395.466251511517,3,True,False,moderate_audience_selectivity,1,1,0,0,0,0,0,0,eligible,eligible,0
347703,First Rat,2022.0,3806,7.959185710653522,0.3291537565795144,0.3100480501228153,0.0193448828426415,exclude,0.0136219671238373,1,,,0.1943407007132754,adequate_overlap,stable_under_exposure_adjustment,1277.5059037764977,4,True,False,moderate_audience_selectivity,0,0,0,0,0,0,0,0,eligible,eligible,0
348406,Marvel Dice Throne,2022.0,2987,8.132048169861864,0.6158004960101593,0.5965760483520004,0.0218364926874236,exclude,0.0105944652249308,1,,,0.0634116262822654,borderline_overlap,moderately_sensitive,1742.2299712433532,4,True,False,moderate_audience_selectivity,0,0,0,0,0,0,0,0,borderline,borderline,17
349258,Live Mission Game: The Heist – Crime Does Pay,2021.0,120,7.5545983933093535,0.3702914406355564,0.3444950612062385,0.1089456446007282,eligible,0.0004263582555856,0,0.9083333333333332,0.7583333333333333,0.0884461162114769,insufficient_overlap,insufficient_overlap,1172.564215666266,2,True,False,insufficient_evidence,0,0,0,0,1,0,0,0,eligible,eligible,0
360641,Maladum: Dungeons of Enveron,2024.0,140,8.787989144766346,0.6752238894851299,0.6364087147668265,0.1008640675540311,eligible,0.0004657695229086,0,0.7785714285714286,0.5428571428571428,0.2705449701746464,insufficient_overlap,insufficient_overlap,697.6961395457489,5,True,False,insufficient_evidence,0,0,0,0,1,0,0,0,eligible,eligible,0
360956,"Suspects: Claire Harper, Eternal Investigator",2022.0,161,7.835290112112586,0.6761652172754431,0.6658311665421994,0.0940562279728098,eligible,0.0005660891124582,0,0.9254658385093169,0.8198757763975155,0.1201748946793858,borderline_overlap,moderately_sensitive,1238.8048801477742,2,True,False,moderate_audience_selectivity,0,0,0,0,1,0,0,0,eligible,eligible,3
361637,Decktective: You Can't Cheat Death,2022.0,159,7.563152335318428,0.6803830785682656,0.6791664679239133,0.0946459279689731,eligible,0.0005589234274904,0,0.9559748427672956,0.8742138364779874,0.2149683507483289,borderline_overlap,strongly_sensitive,1736.1433701901424,1,True,False,moderate_audience_selectivity,0,0,0,0,1,0,0,0,eligible,eligible,5
362505,One Piece Card Game,2022.0,211,7.715890300586802,0.5160333554680756,0.5621913666291247,0.0821597800986509,eligible,0.0007523969216217,0,,,0.083155567735413,adequate_overlap,stable_under_exposure_adjustment,1315.92372669371,2,True,False,low_audience_selectivity,0,1,0,1,0,0,0,0,eligible,eligible,0
367432,On to Richmond II: The Union Strikes South,2023.0,102,9.49558070485074,0.9983603471466438,0.995714584001176,0.1181681428029229,eligible,0.0002937930836808,0,0.9705882352941176,0.9117647058823528,0.1323522681957121,insufficient_overlap,insufficient_overlap,2258.1790046518645,1,False,True,insufficient_evidence,1,1,1,0,0,0,0,0,eligible,eligible,13
400995,Perspectives,2023.0,699,8.112228083730708,0.522562783073564,0.5351384968988988,0.0451400367145044,eligible,0.0024900755263195,0,0.899856938483548,0.7911301859799714,0.1381602286485191,borderline_overlap,moderately_sensitive,2061.177473409365,7,True,False,moderate_audience_selectivity,0,0,0,0,1,0,0,0,eligible,eligible,1
401885,Schätz it if you can,2023.0,231,7.682922113674121,0.5947610660298333,0.5517152180917604,0.0785225700946497,eligible,0.0008276366137839,0,,,0.1596008766986092,borderline_overlap,moderately_sensitive,1975.7873825511413,2,False,True,moderate_audience_selectivity,0,0,0,0,0,0,0,0,eligible,eligible,0
402207,YRO,2024.0,154,7.86399219964577,0.5735053735930595,0.6181943348985914,0.0961701150119088,eligible,0.0005481749000386,0,,,0.1499371274079679,adequate_overlap,stable_under_exposure_adjustment,941.0622611921884,2,True,False,low_audience_selectivity,0,0,0,0,0,0,0,0,eligible,eligible,0
405923,Moonrollers,2024.0,422,7.720120695611587,0.4354501830092028,0.3527441418360988,0.0580957376485516,eligible,0.0015119595282113,0,,,0.0530320471953355,borderline_overlap,stable_under_exposure_adjustment,1597.0568430000385,4,True,False,low_audience_selectivity,0,0,0,0,0,0,0,0,eligible,eligible,0
408381,War Story: Occupied France,2024.0,183,8.461611204652554,0.9400805422420612,0.9269997743484916,0.0882216042737541,eligible,0.0006413288046204,0,0.8469945355191257,0.7377049180327869,0.1108904732237549,borderline_overlap,strongly_sensitive,2719.4228986988346,7,False,True,moderate_audience_selectivity,0,0,0,0,1,0,0,0,eligible,eligible,0
409581,Rivages,2024.0,185,7.578311295608075,0.4357486514638156,0.2430238074851454,0.0877434348755685,eligible,0.0006520773320721,0,,,0.2261042035750441,adequate_overlap,stable_under_exposure_adjustment,1262.1934659026049,4,True,False,low_audience_selectivity,0,0,0,0,0,0,0,0,eligible,eligible,0
71,Civilization,1980.0,7319,7.8225212556447135,0.3718181915390035,0.3935632947093319,0.0139500133192632,exclude,0.025542084067816,1,0.7644486951769367,0.5932504440497336,0.050798194108881,adequate_overlap,stable_under_exposure_adjustment,803.0418884286368,7,True,False,low_audience_selectivity,0,0,0,0,0,0,0,0,eligible,eligible,4
118,Modern Art,1992.0,23096,7.892179435294738,0.7679789100835128,0.7242460597492579,0.0078529369468615,exclude,0.0827493300084555,1,0.8460339452719086,0.6738396259092484,0.0696485317418345,adequate_overlap,stable_under_exposure_adjustment,1162.263003918251,7,True,False,moderate_audience_selectivity,0,0,0,0,0,0,0,0,eligible,eligible,9
1582,Sicily: Triumph and Folly,2000.0,183,8.10926771463826,0.522411681306064,0.5815087034017488,0.0882216042737541,eligible,0.0004944322627799,0,0.9836065573770492,0.9234972677595628,0.0693885098990533,borderline_overlap,strongly_sensitive,1570.8296238278465,4,True,False,high_audience_selectivity,0,1,1,0,0,0,0,0,eligible,eligible,18
1803,Zopp,1997.0,158,7.667323849066769,1.7523496363884623,1.7249611797053743,0.0949449679809969,eligible,0.0005660891124582,0,,,0.3449889110673465,borderline_overlap,moderately_sensitive,1553.773959842081,1,True,False,moderate_audience_selectivity,0,0,0,0,0,0,0,0,eligible,eligible,0
1822,Wilderness War,2001.0,1880,8.109644365164526,0.4785379396592368,0.5657674726504833,0.0275246351677,borderline,0.0063989566762686,1,0.9622340425531914,0.8718085106382979,0.043186334496511,borderline_overlap,strongly_sensitive,3368.896534841999,7,True,False,moderate_audience_selectivity,1,1,1,0,0,0,0,0,eligible,eligible,0
3365,Gumshoe,1985.0,146,7.799363660363855,1.2057369354493188,1.2181265716760017,0.0987697758001792,eligible,0.0005159293176834,0,0.726027397260274,0.5547945205479452,0.1209775284102819,insufficient_overlap,insufficient_overlap,925.8253021689744,7,False,True,insufficient_evidence,0,0,0,0,1,0,0,0,eligible,eligible,0
6581,Korea: The Forgotten War,2003.0,330,8.427302678500132,0.5478500204960923,0.4214913788471701,0.0656966955789134,eligible,0.0009816988405921,0,0.987878787878788,0.8818181818181818,0.0678710571276254,borderline_overlap,moderately_sensitive,1305.491805836975,4,True,False,high_audience_selectivity,0,1,1,0,0,0,0,0,eligible,eligible,18
10641,"Barbarossa: Army Group South, 1941",1996.0,193,8.183538728468646,0.6407771159478539,0.6964313557119493,0.0859056723713636,eligible,0.0004980151052639,0,0.9948186528497408,0.8911917098445595,0.14945372316625,borderline_overlap,moderately_sensitive,1169.1581855173256,4,True,False,high_audience_selectivity,0,0,0,0,0,0,0,0,eligible,eligible,6
10642,"Barbarossa: Army Group North, 1941",2000.0,167,8.272463463447602,0.6629834494043294,0.612308134534409,0.0923511398830663,eligible,0.0004227754131017,0,0.9820359281437124,0.874251497005988,0.1156663755816265,borderline_overlap,moderately_sensitive,1261.095279952763,4,True,False,high_audience_selectivity,0,0,0,0,0,0,0,0,borderline,borderline,6
10679,A Fearful Slaughter: The Battle of Shiloh,2004.0,119,7.903744333203607,0.3583427553295593,0.2610685064043299,0.1094024417597391,eligible,0.0003152901385843,0,0.9747899159663864,0.9159663865546218,0.1131785789970165,insufficient_overlap,insufficient_overlap,1476.3416145404497,3,True,False,insufficient_evidence,1,1,1,0,0,0,0,0,eligible,eligible,3
11091,Leuthen: Frederick's Greatest Victory,1997.0,105,8.120230128005938,0.6699308975427964,0.5731758916975167,0.1164677931077609,eligible,0.0002651303438095,0,1.0,0.9523809523809524,0.12226872622799,insufficient_overlap,insufficient_overlap,1199.7324452066362,2,True,False,insufficient_evidence,1,1,1,0,0,0,0,0,eligible,eligible,5
11096,Tahuantinsuyu,2004.0,404,7.754538694103664,0.7858011482549925,0.694407350681808,0.0593758463680412,eligible,0.0014474683635008,0,,,0.3668588195771848,adequate_overlap,stable_under_exposure_adjustment,610.3818697521348,2,True,False,moderate_audience_selectivity,0,0,0,0,0,0,0,0,eligible,eligible,0
11967,The Seven Days of 1809: Napoleon and the Archduke Charles,2004.0,119,7.894065271559432,0.7733833703693573,0.7447201760152975,0.1094024417597391,eligible,0.0003582842483913,0,0.9663865546218487,0.9243697478991596,0.1105040203456371,insufficient_overlap,insufficient_overlap,2832.0320463270814,2,True,False,insufficient_evidence,0,0,0,0,0,0,1,0,eligible,eligible,2
12266,Barren Victory,1991.0,103,7.585013572576962,0.5424751844127265,0.411341893023657,0.1175931119315639,eligible,0.0002579646588417,0,0.9902912621359224,0.9611650485436892,0.0791917051042617,insufficient_overlap,insufficient_overlap,1707.3389012092125,2,True,False,insufficient_evidence,0,0,0,0,0,0,0,0,eligible,eligible,8
13122,Antiquity,2004.0,4529,8.44130682038236,0.5526827291078789,0.4873913779816323,0.0177336991118584,exclude,0.0162195279246743,1,0.9721792890262752,0.9090306911017884,0.1911463046295099,borderline_overlap,moderately_sensitive,404.8849578875445,6,True,False,moderate_audience_selectivity,0,0,0,0,0,0,0,0,eligible,eligible,0
19622,A Victory Lost: Crisis in Ukraine 1942-1943,2006.0,1072,8.046616370783408,0.5327775782251738,0.4175738527184975,0.0364504675319628,eligible,0.0035649282714934,0,0.9524253731343284,0.8470149253731343,0.0401069702853834,borderline_overlap,strongly_sensitive,5606.688943917719,7,True,False,moderate_audience_selectivity,0,1,1,0,0,0,0,0,eligible,eligible,16
19679,Hordes,2006.0,440,7.698424266613612,0.7356293168741175,0.7010636364071576,0.0568950073160318,eligible,0.0014904624733078,0,,,0.0932446907738502,adequate_overlap,stable_under_exposure_adjustment,743.4028130981975,4,True,False,low_audience_selectivity,0,0,0,0,0,0,0,0,eligible,eligible,8
19854,Federation Commander: Klingon Border,2005.0,535,7.683085619229088,0.6226881865241083,0.3514619054565688,0.0515968994449212,eligible,0.0017985869269243,0,0.8672897196261682,0.697196261682243,0.0591297498809214,borderline_overlap,strongly_sensitive,3261.816652213512,7,True,False,moderate_audience_selectivity,0,0,0,0,0,0,0,0,eligible,eligible,2
21348,Ticket to Ride: Märklin,2006.0,9033,7.659483393214059,0.4949264542217806,0.4184980833585134,0.012556959419253,exclude,0.0323136563624116,1,,,0.0158055441667982,adequate_overlap,stable_under_exposure_adjustment,1514.0082365165697,4,False,True,low_audience_selectivity,0,0,0,0,0,0,0,0,borderline,borderline,21
38877,No Retreat!: The Russian Front 1941-1944,2008.0,189,8.1229458153777,1.0609180735213233,1.0837731066313268,0.0868099675261116,eligible,0.0006377459621365,0,0.9788359788359788,0.8994708994708994,0.1031352981401491,borderline_overlap,strongly_sensitive,2996.6482332694904,4,True,False,moderate_audience_selectivity,0,1,1,0,0,0,0,0,eligible,eligible,5
40209,RAF: The Battle of Britain 1940,2009.0,1038,8.2379754374897,0.3327474698685595,0.3404280544944189,0.037042630459831,eligible,0.0033607062499104,0,0.916184971098266,0.7495183044315993,0.1488892870253828,insufficient_overlap,insufficient_overlap,9858.257265803528,7,True,False,moderate_audience_selectivity,1,1,1,0,0,0,0,0,eligible,eligible,0
67600,D-Day at Tarawa,2014.0,467,8.417474012675262,0.4589196386375249,0.3744868976679356,0.0552258050600571,eligible,0.0014582168909526,0,0.8972162740899358,0.728051391862955,0.1576493249199006,borderline_overlap,strongly_sensitive,5466.9467274812405,7,True,False,moderate_audience_selectivity,1,1,1,0,0,0,0,0,borderline,borderline,4
75448,Tanto Cuore: Romantic Vacation,2010.0,459,7.686309423650441,0.9404136499072192,0.8500204908564069,0.055704996730778,eligible,0.001605113432793,0,,,0.0870783677189228,adequate_overlap,stable_under_exposure_adjustment,959.2658803998644,4,True,False,moderate_audience_selectivity,0,0,0,0,0,0,0,0,borderline,borderline,6
91739,Somme 1918: Bloody Spring,2012.0,100,8.259291712979266,0.6498096680803087,0.544684197418432,0.1193439741795195,eligible,0.0002937930836808,0,0.99,0.89,0.1420513439177262,insufficient_overlap,insufficient_overlap,1968.3461352645827,3,True,False,insufficient_evidence,0,1,1,0,0,0,1,0,eligible,eligible,0
91873,Strasbourg,2011.0,2772,7.6724845803821315,0.3561266930041844,0.2962822146063688,0.0226675134908036,exclude,0.0099244736804391,1,0.974025974025974,0.9278499278499278,0.3396918171626578,borderline_overlap,strongly_sensitive,758.9568975361321,7,False,True,high_audience_selectivity,0,0,0,0,0,0,0,0,eligible,eligible,0
97155,Lords of Baseball,2024.0,127,8.232817669715876,0.5897372335844029,0.5830247520413625,0.1059006523477852,eligible,0.000451438152973,0,0.84251968503937,0.7322834645669292,0.1556636843156272,insufficient_overlap,insufficient_overlap,832.1474224004894,5,True,False,insufficient_evidence,0,0,0,0,0,0,0,0,eligible,eligible,0
103339,Reluctant Enemies: Operation Exporter,2014.0,311,8.292897923626255,0.3939839491106855,0.325526968335188,0.0676737591404047,eligible,0.0009709503131404,0,0.977491961414791,0.8938906752411575,0.0771894437700501,borderline_overlap,moderately_sensitive,2148.981632737596,4,True,False,high_audience_selectivity,0,1,1,0,0,0,0,0,eligible,eligible,18
122913,Samurai Battles,2012.0,245,7.609904831197933,0.5083784457590239,0.4449002440812366,0.0762460682772529,eligible,0.0008562993536552,0,0.8653061224489796,0.710204081632653,0.118545024170312,borderline_overlap,strongly_sensitive,8010.452584082685,7,True,False,moderate_audience_selectivity,0,0,0,0,0,0,0,0,eligible,eligible,13
128996,1775: Rebellion,2013.0,4259,8.008688862469016,0.4033408713602693,0.4552095145889829,0.0182871773115992,exclude,0.015159006549436,1,0.76802066212726,0.5489551537919699,0.0815898841370336,insufficient_overlap,insufficient_overlap,13358.030500724864,7,True,False,low_audience_selectivity,0,0,0,0,0,0,1,0,eligible,eligible,3
158815,At Any Cost: Metz 1870,2018.0,243,8.252554720830279,0.3665305719208707,0.2523637002398509,0.0765591951318948,eligible,0.0007022371268469,0,0.9794238683127572,0.8806584362139918,0.0868754427379355,borderline_overlap,moderately_sensitive,2766.443151844471,4,True,False,high_audience_selectivity,1,1,1,0,0,0,0,0,eligible,eligible,6
158886,Stonewall's Sword: The Battle of Cedar Mountain,2015.0,208,8.239263919584353,0.6489277340733555,0.6363728001029401,0.0827501573695976,eligible,0.0006090832222652,0,0.9759615384615384,0.903846153846154,0.0731584130028662,borderline_overlap,moderately_sensitive,2363.5929303472053,4,True,False,high_audience_selectivity,1,1,1,0,0,0,0,0,eligible,eligible,6
158976,Ascension: Year One Collector's Edition,2015.0,433,7.972375996145021,1.2247712822861925,1.1173147288124854,0.0573530538699805,eligible,0.0015370394255986,0,,,0.0826534048166422,borderline_overlap,stable_under_exposure_adjustment,1173.0078501021592,4,True,False,moderate_audience_selectivity,0,0,0,0,0,1,0,0,borderline,borderline,24
159333,Fendo,2014.0,121,8.166506203111037,1.5179684920339742,1.4937804547712703,0.1084945219813813,eligible,0.0004120268856499,0,,,0.1829949786476374,insufficient_overlap,insufficient_overlap,1009.7588667969032,2,False,True,insufficient_evidence,0,1,0,1,0,0,0,0,eligible,eligible,0
177877,SiXeS,2016.0,321,7.512032725616253,1.1935249728692128,1.1396941451811404,0.0666113107553728,eligible,0.0011465095948521,0,0.8317757009345794,0.6853582554517134,0.1963828934799022,borderline_overlap,strongly_sensitive,2531.1909231931013,6,True,False,moderate_audience_selectivity,0,0,0,0,0,0,0,0,eligible,eligible,17
188866,Awkward Guests: The Walton Case,2016.0,8559,7.844826323951546,0.6548228066488058,0.6277148136557358,0.0128999783866485,exclude,0.0305723949152299,1,,,0.0619509787670958,adequate_overlap,stable_under_exposure_adjustment,1466.895872203479,4,True,False,low_audience_selectivity,0,0,0,0,0,0,0,0,eligible,eligible,3
206803,Warsaw: City of Ruins,2016.0,2099,7.74708229026352,0.6172069971118743,0.531098152619486,0.0260491931852187,borderline,0.0075060550037978,1,0.9242496426869938,0.8203906622201048,0.2333534728538512,borderline_overlap,moderately_sensitive,1106.0079343308048,7,True,False,moderate_audience_selectivity,0,0,0,0,0,0,0,0,eligible,eligible,8
219217,Arena: The Contest,2019.0,753,8.215903329240293,0.6972101602560024,0.8494788228200001,0.0434913619256321,eligible,0.0026118921707726,0,0.8047808764940239,0.5869853917662683,0.1881682200744715,adequate_overlap,stable_under_exposure_adjustment,1613.937302095106,7,True,False,moderate_audience_selectivity,0,0,0,0,1,0,0,0,eligible,eligible,0
220609,Sentinels of Earth-Prime,2022.0,143,8.23464278655181,0.6053253621372079,0.6399152134789468,0.0998004448501157,eligible,0.0005123464751995,0,,,0.09654634931171,insufficient_overlap,insufficient_overlap,856.1264488532786,2,True,False,insufficient_evidence,0,0,0,0,0,0,0,0,borderline,borderline,5
220792,The Expanse Board Game,2017.0,1733,7.635675550930923,0.5225398857649353,0.5151377990677464,0.0286682520749319,borderline,0.0061911518122017,1,,,0.1751692524669828,adequate_overlap,stable_under_exposure_adjustment,1225.6187219015185,4,True,False,low_audience_selectivity,0,0,0,0,0,0,0,0,eligible,eligible,0
223855,Sentient,2017.0,2680,7.6178510617603745,0.3290901173338163,0.2971860590783031,0.0230532998358037,exclude,0.0095948521719191,1,,,0.2585870595653628,adequate_overlap,stable_under_exposure_adjustment,1256.264748050348,4,True,False,moderate_audience_selectivity,0,0,0,0,0,0,0,0,eligible,eligible,0
227995,"Raiders of the Deep: U-boats of the Great War, 1914-18",2018.0,149,8.163006942927295,0.4955366321672159,0.4594839614861126,0.0977703931694625,eligible,0.0003797813032947,0,0.912751677852349,0.738255033557047,0.2344435925432218,insufficient_overlap,insufficient_overlap,3017.952524435509,3,True,False,insufficient_evidence,1,1,1,0,0,0,0,0,eligible,eligible,5
231327,The Grizzled: Armistice Edition,2018.0,899,7.872058005515128,0.5530077721356319,0.5200994413223592,0.0398034438968152,eligible,0.0032066440231021,0,0.8420467185761957,0.6796440489432704,0.0471967087609864,borderline_overlap,moderately_sensitive,2217.059475349288,7,False,True,moderate_audience_selectivity,0,0,0,0,1,1,0,0,borderline,borderline,3
231942,Last Night on Earth: The Zombie Game – 10 Year Anniversary Edition,2017.0,269,7.964623853392851,0.8710561695113217,1.1874520335035168,0.0727653052998208,eligible,0.0009494532582369,0,,,0.0784916345215531,adequate_overlap,stable_under_exposure_adjustment,1022.953370429381,4,True,False,moderate_audience_selectivity,0,0,0,0,0,1,0,0,borderline,borderline,4
231962,Krazy Wordz,2016.0,753,7.545649480030701,0.9906496686600956,0.9114081218567592,0.0434913619256321,eligible,0.0026978803903865,0,0.7702523240371846,0.5511288180610889,0.0761080083451831,borderline_overlap,moderately_sensitive,2246.276972739872,7,True,False,moderate_audience_selectivity,0,0,0,0,0,0,0,0,borderline,borderline,0
232134,Wander: The Cult of Barnacle Bay,2019.0,209,7.739456698209377,0.417393252311566,0.4247693737607338,0.0825519531152329,eligible,0.0007344827092021,0,0.8708133971291866,0.7320574162679426,0.0613123383817883,borderline_overlap,moderately_sensitive,1134.528587241793,7,True,False,moderate_audience_selectivity,0,0,0,0,1,0,0,0,eligible,eligible,0
240464,Cosmic Run: Regeneration,2018.0,350,7.5621610989350865,0.7206205317089927,0.7068166771707576,0.0637920375079653,eligible,0.0012468291844017,0,,,0.2284320455297781,adequate_overlap,stable_under_exposure_adjustment,983.5901360099352,2,True,False,moderate_audience_selectivity,0,0,0,0,0,0,0,0,borderline,borderline,3
241203,Ascension: Year Four Collector's Edition,2017.0,122,8.176847733597981,1.5329709087252308,1.4253667319825745,0.1080489573802186,eligible,0.0004335239405534,0,,,0.0936967049097546,insufficient_overlap,insufficient_overlap,1059.0712111904052,2,True,False,insufficient_evidence,0,0,0,0,0,1,0,0,borderline,borderline,24
241853,Museum: Kickstarter Edition,2019.0,149,7.594837660289307,0.5684049461815475,0.6096794194191846,0.0977703931694625,eligible,0.0005302606876191,0,,,0.154273856703647,insufficient_overlap,insufficient_overlap,810.3605712433964,2,True,False,insufficient_evidence,0,0,0,0,0,1,0,0,borderline,borderline,2
248878,FlickFleet,2019.0,214,8.1419606295357,1.1902726617722443,1.142913453517016,0.0815818612243143,eligible,0.0007523969216217,0,,,0.0818642538812273,adequate_overlap,stable_under_exposure_adjustment,1654.7074511350477,4,True,False,moderate_audience_selectivity,0,1,0,1,0,0,0,0,eligible,eligible,0
255393,"Stalingrad '42: Southern Russia, June-December, 1942",2019.0,453,8.57778304921306,0.4370903643727342,0.3703914468459093,0.0560726904700306,eligible,0.0013686458288547,0,0.955849889624724,0.8300220750551877,0.2079917955298245,borderline_overlap,moderately_sensitive,4103.031682024411,4,True,False,high_audience_selectivity,0,0,0,0,0,0,1,0,eligible,eligible,10
259066,Commands & Colors: Samurai Battles,2021.0,505,8.358915726704037,0.3397971757879414,0.1526733075876585,0.0531073714802097,eligible,0.0017591756596013,0,0.9168316831683168,0.7663366336633664,0.0690261049357186,borderline_overlap,strongly_sensitive,7113.107399944209,7,True,False,moderate_audience_selectivity,0,1,1,0,0,0,0,0,borderline,borderline,13
259571,Quarriors! Qultimate Quedition,2019.0,334,7.848769524629266,0.8229805696129437,0.67625771755442,0.0653021172616236,eligible,0.001193086547143,0,,,0.0361122909632456,adequate_overlap,stable_under_exposure_adjustment,1440.7122407938334,4,True,False,moderate_audience_selectivity,0,0,0,0,0,1,0,0,borderline,borderline,18
260605,Camel Up (Second Edition),2018.0,14249,7.805081986036596,0.3737154899511417,0.6315530345847975,0.0099978888125018,exclude,0.0509372715937916,1,,,0.13339376024603,borderline_overlap,moderately_sensitive,2304.4838057252546,4,True,False,moderate_audience_selectivity,0,0,0,0,0,1,0,0,borderline,borderline,5
269456,"Interceptor Ace: Daylight Air Defense Over Germany, 1943-44",2019.0,187,7.982971045642277,0.3727348464839704,0.3873781447760507,0.0872729573032229,eligible,0.0005123464751995,0,0.9144385026737968,0.6684491978609626,0.2865412165023074,borderline_overlap,strongly_sensitive,7723.27515896687,3,True,False,high_audience_selectivity,1,1,1,0,0,0,0,0,eligible,eligible,0
270871,Agemonia,2024.0,650,9.13215688043694,0.97265641976489,0.9258036361652576,0.0468105579362371,eligible,0.0023216819295756,0,0.8707692307692307,0.6815384615384615,0.0896100334068923,adequate_overlap,stable_under_exposure_adjustment,1393.3229791164476,7,True,False,moderate_audience_selectivity,0,0,0,0,1,0,0,0,borderline,borderline,0
275972,Star Trek: Alliance – Dominion War Campaign,2021.0,193,8.586067013741074,1.340699787735952,1.3244635555031223,0.0859056723713636,eligible,0.0006843229144273,0,0.7772020725388601,0.6062176165803109,0.0898179361812925,borderline_overlap,moderately_sensitive,1270.5803346954783,6,True,False,moderate_audience_selectivity,1,1,0,0,1,0,0,0,borderline,borderline,2
284777,Unmatched: Jurassic Park – InGen vs Raptors,2020.0,2488,8.235595866848483,1.0585740091235696,1.059648902322797,0.0239262869982826,borderline,0.0087779640855869,1,,,0.0796010193327511,borderline_overlap,stable_under_exposure_adjustment,1462.029161010695,4,True,False,moderate_audience_selectivity,0,1,0,1,0,0,0,0,borderline,borderline,18
285157,Legendary: A James Bond Deck Building Game,2019.0,674,7.94157442227659,0.8239315822783198,0.7297568737162798,0.0459695812418302,eligible,0.0023897559367699,0,0.857566765578635,0.7181008902077152,0.0365447198090735,borderline_overlap,moderately_sensitive,1758.2537992590046,7,True,False,moderate_audience_selectivity,0,0,0,0,1,0,0,0,borderline,medium,12
293141,King of Tokyo: Dark Edition,2020.0,5420,7.833856833940148,0.7298955523819721,0.6745654068017366,0.0162106658052038,exclude,0.0193294352007108,1,,,0.1241152040244372,borderline_overlap,moderately_sensitive,2314.948523291524,4,True,False,moderate_audience_selectivity,0,0,0,0,0,1,0,0,borderline,borderline,7
293207,Eila and Something Shiny,2021.0,1257,8.223399392519292,0.7686760994878341,0.6455819332639283,0.0336614528910565,eligible,0.0044713874199234,0,,,0.0397096095247346,borderline_overlap,stable_under_exposure_adjustment,1537.0476951052412,4,True,False,low_audience_selectivity,1,1,0,0,0,0,0,0,eligible,eligible,0
299122,Machina Arcana (Second Edition): Premium Edition,2020.0,157,7.895387811689012,0.3989967333083069,0.3460293827311407,0.095246860532917,eligible,0.0005589234274904,0,0.929936305732484,0.7770700636942676,0.0847758750740841,adequate_overlap,strongly_sensitive,559.3098885578268,2,False,True,moderate_audience_selectivity,0,0,0,0,1,1,0,0,borderline,borderline,3
306637,Resident Evil 3: The Board Game,2021.0,347,7.8717251738009,0.5669150787378108,0.547404323445404,0.0640672021388677,eligible,0.0012038350745947,0,0.8126801152737753,0.6051873198847262,0.1614814991388098,adequate_overlap,stable_under_exposure_adjustment,1441.0763300482754,7,True,False,moderate_audience_selectivity,0,0,0,0,1,0,1,0,eligible,eligible,0
307997,Insider Black,2020.0,365,7.619979324629217,0.8457891523108998,0.7810469969732168,0.0624674911025492,eligible,0.0013005718216604,0,0.8383561643835616,0.6191780821917808,0.0687001149183361,borderline_overlap,moderately_sensitive,1428.4506193795553,7,False,True,moderate_audience_selectivity,0,0,0,0,0,0,0,0,eligible,eligible,0
308755,Ascension: Eternal,2020.0,219,7.883140442214987,0.7412723107725014,0.630792193791363,0.0806451842398444,eligible,0.0007774768190091,0,,,0.1000420671265972,adequate_overlap,stable_under_exposure_adjustment,1129.3069702226387,4,True,False,moderate_audience_selectivity,1,1,0,0,0,0,0,0,borderline,borderline,24
314672,Stilicho: Last of the Romans,2020.0,150,7.992773687670193,0.4634481709387836,0.5243153051797522,0.0974439468719044,eligible,0.000490849420296,0,0.86,0.7066666666666667,0.1266946767470487,insufficient_overlap,insufficient_overlap,10587.4785779993,7,True,False,moderate_audience_selectivity,1,1,1,0,0,0,0,0,eligible,eligible,0
315060,Unmatched: Buffy the Vampire Slayer,2020.0,1163,7.62065619652894,0.4920470085082931,0.4541939896157609,0.0349953739394112,eligible,0.0040844404316608,0,,,0.0439197516429665,borderline_overlap,stable_under_exposure_adjustment,1337.7012487278157,4,False,True,moderate_audience_selectivity,0,0,0,0,0,0,0,0,borderline,borderline,18
329106,Fallen Land: A Post Apocalyptic Board Game – 2nd Edition,2023.0,159,8.47802357917602,0.5739435939994628,0.7091927631418855,0.0946459279689731,eligible,0.0005481749000386,0,0.5534591194968553,0.4025157232704403,0.1250771664742504,borderline_overlap,moderately_sensitive,994.4598477271034,5,True,False,moderate_audience_selectivity,0,0,0,0,0,1,0,0,borderline,borderline,0
334011,A Gentle Rain,2021.0,1392,7.715324604403884,0.5542429575904624,0.5485007049862851,0.0319875426688052,eligible,0.0049371569428321,0,,,0.0316683762055921,borderline_overlap,moderately_sensitive,2272.9532911498072,4,True,False,moderate_audience_selectivity,1,1,0,0,0,0,0,0,eligible,eligible,0
336382,Marvel United: X-Men,2021.0,3868,8.171086176562575,0.3829046057810608,0.4201954611302607,0.0191892174006895,exclude,0.0137688636656778,1,0.8526370217166495,0.6633919338159255,0.0573258235551929,borderline_overlap,moderately_sensitive,2039.452925179737,7,True,False,moderate_audience_selectivity,0,0,0,0,1,0,0,0,borderline,borderline,4
336811,Catharsis,2022.0,105,8.306869751294075,0.9489450759121764,0.8659327583643304,0.1164677931077609,eligible,0.0003582842483913,0,0.7333333333333333,0.580952380952381,0.1778277670843353,insufficient_overlap,insufficient_overlap,1210.7019835193207,6,False,True,insufficient_evidence,0,0,0,0,1,0,0,0,eligible,eligible,0
345894,Thrones of Valeria,2022.0,166,7.534349129830082,0.5092825247987873,0.4552955980212845,0.092628888299317,eligible,0.0005911690098456,0,,,0.3273741482184827,adequate_overlap,stable_under_exposure_adjustment,1009.6818551309052,2,True,False,moderate_audience_selectivity,0,0,0,0,0,0,0,0,eligible,eligible,0
358981,"Air, Land, & Sea: Spies, Lies, & Supplies",2022.0,1157,8.106576141515397,0.439403997416985,0.4875503283148781,0.0350859965527864,eligible,0.0041202688564999,0,,,0.038887990417294,borderline_overlap,stable_under_exposure_adjustment,1573.770234298847,4,False,True,moderate_audience_selectivity,0,1,0,1,0,0,0,0,eligible,eligible,2
359065,Blitz Bowl: Ultimate Edition,2022.0,249,8.579050702178197,1.1272706247452433,1.0826837777888123,0.0756311705915286,eligible,0.0008777964085586,0,,,0.0425362614045296,adequate_overlap,stable_under_exposure_adjustment,1557.5559747304212,4,True,False,moderate_audience_selectivity,0,1,0,1,0,1,0,0,borderline,borderline,19
368557,Heroscape: Master Set – Age of Annihilation,2024.0,142,8.472552993347907,0.5316328690354819,0.4948401834068416,0.1001512383564941,eligible,0.0005015979477478,0,0.5845070422535211,0.3380281690140845,0.0857184283259338,insufficient_overlap,insufficient_overlap,16638.805955505188,5,True,False,insufficient_evidence,0,1,1,0,0,0,0,0,borderline,borderline,5
369258,Isle of Skye: Big Box,2022.0,353,8.223449131645932,0.991550888242692,0.992830218634003,0.0635203881368363,eligible,0.0012647433968213,0,0.8725212464589235,0.7280453257790368,0.1103017339150472,borderline_overlap,moderately_sensitive,1344.511942294572,7,False,True,high_audience_selectivity,0,0,0,0,0,1,0,0,borderline,borderline,2
369635,Between Two Cities Essential Edition,2022.0,334,7.705679492919999,0.5969438872202337,0.589490918713655,0.0653021172616236,eligible,0.001193086547143,0,,,0.0859170754698978,borderline_overlap,moderately_sensitive,1799.1318439217598,4,True,False,moderate_audience_selectivity,0,0,0,0,0,1,0,0,borderline,borderline,0
369862,Pathogen,2022.0,111,7.898975377320908,0.3424031078525926,0.3278137400883887,0.1132762873373707,eligible,0.0003976955157143,0,,,0.2205777337162024,insufficient_overlap,insufficient_overlap,445.63878712282246,2,True,False,insufficient_evidence,0,1,0,1,0,0,0,0,eligible,eligible,0
370444,Hard to Get,2023.0,279,7.503382298893498,0.4849037572891079,0.4912006849922141,0.071449368425294,eligible,0.0009996130530117,0,0.8351254480286738,0.6810035842293907,0.2173858077598741,borderline_overlap,strongly_sensitive,2478.94818714054,7,True,False,moderate_audience_selectivity,0,0,0,0,1,0,0,0,eligible,eligible,0
373105,Legendary Encounters: The Matrix,2023.0,245,8.41383020541206,0.9411815764696688,0.8787685502067824,0.0762460682772529,eligible,0.0008742135660747,0,0.9102040816326532,0.8204081632653061,0.0657070717493408,borderline_overlap,moderately_sensitive,815.111775302386,4,False,True,moderate_audience_selectivity,0,0,0,0,1,0,0,0,borderline,borderline,12
373828,Galdor's Grip,2022.0,274,8.133307006680797,0.798661115104311,0.7981361211607734,0.0720983315076739,eligible,0.0009637846281726,0,,,0.2130356662217599,borderline_overlap,stable_under_exposure_adjustment,1543.5153255606313,3,False,True,moderate_audience_selectivity,1,1,0,0,0,0,0,0,eligible,eligible,1
374173,Star Wars: The Deckbuilding Game,2023.0,7891,8.090324831221787,0.3399814761733353,0.1825874781256473,0.0134349011123884,exclude,0.0282041360333634,1,,,0.0598185205684378,borderline_overlap,moderately_sensitive,1984.1969129420904,4,True,False,moderate_audience_selectivity,0,1,0,1,0,0,0,0,borderline,borderline,0
386405,Come Sail Away!,2023.0,584,8.18474666565053,0.6121322024096685,0.6349782891720288,0.0493848879000896,eligible,0.0020887971681213,0,,,0.2671538148301349,adequate_overlap,stable_under_exposure_adjustment,1629.3676587989412,4,False,True,moderate_audience_selectivity,0,0,0,0,0,0,0,0,eligible,eligible,0
386937,Lacuna,2023.0,1454,7.800103647605134,0.4089123828324101,0.3774745254117064,0.0312981229721403,eligible,0.0051951216016739,1,,,0.0725861033014424,borderline_overlap,moderately_sensitive,3391.6842144078005,4,False,True,moderate_audience_selectivity,0,1,0,1,0,0,0,0,eligible,eligible,0
387276,Reforest: Plants of the Pacific Northwest Coast,2024.0,196,8.188961142304597,0.5600548218420744,0.6118169317895639,0.0852456958425139,eligible,0.0006879057569113,0,,,0.0964393134903885,adequate_overlap,stable_under_exposure_adjustment,1052.2216317200098,4,True,False,moderate_audience_selectivity,0,0,0,0,0,0,0,0,eligible,eligible,0
3,Samurai,1998.0,16336,7.824501675976537,0.4511085196092566,0.3750062997330694,0.0093374359000778,exclude,0.0583501726930077,1,,,0.0592903617718978,adequate_overlap,stable_under_exposure_adjustment,1336.546632796674,4,False,True,low_audience_selectivity,0,0,0,0,0,0,0,0,eligible,eligible,5
8812,No Better Place to Die: The Battle of Murfreesboro,1994.0,147,7.551354481754806,0.4728932140922177,0.337729713942088,0.0984332508838647,eligible,0.0004299410980695,0,0.979591836734694,0.9319727891156464,0.1073053159657423,insufficient_overlap,insufficient_overlap,2015.9654144210847,2,True,False,insufficient_evidence,0,1,1,0,0,0,0,0,eligible,eligible,8
8887,Battle for Stalingrad,1980.0,190,7.656709021930909,0.6056968983151334,0.5169279719470135,0.0865812188609838,eligible,0.000490849420296,0,0.9894736842105264,0.9157894736842104,0.0489394207962057,borderline_overlap,strongly_sensitive,3217.910153877904,4,True,False,high_audience_selectivity,0,1,1,0,0,0,0,0,eligible,eligible,0
9217,Saint Petersburg,2004.0,16030,7.673466423865149,0.3337672483961782,0.3108306966230163,0.0094261367208806,exclude,0.0573398111125442,1,0.9072364316905802,0.7716157205240175,0.092342790708093,borderline_overlap,moderately_sensitive,1244.8574086832818,7,True,False,low_audience_selectivity,0,0,0,0,0,0,0,0,eligible,eligible,2
18833,Lord of the Rings: The Confrontation,2005.0,6420,7.84645688449076,1.0609347261442688,1.0832678752680875,0.0148947418919376,exclude,0.022944523266979,1,,,0.060159073651095,adequate_overlap,stable_under_exposure_adjustment,1302.953074660533,4,True,False,low_audience_selectivity,0,1,0,1,0,0,0,0,eligible,eligible,0
29055,Down in Flames: Locked-On,2018.0,128,7.77056191193061,0.7761276130552961,0.8449899742495006,0.105486166795113,eligible,0.0004335239405534,0,0.90625,0.6953125,0.1950054544702218,insufficient_overlap,insufficient_overlap,4389.4215393752,2,True,False,insufficient_evidence,0,0,0,0,0,0,0,0,eligible,eligible,6
29379,"Ici, c'est la France! The Algerian War of Independence 1954 - 1962",2009.0,149,7.790836760155617,0.641480388877989,0.822582177916841,0.0977703931694625,eligible,0.0004657695229086,0,0.9932885906040269,0.953020134228188,0.0746728309497241,insufficient_overlap,insufficient_overlap,3159.8306732694627,2,True,False,insufficient_evidence,0,1,1,0,0,0,0,0,eligible,eligible,0
33924,Nightfighter: Air Warfare in the Night Skies of World War Two,2011.0,250,7.68834802880593,0.4186541578492342,0.3366635417291004,0.0754797566847212,eligible,0.0008097224013643,0,0.952,0.84,0.0690024696530198,borderline_overlap,strongly_sensitive,4918.256815559698,4,True,False,high_audience_selectivity,1,1,1,0,0,0,0,0,eligible,eligible,0
34219,Biblios,2007.0,17799,7.529468224957935,0.437773856119203,0.4684375513730545,0.0089454603343303,exclude,0.0637316021038451,1,,,0.1007924863231291,borderline_overlap,stable_under_exposure_adjustment,1705.2130558203337,4,True,False,moderate_audience_selectivity,0,0,0,0,0,0,0,0,eligible,eligible,5
36314,Where Eagles Dare: The Battle for Hell's Highway,2011.0,188,8.461223131236869,0.8065355793795597,0.8336132585651193,0.0870405388951028,eligible,0.0005589234274904,0,0.973404255319149,0.8936170212765957,0.0800567437813971,borderline_overlap,moderately_sensitive,2220.6021248894945,3,True,False,high_audience_selectivity,0,1,1,0,0,0,0,0,eligible,eligible,5
38309,God's Playground,2009.0,731,7.985274932917941,0.5224997439014354,0.5253479762781472,0.0441409633726315,eligible,0.0026154750132565,0,,,0.310364934894599,adequate_overlap,stable_under_exposure_adjustment,612.0318321447843,2,True,False,moderate_audience_selectivity,0,0,0,0,0,0,0,0,eligible,eligible,10
38786,"Red Winter: The Soviet Attack at Tolvajärvi, Finland – 8-12 December 1939",2012.0,495,8.340614961277021,0.7949041655063382,0.7077361704084719,0.0536411273184325,eligible,0.0016516903850839,0,0.9535353535353536,0.8646464646464647,0.0352906049698689,borderline_overlap,strongly_sensitive,4577.522222225778,4,True,False,moderate_audience_selectivity,0,1,1,0,0,0,0,0,eligible,eligible,0
41429,Band of Brothers: Screaming Eagles,2011.0,663,7.982703042767097,0.4109705314584193,0.4976163094111161,0.0463493589259325,eligible,0.002264356449833,0,0.942684766214178,0.8174962292609351,0.0651909276994678,borderline_overlap,strongly_sensitive,4510.731901286332,4,True,False,moderate_audience_selectivity,0,1,1,0,0,0,0,0,eligible,eligible,2
41749,American Rails,2009.0,1071,8.024870539551326,0.8401715436830681,0.7030123127729002,0.0364674805865797,eligible,0.0038372243002708,0,0.9859943977591036,0.9411764705882352,0.3551828620654673,borderline_overlap,strongly_sensitive,684.8776663311245,2,True,False,high_audience_selectivity,0,0,0,0,0,0,0,0,borderline,borderline,33
41837,Force on Force: Modern Wargaming Rules,2009.0,114,7.638713770210543,0.3549675640192422,0.4228328901187197,0.11177587291431,eligible,0.0003582842483913,0,0.8859649122807017,0.7192982456140351,0.1411314531342967,insufficient_overlap,insufficient_overlap,3393.118602922286,3,True,False,insufficient_evidence,0,1,1,0,0,0,0,0,eligible,eligible,0
42328,Pax Baltica: Great Northern War 1700-1721,2009.0,347,7.712655640000173,0.3434555760224684,0.433802446652515,0.0640672021388677,eligible,0.0011715894922395,0,0.9596541786743517,0.8876080691642652,0.060214550414393,borderline_overlap,strongly_sensitive,2698.4552770405166,4,False,True,moderate_audience_selectivity,0,1,1,0,0,0,0,0,eligible,eligible,1
42396,The Eagle and The Star,2009.0,116,7.889152506595876,0.3604429226772625,0.3269992169767297,0.1108080982232961,eligible,0.000408444043166,0,0.853448275862069,0.6982758620689655,0.0806491761759418,insufficient_overlap,insufficient_overlap,3454.9741966974048,3,True,False,insufficient_evidence,0,0,0,0,0,0,0,0,eligible,eligible,0
54221,Push Fight,2008.0,155,7.55697028764889,0.8243830182016856,0.9448385234596132,0.0958593868490308,eligible,0.0005302606876191,0,,,0.1133613434137154,adequate_overlap,stable_under_exposure_adjustment,652.5787060747228,4,True,False,low_audience_selectivity,0,1,0,1,0,0,0,0,eligible,eligible,0
85000,We Must Tell the Emperor,2010.0,268,7.574425248062683,0.5655833026910493,0.54728001846712,0.0729009350639256,eligible,0.0009172076758817,0,0.9477611940298508,0.8507462686567164,0.0448499559775393,borderline_overlap,strongly_sensitive,8052.322026780018,4,True,False,moderate_audience_selectivity,1,1,1,0,0,0,0,0,eligible,eligible,19
124622,In Magnificent Style: Pickett's Charge at Gettysburg,2012.0,414,7.686847719096619,0.7703898465851253,0.69553439356174,0.0586543633610929,eligible,0.0013650629863708,0,0.8913043478260869,0.7584541062801933,0.0373468416660082,borderline_overlap,strongly_sensitive,8465.578964019332,4,False,True,moderate_audience_selectivity,1,1,1,0,0,0,0,0,eligible,eligible,0
143175,Kashgar: Merchants of the Silk Road,2013.0,2329,7.584470787581589,0.5520208768540353,0.4302094493491548,0.0247295236894032,borderline,0.0083336916175817,1,0.9708029197080292,0.917990553885788,0.3438557034648008,borderline_overlap,strongly_sensitive,1402.4146362437314,7,True,False,high_audience_selectivity,0,0,0,0,0,0,0,0,eligible,eligible,0
143680,Nightfall: Eastern Skies,2013.0,113,8.036883002448286,1.1617608145277902,1.0886361730407597,0.1122693670265072,eligible,0.0003941126732304,0,,,0.1495818094268162,insufficient_overlap,insufficient_overlap,785.9590944549781,2,True,False,insufficient_evidence,0,0,0,0,0,0,0,0,borderline,borderline,4
145976,Talon,2016.0,795,7.768604360826826,0.3407723409034933,0.1519364420375737,0.0423269457464345,eligible,0.002798199979936,0,0.8930817610062893,0.7484276729559748,0.1164322674880137,borderline_overlap,strongly_sensitive,8007.869874259718,7,False,True,moderate_audience_selectivity,0,0,0,0,0,0,0,0,eligible,eligible,0
168662,"The Siege of Orgun: Afghanistan, 1983",2015.0,101,7.6533155283618095,0.3582597061127339,0.4687074748089221,0.1187516927360825,eligible,0.000326038666036,0,0.9801980198019802,0.8910891089108911,0.0791060475993736,insufficient_overlap,insufficient_overlap,1853.681451197476,1,True,False,insufficient_evidence,0,1,1,0,0,0,0,0,eligible,eligible,0
169141,Fallen Land: A Post Apocalyptic Board Game,2017.0,291,7.890290383735723,0.4762433827625614,0.5917196563697313,0.0699606766645972,eligible,0.0010354414778508,0,0.6219931271477663,0.4501718213058419,0.0774440994227398,adequate_overlap,stable_under_exposure_adjustment,811.9494905540877,7,True,False,moderate_audience_selectivity,0,0,0,0,0,0,0,0,eligible,eligible,0
172287,Champions of Midgard,2015.0,17665,8.003461084303124,0.3463681214037049,0.4348370166866786,0.0089793246723061,exclude,0.0632371698410651,1,,,0.0804325459123487,adequate_overlap,stable_under_exposure_adjustment,1300.7479698623445,4,True,False,moderate_audience_selectivity,0,0,0,0,0,0,0,0,eligible,eligible,2
172844,Charms,2014.0,254,8.135458120859894,1.4826895701907556,1.5002918461881976,0.074883069407198,eligible,0.0009100419909139,0,,,0.4548762827408241,adequate_overlap,stable_under_exposure_adjustment,375.3299390001537,2,True,False,moderate_audience_selectivity,0,0,0,0,0,0,0,0,eligible,eligible,0
184561,Lock 'n Load Tactical: Heroes of the Nam,2015.0,112,8.388746341435636,0.7122616974484846,0.605743605415995,0.1127694557689722,eligible,0.0003618670908752,0,0.9464285714285714,0.8214285714285714,0.1098031323322917,insufficient_overlap,insufficient_overlap,2740.1402147694907,3,True,False,insufficient_evidence,0,1,1,0,0,0,0,0,borderline,borderline,4
191296,RUMBLESLAM,2016.0,154,7.936061434185844,0.8281788327269437,0.8564318483274507,0.0961701150119088,eligible,0.0005374263725869,0,,,0.1292836518128112,adequate_overlap,stable_under_exposure_adjustment,926.270774794309,3,True,False,moderate_audience_selectivity,0,0,0,0,0,0,0,0,eligible,eligible,0
191612,Skies Above the Reich,2018.0,457,8.316424604493244,0.4943259422414083,0.4703789030552023,0.0558267564317476,eligible,0.0014689654184043,0,0.9168490153172868,0.7614879649890591,0.107016532150747,borderline_overlap,moderately_sensitive,4141.914442771767,4,True,False,moderate_audience_selectivity,1,1,1,0,0,0,0,0,eligible,eligible,0
199182,Commands & Colors Tricorne: The American Revolution,2017.0,302,8.498585846053697,1.0732960561181688,0.9592959211429016,0.068674740078298,eligible,0.0010211101079152,0,0.9304635761589404,0.8245033112582781,0.0874199612327592,borderline_overlap,strongly_sensitive,5355.750238464224,4,False,True,moderate_audience_selectivity,0,1,1,0,0,0,0,0,borderline,borderline,13
204286,Big Trouble in Little China: The Game,2018.0,828,7.740115270232075,0.5591032710222068,0.4649414211385574,0.0414748980788086,eligible,0.0029164337819052,0,0.8393719806763285,0.6835748792270532,0.0418437913759936,borderline_overlap,moderately_sensitive,1922.8257852677896,7,True,False,moderate_audience_selectivity,0,0,0,0,1,0,0,0,eligible,eligible,0
250396,Terminator Genisys: Rise of the Resistance,2018.0,605,8.027841502955507,1.0002658609823225,0.9763545438359243,0.0485202252673427,eligible,0.0021317912779282,0,0.8727272727272727,0.7123966942148761,0.1046083271374865,borderline_overlap,moderately_sensitive,2091.149831890855,7,True,False,moderate_audience_selectivity,0,0,0,0,1,0,0,0,eligible,eligible,0
250821,Battlestar Galactica: Starship Battles – Starter Set,2018.0,265,7.78349031331533,0.3948946937916044,0.2680761614967419,0.0733124205620359,eligible,0.0009351218883013,0,0.7245283018867924,0.4830188679245283,0.085561845645913,insufficient_overlap,insufficient_overlap,9210.289021197636,7,True,False,moderate_audience_selectivity,0,0,0,0,0,0,0,0,eligible,eligible,1
251053,Let's Make a Bus Route,2018.0,993,7.795761720720545,0.7750092714985968,0.7269260594699549,0.0378726654570008,eligible,0.0035541797440417,0,,,0.300353679637209,adequate_overlap,stable_under_exposure_adjustment,1199.813234585186,4,True,False,moderate_audience_selectivity,0,0,0,0,0,0,0,0,eligible,eligible,0
256680,Return to Dark Tower,2022.0,4560,8.407026094901278,0.3370439224265826,0.3447585418867387,0.0176733172931371,exclude,0.0162087793972225,1,0.8359649122807018,0.6592105263157895,0.0203846772510595,borderline_overlap,moderately_sensitive,1761.9837833654117,7,True,False,low_audience_selectivity,0,0,0,0,1,0,0,0,eligible,eligible,0
256707,Trick Shot,2021.0,446,8.11656075983711,0.7236329099975229,0.6570107973786126,0.0565110096280739,eligible,0.0015728678504378,0,,,0.1179354967516288,adequate_overlap,stable_under_exposure_adjustment,1533.2904622294009,4,True,False,low_audience_selectivity,0,0,0,0,0,0,0,0,eligible,eligible,0
256874,Legendary Encounters: The X-Files Deck Building Game,2018.0,815,7.852452424928615,0.7758267202534848,0.6466108803432347,0.0418043708240575,eligible,0.0029092680969373,0,0.8993865030674847,0.7803680981595092,0.0486543610945268,borderline_overlap,moderately_sensitive,1178.7256204665669,7,True,False,moderate_audience_selectivity,0,0,0,0,1,0,0,0,borderline,medium,12
256952,Zombie Kidz Evolution,2018.0,5294,7.756185585263831,0.4505701555942547,0.5777290390090073,0.0164024426278132,exclude,0.0188206715679951,1,0.7950510011333585,0.5867019267094824,0.0776103534451419,borderline_overlap,moderately_sensitive,1585.291264644197,8,True,False,moderate_audience_selectivity,0,0,0,0,1,0,0,0,eligible,eligible,5
256999,Project: ELITE,2020.0,2740,8.275467228674383,0.4315080477253481,0.3674064423628689,0.0227994943062131,exclude,0.0097883256660504,1,0.9047445255474452,0.7386861313868613,0.071296713781163,borderline_overlap,moderately_sensitive,2472.110872204644,7,True,False,moderate_audience_selectivity,0,0,0,0,1,0,0,0,eligible,eligible,2
257145,Teenage Mutant Ninja Turtles Adventures: City Fall,2020.0,220,8.318215717138065,0.924717804411726,0.7984910542859023,0.0804616909776487,eligible,0.0007774768190091,0,0.8363636363636363,0.65,0.1318810544102138,adequate_overlap,stable_under_exposure_adjustment,920.0997809141822,6,True,False,moderate_audience_selectivity,0,0,0,0,1,0,0,0,borderline,borderline,3
266448,Imperium: The Contention,2021.0,428,8.294717502774501,0.8684529528286316,0.9445564804194468,0.0576870872935325,eligible,0.001522708055663,0,,,0.0994600829129556,adequate_overlap,stable_under_exposure_adjustment,1115.5582594602988,4,True,False,moderate_audience_selectivity,0,0,0,0,0,0,0,0,eligible,eligible,0
272538,1828,2018.0,194,8.958374841770517,0.4124661585604094,0.4279881852168135,0.0856839799440507,eligible,0.0006879057569113,0,0.8092783505154639,0.5618556701030928,0.2281939221596081,insufficient_overlap,insufficient_overlap,41122.09948617801,4,True,False,moderate_audience_selectivity,0,0,0,0,0,0,0,0,borderline,borderline,81
281258,Sub Terra II: Inferno's Edge,2023.0,892,7.691720355653383,0.3576955097347154,0.2949045582564524,0.0399593181197093,eligible,0.003170815598263,0,0.8475336322869955,0.7051569506726457,0.0410162171135978,borderline_overlap,moderately_sensitive,1539.8330049552392,7,True,False,moderate_audience_selectivity,0,0,0,0,1,0,0,0,borderline,borderline,2
285436,Kernstown,2019.0,105,8.36881957575895,0.4140994108845852,0.3107185715182989,0.1164677931077609,eligible,0.000286627398713,0,0.9809523809523808,0.8761904761904762,0.1383745609037203,insufficient_overlap,insufficient_overlap,2044.0542531974045,3,True,False,insufficient_evidence,1,1,1,0,0,0,0,0,eligible,eligible,6
293959,"Men of Iron Battles Tri-Pack: Men of Iron, Infidel, Blood & Roses",2020.0,378,8.342717635236909,0.3435063413564592,0.224477638696225,0.0613839167122975,eligible,0.0011895037046591,0,0.955026455026455,0.8148148148148148,0.160067682596842,borderline_overlap,strongly_sensitive,5292.730298528991,4,True,False,high_audience_selectivity,1,1,1,0,0,0,0,0,eligible,eligible,7
294230,Remember Our Trip,2019.0,880,7.815285324243645,0.5361418705712087,0.5272679419222932,0.0402308454888243,eligible,0.0031529013858434,0,,,0.3113007637716043,adequate_overlap,stable_under_exposure_adjustment,1065.3880312455751,4,True,False,moderate_audience_selectivity,0,0,0,0,0,0,0,0,eligible,eligible,0
295293,The Thing: The Boardgame,2022.0,2420,7.90970500644114,0.4374127365653599,0.3735483705959854,0.0242601126336713,borderline,0.0086131533313269,1,,,0.0318532096238317,adequate_overlap,stable_under_exposure_adjustment,1201.4708648503874,4,True,False,low_audience_selectivity,0,0,0,0,0,0,0,0,eligible,eligible,0
296483,The Great Race,2020.0,291,7.608387989064336,0.45097267554726,0.2394387570356917,0.0699606766645972,eligible,0.0010175272654313,0,,,0.0768267793497365,adequate_overlap,moderately_sensitive,1552.3431477111312,4,False,True,low_audience_selectivity,0,0,0,0,0,0,0,0,eligible,eligible,0
297658,[kosmopoli:t],2020.0,664,7.885719140250272,0.8685228819816295,0.8781042040196532,0.0463144441496585,eligible,0.0023646760393826,0,0.7605421686746988,0.5240963855421686,0.0549318182149654,borderline_overlap,strongly_sensitive,3889.010525866052,8,True,False,moderate_audience_selectivity,0,0,0,0,1,0,0,0,eligible,eligible,0
304983,Key Enigma: Hack Forward,2021.0,115,8.105986545648022,0.5523072481915392,0.5474428809640504,0.1112888297569097,eligible,0.0004120268856499,0,0.8695652173913043,0.7217391304347827,0.1857451356667178,insufficient_overlap,insufficient_overlap,795.0868541218763,3,True,False,insufficient_evidence,0,0,0,0,1,0,0,0,eligible,eligible,0
311031,Oh! Meow! Bow!,2020.0,639,7.680665465477294,0.6690547274262526,0.6429869781975013,0.0472117465240715,eligible,0.0022751049772847,0,,,0.347831564739025,adequate_overlap,stable_under_exposure_adjustment,1253.5537051947745,2,False,True,moderate_audience_selectivity,0,0,0,0,0,0,0,0,eligible,eligible,0
311464,Florenza: X Anniversary Edition,2020.0,322,8.270386178614592,0.4793574386006689,0.5137758610250902,0.0665077966124016,eligible,0.0011536752798199,0,0.9254658385093169,0.8198757763975155,0.1064066731054224,borderline_overlap,moderately_sensitive,419.6816500524671,4,False,True,moderate_audience_selectivity,0,0,0,0,0,1,0,0,borderline,borderline,0
311920,Ultimate Werewolf: Extreme,2021.0,139,7.923722669585063,0.7937044910286861,0.8674779070426961,0.1012262377230807,eligible,0.0004980151052639,0,0.7194244604316546,0.5035971223021583,0.0933591446652825,insufficient_overlap,insufficient_overlap,871.2404627058371,5,False,True,insufficient_evidence,0,0,0,0,0,1,0,0,borderline,borderline,60
312675,Pole Position,2024.0,225,8.302773534743713,0.4274558741637602,0.3396290657367142,0.079562649453013,eligible,0.0007918081889447,0,,,0.0906441403234043,adequate_overlap,stable_under_exposure_adjustment,1044.7432378316869,4,True,False,low_audience_selectivity,0,0,0,0,0,0,0,0,eligible,eligible,0
319604,Ricochet: A la poursuite du Comte courant,2020.0,223,7.738709549479767,1.166233544985153,1.1060003200943411,0.0799186362394187,eligible,0.0007918081889447,0,0.8789237668161435,0.7219730941704036,0.0930779148061687,borderline_overlap,moderately_sensitive,1851.9592978991896,5,True,False,moderate_audience_selectivity,0,0,0,0,1,0,0,0,eligible,eligible,0
325810,Ascension: 10 Year Anniversary Edition,2022.0,840,7.973590898395578,0.663172382376219,0.5439895042287084,0.0411775831481648,eligible,0.0029952563165512,0,,,0.0773600424990159,borderline_overlap,stable_under_exposure_adjustment,1563.2045521214625,4,True,False,moderate_audience_selectivity,0,0,0,0,0,1,0,0,borderline,borderline,24
325889,Valor & Villainy: Lludwik's Labyrinth,2023.0,218,8.239100576841633,0.666896819723485,0.5256256911591173,0.0808299386268655,eligible,0.0007703111340413,0,0.8669724770642202,0.7201834862385321,0.0748067080623181,borderline_overlap,moderately_sensitive,1126.120825938916,7,True,False,moderate_audience_selectivity,0,0,0,0,1,0,0,0,borderline,borderline,0
327723,Across the Bug River: Volodymyr-Volynskyi 1941,2021.0,101,8.354005891525691,0.3489047719705684,0.2631961080496552,0.1187516927360825,eligible,0.0002651303438095,0,0.9603960396039604,0.8217821782178217,0.1963204297177466,insufficient_overlap,insufficient_overlap,3064.783781794437,3,True,False,insufficient_evidence,0,1,1,0,0,0,0,0,eligible,eligible,2
337195,Growing Season,2021.0,160,7.667183789151079,0.714926944012114,0.6537990940615606,0.0943496958559016,eligible,0.0005696719549421,0,0.575,0.38125,0.1913401475327055,adequate_overlap,stable_under_exposure_adjustment,1736.8807616439192,7,True,False,moderate_audience_selectivity,0,0,0,0,0,0,0,0,eligible,eligible,0
337690,Escape Room: The Game – Puzzle Adventures: Secret of The Scientist,2021.0,325,7.780940032637016,0.5272537819595442,0.518203665692111,0.0662001258956781,eligible,0.0011393439098843,0,0.92,0.8184615384615385,0.125355122452855,borderline_overlap,moderately_sensitive,1344.8536230166303,7,True,False,moderate_audience_selectivity,1,1,0,0,1,0,0,0,eligible,eligible,9
337864,Five Parsecs From Home: Solo Adventure Wargaming,2021.0,214,8.553022030739351,0.6333907016523916,0.6153581607743028,0.0815818612243143,eligible,0.0007273170242343,0,0.6214953271028038,0.4345794392523364,0.1715679544702219,insufficient_overlap,insufficient_overlap,13909.997107931087,6,True,False,moderate_audience_selectivity,1,1,1,0,0,0,0,0,eligible,eligible,1
338834,MicroMacro: Crime City – Full House,2021.0,4492,7.977921341349923,0.5969692844095604,0.4703093348712244,0.0178065843806574,exclude,0.0160475514854464,1,0.8913624220837043,0.7226179875333927,0.0791351418706782,borderline_overlap,moderately_sensitive,3260.65136168918,7,False,True,moderate_audience_selectivity,0,0,0,0,1,0,0,0,borderline,borderline,4
343566,TRICKTAKERs,2021.0,401,8.094322372907087,0.550326710604951,0.56974931934014,0.059597536671386,eligible,0.0014367198360491,0,,,0.2952556492850933,borderline_overlap,moderately_sensitive,949.4254527526792,2,True,False,moderate_audience_selectivity,0,0,0,0,0,0,0,0,eligible,eligible,0
343844,Bullet★,2022.0,993,8.382052189896728,0.845257093068426,0.8402327859893752,0.0378726654570008,eligible,0.0035470140590739,0,0.8328298086606244,0.6676737160120846,0.0258957343022753,borderline_overlap,moderately_sensitive,2037.82428253154,7,True,False,moderate_audience_selectivity,0,0,0,0,1,0,0,0,eligible,eligible,1
343847,Dustbiters,2021.0,210,7.639527257492072,0.5954416297021377,0.562255982270238,0.0823551662963296,eligible,0.0007488140791378,0,,,0.1144250973273647,borderline_overlap,moderately_sensitive,1774.5986989217254,3,True,False,moderate_audience_selectivity,0,1,0,1,0,0,0,0,eligible,eligible,0
357726,51st State: Ultimate Edition,2023.0,1445,8.44950397745717,0.5392546511827181,0.6498987282439259,0.0313954398788688,eligible,0.0051772073892543,1,0.8145328719723184,0.6228373702422145,0.0959711483733187,borderline_overlap,moderately_sensitive,1480.045959657921,7,False,True,high_audience_selectivity,0,0,0,0,0,1,0,0,borderline,borderline,4
363538,Heading Forward,2022.0,114,8.146163975743137,0.930613468488822,0.9192033941803645,0.11177587291431,eligible,0.0004048612006821,0,,,0.2272895994972821,insufficient_overlap,insufficient_overlap,1238.5611646721763,2,True,False,insufficient_evidence,1,1,0,0,0,0,0,0,eligible,eligible,0
364655,Kinfire Chronicles: Night's Fall,2023.0,570,8.622125181522138,0.8182879209153651,0.8930401008664397,0.0499876900161549,eligible,0.0020135574759591,0,0.9087719298245616,0.7684210526315789,0.0704761538635461,borderline_overlap,moderately_sensitive,1322.9848336699515,7,True,False,moderate_audience_selectivity,0,0,0,0,1,0,0,0,eligible,eligible,0
365455,Colossus,2022.0,151,7.566334208237158,0.3745459809684588,0.3945146268849493,0.0971207488111762,eligible,0.000533843530103,0,,,0.2073978854507661,borderline_overlap,moderately_sensitive,1760.7505942503296,3,True,False,moderate_audience_selectivity,1,1,0,0,0,0,0,0,eligible,eligible,0
374400,Unlock!: Extraordinary Adventures,2022.0,463,8.005167219596279,0.967730812337745,0.8933539373883939,0.0554638484265306,eligible,0.001644524700116,0,0.9827213822894167,0.9460043196544276,0.2329923011758847,borderline_overlap,strongly_sensitive,1335.8291823269867,2,False,True,high_audience_selectivity,0,0,0,0,1,0,0,0,borderline,borderline,47
374909,Dieson Crusoe,2022.0,185,8.10345102791936,0.9095126398669038,0.8695499596968013,0.0877434348755685,eligible,0.000655660174556,0,,,0.0574038613631251,adequate_overlap,stable_under_exposure_adjustment,1115.6172168438598,2,True,False,moderate_audience_selectivity,1,1,0,0,0,0,0,0,eligible,eligible,0
377704,Tales of the Arthurian Knights,2024.0,164,8.360316616574263,1.0845933648033448,1.05160430578605,0.0931919870317611,eligible,0.0005875861673617,0,0.9207317073170732,0.7865853658536586,0.2156100958657226,borderline_overlap,strongly_sensitive,1305.548711478592,2,True,False,moderate_audience_selectivity,0,0,0,0,1,0,0,0,eligible,eligible,0
378889,KINGs: TRICKTAKERs,2023.0,234,8.15323397523627,0.3802453418559715,0.3982265741222974,0.0780175965603953,eligible,0.0008383851412356,0,,,0.2455082229790635,adequate_overlap,stable_under_exposure_adjustment,823.7203104319993,2,True,False,moderate_audience_selectivity,0,0,0,0,0,0,0,0,eligible,eligible,0
379552,2D6 Dungeon: A Dungeon Crawler,2023.0,154,8.148076549389376,0.7356771179877963,0.6831486342810393,0.0961701150119088,eligible,0.0005445920575547,0,,,0.3144250973273648,borderline_overlap,stable_under_exposure_adjustment,1511.3392308864331,1,True,False,high_audience_selectivity,1,1,0,0,0,0,0,0,eligible,eligible,0
379908,Marvel United: Spider-Geddon,2023.0,440,8.473507589416219,1.0544668225060807,1.1391282804622769,0.0568950073160318,eligible,0.0015406222680826,0,0.865909090909091,0.6795454545454546,0.0226944276895766,adequate_overlap,stable_under_exposure_adjustment,1488.2860867897907,7,False,True,moderate_audience_selectivity,0,0,0,0,1,0,0,0,borderline,borderline,4
379928,Fall of Lumen,2024.0,171,8.410122623395706,0.4316177508658843,0.426718218782959,0.0912646180647461,eligible,0.0006126660647491,0,,,0.1132545117779839,adequate_overlap,moderately_sensitive,660.8519348939006,2,True,False,low_audience_selectivity,0,0,0,0,0,0,0,0,eligible,eligible,0
380175,Halloween,2023.0,213,7.814617193949949,0.8676797504090894,0.7395484796059213,0.0817731436937552,eligible,0.0007595626065895,0,,,0.0456794519519086,borderline_overlap,stable_under_exposure_adjustment,1632.5853333505686,4,True,False,moderate_audience_selectivity,0,0,0,0,0,0,0,0,eligible,eligible,0
381188,Kauri,2023.0,135,7.690593214876755,0.3532628956594559,0.3816288414020983,0.1027149387705526,eligible,0.0004801008928443,0,,,0.1136172307149633,insufficient_overlap,insufficient_overlap,1090.089920975308,2,True,False,insufficient_evidence,0,0,0,0,0,0,0,0,eligible,eligible,0
382241,Chroma Mix,2024.0,102,7.687595451722076,0.3363102046305686,0.3313723048549777,0.1181681428029229,eligible,0.0003618670908752,0,,,0.2907570917573441,insufficient_overlap,insufficient_overlap,842.4960677732902,2,True,False,insufficient_evidence,0,0,0,0,0,0,0,0,eligible,eligible,0
383467,Unmatched: Brains and Brawn,2023.0,691,8.363297436805821,0.6056371528864588,0.5512204022467095,0.0454005874308723,eligible,0.0024220015191252,0,,,0.0641136553837699,borderline_overlap,stable_under_exposure_adjustment,1296.2829389629485,4,False,True,moderate_audience_selectivity,0,0,0,0,0,0,0,0,borderline,borderline,18
385331,Creature Caravan,2024.0,795,8.303576546817407,0.4762478463396107,0.5725745807103699,0.0423269457464345,eligible,0.0028376112472591,0,,,0.1680045945320388,adequate_overlap,stable_under_exposure_adjustment,1127.6285699519804,4,True,False,low_audience_selectivity,0,0,0,0,0,0,0,0,eligible,eligible,0
420242,VIVO,2024.0,121,7.846389484883858,0.7071693686802387,0.6965155691898541,0.1084945219813813,eligible,0.0004263582555856,0,,,0.3648131604658192,insufficient_overlap,insufficient_overlap,1527.9439350041555,2,True,False,insufficient_evidence,0,0,0,0,0,0,0,0,eligible,eligible,6
425235,Point of View: Lost Places,2024.0,115,7.548348908933,0.4633260744878855,0.4445563060897752,0.1112888297569097,eligible,0.0004048612006821,0,0.8956521739130435,0.7478260869565218,0.1301127828781436,insufficient_overlap,insufficient_overlap,2105.079159722208,2,True,False,insufficient_evidence,0,0,0,0,1,0,0,0,eligible,eligible,18
427345,Res Arcana Duo,2024.0,261,8.372814041430532,0.5516049278584934,0.5662112195271707,0.0738720654821974,eligible,0.0009351218883013,0,,,0.1330297466792034,adequate_overlap,moderately_sensitive,875.4686397907543,4,True,False,moderate_audience_selectivity,0,1,0,1,0,0,0,0,borderline,borderline,2
172,For Sale,1997.0,31909,7.584267711455197,0.7467151886167098,0.6833694804110682,0.0066810373374655,exclude,0.1140669561603393,1,0.8192672913598045,0.6307624808047886,0.0993927209863547,borderline_overlap,moderately_sensitive,2194.324633071102,7,False,True,moderate_audience_selectivity,0,0,0,0,0,0,0,0,borderline,borderline,26
833,For the People,1998.0,1688,8.151629038786885,0.3294902360207246,0.3196265135086165,0.0290478688242758,eligible,0.0057468793441965,1,0.9496445497630333,0.8672985781990521,0.0643562806058192,borderline_overlap,strongly_sensitive,5509.744993548464,7,True,False,moderate_audience_selectivity,0,1,1,0,0,0,0,0,eligible,eligible,0
911,Empires of the Middle Ages,1980.0,451,7.50828712413766,0.4668484572322731,0.4908665611935285,0.0561968826276396,eligible,0.0014510512059847,0,0.9556541019955654,0.8647450110864745,0.0304660469727977,borderline_overlap,strongly_sensitive,3046.6682935120234,5,True,False,high_audience_selectivity,0,0,0,0,0,0,0,0,eligible,eligible,0
2800,The Ironclads: A Tactical Level Game of Naval Combat in the American Civil War 1861-1865,1979.0,277,7.5021716075710465,0.452489657435283,0.3402646339182773,0.0717068444612192,eligible,0.0007989738739126,0,0.9566787003610108,0.855595667870036,0.0541334688323445,borderline_overlap,strongly_sensitive,1741.6981660496306,4,True,False,high_audience_selectivity,0,0,0,0,0,0,0,0,eligible,eligible,1
4657,Replay Baseball,1973.0,103,7.978247154421985,1.8025578561840243,1.8279765388631413,0.1175931119315639,eligible,0.0003117072961004,0,,,0.1053531818279565,insufficient_overlap,insufficient_overlap,874.3923444358794,3,True,False,insufficient_evidence,1,1,0,0,0,0,0,0,eligible,eligible,0
5410,La Grande Guerre 14-18,1999.0,103,8.090959485602328,0.405483701569274,0.2973067099210773,0.1175931119315639,eligible,0.0003045416111326,0,0.941747572815534,0.8543689320388349,0.0769067111692246,insufficient_overlap,insufficient_overlap,1351.1571759865378,1,True,False,insufficient_evidence,0,0,0,0,0,0,0,0,eligible,eligible,0
5516,Symbioz,1995.0,107,7.516416716484024,1.1546818152455502,1.232346537005916,0.115374174587065,eligible,0.0003726156183269,0,,,0.3054171613926748,insufficient_overlap,insufficient_overlap,659.3922578596735,2,True,False,insufficient_evidence,0,0,0,0,0,0,0,0,eligible,eligible,0
8066,CrossFire: Rules and Organizations for Company Level WW II Gaming,1996.0,146,7.778584870265895,0.9631195558301116,0.9430079771430292,0.0987697758001792,eligible,0.0004657695229086,0,0.8698630136986302,0.726027397260274,0.1989652147441945,insufficient_overlap,insufficient_overlap,9514.870030556694,3,True,False,insufficient_evidence,0,0,0,0,0,0,0,0,eligible,eligible,0
12896,La Bataille des Quatre Bras,1991.0,341,8.065670379457774,0.5333482891138601,0.4216225734468075,0.0646283854294272,eligible,0.0008992934634621,0,0.967741935483871,0.8885630498533724,0.1202483063763802,borderline_overlap,moderately_sensitive,1392.657701374092,4,True,False,high_audience_selectivity,1,1,1,0,0,0,0,0,eligible,eligible,12
12898,La Bataille d'Auerstædt,1977.0,188,7.771822302080634,0.531346487437367,0.5401514627395079,0.0870405388951028,eligible,0.0004693523653926,0,0.9840425531914894,0.9308510638297872,0.1024190183000091,borderline_overlap,moderately_sensitive,1276.1660095517334,4,True,False,high_audience_selectivity,0,1,1,0,0,0,0,0,eligible,eligible,12
23418,Pursuit of Glory,2008.0,565,8.345077350876904,0.3977675569314005,0.330213095414047,0.0502083872924287,eligible,0.0019168207288934,0,0.968141592920354,0.8743362831858407,0.0366388200990772,borderline_overlap,strongly_sensitive,1725.8315116251715,4,True,False,high_audience_selectivity,0,1,1,0,0,0,0,0,eligible,eligible,3
23540,Shikoku 1889,2004.0,2196,8.708669073783875,0.4621957614107455,0.3514597529068588,0.0254673834878962,borderline,0.0078464250397695,1,0.2800546448087431,0.1215846994535519,0.1558455245826014,insufficient_overlap,insufficient_overlap,50746.021561541245,8,False,True,moderate_audience_selectivity,0,0,0,0,0,0,0,0,borderline,borderline,81
31790,"Crusade and Revolution: The Spanish Civil War, 1936-1939",2013.0,543,8.81321505612216,0.9897833291710524,0.9525274857357324,0.0512154014246387,eligible,0.001852329564183,0,0.9355432780847146,0.7882136279926335,0.0969823191111058,borderline_overlap,strongly_sensitive,5519.776065902381,7,True,False,moderate_audience_selectivity,0,1,1,0,0,0,0,0,eligible,eligible,0
32002,Forged in Steel,2016.0,324,7.869792328157335,0.488688967019443,0.4545498046928182,0.0663022078775108,eligible,0.0011608409647878,0,0.9814814814814816,0.9475308641975309,0.3791739399781138,borderline_overlap,strongly_sensitive,375.86130182102767,2,True,False,high_audience_selectivity,0,0,0,0,0,0,0,0,eligible,eligible,0
46213,Telestrations,2009.0,18877,7.648009141997896,0.9252434749552324,0.8767699219095384,0.0086862836664298,exclude,0.0673466901701133,1,0.7431795306457594,0.4715261958997722,0.0720788846353334,borderline_overlap,moderately_sensitive,3856.925558296108,7,True,False,low_audience_selectivity,0,0,0,0,0,0,0,0,eligible,eligible,4
46396,Ubongo 3D,2009.0,2046,7.505798498477866,0.6780948581059079,0.6654336059720265,0.0263844278670033,borderline,0.0073054158246986,1,,,0.1831727090306463,adequate_overlap,stable_under_exposure_adjustment,1689.9218655153204,4,False,True,low_audience_selectivity,0,0,0,0,0,0,0,0,borderline,borderline,10
62814,Tumblin-Dice Medium,2008.0,215,7.61403753309305,1.5332386757323686,1.5010055106635782,0.0813919148403426,eligible,0.0007667282915573,0,,,0.2044825819534225,borderline_overlap,moderately_sensitive,1763.5330297069806,1,True,False,low_audience_selectivity,0,0,0,0,0,1,0,0,borderline,borderline,0
72321,The Networks,2016.0,6610,7.509031019028682,0.4247771903024242,0.3346381405000249,0.0146791113913604,exclude,0.0236431775513421,1,0.8800302571860817,0.74553706505295,0.1381143450759203,borderline_overlap,moderately_sensitive,1350.0518523206651,7,True,False,moderate_audience_selectivity,0,0,0,0,0,0,0,0,eligible,eligible,2
89409,BattleCON: War of Indines,2012.0,1906,7.967983328531415,0.6370318286827361,0.6198367885492848,0.0273362569304498,borderline,0.0067787379795634,1,,,0.0368015746081969,adequate_overlap,stable_under_exposure_adjustment,964.1067280727326,4,True,False,low_audience_selectivity,0,0,0,0,0,0,0,0,borderline,borderline,5
94396,It Never Snows,2012.0,256,7.7294634503987485,0.4590167866140699,0.3475466068015524,0.0745899838621996,eligible,0.0007273170242343,0,0.98828125,0.921875,0.0711504139445112,borderline_overlap,strongly_sensitive,3934.4585011447566,4,True,False,high_audience_selectivity,0,0,0,0,0,0,0,0,borderline,borderline,23
95064,Ascension: Return of the Fallen,2011.0,3314,7.5434490755194386,0.4431836233505297,0.3314545717361863,0.0207311905666378,exclude,0.0118377115668486,1,,,0.0231216777809672,adequate_overlap,stable_under_exposure_adjustment,1166.8559367379528,4,True,False,low_audience_selectivity,1,1,0,0,0,0,0,0,borderline,borderline,24
101865,Saga,2011.0,328,8.046061591445465,0.9651430297093118,0.9987101173418296,0.0658966859824071,eligible,0.0011285953824326,0,0.8140243902439024,0.6341463414634146,0.1075435642263194,borderline_overlap,strongly_sensitive,8107.669415451933,7,True,False,moderate_audience_selectivity,0,0,0,0,0,0,0,0,eligible,eligible,2
101929,Sergeants Miniatures Game: Day of Days,2011.0,239,7.665184263082802,0.4086270956000284,0.5093550189927232,0.077197199455354,eligible,0.0008312194562678,0,0.8786610878661087,0.7405857740585774,0.0649085922323061,borderline_overlap,strongly_sensitive,4383.536362515391,7,True,False,moderate_audience_selectivity,0,0,0,0,0,0,0,0,eligible,eligible,1
123609,Puzzle Strike Shadows,2012.0,639,8.118031888697127,0.9403202205508644,0.8965224097606423,0.0472117465240715,eligible,0.0022858535047365,0,,,0.1084101341162311,adequate_overlap,stable_under_exposure_adjustment,709.4089861981602,4,True,False,low_audience_selectivity,0,0,0,0,0,0,0,0,eligible,eligible,13
124361,Concordia,2013.0,41235,8.453445303694076,0.4813046670490823,0.2809823255812986,0.005877159760125,exclude,0.1477385098241541,1,0.8684612586395053,0.6761246513883836,0.0945926930344174,adequate_overlap,stable_under_exposure_adjustment,1264.424879864256,7,True,False,moderate_audience_selectivity,0,0,0,0,0,0,0,0,eligible,eligible,2
130390,Ruhrschifffahrt 1769-1890,2012.0,468,7.741690501514993,0.4945019873072098,0.5549275332938457,0.0551667715797317,eligible,0.0016767702824713,0,0.9871794871794872,0.97008547008547,0.4143116417824823,borderline_overlap,strongly_sensitive,391.11589686227774,2,True,False,high_audience_selectivity,0,0,0,0,0,0,0,0,eligible,eligible,5
150997,Shadows of Brimstone: Swamps of Death,2014.0,2293,8.111879267117972,0.6722041602474498,0.6849210500630836,0.0249228938910069,borderline,0.0081330524384825,1,0.8416921064108155,0.647187091146969,0.1011362056695241,adequate_overlap,stable_under_exposure_adjustment,1137.514797207075,7,True,False,moderate_audience_selectivity,0,0,0,0,1,0,0,0,borderline,borderline,6
151022,Baseball Highlights: 2045,2015.0,4596,7.872219007498423,0.6730610836310404,0.6001145523876517,0.0176039645705818,exclude,0.0164094185763217,1,,,0.1278228201163751,adequate_overlap,stable_under_exposure_adjustment,1581.5372884815336,4,True,False,moderate_audience_selectivity,0,0,0,0,0,0,0,0,eligible,eligible,5
163172,Waterloo 1815: Fallen Eagles,2015.0,195,8.34809555913361,0.9201763546957124,0.7392669071363507,0.0854639950369319,eligible,0.0005875861673617,0,0.958974358974359,0.8358974358974359,0.1382346211368885,borderline_overlap,moderately_sensitive,3480.274860240383,3,False,True,high_audience_selectivity,0,0,0,0,0,0,1,0,eligible,eligible,4
165595,JamSumo,2014.0,350,7.736932225470537,1.3456621958369557,1.305876950909254,0.0637920375079653,eligible,0.0012504120268856,0,,,0.3959111533819939,borderline_overlap,moderately_sensitive,1811.779053572654,1,True,False,moderate_audience_selectivity,0,0,0,0,0,0,0,0,eligible,eligible,0
165948,Mangrovia,2014.0,1801,7.574635292106541,0.3896979531900202,0.4636361321112927,0.0281218339428031,borderline,0.0064491164710434,1,,,0.3057596502488139,adequate_overlap,stable_under_exposure_adjustment,1145.800827810968,4,True,False,moderate_audience_selectivity,0,0,0,0,0,0,0,0,eligible,eligible,0
166317,Time of Soccer,2014.0,915,7.873346667691943,0.5455741645352346,0.4678910361501058,0.03945390084804,eligible,0.0032568038178769,0,0.8524590163934426,0.6972677595628415,0.0956451602838764,borderline_overlap,moderately_sensitive,964.992629505428,7,True,False,moderate_audience_selectivity,0,0,0,0,0,0,0,0,eligible,eligible,0
167791,Terraforming Mars,2016.0,93632,8.539475992191845,0.4064776499018911,0.3053468726592552,0.0039002131818851,exclude,0.3354687074537455,1,0.6358403110047847,0.4045732228298018,0.2423450392275697,adequate_overlap,stable_under_exposure_adjustment,1275.3146334693056,7,True,False,moderate_audience_selectivity,0,0,0,0,0,0,0,0,eligible,eligible,3
170561,Valeria: Card Kingdoms,2016.0,5915,7.699866498763461,0.4191062080364975,0.356007218773529,0.0155175488544663,exclude,0.0211208564426673,1,,,0.0704438798493047,borderline_overlap,moderately_sensitive,1855.29237975726,4,True,False,low_audience_selectivity,0,0,0,0,0,0,0,0,eligible,eligible,0
174400,BattleCON: Wanderers of Indines,2020.0,131,8.823743295541332,1.3544017801732835,1.3614228242445794,0.1042713143786963,eligible,0.0004657695229086,0,,,0.1073080681551803,insufficient_overlap,insufficient_overlap,791.6449261693493,2,True,False,insufficient_evidence,0,0,0,0,0,0,0,0,borderline,borderline,5
174837,Sol: Last Days of a Star,2017.0,1539,8.069890995715985,0.5311554422980578,0.5838472488611526,0.0304215393549153,eligible,0.0055139945827421,1,0.8239116309291747,0.6445743989603638,0.1548399568722009,borderline_overlap,moderately_sensitive,1201.4234674751824,7,True,False,moderate_audience_selectivity,0,0,0,0,1,0,0,0,eligible,eligible,0
173776,Battle for Biternia,2018.0,126,8.315857592624537,1.1107658416544195,1.0111581898271709,0.1063200625132756,eligible,0.0004442724680052,0,,,0.1155905361191908,insufficient_overlap,insufficient_overlap,892.6509120646314,2,True,False,insufficient_evidence,0,0,0,0,0,0,0,0,eligible,eligible,0
176601,Dead of Winter: Tabletop Edition,2015.0,104,8.07363665020583,1.1262718468828723,1.140280367177592,0.1170263948405929,eligible,0.000369032775843,0,0.7115384615384616,0.4615384615384615,0.1801934572629072,insufficient_overlap,insufficient_overlap,1285.2736788192765,5,False,True,insufficient_evidence,0,0,0,0,1,1,0,0,borderline,borderline,7
177248,Saga of the Northmen,2016.0,179,7.505082790636957,0.3545484223927504,0.3827868282007012,0.0892018744102537,eligible,0.0006341631196526,0,0.7039106145251397,0.5027932960893855,0.1910747607243722,insufficient_overlap,insufficient_overlap,17096.717501117284,5,True,False,moderate_audience_selectivity,0,0,0,0,0,0,0,0,eligible,eligible,0
178900,Codenames,2015.0,91984,7.714461826303112,0.3803305687287475,0.3118508378149469,0.0039349964980582,exclude,0.3295641830402568,1,0.4591559401635067,0.2187010784484258,0.2299911585057063,borderline_overlap,moderately_sensitive,4253.570163484898,7,False,True,moderate_audience_selectivity,0,0,0,0,0,0,0,0,eligible,eligible,8
193927,Vanuatu (Second Edition),2016.0,1223,7.981098017607259,0.3591450460582752,0.270904045919238,0.0341261477967761,eligible,0.0043782335153417,0,0.965658217497956,0.9051512673753066,0.2684237103262761,borderline_overlap,moderately_sensitive,603.7110931552321,7,True,False,high_audience_selectivity,0,0,0,0,0,1,0,0,borderline,borderline,26
194392,Moscow '41,2016.0,124,8.159717830938655,0.6522388314681766,0.854488386514662,0.1071740526379411,eligible,0.000408444043166,0,0.935483870967742,0.8629032258064516,0.1326483480008337,insufficient_overlap,insufficient_overlap,6177.297944239017,3,True,False,insufficient_evidence,1,1,1,0,0,0,0,0,eligible,eligible,0
202265,Chicago & NorthWestern,2016.0,102,7.865316570519178,0.7728729265343217,0.6547993591695436,0.1181681428029229,eligible,0.0003654499333591,0,0.9901960784313726,0.9607843137254902,0.4280119937181283,insufficient_overlap,insufficient_overlap,479.8310595289771,2,True,False,insufficient_evidence,0,0,0,0,0,0,0,0,borderline,borderline,33
216710,Wings of Glory: WW2 Battle of Britain Starter Set,2017.0,184,7.987072953665709,1.0630437348422408,0.9899845145196496,0.0879815450416394,eligible,0.0006449116471043,0,0.7010869565217391,0.4891304347826087,0.1335244762093523,insufficient_overlap,insufficient_overlap,9778.987007805305,6,True,False,moderate_audience_selectivity,0,0,0,0,0,0,0,0,borderline,borderline,12
217099,Seeders from Sereis: Exodus,2017.0,409,7.813400800172699,0.4367454649557629,0.4169199196088016,0.0590117972809511,eligible,0.0014617997334365,0,,,0.0983701125157697,adequate_overlap,stable_under_exposure_adjustment,618.1649800676034,4,True,False,low_audience_selectivity,0,0,0,0,0,0,0,0,eligible,eligible,0
223167,Secret Unknown Stuff: Escape from Dulce,2018.0,131,7.730134281126223,0.8587833120519504,1.0224353104515638,0.1042713143786963,eligible,0.0004586038379408,0,0.8473282442748091,0.6946564885496184,0.0714719058344065,insufficient_overlap,insufficient_overlap,1069.9100196543588,3,True,False,insufficient_evidence,0,0,0,0,1,0,0,0,eligible,eligible,0
232956,Omen: Fires in the East,2019.0,103,7.916358921137093,1.0546614434273218,1.0235680099596527,0.1175931119315639,eligible,0.0003654499333591,0,,,0.1633835018404577,insufficient_overlap,insufficient_overlap,967.7034428313,2,True,False,insufficient_evidence,0,1,0,1,0,0,0,0,borderline,borderline,4
233996,The Primary,2018.0,108,7.967963081890026,1.212700810587516,1.2329480021695014,0.1148387926978422,eligible,0.0003833641457786,0,,,0.0916100027221553,insufficient_overlap,insufficient_overlap,1189.732384340564,2,True,False,insufficient_evidence,0,0,0,0,0,0,0,0,borderline,borderline,22
234673,1918: Brother Against Brother,2018.0,124,7.877097071223227,0.5271150718155013,0.4944690521072967,0.1071740526379411,eligible,0.0004335239405534,0,0.8225806451612904,0.6774193548387096,0.1878135867399328,insufficient_overlap,insufficient_overlap,14468.137491897967,2,True,False,insufficient_evidence,0,1,1,0,0,0,1,0,eligible,eligible,0
235362,Santa Cruz 1797,2017.0,178,8.025626026878715,0.882493049178029,1.0876203732058904,0.0894520905382537,eligible,0.0005983346948134,0,0.9157303370786516,0.797752808988764,0.0643871017095533,insufficient_overlap,insufficient_overlap,9287.969727605225,2,False,True,moderate_audience_selectivity,0,1,1,0,0,0,0,0,eligible,eligible,0
245961,Fleet: The Dice Game,2018.0,4137,7.99607807688091,0.4165983691858246,0.3838725177694178,0.018554862287345,exclude,0.0148007223010447,1,,,0.1357803655684534,adequate_overlap,stable_under_exposure_adjustment,1097.433463394931,4,True,False,moderate_audience_selectivity,0,0,0,0,0,0,0,0,borderline,borderline,26
255902,Napoleon 1807,2020.0,221,8.204471882784572,0.498560779803455,0.4738802905131685,0.0802794445579611,eligible,0.0007703111340413,0,0.9592760180995475,0.8461538461538461,0.0697800384451846,borderline_overlap,strongly_sensitive,4097.862983170656,2,True,False,high_audience_selectivity,0,1,1,0,0,0,0,0,eligible,eligible,3
256572,The Walking Dead: Here's Negan – The Board Game,2018.0,148,7.584395887599612,0.3299672641159468,0.3769773612977261,0.0981001424805485,eligible,0.0005123464751995,0,,,0.1794252790549553,insufficient_overlap,insufficient_overlap,909.8988410635276,3,True,False,insufficient_evidence,0,0,0,0,0,0,0,0,eligible,eligible,0
261588,Ascension: Year Five Collector's Edition,2019.0,107,8.341164274398478,1.5355914031322495,1.431374167817566,0.115374174587065,eligible,0.0003797813032947,0,,,0.08719311911465,insufficient_overlap,insufficient_overlap,1525.6869133110818,2,True,False,insufficient_evidence,0,0,0,0,0,1,0,0,borderline,borderline,24
278554,Silver Bullet,2019.0,813,7.557336702049032,0.4776433415116727,0.532879500347665,0.0418557591296589,eligible,0.0029128509394212,0,,,0.0381491427007498,borderline_overlap,stable_under_exposure_adjustment,1411.861252812452,4,True,False,moderate_audience_selectivity,0,0,0,0,0,0,0,0,borderline,borderline,4
279613,Unlock!: Timeless Adventures,2019.0,2793,8.124802783909676,0.5450046465429672,0.5621367188464035,0.0225821364887869,exclude,0.0099638849477621,1,0.941281775868242,0.8281417830290011,0.1071645911796169,borderline_overlap,moderately_sensitive,1859.77419845292,7,False,True,moderate_audience_selectivity,0,0,0,0,1,0,0,0,borderline,borderline,47
280475,Element: Silver,2019.0,166,7.662471176918534,0.6564102248405286,0.6612540637327706,0.092628888299317,eligible,0.0005875861673617,0,,,0.0725336975012718,adequate_overlap,stable_under_exposure_adjustment,1159.982812069884,4,True,False,moderate_audience_selectivity,0,0,0,0,0,0,0,0,eligible,eligible,0
281260,Veilwraith: A Veil Odyssey Game,2021.0,329,7.71215307760909,0.53220267182376,0.4319495052167417,0.0657964628278533,eligible,0.0011572581223039,0,,,0.0675979843994602,borderline_overlap,stable_under_exposure_adjustment,1601.2017505109222,4,True,False,moderate_audience_selectivity,1,1,0,0,0,0,0,0,eligible,eligible,0
282391,Stockpile: Epic Edition,2019.0,981,8.271465602702026,1.080463170405313,0.9898602053525244,0.038103598483966,eligible,0.0035111856342347,0,0.9051987767584098,0.7675840978593272,0.1534164783592415,borderline_overlap,moderately_sensitive,1112.545833305425,7,False,True,high_audience_selectivity,0,0,0,0,0,1,0,0,borderline,borderline,2
295604,Rangers of Shadow Deep: Standard Edition,2020.0,101,8.62188545250424,1.2061441744710848,1.2180440858872288,0.1187516927360825,eligible,0.0003367871934878,0,0.6435643564356436,0.4653465346534653,0.1726415341753302,insufficient_overlap,insufficient_overlap,10930.879019695987,6,True,False,insufficient_evidence,0,0,0,0,1,1,0,0,borderline,borderline,2
295785,Euthia: Torment of Resurrection,2021.0,1160,8.542060829441063,0.3699913544970883,0.300013265132705,0.0350405973577272,eligible,0.004116686014016,0,0.8267241379310345,0.6655172413793103,0.1032760387362326,adequate_overlap,stable_under_exposure_adjustment,1136.9120991363916,7,True,False,moderate_audience_selectivity,0,0,0,0,1,0,0,0,eligible,eligible,1
295931,Granada: Last Stand of the Moors – 1482-1492,2021.0,150,8.493072788629476,0.641666191534739,0.592391275473739,0.0974439468719044,eligible,0.0005087636327156,0,0.9466666666666668,0.82,0.0529627267639726,borderline_overlap,strongly_sensitive,3909.3058916066593,2,True,False,high_audience_selectivity,0,1,1,0,0,0,0,0,eligible,eligible,2
300905,Top Ten,2020.0,3990,7.8183647098565086,0.5863232182974425,0.5629730879258226,0.0188935709139046,exclude,0.0142453817160382,1,0.7466165413533835,0.4967418546365915,0.045472161651385,borderline_overlap,strongly_sensitive,3994.890070263344,8,True,False,low_audience_selectivity,0,0,0,0,1,0,0,0,eligible,eligible,0
301480,Binho Classic,2019.0,112,8.022526904294581,1.465507355535431,1.4597907246575268,0.1127694557689722,eligible,0.0003941126732304,0,,,0.1142082894764345,insufficient_overlap,insufficient_overlap,2511.5060249445064,2,True,False,insufficient_evidence,0,0,0,0,0,0,0,0,eligible,eligible,0
302425,Unlock!: Mythic Adventures,2020.0,1746,8.08868093038253,0.619379944070074,0.6272973247607645,0.0285613266480169,borderline,0.0062448944494604,1,0.9656357388316152,0.8888888888888888,0.173783841976332,borderline_overlap,moderately_sensitive,1500.3574766811134,7,False,True,high_audience_selectivity,0,0,0,0,1,0,0,0,borderline,borderline,47
314393,Wutaki,2021.0,205,7.786658250176067,0.4029750035711474,0.4724125755052268,0.0833534471845187,eligible,0.0007344827092021,0,0.824390243902439,0.7024390243902439,0.1075731630311912,borderline_overlap,moderately_sensitive,1154.7266152773127,5,True,False,moderate_audience_selectivity,0,0,0,0,0,0,0,0,eligible,eligible,0
321641,Merchants of Magick: A Set a Watch Tale,2021.0,556,7.665175816472879,0.3329190219603246,0.2854053525689712,0.0506131188615403,eligible,0.0019777290511199,0,,,0.1224681934642138,adequate_overlap,stable_under_exposure_adjustment,1195.490311175669,4,True,False,low_audience_selectivity,0,0,0,0,0,0,0,0,eligible,eligible,4
322563,Dice Throne: Season One ReRolled – Pyromancer v. Shadow Thief,2021.0,869,7.917091937722202,0.6152505548379237,0.6266625453464352,0.0404846703758181,eligible,0.0030776616936812,0,,,0.0972314180274163,borderline_overlap,stable_under_exposure_adjustment,1630.134102079547,4,True,False,moderate_audience_selectivity,0,1,0,1,0,0,0,0,borderline,borderline,17
332800,Summoner Wars (Second Edition),2021.0,3940,8.390750495808822,0.3831058536597851,0.4601663044700999,0.0190130760327585,exclude,0.0140734052768104,1,,,0.0549450825322674,adequate_overlap,stable_under_exposure_adjustment,1525.236420829946,4,True,False,moderate_audience_selectivity,0,1,0,1,0,1,0,0,borderline,borderline,6
338980,Mega Empires: The East,2021.0,170,8.874480262307921,1.0616012256637966,1.2713880410501304,0.091532649825596,eligible,0.0006055003797813,0,0.7352941176470589,0.5588235294117647,0.106163319301788,borderline_overlap,strongly_sensitive,8208.484071786916,5,True,False,moderate_audience_selectivity,0,0,0,0,0,0,0,0,borderline,borderline,4
340790,1923 Cotton Club,2021.0,716,7.711100654540854,0.326735545432177,0.3638069347109667,0.0446009372051268,eligible,0.0025581495335139,0,0.888268156424581,0.755586592178771,0.1203314868705602,borderline_overlap,moderately_sensitive,1454.5824681658394,7,True,False,moderate_audience_selectivity,0,0,0,0,0,0,0,0,eligible,eligible,9
350636,Unlock!: Game Adventures,2021.0,1448,8.308812859429949,0.693825900844196,0.6456702921706583,0.0313629001155439,eligible,0.0051664588618025,1,0.9558011049723756,0.8611878453038674,0.1431566151025937,borderline_overlap,moderately_sensitive,1392.5983424839233,7,True,False,moderate_audience_selectivity,0,0,0,0,1,0,0,0,borderline,borderline,47
350933,The Guild of Merchant Explorers,2022.0,5721,8.079382587621883,0.351932328976531,0.088230358308273,0.0157784566857711,exclude,0.0204687791105951,1,,,0.1849755027714613,borderline_overlap,moderately_sensitive,1965.480454029436,4,True,False,moderate_audience_selectivity,0,0,0,0,0,0,0,0,eligible,eligible,1
351488,Six Second Scribbles,2021.0,272,7.618768613202745,0.7950666972993545,0.7683511853481946,0.0723629134298743,eligible,0.0009637846281726,0,0.8161764705882353,0.625,0.1265414054828343,borderline_overlap,moderately_sensitive,1664.0192756690058,7,False,True,moderate_audience_selectivity,0,0,0,0,0,0,0,0,eligible,eligible,0
351735,Newton & Great Discoveries,2021.0,341,8.323419199772495,0.6700969534833217,0.5857725703685617,0.0646283854294272,eligible,0.0012217492870143,0,,,0.1876695821866696,adequate_overlap,stable_under_exposure_adjustment,800.5143234458127,2,True,False,moderate_audience_selectivity,0,0,0,0,0,0,0,0,borderline,borderline,2
351810,Viking See-Saw,2021.0,873,7.616949628596586,0.5690812832912879,0.5584002029589783,0.0403918155049935,eligible,0.0031242386459721,0,,,0.2619854456418532,borderline_overlap,moderately_sensitive,1964.6907901584505,4,True,False,moderate_audience_selectivity,0,0,0,0,0,0,0,0,eligible,eligible,6
351869,Adventure Games: Expedition Azcana,2022.0,101,7.686901971034317,0.8274664474972795,0.7857459612062527,0.1187516927360825,eligible,0.0003582842483913,0,0.99009900990099,0.8910891089108911,0.1423850999920469,insufficient_overlap,insufficient_overlap,754.9786337550801,2,True,False,insufficient_evidence,0,0,0,0,1,1,0,0,borderline,borderline,7
351991,Worldbreakers: Advent of the Khanate,2023.0,237,8.035344838813076,0.4452720138046189,0.4185059893781062,0.0775222417327764,eligible,0.0008491336686873,0,,,0.0818179422591924,adequate_overlap,stable_under_exposure_adjustment,1183.3280899498911,4,True,False,low_audience_selectivity,1,1,0,0,0,0,0,0,eligible,eligible,0
352026,Dungeon Bowl: The Game of Subterranean Blood Bowl Mayhem,2021.0,108,8.173309570492801,0.5592781073710142,0.6356049496153755,0.1148387926978422,eligible,0.0003726156183269,0,,,0.0450179814246542,insufficient_overlap,insufficient_overlap,777.0699114127921,3,True,False,insufficient_evidence,0,1,0,1,0,0,0,0,borderline,borderline,19
354886,Quacks & Co.: Quedlinburg Dash,2022.0,1015,7.578185866998,0.400579225526025,0.2325194840884972,0.0374599742687176,eligible,0.0036150880662682,0,,,0.0724628775199249,borderline_overlap,moderately_sensitive,2045.840755974198,4,True,False,moderate_audience_selectivity,0,0,0,0,0,0,0,0,eligible,eligible,4
409858,Maple Valley: Kickstarter Edition,2023.0,167,7.8921099074153505,0.6420176715230115,0.6795711335071131,0.0923511398830663,eligible,0.0005911690098456,0,,,0.0473027569895292,borderline_overlap,stable_under_exposure_adjustment,1168.072873474145,2,True,False,moderate_audience_selectivity,0,0,0,0,0,1,0,0,borderline,borderline,3
393530,Karak II,2023.0,457,7.51352703003618,0.3543936132080221,0.2261634335493392,0.0558267564317476,eligible,0.0016194448027286,0,,,0.0960756131135479,borderline_overlap,stable_under_exposure_adjustment,1558.1326806692325,4,True,False,low_audience_selectivity,0,0,0,0,0,0,0,0,eligible,eligible,3
393910,The Texas Chainsaw Massacre: Slaughterhouse,2023.0,204,8.04223242281266,0.8840118850888263,0.9978281633578056,0.0835574950961671,eligible,0.0007201513392665,0,,,0.0614005590999899,adequate_overlap,stable_under_exposure_adjustment,1084.7547077669285,4,True,False,moderate_audience_selectivity,0,0,0,0,0,0,0,0,eligible,eligible,0
394127,Yokai Pagoda,2023.0,278,7.697666942874904,0.4760950587957202,0.4727466868185432,0.0715777591279919,eligible,0.0009888645255599,0,,,0.0710429826418072,borderline_overlap,moderately_sensitive,1843.073397533548,4,True,False,low_audience_selectivity,0,0,0,0,0,0,0,0,eligible,eligible,0
394960,Legendary: A Marvel Deck Building Game – Marvel Studios' What If...?,2023.0,119,8.4226702292903,0.6290485123661558,0.6119055890603384,0.1094024417597391,eligible,0.0004263582555856,0,0.8571428571428571,0.6638655462184874,0.1392582133337645,insufficient_overlap,insufficient_overlap,817.8400621010517,2,False,True,insufficient_evidence,0,0,0,0,1,0,0,0,borderline,borderline,12
46,Medici,1995.0,8446,7.638993387689081,0.61472396058761,0.6051949936504792,0.0129859868064928,exclude,0.0302033621393869,1,,,0.1736277394244147,adequate_overlap,stable_under_exposure_adjustment,1227.5679244481803,4,False,True,moderate_audience_selectivity,0,0,0,0,0,0,0,0,eligible,eligible,5
77,"EastFront: The War in Russia, 1941-45",1991.0,667,8.134294485169379,0.5144318804404477,0.4495110895149601,0.0462101713476187,eligible,0.0022464422374134,0,0.9385307346326835,0.8380809595202399,0.0262798309723601,borderline_overlap,strongly_sensitive,2168.873714839871,7,True,False,moderate_audience_selectivity,0,1,1,0,0,0,0,0,eligible,eligible,3
378,Lancashire Railways,1998.0,120,7.566311807781945,0.9268581963454724,0.8735761739046399,0.1089456446007282,eligible,0.0004299410980695,0,0.9916666666666668,0.9583333333333334,0.4378159152867559,insufficient_overlap,insufficient_overlap,84.72838879806689,2,True,False,insufficient_evidence,0,0,0,0,0,0,0,0,eligible,eligible,2
541,Das Motorsportspiel,1995.0,381,7.884625607694253,1.6685431334859606,1.855485018736677,0.0611417701403507,eligible,0.0013471487739513,0,,,0.2947712958641837,adequate_overlap,stable_under_exposure_adjustment,1172.946178393212,2,True,False,moderate_audience_selectivity,0,0,0,0,0,0,0,0,eligible,eligible,0
730,Breakout: Normandy,1992.0,1024,8.063990803406538,0.3970998461842931,0.561887732209108,0.0372949919310998,eligible,0.0033248778250712,0,0.951171875,0.873046875,0.0158694291189901,borderline_overlap,strongly_sensitive,3149.2981271139674,7,True,False,moderate_audience_selectivity,0,1,1,0,0,0,0,0,eligible,eligible,4
756,Black Vienna,1987.0,474,7.533283679784169,1.048110251107202,1.063582677200225,0.054816502822029,eligible,0.001687518809923,0,,,0.3449889110673465,borderline_overlap,moderately_sensitive,638.5629809551198,2,True,False,moderate_audience_selectivity,0,0,0,0,0,0,0,0,eligible,eligible,0
1041,San Marco,2001.0,4560,7.589111912107175,0.413136372543434,0.3391824558975322,0.0176733172931371,exclude,0.0162911847743525,1,,,0.2209299503744751,adequate_overlap,stable_under_exposure_adjustment,847.7150878350973,4,True,False,moderate_audience_selectivity,0,0,0,0,0,0,0,0,eligible,eligible,0
2511,Sherlock Holmes Consulting Detective: The Thames Murders & Other Cases,1981.0,21275,7.877661301282565,0.6191695972679696,0.6127171188536042,0.0081821174912988,exclude,0.0762249738452498,1,0.738801410105758,0.5008695652173913,0.1229439750383518,adequate_overlap,stable_under_exposure_adjustment,1383.0949764691466,7,True,False,low_audience_selectivity,0,0,0,0,1,0,0,0,eligible,eligible,4
4205,On to Richmond!,1998.0,225,8.29678950818097,0.974849170138084,0.9457242818275802,0.079562649453013,eligible,0.0006484944895882,0,0.9955555555555556,0.9111111111111112,0.062795759202432,borderline_overlap,strongly_sensitive,2045.365420138129,4,True,False,high_audience_selectivity,0,1,1,0,0,0,0,0,eligible,eligible,13
4211,Stonewall Jackson's Way,1992.0,400,7.931292699883921,0.7008365621942101,0.5852861424074085,0.0596719870897597,eligible,0.0011895037046591,0,0.9775,0.8925,0.0375901475327055,borderline_overlap,strongly_sensitive,4059.550101295061,4,False,True,high_audience_selectivity,1,1,1,0,0,0,0,0,eligible,eligible,13
7349,The Korean War: June 1950-May 1951,1986.0,456,7.950815673089537,0.6463903237467514,0.5342179741302724,0.055887936457155,eligible,0.0013256517190478,0,0.9824561403508772,0.912280701754386,0.055605137344823,borderline_overlap,strongly_sensitive,1533.9346234669008,4,True,False,high_audience_selectivity,1,1,1,0,0,0,0,0,eligible,eligible,0
7844,"Operation Typhoon: The German Assault on Moscow, 1941",1978.0,174,7.603668301518053,0.426757015558505,0.3424511065699542,0.0904744333384248,eligible,0.0003976955157143,0,0.9827586206896552,0.9195402298850576,0.0953465721879654,borderline_overlap,strongly_sensitive,2545.314016793164,3,True,False,high_audience_selectivity,0,1,1,0,0,0,0,0,eligible,eligible,8
13403,Three Battles of Manassas,2004.0,153,8.127633401369366,0.8807914293478287,0.8550488043591429,0.0964838845731658,eligible,0.0004227754131017,0,0.9673202614379084,0.8954248366013072,0.0564458159171089,borderline_overlap,strongly_sensitive,2295.841747962347,3,True,False,high_audience_selectivity,0,1,1,0,0,0,0,0,eligible,eligible,8
14634,Homeworlds,2001.0,456,7.898991456140664,0.9428553759504714,1.0737208029953438,0.055887936457155,eligible,0.0016015305903091,0,,,0.1110615293218435,adequate_overlap,moderately_sensitive,552.2883063920108,4,True,False,low_audience_selectivity,0,0,0,0,0,0,0,0,eligible,eligible,0
17536,Lobositz: First Battle of the Seven Years War,2005.0,145,8.139103519718002,0.5606622322308183,0.4600333993732484,0.0991097760339054,eligible,0.0003726156183269,0,0.986206896551724,0.9172413793103448,0.0695279038051172,insufficient_overlap,insufficient_overlap,2971.4679956757554,2,True,False,insufficient_evidence,0,1,1,0,0,0,0,0,eligible,eligible,5
19857,Glory to Rome,2005.0,14325,7.916222949567317,0.3564576592245698,0.3631589347594053,0.0099713320918319,exclude,0.0512668931023116,1,0.903455497382199,0.76760907504363,0.0977632556086557,borderline_overlap,moderately_sensitive,1160.392099565324,7,True,False,moderate_audience_selectivity,0,0,0,0,0,0,0,0,eligible,eligible,0
20101,Kaivai,2005.0,443,7.72076865366546,0.5351531651806534,0.6531223387357104,0.0567020333039655,eligible,0.0015871992203734,0,0.9887133182844244,0.979683972911964,0.4374396925629033,borderline_overlap,moderately_sensitive,199.19404136620548,1,True,False,high_audience_selectivity,0,0,0,0,0,0,0,0,eligible,eligible,0
20734,Corsair Leader,2005.0,283,7.563284941938588,0.4754992643032159,0.4621459478161407,0.0709426289209789,eligible,0.0008849620935265,0,0.8939929328621908,0.696113074204947,0.219271134682236,insufficient_overlap,insufficient_overlap,19162.27883684705,6,True,False,moderate_audience_selectivity,1,1,1,0,0,0,0,0,eligible,eligible,16
24070,Afrika: 2nd Edition,2006.0,420,7.825931790296384,0.5973200624320372,0.5010282485841033,0.0582338965538804,eligible,0.001275491924273,0,0.9833333333333332,0.9,0.0594737208231706,borderline_overlap,moderately_sensitive,3458.005062096809,4,True,False,high_audience_selectivity,1,1,1,0,0,1,0,0,borderline,borderline,23
25729,World at War: Eisenbach Gap,2007.0,611,7.618319237721035,0.3463197561871212,0.2130739053523633,0.0482814040046632,eligible,0.0019633976811843,0,0.9525368248772504,0.8461538461538461,0.0698218370318475,borderline_overlap,strongly_sensitive,5655.184202066386,4,True,False,moderate_audience_selectivity,0,1,1,0,0,0,0,0,eligible,eligible,3
28181,Combat Commander: Pacific,2008.0,1709,8.473934199593485,0.6179575969193412,0.4759591407727441,0.0288688487052787,borderline,0.0058866102010691,1,0.930368636629608,0.7987126974839087,0.0279246073365702,borderline_overlap,strongly_sensitive,7053.7118646610725,7,False,True,moderate_audience_selectivity,0,1,1,0,0,0,0,0,eligible,eligible,2
28284,Lock 'n Load: Heroes of the Blitzkrieg,2009.0,186,7.919578637067077,0.6147613296371288,0.6397949600404091,0.087507247543047,eligible,0.0005589234274904,0,0.9301075268817204,0.7688172043010753,0.1554389222121573,borderline_overlap,moderately_sensitive,3305.8381068779136,3,False,True,moderate_audience_selectivity,0,1,1,0,0,0,0,0,eligible,eligible,4
32838,The Battle for Normandy,2009.0,321,8.101507669392657,0.4824276553485873,0.4099092544522928,0.0666113107553728,eligible,0.0008957106209782,0,0.9595015576323987,0.8411214953271028,0.11082029091882,borderline_overlap,moderately_sensitive,3751.321580885357,4,True,False,high_audience_selectivity,0,0,0,0,0,0,0,0,eligible,eligible,0
32944,Neue Heimat,2007.0,793,8.019695871968176,1.1808622234649544,1.1110542239598864,0.0423802878542377,eligible,0.002841194089743,0,0.9861286254728878,0.9520807061790668,0.4014561002384162,borderline_overlap,strongly_sensitive,664.339026109691,2,True,False,high_audience_selectivity,0,0,0,0,0,0,0,0,eligible,eligible,0
32989,Axis Empires: Totaler Krieg!,2011.0,268,8.633943845488616,0.5103042160420799,0.5556167723587251,0.0729009350639256,eligible,0.0008849620935265,0,0.9701492537313432,0.8805970149253731,0.0622214497484829,borderline_overlap,strongly_sensitive,2254.698452722901,3,True,False,high_audience_selectivity,0,0,0,0,0,0,0,0,eligible,eligible,4
35342,Hold the Line,2008.0,551,7.54490953444763,0.6023646185960949,0.5536793951823853,0.0508422423453975,eligible,0.001852329564183,0,0.9346642468239564,0.8348457350272233,0.0507550945315929,borderline_overlap,strongly_sensitive,6298.5870562371465,7,True,False,moderate_audience_selectivity,0,1,1,0,0,0,0,0,eligible,eligible,5
35669,Bastogne: Screaming Eagles Under Siege 18-27 Dec '44,2009.0,394,7.683698418360688,0.3952688116048488,0.4057294769475703,0.0601246255894751,eligible,0.0012253321294982,0,0.964467005076142,0.8807106598984772,0.0537040059047366,borderline_overlap,strongly_sensitive,3684.057380532101,4,False,True,high_audience_selectivity,0,1,1,0,0,0,0,0,borderline,borderline,23
37907,Diamonds Club,2008.0,1811,7.522380473771891,0.4826523963728224,0.5707653705774778,0.0280440847369529,borderline,0.0064777792109147,1,0.9795692987299834,0.9276642738818331,0.3532401744437594,borderline_overlap,strongly_sensitive,775.5247342797448,7,True,False,high_audience_selectivity,0,0,0,0,0,0,0,0,eligible,eligible,0
56995,The Twelve Doctors: Doctor Who Card Game,2009.0,139,7.732817228271512,1.5079722529014117,1.465715327296297,0.1012262377230807,eligible,0.0004980151052639,0,,,0.1111716744633025,insufficient_overlap,insufficient_overlap,1118.6372531743818,2,True,False,insufficient_evidence,0,1,0,1,0,0,0,0,eligible,eligible,0
70532,Tonkin: The First Indochina War (Second Edition),2012.0,133,7.99086078634704,0.4856098934170312,0.4532361357671597,0.1034843498136905,eligible,0.0004012783581982,0,0.9774436090225564,0.924812030075188,0.1140025363133792,insufficient_overlap,insufficient_overlap,2101.403160999137,2,True,False,insufficient_evidence,0,1,1,0,0,1,0,0,borderline,borderline,0
70918,Hanabi & Ikebana,2010.0,639,7.888394684409236,1.2025656899235573,1.2520016147929551,0.0472117465240715,eligible,0.0022894363472204,0,0.7949921752738655,0.5602503912363067,0.2727141938470062,borderline_overlap,strongly_sensitive,1601.6800557230504,7,True,False,high_audience_selectivity,0,0,0,0,1,0,0,0,borderline,borderline,3
71668,After Pablo,2010.0,195,7.954348808871511,0.8194536210216965,0.7799145226023514,0.0854639950369319,eligible,0.0006950714418791,0,0.9743589743589745,0.8564102564102564,0.2967902742611148,borderline_overlap,strongly_sensitive,619.7422727923921,1,True,False,high_audience_selectivity,0,0,0,0,0,0,0,0,eligible,eligible,0
83325,Lost Battles: Forty Battles & Campaigns of the Ancient World,2011.0,193,8.212230891818116,0.951663007943619,0.9256260861866464,0.0859056723713636,eligible,0.0006341631196526,0,0.932642487046632,0.8704663212435233,0.0847949741003433,borderline_overlap,strongly_sensitive,4423.87491698845,4,True,False,moderate_audience_selectivity,0,0,0,0,0,0,0,0,borderline,borderline,0
98229,Pictomania,2011.0,3894,7.681228547211411,0.8228592257547938,0.7949433358141729,0.0191250474907761,exclude,0.0139336744199378,1,0.8466872110939908,0.6260914227015922,0.1424897725029859,borderline_overlap,moderately_sensitive,2318.620886616507,7,True,False,low_audience_selectivity,0,0,0,0,0,0,0,0,borderline,borderline,0
108784,Ascension: Storm of Souls,2011.0,3598,7.569663902486813,0.4410971020243126,0.3286728946529225,0.0198961898504693,exclude,0.0128659873597317,1,,,0.0167755884070429,adequate_overlap,stable_under_exposure_adjustment,1262.0084045661824,4,True,False,low_audience_selectivity,0,0,0,0,0,0,0,0,borderline,borderline,24
108906,Thunder Alley,2014.0,3575,7.745417014899338,0.4310131426964254,0.4008506448211992,0.0199600889700231,exclude,0.012729839345343,1,,,0.1924546099254505,adequate_overlap,stable_under_exposure_adjustment,1509.9385701278184,4,True,False,moderate_audience_selectivity,0,0,0,0,0,0,0,0,eligible,eligible,3
114261,Malta Besieged: 1940-1942,2011.0,205,7.746826223694842,0.6950058314903105,0.6865941958713497,0.0833534471845187,eligible,0.0006628258595239,0,0.975609756097561,0.8536585365853658,0.0874545850235642,borderline_overlap,moderately_sensitive,2706.652611139916,4,True,False,high_audience_selectivity,1,1,1,0,0,0,0,0,eligible,eligible,19
116046,18NY,2011.0,153,8.530525523951502,0.6620856734011191,0.6551336239790997,0.0964838845731658,eligible,0.0005410092150708,0,0.8954248366013072,0.6601307189542484,0.3038289871821806,insufficient_overlap,insufficient_overlap,366.1880827363698,2,True,False,moderate_audience_selectivity,0,0,0,0,0,0,0,0,borderline,borderline,81
122240,Last Night on Earth: Timber Peak,2012.0,962,7.689297895817728,0.698803294817469,1.0090689342811432,0.0384780415995807,eligible,0.0033607062499104,0,,,0.0893001267426847,adequate_overlap,stable_under_exposure_adjustment,1110.4294392477673,4,True,False,moderate_audience_selectivity,0,0,0,0,0,0,0,0,eligible,eligible,4
132019,Blood & Roses,2014.0,252,7.841703331593609,0.4220091832146044,0.3890559526270367,0.0751796371793148,eligible,0.0008061395588804,0,0.9761904761904762,0.9126984126984128,0.0627009901407638,borderline_overlap,strongly_sensitive,6601.195025107417,2,False,True,high_audience_selectivity,0,1,1,0,0,0,0,0,eligible,eligible,7
140125,Fallen,2014.0,443,7.790056125988104,0.6956819951467486,0.7011583887229866,0.0567020333039655,eligible,0.0015764506929217,0,,,0.0978892027011137,adequate_overlap,stable_under_exposure_adjustment,808.4619602272152,4,True,False,low_audience_selectivity,0,1,0,1,0,0,0,0,eligible,eligible,0
144228,FUBA,2013.0,116,7.691251037674278,0.874999128319069,0.9027860680451,0.1108080982232961,eligible,0.0004012783581982,0,,,0.1217239612637673,insufficient_overlap,insufficient_overlap,1034.6236822473572,2,True,False,insufficient_evidence,0,1,0,1,0,0,0,0,borderline,borderline,0
144567,For the Crown (Second Edition),2012.0,280,7.659235109479541,0.5126444250910751,0.3945006584422295,0.0713216661455134,eligible,0.0009996130530117,0,,,0.3187682962391368,borderline_overlap,moderately_sensitive,673.3449362955072,2,True,False,moderate_audience_selectivity,0,1,0,1,0,1,0,0,borderline,borderline,1
146910,Wildcatters,2013.0,1481,8.245770473018954,0.4263107056308168,0.2944762080392209,0.0310115138089267,eligible,0.0053026068761912,1,0.9858203916272787,0.952059419311276,0.3127877811431592,borderline_overlap,strongly_sensitive,509.1034582249276,4,True,False,high_audience_selectivity,0,0,0,0,0,0,0,0,eligible,eligible,0
149620,Decision at Elst: An Advanced Squad Leader Starter Kit Historical Module,2014.0,192,8.64802699222585,0.7525024846394075,0.7322256718438478,0.0861290945233816,eligible,0.0005875861673617,0,0.953125,0.7916666666666666,0.1298924180465774,borderline_overlap,strongly_sensitive,7313.046624516315,3,True,False,high_audience_selectivity,0,1,1,0,0,0,0,0,eligible,eligible,6
150005,Lock 'n Load Tactical: Heroes of Normandy,2015.0,176,8.04810444063319,0.3559729956351365,0.4594437237965323,0.089958905305302,eligible,0.0005374263725869,0,0.8977272727272727,0.6931818181818182,0.2681588635611309,borderline_overlap,moderately_sensitive,3239.579910183324,2,True,False,high_audience_selectivity,1,1,1,0,0,0,0,0,borderline,borderline,4
150145,Skull King,2013.0,11633,7.834798079603049,0.587855085293203,0.5733170361717885,0.0110650818751289,exclude,0.0414821502787451,1,,,0.0530659979570981,borderline_overlap,moderately_sensitive,1942.3030498716248,4,True,False,moderate_audience_selectivity,0,0,0,0,0,0,0,0,eligible,eligible,4
153480,Scharfe Schoten,2014.0,367,7.678599050054305,0.9278933177819928,0.933491714533857,0.062297047425807,eligible,0.0013113203491121,0,,,0.4437196391741309,borderline_overlap,moderately_sensitive,1066.8772586242396,2,True,False,moderate_audience_selectivity,0,0,0,0,0,0,0,0,eligible,eligible,0
156455,Viticulture: Complete Collector's Edition,2014.0,806,8.61001314486082,1.2661336944120318,1.3293493181245992,0.0420371219808986,eligible,0.0028841881995499,0,0.9069478908188584,0.7878411910669976,0.1497719959019865,borderline_overlap,moderately_sensitive,681.0911646545145,7,False,True,high_audience_selectivity,0,0,0,0,0,1,0,0,borderline,borderline,3
156546,Monikers,2015.0,6607,8.082132790312498,1.3213286391491312,1.2134058344603798,0.0146824436402152,exclude,0.0235392751193086,1,0.7634327228696837,0.4931133646132889,0.095829341246905,borderline_overlap,moderately_sensitive,3641.672486928765,7,True,False,moderate_audience_selectivity,0,0,0,0,0,0,0,0,eligible,eligible,0
161614,Stockpile,2015.0,7281,7.893010624192904,0.5649808510866947,0.4630245315576005,0.0139863689467965,exclude,0.026075927597919,1,0.914846861694822,0.7945337178958934,0.1512585803464242,borderline_overlap,moderately_sensitive,1493.5289195198973,7,True,False,moderate_audience_selectivity,0,0,0,0,0,0,0,0,borderline,borderline,22
161880,The Quiet Year,2013.0,406,7.928581363307283,1.5308571429386708,1.4713888981424672,0.059229419890224,eligible,0.0014438855210169,0,,,0.0612432022239084,borderline_overlap,moderately_sensitive,2526.619538597028,4,False,True,low_audience_selectivity,0,0,0,0,0,0,0,0,eligible,eligible,0
169427,Middara: Unintentional Malum – Act 1,2019.0,2327,8.732953291397942,0.4868305014536069,0.4731766890615851,0.024740148619513,borderline,0.0080649784312882,1,0.8680704770090245,0.684572410829394,0.1419720807023574,adequate_overlap,stable_under_exposure_adjustment,722.562693098365,7,True,False,moderate_audience_selectivity,0,0,0,0,1,0,0,0,eligible,eligible,0
183572,Dungeons & Dragons Dice Masters: Faerûn Under Siege,2016.0,402,7.656940114177888,0.6896324141668453,0.5858361477033176,0.0595233642261294,eligible,0.0014331369935652,0,,,0.1020638863257979,adequate_overlap,stable_under_exposure_adjustment,1246.4466090022245,4,True,False,moderate_audience_selectivity,0,1,0,1,0,0,0,0,borderline,borderline,18
183836,Ferox,2015.0,121,7.957118615730168,1.3871546831840735,1.3238535036510155,0.1084945219813813,eligible,0.0004335239405534,0,,,0.0509014087049549,insufficient_overlap,insufficient_overlap,1309.7211735242856,2,True,False,insufficient_evidence,0,1,0,1,0,0,0,0,eligible,eligible,0
193291,Orient Express,2017.0,112,7.543980379424899,0.5593045947806816,0.4691243182458295,0.1127694557689722,eligible,0.0004012783581982,0,,,0.3276968676677082,insufficient_overlap,insufficient_overlap,606.8612222132642,2,True,False,insufficient_evidence,0,0,0,0,0,0,0,0,eligible,eligible,0
200456,Ascension X: War of Shadows,2016.0,627,7.735191435141099,0.8283611648695004,0.7138801060761715,0.0476613923532091,eligible,0.0022392765524456,0,,,0.0361312283512926,adequate_overlap,stable_under_exposure_adjustment,1373.1923869201844,4,True,False,low_audience_selectivity,0,0,0,0,0,0,0,0,borderline,borderline,24
209877,World At War 85: Storming the Gap,2019.0,288,8.507247987016425,0.5855417393734559,0.4801886521618925,0.070324111196742,eligible,0.0009064591484299,0,0.9201388888888888,0.7534722222222222,0.1993457322479996,borderline_overlap,strongly_sensitive,5969.181486892278,3,True,False,moderate_audience_selectivity,1,1,1,0,0,0,1,0,eligible,eligible,1
210271,Guild Ball: Kick Off!,2016.0,251,7.705333652104758,0.3575323098159133,0.3168870543591433,0.0753292485455614,eligible,0.0008849620935265,0,,,0.1079680661607237,adequate_overlap,stable_under_exposure_adjustment,748.6210383222016,4,True,False,moderate_audience_selectivity,0,1,0,1,0,0,0,0,borderline,borderline,0
211813,Holdfast: EastFront 1941-45,2017.0,104,7.967359464310206,0.7093835999053617,0.8111393242874456,0.1170263948405929,eligible,0.0003439528784556,0,0.9326923076923076,0.8461538461538461,0.0833016960698411,insufficient_overlap,insufficient_overlap,4268.199420303652,2,True,False,insufficient_evidence,1,1,1,0,0,0,0,0,borderline,borderline,4
214029,SpaceCorp: 2025-2300AD,2018.0,2757,8.119517217118501,0.456662412784949,0.3618328881228105,0.0227290933746855,exclude,0.0097954913510182,1,0.8436706565107001,0.7199854914762422,0.1003113813730815,borderline_overlap,moderately_sensitive,1443.0186090902057,7,True,False,moderate_audience_selectivity,0,0,0,0,0,0,0,0,eligible,eligible,0
214747,Mega Man Pixel Tactics: Bass Orange,2017.0,138,7.592631750552735,0.923431943399903,0.9234699807766962,0.1015923374270194,eligible,0.0004801008928443,0,,,0.0610043210838572,insufficient_overlap,insufficient_overlap,797.3462431838914,2,True,False,insufficient_evidence,0,1,0,1,0,0,0,0,borderline,borderline,7
208024,The Reckoners,2018.0,2080,7.923582760797078,0.4297520403985615,0.3630330315597287,0.0261678974025296,borderline,0.007412901099216,1,0.9052884615384617,0.7860576923076923,0.1000666609143935,borderline_overlap,moderately_sensitive,1420.5312048771657,7,True,False,moderate_audience_selectivity,0,0,0,0,1,0,0,0,borderline,borderline,22
209003,Commands & Colors: Medieval,2019.0,543,8.524960335780627,0.7019856377796874,0.6180943717599003,0.0512154014246387,eligible,0.0018666609341186,0,0.9097605893186004,0.7624309392265194,0.0494497994527292,borderline_overlap,strongly_sensitive,6432.171809839917,7,False,True,moderate_audience_selectivity,0,1,1,0,0,0,0,0,borderline,borderline,13
209511,Atlanta Is Ours,2018.0,165,8.830272809072333,0.8151331114775484,0.646648703763864,0.0929091578907959,eligible,0.0004801008928443,0,0.9696969696969696,0.9030303030303032,0.1167295392586986,borderline_overlap,moderately_sensitive,2276.3397540458504,3,True,False,high_audience_selectivity,1,1,1,0,0,0,0,0,eligible,eligible,13
226170,Advanced Guildhall Fantasy: The Gathering,2017.0,126,7.568109147392366,0.8918726763284193,0.99777176788512,0.1063200625132756,eligible,0.000451438152973,0,,,0.3379093510478198,insufficient_overlap,insufficient_overlap,952.68079896654,2,True,False,insufficient_evidence,0,0,0,0,0,0,0,0,borderline,borderline,6
224830,Chimera & More,2017.0,136,8.05503327505175,1.1212887769800943,1.0904352328435216,0.1023366135853585,eligible,0.0004872665778121,0,,,0.3765414054828342,insufficient_overlap,insufficient_overlap,631.1471935050231,1,True,False,insufficient_evidence,0,0,0,0,0,0,0,0,eligible,eligible,17
237828,Anno Domini 1666,2019.0,126,8.37960157100523,0.880065857925663,0.8540948309705598,0.1063200625132756,eligible,0.0004406896255213,0,,,0.2112504941527615,insufficient_overlap,insufficient_overlap,692.1102222486425,3,True,False,insufficient_evidence,0,1,0,1,0,0,0,0,eligible,eligible,1
238935,Stool Pigeon,2017.0,100,7.51617807628911,0.7304177668245782,0.737455734445577,0.1193439741795195,eligible,0.0003439528784556,0,,,0.1742651996431586,insufficient_overlap,insufficient_overlap,1490.8805571677046,3,True,False,insufficient_evidence,0,0,0,0,0,0,0,0,eligible,eligible,0
244452,Wisdom of Solomon,2018.0,169,7.60552151380137,0.6317965097072546,0.6072950654883469,0.0918030570611688,eligible,0.0005983346948134,0,,,0.1402175983894677,adequate_overlap,stable_under_exposure_adjustment,1102.6402901603124,4,True,False,moderate_audience_selectivity,0,0,0,0,0,0,0,0,eligible,eligible,0
254588,Hearts and Minds: Vietnam 1965-1975 (Third Edition),2019.0,317,8.253975214082939,0.4266576312027705,0.4776246963526862,0.067030253946647,eligible,0.0010461900053026,0,0.9621451104100948,0.8801261829652997,0.0286054628174091,borderline_overlap,strongly_sensitive,3137.7576374989403,4,True,False,high_audience_selectivity,1,1,1,0,0,1,0,0,borderline,borderline,0
263222,Shards of the Jaguar,2021.0,106,7.916966446663967,0.3809308906257405,0.4304900874784136,0.1159171148780976,eligible,0.0003797813032947,0,,,0.1740878476036748,insufficient_overlap,insufficient_overlap,472.6922039762342,1,True,False,insufficient_evidence,0,0,0,0,0,0,0,0,eligible,eligible,0
284189,Foundations of Rome,2022.0,4280,8.36985950608708,0.6443652684414793,0.5665226275684319,0.0182422587428521,exclude,0.0152951545638247,1,0.8563084112149533,0.7144859813084112,0.119669497841273,borderline_overlap,moderately_sensitive,1964.914152950683,7,True,False,low_audience_selectivity,0,0,0,0,0,0,0,0,borderline,borderline,21
286925,Detective Stories: Case 3 – Still Lake,2019.0,133,7.776859324966884,0.7882892860234758,0.794788874292653,0.1034843498136905,eligible,0.0004729352078765,0,0.962406015037594,0.9097744360902256,0.1630185116951916,insufficient_overlap,insufficient_overlap,1393.4919280101587,2,True,False,insufficient_evidence,0,0,0,0,1,0,0,0,eligible,eligible,4
288316,Rurik: Dawn of Kiev – Kickstarter Edition,2019.0,321,8.249973668031766,0.926621480953294,0.9878543200910546,0.0666113107553728,eligible,0.0011465095948521,0,,,0.1621149807073166,adequate_overlap,stable_under_exposure_adjustment,910.9678013319752,2,True,False,moderate_audience_selectivity,0,0,0,0,0,1,0,0,borderline,borderline,22
288539,The Jaws of Victory: Battle of Korsun-Cherkassy Pocket – January/February 1944,2020.0,122,8.747106066272604,0.4089561507785024,0.2794115375634742,0.1080489573802186,eligible,0.0003152901385843,0,0.9918032786885246,0.9508196721311476,0.121349963934715,insufficient_overlap,insufficient_overlap,1394.190000324489,2,True,False,insufficient_evidence,0,0,0,0,0,1,0,0,borderline,borderline,0
289081,The Grand Carnival,2020.0,1257,7.879585499160086,0.3640339417187359,0.3577793007605017,0.0336614528910565,eligible,0.0044964673173108,0,,,0.1979591133774479,adequate_overlap,stable_under_exposure_adjustment,1190.9555868756254,4,True,False,low_audience_selectivity,0,0,0,0,0,0,0,0,eligible,eligible,0
299566,Batman: The Animated Series Adventures – Shadow of the Bat,2021.0,453,8.08536553117603,0.5508129516572193,0.4493782245659741,0.0560726904700306,eligible,0.0015979477478252,0,0.8962472406181016,0.7240618101545254,0.0356927974548286,borderline_overlap,moderately_sensitive,914.3932806043138,7,False,True,moderate_audience_selectivity,0,0,0,0,1,0,0,0,eligible,eligible,3
299607,Capital Lux 2: Generations,2021.0,957,8.052874364348387,0.6904097258818869,0.6804223493866104,0.0385784279992402,eligible,0.0034287802571047,0,,,0.2418911503964737,adequate_overlap,stable_under_exposure_adjustment,1001.3315320911796,2,True,False,moderate_audience_selectivity,0,0,0,0,0,0,1,0,eligible,eligible,0
310636,Drakborgen,2022.0,171,7.5261961353055264,0.4968049435598418,0.5537312410794746,0.0912646180647461,eligible,0.0006090832222652,0,,,0.1861878375111575,borderline_overlap,stable_under_exposure_adjustment,1557.626591576072,3,True,False,moderate_audience_selectivity,0,0,0,0,0,0,0,0,eligible,eligible,4
318243,HITSTER,2022.0,3729,7.9101619513449,0.6221351762156484,0.6078270645715289,0.0195435882476042,exclude,0.0133353397251243,1,0.666934835076428,0.4397961920085814,0.0302496190783057,borderline_overlap,moderately_sensitive,4084.1882728746814,7,True,False,moderate_audience_selectivity,0,0,0,0,0,0,0,0,eligible,eligible,5
324512,KAPOW! Volume 1,2023.0,135,7.6702931126391025,0.4933656238132862,0.4447068796266187,0.1027149387705526,eligible,0.0004765180503604,0,,,0.1452233226941632,insufficient_overlap,insufficient_overlap,923.4691547464396,2,True,False,insufficient_evidence,0,0,0,0,0,0,1,0,borderline,borderline,2
324639,The Road,2021.0,234,7.916637104631615,0.7348752398159082,0.7022427490607441,0.0780175965603953,eligible,0.000820470928816,0,,,0.2381048532438267,borderline_overlap,moderately_sensitive,1790.4749242876785,3,False,True,high_audience_selectivity,1,1,0,0,0,0,0,0,eligible,eligible,0
324657,Core Space: First Born,2021.0,232,8.358370573923871,0.4436118184490425,0.3947805432419429,0.0783531576640776,eligible,0.0008025567163965,0,0.8448275862068966,0.6767241379310345,0.1713794870120947,adequate_overlap,stable_under_exposure_adjustment,682.328222527973,2,True,False,moderate_audience_selectivity,0,0,0,0,1,0,0,0,borderline,borderline,0
330097,The Red Dragon Inn 8: Pub Crawl,2022.0,123,7.919392636566072,0.958859136580778,1.079069774365835,0.1076088375982068,eligible,0.0004299410980695,0,0.7886178861788617,0.4634146341463415,0.1516149790221872,insufficient_overlap,insufficient_overlap,845.8967395762388,2,True,False,insufficient_evidence,0,0,0,0,0,0,1,0,borderline,borderline,11
330592,Phantom Ink,2022.0,1891,7.871632927750639,0.6613544260338955,0.6124687689373491,0.0274444626190518,borderline,0.0067679894521117,1,0.8524590163934426,0.6774193548387096,0.1581578860253421,borderline_overlap,strongly_sensitive,3704.494239471168,7,True,False,low_audience_selectivity,0,0,0,0,0,0,0,0,eligible,eligible,0
330664,Varuna,2021.0,257,7.626524397406344,0.3572217947309539,0.3323409049036829,0.0744447257226654,eligible,0.0009207905183656,0,,,0.203704371836691,adequate_overlap,stable_under_exposure_adjustment,555.7470621921669,2,True,False,moderate_audience_selectivity,0,0,0,0,0,0,0,0,eligible,eligible,4
341519,The Light in the Mist,2022.0,509,8.351890072993877,0.4694599275631343,0.4559120410266111,0.0528982865287168,eligible,0.0018057526118921,0,0.8506876227897839,0.7131630648330058,0.0630974371529627,borderline_overlap,moderately_sensitive,1231.7693873754042,7,True,False,moderate_audience_selectivity,0,0,0,0,1,0,0,0,eligible,eligible,0
348870,Heckmeck am Karteneck,2021.0,209,7.525107011598668,0.6692212227277397,0.6914252645718237,0.0825519531152329,eligible,0.0007452312366539,0,,,0.3317553092261498,adequate_overlap,stable_under_exposure_adjustment,1468.7576598145808,2,True,False,moderate_audience_selectivity,0,0,0,0,0,0,0,0,eligible,eligible,13
348872,The Bad Karmas and The Curse of the Zodiac,2024.0,129,8.274148691268895,0.4454139336625378,0.3508360814433029,0.1050765102308597,eligible,0.000451438152973,0,0.8527131782945736,0.6666666666666666,0.1556793728429178,insufficient_overlap,insufficient_overlap,1146.3561704063898,3,True,False,insufficient_evidence,0,0,0,0,1,0,0,1,borderline,borderline,0
348973,Hidden Games Tatort: Winterkrimi – Eiskaltes Verbrechen,2021.0,115,8.102204139578445,0.876148600073444,0.7900501728223528,0.1112888297569097,eligible,0.0004012783581982,0,0.9565217391304348,0.8956521739130435,0.1458233498776041,insufficient_overlap,insufficient_overlap,696.8731207630346,1,True,False,insufficient_evidence,0,0,0,0,1,0,0,0,borderline,borderline,6
361895,Trick and Trade,2022.0,119,7.9311545303898,0.7445323144950402,0.7241428341622766,0.1094024417597391,eligible,0.0004263582555856,0,,,0.4784321617853553,insufficient_overlap,insufficient_overlap,290.96296967012324,2,True,False,insufficient_evidence,0,0,0,0,0,0,0,0,eligible,eligible,0
361918,BattleTech: Alpha Strike Box Set,2022.0,113,8.445771801681971,0.8953037526835512,0.8662005094825496,0.1122693670265072,eligible,0.0003797813032947,0,0.6814159292035398,0.4601769911504424,0.2008271525598518,insufficient_overlap,insufficient_overlap,21519.98750848636,4,True,False,insufficient_evidence,0,1,1,0,0,1,0,0,borderline,borderline,12
361923,Curse of the Dark,2022.0,128,8.255860213505064,1.0622364854922992,1.0512988282245264,0.105486166795113,eligible,0.0004406896255213,0,0.8984375,0.7890625,0.1427026996431586,insufficient_overlap,insufficient_overlap,1178.0721205741547,4,True,False,insufficient_evidence,0,0,0,0,1,0,0,1,borderline,borderline,0
397736,HITSTER: Guilty Pleasures,2023.0,652,7.744433552915801,0.660357862956392,0.6561984541486439,0.0467387074596008,eligible,0.0023252647720595,0,0.7101226993865031,0.4938650306748466,0.0440445775457213,borderline_overlap,moderately_sensitive,2640.272621734702,7,False,True,moderate_audience_selectivity,0,0,0,0,0,0,0,0,borderline,borderline,5
399374,For One: Kniffel,2023.0,139,7.855174856130276,0.7351884561504409,0.7378096437289585,0.1012262377230807,eligible,0.0004944322627799,0,,,0.2519645963419117,insufficient_overlap,insufficient_overlap,1755.0804516385183,2,True,False,insufficient_evidence,1,1,0,0,0,0,0,0,eligible,eligible,5
399378,For One: Galaktix,2023.0,112,7.539810882167258,0.6601080993970232,0.6180631872093496,0.1127694557689722,eligible,0.0003976955157143,0,,,0.345554010524851,insufficient_overlap,insufficient_overlap,1020.5057392184046,2,True,False,insufficient_evidence,1,1,0,0,0,0,0,0,eligible,eligible,2
400203,Snails,2024.0,235,8.247543740157889,0.8866285731254937,1.061269587863702,0.0778514247070657,eligible,0.0008348022987517,0,,,0.107272338105808,borderline_overlap,moderately_sensitive,1835.6597309937265,3,True,False,low_audience_selectivity,0,0,0,0,0,0,0,0,eligible,eligible,0
402215,Silver & Gold Pyramids,2023.0,392,7.836747204270409,0.8974818806699929,0.884510156037031,0.0602778095972074,eligible,0.0014008914112099,0,,,0.3009111533819939,borderline_overlap,moderately_sensitive,1992.784699611324,2,True,False,moderate_audience_selectivity,0,0,0,0,0,0,0,0,eligible,eligible,0
404513,Tokyo Highway: Rainbow City,2023.0,288,7.855521366011611,0.5857578366285976,0.5057918470492693,0.070324111196742,eligible,0.001028275792883,0,,,0.1565659152867559,borderline_overlap,stable_under_exposure_adjustment,1341.4708165356994,2,False,True,moderate_audience_selectivity,0,0,0,0,0,0,0,0,borderline,borderline,3
404538,Kinfire Delve: Scorn's Stockade,2024.0,408,8.28771414548349,0.7753282049208536,0.7888662261424866,0.0590840714014614,eligible,0.0014438855210169,0,0.8995098039215687,0.7254901960784313,0.0687107918821706,borderline_overlap,moderately_sensitive,1538.448032141052,7,False,True,moderate_audience_selectivity,1,1,0,0,1,0,0,0,borderline,borderline,0
406591,The Walking Dead: Surrounded,2024.0,111,7.605711009949687,0.6060964053814946,0.5835269468544837,0.1132762873373707,eligible,0.0003905298307465,0,0.8828828828828829,0.7297297297297297,0.1066893594547202,insufficient_overlap,insufficient_overlap,1323.8447298210792,2,True,False,insufficient_evidence,0,0,0,0,1,0,0,0,borderline,borderline,58
406663,That's Not a Hat: Pop Culture,2024.0,376,7.700586277074409,0.5033605238667462,0.4509319266938636,0.0615469552908586,eligible,0.0013435659314673,0,0.8138297872340425,0.6117021276595744,0.1576740713151246,borderline_overlap,strongly_sensitive,2754.297756852024,5,False,True,moderate_audience_selectivity,0,0,0,0,0,0,0,0,eligible,eligible,0
408839,A Nice Cuppa,2024.0,112,7.576745833908284,0.3796710542814434,0.3820519978306542,0.1127694557689722,eligible,0.0003905298307465,0,,,0.0643132664137832,insufficient_overlap,insufficient_overlap,1826.528012122673,2,True,False,insufficient_evidence,1,1,0,0,0,0,0,0,borderline,borderline,58
121,Dune,1979.0,5709,7.96473030759001,0.4886109378716998,0.5644453770946534,0.0157950306994642,exclude,0.0201499061295269,1,,,0.0225950863085976,adequate_overlap,stable_under_exposure_adjustment,640.4115369173725,4,True,False,low_audience_selectivity,0,0,0,0,0,0,0,0,borderline,borderline,3
1583,"Barbarossa: Army Group Center, 1941",1998.0,217,8.345785742968385,0.7326054922962815,0.7706913257985128,0.0810159686511251,eligible,0.0005804204823939,0,0.9815668202764976,0.8894009216589862,0.1071672448109098,borderline_overlap,moderately_sensitive,1645.2468928549297,3,True,False,high_audience_selectivity,0,0,0,0,0,0,0,0,eligible,eligible,6
1585,"Burma: The Campaign in Northern Burma, 1944",1999.0,348,8.263482748939635,0.5175468799580845,0.5551461621598595,0.0639750853376104,eligible,0.0010605213752382,0,0.9827586206896552,0.9252873563218392,0.072358066440839,borderline_overlap,moderately_sensitive,1277.5877690239615,4,True,False,high_audience_selectivity,1,1,1,0,0,0,0,0,eligible,eligible,18
3408,This Accursed Civil War,2002.0,283,7.8770635924291295,0.3728419437247332,0.2589528918044088,0.0709426289209789,eligible,0.0008742135660747,0,0.9858657243816256,0.9328621908127208,0.0982404576767533,borderline_overlap,strongly_sensitive,1888.5813716329424,2,False,True,high_audience_selectivity,0,1,1,0,0,0,0,1,borderline,borderline,7
3416,Fallschirmjaeger: The Airborne Assault on Fortress Holland,2001.0,192,8.001330913571861,0.8546694451707282,0.7509237056197708,0.0861290945233816,eligible,0.0005589234274904,0,0.9791666666666666,0.9322916666666666,0.0791383233055059,borderline_overlap,strongly_sensitive,2361.702020045794,2,True,False,high_audience_selectivity,0,0,0,0,0,0,0,0,borderline,borderline,23
3893,Full Thrust,1992.0,437,7.545969961182338,0.8248436392762066,0.8248330496407377,0.0570899650797397,eligible,0.0014188056236295,0,0.8581235697940504,0.6933638443935927,0.0880439270102676,borderline_overlap,strongly_sensitive,4652.07233731015,7,True,False,moderate_audience_selectivity,0,0,0,0,0,0,0,0,eligible,eligible,0
12140,Stalingrad Pocket: 2nd Edition – The Wehrmacht's Greatest Disaster,1996.0,459,7.550990540044845,0.5078895336550282,0.4095787478462664,0.055704996730778,eligible,0.0013256517190478,0,0.9760348583877996,0.8910675381263616,0.0883278755629173,borderline_overlap,strongly_sensitive,4402.7966070686025,4,True,False,high_audience_selectivity,1,1,1,0,0,1,0,0,borderline,borderline,23
12141,This Terrible Sound,2000.0,113,8.181891365795869,0.8180171813358523,0.8049103646595341,0.1122693670265072,eligible,0.0003009587686486,0,0.991150442477876,0.9469026548672568,0.1245077334497657,insufficient_overlap,insufficient_overlap,1034.4649631828624,2,True,False,insufficient_evidence,0,0,0,0,0,0,0,0,eligible,eligible,3
19777,Indonesia,2005.0,4761,8.52500065897303,0.7559664009870044,0.5229535827910521,0.0172962281419593,exclude,0.0170399988534904,1,0.9750052509976896,0.9130434782608696,0.1816722479899694,borderline_overlap,moderately_sensitive,516.8794754382138,7,True,False,moderate_audience_selectivity,0,0,0,0,0,0,0,0,eligible,eligible,0
21373,Federation Commander: Romulan Border,2006.0,246,7.854659233404641,0.8861740268260281,0.7229682362818561,0.0760909387812939,eligible,0.0008276366137839,0,0.8902439024390244,0.7520325203252033,0.0662491253636506,borderline_overlap,strongly_sensitive,3074.378317129407,6,False,True,moderate_audience_selectivity,0,0,0,0,0,0,0,0,borderline,borderline,2
27173,Vikings,2007.0,8503,7.644145738041909,0.4326830461494984,0.36046759091015,0.0129423877290443,exclude,0.0304147498459377,1,0.927554980595084,0.8285311066682347,0.1661666934434848,borderline_overlap,moderately_sensitive,1110.0911962541172,7,False,True,moderate_audience_selectivity,0,0,0,0,0,0,0,0,borderline,borderline,0
27266,Silent Death: The Next Millennium Deluxe Edition,1995.0,194,7.654605691481128,0.9103902808998754,0.8508840650600806,0.0856839799440507,eligible,0.0006592430170399,0,0.8298969072164949,0.654639175257732,0.114395526404928,borderline_overlap,strongly_sensitive,7197.935710769084,6,False,True,moderate_audience_selectivity,0,0,0,0,0,1,0,0,borderline,borderline,2
27680,1936: Guerra Civil,2006.0,310,7.6809145236903795,0.3872115105738771,0.3634248518413336,0.0677828224813342,eligible,0.0010856012726256,0,0.7387096774193549,0.5548387096774193,0.0393098899540928,borderline_overlap,strongly_sensitive,8261.034558963811,7,True,False,moderate_audience_selectivity,0,1,1,0,0,0,1,0,eligible,eligible,0
38863,The Rich and the Good,2008.0,2484,7.665678345964867,0.8403578437054229,0.8610206408359264,0.0239455435704124,borderline,0.008896197887556,1,0.9637681159420288,0.9146537842190016,0.3106017445943243,borderline_overlap,moderately_sensitive,1110.0071165685097,7,False,True,high_audience_selectivity,0,0,0,0,0,0,0,0,eligible,eligible,0
39188,Liberty Roads,2009.0,520,8.341682606873707,0.6037593114695117,0.5188112743365103,0.0523357948050593,eligible,0.0016516903850839,0,0.9826923076923076,0.8923076923076924,0.0744242264936765,borderline_overlap,moderately_sensitive,3506.873861495938,4,True,False,high_audience_selectivity,0,1,1,0,0,0,0,0,eligible,eligible,2
40243,Roads to Stalingrad: Campaign Commander Series,2009.0,137,7.694244242443202,0.6257055703184333,0.7315056714096579,0.1019624382426238,eligible,0.0004478553104891,0,0.9708029197080292,0.8832116788321168,0.097052707362384,insufficient_overlap,insufficient_overlap,2580.923856583587,2,True,False,insufficient_evidence,0,1,1,0,0,0,0,0,eligible,eligible,2
40258,Buffalo Wings,2010.0,135,8.152688059816294,0.8653963896280779,0.7851085294848996,0.1027149387705526,eligible,0.0003797813032947,0,0.9777777777777776,0.8592592592592593,0.0837317137840857,insufficient_overlap,insufficient_overlap,3065.5226571107346,4,True,False,insufficient_evidence,0,1,1,0,0,0,0,0,eligible,eligible,4
40529,Cosmic Encounter,1991.0,1047,7.567761740749081,0.7504785449310649,0.7508131307966632,0.036883077828217,eligible,0.0037333218682373,0,,,0.1297929926506526,adequate_overlap,stable_under_exposure_adjustment,833.1352268536382,4,True,False,low_audience_selectivity,0,0,0,0,0,0,0,0,borderline,borderline,6
42929,Martian Rails,2009.0,433,7.601210513281789,0.6964010827611933,0.4511390193811859,0.0573530538699805,eligible,0.0015298737406308,0,0.8752886836027713,0.7736720554272517,0.1356604110527297,borderline_overlap,moderately_sensitive,625.731305429642,7,True,False,moderate_audience_selectivity,0,0,0,0,0,0,0,0,eligible,eligible,13
43015,Hansa Teutonica,2009.0,16049,8.231183187695295,0.4613145698770875,0.4063207968447138,0.0094205553875868,exclude,0.0574795419694168,1,,,0.1381807727738556,adequate_overlap,stable_under_exposure_adjustment,897.9357296278574,4,True,False,moderate_audience_selectivity,0,0,0,0,0,0,0,0,eligible,eligible,1
43307,Baltimore & Ohio,2009.0,644,7.848979557025002,0.4246306367416981,0.3136248722084449,0.0470281139864049,eligible,0.0023001848746721,0,0.9767080745341616,0.9316770186335404,0.3063459359906896,borderline_overlap,strongly_sensitive,413.84308465272,1,True,False,high_audience_selectivity,0,0,0,0,0,0,0,0,borderline,borderline,33
58625,Storm Over Normandy,2015.0,128,7.687637628679098,0.5321737863770588,0.5243087463886811,0.105486166795113,eligible,0.0004048612006821,0,1.0,0.984375,0.2034320455297781,insufficient_overlap,insufficient_overlap,1977.935782004091,2,True,False,insufficient_evidence,0,1,1,0,0,0,0,0,eligible,eligible,16
75360,Texas & Pacific,2010.0,223,7.842798267900666,1.034327193781249,0.796460017723958,0.0799186362394187,eligible,0.0007989738739126,0,0.9820627802690582,0.9417040358744396,0.3937202501148575,borderline_overlap,moderately_sensitive,451.66142535907744,2,True,False,high_audience_selectivity,0,0,0,0,0,0,0,0,borderline,borderline,33
79127,Star Trek: Fleet Captains,2011.0,3216,7.705613182240692,0.5268792424827042,0.4350336536986026,0.0210446872416664,exclude,0.0114292675236825,1,,,0.0370763241367432,adequate_overlap,stable_under_exposure_adjustment,1046.0381075536634,4,True,False,low_audience_selectivity,0,0,0,0,0,0,0,0,eligible,eligible,0
92363,Amateurs to Arms!,2012.0,204,8.217768762502748,0.7237180707289426,0.8407364479306398,0.0835574950961671,eligible,0.0006843229144273,0,0.9852941176470588,0.9019607843137256,0.0825004937608057,borderline_overlap,strongly_sensitive,2767.30334778156,4,True,False,high_audience_selectivity,0,1,1,0,0,0,0,0,eligible,eligible,0
97377,Hail Caesar: Battles with Model Soldiers in the Ancient Era,2011.0,100,7.613009146159843,0.4226146196157536,0.4361379807917203,0.1193439741795195,eligible,0.0003188729810682,0,0.93,0.66,0.1900901475327055,insufficient_overlap,insufficient_overlap,4816.135331747284,3,True,False,insufficient_evidence,0,0,0,0,0,0,0,0,eligible,eligible,1
117959,Las Vegas,2012.0,11627,7.5428591253041875,0.5986420739324503,0.5139224919119618,0.0110679365207133,exclude,0.0416182982931338,1,,,0.148161984465015,borderline_overlap,moderately_sensitive,2199.392349986681,4,True,False,moderate_audience_selectivity,0,0,0,0,0,0,0,0,eligible,eligible,11
129294,Campaign Trail,2019.0,749,7.987854003945998,0.4760861467565576,0.5736097330678582,0.0436073390966746,eligible,0.0026441377531278,0,,,0.1959378556516869,adequate_overlap,stable_under_exposure_adjustment,1114.9480043844528,4,True,False,low_audience_selectivity,0,0,0,0,0,0,0,0,eligible,eligible,0
141090,Kohle & Kolonie,2013.0,610,8.022871956792216,0.4196094968437496,0.3853006102565715,0.0483209627200293,eligible,0.0021855339151869,0,0.9868852459016394,0.9721311475409836,0.4012038934288323,borderline_overlap,strongly_sensitive,432.9458095045264,1,True,False,high_audience_selectivity,0,0,0,0,0,0,0,0,eligible,eligible,5
147154,Blue Moon Legends,2014.0,2137,7.634833627110101,0.4994382952146239,0.5138505820005612,0.0258165517827319,borderline,0.0076422030181865,1,,,0.114543414896801,adequate_overlap,stable_under_exposure_adjustment,1198.7645815514002,4,True,False,low_audience_selectivity,0,1,0,1,0,0,0,0,borderline,borderline,3
171278,Victory Roads: From Bagration to the Fall of Berlin 1944-1945,2015.0,157,8.285571880727382,0.4673552949135686,0.3968058021200509,0.095246860532917,eligible,0.0004621866804247,0,0.9745222929936306,0.89171974522293,0.1383979824316208,borderline_overlap,moderately_sensitive,2074.4098492620533,3,True,False,high_audience_selectivity,0,1,1,0,0,0,0,0,eligible,eligible,2
178896,"Last Blitzkrieg: Wacht am Rhein, The Battle of the Bulge",2016.0,285,8.869971099589902,0.8107514494526527,0.7435796937853052,0.0706932691725484,eligible,0.0007738939765252,0,0.9789473684210528,0.8596491228070176,0.1698135685053096,borderline_overlap,moderately_sensitive,1853.610158627819,4,True,False,high_audience_selectivity,0,0,0,0,0,0,0,0,eligible,eligible,5
188530,My Favourite Things,2015.0,375,7.903825141235959,1.6535824994022192,1.6501461909932615,0.0616289632623315,eligible,0.0013399830889834,0,0.904,0.7893333333333333,0.3111492486200892,borderline_overlap,strongly_sensitive,1509.5393371100504,5,False,True,high_audience_selectivity,0,0,0,0,0,0,0,0,eligible,eligible,0
188547,Maximum Apocalypse,2018.0,2325,7.630487716443484,0.3553530474115094,0.417157530340762,0.0247507872562633,borderline,0.0082405377129999,1,0.8361290322580646,0.6632258064516129,0.0759475255734591,borderline_overlap,moderately_sensitive,2152.3439854059347,7,True,False,moderate_audience_selectivity,0,0,0,0,1,1,0,0,borderline,borderline,0
190082,Whitehall Mystery,2017.0,4204,7.86085491832851,0.376431799328575,0.2730831512406251,0.0184064121414283,exclude,0.015037189904983,1,,,0.0773013607308966,borderline_overlap,stable_under_exposure_adjustment,1476.5636670174208,4,True,False,low_audience_selectivity,0,0,0,0,0,0,0,0,eligible,eligible,0
190400,Aventuria: Adventure Card Game,2016.0,894,7.586476161832237,0.3591989363818095,0.3125723898199792,0.0399145958694128,eligible,0.0031923126531665,0,0.8926174496644296,0.7404921700223713,0.054397552943513,borderline_overlap,moderately_sensitive,1361.6701596059286,7,True,False,moderate_audience_selectivity,0,0,0,0,1,0,0,0,eligible,eligible,0
194923,Techno Bowl: Arcade Football Unplugged,2017.0,261,8.569860666363287,1.3020226617654114,1.2816585143406591,0.0738720654821974,eligible,0.0009172076758817,0,,,0.0524439174501708,adequate_overlap,stable_under_exposure_adjustment,1044.741061228564,4,True,False,moderate_audience_selectivity,0,1,0,1,0,1,0,1,borderline,borderline,0
195226,Napoleon Saga: Waterloo,2019.0,160,7.967939368961839,0.4174215944379442,0.410155972977436,0.0943496958559016,eligible,0.0005302606876191,0,0.83125,0.65625,0.1225901475327055,insufficient_overlap,insufficient_overlap,10110.20068432176,4,True,False,moderate_audience_selectivity,0,1,1,0,0,0,0,0,borderline,borderline,1
195539,The Godfather: Corleone's Empire,2017.0,7742,7.85647031068604,0.486397733976073,0.4973386069443357,0.0135635668544281,exclude,0.0277097037705834,1,0.8364763626969776,0.6787651769568587,0.0713875068201748,borderline_overlap,moderately_sensitive,1481.2444068222592,7,True,False,moderate_audience_selectivity,0,0,0,0,0,0,0,0,eligible,eligible,0
206915,Tempel des Schreckens,2016.0,2986,7.565363610142293,0.644607682873569,0.5929368795005745,0.0218401488603563,exclude,0.0106625392321252,1,0.674146014735432,0.4290020093770931,0.0485572353537252,borderline_overlap,moderately_sensitive,4131.987384566309,7,True,False,moderate_audience_selectivity,0,0,0,0,0,0,0,0,eligible,eligible,4
207330,Hellas,2016.0,490,7.529586353599597,0.5034737632063715,0.3553923897446962,0.053914111917658,eligible,0.0017555928171173,0,,,0.4514213574636266,adequate_overlap,stable_under_exposure_adjustment,628.1363825547172,2,True,False,moderate_audience_selectivity,0,0,0,0,0,0,0,0,eligible,eligible,0
219774,Vikings Gone Wild Ultimate Set,2017.0,128,7.725844594493842,0.9804312639584464,0.8906989473871851,0.105486166795113,eligible,0.0004586038379408,0,,,0.0882130893116492,insufficient_overlap,insufficient_overlap,668.360119843046,2,True,False,insufficient_evidence,0,0,0,0,0,1,0,0,borderline,borderline,0
219807,Test of Honour: The Samurai Miniatures Game,2017.0,106,7.60910191318213,0.5665422660293231,0.5894532869260196,0.1159171148780976,eligible,0.0003582842483913,0,0.6981132075471698,0.5,0.1715679544702219,insufficient_overlap,insufficient_overlap,15775.435387936346,6,True,False,insufficient_evidence,0,0,0,0,0,0,0,0,eligible,eligible,0
220975,History Maker Golf,2017.0,130,8.411238474481728,1.5521153094360027,1.4367314620076517,0.1046715896101186,eligible,0.0004299410980695,0,,,0.2023978398403978,insufficient_overlap,insufficient_overlap,1297.5949883876926,3,True,False,insufficient_evidence,0,0,0,0,0,0,0,0,eligible,eligible,0
232254,KAPOW!,2019.0,131,7.566029656775555,0.5815755299406966,0.534597687346615,0.1042713143786963,eligible,0.0004693523653926,0,,,0.1314502076322598,insufficient_overlap,insufficient_overlap,1508.2755327725113,2,True,False,insufficient_evidence,0,0,0,0,0,0,0,0,eligible,eligible,2
239307,Unlock!: Secret Adventures,2017.0,2921,7.859726390695562,0.4760534911366845,0.4807699937966641,0.0220818124725604,exclude,0.0104189059432191,1,0.9322149948647724,0.8161588497090038,0.0874186939378575,borderline_overlap,moderately_sensitive,1487.970146227477,7,False,True,low_audience_selectivity,0,0,0,0,1,0,0,0,borderline,borderline,47
248375,SAGA Rulebook (2nd Edition),2018.0,136,8.395735795938235,0.9880899571155304,0.9213871887297832,0.1023366135853585,eligible,0.0004657695229086,0,0.8235294117647058,0.5514705882352942,0.1381644768701069,insufficient_overlap,insufficient_overlap,11437.296893326751,3,True,False,insufficient_evidence,0,0,0,0,0,1,0,0,borderline,borderline,2
248562,Mage Knight: Ultimate Edition,2018.0,6801,9.021782525495125,0.3429252279409667,0.3457511672720361,0.0144715186428395,exclude,0.024263009301059,1,0.7459197176885752,0.489045728569328,0.2104592939791176,adequate_overlap,stable_under_exposure_adjustment,845.9185595511964,6,True,False,moderate_audience_selectivity,0,0,0,0,1,1,0,0,borderline,borderline,0
248928,The White Tribe: Rhodesia's War 1966-1980,2018.0,151,8.107907024620719,0.4866030748745675,0.4895530388784195,0.0971207488111762,eligible,0.0004586038379408,0,0.9072847682119204,0.7086092715231788,0.2061166375989306,borderline_overlap,strongly_sensitive,8004.202044444871,5,True,False,moderate_audience_selectivity,1,1,1,0,0,0,0,0,eligible,eligible,7
255262,Agricola: All Creatures Big and Small – The Big Box,2018.0,1833,7.915192563453687,0.4750744204934278,0.5770019147628478,0.0278752815989453,borderline,0.0065637674305286,1,,,0.0594969946011899,adequate_overlap,stable_under_exposure_adjustment,1107.9481565308506,4,False,True,moderate_audience_selectivity,0,1,0,1,0,1,0,0,borderline,borderline,18
255524,Belfort: Edición Limitada,2018.0,101,7.8876362515990035,0.6689933102862877,0.6794294747898082,0.1187516927360825,eligible,0.0003618670908752,0,0.9108910891089108,0.801980198019802,0.1720880702890766,insufficient_overlap,insufficient_overlap,291.06076190845334,2,True,False,insufficient_evidence,0,0,0,0,0,0,0,0,eligible,eligible,0
261145,Murder Mystery Party Case Files: Fire in Adlerstein,2018.0,562,7.900804734572594,0.5402780307903701,0.5377667182492623,0.0503422170827995,eligible,0.0019992261060234,0,0.6957295373665481,0.4768683274021352,0.1024533978429453,borderline_overlap,strongly_sensitive,1705.334565670247,8,False,True,moderate_audience_selectivity,0,0,0,0,1,0,0,0,eligible,eligible,4
261321,Ascension: Deliverance,2018.0,219,8.067083502131386,1.2213511844057372,1.113200749838395,0.0806451842398444,eligible,0.000781059661493,0,,,0.0681889270737462,adequate_overlap,stable_under_exposure_adjustment,1413.3477047842937,4,False,True,moderate_audience_selectivity,0,0,0,0,0,0,0,0,borderline,borderline,24
261393,Dungeon Universalis,2019.0,651,8.492895609104325,0.3532676951057585,0.3804686456712787,0.0467745913093854,eligible,0.0022894363472204,0,0.7572964669738863,0.5299539170506913,0.3167292447928024,adequate_overlap,stable_under_exposure_adjustment,572.5297142561276,6,True,False,high_audience_selectivity,0,0,0,0,1,0,0,0,eligible,eligible,1
270131,KLASK 4,2019.0,563,7.8350046827659074,0.8716050468070087,0.8653699716137275,0.0502974883160091,eligible,0.0020135574759591,0,,,0.2154950153459625,borderline_overlap,moderately_sensitive,1899.040230519822,2,False,True,moderate_audience_selectivity,0,0,0,0,0,0,0,0,eligible,eligible,0
270143,Kōhaku,2020.0,937,7.813926816725129,0.642310946333982,0.591799234405169,0.0389879769292185,eligible,0.0033535405649426,0,,,0.1797227100217256,adequate_overlap,stable_under_exposure_adjustment,1496.481071395843,4,True,False,low_audience_selectivity,0,0,0,0,0,0,0,0,eligible,eligible,0
270314,Ohanami,2019.0,4165,7.565494050163721,0.4616115812637833,0.4914376870524091,0.0184923878261864,exclude,0.0148867105206586,1,,,0.1322735821444239,borderline_overlap,moderately_sensitive,2462.219726470051,4,True,False,moderate_audience_selectivity,0,0,0,0,0,0,0,0,borderline,borderline,26
271319,Las Vegas Royale,2019.0,2834,7.795193973250078,0.5973736046563696,0.5421026381810075,0.0224181914085977,exclude,0.0101501927569256,1,,,0.1318900554098063,borderline_overlap,moderately_sensitive,2016.8852466989683,4,False,True,moderate_audience_selectivity,0,0,0,0,0,0,0,0,eligible,eligible,7
275067,Key Market (Second Edition),2019.0,372,8.045696196106565,0.4932285785468853,0.7684176095408741,0.0618769681406584,eligible,0.0013328174040156,0,0.9865591397849462,0.956989247311828,0.4136223668996591,borderline_overlap,moderately_sensitive,442.34229443762047,2,True,False,high_audience_selectivity,0,0,0,0,0,1,0,0,borderline,borderline,10
275564,Maximum Apocalypse: Legendary Edition,2020.0,421,7.990075053267263,0.738244232481752,0.7858078223163831,0.0581646940379857,eligible,0.0015047938432434,0,0.8741092636579573,0.7054631828978623,0.1176076793292378,adequate_overlap,stable_under_exposure_adjustment,1147.7819926151344,7,True,False,moderate_audience_selectivity,0,0,0,0,1,1,0,0,borderline,borderline,0
275912,Rise & Fall,2024.0,387,8.35641730307366,0.426540606921364,0.3253889348551446,0.0606659514672933,eligible,0.0013829771987904,0,,,0.1910458894469625,adequate_overlap,stable_under_exposure_adjustment,847.2104244104614,4,True,False,moderate_audience_selectivity,0,0,0,0,0,0,0,0,eligible,eligible,0
284778,Unmatched: Jurassic Park – Dr. Sattler vs. T. Rex,2022.0,1423,8.162431134415876,0.8103385180724789,0.8140896814333534,0.0316372004239458,eligible,0.0049980652650586,0,,,0.0940986016546095,borderline_overlap,stable_under_exposure_adjustment,1393.2406974702592,4,False,True,moderate_audience_selectivity,0,1,0,1,0,0,0,0,borderline,borderline,18
285133,Hacienda (Second Edition),2019.0,160,7.508236649260908,0.456619437682523,0.1974247155365027,0.0943496958559016,eligible,0.0005696719549421,0,0.9375,0.8625,0.318663319301788,borderline_overlap,strongly_sensitive,816.8520278387344,2,True,False,high_audience_selectivity,0,0,0,0,0,1,0,0,borderline,borderline,0
292026,UND1C1,2022.0,248,8.15927192487975,0.5573525577990441,0.4548680963073455,0.0757834993875321,eligible,0.0008777964085586,0,,,0.1092270954659323,borderline_overlap,stable_under_exposure_adjustment,1231.0619067137366,4,True,False,moderate_audience_selectivity,0,0,0,0,0,0,0,0,eligible,eligible,0
292899,Tribune,2021.0,188,8.06269510638077,0.5221443155873509,0.6442866430085559,0.0870405388951028,eligible,0.0006735743869756,0,,,0.317248539400231,adequate_overlap,stable_under_exposure_adjustment,504.4662436560896,2,True,False,moderate_audience_selectivity,0,0,0,0,0,0,0,0,borderline,borderline,0
308970,A Touch of Evil: 10 Year Anniversary Edition,2020.0,222,8.20161764201502,1.015779609486808,1.4616238292023134,0.0800984309238906,eligible,0.0007703111340413,0,0.9234234234234234,0.7972972972972973,0.058369137840483,borderline_overlap,moderately_sensitive,1408.6718176706663,4,True,False,moderate_audience_selectivity,0,0,0,0,1,1,0,0,borderline,borderline,4
316377,7 Wonders (Second Edition),2020.0,8852,8.100850813326202,0.3420278322638594,0.3149293692427513,0.0126846881078033,exclude,0.0316759104002751,1,0.6737460460912789,0.4659963849977406,0.1446136674817333,adequate_overlap,stable_under_exposure_adjustment,1708.7426399298824,7,False,True,low_audience_selectivity,0,0,0,0,0,1,0,0,borderline,borderline,4
334187,Bequest,2021.0,117,7.512936692310181,0.4393002959611678,0.4969567357364646,0.1103335431594635,eligible,0.0004191925706178,0,,,0.4079013853722258,insufficient_overlap,insufficient_overlap,1184.553629683716,2,True,False,insufficient_evidence,0,0,0,0,0,0,0,0,eligible,eligible,0
334363,"Vijayanagara: The Deccan Empires of Medieval India, 1290-1398",2024.0,381,8.737029675797888,0.4016130950561845,0.3876719283120948,0.0611417701403507,eligible,0.001357897301403,0,0.8503937007874016,0.6482939632545932,0.1162936055754697,borderline_overlap,strongly_sensitive,8337.50371865991,7,True,False,moderate_audience_selectivity,0,0,0,0,0,0,0,0,eligible,eligible,2
334379,Doodle Dash,2021.0,707,7.738347808065807,0.826805832551532,0.8032245408962986,0.0448839209639471,eligible,0.0025294867936426,0,0.8684582743988685,0.6718528995756718,0.1671873496316168,borderline_overlap,strongly_sensitive,3227.270027455209,6,False,True,moderate_audience_selectivity,0,0,0,0,0,0,0,0,eligible,eligible,0
334599,Violet and the Grumpy Nisse,2022.0,104,7.81841391603734,0.6513163365537817,0.6408382327614195,0.1170263948405929,eligible,0.0003726156183269,0,,,0.2871748896457302,insufficient_overlap,insufficient_overlap,570.7295567511287,2,True,False,insufficient_evidence,0,1,0,1,0,0,0,0,eligible,eligible,0
359612,Trick Shot (Second Edition),2024.0,354,8.465390394256422,0.7339823347530707,0.6953675049418511,0.0634306066246325,eligible,0.0012539948693695,0,,,0.0621097005974903,adequate_overlap,stable_under_exposure_adjustment,1050.5243998224337,4,True,False,moderate_audience_selectivity,0,0,0,0,0,1,0,0,borderline,borderline,0
368413,Relic Hunters,2022.0,251,7.615201935653077,0.5301588645626518,0.3112313984535229,0.0753292485455614,eligible,0.0008957106209782,0,,,0.2180283986864902,adequate_overlap,stable_under_exposure_adjustment,982.759775274108,2,True,False,low_audience_selectivity,0,0,0,0,0,0,0,0,borderline,borderline,0
368463,Rebuilding Seattle,2023.0,439,8.044672097938502,0.5154204945340126,0.5174721620872464,0.0569597711472621,eligible,0.0015728678504378,0,,,0.2673527414067255,borderline_overlap,moderately_sensitive,1351.898959434537,2,True,False,moderate_audience_selectivity,0,0,0,0,0,0,0,0,eligible,eligible,0
368846,Dice Cards,2023.0,118,7.642541188206667,1.052162119007888,0.9347993619490672,0.1098650334287785,eligible,0.0004156097281339,0,,,0.1977029209364733,insufficient_overlap,insufficient_overlap,1517.8754669300938,2,True,False,insufficient_evidence,0,0,0,0,0,0,0,0,eligible,eligible,0
369084,Tatsu,2022.0,308,7.620157085534471,0.3560645470941548,0.3631299755919244,0.0680025404724109,eligible,0.0010999326425613,0,,,0.2018851793560199,adequate_overlap,stable_under_exposure_adjustment,1358.9968921096356,2,True,False,low_audience_selectivity,0,0,0,0,0,0,0,0,eligible,eligible,0
369993,FUSE Countdown,2023.0,286,7.9303885045389135,0.4574556031900991,0.4913404683080946,0.0705695713189508,eligible,0.0010246929503991,0,0.9370629370629372,0.7832167832167832,0.1536068707046032,borderline_overlap,moderately_sensitive,1036.872766428114,2,True,False,high_audience_selectivity,0,0,0,0,1,0,0,0,eligible,eligible,0
370448,Europa Universalis: The Price of Power (Deluxe Edition),2023.0,181,9.244782173478878,0.5933424463298191,0.7507882031590416,0.0887076773975098,eligible,0.0006413288046204,0,0.6574585635359116,0.4751381215469613,0.1301314903818241,borderline_overlap,strongly_sensitive,3935.685504131997,6,True,False,moderate_audience_selectivity,0,0,0,0,0,1,0,0,borderline,borderline,0
372831,Potions of Azerland,2025.0,136,8.040590708594735,0.3956809923788427,0.2959449557628577,0.1023366135853585,eligible,0.0004872665778121,0,0.8382352941176471,0.7647058823529411,0.2264079917065578,insufficient_overlap,insufficient_overlap,1086.640745462702,5,True,False,insufficient_evidence,0,0,0,0,0,0,0,0,eligible,eligible,0
373600,Cthulhu: Death May Die – Fear of the Unknown,2024.0,502,8.926113203607716,0.9730528927537384,0.8801974796337078,0.0532658224682533,eligible,0.0017806727145047,0,0.8725099601593626,0.6952191235059761,0.062006201482174,borderline_overlap,moderately_sensitive,1340.5583873303551,7,True,False,moderate_audience_selectivity,0,0,0,0,1,0,0,0,borderline,medium,2
374145,Dungeon Pages: Core Set,2023.0,257,7.802647207807038,0.5282587719252874,0.479304652394827,0.0744447257226654,eligible,0.0009100419909139,0,,,0.1114707254395735,borderline_overlap,moderately_sensitive,1969.9004768062289,4,True,False,moderate_audience_selectivity,1,1,0,0,0,0,0,0,eligible,eligible,1
374336,Trick Raiders,2022.0,111,7.893779587880391,0.6977886829753759,0.7077756396784354,0.1132762873373707,eligible,0.0003976955157143,0,,,0.4783564558272964,insufficient_overlap,insufficient_overlap,869.8850835024356,2,True,False,insufficient_evidence,0,0,0,0,0,0,0,0,eligible,eligible,0
387015,Spring Cleaning,2024.0,202,8.002383619351384,0.6715305161866247,0.6693420833619985,0.0839701272110652,eligible,0.0007237341817504,0,,,0.3916112948247097,adequate_overlap,stable_under_exposure_adjustment,1038.6959882580395,2,False,True,moderate_audience_selectivity,0,0,0,0,0,0,0,0,eligible,eligible,0
387515,Kavango,2024.0,445,8.218832357976805,0.5882455932016484,0.6386031286586817,0.0565744695128958,eligible,0.0015907820628573,0,,,0.0714314492634748,adequate_overlap,stable_under_exposure_adjustment,1203.2964759929591,4,True,False,low_audience_selectivity,0,0,0,0,0,0,0,0,eligible,eligible,0
388838,Black Friday,2023.0,228,8.035967246198334,0.3752517548376186,0.2287876054212887,0.0790374777107543,eligible,0.0008097224013643,0,0.9692982456140352,0.868421052631579,0.2667632837078085,borderline_overlap,moderately_sensitive,667.620153713839,2,True,False,high_audience_selectivity,0,0,0,0,0,0,0,0,eligible,eligible,0
390173,Mindbug: Beyond Evolution,2023.0,588,8.412719989822355,0.8107017572687969,0.8724817077792206,0.0492166254419323,eligible,0.0020923800106052,0,,,0.0373241076676817,borderline_overlap,stable_under_exposure_adjustment,1586.505124835283,4,True,False,moderate_audience_selectivity,0,1,0,1,0,0,0,0,borderline,borderline,3
390340,Challengers! Beach Cup,2023.0,922,8.218473066620431,0.6483684978712869,0.5511921767239283,0.0393038447184087,eligible,0.003292632242716,0,,,0.1250899572245721,adequate_overlap,stable_under_exposure_adjustment,1414.557495351808,4,True,False,low_audience_selectivity,0,0,0,0,0,0,0,0,eligible,eligible,0
391290,Ecosystem: Savanna,2023.0,249,7.748590048957856,0.4361118829201702,0.485249920647667,0.0756311705915286,eligible,0.0008885449360104,0,,,0.1707476421943863,adequate_overlap,stable_under_exposure_adjustment,1364.5417079167355,2,True,False,low_audience_selectivity,0,0,0,0,0,0,0,0,eligible,eligible,13
5,Acquire,1963.0,20432,7.656134118457065,0.8072371058265615,0.7688591609625641,0.008349203680559,exclude,0.072509566189432,1,0.8107380579483163,0.6309710258418167,0.0405495367201771,adequate_overlap,stable_under_exposure_adjustment,1134.2484436149564,7,True,False,low_audience_selectivity,0,0,0,0,0,0,0,0,eligible,eligible,17
586,Up Front,1983.0,2178,8.202406325516817,0.6301641723708151,0.7071951539438199,0.0255724040715425,borderline,0.0073161643521504,1,0.9095500459136824,0.7842056932966024,0.018612613863882,borderline_overlap,strongly_sensitive,5535.88517713737,7,False,True,moderate_audience_selectivity,0,1,1,0,0,0,0,0,eligible,eligible,1
2346,DVONN,2001.0,5382,7.819564864085164,0.4607324455793424,0.4522497047888674,0.016267793432932,exclude,0.0190929675967725,1,,,0.1336538937334299,adequate_overlap,stable_under_exposure_adjustment,949.9327844846598,4,True,False,low_audience_selectivity,0,1,0,1,0,0,0,0,eligible,eligible,8
3097,1849: The Game of Sicilian Railways,1998.0,942,8.922906481864528,0.750586912865371,0.759720707460886,0.0388843679846133,eligible,0.0033463748799747,0,0.5498938428874734,0.2632696390658174,0.1883467008493885,insufficient_overlap,insufficient_overlap,15860.500637117451,6,False,True,moderate_audience_selectivity,0,0,0,0,0,0,1,0,borderline,borderline,81
3201,Lord of the Rings: The Confrontation,2002.0,6909,7.553048626393202,0.7981904419446986,0.8103144603110577,0.014357965303285,exclude,0.0245747165971595,1,,,0.0518700475779702,adequate_overlap,stable_under_exposure_adjustment,1536.5553627028614,4,False,True,low_audience_selectivity,0,1,0,1,0,0,0,0,borderline,borderline,53
9625,Struggle of Empires,2004.0,4239,8.040042482087804,0.4983488700537108,0.5614423246869045,0.0183302668560488,exclude,0.0151267609670808,1,0.907997169143666,0.7959424392545411,0.1291346225290299,borderline_overlap,moderately_sensitive,749.1771192556106,7,True,False,low_audience_selectivity,0,0,0,0,0,0,0,0,eligible,eligible,0
18615,Warmaster Ancients,2005.0,116,7.523357291135707,0.5901565030157352,0.4487848403239818,0.1108080982232961,eligible,0.0003761984608108,0,0.9310344827586208,0.7672413793103449,0.0760215273470611,insufficient_overlap,insufficient_overlap,3812.7354927854376,2,True,False,insufficient_evidence,0,1,1,0,0,0,0,0,eligible,eligible,0
25021,Sekigahara: The Unification of Japan,2011.0,6099,8.468805334098382,0.515116001622328,0.5551718883862673,0.0152816827410239,exclude,0.021712025452513,1,0.7875061485489424,0.5643548122643056,0.0549796360039633,insufficient_overlap,insufficient_overlap,11389.50949596516,7,True,False,low_audience_selectivity,0,1,1,0,0,0,0,0,eligible,eligible,2
27817,Marne 1918: Friedensturm,2006.0,123,8.225838398197409,0.916041865522942,0.8926502024699499,0.1076088375982068,eligible,0.0003511185634234,0,0.967479674796748,0.8780487804878049,0.0953655138903749,insufficient_overlap,insufficient_overlap,2504.8128053529213,3,True,False,insufficient_evidence,0,1,1,0,0,0,1,0,borderline,borderline,0
27976,Heroscape Master Set: Swarm of the Marro,2007.0,2332,7.740418926908029,0.986686768105086,0.9432020345635106,0.024713611929886,borderline,0.0081796293907734,1,,,0.0437806474376318,adequate_overlap,stable_under_exposure_adjustment,1295.830072139309,4,True,False,moderate_audience_selectivity,0,0,0,0,0,0,0,0,borderline,borderline,5
29278,18Rhl: Rhineland,2007.0,102,8.338798424903786,0.5277426985500391,0.5209889805097587,0.1181681428029229,eligible,0.0003547014059073,0,0.8725490196078431,0.696078431372549,0.3005610133259715,insufficient_overlap,insufficient_overlap,233.5107293968327,2,True,False,insufficient_evidence,0,0,0,0,0,0,0,0,borderline,borderline,81
29603,D-Day at Omaha Beach,2009.0,1827,8.513437232590862,0.4040679016615947,0.3296905976060902,0.0279210163000818,borderline,0.0062233973945569,1,0.8555008210180624,0.6765188834154351,0.1415491640783235,borderline_overlap,strongly_sensitive,7319.659423543482,8,True,False,moderate_audience_selectivity,1,1,1,0,1,0,0,0,eligible,eligible,4
29663,Star Fleet Battles: Captain's Edition Basic Set,1990.0,494,7.693625417274866,0.5785346020946882,0.3812387404540551,0.0536953925091615,eligible,0.0016122791177608,0,0.8360323886639676,0.6497975708502024,0.1310821245107077,borderline_overlap,strongly_sensitive,4832.455034872417,6,True,False,moderate_audience_selectivity,0,0,0,0,0,1,0,0,borderline,borderline,2
38429,Cornerstone,2008.0,231,7.581854742456799,1.126522736561566,1.012011519479752,0.0785225700946497,eligible,0.0008240537712999,0,,,0.2365172139880546,borderline_overlap,moderately_sensitive,1288.5170584460718,2,True,False,moderate_audience_selectivity,0,0,0,0,0,0,0,0,eligible,eligible,0
41627,Zulus on the Ramparts!: The Battle of Rorke's Drift – Second Edition,2009.0,940,7.543444250159891,0.4498836842636917,0.4984246020160254,0.0389257123535328,eligible,0.0032209753930378,0,0.8595744680851064,0.676595744680851,0.0332514798401897,insufficient_overlap,insufficient_overlap,14358.528826688424,7,True,False,moderate_audience_selectivity,1,1,1,0,0,1,0,0,borderline,borderline,19
41934,World at War: The Untold Stories,2010.0,118,7.941940827680329,0.7984093690081382,0.7813032529643893,0.1098650334287785,eligible,0.0003618670908752,0,0.9745762711864406,0.8389830508474576,0.1208105046414884,insufficient_overlap,insufficient_overlap,2384.781619230162,3,True,False,insufficient_evidence,0,1,1,0,0,0,0,0,borderline,borderline,3
42731,Lock 'n Load: Heroes of the Gap,2011.0,106,7.907210711897836,0.5365965484396931,0.5758381655754032,0.1159171148780976,eligible,0.0003188729810682,0,0.9339622641509434,0.8018867924528302,0.1814216574706786,insufficient_overlap,insufficient_overlap,2564.038861950151,3,True,False,insufficient_evidence,0,1,1,0,0,0,0,0,borderline,borderline,4
54361,Heroscape Master Set:  Battle for the Underdark,2010.0,1028,7.570991100367882,0.5976052894333197,0.5666147771883168,0.0372223628613327,eligible,0.0036115052237843,0,,,0.0480797589316579,adequate_overlap,moderately_sensitive,1095.088383703769,4,False,True,moderate_audience_selectivity,0,1,0,1,0,0,0,0,borderline,borderline,5
68858,Tanto Cuore: Expanding the House,2010.0,538,7.625446490114959,0.8512742590258213,0.7492000877322074,0.0514528408126127,eligible,0.0018881579890221,0,,,0.0766328984620735,adequate_overlap,stable_under_exposure_adjustment,1152.360645088473,4,True,False,moderate_audience_selectivity,0,0,0,0,0,0,0,0,borderline,borderline,6
84876,The Castles of Burgundy,2011.0,62576,8.417525628719975,0.4608406559993785,0.3156080793646918,0.0047708591660795,exclude,0.2241999512733422,1,,,0.1540030994579811,adequate_overlap,stable_under_exposure_adjustment,1192.8918711938086,4,False,True,moderate_audience_selectivity,0,0,0,0,0,0,0,0,borderline,borderline,19
100169,Hero of Weehawken: The Aaron Burr Conspiracy 1805-1807,2011.0,165,7.796908998662534,1.2093583937132737,1.319959405843857,0.0929091578907959,eligible,0.0005875861673617,0,,,0.1438765213473619,adequate_overlap,stable_under_exposure_adjustment,1533.000899521697,2,False,True,moderate_audience_selectivity,1,1,0,0,0,0,0,0,eligible,eligible,0
105024,Israeli Air Force Leader,2017.0,147,7.871777607058807,0.5092418206463432,0.6068859775467335,0.0984332508838647,eligible,0.0004406896255213,0,0.8843537414965986,0.6802721088435374,0.2293910837219226,insufficient_overlap,insufficient_overlap,10295.211132672675,3,True,False,insufficient_evidence,1,1,1,0,0,0,0,0,eligible,eligible,16
142854,Infection: Humanity's Last Gasp,2013.0,576,7.517435837304813,0.5920032315576851,0.5840958434770389,0.0497266559081331,eligible,0.0020529687432821,0,,,0.0648893004114459,adequate_overlap,stable_under_exposure_adjustment,1623.0215452656985,4,True,False,moderate_audience_selectivity,1,1,0,0,0,0,0,0,eligible,eligible,0
157001,Trains: Rising Sun,2014.0,1891,7.818880724209023,0.6597815879024118,0.5009267170997589,0.0274444626190518,borderline,0.0067679894521117,1,,,0.1782530737567011,adequate_overlap,stable_under_exposure_adjustment,994.3474832673212,4,True,False,moderate_audience_selectivity,0,0,0,0,0,0,0,0,borderline,borderline,21
164265,Witness,2014.0,2765,7.683434719952147,0.6107148892465455,0.5603080558913431,0.0226961884086451,exclude,0.0098958109405678,1,0.8958408679927667,0.7497287522603978,0.1932710087165328,borderline_overlap,moderately_sensitive,2103.7469601054613,7,True,False,moderate_audience_selectivity,0,0,0,0,1,0,0,0,borderline,borderline,20
178940,Push It,2015.0,501,7.567982381240202,1.0735219406422596,1.0257433817348174,0.0533189554714571,eligible,0.0017914212419565,0,,,0.213265017083163,borderline_overlap,moderately_sensitive,2023.2125945438684,2,False,True,moderate_audience_selectivity,0,0,0,0,0,0,0,0,eligible,eligible,0
180205,Trans-Siberian Railroad,2015.0,349,7.896794710841266,0.8030805539577353,0.6770482536659843,0.063883364737989,eligible,0.0012504120268856,0,0.98567335243553,0.9484240687679084,0.3551989143316459,borderline_overlap,strongly_sensitive,438.3621165683336,2,True,False,high_audience_selectivity,0,0,0,0,0,0,0,0,borderline,borderline,33
180680,Automobiles,2016.0,3434,7.69543439837507,0.3502266260391256,0.2456969171901715,0.0203657472875161,exclude,0.0122784011923699,1,,,0.2824091981444533,adequate_overlap,stable_under_exposure_adjustment,1600.7987234997588,4,True,False,moderate_audience_selectivity,0,0,0,0,0,0,0,0,eligible,eligible,4
204801,Kneipenquiz: Das Original,2016.0,1026,7.699227660514548,0.9682139096221416,0.9496618147310834,0.03725862430477,eligible,0.0036759963884947,0,0.7270955165692008,0.4941520467836257,0.1012160946490426,borderline_overlap,strongly_sensitive,2359.043930330368,8,False,True,high_audience_selectivity,0,0,0,0,1,0,0,0,eligible,eligible,1
217576,Hellenica: Story of Greece,2019.0,359,7.914870339068974,0.4087834232461986,0.6910086486519287,0.0629873404908189,eligible,0.0012826576092408,0,,,0.0972342739420343,adequate_overlap,stable_under_exposure_adjustment,1068.763641752617,4,True,False,low_audience_selectivity,0,0,0,0,0,0,0,0,eligible,eligible,1
217934,Napoléon 1806,2017.0,283,8.088340186412116,0.6249743083910868,0.5807802081452973,0.0709426289209789,eligible,0.000945870415753,0,0.8975265017667845,0.7985865724381626,0.0383705453673673,borderline_overlap,strongly_sensitive,7365.870676171118,7,True,False,moderate_audience_selectivity,0,1,1,0,0,0,0,0,eligible,eligible,3
218948,Apocalypse Road,2020.0,366,7.611340673736468,0.4299466126994833,0.5217683571797167,0.0623820946291276,eligible,0.0012969889791765,0,,,0.1837175546310181,adequate_overlap,stable_under_exposure_adjustment,1335.824997603543,4,True,False,low_audience_selectivity,0,0,0,0,0,0,0,0,eligible,eligible,3
228372,Iberian Gauge,2017.0,1656,7.924869743871698,0.5692100144262469,0.323680232140985,0.0293271816805464,eligible,0.0059331871533599,1,0.9559178743961352,0.8605072463768116,0.1908352389582534,borderline_overlap,moderately_sensitive,1012.0996148031458,7,True,False,high_audience_selectivity,0,0,0,0,0,0,0,0,borderline,borderline,33
244806,Nouvelle-France,2021.0,136,7.575587838490564,0.491411721096866,0.4814291489606104,0.1023366135853585,eligible,0.0004836837353282,0,,,0.1338943466593048,insufficient_overlap,insufficient_overlap,1460.2168503412474,2,True,False,insufficient_evidence,0,0,0,0,0,0,0,0,eligible,eligible,0
250467,Red Alert: Space Fleet Warfare,2019.0,315,7.917860116526319,0.5169600839880539,0.5097811165410588,0.0672427117026874,eligible,0.0011142640124969,0,0.8253968253968254,0.6857142857142857,0.0663939861043169,insufficient_overlap,insufficient_overlap,13429.073794893187,7,True,False,moderate_audience_selectivity,0,0,0,0,0,0,0,0,borderline,borderline,13
250664,Godtear,2019.0,371,8.033237843305068,0.6667500685620027,0.5746871039003345,0.061960304162451,eligible,0.0013077375066282,0,,,0.1163118897801949,adequate_overlap,moderately_sensitive,1171.0435324790058,4,True,False,low_audience_selectivity,0,0,0,0,0,0,0,0,eligible,eligible,0
251433,Yokai Septet,2018.0,1036,7.980348006813072,0.8240253929614667,0.7620954735025496,0.0370783686547906,eligible,0.0036974934433982,0,,,0.2589227363935769,adequate_overlap,stable_under_exposure_adjustment,1329.070107619805,4,True,False,moderate_audience_selectivity,0,0,0,0,0,0,0,0,eligible,eligible,3
251830,Alhambra: Mega Box,2019.0,221,8.256667811970221,1.078547443792031,1.1010149983402044,0.0802794445579611,eligible,0.0007918081889447,0,,,0.1610436679262731,adequate_overlap,stable_under_exposure_adjustment,740.8395737172355,2,True,False,moderate_audience_selectivity,0,0,0,0,0,1,0,0,borderline,borderline,9
257518,Claustrophobia 1643,2019.0,1489,8.179115905921186,0.717355089328894,0.6801631215307555,0.0309280933113223,eligible,0.0052918583487395,1,,,0.0386110363880309,adequate_overlap,stable_under_exposure_adjustment,1244.4845829604828,4,False,True,moderate_audience_selectivity,0,1,0,1,0,0,0,0,eligible,eligible,0
264141,Kodachi,2019.0,453,7.6423494352483745,0.7024884733470236,0.6357675641566702,0.0560726904700306,eligible,0.0016230276452126,0,,,0.2225841272072856,adequate_overlap,stable_under_exposure_adjustment,1210.9771947175095,2,True,False,low_audience_selectivity,0,0,0,0,0,0,0,0,eligible,eligible,0
266722,Rumble Nation,2017.0,1228,7.966968553280943,0.954866688419762,0.8990120021508341,0.034056601876122,eligible,0.0043889820427934,0,,,0.2022024516602629,adequate_overlap,stable_under_exposure_adjustment,1255.274849655158,4,True,False,moderate_audience_selectivity,0,0,0,0,0,0,0,0,eligible,eligible,0
271754,Spire's End,2019.0,853,7.669322725429239,0.6400633488089378,0.4984868455857816,0.0408625984810833,eligible,0.0030024220015191,0,0.8335287221570926,0.6189917936694022,0.1575338307077732,borderline_overlap,moderately_sensitive,1860.0435598983847,7,True,False,moderate_audience_selectivity,1,1,0,0,1,0,0,0,eligible,eligible,2
272380,SHŌBU,2019.0,2015,7.829226446448306,0.4713152915781649,0.4495765974841035,0.0265866103475937,borderline,0.0071692678103099,1,,,0.1041144276637731,borderline_overlap,moderately_sensitive,2096.289828912301,4,True,False,low_audience_selectivity,0,1,0,1,0,0,0,0,eligible,eligible,0
273655,Shadows of Brimstone: Gates of Valhalla,2023.0,120,8.623782232073932,0.9922406790014282,1.0196253638457176,0.1089456446007282,eligible,0.0004156097281339,0,0.9083333333333332,0.7333333333333333,0.1621840847132441,insufficient_overlap,insufficient_overlap,924.5752661935744,2,True,False,insufficient_evidence,0,0,0,0,1,0,0,0,borderline,borderline,6
286063,The 7th Citadel,2024.0,1637,8.693954248635752,0.4712539076559601,0.4649436771319504,0.0294968850772163,eligible,0.0058400332487782,1,0.874160048869884,0.6866218692730605,0.065034827942729,adequate_overlap,stable_under_exposure_adjustment,1309.0733872163355,7,True,False,moderate_audience_selectivity,0,0,0,0,1,0,0,0,eligible,eligible,3
294113,Imperial Tide: The Great War 1914-1918,2022.0,106,8.175917702020008,0.4858890095778587,0.5773760810478628,0.1159171148780976,eligible,0.0003475357209395,0,0.9716981132075472,0.8679245283018868,0.0682146822856745,insufficient_overlap,insufficient_overlap,4269.54050417621,2,True,False,insufficient_evidence,1,1,1,0,0,0,0,0,eligible,eligible,2
294693,Nokosu Dice,2016.0,1222,8.257636144590894,1.1284088351608883,1.0989167789657852,0.0341401081769046,eligible,0.0043746506728578,0,,,0.3393434657504765,borderline_overlap,moderately_sensitive,1749.4093563625318,4,True,False,moderate_audience_selectivity,0,0,0,0,0,0,0,0,eligible,eligible,0
310885,Belaad: The Land of Swords and Quills,2020.0,192,7.82032544156322,0.6663350582374559,0.5919493514199416,0.0861290945233816,eligible,0.0006879057569113,0,,,0.1357325819534225,adequate_overlap,stable_under_exposure_adjustment,1163.30486166953,2,True,False,low_audience_selectivity,0,0,0,0,0,0,0,0,eligible,eligible,0
311900,Votes for Women,2022.0,810,8.046533778245047,0.3620065740788725,0.3710638099851646,0.0419331981581784,eligible,0.0028662739871304,0,0.825925925925926,0.6703703703703704,0.1309011813322472,borderline_overlap,strongly_sensitive,2692.066976705548,7,True,False,moderate_audience_selectivity,0,0,0,0,1,0,0,0,eligible,eligible,0
312318,Century: Golem Edition – An Endless World,2020.0,1583,7.763674688326302,0.3337445438994093,0.4355269053574782,0.0299957716255368,eligible,0.0056716396520343,1,,,0.1097608298287481,borderline_overlap,stable_under_exposure_adjustment,1388.296461658189,4,False,True,moderate_audience_selectivity,0,0,0,0,0,1,0,0,borderline,borderline,7
325401,Beyond the Rift: A Perdition's Mouth Card Game,2022.0,157,7.750984215184791,0.3923280181052755,0.3378852506439012,0.095246860532917,eligible,0.0005481749000386,0,0.9171974522292994,0.7770700636942676,0.0647275396848879,adequate_overlap,stable_under_exposure_adjustment,886.044061993101,2,True,False,moderate_audience_selectivity,0,0,0,0,1,0,0,0,eligible,eligible,0
326112,Das perfekte Wort,2021.0,149,7.5160193962973665,0.6527507644453507,0.622110975317506,0.0977703931694625,eligible,0.0005302606876191,0,,,0.1606468106304492,insufficient_overlap,insufficient_overlap,1698.6904184455475,2,True,False,insufficient_evidence,0,0,0,0,0,0,0,0,eligible,eligible,0
326934,Unmatched: Hell's Kitchen,2022.0,1133,8.351246146044652,0.932172626248546,0.9054540936719936,0.0354556572915693,eligible,0.0039662066296917,0,,,0.0768942935982103,borderline_overlap,stable_under_exposure_adjustment,1227.6058203967032,4,False,True,moderate_audience_selectivity,0,0,0,0,0,0,0,0,borderline,borderline,18
326936,Unmatched: Teen Spirit,2023.0,521,7.930786109192984,0.6190713162568953,0.5944788940000452,0.0522855443903949,eligible,0.0017985869269243,0,,,0.0558648782590105,borderline_overlap,stable_under_exposure_adjustment,1307.721175485102,4,True,False,moderate_audience_selectivity,0,0,0,0,0,0,0,0,borderline,borderline,18
326937,Unmatched: For King and Country,2023.0,633,8.268201648435118,0.7469252940020024,0.7357089548926457,0.0474349711565165,eligible,0.0022034481276065,0,,,0.0722920509903248,adequate_overlap,stable_under_exposure_adjustment,1246.0445321433183,4,True,False,moderate_audience_selectivity,0,0,0,0,0,0,0,0,borderline,borderline,18
327056,Unlock! Kids: Detective Stories,2021.0,1008,7.986380247988464,0.6558828856690972,0.6460850899758572,0.0375898185896574,eligible,0.0035971738538486,0,0.9246031746031746,0.8065476190476191,0.1260510931488257,borderline_overlap,moderately_sensitive,1644.7669909878707,7,True,False,moderate_audience_selectivity,0,0,0,0,1,0,0,0,borderline,borderline,47
337255,Bug Council of Backyardia,2022.0,188,7.77181029959636,0.5671536323462592,0.5685181896894944,0.0870405388951028,eligible,0.0006735743869756,0,,,0.4555464117406566,borderline_overlap,moderately_sensitive,1022.2444512888384,1,True,False,moderate_audience_selectivity,0,0,0,0,0,0,0,0,eligible,eligible,0
338322,Epic Spell Wars of the Battle Wizards: Annihilageddon 2 – Xtreme Nacho Legends,2022.0,227,7.953203093753127,0.591935352493663,0.5750670166001006,0.0792113777619322,eligible,0.0007989738739126,0,,,0.1957970293600897,borderline_overlap,stable_under_exposure_adjustment,1219.505078810139,4,True,False,moderate_audience_selectivity,0,0,0,0,0,0,0,0,borderline,borderline,7
343990,Not Enough Mana,2022.0,134,7.5427456136616495,0.7840635784149637,0.8493804402458345,0.103097491077084,eligible,0.0004693523653926,0,0.417910447761194,0.2164179104477611,0.3282843723806696,insufficient_overlap,insufficient_overlap,2866.440099549088,5,True,False,insufficient_evidence,0,0,0,0,0,0,0,0,eligible,eligible,0
356080,The Elder Scrolls: Betrayal of the Second Era,2025.0,205,9.09393464090596,0.6656701502638978,0.5784850556565644,0.0833534471845187,eligible,0.0007129856542986,0,0.8536585365853658,0.6634146341463415,0.1223466863392604,adequate_overlap,stable_under_exposure_adjustment,851.2861970854218,2,True,False,moderate_audience_selectivity,0,0,0,0,1,0,0,0,eligible,eligible,1
356314,Exit: The Game – Advent Calendar: The Silent Storm,2022.0,603,8.231065476322518,0.6746288303647123,0.6550981549644508,0.0486006233759504,eligible,0.002138956962896,0,0.9419568822553898,0.8490878938640133,0.1592778166740567,borderline_overlap,moderately_sensitive,1537.7685999098446,4,True,False,high_audience_selectivity,0,0,0,0,1,0,0,0,borderline,borderline,36
363625,Fateforge: Chronicles of Kaan,2024.0,405,8.61334760478483,0.8306880792721767,0.8611887570810133,0.0593024975489745,eligible,0.0014295541510813,0,0.8716049382716049,0.7135802469135802,0.0375504083870419,borderline_overlap,moderately_sensitive,1648.7836587750962,7,True,False,moderate_audience_selectivity,0,0,0,0,1,0,0,0,eligible,eligible,0
375459,Speakeasy,2025.0,172,8.871195361049768,0.3824725251130161,0.4787338561864143,0.09099892720094,eligible,0.000616248907233,0,0.8895348837209303,0.7674418604651163,0.0910205861890955,borderline_overlap,moderately_sensitive,355.0857368440551,1,True,False,moderate_audience_selectivity,0,0,0,0,0,0,0,0,eligible,eligible,0
375769,Lords of Vegas,2024.0,191,8.493834743090343,0.9892585933328792,0.955911118693706,0.0863542690109747,eligible,0.0006843229144273,0,0.8481675392670157,0.6544502617801047,0.134834171254168,borderline_overlap,moderately_sensitive,1035.6283049295084,5,True,False,high_audience_selectivity,0,0,0,0,0,0,0,0,borderline,borderline,2
376472,Noobs in Space,2023.0,657,7.579093106310956,0.3644351353566053,0.3026406986268997,0.0465605188297211,eligible,0.0023431789844791,0,0.9482496194824962,0.8660578386605784,0.2757154586657513,borderline_overlap,strongly_sensitive,2503.573470614934,7,True,False,high_audience_selectivity,0,0,0,0,1,0,0,0,eligible,eligible,0
376893,Cyberion,2023.0,546,8.229703096439072,0.6807302490665226,0.6717845133930673,0.0510745059680768,eligible,0.0019526491537326,0,0.8901098901098901,0.76007326007326,0.1136400911109316,borderline_overlap,moderately_sensitive,2155.17279932518,7,True,False,moderate_audience_selectivity,1,1,0,0,1,0,0,0,eligible,eligible,0
378477,Awkward Guests 2: The Berwick Cases,2023.0,265,7.901169245434249,0.4938248832226639,0.5017095502807658,0.0733124205620359,eligible,0.0009387047307852,0,,,0.1418188090579148,borderline_overlap,stable_under_exposure_adjustment,1235.6175080635712,4,True,False,moderate_audience_selectivity,0,1,0,1,0,0,1,0,eligible,eligible,3
380619,Cyclades: Legendary Edition,2024.0,161,8.638196012262162,0.868744885753383,1.0797735336984324,0.0940562279728098,eligible,0.000573254797426,0,,,0.0963342439824717,adequate_overlap,stable_under_exposure_adjustment,931.9676745056968,4,True,False,low_audience_selectivity,0,0,0,0,0,1,0,0,borderline,borderline,2
380707,Vindication: Archive of the Ancients,2023.0,188,8.89431653362219,1.20831147963991,1.1684063082955198,0.0870405388951028,eligible,0.0006699915444917,0,,,0.0973566609779327,adequate_overlap,moderately_sensitive,715.4571658794288,2,True,False,moderate_audience_selectivity,0,0,0,0,0,0,0,0,eligible,eligible,0
381327,Robo Rally,2023.0,468,7.861116000649983,0.3893993225401635,0.356160283973872,0.0551667715797317,eligible,0.0016767702824713,0,,,0.1339876010853336,adequate_overlap,stable_under_exposure_adjustment,1096.848933246399,4,True,False,moderate_audience_selectivity,0,0,0,0,0,0,0,0,eligible,eligible,0
381591,Pax Penning,2024.0,176,8.489850602616817,0.6524539092158204,0.9821847876741464,0.089958905305302,eligible,0.0006305802771686,0,,,0.2010734910443316,adequate_overlap,stable_under_exposure_adjustment,736.9883419724572,2,True,False,moderate_audience_selectivity,0,0,0,0,0,0,0,0,eligible,eligible,9
383701,Tricky Time Crisis,2023.0,258,7.96742987620189,0.6360030259274252,0.6948786837613055,0.0743003129276586,eligible,0.0009172076758817,0,,,0.3602965354417946,adequate_overlap,moderately_sensitive,1423.022117490323,2,True,False,moderate_audience_selectivity,0,0,0,0,0,0,0,0,eligible,eligible,3
416059,Gardlings,2024.0,185,7.687706572827102,0.5461873137862181,0.4464064346034888,0.0877434348755685,eligible,0.0006592430170399,0,,,0.379136292274761,borderline_overlap,moderately_sensitive,1373.1101793700377,2,True,False,moderate_audience_selectivity,0,0,0,0,0,0,0,0,eligible,eligible,0
418581,Bus & Stop,2024.0,354,7.50122783790763,0.3958376118739544,0.4251718396965902,0.0634306066246325,eligible,0.0012683262393052,0,,,0.2344260847782812,borderline_overlap,moderately_sensitive,2048.067859429904,1,True,False,moderate_audience_selectivity,0,0,0,0,0,0,0,0,eligible,eligible,0
419704,Phoenix New Horizon,2024.0,448,8.330409693797113,0.3588199087384058,0.3480188424796271,0.0563847278844861,eligible,0.0015979477478252,0,,,0.2049290105248511,adequate_overlap,stable_under_exposure_adjustment,735.7444880063739,4,True,False,moderate_audience_selectivity,0,0,0,0,0,0,0,0,eligible,eligible,0
420087,Flip 7,2024.0,1844,7.652040209711216,0.4193202038844417,0.4178836178729499,0.0277920151270898,borderline,0.0065780988004643,1,0.7781995661605207,0.6008676789587852,0.1934196752289105,borderline_overlap,strongly_sensitive,3125.389663024541,7,True,False,moderate_audience_selectivity,0,0,0,0,0,0,0,0,eligible,eligible,0
420862,LUZ,2024.0,135,7.89681982264237,0.6145962927309219,0.6290444123141823,0.1027149387705526,eligible,0.0004836837353282,0,,,0.2209781341166028,insufficient_overlap,insufficient_overlap,1408.2170945159935,2,True,False,insufficient_evidence,0,0,0,0,0,0,0,0,borderline,borderline,0
420876,Spotlight,2024.0,169,7.509179031553962,0.5653961016683118,0.5559899914777491,0.0918030570611688,eligible,0.0006019175372973,0,0.8875739644970414,0.7218934911242604,0.2967902742611148,insufficient_overlap,insufficient_overlap,1873.3324391988435,4,True,False,high_audience_selectivity,0,0,0,0,1,0,0,0,eligible,eligible,0
421547,Disney Lorcana: Illumineer's Quest – Deep Trouble,2024.0,158,7.682621530679886,0.3631435050106892,0.3288277632695982,0.0949449679809969,eligible,0.0005660891124582,0,0.8860759493670886,0.740506329113924,0.1220816945609681,borderline_overlap,moderately_sensitive,1549.5827396065436,2,False,True,moderate_audience_selectivity,1,1,0,0,1,0,0,0,eligible,eligible,3
423432,Skull Queen,2024.0,101,7.752888263455339,0.5437896893017351,0.6108694136414892,0.1187516927360825,eligible,0.0003618670908752,0,,,0.4163637700722343,insufficient_overlap,insufficient_overlap,921.8539198008,2,True,False,insufficient_evidence,0,0,0,0,0,0,0,0,eligible,eligible,0
424975,Wilmot's Warehouse,2024.0,477,8.153891057671837,0.988382747422742,0.936879571507868,0.0546438519905886,eligible,0.0017054330223426,0,0.8553459119496856,0.6834381551362684,0.1453630850980766,borderline_overlap,moderately_sensitive,2669.8062364636257,7,True,False,moderate_audience_selectivity,0,0,0,0,1,0,0,0,eligible,eligible,0
425560,Strange World Above the Clouds,2024.0,101,7.6612651075403,0.3409863355677736,0.3849260081456425,0.1187516927360825,eligible,0.0003582842483913,0,,,0.2132810997098268,insufficient_overlap,insufficient_overlap,1057.679236336016,2,True,False,insufficient_evidence,0,0,0,0,0,0,0,0,eligible,eligible,0
